date,strategy_nav,strategy_return,strategy_cash_weight,calendar_nav,calendar_return,calendar_cash_weight,static_nav,static_return,static_cash_weight,deposit
2013-01-04,20000.0,,1.0,20000.0,,1.0,20000.0,,1.0,20000.0
2013-01-07,20000.0,0.0,1.0,20000.0,0.0,1.0,20000.0,0.0,1.0,0.0
2013-01-08,20000.0,0.0,1.0,20000.0,0.0,1.0,20000.0,0.0,1.0,0.0
2013-01-09,20000.0,0.0,1.0,20000.0,0.0,1.0,20000.0,0.0,1.0,0.0
2013-01-10,20000.0,0.0,1.0,20000.0,0.0,1.0,20000.0,0.0,1.0,0.0
2013-01-11,20000.0,0.0,1.0,20000.0,0.0,1.0,20000.0,0.0,1.0,0.0
2013-01-14,20000.0,0.0,1.0,20000.0,0.0,1.0,20000.0,0.0,1.0,0.0
2013-01-15,20000.0,0.0,1.0,20000.0,0.0,1.0,20000.0,0.0,1.0,0.0
2013-01-16,20000.0,0.0,1.0,20000.0,0.0,1.0,20000.0,0.0,1.0,0.0
2013-01-17,20000.0,0.0,1.0,20000.0,0.0,1.0,20000.0,0.0,1.0,0.0
2013-01-18,20000.0,0.0,1.0,20000.0,0.0,1.0,20000.0,0.0,1.0,0.0
2013-01-21,20000.0,0.0,1.0,20000.0,0.0,1.0,20000.0,0.0,1.0,0.0
2013-01-22,20000.0,0.0,1.0,20000.0,0.0,1.0,20000.0,0.0,1.0,0.0
2013-01-23,20000.0,0.0,1.0,20000.0,0.0,1.0,20000.0,0.0,1.0,0.0
2013-01-24,20000.0,0.0,1.0,20000.0,0.0,1.0,20000.0,0.0,1.0,0.0
2013-01-25,20000.0,0.0,1.0,20000.0,0.0,1.0,20000.0,0.0,1.0,0.0
2013-01-28,20000.0,0.0,1.0,20000.0,0.0,1.0,20000.0,0.0,1.0,0.0
2013-01-29,20000.0,0.0,1.0,20000.0,0.0,1.0,20000.0,0.0,1.0,0.0
2013-01-30,20000.0,0.0,1.0,20000.0,0.0,1.0,20000.0,0.0,1.0,0.0
2013-01-31,20000.0,0.0,1.0,20000.0,0.0,1.0,20000.0,0.0,1.0,0.0
2013-02-01,40000.0,0.0,1.0,40000.0,0.0,1.0,40000.0,0.0,1.0,20000.0
2013-02-04,40000.0,0.0,1.0,40000.0,0.0,1.0,40000.0,0.0,1.0,0.0
2013-02-05,40000.0,0.0,1.0,40000.0,0.0,1.0,40000.0,0.0,1.0,0.0
2013-02-06,40000.0,0.0,1.0,40000.0,0.0,1.0,40000.0,0.0,1.0,0.0
2013-02-07,40000.0,0.0,1.0,40000.0,0.0,1.0,40000.0,0.0,1.0,0.0
2013-02-08,40000.0,0.0,1.0,40000.0,0.0,1.0,40000.0,0.0,1.0,0.0
2013-02-18,40000.0,0.0,1.0,40000.0,0.0,1.0,40000.0,0.0,1.0,0.0
2013-02-19,40000.0,0.0,1.0,40000.0,0.0,1.0,40000.0,0.0,1.0,0.0
2013-02-20,40000.0,0.0,1.0,40000.0,0.0,1.0,40000.0,0.0,1.0,0.0
2013-02-21,40000.0,0.0,1.0,40000.0,0.0,1.0,40000.0,0.0,1.0,0.0
2013-02-22,40000.0,0.0,1.0,40000.0,0.0,1.0,40000.0,0.0,1.0,0.0
2013-02-25,40000.0,0.0,1.0,40000.0,0.0,1.0,40000.0,0.0,1.0,0.0
2013-02-26,40000.0,0.0,1.0,40000.0,0.0,1.0,40000.0,0.0,1.0,0.0
2013-02-27,40000.0,0.0,1.0,40000.0,0.0,1.0,40000.0,0.0,1.0,0.0
2013-02-28,40000.0,0.0,1.0,40000.0,0.0,1.0,40000.0,0.0,1.0,0.0
2013-03-01,60000.0,0.0,1.0,60000.0,0.0,1.0,60000.0,0.0,1.0,20000.0
2013-03-04,60000.0,0.0,1.0,60000.0,0.0,1.0,60000.0,0.0,1.0,0.0
2013-03-05,60000.0,0.0,1.0,60000.0,0.0,1.0,60000.0,0.0,1.0,0.0
2013-03-06,60000.0,0.0,1.0,60000.0,0.0,1.0,60000.0,0.0,1.0,0.0
2013-03-07,60000.0,0.0,1.0,60000.0,0.0,1.0,60000.0,0.0,1.0,0.0
2013-03-08,60000.0,0.0,1.0,60000.0,0.0,1.0,60000.0,0.0,1.0,0.0
2013-03-11,60000.0,0.0,1.0,60000.0,0.0,1.0,60000.0,0.0,1.0,0.0
2013-03-12,60000.0,0.0,1.0,60000.0,0.0,1.0,60000.0,0.0,1.0,0.0
2013-03-13,60000.0,0.0,1.0,60000.0,0.0,1.0,60000.0,0.0,1.0,0.0
2013-03-14,60000.0,0.0,1.0,60000.0,0.0,1.0,60000.0,0.0,1.0,0.0
2013-03-15,60000.0,0.0,1.0,60000.0,0.0,1.0,60000.0,0.0,1.0,0.0
2013-03-18,60000.0,0.0,1.0,60000.0,0.0,1.0,60000.0,0.0,1.0,0.0
2013-03-19,60000.0,0.0,1.0,60000.0,0.0,1.0,60000.0,0.0,1.0,0.0
2013-03-20,60000.0,0.0,1.0,60000.0,0.0,1.0,60000.0,0.0,1.0,0.0
2013-03-21,60000.0,0.0,1.0,60000.0,0.0,1.0,60000.0,0.0,1.0,0.0
2013-03-22,60000.0,0.0,1.0,60000.0,0.0,1.0,60000.0,0.0,1.0,0.0
2013-03-25,60000.0,0.0,1.0,60000.0,0.0,1.0,60000.0,0.0,1.0,0.0
2013-03-26,60000.0,0.0,1.0,60000.0,0.0,1.0,60000.0,0.0,1.0,0.0
2013-03-27,60000.0,0.0,1.0,60000.0,0.0,1.0,60000.0,0.0,1.0,0.0
2013-03-28,60000.0,0.0,1.0,60000.0,0.0,1.0,60000.0,0.0,1.0,0.0
2013-03-29,60000.0,0.0,1.0,60000.0,0.0,1.0,60000.0,0.0,1.0,0.0
2013-04-01,80000.0,0.0,1.0,80000.0,0.0,1.0,80000.0,0.0,1.0,20000.0
2013-04-02,80000.0,0.0,1.0,80000.0,0.0,1.0,80000.0,0.0,1.0,0.0
2013-04-03,80000.0,0.0,1.0,80000.0,0.0,1.0,80000.0,0.0,1.0,0.0
2013-04-08,80000.0,0.0,1.0,80000.0,0.0,1.0,80000.0,0.0,1.0,0.0
2013-04-09,80000.0,0.0,1.0,80000.0,0.0,1.0,80000.0,0.0,1.0,0.0
2013-04-10,80000.0,0.0,1.0,80000.0,0.0,1.0,80000.0,0.0,1.0,0.0
2013-04-11,80000.0,0.0,1.0,80000.0,0.0,1.0,80000.0,0.0,1.0,0.0
2013-04-12,80000.0,0.0,1.0,80000.0,0.0,1.0,80000.0,0.0,1.0,0.0
2013-04-15,80000.0,0.0,1.0,80000.0,0.0,1.0,80000.0,0.0,1.0,0.0
2013-04-16,80000.0,0.0,1.0,80000.0,0.0,1.0,80000.0,0.0,1.0,0.0
2013-04-17,80000.0,0.0,1.0,80000.0,0.0,1.0,80000.0,0.0,1.0,0.0
2013-04-18,80000.0,0.0,1.0,80000.0,0.0,1.0,80000.0,0.0,1.0,0.0
2013-04-19,79995.0685,-6.164375000006217e-05,0.12378223665125061,80000.0,0.0,1.0,80000.0,0.0,1.0,0.0
2013-04-22,79960.7685,-0.00042877643138694577,0.12383533432398167,80000.0,0.0,1.0,80000.0,0.0,1.0,0.0
2013-04-23,79922.2685,-0.00048148611778287,0.12389498804078618,80000.0,0.0,1.0,80000.0,0.0,1.0,0.0
2013-04-24,79963.5685,0.000516752098947082,0.12383099811259678,80000.0,0.0,1.0,80000.0,0.0,1.0,0.0
2013-04-25,79971.2685,9.629385161824544e-05,0.12381907509695188,80000.0,0.0,1.0,80000.0,0.0,1.0,0.0
2013-04-26,80014.6685,0.0005426949054834207,0.12375191556283212,80000.0,0.0,1.0,80000.0,0.0,1.0,0.0
2013-05-02,100054.5517,0.0004984486063326354,0.0985297673369117,99999.92439999999,-9.45000000140972e-07,0.09803731811621243,99999.92439999999,-9.45000000140972e-07,0.09803731811621243,20000.0
2013-05-03,100086.9517,0.00032382334885827646,0.09849787142633101,100032.3244,0.00032400024494427804,0.09800556428937676,100032.3244,0.00032400024494427804,0.09800556428937676,0.0
2013-05-06,100094.1517,7.193744916489386e-05,0.0984907862504019,100039.5244,7.197673395253901e-05,0.09799851067664604,100039.5244,7.197673395253901e-05,0.09799851067664604,0.0
2013-05-07,100095.05170000001,8.991534317770444e-06,0.09848990067508004,100040.4244,8.996444209596888e-06,0.09799762904644367,100040.4244,8.996444209596888e-06,0.09799762904644367,0.0
2013-05-08,100097.75170000001,2.6974360411768927e-05,0.09848724404466322,100043.1244,2.6989089822349044e-05,0.09799498425101158,100043.1244,2.6989089822349044e-05,0.09799498425101158,0.0
2013-05-09,100100.4517,2.6973632815341375e-05,0.09848458755756047,100045.8244,2.6988361431001806e-05,0.09799233959833302,100045.8244,2.6988361431001806e-05,0.09799233959833302,0.0
2013-05-10,100115.7517,0.00015284646312929695,0.09846953683712893,100061.12439999999,0.00015292992078119738,0.09797735592905243,100061.12439999999,0.00015292992078119738,0.09797735592905243,0.0
2013-05-13,100127.4517,0.00011686472709171447,0.09845803056625681,100072.8244,0.00011692852813882659,0.09796590092045,100072.8244,0.00011692852813882659,0.09796590092045,0.0
2013-05-14,100132.8517,5.3931263687578834e-05,0.09845272088660592,100078.22439999999,5.396070344132475e-05,0.09796061489676063,100078.22439999999,5.396070344132475e-05,0.09796061489676063,0.0
2013-05-15,100138.25170000001,5.3928355263410666e-05,0.09844741177960871,100083.6244,5.39577918412526e-05,0.09795532944348478,100083.6244,5.39577918412526e-05,0.09795532944348478,0.0
2013-05-16,100143.65169999999,5.392544715232539e-05,0.0984421032451726,100089.02439999998,5.395488055470743e-05,0.09795004456053019,100089.02439999998,5.395488055470743e-05,0.09795004456053019,0.0
2013-05-17,100149.95169999999,6.290962924815346e-05,0.09843591067852711,100095.32439999998,6.294396451322903e-05,0.09794387958444933,100095.32439999998,6.294396451322903e-05,0.09794387958444933,0.0
2013-05-20,100149.95169999999,0.0,0.09843591067852711,100095.32439999998,0.0,0.09794387958444933,100095.32439999998,0.0,0.09794387958444933,0.0
2013-05-21,100127.4517,-0.0002246631138413946,0.09845803056625681,100072.8244,-0.00022478572435680189,0.09796590092045,100072.8244,-0.00022478572435680189,0.09796590092045,0.0
2013-05-22,100147.2517,0.00019774796685445573,0.09843856454025891,100092.62439999999,0.00019785591261856084,0.09794652162202666,100092.62439999999,0.00019785591261856084,0.09794652162202666,0.0
2013-05-23,100191.3517,0.0004403515748201414,0.09839523604311252,100136.72439999999,0.00044059190439216245,0.097903386182662,100136.72439999999,0.00044059190439216245,0.097903386182662,0.0
2013-05-24,100197.6517,6.287967866591693e-05,0.0983890493713038,100143.0244,6.291398123670078e-05,0.09789722707835447,100143.0244,6.291398123670078e-05,0.09789722707835447,0.0
2013-05-27,100219.2517,0.0002155739144931168,0.09836784383014908,100164.62439999999,0.00021569150851408203,0.0978761160312402,100164.62439999999,0.00021569150851408203,0.0978761160312402,0.0
2013-05-28,100222.8517,3.5921242066194736e-05,0.09836431046194231,100168.22439999999,3.594083262004055e-05,0.09787259840856272,100168.22439999999,3.594083262004055e-05,0.09787259840856272,0.0
2013-05-29,100230.0517,7.183990355352776e-05,0.09835724448698457,100175.42439999999,7.187908184591585e-05,0.0978655639216837,100175.42439999999,7.187908184591585e-05,0.0978655639216837,0.0
2013-05-30,100230.0517,0.0,0.09835724448698457,100175.42439999999,0.0,0.0978655639216837,100175.42439999999,0.0,0.0978655639216837,0.0
2013-05-31,100246.2517,0.00016162817164344645,0.09834134975442681,100191.62439999999,0.00016171631013328636,0.09784974002277973,100191.62439999999,0.00016171631013328636,0.09784974002277973,0.0
2013-06-03,120263.3117,0.00017018092657528072,0.08122436977594061,120208.6844,0.0001702737140172328,0.08080684393547855,120208.6844,0.0001702737140172328,0.08080684393547855,20000.0
2013-06-04,120268.8117,4.5732983087409806e-05,0.08122065531308484,120214.1844,4.575376585691515e-05,0.08080314688721538,120214.1844,4.575376585691515e-05,0.08080314688721538,0.0
2013-06-05,120277.6117,7.316942668333937e-05,0.08121471287910521,120222.98439999999,7.320267607280329e-05,0.08079723231359075,120222.98439999999,7.320267607280329e-05,0.08079723231359075,0.0
2013-06-06,120288.61170000001,9.145509163799304e-05,0.081207286059317,120233.9844,9.149664729179996e-05,0.08078984031406676,120233.9844,9.149664729179996e-05,0.08078984031406676,0.0
2013-06-07,120307.3117,0.0001554594382271457,0.08119466358252941,120252.6844,0.0001555300699158657,0.08077727701852445,120252.6844,0.0001555300699158657,0.08077727701852445,0.0
2013-06-13,120302.91170000001,-3.6573005728568475e-05,0.08119763322403446,120248.2844,-3.658961978225683e-05,0.08078023273652621,120248.2844,-3.658961978225683e-05,0.08078023273652621,0.0
2013-06-14,120330.4117,0.00022858964601413234,0.08117907652766725,120275.78439999999,0.0002286934914472738,0.08076176304695956,120275.78439999999,0.0002286934914472738,0.08076176304695956,0.0
2013-06-17,120395.31169999999,0.0005393482751625545,0.08113531633474733,120340.68439999998,0.0005395932383542856,0.08071820804768497,120340.68439999998,0.0005395932383542856,0.08071820804768497,0.0
2013-06-18,120400.8117,4.568284198414041e-05,0.08113161001222723,120346.1844,4.5703579196310073e-05,0.08071451910526874,120346.1844,4.5703579196310073e-05,0.08071451910526874,0.0
2013-06-19,120401.9117,9.13615103126375e-06,0.08113086878835667,120347.28439999999,9.140298094845178e-06,0.08071378135724677,120347.28439999999,9.140298094845178e-06,0.08071378135724677,0.0
2013-06-20,120387.61170000001,-0.0001187688783182983,0.0811405057552114,120332.9844,-0.00011882278915786859,0.08072337313359274,120332.9844,-0.00011882278915786859,0.08072337313359274,0.0
2013-06-21,120417.3117,0.0002467031248531981,0.0811204930760799,120362.6844,0.0002468151201275859,0.08070345430082478,120362.6844,0.0002468151201275859,0.08070345430082478,0.0
2013-06-24,120343.61170000001,-0.0006120382439993577,0.08117017232581532,120288.9844,-0.0006123160210940171,0.08075290059560927,120288.9844,-0.0006123160210940171,0.08075290059560927,0.0
2013-06-25,120364.5117,0.00017366937641938307,0.08115607800035636,120309.8844,0.00017374824556259938,0.08073887235818834,120309.8844,0.00017374824556259938,0.08073887235818834,0.0
2013-06-26,120394.21170000001,0.0002467504713850044,0.08113605763988739,120339.5844,0.00024686250966099443,0.08071894587663205,120339.5844,0.00024686250966099443,0.08071894587663205,0.0
2013-06-27,120417.3117,0.0001918696893630223,0.0811204930760799,120362.6844,0.00019195678724637233,0.08070345430082478,120362.6844,0.00019195678724637233,0.08070345430082478,0.0
2013-06-28,120520.7117,0.0008586805214318982,0.08105089625022523,120466.08439999999,0.0008590702385498084,0.08063418387324951,120466.08439999999,0.0008590702385498084,0.08063418387324951,0.0
2013-07-01,140577.04270000002,0.00046739684163354944,0.06843395276517654,140522.4154,0.00046760879031282343,0.06807181169474828,140522.4154,0.00046760879031282343,0.06807181169474828,20000.0
2013-07-02,140599.1427,0.00015720916854933265,0.06842319601142209,140544.51539999997,0.00015727028273082588,0.06806110770509652,140544.51539999997,0.00015727028273082588,0.06806110770509652,0.0
2013-07-03,140627.74270000003,0.0002034151805681006,0.06840928052527152,140573.1154,0.0002034942446429433,0.06804726047922528,140573.1154,0.0002034942446429433,0.06804726047922528,0.0
2013-07-04,140647.24270000003,0.00013866396221406951,0.06839979593855204,140592.6154,0.00013871784760910444,0.06803782241894331,140592.6154,0.00013871784760910444,0.06803782241894331,0.0
2013-07-05,140686.2427,0.0002772894743707788,0.06838083465285413,140631.61539999998,0.00027739721527342276,0.06801895415047615,140631.61539999998,0.00027739721527342276,0.06801895415047615,0.0
2013-07-08,140748.6427,0.0004435401699727226,0.06835051845228207,140694.01539999997,0.00044371245983709784,0.06798878667869761,140694.01539999997,0.00044371245983709784,0.06798878667869761,0.0
2013-07-09,140769.4427,0.0001477811764363235,0.06834041902476044,140714.81540000002,0.00014783855547029212,0.06797873680044635,140714.81540000002,0.00014783855547029212,0.06797873680044635,0.0
2013-07-10,140795.44269999999,0.00018469917548347148,0.06832779893663424,140740.81539999996,0.00018477087807733383,0.06796617862994132,140740.81539999996,0.00018477087807733383,0.06796617862994132,0.0
2013-07-11,140782.4427,-9.23325339987624e-05,0.06833410839802118,140727.81540000002,-9.236837205317538e-05,0.06797245713515136,140727.81540000002,-9.236837205317538e-05,0.06797245713515136,0.0
2013-07-12,140869.5427,0.000618685102556249,0.06829185724331883,140814.9154,0.0006189252618780117,0.06793041328631864,140814.9154,0.0006189252618780117,0.06793041328631864,0.0
2013-07-15,140909.8427,0.00028608029264232115,0.06827232587635275,140855.2154,0.0002861912737404104,0.06791097775709337,140855.2154,0.0002861912737404104,0.06791097775709337,0.0
2013-07-16,140935.8427,0.00018451514459050244,0.06825973092223193,140881.2154,0.00018458670434151614,0.06789844460697346,140881.2154,0.00018458670434151614,0.06789844460697346,0.0
2013-07-17,140960.54270000002,0.0001752570497810524,0.0682477700194042,140905.9154,0.00017532500645933702,0.06788654239848893,140905.9154,0.00017532500645933702,0.06788654239848893,0.0
2013-07-18,140985.2427,0.00017522634012956395,0.06823581330757256,140930.6154,0.00017529427298978995,0.06787464436205105,140930.6154,0.00017529427298978995,0.06787464436205105,0.0
2013-07-19,141059.3427,0.0005255869237157373,0.06819996829603833,141004.7154,0.0005257906508793209,0.06783897526309249,141004.7154,0.0005257906508793209,0.06783897526309249,0.0
2013-07-22,141082.7427,0.00016588762964642179,0.0681886566414193,141028.1154,0.00016595189695345347,0.06782771912443776,141028.1154,0.00016595189695345347,0.06782771912443776,0.0
2013-07-23,141098.3427,0.00011057341033682277,0.06818111762272319,141043.7154,0.00011061624099362177,0.067820217106958,141043.7154,0.00011061624099362177,0.067820217106958,0.0
2013-07-24,141106.1427,5.5280592604622925e-05,0.0681773487384827,141051.51539999997,5.530200319725509e-05,0.06781646672049861,141051.51539999997,5.530200319725509e-05,0.06781646672049861,0.0
2013-07-25,141103.54270000002,-1.842584560973748e-05,0.06817860498693208,141048.9154,-1.8432981684801675e-05,0.06781771680323034,141048.9154,-1.8432981684801675e-05,0.06781771680323034,0.0
2013-07-26,141156.8427,0.00037773679512298486,0.06815286114358525,141102.2154,0.0003778830900531549,0.06779209931525991,141102.2154,0.0003778830900531549,0.06779209931525991,0.0
2013-07-29,141167.2427,7.367691003179466e-05,0.0681478402212924,141112.6154,7.370543382712036e-05,0.06778710303742265,141112.6154,7.370543382712036e-05,0.06778710303742265,0.0
2013-07-30,141178.9427,8.288041741288943e-05,0.06814219256792893,141124.31540000002,8.291250195346933e-05,0.06778148310507229,141124.31540000002,8.291250195346933e-05,0.06778148310507229,0.0
2013-07-31,141214.0427,0.00024862064645558846,0.06812525522293547,141159.4154,0.00024871688412075876,0.06776462889771925,141159.4154,0.00024871688412075876,0.06776462889771925,0.0
2013-08-01,161225.1202,7.844474804508117e-05,0.05808722727812243,161170.4929,7.847510538794289e-05,0.057767974351091635,161170.4929,7.847510538794289e-05,0.057767974351091635,20000.0
2013-08-02,161301.6202,0.00047449181557501774,0.05805967843588969,161246.9929,0.0004746526403407447,0.05774056763820739,161246.9929,0.0004746526403407447,0.05774056763820739,0.0
2013-08-05,161303.1202,9.299348624924875e-06,0.058059138523719696,161248.4929,9.302499060837022e-06,0.057740030511627786,161248.4929,9.302499060837022e-06,0.057740030511627786,0.0
2013-08-06,161315.1202,7.439409718257295e-05,0.05805481958782936,161260.4929,7.441930020046783e-05,0.05773573385871746,161260.4929,7.441930020046783e-05,0.05773573385871746,0.0
2013-08-07,161331.6202,0.00010228427427971809,0.05804888210005101,161276.9929,0.00010231892327294823,0.05772982700497758,161276.9929,0.00010231892327294823,0.05772982700497758,0.0
2013-08-08,161334.6202,1.859523877767444e-05,0.058047802687299525,161279.9929,1.8601537305817928e-05,0.05772875316142202,161279.9929,1.8601537305817928e-05,0.05772875316142202,0.0
2013-08-09,161385.6202,0.0003161131810194284,0.058029458810482104,161330.9929,0.0003162202520161639,0.05771050393132488,161330.9929,0.0003162202520161639,0.05771050393132488,0.0
2013-08-12,161397.6202,7.43560670717347e-05,0.05802514428896151,161342.9929,7.43812443244618e-05,0.057706211671495505,161342.9929,7.43812443244618e-05,0.057706211671495505,0.0
2013-08-13,161420.1202,0.00013940725998384806,0.05801705629011177,161365.4929,0.00013945446031193853,0.057698165404977964,161365.4929,0.00013945446031193853,0.057698165404977964,0.0
2013-08-14,161435.1202,9.292521887238614e-05,0.05801166554339399,161380.4929,9.295667698472343e-05,0.057692802473774056,161380.4929,9.295667698472343e-05,0.057692802473774056,0.0
2013-08-15,161478.6202,0.0002694580952775638,0.057996038041449705,161423.9929,0.00026954930684808254,0.05767725560950362,161423.9929,0.00026954930684808254,0.05767725560950362,0.0
2013-08-16,161507.1202,0.00017649395297469894,0.05798580389770338,161452.4929,0.00017655368008173689,0.05766707427532076,161452.4929,0.00017655368008173689,0.05766707427532076,0.0
2013-08-19,161526.6202,0.00012073771098042307,0.05797880366966292,161471.9929,0.000120778562472168,0.057660110170102426,161471.9929,0.000120778562472168,0.057660110170102426,0.0
2013-08-20,161544.6202,0.00011143674013425198,0.05797234342069417,161489.9929,0.00011147444009784735,0.05765368325804166,161489.9929,0.00011147444009784735,0.05765368325804166,0.0
2013-08-21,161568.6202,0.00014856576449462366,0.05796373199453744,161513.9929,0.00014861601990934226,0.05764511627029435,161513.9929,0.00014861601990934226,0.05764511627029435,0.0
2013-08-22,161601.6202,0.00020424758198189785,0.057951895460018464,161546.9929,0.00020431666264619786,0.057633340818441174,161546.9929,0.00020431666264619786,0.057633340818441174,0.0
2013-08-23,161642.1202,0.00025061629920464235,0.05793737540940773,161587.4929,0.00025070104539226534,0.05761889570105458,161587.4929,0.00025070104539226534,0.05761889570105458,0.0
2013-08-26,161645.1202,1.855951899343289e-05,0.05793630013954488,161590.4929,1.8565793343139347e-05,0.05761782598040455,161590.4929,1.8565793343139347e-05,0.05761782598040455,0.0
2013-08-27,161669.1202,0.0001484733963530438,0.057927699417269475,161614.4929,0.00014852358928596487,0.05760926964490074,161614.4929,0.00014852358928596487,0.05760926964490074,0.0
2013-08-28,161708.1202,0.0002412334523238524,0.057913728688560984,161653.4929,0.0002413149916209445,0.057595371018426024,161653.4929,0.0002413149916209445,0.057595371018426024,0.0
2013-08-29,161747.1202,0.00024117527278022521,0.05789976469701628,161692.4929,0.00024125677274500212,0.057581479096609295,161692.4929,0.00024125677274500212,0.057581479096609295,0.0
2013-08-30,161774.1202,0.00016692723781797092,0.05789010126231556,161719.4929,0.0001669836336601893,0.05757186553730528,161719.4929,0.0001669836336601893,0.05757186553730528,0.0
2013-09-02,181804.4586,0.0001875355586078431,0.04967842191302567,181749.83130000002,0.00018759890632824572,0.049392790275453735,181749.83130000002,0.00018759890632824572,0.049392790275453735,20000.0
2013-09-03,181819.7586,8.415635192782212e-05,0.0496742415100754,181765.1313,8.418164622514546e-05,0.04938863265905168,181765.1313,8.418164622514546e-05,0.04938863265905168,0.0
2013-09-04,181846.9586,0.0001495987026352008,0.049666811419523005,181792.33130000002,0.00014964366270620033,0.049381243068969856,181792.33130000002,0.00014964366270620033,0.049381243068969856,0.0
2013-09-05,181853.7586,3.7394081552566405e-05,0.04966495424417369,181799.1313,3.74053182077283e-05,0.049379396016948934,181799.1313,3.74053182077283e-05,0.049379396016948934,0.0
2013-09-06,181901.3586,0.00026174878301366,0.04965195790461791,181846.7313,0.00026182743371561124,0.04936647052066091,181846.7313,0.00026182743371561124,0.04936647052066091,0.0
2013-09-09,181950.6586,0.0002710260131064679,0.04963850457862541,181896.0313,0.00027110743012848104,0.04935309053111813,181896.0313,0.00027110743012848104,0.04935309053111813,0.0
2013-09-10,181952.3586,9.34319234180414e-06,0.04963804080086274,181897.7313,9.345998303933456e-06,0.04935262928152857,181897.7313,9.345998303933456e-06,0.04935262928152857,0.0
2013-09-11,181972.7586,0.00011211726056736815,0.04963247614360235,181918.1313,0.00011215093148320143,0.04934709495886294,181918.1313,0.00011215093148320143,0.04934709495886294,0.0
2013-09-12,181971.0586,-9.342057641470447e-06,0.049632939817387034,181916.4313,-9.344862921922825e-06,0.04934755610501028,181916.4313,-9.344862921922825e-06,0.04934755610501028,0.0
2013-09-13,182028.8586,0.0003176329271517009,0.049617179767340515,181974.2313,0.0003177283084709881,0.04933188196959839,181974.2313,0.0003177283084709881,0.04933188196959839,0.0
2013-09-16,182064.55860000002,0.00019612274819813535,0.04960745061779425,182009.93130000003,0.0001961816227769031,0.04932220585921399,182009.93130000003,0.0001961816227769031,0.04932220585921399,0.0
2013-09-17,182091.7586,0.00014939755551068856,0.04960004049299136,182037.1313,0.00014944239474035115,0.0493148361320062,182037.1313,0.00014944239474035115,0.0493148361320062,0.0
2013-09-18,182175.05860000002,0.0004574616700967482,0.049577360750743336,182120.43130000003,0.00045759894920971433,0.04929228003645737,182120.43130000003,0.00045759894920971433,0.04929228003645737,0.0
2013-09-23,182192.0586,9.331683563384985e-05,0.04957273477999995,182137.4313,9.334482616041306e-05,0.049287679286602507,182137.4313,9.334482616041306e-05,0.049287679286602507,0.0
2013-09-24,182180.1586,-6.531568989032177e-05,0.04957597286886986,182125.5313,-6.533527960206342e-05,0.049290899721317644,182125.5313,-6.533527960206342e-05,0.049290899721317644,0.0
2013-09-25,182190.3586,5.598853397859038e-05,0.04957319733822626,182135.7313,5.600532735416941e-05,0.04928813932294018,182135.7313,5.600532735416941e-05,0.04928813932294018,0.0
2013-09-26,182236.2586,0.0002519342974716121,0.0495607112952439,182181.6313,0.0002520098591989317,0.0492757213553395,182181.6313,0.0002520098591989317,0.0492757213553395,0.0
2013-09-27,182295.7586,0.00032649924036576294,0.04954453504218835,182241.1313,0.0003265971414101454,0.04925963329991684,182241.1313,0.0003265971414101454,0.04925963329991684,0.0
2013-09-30,182481.0586,0.0010164800400351837,0.04949422515022613,182426.4313,0.0010167847328326207,0.049209597732233865,182426.4313,0.0010167847328326207,0.049209597732233865,0.0
2013-10-08,202519.4553,0.00021041471533855827,0.04253890218714218,202464.828,0.00021047772368509854,0.04228056835629743,202464.828,0.00021047772368509854,0.04228056835629743,20000.0
2013-10-09,202576.4553,0.0002814544405898012,0.04252693279306291,202521.828,0.000281530380180417,0.04226866844200123,202521.828,0.000281530380180417,0.04226866844200123,0.0
2013-10-10,202604.9553,0.00014068762313868,0.04252095062158636,202550.328,0.00014072557156663557,0.04226272099643305,202550.328,0.00014072557156663557,0.04226272099643305,0.0
2013-10-11,202671.4553,0.0003282249434695128,0.04250699876431988,202616.828,0.0003283134648885966,0.042248850130059294,202616.828,0.0003283134648885966,0.042248850130059294,0.0
2013-10-14,202709.4553,0.00018749556983133076,0.042499030384400685,202654.828,0.00018754612030535966,0.04224092800789331,202654.828,0.00018754612030535966,0.04224092800789331,0.0
2013-10-15,202745.5553,0.0001780874007411004,0.042491463190167465,202690.928,0.0001781354056860085,0.042233404743205874,202690.928,0.0001781354056860085,0.042233404743205874,0.0
2013-10-16,202794.9553,0.00024365515646884717,0.04248111244806696,202740.328,0.0002437208240517741,0.04222311409104557,202740.328,0.0002437208240517741,0.04222311409104557,0.0
2013-10-17,202779.7553,-7.495255479861296e-05,0.042484296754647544,202725.128,-7.497275036472129e-05,0.0422262799113882,202725.128,-7.497275036472129e-05,0.0422262799113882,0.0
2013-10-18,202851.9553,0.00035605132224958425,0.042469175548538636,202797.328,0.00035614726557242626,0.042211246491373894,202797.328,0.00035614726557242626,0.042211246491373894,0.0
2013-10-21,202882.3553,0.00014986298729557923,0.042462811944691634,202827.728,0.00014990335572862001,0.04220491983226278,202827.728,0.00014990335572862001,0.04220491983226278,0.0
2013-10-22,202927.9553,0.00022476079761868384,0.04245327011383932,202873.328,0.0002248213321207615,0.04219543339871667,202873.328,0.0002248213321207615,0.04219543339871667,0.0
2013-10-23,202956.4553,0.0001404439322214568,0.04244730864690074,202901.828,0.00014048174928160684,0.04218950654303618,202901.828,0.00014048174928160684,0.04218950654303618,0.0
2013-10-24,202964.0553,3.744645613146247e-05,0.042445719205138545,202909.428,3.745653784847924e-05,0.042187926329376874,202909.428,3.745653784847924e-05,0.042187926329376874,0.0
2013-10-25,203011.55529999998,0.00023403158716828187,0.042435787890345834,202956.92799999999,0.00023409459317957904,0.04217805267529474,202956.92799999999,0.00023409459317957904,0.04217805267529474,0.0
2013-10-28,203011.55529999998,0.0,0.042435787890345834,202956.92799999999,0.0,0.04217805267529474,202956.92799999999,0.0,0.04217805267529474,0.0
2013-10-29,203002.0553,-4.679536583984678e-05,0.042437773781495366,202947.428,-4.680796114520103e-05,0.04218002703636136,202947.428,-4.680796114520103e-05,0.04218002703636136,0.0
2013-10-30,203019.15529999998,8.42356003474265e-05,0.042434199311241115,202964.528,8.42582740194775e-05,0.04217647331951523,202964.528,8.42582740194775e-05,0.04217647331951523,0.0
2013-10-31,203051.4553,0.0001590982878059144,0.04242744917672113,202996.828,0.00015914110863746167,0.04216976237677961,202996.828,0.00015914110863746167,0.04216976237677961,0.0
2013-11-01,223134.71920000002,0.00041006305459379,0.036446677725265504,223080.0919,0.0004101734042858407,0.03621072517587574,223080.0919,0.0004101734042858407,0.03621072517587574,20000.0
2013-11-04,223191.41920000003,0.0002541065783185914,0.03643741873746736,223136.7919,0.0002541688033077527,0.03620152387787378,223136.7919,0.0002541688033077527,0.03620152387787378,0.0
2013-11-05,223208.21920000002,7.527171098331564e-05,0.036434676237047874,223153.5919,7.529013864959744e-05,0.03619879846531837,223153.5919,7.529013864959744e-05,0.03619879846531837,0.0
2013-11-06,223237.61920000002,0.00013171557976399129,0.03642987785456553,223182.99190000002,0.00013174782332514567,0.036194029980651056,223182.99190000002,0.00013174782332514567,0.036194029980651056,0.0
2013-11-07,223267.0192,0.0001316982330548111,0.03642508073579375,223212.3919,0.0001317304681225373,0.03618926275212771,223212.3919,0.0001317304681225373,0.03618926275212771,0.0
2013-11-08,223330.0192,0.0002821733376732194,0.036414805448599596,223275.3919,0.0002822423946258201,0.036179051489999885,223275.3919,0.0002822423946258201,0.036179051489999885,0.0
2013-11-11,223378.31920000003,0.00021627186606187898,0.0364069316535533,223323.69190000003,0.0002163247798561141,0.03617122675733448,223323.69190000003,0.0002163247798561141,0.03617122675733448,0.0
2013-11-12,223399.3192,9.401091419780627e-05,0.036403509326361515,223344.69189999998,9.403391024598307e-05,0.03616782575525362,223344.69189999998,9.403391024598307e-05,0.03616782575525362,0.0
2013-11-13,223426.61920000002,0.0001222027000697956,0.03639906126279519,223371.99190000002,0.000122232589311988,0.03616340540857218,223371.99190000002,0.000122232589311988,0.03616340540857218,0.0
2013-11-14,223453.91920000003,0.00012218776839478807,0.03639461428609399,223399.2919,0.000122217650331935,0.03615898614224749,223399.2919,0.000122217650331935,0.03615898614224749,0.0
2013-11-15,223514.81920000003,0.00027253941312843644,0.036384698021848266,223460.19190000003,0.00027260605654588765,0.036149131670015364,223460.19190000003,0.00027260605654588765,0.036149131670015364,0.0
2013-11-18,223556.8192,0.0001879070038859343,0.03637786236672316,223502.19189999998,0.00018795293981810346,0.03614233861122148,223502.19189999998,0.00018795293981810346,0.03614233861122148,0.0
2013-11-19,223586.2192,0.00013151019103418982,0.03637307893616376,223531.5919,0.00013154233410461735,0.036137584988943136,223531.5919,0.00013154233410461735,0.036137584988943136,0.0
2013-11-20,223613.5192,0.00012210054849393082,0.036368638305478686,223558.8919,0.00012213038778075003,0.03613317203063129,223558.8919,0.00012213038778075003,0.03613317203063129,0.0
2013-11-21,223647.11920000002,0.00015025925140932372,0.03636317440211415,223592.49190000002,0.00015029596771776177,0.036127742176659386,223592.49190000002,0.00015029596771776177,0.036127742176659386,0.0
2013-11-22,223708.0192,0.0002723039769876312,0.036353275260684145,223653.3919,0.00027237050529937967,0.03611790472469916,223653.3919,0.00027237050529937967,0.03611790472469916,0.0
2013-11-25,223754.21920000002,0.0002065191948201761,0.03634576916170174,223699.5919,0.0002065696370956438,0.03611044540309688,223699.5919,0.0002065696370956438,0.03611044540309688,0.0
2013-11-26,223779.4192,0.00011262357460828376,0.036341676232217214,223724.7919,0.00011265107721469825,0.03610637798072303,223724.7919,0.00011265107721469825,0.03610637798072303,0.0
2013-11-27,223806.7192,0.0001219951329642921,0.0363372432653935,223752.0919,0.00012202492074364635,0.0361019726403729,223752.0919,0.00012202492074364635,0.0361019726403729,0.0
2013-11-28,223836.1192,0.00013136334827246188,0.036332470510416236,223781.49189999996,0.00013139541959272805,0.03609722962973956,223781.49189999996,0.00013139541959272805,0.03609722962973956,0.0
2013-11-29,223890.71920000002,0.0002439284606754466,0.03632361014810663,223836.0919,0.00024398800605207605,0.036088424487007414,223836.0919,0.00024398800605207605,0.036088424487007414,0.0
2013-12-02,243933.34269999998,0.0001903763592892016,0.031029963416313297,243878.7154,0.0001904228207265657,0.030812920215996853,243878.7154,0.0001904228207265657,0.030812920215996853,20000.0
2013-12-03,243970.1427,0.00015086088516103047,0.031025282914670417,243915.5154,0.00015089467705142745,0.03080827141183165,243915.5154,0.00015089467705142745,0.03080827141183165,0.0
2013-12-04,244002.3427,0.00013198336338882122,0.0310211886338582,243947.71540000002,0.00013201292237274842,0.03080420485872688,243947.71540000002,0.00013201292237274842,0.03080420485872688,0.0
2013-12-05,244034.54270000002,0.00013196594607944867,0.031017095433514677,243979.91540000003,0.0001319954972613946,0.030800139379013824,243979.91540000003,0.0001319954972613946,0.030800139379013824,0.0
2013-12-06,244094.3427,0.00024504727625185296,0.031009496640824905,244039.71540000002,0.0002451021425347033,0.030792592048728484,244039.71540000002,0.0002451021425347033,0.030792592048728484,0.0
2013-12-09,244156.4427,0.00025440982905666765,0.03100160952664475,244101.81540000002,0.0002544667776644971,0.030784758350469857,244101.81540000002,0.0002544667776644971,0.030784758350469857,0.0
2013-12-10,244186.34269999998,0.0001224624657425455,0.03099781345797606,244131.7154,0.00012248987149465762,0.030780987991206335,244131.7154,0.00012248987149465762,0.030780987991206335,0.0
2013-12-11,244216.2427,0.00012244747052370109,0.030994018318831557,244161.6154,0.0001224748695638489,0.030777218555378228,244161.6154,0.0001224748695638489,0.030777218555378228,0.0
2013-12-12,244248.44269999999,0.0001318503619742728,0.030989932285042217,244193.8154,0.00013187986140739127,0.0307731601952766,244193.8154,0.00013187986140739127,0.0307731601952766,0.0
2013-12-13,244315.14270000003,0.00027308260090719294,0.03098147178414747,244260.51540000003,0.0002731436907636997,0.030764756996005265,244260.51540000003,0.0002731436907636997,0.030764756996005265,0.0
2013-12-16,244361.1427,0.00018828141183391267,0.030975639646982276,244306.5154,0.00018832351976594275,0.030758964359572715,244306.5154,0.00018832351976594275,0.030758964359572715,0.0
2013-12-17,244395.6427,0.00014118447646294108,0.030971266984867622,244341.0154,0.00014121604552186362,0.03075462131356929,244341.0154,0.00014121604552186362,0.03075462131356929,0.0
2013-12-18,244430.14270000003,0.0001411645462205957,0.030966895557108444,244375.51540000003,0.00014119610636620372,0.03075027949383509,244375.51540000003,0.00014119610636620372,0.03075027949383509,0.0
2013-12-19,244453.1427,9.409641440250027e-05,0.030963981957430622,244398.5154,9.411744856002713e-05,0.03074738562834986,244398.5154,9.411744856002713e-05,0.03074738562834986,0.0
2013-12-20,244522.1427,0.00028226268330144855,0.030955244447070738,244467.5154,0.00028232577389863955,0.03073870729902302,244467.5154,0.00028232577389863955,0.03073870729902302,0.0
2013-12-23,244577.3427,0.00022574642684913826,0.03094825798841265,244522.71540000002,0.0002257968708427871,0.03073176816193659,244522.71540000002,0.0002257968708427871,0.03073176816193659,0.0
2013-12-24,244614.1427,0.000150463651267696,0.03094360210105715,244559.5154,0.00015049726541671582,0.030727143810818994,244559.5154,0.00015049726541671582,0.030727143810818994,0.0
2013-12-25,244657.84269999998,0.0001786487057438002,0.03093807505399055,244603.2154,0.0001786886105352714,0.030721654201116454,244603.2154,0.0001786886105352714,0.030721654201116454,0.0
2013-12-26,244683.1427,0.00010340972404887516,0.030934876086990908,244628.5154,0.00010343281856961539,0.030718476902468265,244628.5154,0.00010343281856961539,0.030718476902468265,0.0
2013-12-27,244570.44269999999,-0.00046059568614498225,0.03094913112327622,244515.8154,-0.0004606985404613795,0.03073263538273362,244515.8154,-0.0004606985404613795,0.03073263538273362,0.0
2013-12-30,244818.8427,0.0010156582997427055,0.03091772927492894,244764.21540000002,0.001015885208053513,0.030701446237634957,244764.21540000002,0.001015885208053513,0.030701446237634957,0.0
2013-12-31,244867.1427,0.0001972887358967501,0.030911630758372114,244812.5154,0.00019733276745981243,0.030695389031569105,244812.5154,0.00019733276745981243,0.030695389031569105,0.0
2014-01-02,264892.7246,0.0001044725711989436,0.0261340684628226,264838.0973,0.00010449588313821145,0.025933192278677502,264838.0973,0.00010449588313821145,0.025933192278677502,20000.0
2014-01-03,265155.2246,0.0009909671939702935,0.026108196096996734,265100.5973,0.0009911715975765567,0.02590751348714521,265100.5973,0.0009911715975765567,0.02590751348714521,0.0
2014-01-06,265190.2246,0.00013199815335629417,0.026104750318160903,265135.5973,0.00013202535322998088,0.025904093490052082,265135.5973,0.00013202535322998088,0.025904093490052082,0.0
2014-01-07,265300.2246,0.0004147965867367098,0.0260939266464534,265245.5973,0.00041488204948780805,0.025893350803602576,265245.5973,0.00041488204948780805,0.025893350803602576,0.0
2014-01-08,265277.7246,-8.480957765466535e-05,0.026096139849052413,265223.0973,-8.4827044177338e-05,0.025895547446349806,265223.0973,-8.4827044177338e-05,0.025895547446349806,0.0
2014-01-09,265310.2246,0.00012251311356425987,0.02609294312134856,265255.5973,0.00012253834726627666,0.025892374637554918,265255.5973,0.00012253834726627666,0.025892374637554918,0.0
2014-01-10,265377.7246,0.00025441914310597724,0.02608630626566165,265323.0973,0.0002544715387235996,0.02588578744139363,265323.0973,0.0002544715387235996,0.02588578744139363,0.0
2014-01-13,265442.7246,0.00024493389600799276,0.026079918409638008,265388.0973,0.00024498432538089254,0.025879447382435417,265388.0973,0.00024498432538089254,0.025879447382435417,0.0
2014-01-14,265517.7246,0.000282546828559882,0.026072551692844732,265463.0973,0.0002826049878010828,0.025872135787816716,265463.0973,0.0002826049878010828,0.025872135787816716,0.0
2014-01-15,265555.2246,0.0001412335091997008,0.026068869894868608,265500.5973,0.0001412625723928862,0.025868481539570536,265500.5973,0.0001412625723928862,0.025868481539570536,0.0
2014-01-16,265660.2246,0.0003953979823148046,0.02605856639029587,265605.5973,0.0003954793362719311,0.025858255133992994,265605.5973,0.0003954793362719311,0.025858255133992994,0.0
2014-01-17,265652.86460000003,-2.7704561385011317e-05,0.02605928835144965,265598.23730000004,-2.7710259402624615e-05,0.025858971692806487,265598.23730000004,-2.7710259402624615e-05,0.025858971692806487,0.0
2014-01-20,265570.30460000003,-0.00031078151603713966,0.026067389614313118,265515.67730000004,-0.00031084543647308394,0.025867012335546186,265515.67730000004,-0.00031084543647308394,0.025867012335546186,0.0
2014-01-21,265627.0646,0.00021372871520952685,0.02606181945512495,265572.4373,0.00021377268783950854,0.025861483856630636,265572.4373,0.00021377268783950854,0.025861483856630636,0.0
2014-01-22,265768.9646,0.0005342076125176565,0.02604790446626894,265714.3373,0.000534317497111747,0.025847672992691015,265714.3373,0.000534317497111747,0.025847672992691015,0.0
2014-01-23,265874.74460000003,0.00039801487039414774,0.026037541137707638,265820.11730000004,0.00039809669690726857,0.025837387214184337,265820.11730000004,0.00039809669690726857,0.025837387214184337,0.0
2014-01-24,265980.5246,0.0003978565175835058,0.026027186052102448,265925.8973,0.00039793827899248235,0.025827109618631345,265925.8973,0.00039793827899248235,0.025827109618631345,0.0
2014-01-27,266019.2246,0.00014549937465613283,0.02602339966372495,265964.5973,0.00014552926357658258,0.02582335156529497,265964.5973,0.00014552926357658258,0.02582335156529497,0.0
2014-01-28,266075.9846,0.0002133680379128311,0.026017848286485346,266021.35730000003,0.00021341186224121955,0.025817841731611977,266021.35730000003,0.00021341186224121955,0.025817841731611977,0.0
2014-01-29,266419.1246,0.0012896316084889392,0.025984338062793908,266364.4973,0.0012898964334393526,0.025784582290877253,266364.4973,0.0012898964334393526,0.025784582290877253,0.0
2014-01-30,266824.1846,0.0015203863484205549,0.02594489180348464,266769.5573,0.0015206981564956923,0.025745431261020434,266769.5573,0.0015206981564956923,0.025745431261020434,0.0
2014-02-07,286699.449856,-0.0004674791536867229,0.021395393186422043,286644.822556,-0.00046757488096627053,0.021208895739996493,286644.822556,-0.00046757488096627053,0.021208895739996493,20000.0
2014-02-10,286649.294656,-0.0001749399938689722,0.02139913675127411,286594.667356,-0.0001749733330356218,0.02121260738061226,286594.667356,-0.0001749733330356218,0.02121260738061226,0.0
2014-02-11,286652.081056,9.720589068118457e-06,0.02139892874108132,286597.45375600003,9.722441892456857e-06,0.021212401144274733,286597.45375600003,9.722441892456857e-06,0.021212401144274733,0.0
2014-02-12,286741.24585600005,0.000311055826532014,0.02139227454943994,286686.61855600006,0.0003111151157537684,0.021205803698202515,286686.61855600006,0.0003111151157537684,0.021205803698202515,0.0
2014-02-13,286816.478656,0.00026237174137722086,0.021386663293349414,286761.851356,0.0002624217355482461,0.02120024029435043,286761.851356,0.0002624217355482461,0.02120024029435043,0.0
2014-02-14,287125.769056,0.0010783564509588839,0.02136362568977098,287071.141756,0.0010785618747315429,0.02117739915901155,287071.141756,0.0010785618747315429,0.02117739915901155,0.0
2014-02-17,287326.389856,0.0006987209843951625,0.021348708898873595,287271.76255600003,0.0006988539453072207,0.02116260958580951,287271.76255600003,0.0006988539453072207,0.02116260958580951,0.0
2014-02-18,287457.350656,0.00045579106070148256,0.021338982781277424,287402.72335600003,0.0004558777334562336,0.02115296641942235,287402.72335600003,0.0004558777334562336,0.02115296641942235,0.0
2014-02-19,287279.021056,-0.0006203688985271238,0.021352229040088124,287224.39375600003,-0.0006204868134778163,0.02116609970518217,287224.39375600003,-0.0006204868134778163,0.02116609970518217,0.0
2014-02-20,287109.050656,-0.0005916561514839325,0.02136486969666981,287054.423356,-0.0005917686787579868,0.021178632556588084,287054.423356,-0.0005917686787579868,0.021178632556588084,0.0
2014-02-21,287217.720256,0.0003784959051333914,0.02135678624053096,287163.092956,0.0003785679340160275,0.021170618039455046,287163.092956,0.0003785679340160275,0.021170618039455046,0.0
2014-02-24,287226.079456,2.9104053860473655e-05,0.021356164689563584,287171.452156,2.9109590351517056e-05,0.02117000178937522,287171.452156,2.9109590351517056e-05,0.02117000178937522,0.0
2014-02-25,287276.234656,0.0001746192410347902,0.021352436143369985,287221.607356,0.0001746524580470421,0.02116630504217183,287221.607356,0.0001746524580470421,0.02116630504217183,0.0
2014-02-26,287315.24425600003,0.00013579125348384125,0.021349537062970905,287260.61695600004,0.0001358170799166114,0.02116343068681493,287260.61695600004,0.0001358170799166114,0.02116343068681493,0.0
2014-02-27,287323.60345600004,2.909417501206768e-05,0.021348915933874408,287268.97615600005,2.9099707744784098e-05,0.02116281485508759,287268.97615600005,2.9099707744784098e-05,0.02116281485508759,0.0
2014-02-28,287387.69065600005,0.0002230488523362606,0.02134415514456532,287333.06335600006,0.00022309126748587538,0.021158094668930313,287333.06335600006,0.00022309126748587538,0.021158094668930313,0.0
2014-03-03,307495.435584,0.00037491142280310363,0.017188822246944048,307440.808284,0.0003749827003600714,0.017014192465848475,307440.808284,0.0003749827003600714,0.017014192465848475,20000.0
2014-03-04,307630.11158400006,0.0004379772328790832,0.017181297229926014,307575.48428400006,0.00043805505440785986,0.017006742576303913,307575.48428400006,0.00043805505440785986,0.017006742576303913,0.0
2014-03-05,307692.96038400003,0.00020429989664005888,0.017177787809651995,307638.33308400004,0.00020433618155979438,0.017003268193407237,307638.33308400004,0.00020433618155979438,0.017003268193407237,0.0
2014-03-06,307698.945984,1.945315873497222e-05,0.017177453653919404,307644.318684,1.9456613029822378e-05,0.017002937373834383,307644.318684,1.9456613029822378e-05,0.017002937373834383,0.0
2014-03-07,307824.643584,0.00040850838665718037,0.01717043938542787,307770.016284,0.00040858092402840107,0.016995993135254402,307770.016284,0.00040858092402840107,0.016995993135254402,0.0
2014-03-10,307845.59318400006,6.805692928324447e-05,0.017169270897572548,307790.96588400006,6.806900897293744e-05,0.016994836313588876,307790.96588400006,6.806900897293744e-05,0.016994836313588876,0.0
2014-03-11,307875.521184,9.721756836089668e-05,0.01716760190506075,307820.893884,9.723482271151163e-05,0.01699318398435685,307820.893884,9.723482271151163e-05,0.01699318398435685,0.0
2014-03-12,307845.59318400006,-9.720811802405027e-05,0.017169270897572548,307790.96588400006,-9.722536902001533e-05,0.016994836313588876,307790.96588400006,-9.722536902001533e-05,0.016994836313588876,0.0
2014-03-13,307803.69398399995,-0.00013610459570578826,0.01717160803234141,307749.06668399996,-0.0001361287517966936,0.016997150114418054,307749.06668399996,-0.0001361287517966936,0.016997150114418054,0.0
2014-03-14,307869.53558400006,0.00021390776422425262,0.017167935677604263,307814.90828400006,0.0002139457341319151,0.016993514424499024,307814.90828400006,0.0002139457341319151,0.016993514424499024,0.0
2014-03-17,307914.42758400005,0.00014581501191668345,0.017165432699830584,307859.80028400006,0.0001458408894170482,0.016991036436632988,307859.80028400006,0.0001458408894170482,0.016991036436632988,0.0
2014-03-18,307962.31238400005,0.00015551333653229804,0.017162763661189517,307907.68508400006,0.00015554093115066614,0.01698839404600432,307907.68508400006,0.00015554093115066614,0.01698839404600432,0.0
2014-03-19,307974.28358399996,3.8872288973479385e-05,0.017162096531213766,307919.65628399997,3.8879185482620926e-05,0.01698773357675966,307919.65628399997,3.8879185482620926e-05,0.01698773357675966,0.0
2014-03-20,307986.254784,3.887077797770644e-05,0.017161429453099716,307931.627484,3.88776739508323e-05,0.01698707315886801,307931.627484,3.88776739508323e-05,0.01698707315886801,0.0
2014-03-21,308064.067584,0.00025265023614307047,0.01715709470906994,308009.440284,0.00025269505648317647,0.016982781693888633,308009.440284,0.00025269505648317647,0.016982781693888633,0.0
2014-03-24,308067.060384,9.714862312604211e-06,0.017156928031876403,308012.433084,9.716585301022818e-06,0.01698261668084502,308012.433084,9.716585301022818e-06,0.01698261668084502,0.0
2014-03-25,308067.060384,0.0,0.017156928031876403,308012.433084,0.0,0.01698261668084502,308012.433084,0.0,0.01698261668084502,0.0
2014-03-26,308138.887584,0.00023315443043614437,0.017152928750543257,308084.260284,0.00023319578135483354,0.016978657329582692,308084.260284,0.00023319578135483354,0.016978657329582692,0.0
2014-03-27,308088.00998400006,-0.00016511255816775705,0.017155761382192384,308033.38268400007,-0.00016514183474691801,0.016981461679321103,308033.38268400007,-0.00016514183474691801,0.016981461679321103,0.0
2014-03-28,308070.053184,-5.8284644056660895e-05,0.017156761357921296,308015.425884,-5.829498038034675e-05,0.01698245167100807,308015.425884,-5.829498038034675e-05,0.01698245167100807,0.0
2014-03-31,308306.484384,0.0007674592111643896,0.017143604340857346,308251.857084,0.0007675953219596909,0.01696942601897956,308251.857084,0.0007675953219596909,0.01696942601897956,0.0
2014-04-01,328415.0220944,0.0003520448511384888,0.013310150268167495,328360.3947944,0.00035210723927758814,0.013146000744404083,328360.3947944,0.00035210723927758814,0.013146000744404083,20000.0
2014-04-02,328466.2092944,0.00015586132349709736,0.013308076053820546,328411.5819944,0.00015588725318727015,0.013143951769866652,328411.5819944,0.00015588725318727015,0.013143951769866652,0.0
2014-04-03,328514.1972944,0.0001460972198725763,0.013306132064918604,328459.5699944,0.0001461215213804934,0.013142031436239158,328459.5699944,0.0001461215213804934,0.013142031436239158,0.0
2014-04-04,328693.35249440005,0.0005453499467467093,0.013298879521679664,328638.72519440006,0.0005454406458702543,0.01313486714581972,328638.72519440006,0.0005454406458702543,0.01313486714581972,0.0
2014-04-08,328683.7548944,-2.919925190825179e-05,0.013299267850351822,328629.1275944,-2.9204105494118338e-05,0.01313525074906829,328629.1275944,-2.9204105494118338e-05,0.01313525074906829,0.0
2014-04-09,328702.95009440003,5.840020905867327e-05,0.01329849121568466,328648.32279440004,5.840991679750829e-05,0.01313448356497608,328648.32279440004,5.840991679750829e-05,0.01313448356497608,0.0
2014-04-10,328760.5356944,0.00017519039602009734,0.013296161855823593,328705.90839440003,0.00017521951583487905,0.01313218255030776,328705.90839440003,0.00017521951583487905,0.01313218255030776,0.0
2014-04-11,328917.2964944,0.0004768236542409543,0.013289824952925317,328862.6691944,0.00047690289707813527,0.013125922759716828,328862.6691944,0.00047690289707813527,0.013125922759716828,0.0
2014-04-14,328920.49569440004,9.726457179670689e-06,0.013289695691269244,328865.86839440005,9.728072839276791e-06,0.013125795071026304,328865.86839440005,9.728072839276791e-06,0.013125795071026304,0.0
2014-04-15,328939.6908944,5.835817545940536e-05,0.013288920174134055,328885.0635944,5.836786922785997e-05,0.013125028991050542,328885.0635944,5.836786922785997e-05,0.013125028991050542,0.0
2014-04-16,328984.4796944,0.00013616112995729068,0.013287110986088322,328929.8523944,0.0001361837461102411,0.013123241818818545,328929.8523944,0.0001361837461102411,0.013123241818818545,0.0
2014-04-17,329000.4756944,4.862235451019714e-05,0.013286464966878514,328945.84839440003,4.8630429508200734e-05,0.013122603660966245,328945.84839440003,4.8630429508200734e-05,0.013122603660966245,0.0
2014-04-18,329086.8540944,0.0002625479486546567,0.013282977548371164,329032.2267944,0.00026259154940433405,0.013119158680761384,329032.2267944,0.00026259154940433405,0.013119158680761384,0.0
2014-04-21,329131.64289440005,0.00013610024053778425,0.013281169977942544,329077.01559440006,0.0001361228364662459,0.01311737310672711,329077.01559440006,0.0001361228364662459,0.01311737310672711,0.0
2014-04-22,329182.8300944,0.00015552196546586572,0.013279104785466681,329128.2027944,0.00015554778235560285,0.013115333045756987,329128.2027944,0.00015554778235560285,0.013115333045756987,0.0
2014-04-23,329218.02129440004,0.00010690472522512096,0.01327768533816398,329163.39399440004,0.00010692246881682799,0.01311393087189227,329163.39399440004,0.00010692246881682799,0.01311393087189227,0.0
2014-04-24,329246.81409440003,8.745815276700597e-05,0.013276524197882467,329192.18679440004,8.747266714737023e-05,0.013112783861714158,329192.18679440004,8.747266714737023e-05,0.013112783861714158,0.0
2014-04-25,329381.1804944,0.0004081023543676121,0.01327110822736981,329326.5531944,0.00040817007629612156,0.013107433799460185,329326.5531944,0.00040817007629612156,0.013107433799460185,0.0
2014-04-28,329218.02129440004,-0.0004953507050858841,0.01327768533816398,329163.39399440004,-0.0004954328717722278,0.01311393087189227,329163.39399440004,-0.0004954328717722278,0.01311393087189227,0.0
2014-04-29,329294.8020944,0.00023322174071171986,0.013274589415313306,329240.1747944,0.00023326044572646865,0.013110872623900156,329240.1747944,0.00023326044572646865,0.013110872623900156,0.0
2014-04-30,329608.3236944,0.0009521000574741478,0.013261962699864545,329553.69639440003,0.0009522580292511407,0.013098399567741434,329553.69639440003,0.0009522580292511407,0.013098399567741434,0.0
2014-05-05,349630.4426536,6.710679800825403e-05,0.009656709032471462,349575.8153536,6.711792172864328e-05,0.009501950671959712,349575.8153536,6.711792172864328e-05,0.009501950671959712,20000.0
2014-05-06,349688.3378536,0.0001655896996857198,0.00965511024566545,349633.7105536,0.0001656155759557354,0.00950037726150775,349633.7105536,0.0001656155759557354,0.00950037726150775,0.0
2014-05-07,349756.4498536,0.0001947791579728353,0.00965322999765479,349701.8225536,0.0001948095905630609,0.00949852685737971,349701.8225536,0.0001948095905630609,0.00949852685737971,0.0
2014-05-08,349807.5338536,0.0001460559198303013,0.00965182029216398,349752.9065536,0.00014607873538352578,0.00949713952724781,349752.9065536,0.00014607873538352578,0.00949713952724781,0.0
2014-05-09,349923.32425360003,0.0003310117387251843,0.009648626483535355,349868.69695360004,0.00033106343887467915,0.00949399641214694,349868.69695360004,0.00033106343887467915,0.00949399641214694,0.0
2014-05-12,349930.1354536,1.9464835659510626e-05,0.009648438678262112,349875.50815360004,1.9467874832201915e-05,0.009493811587811268,349875.50815360004,1.9467874832201915e-05,0.009493811587811268,0.0
2014-05-13,349964.1914536,9.73222839348864e-05,0.009647499761551057,349909.5641536,9.733747920703806e-05,0.00949288757406441,349909.5641536,9.733747920703806e-05,0.00949288757406441,0.0
2014-05-14,349998.24745360005,9.731281322977736e-05,0.009646561027559472,349943.62015360006,9.732800554451693e-05,0.00949196374016488,349943.62015360006,9.732800554451693e-05,0.00949196374016488,0.0
2014-05-15,350056.14265359996,0.00016541568542449703,0.009644965598964024,350001.51535359997,0.0001654415073333304,0.009490393635136696,350001.51535359997,0.0001654415073333304,0.009490393635136696,0.0
2014-05-16,350148.09385360003,0.0002626755791315105,0.009642432767352624,350093.46655360004,0.00026271657683296645,0.009487901006263,350093.46655360004,0.00026271657683296645,0.009487901006263,0.0
2014-05-19,350185.55545359995,0.00010698787358132122,0.009641401254334079,350130.92815359996,0.00010700456757639643,0.009486885866143246,350130.92815359996,0.00010700456757639643,0.009486885866143246,0.0
2014-05-20,350205.9890536,5.835077912785813e-05,0.00964083870388426,350151.3617536,5.835988299529582e-05,0.009486332244903379,350151.3617536,5.835988299529582e-05,0.009486332244903379,0.0
2014-05-21,350240.0450536,9.724562418833571e-05,0.009639901265668568,350185.4177536,9.726079552985212e-05,0.009485409686411353,350185.4177536,9.726079552985212e-05,0.009485409686411353,0.0
2014-05-22,350304.7514536,0.00018474871995333153,0.009638120635218456,350250.1241536,0.00018477753989620815,0.00948365731954263,350250.1241536,0.00018477753989620815,0.00948365731954263,0.0
2014-05-23,350383.0802536,0.00022360187715131374,0.009635966015129309,350328.45295360003,0.00022363675156245044,0.009481536899430622,350328.45295360003,0.00022363675156245044,0.009481536899430622,0.0
2014-05-26,350393.2970536,2.9158942242979435e-05,0.0096356850487455,350338.6697536,2.9163489045469504e-05,0.00948126039279702,350338.6697536,2.9163489045469504e-05,0.00948126039279702,0.0
2014-05-27,350468.22025360004,0.00021382600817432262,0.00963362512913989,350413.59295360005,0.0002138593494480645,0.009479233170157985,350413.59295360005,0.0002138593494480645,0.009479233170157985,0.0
2014-05-28,350502.27625359996,9.71728619938439e-05,0.009632689093172008,350447.6489536,9.718801063862692e-05,0.009478311991871281,350447.6489536,9.718801063862692e-05,0.009478311991871281,0.0
2014-05-29,350488.65385360003,-3.8865368138352174e-05,0.009633063485730682,350434.02655360004,-3.887142641878505e-05,0.009478680441700619,350434.02655360004,-3.887142641878505e-05,0.009478680441700619,0.0
2014-05-30,350679.36745360005,0.0005441363019975665,0.009627824636836512,350624.74015360005,0.0005442211245170192,0.009473524749408355,350624.74015360005,0.0005442211245170192,0.009473524749408355,0.0
2014-06-03,370746.2420856,0.00019070021850886576,0.006244211870030258,370691.6147856,0.00019072992958402146,0.006097766163141741,370691.6147856,0.00019072992958402146,0.006097766163141741,20000.0
2014-06-04,370822.0940856,0.0002045927682863269,0.006242934610756014,370767.4667856,0.00020462291828171608,0.00609651867569896,370767.4667856,0.00020462291828171608,0.00609651867569896,0.0
2014-06-05,370930.4540856,0.00029221559806780206,0.0062411108608132135,370875.8267856,0.0002922586518698811,0.006094737435952427,370875.8267856,0.0002922586518698811,0.006094737435952427,0.0
2014-06-06,371176.07008559996,0.0006621618615960667,0.006236980969883457,371121.44278559997,0.0006622593932010812,0.006090703810142955,371121.44278559997,0.0006622593932010812,0.006090703810142955,0.0
2014-06-09,371327.7740856,0.00040871169298450916,0.00623443288426453,371273.1467856,0.00040877185338938915,0.0060882151191648595,371273.1467856,0.00040877185338938915,0.0060882151191648595,0.0
2014-06-10,371309.71408560005,-4.8636275711944066e-05,0.0062347361186093865,371255.08678560006,-4.864343181376629e-05,0.006088511285248411,371255.08678560006,-4.864343181376629e-05,0.006088511285248411,0.0
2014-06-11,371226.63808560005,-0.00022373775004669305,0.0062361313766125855,371172.01078560005,-0.00022377067131740258,0.006089874020446204,371172.01078560005,-0.00022377067131740258,0.006089874020446204,0.0
2014-06-12,371165.23408559995,-0.00016540838857026507,0.006237163055702879,371110.60678559996,-0.00016543273257629831,0.006090881651641634,371110.60678559996,-0.00016543273257629831,0.006090881651641634,0.0
2014-06-13,371208.5780856,0.00011677817861044382,0.006236434776208691,371153.9507856,0.00011679536830122572,0.006090170347952828,371153.9507856,0.00011679536830122572,0.006090170347952828,0.0
2014-06-16,371053.2620856,-0.00041840627929712326,0.0062390452319105415,370998.6347856,-0.00041846786130461666,0.006092719955442109,370998.6347856,-0.00041846786130461666,0.006092719955442109,0.0
2014-06-17,370854.60208559997,-0.0005353948349178239,0.006242387373868067,370799.9747856,-0.000535473668561659,0.0060959841944622116,370799.9747856,-0.000535473668561659,0.0060959841944622116,0.0
2014-06-18,370504.2380856,-0.0009447476127559806,0.006248290431336878,370449.61078560003,-0.0009448867956437512,0.0061017496571435705,370449.61078560003,-0.0009448867956437512,0.0061017496571435705,0.0
2014-06-19,371363.8940856,0.00232023256857139,0.006233826504055345,371309.2667856,0.0023205747150791822,0.006087622873428555,371309.2667856,0.0023205747150791822,0.006087622873428555,0.0
2014-06-20,371555.33008559997,0.0005154943790950384,0.00623061465722124,371500.7027856,0.0005155702190178246,0.006084485893703728,371500.7027856,0.0005155702190178246,0.006084485893703728,0.0
2014-06-23,371540.8820856,-3.88851910606558e-05,0.006230856945284029,371486.2547856,-3.8890908931388246e-05,0.006084722534093674,371486.2547856,-3.8890908931388246e-05,0.006084722534093674,0.0
2014-06-24,371732.31808560004,0.0005152488171031866,0.006227648156937832,371677.69078560005,0.0005153245847830945,0.006081588542003444,371677.69078560005,0.0005153245847830945,0.006081588542003444,0.0
2014-06-25,371822.61808559997,0.000242916732300813,0.0062261357243928025,371767.9907856,0.0002429524349687462,0.006080111364142644,371767.9907856,0.0002429524349687462,0.006080111364142644,0.0
2014-06-26,371898.4700856,0.00020400049999791392,0.006224865848647258,371843.8427856,0.00020403047567318922,0.006078871089182762,371843.8427856,0.00020403047567318922,0.006078871089182762,0.0
2014-06-27,371865.96208559995,-8.7410953835243e-05,0.006225410017674918,371811.33478559996,-8.742379531290201e-05,0.006079402573628984,371811.33478559996,-8.742379531290201e-05,0.006079402573628984,0.0
2014-06-30,372035.7260856,0.0004565193303736059,0.006222569294507386,371981.0987856,0.00045658640314960586,0.006076628067876194,371981.0987856,0.00045658640314960586,0.006076628067876194,0.0
2014-07-01,392087.3908952,0.0001388705599423279,0.0029964556945266422,392032.7635952,0.0001388909537842764,0.0028575295210701637,392032.7635952,0.0001388909537842764,0.0028575295210701637,20000.0
2014-07-02,392228.6716952,0.0003603298735963545,0.0029953763709375286,392174.04439520004,0.00036038008329808413,0.0028565000953278685,392174.04439520004,0.00036038008329808413,0.0028565000953278685,0.0
2014-07-03,392400.4996952,0.0004380811817181751,0.0029940647275235547,392345.8723952,0.00043814220358462386,0.0028552490901997056,392345.8723952,0.00043814220358462386,0.0028552490901997056,0.0
2014-07-04,392473.04929520003,0.0001848866147122763,0.0029935112673592297,392418.42199520004,0.00018491235693929298,0.0028547212169710706,392418.42199520004,0.00018491235693929298,0.0028547212169710706,0.0
2014-07-07,392465.4124952,-1.9458151365392418e-05,0.0029935695166880085,392410.7851952,-1.946086007176273e-05,0.0028547767733823936,392410.7851952,-1.946086007176273e-05,0.0028547767733823936,0.0
2014-07-08,392427.22849520005,-9.729264996161113e-05,0.0029938607973385976,392372.60119520006,-9.730619402048557e-05,0.002855054587878061,392372.60119520006,-9.730619402048557e-05,0.002855054587878061,0.0
2014-07-09,392347.04209520004,-0.00020433444515943755,0.0029944726712504226,392292.41479520005,-0.00020436289321867918,0.0028556381743573586,392292.41479520005,-0.00020436289321867918,0.0028556381743573586,0.0
2014-07-10,392278.3108952,-0.00017517960536417299,0.0029949973337014073,392223.6835952,-0.00017520399938375508,0.0028561385812595893,392223.6835952,-0.00017520399938375508,0.0028561385812595893,0.0
2014-07-11,392495.9596952,0.000554832612344347,0.0029933365329731917,392441.33239520004,0.0005549098871464597,0.002854554560710452,392441.33239520004,0.0005549098871464597,0.002854554560710452,0.0
2014-07-14,392576.14609520003,0.00020429866351312498,0.002992725123230254,392521.51879520004,0.00020432710160922518,0.00285397141700274,392521.51879520004,0.00020432710160922518,0.00285397141700274,0.0
2014-07-15,392702.1532952,0.00032097518214824206,0.00299176484096548,392647.52599520003,0.00032101985233001784,0.0028530555295379584,392647.52599520003,0.00032101985233001784,0.0028530555295379584,0.0
2014-07-16,392774.7028952,0.0001847445943221615,0.0029912122306753925,392720.0755952,0.00018477029701413628,0.0028525284670058684,392720.0755952,0.00018477029701413628,0.0028525284670058684,0.0
2014-07-17,392820.52369520004,0.00011665924424941743,0.0029908633188209656,392765.89639520005,0.00011667547153182412,0.0028521956857293354,392765.89639520005,0.00011667547153182412,0.0028521956857293354,0.0
2014-07-18,392908.34689519997,0.0002235708032101158,0.002990194798568095,392853.7195952,0.00022360189824510712,0.002851558071931495,392853.7195952,0.00022360189824510712,0.002851558071931495,0.0
2014-07-21,392789.9764952,-0.0003012672062971955,0.002991095917678981,392735.3491952,-0.0003013090982616484,0.0028524175312857124,392735.3491952,-0.0003013090982616484,0.0028524175312857124,0.0
2014-07-22,392851.0708952,0.00015553961062120258,0.00299063075613566,392796.4435952,0.0001555612453150168,0.0028519738746781618,392796.4435952,0.0001555612453150168,0.0028519738746781618,0.0
2014-07-23,392885.4364952,8.747742476966636e-05,0.0029903691663418774,392830.8091952,8.748959049986738e-05,0.00285172437848007,392830.8091952,8.748959049986738e-05,0.00285172437848007,0.0
2014-07-24,393003.80689520005,0.000301284774146815,0.0029894684850045533,392949.17959520005,0.00030132667099747046,0.0028508653367186943,392949.17959520005,0.00030132667099747046,0.0028508653367186943,0.0
2014-07-25,393217.6372952,0.000544092439432875,0.002987842822314718,393163.00999520003,0.0005441680784783465,0.0028493148305423783,393163.00999520003,0.0005441680784783465,0.0028493148305423783,0.0
2014-07-28,393324.5524952,0.0002718982819169824,0.002987030653811914,393269.9251952,0.00027193606031583606,0.0028485402097400904,393269.9251952,0.00027193606031583606,0.0028485402097400904,0.0
2014-07-29,393370.3732952,0.00011649616000153351,0.0029866827167442703,393315.7459952,0.00011651234194243187,0.0028482083583139233,393315.7459952,0.00011651234194243187,0.0028482083583139233,0.0
2014-07-30,393404.7388952001,8.736194267044972e-05,0.002986421817132692,393350.1115952001,8.737407629877403e-05,0.002847959520481485,393350.1115952001,8.737407629877403e-05,0.002847959520481485,0.0
2014-07-31,393542.20129520004,0.00034941724491166504,0.002985378674341286,393487.57399520004,0.0003494657709450788,0.0028469646038013644,393487.57399520004,0.0003494657709450788,0.0028469646038013644,0.0
2014-08-01,413658.5718856,0.0002957004103167904,0.0255407522136925,413603.9445856,0.0002957414619688681,0.02541204919148138,413603.9445856,0.0002957414619688681,0.02541204919148138,20000.0
2014-08-04,413717.3958856,0.0001422042331478135,0.025537120727022713,413662.7685856,0.00014222301496413792,0.025408435527175182,413662.7685856,0.00014222301496413792,0.025408435527175182,0.0
2014-08-05,413756.6118856001,9.478934265283456e-05,0.02553470030956553,413701.9845856001,9.480186030308424e-05,0.025406026988553754,413701.9845856001,9.480186030308424e-05,0.025406026988553754,0.0
2014-08-06,413737.0038856001,-4.739017924249023e-05,0.025535910460939393,413682.3765856001,-4.739643688111972e-05,0.025407231200783687,413682.3765856001,-4.739643688111972e-05,0.025407231200783687,0.0
2014-08-07,413819.35748560005,0.00019904818574745242,0.025530828595826765,413764.73018560006,0.00019907447032108117,0.025402174276394608,413764.73018560006,0.00019907447032108117,0.025402174276394608,0.0
2014-08-08,413870.3382856,0.00012319578356545513,0.025527683692831617,413815.7109856,0.00012321204849219392,0.025399044808054064,413815.7109856,0.00012321204849219392,0.025399044808054064,0.0
2014-08-11,413842.88708560006,-6.6328019818096e-05,0.025529377005855607,413788.25978560006,-6.6336775698006e-05,0.025400729810570073,413788.25978560006,-6.6336775698006e-05,0.025400729810570073,0.0
2014-08-12,413874.2598856,7.580847944699265e-05,0.02552744180930787,413819.6325856,7.581848749449449e-05,0.02539880411165816,413819.6325856,7.581848749449449e-05,0.02539880411165816,0.0
2014-08-13,413921.31908560003,0.00011370409943589621,0.02552453956452317,413866.69178560004,0.0001137191092313028,0.02539591611069994,413866.69178560004,0.0001137191092313028,0.02539591611069994,0.0
2014-08-14,413956.6134856001,8.5268379212744e-05,0.025522363313969704,413901.9861856001,8.527963399962424e-05,0.025393750540947932,413901.9861856001,8.527963399962424e-05,0.025393750540947932,0.0
2014-08-15,414086.02628560003,0.000312624066832079,0.025514386902573495,414031.39898560004,0.00031266532734619545,0.025385813277329628,414031.39898560004,0.00031266532734619545,0.025385813277329628,0.0
2014-08-18,414148.7718856,0.00015152793385175833,0.025510521345982456,414094.1445856,0.0001515479264464492,0.025381966692908185,414094.1445856,0.0001515479264464492,0.025381966692908185,0.0
2014-08-19,414238.9686856001,0.00021778840388542164,0.02550496666000242,414184.3413856001,0.00021781713453195017,0.025376439269621853,414184.3413856001,0.00021781713453195017,0.025376439269621853,0.0
2014-08-20,414274.2630856,8.520299312220203e-05,0.02550279374564231,414219.6357856,8.521423065355194e-05,0.025374277020127192,414219.6357856,8.521423065355194e-05,0.025374277020127192,0.0
2014-08-21,414309.5574856,8.519573419096815e-05,0.025500621201496723,414254.9301856,8.520696980740539e-05,0.02537211513907859,414254.9301856,8.520696980740539e-05,0.02537211513907859,0.0
2014-08-22,414356.61668559996,0.00011358463532817886,0.02549772505169503,414301.98938559997,0.0001135996135974704,0.02536923320398935,414301.98938559997,0.0001135996135974704,0.02536923320398935,0.0
2014-08-25,414293.8710856,-0.00015142898043207786,0.0255015867309731,414239.2437856,-0.00015144894692153965,0.02537307592961905,414239.2437856,-0.00015144894692153965,0.02537307592961905,0.0
2014-08-26,414258.57668560004,-8.519170198550974e-05,0.025503759439646792,414203.94938560005,-8.520293653835331e-05,0.02537523797440983,414203.94938560005,-8.520293653835331e-05,0.02537523797440983,0.0
2014-08-27,414356.61668559996,0.00023666377841657926,0.02549772505169503,414301.98938559997,0.00023669499082590306,0.02536923320398935,414301.98938559997,0.00023669499082590306,0.02536923320398935,0.0
2014-08-28,414211.5174856,-0.00035017951724913843,0.025506656960516103,414156.89018560003,-0.0003502256897561784,0.02537812127401726,414156.89018560003,-0.0003502256897561784,0.02537812127401726,0.0
2014-08-29,414623.28548560006,0.0009941007978233607,0.02548132595405558,414568.65818560007,0.0009942319197333571,0.02535291459706658,414568.65818560007,0.0009942319197333571,0.02535291459706658,0.0
2014-09-01,434723.2803,0.0002411702813140959,0.021354605839359775,434668.653,0.00024120206008237943,0.02123161386565413,434668.653,0.00024120206008237943,0.02123161386565413,20000.0
2014-09-02,434888.40030000004,0.00037982782952439287,0.021346497845415202,434833.77300000004,0.0003798755646637897,0.021223551557022234,434833.77300000004,0.0003798755646637897,0.021223551557022234,0.0
2014-09-03,434921.4243,7.593672302408372e-05,0.02134487698540358,434866.797,7.594626280327255e-05,0.02122193983000271,434866.797,7.594626280327255e-05,0.02122193983000271,0.0
2014-09-04,434917.2963,-9.49136963457331e-06,0.021345079579443746,434862.669,-9.492561925839027e-06,0.021222141282493036,434862.669,-9.492561925839027e-06,0.021222141282493036,0.0
2014-09-05,434904.91229999997,-2.8474379164422636e-05,0.021345687384639864,434850.285,-2.847795610627646e-05,0.021222745662912476,434850.285,-2.847795610627646e-05,0.021222745662912476,0.0
2014-09-09,434925.55230000004,4.7458649963028066e-05,0.021344674395209165,434870.92500000005,4.746461187221662e-05,0.021221738381336952,434870.92500000005,4.746461187221662e-05,0.021221738381336952,0.0
2014-09-10,434970.9603,0.00010440407504175298,0.021342446156859027,434916.333,0.00010441718999709693,0.021219522698403704,434916.333,0.00010441718999709693,0.021219522698403704,0.0
2014-09-11,435156.7203,0.00042706299260042435,0.021333335478767316,435102.093,0.000427116633488156,0.021210463356700068,435102.093,0.000427116633488156,0.021210463356700068,0.0
2014-09-12,435247.5363,0.00020869722507654842,0.021328884199820836,435192.909,0.00020872342712441316,0.021206037159948312,435192.909,0.00020872342712441316,0.021206037159948312,0.0
2014-09-15,435309.4563,0.00014226387247684436,0.021325850301773044,435254.829,0.00014228173005470524,0.02120302035752946,435254.829,0.00014228173005470524,0.02120302035752946,0.0
2014-09-16,435441.5523,0.00030345309087187466,0.021319380869752644,435386.925,0.00030349117620009913,0.021196587380293987,435386.925,0.00030349117620009913,0.021196587380293987,0.0
2014-09-17,435412.65630000003,-6.636022641226536e-05,0.021320795722584086,435358.02900000004,-6.636855252362128e-05,0.021197994260489458,435358.02900000004,-6.636855252362128e-05,0.021197994260489458,0.0
2014-09-18,435594.2883,0.000417149105272685,0.021311905480281328,435539.661,0.00041720144777657175,0.021189154114715638,435539.661,0.00041720144777657175,0.021189154114715638,0.0
2014-09-19,435643.8243,0.00011372049939706308,0.021309482155328734,435589.197,0.00011373476272225069,0.02118674444536329,435589.197,0.00011373476272225069,0.02118674444536329,0.0
2014-09-22,435660.3363,3.790252283875084e-05,0.02130867450280673,435605.70900000003,3.790727619912282e-05,0.02118594134403322,435605.70900000003,3.790727619912282e-05,0.02118594134403322,0.0
2014-09-23,435676.84830000007,3.790108629186939e-05,0.02130786691150422,435622.2210000001,3.790583929208502e-05,0.021185138303585305,435622.2210000001,3.790583929208502e-05,0.021185138303585305,0.0
2014-09-24,435594.2883,-0.00018949824926939307,0.021311905480281328,435539.661,-0.0001895220124688013,0.021189154114715638,435539.661,-0.0001895220124688013,0.021189154114715638,0.0
2014-09-25,435652.08030000003,0.00013267391596327727,0.02130907832141486,435597.45300000004,0.00013269055650932948,0.02118634288708755,435597.45300000004,0.00013269055650932948,0.02118634288708755,0.0
2014-09-26,436023.6003,0.0008527906024093923,0.021290921623537667,435968.973,0.0008528975489670021,0.021168288505705207,435968.973,0.0008528975489670021,0.021168288505705207,0.0
2014-09-29,436816.17630000005,0.001817736469894582,0.02125229055991811,436761.54900000006,0.0018179642338906898,0.021129875148418808,436761.54900000006,0.0018179642338906898,0.021129875148418808,0.0
2014-09-30,438471.5043,0.0037895299895283063,0.021172058409634754,438416.877,0.0037900039593457002,0.021050095204250097,438416.877,0.0037900039593457002,0.021050095204250097,0.0
2014-10-08,457167.51038000005,-0.002973953625747483,0.017257597272041764,457112.88308000006,-0.002974324184148447,0.017140154587655297,457112.88308000006,-0.002974324184148447,0.017140154587655297,20000.0
2014-10-09,457527.26558,0.0007869220621143924,0.017244027566310126,457472.63827999996,0.0007870161032781375,0.017126675618148193,457472.63827999996,0.0007870161032781375,0.017126675618148193,0.0
2014-10-10,456643.04798000003,-0.0019326008885591772,0.017277417919533425,456588.42068,-0.0019328316625109032,0.017159842705453,456588.42068,-0.0019328316625109032,0.017159842705453,0.0
2014-10-13,456721.06718,0.000170853800019799,0.017274466511286658,456666.43987999996,0.0001708742413655262,0.01715691103129635,456666.43987999996,0.0001708742413655262,0.01715691103129635,0.0
2014-10-14,456816.42397999996,0.00020878563931536753,0.017270860603614005,456761.7966799999,0.00020881061464694817,0.017153329234075743,456761.7966799999,0.00020881061464694817,0.017153329234075743,0.0
2014-10-15,456855.43358,8.539447785205212e-05,0.01726938589342281,456800.80628,8.540469076812052e-05,0.0171518643844019,456800.80628,8.540469076812052e-05,0.0171518643844019,0.0
2014-10-16,456955.12478,0.00021821169821456543,0.01726561833352553,456900.49748,0.00021823779343099758,0.017148122016091623,456900.49748,0.00021823779343099758,0.017148122016091623,0.0
2014-10-17,457011.47198000003,0.0001233101391020508,0.01726348957022524,456956.84468,0.00012332488213684378,0.017146007486739202,456956.84468,0.00012332488213684378,0.017146007486739202,0.0
2014-10-20,457015.80638,9.484225814260228e-06,0.017263325840944657,456961.17908000003,9.485359614425093e-06,0.017145844852234887,456961.17908000003,9.485359614425093e-06,0.017145844852234887,0.0
2014-10-21,457024.47518,1.8968271729313813e-05,0.0172629983917003,456969.84788,1.89705392861228e-05,0.017145519592481877,456969.84788,1.89705392861228e-05,0.017145519592481877,0.0
2014-10-22,457054.81598,6.63876917927908e-05,0.017261852417162257,457000.18868,6.639562794075182e-05,0.0171443812805211,457000.18868,6.639562794075182e-05,0.0171443812805211,0.0
2014-10-23,457089.49118000007,7.586661115399629e-05,0.017260542918264368,457034.8638800001,7.58756798333593e-05,0.01714308053763087,457034.8638800001,7.58756798333593e-05,0.01714308053763087,0.0
2014-10-24,457145.83838000003,0.00012327389075283968,0.017258415406249013,457091.21108000004,0.0001232886251205656,0.017140967251345212,457091.21108000004,0.0001232886251205656,0.017140967251345212,0.0
2014-10-27,457319.21438,0.00037925752668854784,0.017251872503752493,457264.58707999997,0.0003793028520286956,0.01713446809872737,457264.58707999997,0.0003793028520286956,0.01713446809872737,0.0
2014-10-28,457496.92478000006,0.00038859158857107445,0.017245171175290307,457442.29748000007,0.0003886380118236499,0.017127811580087995,457442.29748000007,0.0003886380118236499,0.017127811580087995,0.0
2014-10-29,457622.6223800001,0.0002747506992761828,0.01724043435389575,457567.99508,0.00027478350972875987,0.01712310643280493,457567.99508,0.00027478350972875987,0.01712310643280493,0.0
2014-10-30,457609.61918000004,-2.8414679179133984e-05,0.01724092424922704,457554.99188,-2.8418071499447528e-05,0.017123593052296618,457554.99188,-2.8418071499447528e-05,0.017123593052296618,0.0
2014-10-31,457622.6223800001,2.8415486596156114e-05,0.01724043435389575,457567.99508,2.8418879109093353e-05,0.01712310643280493,457567.99508,2.8418879109093353e-05,0.01712310643280493,0.0
2014-11-03,477679.819948,0.000124988506255308,0.013529649941468231,477625.192648,0.0001250034281572443,0.013416824628684786,477625.192648,0.0001250034281572443,0.013416824628684786,20000.0
2014-11-04,477757.013548,0.00016160113275964783,0.013527463887980568,477702.386248,0.0001616196155231897,0.013414656557049659,477702.386248,0.0001616196155231897,0.013414656557049659,0.0
2014-11-05,477784.258348,5.702647837169117e-05,0.013526692508342802,477729.631048,5.703299959192165e-05,0.013413891522579924,477729.631048,5.703299959192165e-05,0.013413891522579924,0.0
2014-11-06,477843.28874800005,0.00012355032416544454,0.01352502148755367,477788.66144800006,0.00012356445186489928,0.013412234247206885,477788.66144800006,0.00012356445186489928,0.013412234247206885,0.0
2014-11-07,477897.778348,0.00011403236434004427,0.013523479373226637,477843.151048,0.00011404540207138325,0.013410704817983858,477843.151048,0.00011404540207138325,0.013410704817983858,0.0
2014-11-10,477961.349548,0.00013302258951641832,0.013521680684247403,477906.72224800003,0.00013303779673434768,0.013408920924687453,477906.72224800003,0.00013303779673434768,0.013408920924687453,0.0
2014-11-11,478043.08394800004,0.00017100629596367156,0.01351936878706736,477988.45664800005,0.00017102584289996337,0.01340662804482564,477988.45664800005,0.00017102584289996337,0.01340662804482564,0.0
2014-11-12,478097.573548,0.00011398470520673776,0.013517827961432138,478042.946248,0.00011399773204168184,0.01340509989383995,478042.946248,0.00011399773204168184,0.01340509989383995,0.0
2014-11-13,478142.98154800007,9.49764284789989e-05,0.013516544208337852,478088.3542480001,9.498728170020954e-05,0.013403826700777263,478088.3542480001,9.498728170020954e-05,0.013403826700777263,0.0
2014-11-14,478265.58314800006,0.00025641200379666884,0.013513079292598975,478210.95584800007,0.0002564413019281453,0.013400390287245658,478210.95584800007,0.0002564413019281453,0.013400390287245658,0.0
2014-11-17,478265.58314800006,0.0,0.013513079292598975,478210.95584800007,0.0,0.013400390287245658,478210.95584800007,0.0,0.013400390287245658,0.0
2014-11-18,478270.123948,9.494306427049182e-06,0.01351295099650148,478215.49664800003,9.495390986824503e-06,0.013400263046508706,478215.49664800003,9.495390986824503e-06,0.013400263046508706,0.0
2014-11-19,478274.66474800004,9.494216286265456e-06,0.013512822702840101,478220.03744800005,9.495300825390629e-06,0.013400135808188105,478220.03744800005,9.495300825390629e-06,0.013400135808188105,0.0
2014-11-20,478329.154348,0.00011392951376310023,0.013511283368895568,478274.527048,0.00011394252798524462,0.013398609136791575,478274.527048,0.00011394252798524462,0.013398609136791575,0.0
2014-11-21,478124.818348,-0.00042718700740396187,0.013517057680314928,478070.191048,-0.0004272357996174536,0.013404335948979077,478070.191048,-0.0004272357996174536,0.013404335948979077,0.0
2014-11-24,477212.11754800007,-0.0019089174311290869,0.013542909977238692,477157.4902480001,-0.0019091355560135748,0.013429975592899877,477157.4902480001,-0.0019091355560135748,0.013429975592899877,0.0
2014-11-25,477734.309548,0.001094255532912758,0.013528106771554083,477679.682248,0.0010943808085848161,0.013415294152437928,477679.682248,0.0010943808085848161,0.013415294152437928,0.0
2014-11-26,478483.54154799995,0.001568302684202827,0.013506923826661407,478428.91424799996,0.0015684820348105255,0.013394285456330552,478428.91424799996,0.0015684820348105255,0.013394285456330552,0.0
2014-11-27,478887.672748,0.0008446083614341848,0.01349552539307247,478833.045448,0.0008447047993227486,0.01338298078822949,478833.045448,0.0008447047993227486,0.01338298078822949,0.0
2014-11-28,479096.54954800004,0.00043617075963009455,0.01348964160584611,479041.92224800005,0.00043622051983605026,0.01337714540290791,479041.92224800005,0.00043622051983605026,0.01337714540290791,0.0
2014-12-01,499010.059176,-0.00018052806283330725,0.009957625271532797,498955.431876,-0.0001805486492584274,0.009849232139878393,498955.431876,-0.0001805486492584274,0.009849232139878393,20000.0
2014-12-02,499105.0031760001,0.00019026470159100306,0.009955731047335954,499050.3758760001,0.0001902855324034114,0.00984735833005579,499050.3758760001,0.0001902855324034114,0.00984735833005579,0.0
2014-12-03,499214.188776,0.00021876278399357574,0.00995355358024411,499159.561476,0.00021878673031405782,0.00984520432999116,499159.561476,0.00021878673031405782,0.00984520432999116,0.0
2014-12-04,499123.99197599996,-0.00018067755690431841,0.009955352288973804,499069.36467599997,-0.00018069732999470567,0.009846983653645874,499069.36467599997,-0.00018069732999470567,0.009846983653645874,0.0
2014-12-05,499266.407976,0.0002853319060784898,0.009952512519606315,499211.780676,0.00028536313803284585,0.009844174489122315,499211.780676,0.00028536313803284585,0.009844174489122315,0.0
2014-12-08,499299.63837600005,6.655845350134193e-05,0.00995185013985153,499245.01107600005,6.656573680019484e-05,0.009843519248010864,499245.01107600005,6.656573680019484e-05,0.009843519248010864,0.0
2014-12-09,499418.31837600004,0.00023769294202979907,0.009949485217438514,499363.69107600005,0.0002377189503490751,0.009841179813075503,499363.69107600005,0.0002377189503490751,0.009841179813075503,0.0
2014-12-10,499508.515176,0.0001806037077158873,0.009947688627989096,499453.887876,0.000180623464644869,0.009839402586090368,499453.887876,0.000180623464644869,0.009839402586090368,0.0
2014-12-11,499565.481576,0.0001140449026777457,0.009946554274174919,499510.854276,0.00011405737623193524,0.009838280457634735,499510.854276,0.00011405737623193524,0.009838280457634735,0.0
2014-12-12,499608.206376,8.55239234409666e-05,0.009945703678574946,499553.579076,8.553327647287112e-05,0.009837439029242463,499553.579076,8.553327647287112e-05,0.009837439029242463,0.0
2014-12-15,499612.95357600006,9.501845525061725e-06,0.009945609176932893,499558.32627600007,9.502884573020509e-06,0.009837345546083232,499558.32627600007,9.502884573020509e-06,0.009837345546083232,0.0
2014-12-16,499480.03197600006,-0.0002660491467416648,0.00994825590192717,499425.40467600006,-0.00026607823953384013,0.009839963746313928,499425.40467600006,-0.00026607823953384013,0.009839963746313928,0.0
2014-12-17,499176.21117600007,-0.0006082741662325475,0.009954310852061126,499121.5838760001,-0.0006083406994425999,0.00984595344051661,499121.5838760001,-0.0006083406994425999,0.00984595344051661,0.0
2014-12-18,499503.76797600003,0.0006561947317726968,0.009947783169152711,499449.14067600004,0.0006562665502387599,0.009839496108349497,499449.14067600004,0.0006562665502387599,0.009839496108349497,0.0
2014-12-19,499973.740776,0.0009408793889671418,0.009938432303040137,499919.113476,0.0009409822977448634,0.00983024602086139,499919.113476,0.0009409822977448634,0.00983024602086139,0.0
2014-12-22,500049.69597600005,0.00015191837851746826,0.009936922701855817,499995.06867600005,0.00015193497898469133,0.009828752689528061,499995.06867600005,0.00015193497898469133,0.009828752689528061,0.0
2014-12-23,500196.859176,0.0002942971492316815,0.009933999154224257,500142.231876,0.00029432930286610315,0.009825860650812647,500142.231876,0.00029432930286610315,0.009825860650812647,0.0
2014-12-24,500766.52317600005,0.0011388796022000491,0.009922698395422928,500711.89587600005,0.0011390039946501673,0.00981468168916247,500711.89587600005,0.0011390039946501673,0.00981468168916247,0.0
2014-12-25,500809.2479760001,8.531880232132139e-05,0.009921851874904151,500754.6206760001,8.53281105399617e-05,0.009813844292371868,500754.6206760001,8.53281105399617e-05,0.009813844292371868,0.0
2014-12-26,500510.17437599995,-0.0005971806655105105,0.009927780553502134,500455.54707599996,-0.0005972458119235524,0.00981970907248972,500455.54707599996,-0.0005972458119235524,0.00981970907248972,0.0
2014-12-29,500505.4271760001,-9.484722275243662e-06,0.009927874716636604,500450.7998760001,-9.485757581528809e-06,0.009819802220753085,500450.7998760001,-9.485757581528809e-06,0.009819802220753085,0.0
2014-12-30,500595.623976,0.00018021143248891924,0.009926085922473505,500540.996676,0.00018023110368137196,0.009818032705882522,500540.996676,0.00018023110368137196,0.009818032705882522,0.0
2014-12-31,501158.408676,0.0011242301631206875,0.009914939248704603,501103.781376,0.0011243528576827533,0.009807006170469442,501103.781376,0.0011243528576827533,0.009807006170469442,0.0
2015-01-05,520695.06015274994,-0.0009245550213837772,0.0065334411886912,520640.43285274995,-0.0009246558107738334,0.006429203422425526,520640.43285274995,-0.0009246558107738334,0.006429203422425526,20000.0
2015-01-06,520757.00895274995,0.00011897328156296183,0.0065326639762206,520702.38165274996,0.00011898576462954225,0.00642843852975169,520702.38165274996,0.00011898576462954225,0.00642843852975169,0.0
2015-01-07,520782.82095275,4.956630358554648e-05,0.0065323401922635065,520728.19365275,4.957150362572271e-05,0.006428119878183842,520728.19365275,4.957150362572271e-05,0.006428119878183842,0.0
2015-01-08,520901.5561527499,0.00022799369568815564,0.006530851199362574,520846.92885274993,0.00022801761350210725,0.00642665448776474,520846.92885274993,0.00022801761350210725,0.00642665448776474,0.0
2015-01-09,520891.23135275004,-1.9821019687782382e-05,0.006530980650058619,520836.60405275004,-1.9823098549531792e-05,0.006426781886495432,520836.60405275004,-1.9823098549531792e-05,0.006426781886495432,0.0
2015-01-12,520891.23135275004,0.0,0.006530980650058619,520836.60405275004,0.0,0.006426781886495432,520836.60405275004,0.0,0.006426781886495432,0.0
2015-01-13,520994.47935275,0.00019821412568576946,0.006529686373982998,520939.85205275,0.00019823491512793723,0.006425508126437333,520939.85205275,0.00019823491512793723,0.006425508126437333,0.0
2015-01-14,521133.86415274994,0.0002675360402535354,0.0065279399147871835,521079.23685274995,0.0002675640948772706,0.006423789351053937,521079.23685274995,0.0002675640948772706,0.006423789351053937,0.0
2015-01-15,521252.59935275,0.00022784011588483644,0.00652645292699598,521197.97205275,0.00022786400148500086,0.006422325934167736,521197.97205275,0.00022786400148500086,0.006422325934167736,0.0
2015-01-16,521459.09535275,0.0003961534201581962,0.006523868474187268,521404.46805275,0.0003961949414090782,0.00641978244883656,521404.46805275,0.0003961949414090782,0.00641978244883656,0.0
2015-01-19,521701.72815275,0.00046529594010791264,0.0065208343564351024,521647.10085275,0.0004653446889439916,0.0064167964266993605,521647.10085275,0.0004653446889439916,0.0064167964266993605,0.0
2015-01-20,522321.21615274996,0.0011874371246447524,0.006513100459153362,522266.58885274996,0.001187561474006671,0.006409185125364702,522266.58885274996,0.001187561474006671,0.006409185125364702,0.0
2015-01-21,522119.88255275,-0.0003854593567592657,0.006515611962749417,522065.25525275,-0.00038549967449041933,0.006411656816980592,522065.25525275,-0.00038549967449041933,0.006411656816980592,0.0
2015-01-22,521856.60015275,-0.0005042566061893572,0.00651889916071629,521801.97285275,-0.0005043093700471957,0.00641489190707717,521801.97285275,-0.0005043093700471957,0.00641489190707717,0.0
2015-01-23,521872.08735274995,2.9677118188020657e-05,0.00651870570431667,521817.46005274996,2.968022507721102e-05,0.006414701517292334,521817.46005274996,2.968022507721102e-05,0.006414701517292334,0.0
2015-01-26,521908.2241527499,6.924455412682384e-05,0.00651825435070047,521853.59685274994,6.925180310424217e-05,0.00641425731840746,521853.59685274994,6.925180310424217e-05,0.00641425731840746,0.0
2015-01-27,521975.3353527499,0.00012858812506544304,0.00651741628835968,521920.7080527499,0.00012860158558791746,0.00641343254081365,521920.7080527499,0.00012860158558791746,0.00641343254081365,0.0
2015-01-28,522037.2841527499,0.00011868146980198446,0.006516642883604079,521982.65685274993,0.0001186938917046021,0.006412671395889449,521982.65685274993,0.0001186938917046021,0.006412671395889449,0.0
2015-01-29,522114.72015275,0.0001483342327277537,0.006515676385746697,522060.09285275,0.00014834975642097348,0.006411720218756758,522060.09285275,0.00014834975642097348,0.006411720218756758,0.0
2015-01-30,521954.68575274997,-0.000306511948089061,0.006517674130741521,521900.05845275,-0.00030654402087226806,0.006413686295942528,521900.05845275,-0.00030654402087226806,0.006413686295942528,0.0
2015-02-02,542061.1115325999,0.00020389850451563163,0.003290563544683929,542006.4842326,0.00020391984658041373,0.0031901080206597535,542006.4842326,0.00020391984658041373,0.0031901080206597535,20000.0
2015-02-03,542265.4565325999,0.0003769777902389304,0.0032893235427633974,542210.8292325999,0.00037701578476379005,0.003188905752854804,542210.8292325999,0.00037701578476379005,0.003188905752854804,0.0
2015-02-04,542480.5565326,0.0003966691910923803,0.0032880192868126015,542425.9292326,0.0003967091551906332,0.003187641186412691,542425.9292326,0.0003967091551906332,0.003187641186412691,0.0
2015-02-05,542566.5965325999,0.00015860476281370772,0.003287497873992046,542511.9692326,0.0001586207357779923,0.003187135640612353,542511.9692326,0.0001586207357779923,0.003187135640612353,0.0
2015-02-06,542598.8615325999,5.946735424955385e-05,0.003287302386816484,542544.2342326,5.947334221145795e-05,0.0031869461022762022,542544.2342326,5.947334221145795e-05,0.0031869461022762022,0.0
2015-02-09,542550.4640325999,-8.919572714038981e-05,0.0032875956262989154,542495.8367326,-8.920470801498936e-05,0.003187230418235038,542495.8367326,-8.920470801498936e-05,0.003187230418235038,0.0
2015-02-10,542459.0465325998,-0.0001684958470418163,0.003288149665862065,542404.4192325999,-0.0001685128139428116,0.0031877675979231595,542404.4192325999,-0.0001685128139428116,0.0031877675979231595,0.0
2015-02-11,542534.3315326,0.0001387846704399287,0.003287693384419201,542479.7042326,0.00013879864789201335,0.0031873252014948,542479.7042326,0.00013879864789201335,0.0031873252014948,0.0
2015-02-12,542969.9090325999,0.0008028570261524592,0.0032850559541650953,542915.2817326,0.0008029378732539172,0.0031847680306254828,542915.2817326,0.0008029378732539172,0.0031847680306254828,0.0
2015-02-13,543744.2690325999,0.0014261563801567512,0.0032803776226891738,543689.6417325999,0.001426299877816728,0.0031802320660182922,543689.6417325999,0.001426299877816728,0.0031802320660182922,0.0
2015-02-16,544303.5290325999,0.0010285349783916153,0.0032770071062559517,544248.9017326,0.0010286383206010719,0.0031769641189823327,544248.9017326,0.0010286383206010719,0.0031769641189823327,0.0
2015-02-17,543819.5540325999,-0.000889163810604221,0.003279923495529727,543764.9267326,-0.0008892530576712909,0.00317979175852636,543764.9267326,-0.0008892530576712909,0.00317979175852636,0.0
2015-02-25,543819.5540325999,0.0,0.003279923495529727,543764.9267326,0.0,0.00317979175852636,543764.9267326,0.0,0.00317979175852636,0.0
2015-02-26,543867.9515325999,8.899551264951455e-05,0.003279631623032134,543813.3242325999,8.90044532493306e-05,0.0031795087680868556,543813.3242325999,8.90044532493306e-05,0.0031795087680868556,0.0
2015-02-27,543900.2165325999,5.932506210215571e-05,0.003279437070224283,543845.5892326,5.933102144117797e-05,0.0031793201357757117,543845.5892326,5.933102144117797e-05,0.0031793201357757117,0.0
2015-03-02,564030.4804473,0.00023949965589387112,0.00015863370935036912,563975.8531473,0.0002395237127579275,6.178801291854892e-05,563975.8531473,0.0002395237127579275,6.178801291854892e-05,20000.0
2015-03-03,564075.2212473,7.932337267391176e-05,0.0001586211269875991,564020.5939473,7.933105602009327e-05,6.178311159906155e-05,564020.5939473,7.933105602009327e-05,6.178311159906155e-05,0.0
2015-03-04,564142.3324473,0.00011897562146323537,0.00015860225718548497,564087.7051472999,0.00011898714465408133,6.17757610776421e-05,564087.7051472999,0.00011898714465408133,6.17757610776421e-05,0.0
2015-03-05,564203.8510472999,0.00010904801228628358,0.00015858496381040296,564149.2237472999,0.00010905857269816188,6.176902463597833e-05,564149.2237472999,0.00010905857269816188,6.176902463597833e-05,0.0
2015-03-06,564248.5918473001,7.929899790126704e-05,0.00015857238917884624,564193.9645473,7.930667652611412e-05,6.176412632839069e-05,564193.9645473,7.930667652611412e-05,6.176412632839069e-05,0.0
2015-03-09,564265.3696473,2.973476627565752e-05,0.00015856767420611485,564210.7423472999,2.97376453031184e-05,6.176228966332757e-05,564210.7423472999,2.97376453031184e-05,6.176228966332757e-05,0.0
2015-03-10,564416.3698473,0.0002676049393113278,0.0001585252520656565,564361.7425473,0.00026763084901904044,6.174576459192651e-05,564361.7425473,0.00026763084901904044,6.174576459192651e-05,0.0
2015-03-11,564388.4068473,-4.9543212234492984e-05,0.00015853310630498837,564333.7795473,-4.9548007761468504e-05,6.174882412314342e-05,564333.7795473,-4.9548007761468504e-05,6.174882412314342e-05,0.0
2015-03-12,564584.1478473,0.0003468196682023805,0.00015847814296802686,564529.5205473,0.00034685324021732633,6.172741376966718e-05,564529.5205473,0.00034685324021732633,6.172741376966718e-05,0.0
2015-03-13,564998.0002473,0.000733021643590126,0.00015836206015041308,564943.3729473,0.000733092575209815,6.168219501048235e-05,564943.3729473,0.000733092575209815,6.168219501048235e-05,0.0
2015-03-16,565411.8526473,0.0007324847164393855,0.00015824614726610525,565357.2253473,0.0007325555441795029,6.163704245330637e-05,565357.2253473,0.0007325555441795029,6.163704245330637e-05,0.0
2015-03-17,565568.4454473,0.0002769535149764746,0.0001582023325740214,565513.8181472999,0.00027698027544231785,6.161997493567593e-05,565513.8181472999,0.00027698027544231785,6.161997493567593e-05,0.0
2015-03-18,565478.9638473,-0.0001582153331223246,0.00015822736656953228,565424.3365473,-0.00015823061635011904,6.16297266453085e-05,565424.3365473,-0.00015823061635011904,6.16297266453085e-05,0.0
2015-03-19,565411.8526473,-0.00011868027688144434,0.00015824614726610525,565357.2253473,-0.00011869174293033247,6.163704245330637e-05,565357.2253473,-0.00011869174293033247,6.163704245330637e-05,0.0
2015-03-20,565495.7416473001,0.00014836795445183348,0.00015822267209189908,565441.1143473,0.00014838229041558293,6.162789796465286e-05,565441.1143473,0.00014838229041558293,6.162789796465286e-05,0.0
2015-03-23,565562.8528473,0.0001186767557337376,0.00015820389696666264,565508.2255473,0.00011868822110217003,6.16205843271158e-05,565508.2255473,0.00011868822110217003,6.16205843271158e-05,0.0
2015-03-24,565613.1862473,8.899700492448481e-05,0.00015818981854660245,565558.5589473,8.900560191027473e-05,6.161510023803235e-05,565558.5589473,8.900560191027473e-05,6.161510023803235e-05,0.0
2015-03-25,565719.4456473,0.0001878658464542493,0.0001581601056644765,565664.8183472999,0.0001878839924158715,6.16035259216353e-05,565664.8183472999,0.0001878839924158715,6.16035259216353e-05,0.0
2015-03-26,565775.3716473001,9.885818921451239e-05,0.00015814447178836124,565720.7443473,9.88677361331014e-05,6.159743592259404e-05,565720.7443473,9.88677361331014e-05,6.159743592259404e-05,0.0
2015-03-27,565926.3718473,0.0002668907265443998,0.0001581022757571161,565871.7445472999,0.00026691649812859986,6.158099893800625e-05,565871.7445472999,0.00026691649812859986,6.158099893800625e-05,0.0
2015-03-30,565920.7792473,-9.882204255129423e-06,0.00015810383817153843,565866.1519473,-9.88315824890229e-06,6.158160755877897e-05,565866.1519473,-9.88315824890229e-06,6.158160755877897e-05,0.0
2015-03-31,565931.9644473001,1.97646038284649e-05,0.0001581007133735736,565877.3371473,1.9766511853758217e-05,6.158039032926357e-05,565877.3371473,1.9766511853758217e-05,6.158039032926357e-05,0.0
2015-04-01,586073.866723925,0.0002507408761820429,0.015700386583282874,586019.2394239249,0.000250765081599269,0.015608632547485575,586019.2394239249,0.000250765081599269,0.015608632547485575,20000.0
2015-04-02,586216.3704739249,0.0002431498111261643,0.015696569965260494,586161.7431739249,0.00024317247696514777,0.015604837880405559,586161.7431739249,0.00024317247696514777,0.015604837880405559,0.0
2015-04-03,586421.5758739249,0.0003500506132814163,0.015691077294030673,586366.9485739248,0.0003500832362222095,0.015599376800092333,586366.9485739248,0.0003500832362222095,0.015599376800092333,0.0
2015-04-07,586472.877223925,8.748203018216216e-05,0.015689704726808213,586418.2499239249,8.749018021037003e-05,0.015598012127200401,586418.2499239249,8.749018021037003e-05,0.015598012127200401,0.0
2015-04-08,586592.5803739249,0.00020410688140692912,0.015686503003599965,586537.9530739249,0.00020412589481222376,0.015594828818813317,586537.9530739249,0.00020412589481222376,0.015594828818813317,0.0
2015-04-09,586655.282023925,0.00010689131110397376,0.015684826431938217,586600.6547239249,0.00010690126644230524,0.01559316189005943,586600.6547239249,0.00010690126644230524,0.01559316189005943,0.0
2015-04-10,586649.581873925,-9.716353324695781e-06,0.015684978832734446,586594.954573925,-9.717258162011966e-06,0.015593313414311478,586594.954573925,-9.717258162011966e-06,0.015593313414311478,0.0
2015-04-13,586421.5758739249,-0.00038865790932951505,0.015691077294030673,586366.9485739248,-0.00038869410352460054,0.015599376800092333,586366.9485739248,-0.00038869410352460054,0.015599376800092333,0.0
2015-04-14,586575.4799239249,0.0002624460905460424,0.015686960312624072,586520.8526239248,0.00026247054063044395,0.015595283497601432,586520.8526239248,0.00026247054063044395,0.015595283497601432,0.0
2015-04-15,586752.184573925,0.00030124793150743123,0.015682236071446136,586697.5572739249,0.00030127598909657216,0.015590586428254663,586697.5572739249,0.00030127598909657216,0.015590586428254663,0.0
2015-04-16,587014.391473925,0.0004468784384508151,0.015675231148628083,586959.7641739249,0.00044692004721880174,0.015583621795266083,586959.7641739249,0.00044692004721880174,0.015583621795266083,0.0
2015-04-17,587504.6043739249,0.0008350951988911337,0.015662151760888258,587449.9770739248,0.0008351729197142443,0.015570617637072376,587449.9770739248,0.0008351729197142443,0.015570617637072376,0.0
2015-04-20,588171.5219239249,0.0011351699119204195,0.01564439271698567,588116.8946239249,0.0011352754720017622,0.015552960742224722,588116.8946239249,0.0011352754720017622,0.015552960742224722,0.0
2015-04-21,588433.728823925,0.0004458000604015133,0.015637421553512592,588379.101523925,0.00044584146858728246,0.015546029677522595,588379.101523925,0.00044584146858728246,0.015546029677522595,0.0
2015-04-22,587892.214573925,-0.0009202637841346784,0.015651825361548424,587837.587273925,-0.0009203492248407441,0.015560350634166999,587837.587273925,-0.0009203492248407441,0.015560350634166999,0.0
2015-04-23,587749.710823925,-0.00024239774990608698,0.015655620248670087,587695.0835239249,-0.0002424202757447258,0.01556412369332446,587695.0835239249,-0.0002424202757447258,0.01556412369332446,0.0
2015-04-24,587795.3120239249,7.758608666263989e-05,0.01565440568459399,587740.6847239248,7.759329842693674e-05,0.01556291611532993,587740.6847239248,7.759329842693674e-05,0.01556291611532993,0.0
2015-04-27,587812.4124739249,2.909252532345974e-05,0.0156539502716493,587757.7851739249,2.9095229315379e-05,0.015562463321890867,587757.7851739249,2.9095229315379e-05,0.015562463321890867,0.0
2015-04-28,587858.0136739251,7.757781059480884e-05,0.015652735966663188,587803.386373925,7.758502082055863e-05,0.015561256001519995,587803.386373925,7.758502082055863e-05,0.015561256001519995,0.0
2015-04-29,587909.315023925,8.726826683758127e-05,0.01565137009872104,587854.687723925,8.727637708316749e-05,0.015559897989995642,587854.687723925,8.727637708316749e-05,0.015559897989995642,0.0
2015-04-30,587960.616373925,8.726065175190811e-05,0.015650004469131142,587905.989073925,8.726876058195998e-05,0.015558540215474573,587905.989073925,8.726876058195998e-05,0.015558540215474573,0.0
2015-05-04,607780.736632825,-0.00030593841847670333,0.012098582497963122,607726.1093328249,-0.00030596684579342615,0.012009781990175874,607726.1093328249,-0.00030596684579342615,0.012009781990175874,20000.0
2015-05-05,607792.567132825,1.9465078912483946e-05,0.012098347002684005,607737.939832825,1.946682858999793e-05,0.012009548202359575,607737.939832825,1.946682858999793e-05,0.012009548202359575,0.0
2015-05-06,608141.566882825,0.0005742086508992994,0.012091404013897706,608086.9395828249,0.0005742602643763473,0.012002655554207797,608086.9395828249,0.0005742602643763473,0.012002655554207797,0.0
2015-05-07,607987.770382825,-0.0002528958853910135,0.012094462653738852,607933.143082825,-0.0002529186042138365,0.012005692017075378,607933.143082825,-0.0002529186042138365,0.012005692017075378,0.0
2015-05-08,608537.888632825,0.000904817953251813,0.012083529259526188,608483.261332825,0.0009048992578530868,0.011994837897164165,608483.261332825,0.0009048992578530868,0.011994837897164165,0.0
2015-05-11,608721.2613828251,0.000301333332608289,0.012079889186260155,608666.634082825,0.0003013603851622637,0.011991224217215497,608666.634082825,0.0003013603851622637,0.011991224217215497,0.0
2015-05-12,608756.752882825,5.830501126125043e-05,0.012079184909247994,608702.1255828249,5.8310244085202356e-05,0.011990525046773311,608702.1255828249,5.8310244085202356e-05,0.011990525046773311,0.0
2015-05-13,608585.210632825,-0.0002817911245954763,0.012082589675780759,608530.583332825,-0.0002818164136287882,0.01199390512610135,608530.583332825,-0.0002818164136287882,0.01199390512610135,0.0
2015-05-14,608644.363132825,9.719674248809262e-05,0.012081415401559081,608589.735832825,9.720546776126326e-05,0.011992739366261515,608589.735832825,9.720546776126326e-05,0.011992739366261515,0.0
2015-05-15,608715.346132825,0.00011662475543960937,0.012080006573746709,608660.718832825,0.00011663522373228652,0.011991340753549875,608660.718832825,0.00011663522373228652,0.011991340753549875,0.0
2015-05-18,608656.193632825,-9.717596307656784e-05,0.012081180574104101,608601.566332825,-9.718468461938912e-05,0.011992506241486749,608601.566332825,-9.718468461938912e-05,0.011992506241486749,0.0
2015-05-19,608744.922382825,0.0001457781107432332,0.012079419659127318,608690.295082825,0.00014579119560043097,0.01199075809452799,608690.295082825,0.00014579119560043097,0.01199075809452799,0.0
2015-05-20,608673.939382825,-0.00011660549006664578,0.012080828350037483,608619.312082825,-0.00011661595490086718,0.011992156571317877,608619.312082825,-0.00011661595490086718,0.011992156571317877,0.0
2015-05-21,608987.447632825,0.0005150676408420818,0.012074609109609308,608932.820332825,0.0005151138713082037,0.01198598242550924,608932.820332825,0.0005151138713082037,0.01198598242550924,0.0
2015-05-22,609366.023632825,0.0006216482810468271,0.012067107612904538,609311.396332825,0.0006217040490494874,0.01197853532159812,609311.396332825,0.0006217040490494874,0.01197853532159812,0.0
2015-05-25,609342.362632825,-3.882887965911408e-05,0.01206757618336794,609287.735332825,-3.8832360829577084e-05,0.0119790004944677,609287.735332825,-3.8832360829577084e-05,0.0119790004944677,0.0
2015-05-26,609330.532132825,-1.941519369985656e-05,0.012067810482245986,609275.904832825,-1.9416934420313225e-05,0.0119792330944511,609275.904832825,-1.9416934420313225e-05,0.0119792330944511,0.0
2015-05-27,609336.4473828251,9.707785328494367e-06,0.012067693331669712,609281.820082825,9.70865572247348e-06,0.011979116793330294,609281.820082825,9.70865572247348e-06,0.011979116793330294,0.0
2015-05-28,609360.108382825,3.883076435284849e-05,0.012067224752108969,609305.481082825,3.883424586148543e-05,0.011978651611428527,609305.481082825,3.883424586148543e-05,0.011978651611428527,0.0
2015-05-29,609336.4473828251,-3.882925658316161e-05,0.012067693331669712,609281.820082825,-3.8832737821237195e-05,0.011979116793330294,609281.820082825,-3.8832737821237195e-05,0.011979116793330294,0.0
2015-06-01,629333.784659925,-4.369873017551207e-06,0.008666618006011442,629279.157359925,-4.370264813924329e-06,0.008580561022517167,629279.157359925,-4.370264813924329e-06,0.008580561022517167,20000.0
2015-06-02,629284.741859925,-7.792812207996214e-05,0.008667293431912106,629230.1145599249,-7.793488696783424e-05,0.00858122979969165,629230.1145599249,-7.793488696783424e-05,0.00858122979969165,0.0
2015-06-03,629615.7807599249,0.0005260558185813391,0.008662736349050851,629561.1534599249,0.0005261014886921433,0.008576717575806926,629561.1534599249,0.0005261014886921433,0.008576717575806926,0.0
2015-06-04,630247.206809925,0.0010028751967399163,0.008654057409523679,630192.579509925,0.0010029622166647378,0.008568124071095922,630192.579509925,0.0010029622166647378,0.008568124071095922,0.0
2015-06-05,630449.5083599249,0.00032098761853127655,0.008651280455612986,630394.8810599248,0.0003210154428621159,0.008565374453622411,630394.8810599248,0.0003210154428621159,0.008565374453622411,0.0
2015-06-08,630308.510309925,-0.00022364685534725925,0.008653215720097427,630253.8830099249,-0.00022366623561864696,0.008567290667275412,630253.8830099249,-0.00022366623561864696,0.008567290667275412,0.0
2015-06-09,630277.858559925,-4.8629757489537795e-05,0.00865363654434398,630223.2312599249,-4.863397247723e-05,0.008567707348918811,630223.2312599249,-4.863397247723e-05,0.008567707348918811,0.0
2015-06-10,630192.033659925,-0.00013616994288212503,0.00865481507001772,630137.4063599249,-0.00013618174599561161,0.008568874273178552,630137.4063599249,-0.00013618174599561161,0.008568874273178552,0.0
2015-06-11,630198.164009925,9.727749118670914e-06,0.008654730878967041,630143.5367099249,9.728592427871163e-06,0.00856879091090418,630143.5367099249,9.728592427871163e-06,0.00856879091090418,0.0
2015-06-12,630118.469459925,-0.0001264595083757536,0.008655825490403144,630063.8421599249,-0.000126470471182083,0.008569874747001403,630063.8421599249,-0.000126470471182083,0.008569874747001403,0.0
2015-06-15,630216.555059925,0.00015566215680684614,0.008654478315642493,630161.9277599249,0.00015567565290486307,0.008568540833812657,630161.9277599249,0.00015567565290486307,0.008568540833812657,0.0
2015-06-16,630333.031709925,0.0001848200417220447,0.008652879090168032,630278.404409925,0.00018483606334984692,0.008566957351140988,630278.404409925,0.00018483606334984692,0.008566957351140988,0.0
2015-06-17,630523.0725599249,0.00030149276721913587,0.008650271095998103,630468.4452599249,0.0003015188981094763,0.008564375030218879,630468.4452599249,0.0003015188981094763,0.008564375030218879,0.0
2015-06-18,630541.463609925,2.9167925490014568e-05,0.008650018792894466,630486.836309925,2.917045276151775e-05,0.008564125210808973,630486.836309925,2.917045276151775e-05,0.008564125210808973,0.0
2015-06-19,630774.4169099249,0.0003694496134580838,0.008646824227026152,630719.7896099249,0.00036948162369787596,0.00856096209263457,630719.7896099249,0.00036948162369787596,0.00856096209263457,0.0
2015-06-23,630872.5025099249,0.00015550028246313907,0.008645479852467065,630817.8752099249,0.00015551375050515404,0.008559630952322237,630817.8752099249,0.00015551375050515404,0.008559630952322237,0.0
2015-06-24,631179.0200099249,0.00048586283088969395,0.008641281375035675,631124.3927099248,0.000485904905433987,0.008555473805631767,631124.3927099248,0.000485904905433987,0.008555473805631767,0.0
2015-06-25,631172.8896599249,-9.712537656692e-06,0.008641365304621602,631118.2623599248,-9.713378330444833e-06,0.008555556908992852,631118.2623599248,-9.713378330444833e-06,0.008555556908992852,0.0
2015-06-26,631197.411059925,3.885052796426258e-05,0.008641029596059639,631142.7837599249,3.8853890724777074e-05,0.0085552245052348,631142.7837599249,3.8853890724777074e-05,0.0085552245052348,0.0
2015-06-29,631148.3682599249,-7.769803731882963e-05,0.008641701039269487,631093.7409599249,-7.770476231683254e-05,0.008555889338582265,631093.7409599249,-7.770476231683254e-05,0.008555889338582265,0.0
2015-06-30,631105.455809925,-6.799106542609845e-05,0.008642288637681681,631050.8285099249,-6.799695071402212e-05,0.00855647115252951,631050.8285099249,-6.799695071402212e-05,0.00855647115252951,0.0
2015-07-01,651234.079372025,0.00020380676623199534,0.005359890525678432,651179.4520720249,0.00020382440888910835,0.005276450387204451,651179.4520720249,0.00020382440888910835,0.005276450387204451,20000.0
2015-07-02,651272.1520720249,5.846238887952104e-05,0.005359577191992404,651217.5247720248,5.846729327640965e-05,0.005276141905468296,651217.5247720248,5.846729327640965e-05,0.005276141905468296,0.0
2015-07-03,651386.3701720249,0.0001753769136860761,0.005358637410701752,651331.7428720249,0.00017539162515634033,0.005275216676642328,651331.7428720249,0.00017539162515634033,0.005275216676642328,0.0
2015-07-06,651824.206222025,0.0006721602877328703,0.005355037966841141,651769.5789220249,0.0006722166619261838,0.005271672970235509,651769.5789220249,0.0006722166619261838,0.005271672970235509,0.0
2015-07-07,652344.533122025,0.000798262622089263,0.005350766649825064,652289.9058220249,0.0007983295275311164,0.005267467795159315,652289.9058220249,0.0007983295275311164,0.005267467795159315,0.0
2015-07-08,651887.660722025,-0.000700354455050678,0.0053545167094571754,651833.0334220249,-0.00070041310761082,0.0052711597845647344,651833.0334220249,-0.00070041310761082,0.0052711597845647344,0.0
2015-07-09,651963.8061220249,0.00011680754919574099,0.005353891334531728,651909.1788220248,0.00011681733832991092,0.005270544093632166,651909.1788220248,0.00011681733832991092,0.005270544093632166,0.0
2015-07-10,652065.3333220249,0.00015572520904783005,0.005353057728497913,652010.7060220249,0.00015573825817805087,0.005269723396089379,652010.7060220249,0.00015573825817805087,0.005269723396089379,0.0
2015-07-13,652122.442372025,8.758179139678468e-05,0.005352588939170009,652067.8150720249,8.758912924689e-05,0.005269261866030759,652067.8150720249,8.758912924689e-05,0.005269261866030759,0.0
2015-07-14,652185.896872025,9.730457944234772e-05,0.0053520681584287065,652131.2695720249,9.731273118118722e-05,0.005268749149661097,652131.2695720249,9.731273118118722e-05,0.005268749149661097,0.0
2015-07-15,652274.733172025,0.00013621315705547588,0.005351339235616949,652220.1058720249,0.00013622456726891663,0.005268031514347697,652220.1058720249,0.00013622456726891663,0.005268031514347697,0.0
2015-07-16,652376.260372025,0.00015565097778091896,0.00535050642406042,652321.6330720249,0.00015566401447286715,0.005267211599045111,652321.6330720249,0.00015566401447286715,0.005267211599045111,0.0
2015-07-17,652604.696572025,0.00035016019722999836,0.005348633545483223,652550.0692720249,0.00035018952065746234,0.005265367722446302,652550.0692720249,0.00035018952065746234,0.005265367722446302,0.0
2015-07-20,652604.696572025,0.0,0.005348633545483223,652550.0692720249,0.0,0.005265367722446302,652550.0692720249,0.0,0.005265367722446302,0.0
2015-07-21,652630.0783720249,3.889306977611362e-05,0.00534842552879594,652575.4510720249,3.889632565412526e-05,0.0052651629269544736,652575.4510720249,3.889632565412526e-05,0.0052651629269544736,0.0
2015-07-22,652630.0783720249,0.0,0.00534842552879594,652575.4510720249,0.0,0.0052651629269544736,652575.4510720249,0.0,0.0052651629269544736,0.0
2015-07-23,652674.496522025,6.806022503713649e-05,0.005348061538524115,652619.8692220249,6.806592238040032e-05,0.005264804573175048,652619.8692220249,6.806592238040032e-05,0.005264804573175048,0.0
2015-07-24,652769.678272025,0.00014583341391039006,0.0053472817261748466,652715.0509720249,0.00014584562084118957,0.005264036836454504,652715.0509720249,0.00014584562084118957,0.005264036836454504,0.0
2015-07-27,652883.8963720249,0.0001749745795520674,0.005346346251487354,652829.2690720249,0.00017498922359737712,0.005263115847898577,652829.2690720249,0.00017498922359737712,0.005263115847898577,0.0
2015-07-28,652934.659972025,7.775287502442829e-05,0.005345930590014299,652880.0326720249,7.775938121201698e-05,0.005262706623088066,652880.0326720249,7.775938121201698e-05,0.005262706623088066,0.0
2015-07-29,652953.6963220249,2.9155061244123814e-05,0.005345774733624542,652899.0690220249,2.9157500685217386e-05,0.005262553180190109,652899.0690220249,2.9157500685217386e-05,0.005262553180190109,0.0
2015-07-30,653144.0598220249,0.00029154211251469775,0.005344216669407007,653089.4325220248,0.0002915665055016614,0.005261019243193994,653089.4325220248,0.0002915665055016614,0.005261019243193994,0.0
2015-07-31,653213.8597720249,0.0001068676181776862,0.005343645606728631,653159.2324720249,0.00010687655705976518,0.005260457023658746,653159.2324720249,0.00010687655705976518,0.005260457023658746,0.0
2015-08-03,673398.1575595749,0.0002821400446315625,0.002158463671541072,673343.530259575,0.0002821636415557549,0.0020775103594382932,673343.530259575,0.0002821636415557549,0.0020775103594382932,20000.0
2015-08-04,673365.3548095749,-4.871226574021392e-05,0.002158568820319066,673310.727509575,-4.871621768964829e-05,0.002077611572815949,673310.727509575,-4.871621768964829e-05,0.002077611572815949,0.0
2015-08-05,673365.3548095749,0.0,0.002158568820319066,673310.727509575,0.0,0.002077611572815949,673310.727509575,0.0,0.002077611572815949,0.0
2015-08-06,673280.0676595749,-0.00012665806072564845,0.0021588422550925085,673225.440359575,-0.0001266683367951993,0.0020778747737576096,673225.440359575,-0.0001266683367951993,0.0020778747737576096,0.0
2015-08-07,673378.4759095749,0.00014616242887166564,0.002158526759578544,673323.848609575,0.00014617428887930828,0.002077571086281476,673323.848609575,0.00014617428887930828,0.002077571086281476,0.0
2015-08-10,673404.718109575,3.897095161020658e-05,0.0021584426430147495,673350.090809575,3.8974113354628415e-05,0.002077490117946126,673350.090809575,3.8974113354628415e-05,0.002077490117946126,0.0
2015-08-11,673404.718109575,0.0,0.0021584426430147495,673350.090809575,0.0,0.002077490117946126,673350.090809575,0.0,0.002077490117946126,0.0
2015-08-12,673470.3236095749,9.742358233566506e-05,0.0021582323802847494,673415.696309575,9.743148608043484e-05,0.0020772877247160907,673415.696309575,9.743148608043484e-05,0.0020772877247160907,0.0
2015-08-13,673516.247459575,6.818986433421159e-05,0.0021580852207463254,673461.620159575,6.81953958776571e-05,0.002077146072917352,673461.620159575,6.81953958776571e-05,0.002077146072917352,0.0
2015-08-14,673640.897909575,0.00018507415443980157,0.002157685888854899,673586.2706095751,0.00018508916658177554,0.0020767616868275487,673586.2706095751,0.00018508916658177554,0.0020767616868275487,0.0
2015-08-17,673713.0639595749,0.00010712836798343339,0.002157454764247007,673658.436659575,0.00010713705600706724,0.002076539212529635,673658.436659575,0.00010713705600706724,0.002076539212529635,0.0
2015-08-18,673745.8667095748,4.868949669334377e-05,0.0021573497239747554,673691.2394095749,4.8693444949066134e-05,0.002076438103605147,673691.2394095749,4.8693444949066134e-05,0.002076438103605147,0.0
2015-08-19,673791.790559575,6.816197659875733e-05,0.0021572026847758367,673737.163259575,6.816750361848811e-05,0.0020762965676513587,673737.163259575,6.816750361848811e-05,0.0020762965676513587,0.0
2015-08-20,673824.5933095749,4.868380775713277e-05,0.0021570976690476035,673769.966009575,4.86877550902598e-05,0.0020761954823541946,673769.966009575,4.86877550902598e-05,0.0020761954823541946,0.0
2015-08-21,673929.5621095749,0.0001557806008303242,0.00215676168741609,673874.934809575,0.0001557932310662924,0.002075872075536267,673874.934809575,0.0001557932310662924,0.002075872075536267,0.0
2015-08-24,673962.3648595749,4.867385531714952e-05,0.002156656714619194,673907.737559575,4.8677801036234314e-05,0.0020757710315669952,673907.737559575,4.8677801036234314e-05,0.0020757710315669952,0.0
2015-08-25,673955.8043095749,-9.734297257701918e-06,0.0021566777083610964,673901.177009575,-9.735086324735853e-06,0.0020757912395739046,673901.177009575,-9.735086324735853e-06,0.0020757912395739046,0.0
2015-08-26,674008.288709575,7.787513612078634e-05,0.002156509769869222,673953.661409575,7.788144878007053e-05,0.0020756295865345747,673953.661409575,7.788144878007053e-05,0.0020756295865345747,0.0
2015-08-27,674073.8942095749,9.733634007025316e-05,0.0021562998835304653,674019.266909575,9.734422966523049e-05,0.002075427555637945,674019.266909575,9.734422966523049e-05,0.002075427555637945,0.0
2015-08-28,674224.7868595748,0.00022385179324713178,0.0021558172999619554,674170.1595595749,0.0002238699357834939,0.0020749630337968156,674170.1595595749,0.0002238699357834939,0.0020749630337968156,0.0
2015-08-31,674251.0290595749,3.892203388478066e-05,0.002155733394433731,674196.401759575,3.892518769621489e-05,0.002074882268615062,674196.401759575,3.892518769621489e-05,0.002074882268615062,0.0
2015-09-01,694504.4941880249,0.00037592101090822005,0.014999826747276158,694449.8668880248,0.000375951470207081,0.01492234397633768,694449.8668880248,0.000375951470207081,0.01492234397633768,20000.0
2015-09-02,694777.886288025,0.0003936505843920024,0.014993924380181569,694723.2589880249,0.0003936815500089619,0.014916471636663093,694723.2589880249,0.0003936815500089619,0.014916471636663093,0.0
2015-09-07,694771.218188025,-9.597455721488402e-06,0.01499406828508802,694716.590888025,-9.598210386152495e-06,0.014916614809470282,694716.590888025,-9.598210386152495e-06,0.014916614809470282,0.0
2015-09-08,694711.205288025,-8.63779305029233e-05,0.014995363553558915,694656.5779880249,-8.638472261524033e-05,0.014917903488425132,694656.5779880249,-8.638472261524033e-05,0.014917903488425132,0.0
2015-09-09,694664.5285880249,-6.718863845112111e-05,0.014996371139317476,694609.9012880248,-6.71939221179585e-05,0.014918905948229502,694609.9012880248,-6.71939221179585e-05,0.014918905948229502,0.0
2015-09-10,694744.5457880249,0.00011518826240153324,0.01499464393233758,694689.9184880249,0.00011519732133336014,0.014917187528184427,694689.9184880249,0.00011519732133336014,0.014917187528184427,0.0
2015-09-11,694884.575888025,0.0002015562422894579,0.014991622277285548,694829.9485880249,0.00020157209176852042,0.014914181245473763,694829.9485880249,0.00020157209176852042,0.014914181245473763,0.0
2015-09-14,694924.5844880249,5.7575893016137414e-05,0.01499075917093929,694869.9571880249,5.75804196139007e-05,0.014913322530104644,694869.9571880249,5.75804196139007e-05,0.014913322530104644,0.0
2015-09-15,694984.5973880249,8.63588673354343e-05,0.014989464697746029,694929.9700880249,8.636565645003813e-05,0.014912034642443743,694929.9700880249,8.636565645003813e-05,0.014912034642443743,0.0
2015-09-16,695064.614588025,0.00011513521350092759,0.014987739081207017,695009.987288025,0.00011514426409031664,0.014910317804872748,695009.987288025,0.00011514426409031664,0.014910317804872748,0.0
2015-09-17,695051.278388025,-1.9186993151620868e-05,0.014988026656371828,694996.651088025,-1.9188501235833932e-05,0.014910603917014436,694996.651088025,-1.9188501235833932e-05,0.014910603917014436,0.0
2015-09-18,695171.3041880251,0.0001726862516941985,0.01498543887710215,695116.676888025,0.00017269982497358782,0.014908029302963116,695116.676888025,0.00017269982497358782,0.014908029302963116,0.0
2015-09-21,695191.308488025,2.877607271667415e-05,0.014985007667431851,695136.6811880249,2.87783341488268e-05,0.014907600287060698,695136.6811880249,2.87783341488268e-05,0.014907600287060698,0.0
2015-09-22,695257.989488025,9.591748226100982e-05,0.014983570481076024,695203.3621880249,9.592501993416214e-05,0.014906170412366748,695203.3621880249,9.592501993416214e-05,0.014906170412366748,0.0
2015-09-23,695291.329988025,4.795414149016963e-05,0.014982851991271709,695236.702688025,4.7957909603768556e-05,0.01490545557787554,695236.702688025,4.7957909603768556e-05,0.01490545557787554,0.0
2015-09-24,695311.3342880249,2.8771105200275926e-05,0.014982420930462963,695256.7069880249,2.8773365851719745e-05,0.014905026710088984,695256.7069880249,2.8773365851719745e-05,0.014905026710088984,0.0
2015-09-25,695411.355788025,0.00014385138723849167,0.01498026599841789,695356.7284880249,0.00014386268984489803,0.014902882741291378,695356.7284880249,0.00014386268984489803,0.014902882741291378,0.0
2015-09-28,695531.381588025,0.00017259683639192502,0.014977680898078393,695476.754288025,0.0001726103956181113,0.014900310792750608,695476.754288025,0.0001726103956181113,0.014900310792750608,0.0
2015-09-29,695578.058288025,6.710940905851892e-05,0.014976675822214304,695523.4309880249,6.711468027109646e-05,0.014899310830267977,695523.4309880249,6.711468027109646e-05,0.014899310830267977,0.0
2015-09-30,695871.454688025,0.0004218022643240893,0.014970361289924463,695816.827388025,0.00042183539321349883,0.014893028423766696,695816.827388025,0.00042183539321349883,0.014893028423766696,0.0
2015-10-08,715772.423831075,-0.00014231199783076853,0.011590944209151369,715717.796531075,-0.00014232317048401555,0.011515503695760314,715717.796531075,-0.00014232317048401555,0.011515503695760314,20000.0
2015-10-09,715951.3870310748,0.0002500280732276039,0.011588046872119463,715896.7597310749,0.00025004715666887556,0.011512624996614117,715896.7597310749,0.00025004715666887556,0.011512624996614117,0.0
2015-10-12,715944.5038310749,-9.61406056976255e-06,0.011588158281375072,715889.876531075,-9.61479418137845e-06,0.011512735689198233,715889.876531075,-9.61479418137845e-06,0.011512735689198233,0.0
2015-10-13,716116.5838310749,0.0002403538250228543,0.011585373692493761,716061.956531075,0.00024037216566563657,0.011509969013019827,716061.956531075,0.00024037216566563657,0.011509969013019827,0.0
2015-10-14,716274.8974310749,0.00022107238342816693,0.011582813052405463,716220.2701310749,0.0002210892487111149,0.011507424845106225,716220.2701310749,0.0002210892487111149,0.011507424845106225,0.0
2015-10-15,716316.1966310749,5.765830988657683e-05,0.011582145245485748,716261.569331075,5.766270758078562e-05,0.011506761334092215,716261.569331075,5.766270758078562e-05,0.011506761334092215,0.0
2015-10-16,716419.4446310748,0.0001441374639934434,0.011580476065033896,716364.8173310749,0.00014414845696153478,0.011505102891263256,716364.8173310749,0.00014414845696153478,0.011505102891263256,0.0
2015-10-19,716495.159831075,0.00010568557367851561,0.011579252305111263,716440.5325310751,0.00010569363286472289,0.011503887003653774,716440.5325310751,0.00010569363286472289,0.011503887003653774,0.0
2015-10-20,716536.459031075,5.764058477342182e-05,0.011578584908706276,716481.8317310751,5.764497976423755e-05,0.011503223900544804,716481.8317310751,5.764497976423755e-05,0.011503223900544804,0.0
2015-10-21,716591.524631075,7.684968337051679e-05,0.01157769516649857,716536.897331075,7.685554268266337e-05,0.011502339881971054,716536.897331075,7.685554268266337e-05,0.011502339881971054,0.0
2015-10-22,716550.2254310749,-5.763283346305048e-05,0.011578362460334023,716495.5981310749,-5.763722727181175e-05,0.01150300288316254,716495.5981310749,-5.763722727181175e-05,0.01150300288316254,0.0
2015-10-23,716667.2398310748,0.0001633024397271754,0.011576471994213933,716612.6125310749,0.00016331489028709179,0.011501124578263862,716612.6125310749,0.00016331489028709179,0.011501124578263862,0.0
2015-10-26,716770.487831075,0.00014406686152490522,0.011574804448464279,716715.860531075,0.00014407784372583166,0.011499467759745044,716715.860531075,0.00014407784372583166,0.011499467759745044,0.0
2015-10-27,716839.3198310749,9.603073950237295e-05,0.01157369301816497,716784.692531075,9.603805886060357e-05,0.011498363479236426,716784.692531075,9.603805886060357e-05,0.011498363479236426,0.0
2015-10-28,716894.3854310749,7.68172147880275e-05,0.011572804027592283,716839.758131075,7.682306914991166e-05,0.011497480207519393,716839.758131075,7.682306914991166e-05,0.011497480207519393,0.0
2015-10-29,716949.4510310749,7.68113143567728e-05,0.011571915173578175,716894.8237310749,7.681716781937631e-05,0.0114965970714928,716894.8237310749,7.681716781937631e-05,0.0114965970714928,0.0
2015-10-30,717183.4798310748,0.00032642301303575927,0.011568139066768783,717128.8525310749,0.00032644788643043654,0.011492845256449759,717128.8525310749,0.00032644788643043654,0.011492845256449759,0.0
2015-11-02,737227.683418825,6.163497764988257e-05,0.008316530641378361,737173.056118825,6.1639672694902e-05,0.008243043161150956,737173.056118825,6.1639672694902e-05,0.008243043161150956,20000.0
2015-11-03,737263.174918825,4.81418438269543e-05,0.008316130287532815,737208.547618825,4.814541131881178e-05,0.008242646315553737,737208.547618825,4.814541131881178e-05,0.008242646315553737,0.0
2015-11-04,737291.568118825,3.8511621041070754e-05,0.008315810032208205,737236.9408188249,3.851447475966552e-05,0.008242328866586643,737236.9408188249,3.851447475966552e-05,0.008242328866586643,0.0
2015-11-05,737369.649418825,0.0001059028793715111,0.008314929457236914,737315.022118825,0.00010591072649357436,0.008241456007993472,737315.022118825,0.00010591072649357436,0.008241456007993472,0.0
2015-11-06,737440.632418825,9.626515012639558e-05,0.008314129096351283,737386.0051188249,9.627228236297469e-05,0.008240662660590953,737386.0051188249,9.627228236297469e-05,0.008240662660590953,0.0
2015-11-09,737469.025618825,3.850235361579912e-05,0.00831380899513746,737414.3983188249,3.850520596127005e-05,0.008240345364395505,737414.3983188249,3.850520596127005e-05,0.008240345364395505,0.0
2015-11-10,737667.778018825,0.00026950609869103026,0.008311568976608572,737613.1507188249,0.00026952606357166786,0.008238124974999782,737613.1507188249,0.00026952606357166786,0.008238124974999782,0.0
2015-11-11,737774.252518825,0.0001443393668163484,0.008310369463142252,737719.625218825,0.00014435005652524424,0.00823693597282651,737719.625218825,0.00014435005652524424,0.00823693597282651,0.0
2015-11-12,737838.1372188249,8.659112158193594e-05,0.008309649921235618,737783.5099188249,8.65975335562208e-05,0.00823622273625173,737783.5099188249,8.65975335562208e-05,0.00823622273625173,0.0
2015-11-13,737951.710018825,0.00015392644303835468,0.008308371043233492,737897.082718825,0.00015393784012962541,0.008234955065055451,737897.082718825,0.00015393784012962541,0.008234955065055451,0.0
2015-11-16,738001.398118825,6.733245458390158e-05,0.008307811657882344,737946.770818825,6.733743927678226e-05,0.008234400581606308,737946.770818825,6.733743927678226e-05,0.008234400581606308,0.0
2015-11-17,738065.2828188251,8.656447015265023e-05,0.008307092558816481,738010.655518825,8.657087818031428e-05,0.008233687784024182,738010.655518825,8.657087818031428e-05,0.008233687784024182,0.0
2015-11-18,738136.265818825,9.617441932618931e-05,0.00830629370584257,738081.6385188249,9.618153812418484e-05,0.00823289593143028,738081.6385188249,9.618153812418484e-05,0.00823289593143028,0.0
2015-11-19,738185.953918825,6.731561948791764e-05,0.008305734600172658,738131.326618825,6.732060168812559e-05,0.008232341725232037,738131.326618825,6.732060168812559e-05,0.008232341725232037,0.0
2015-11-20,738278.231818825,0.00012500630702882987,0.008304696460737105,738223.604518825,0.00012501555844091072,0.00823131268308026,738223.604518825,0.00012501555844091072,0.00823131268308026,0.0
2015-11-23,738413.099518825,0.00018267868966925782,0.008303179646759147,738358.4722188249,0.00018269220758360127,0.008229809161076629,738358.4722188249,0.00018269220758360127,0.008229809161076629,0.0
2015-11-24,738427.2961188251,1.9225823606694448e-05,0.00830302001436095,738372.668818825,1.922724602509973e-05,0.008229650927553544,738372.668818825,1.922724602509973e-05,0.008229650927553544,0.0
2015-11-25,738469.885918825,5.76763619435372e-05,0.0083025411539923,738415.258618825,5.7680629035328224e-05,0.008229176263490224,738415.258618825,5.7680629035328224e-05,0.008229176263490224,0.0
2015-11-26,738498.279118825,3.8448690381720496e-05,0.008302221944431278,738443.6518188249,3.845153478154728e-05,0.008228859851199444,738443.6518188249,3.845153478154728e-05,0.008228859851199444,0.0
2015-11-27,738526.6723188249,3.844721213686064e-05,0.008301902759414748,738472.0450188249,3.8450056317751446e-05,0.008228543463239868,738472.0450188249,3.8450056317751446e-05,0.008228543463239868,0.0
2015-11-30,738484.082518825,-5.7668601008309395e-05,0.008302381546143552,738429.4552188249,-5.767286695179674e-05,0.008229018054303257,738429.4552188249,-5.767286695179674e-05,0.008229018054303257,0.0
2015-12-01,758728.5248475749,0.0003310055484422314,0.0051759457025343705,758673.897547575,0.0003310300354657514,0.0051043147261201184,758673.897547575,0.0003310300354657514,0.0051043147261201184,20000.0
2015-12-02,758794.3454475749,8.675118681367167e-05,0.005175496722051382,758739.7181475749,8.67574332170662e-05,0.005103871927292238,758739.7181475749,8.67574332170662e-05,0.005103871927292238,0.0
2015-12-03,758896.7330475749,0.0001349345848637995,0.005174798462769054,758842.1057475749,0.00013494429980553946,0.0051031832817974975,758842.1057475749,0.00013494429980553946,0.0051031832817974975,0.0
2015-12-04,759035.6876475749,0.00018310080139904983,0.0051738511264814765,758981.060347575,0.00018311398240511423,0.005102248988665961,758981.060347575,0.00018311398240511423,0.005102248988665961,0.0
2015-12-07,759160.0154475749,0.00016379704146096685,0.0051730038037629536,759105.388147575,0.00016380883067501628,0.005101413332113238,759105.388147575,0.00016380883067501628,0.005101413332113238,0.0
2015-12-08,759233.149447575,9.633542140252693e-05,0.005172505508265108,759178.522147575,9.634235396283053e-05,0.005100921897290271,759178.522147575,9.634235396283053e-05,0.005100921897290271,0.0
2015-12-09,759167.3288475749,-8.669352760481974e-05,0.005172953969892895,759112.701547575,-8.669976570718774e-05,0.005101364184369843,759112.701547575,-8.669976570718774e-05,0.005101364184369843,0.0
2015-12-10,759240.462847575,9.633449336021727e-05,0.00517245568399515,759185.835547575,9.634142578685001e-05,0.005100872759015482,759185.835547575,9.634142578685001e-05,0.005100872759015482,0.0
2015-12-11,759364.7906475749,0.00016375286366288044,0.005171608818241419,759310.163347575,0.00016376464651801648,0.005100037553168358,759310.163347575,0.00016376464651801648,0.005100037553168358,0.0
2015-12-14,759445.2380475749,0.0001059403872694098,0.005171060994037117,759390.610747575,0.00010594800897334444,0.005099497271585669,759390.610747575,0.00010594800897334444,0.005099497271585669,0.0
2015-12-15,759503.7452475749,7.703939279468663e-05,0.005170662649326267,759449.1179475749,7.704493467786122e-05,0.005099104411419375,759449.1179475749,7.704493467786122e-05,0.005099104411419375,0.0
2015-12-16,759620.759647575,0.0001540669163677677,0.005169866143991428,759566.132347575,0.00015407799842637182,0.005098318872652137,759566.132347575,0.00015407799842637182,0.005098318872652137,0.0
2015-12-17,759671.953447575,6.739389274157404e-05,0.005169517750066654,759617.326147575,6.739873964867193e-05,0.005097975275543806,759617.326147575,6.739873964867193e-05,0.005097975275543806,0.0
2015-12-18,759803.5946475749,0.000173286902856562,0.00516862209555168,759748.967347575,0.0001732993646519354,0.005097091952746822,759748.967347575,0.0001732993646519354,0.005097091952746822,0.0
2015-12-21,759810.9080475749,9.625382205946664e-06,0.005168572346067389,759756.280747575,9.626074288116016e-06,0.005097042888233331,759756.280747575,9.626074288116016e-06,0.005097042888233331,0.0
2015-12-22,759774.341047575,-4.812644779461639e-05,0.005168821103066366,759719.7137475751,-4.8129908138405675e-05,0.005097288220247126,759719.7137475751,-4.8129908138405675e-05,0.005097288220247126,0.0
2015-12-23,759840.1616475749,8.663177530987554e-05,0.005168373357706923,759785.5343475749,8.663800452834991e-05,0.005096846639624882,759785.5343475749,8.663800452834991e-05,0.005096846639624882,0.0
2015-12-24,759884.042047575,5.7749513930671625e-05,0.005168074903893266,759829.4147475751,5.775366602334131e-05,0.005096552295045764,759829.4147475751,5.775366602334131e-05,0.005096552295045764,0.0
2015-12-25,760066.877047575,0.00024060907965295364,0.0051668317172690525,760012.249747575,0.000240626378041231,0.005095326225151266,760012.249747575,0.000240626378041231,0.005095326225151266,0.0
2015-12-28,760176.578047575,0.00014433072051001083,0.005166086092341129,760121.950747575,0.00014434109455008226,0.005094590866329336,760121.950747575,0.00014434109455008226,0.005094590866329336,0.0
2015-12-29,760286.279047575,0.000144309892159189,0.005165340682584259,760231.651747575,0.00014432026320521096,0.0050938557197311345,760231.651747575,0.00014432026320521096,0.0050938557197311345,0.0
2015-12-30,760300.9058475749,1.9238542642519008e-05,0.0051652413108690415,760246.278547575,1.9239925049596707e-05,0.005093757716214453,760246.278547575,1.9239925049596707e-05,0.005093757716214453,0.0
2015-12-31,760593.526847575,0.00038487524840413734,0.005163254102163897,760538.899547575,0.0003849029035158935,0.005091797868430779,760538.899547575,0.0003849029035158935,0.005091797868430779,0.0
2016-01-04,780348.5816584149,-0.0003220447985867736,0.002128115174997496,780293.954358415,-0.00032206793012923285,0.002058255545162562,780293.954358415,-0.00032206793012923285,0.002058255545162562,20000.0
2016-01-05,780721.9784584149,0.0004785000047111687,0.0021270973589012404,780667.351158415,0.00047853350383442184,0.0020572710720281272,780667.351158415,0.00047853350383442184,0.0020572710720281272,0.0
2016-01-06,780791.990358415,8.967584099317527e-05,0.0021269066267607718,780737.363058415,8.968211607185417e-05,0.002057086588149959,780737.363058415,8.968211607185417e-05,0.002057086588149959,0.0
2016-01-07,780854.223158415,7.970471107365817e-05,0.002126737115793428,780799.5958584151,7.971028792108648e-05,0.00205692263025487,780799.5958584151,7.971028792108648e-05,0.00205692263025487,0.0
2016-01-08,781056.479758415,0.000259019665901139,0.002126186391704605,781001.8524584151,0.00025903778776625863,0.002056389947552071,781001.8524584151,0.00025903778776625863,0.002056389947552071,0.0
2016-01-11,781165.3871584149,0.00013943601112376136,0.002125889966087646,781110.759858415,0.0001394457639980473,0.0020561032326659335,781110.759858415,0.0001394457639980473,0.0020561032326659335,0.0
2016-01-12,781219.840858415,6.970828571684073e-05,0.0021257417842719876,781165.2135584151,6.971316079407153e-05,0.002055959905202476,781165.2135584151,6.971316079407153e-05,0.002055959905202476,0.0
2016-01-13,781219.840858415,0.0,0.0021257417842719876,781165.2135584151,0.0,0.002055959905202476,781165.2135584151,0.0,0.002055959905202476,0.0
2016-01-14,781227.6199584149,9.957632401302874e-06,0.0021257206171274943,781172.992658415,9.95832874384206e-06,0.0020559394314817393,781172.992658415,9.95832874384206e-06,0.0020559394314817393,0.0
2016-01-15,781352.0855584149,0.00015932053196809903,0.002125382000136597,781297.458258415,0.00015933167322690345,0.0020556119073970283,781297.458258415,0.00015933167322690345,0.0020556119073970283,0.0
2016-01-18,781437.6556584149,0.00010951541767356687,0.0021251492635273833,781383.028358415,0.00010952307484890511,0.002055386795115224,781383.028358415,0.00010952307484890511,0.002055386795115224,0.0
2016-01-19,781422.097458415,-1.99097137018045e-05,0.0021251915754832125,781367.470158415,-1.9911105610614932e-05,0.002055427720953651,781367.470158415,-1.9911105610614932e-05,0.002055427720953651,0.0
2016-01-20,781468.772058415,5.9730330319363034e-05,0.0021250646446700364,781414.1447584151,5.97345062118837e-05,0.0020553049483274474,781414.1447584151,5.97345062118837e-05,0.0020553049483274474,0.0
2016-01-21,781422.097458415,-5.972676282006706e-05,0.0021251915754832125,781367.470158415,-5.973093821387554e-05,0.002055427720953651,781367.470158415,-5.973093821387554e-05,0.002055427720953651,0.0
2016-01-22,781686.586858415,0.00033847187180957583,0.00212447250129909,781631.9595584151,0.0003384955352012664,0.0020547322032768074,781631.9595584151,0.0003384955352012664,0.0020547322032768074,0.0
2016-01-25,781787.715158415,0.00012937192693351918,0.002124197689750779,781733.0878584151,0.00012938096857895154,0.0020544663944247837,781733.0878584151,0.00012938096857895154,0.0020544663944247837,0.0
2016-01-26,781943.297158415,0.00019900798769700856,0.0021237750415534383,781888.669858415,0.0001990218943221933,0.0020540575919917787,781888.669858415,0.0001990218943221933,0.0020540575919917787,0.0
2016-01-27,782021.0881584149,9.948419569894007e-05,0.002123563780518718,781966.460858415,9.949114624463462e-05,0.0020538532517775407,781966.460858415,9.949114624463462e-05,0.0020538532517775407,0.0
2016-01-28,782098.879158415,9.947429957835041e-05,0.002123352561509904,782044.2518584151,9.948124874137321e-05,0.002053648952215298,782044.2518584151,9.948124874137321e-05,0.002053648952215298,0.0
2016-01-29,782324.473058415,0.0002884467757360287,0.00212274026392505,782269.8457584151,0.00028846692429995713,0.0020530567132598107,782269.8457584151,0.00028846692429995713,0.0020530567132598107,0.0
2016-02-01,802461.3657706649,0.0001749820144507641,0.013088730073102052,802406.738470665,0.00017499423375721967,0.013021541831240517,802406.738470665,0.00017499423375721967,0.013021541831240517,20000.0
2016-02-02,802477.1462306649,1.9665071333330175e-05,0.013088472687353012,802422.518930665,1.9666410117746835e-05,0.01302128574929471,802422.518930665,1.9666410117746835e-05,0.01302128574929471,0.0
2016-02-03,802516.597380665,4.916171156454929e-05,0.01308782926726557,802461.9700806651,4.916505839425156e-05,0.01302064558849402,802461.9700806651,4.916505839425156e-05,0.01302064558849402,0.0
2016-02-04,802721.7433606649,0.00025562833300840637,0.013084484502303973,802667.116060665,0.00025564573481196007,0.013017317766728265,802667.116060665,0.00025564573481196007,0.013017317766728265,0.0
2016-02-05,803053.1330206649,0.00041283254470303454,0.013079085030348507,802998.505720665,0.0004128606409421476,0.013011945646508743,802998.505720665,0.0004128606409421476,0.013011945646508743,0.0
2016-02-15,803076.803710665,2.9475870308770524e-05,0.01307869952429752,803022.176410665,2.947787552698422e-05,0.013011562093300944,803022.176410665,2.947787552698422e-05,0.013011562093300944,0.0
2016-02-16,803053.1330206649,-2.9475001507517362e-05,0.013079085030348507,802998.505720665,-2.9477006607492307e-05,0.013011945646508743,802998.505720665,-2.9477006607492307e-05,0.013011945646508743,0.0
2016-02-17,803061.0232506649,9.825290102849493e-06,0.013078956525806398,803006.395950665,9.825958509068755e-06,0.013011817792926983,803006.395950665,9.825958509068755e-06,0.013011817792926983,0.0
2016-02-18,803179.376700665,0.00014737790351349034,0.013077029260649778,803124.749400665,0.0001473879294073832,0.013009900290661345,803124.749400665,0.0001473879294073832,0.013009900290661345,0.0
2016-02-19,803337.1813006649,0.000196474915290068,0.013074460457139,803282.554000665,0.00019648827920892842,0.013007344499923476,803282.554000665,0.00019648827920892842,0.013007344499923476,0.0
2016-02-22,803431.864060665,0.00011786179228856497,0.013072919659397499,803377.2367606651,0.00011786980748995646,0.013005811507424846,803377.2367606651,0.00011786980748995646,0.013005811507424846,0.0
2016-02-23,803526.546820665,0.00011784790252344912,0.013071379224772773,803471.9195206651,0.00011785591583568511,0.013004278876228105,803471.9195206651,0.00011785591583568511,0.013004278876228105,0.0
2016-02-24,803526.546820665,0.0,0.013071379224772773,803471.9195206651,0.0,0.013004278876228105,803471.9195206651,0.0,0.013004278876228105,0.0
2016-02-25,803376.6324506649,-0.00018657052538373353,0.013073818413943034,803322.005150665,-0.00018658321013831358,0.013006705709132638,803322.005150665,-0.00018658321013831358,0.013006705709132638,0.0
2016-02-26,803581.778430665,0.00025535467639170584,0.013070480805546649,803527.1511306651,0.0002553720409559368,0.013003385008163768,803527.1511306651,0.0002553720409559368,0.013003385008163768,0.0
2016-02-29,803739.583030665,0.0001963765284824781,0.013067914573848132,803684.955730665,0.00019638987902004246,0.013000831776384043,803684.955730665,0.00019638987902004246,0.013000831776384043,0.0
2016-03-01,823864.544048205,0.0001554745096277177,0.0098870161570255,823809.9167482051,0.00015548507739149287,0.009821361206893562,823809.9167482051,0.00015548507739149287,0.009821361206893562,20000.0
2016-03-02,823896.9940082051,3.938749426057875e-05,0.009886626747571226,823842.3667082052,3.9390106067349606e-05,0.009820974357671926,823842.3667082052,3.9390106067349606e-05,0.009820974357671926,0.0
2016-03-03,824018.6813582049,0.00014769728605013022,0.009885166735272274,823964.054058205,0.00014770707955458207,0.009819523944467473,823964.054058205,0.00014770707955458207,0.009819523944467473,0.0
2016-03-04,824205.268628205,0.00022643572800151723,0.009882928887074942,824150.6413282051,0.0002264507402733873,0.009817300809431691,824150.6413282051,0.0002264507402733873,0.009817300809431691,0.0
2016-03-07,824237.7185882049,3.937121155983547e-05,0.009882539799509748,824183.091288205,3.937382120766664e-05,0.00981691428000402,824183.091288205,3.937382120766664e-05,0.00981691428000402,0.0
2016-03-08,824399.968388205,0.000196848307643549,0.009880594821140693,824345.3410882051,0.00019686135485574852,0.00981498208933203,824345.3410882051,0.00019686135485574852,0.00981498208933203,0.0
2016-03-09,824489.2057782051,0.00010824526130748247,0.009879525409331168,824434.5784782051,0.00010825243444956278,0.009813919708632077,824434.5784782051,0.00010825243444956278,0.009813919708632077,0.0
2016-03-10,824635.230598205,0.00017710943815463231,0.009877775961980324,824580.6032982051,0.00017712117348289702,0.009812181763483701,824580.6032982051,0.00017712117348289702,0.009812181763483701,0.0
2016-03-11,824602.7806382049,-3.935068354599114e-05,0.009878164674512446,824548.153338205,-3.935329047310976e-05,0.009812567920319357,824548.153338205,-3.935329047310976e-05,0.009812567920319357,0.0
2016-03-14,824562.2181882049,-4.919029010375109e-05,0.009878650608201697,824507.590888205,-4.9193549019221905e-05,0.009813050659107984,824507.590888205,-4.9193549019221905e-05,0.009813050659107984,0.0
2016-03-15,824635.230598205,8.854687783355075e-05,0.009877775961980324,824580.6032982051,8.855274445851435e-05,0.009812181763483701,824580.6032982051,8.855274445851435e-05,0.009812181763483701,0.0
2016-03-16,824667.680558205,3.9350683545880116e-05,0.009877387280039207,824613.0532582051,3.9353290472998737e-05,0.009811795637039935,824613.0532582051,3.9353290472998737e-05,0.009811795637039935,0.0
2016-03-17,824578.4431682049,-0.0001082101216088871,0.009878456228989054,824523.8158682049,-0.00010821729009447001,0.009812857557892933,824523.8158682049,-0.00010821729009447001,0.009812857557892933,0.0
2016-03-18,824594.668148205,1.9676696783266223e-05,0.00987826185742574,824540.0408482051,1.9678000426237574e-05,0.009812664464277423,824540.0408482051,1.9678000426237574e-05,0.009812664464277423,0.0
2016-03-21,824659.568068205,7.870523847275379e-05,0.009877484447656777,824604.9407682051,7.871045284013611e-05,0.009811892165801833,824604.9407682051,7.871045284013611e-05,0.009811892165801833,0.0
2016-03-22,824838.0428482051,0.00021642237222585514,0.009875347201588856,824783.4155482051,0.0002164367094790176,0.009809768971684852,824783.4155482051,0.0002164367094790176,0.009809768971684852,0.0
2016-03-23,825032.742608205,0.00023604604769156268,0.009873016715014485,824978.115308205,0.00023606168156331542,0.009807453807647163,824978.115308205,0.00023606168156331542,0.009807453807647163,0.0
2016-03-24,825146.317468205,0.00013766103347734315,0.009871657772403402,825091.6901682051,0.0001376701489319565,0.009806103799876592,825091.6901682051,0.0001376701489319565,0.009806103799876592,0.0
2016-03-25,825284.229798205,0.00016713681813795844,0.009870008130649447,825229.602498205,0.0001671478838574103,0.00980446500429877,825229.602498205,0.0001671478838574103,0.00980446500429877,0.0
2016-03-28,825300.4547782049,1.9659869187060863e-05,0.00986981409139551,825245.827478205,1.9661170601370515e-05,0.009804272240829621,825245.827478205,1.9661170601370515e-05,0.009804272240829621,0.0
2016-03-29,825292.342288205,-9.829741341893516e-06,0.009869911110068791,825237.7149882051,-9.830392023513213e-06,0.009804368621616716,825237.7149882051,-9.830392023513213e-06,0.009804368621616716,0.0
2016-03-30,825227.4423682049,-7.863870373514548e-05,0.00987068732812525,825172.815068205,-7.86439092899105e-05,0.009805139736136698,825172.815068205,-7.86439092899105e-05,0.009805139736136698,0.0
2016-03-31,825405.917148205,0.0002162734427346713,0.009868553022188333,825351.289848205,0.00021628776026183516,0.00980301946301324,825351.289848205,0.00021628776026183516,0.00980301946301324,0.0
2016-04-01,845680.878772625,0.00033312291408083006,0.006785198668501333,845626.251472625,0.00033314496239600366,0.006721037175380342,845626.251472625,0.00033314496239600366,0.006721037175380342,20000.0
2016-04-05,845789.230522625,0.0001281236843824196,0.0067843294352180296,845734.603222625,0.00012813196114880299,0.0067201761060366105,845734.603222625,0.00012813196114880299,0.0067201761060366105,0.0
2016-04-06,845855.908522625,7.883524357343852e-05,0.006783794633115776,845801.2812226249,7.884033566307735e-05,0.006719646326864663,845801.2812226249,7.884033566307735e-05,0.006719646326864663,0.0
2016-04-07,845922.5865226251,7.882902906786171e-05,0.0067832599153227376,845867.959222625,7.88341203548093e-05,0.006719116631215481,845867.959222625,7.88341203548093e-05,0.006719116631215481,0.0
2016-04-08,846164.294272625,0.0002857327063383597,0.006781322269758046,846109.666972625,0.00028575115934414974,0.006717197184332515,846109.666972625,0.00028575115934414974,0.006717197184332515,0.0
2016-04-11,846139.290022625,-2.955011239458294e-05,0.006781522664514988,846084.662722625,-2.9552020235690257e-05,0.006717395696946082,846084.662722625,-2.9552020235690257e-05,0.006717395696946082,0.0
2016-04-12,846189.298522625,5.91019712590235e-05,0.006781121886844129,846134.671222625,5.9105787166835455e-05,0.006716998683451498,846134.671222625,5.9105787166835455e-05,0.006716998683451498,0.0
2016-04-13,846255.976522625,7.87979712297826e-05,0.006780587590298267,846201.3492226249,7.88030585054944e-05,0.006716469405120015,846201.3492226249,7.88030585054944e-05,0.006716469405120015,0.0
2016-04-14,846155.959522625,-0.00011818764389825986,0.006781389066694417,846101.3322226249,-0.00011819527360934501,0.006717263353900035,846101.3322226249,-0.00011819527360934501,0.006717263353900035,0.0
2016-04-15,846372.663022625,0.00025610349671501,0.006779652773912503,846318.035722625,0.0002561200316641976,0.006715543368719796,846318.035722625,0.0002561200316641976,0.006715543368719796,0.0
2016-04-18,846522.688522625,0.00017725702465876125,0.006778451245812876,846468.061222625,0.00017726846607013513,0.0067143531256405615,846468.061222625,0.00017726846607013513,0.0067143531256405615,0.0
2016-04-19,846639.3750226251,0.00013784214124701322,0.006777517018354728,846584.747722625,0.00013785103696828394,0.006713427672674271,846584.747722625,0.00013785103696828394,0.006713427672674271,0.0
2016-04-20,846664.3792726251,2.9533530730541102e-05,0.006777316860258964,846609.751972625,2.953543643124945e-05,0.006713229394514242,846609.751972625,2.953543643124945e-05,0.006713229394514242,0.0
2016-04-21,846756.061522625,0.0001082864145987017,0.0067765830483774245,846701.434222625,0.00010829340175488866,0.006712502474786959,846701.434222625,0.00010829340175488866,0.006712502474786959,0.0
2016-04-22,846914.4217726251,0.000187019918954201,0.006775315929341429,846859.794472625,0.0001870319850649782,0.006711247256890241,846859.794472625,0.0001870319850649782,0.006711247256890241,0.0
2016-04-25,846964.4302726251,5.9047878645523966e-05,0.006774915884930422,846909.802972625,5.905168757136536e-05,0.006710850969815433,846909.802972625,5.905168757136536e-05,0.006710850969815433,0.0
2016-04-26,846972.765022625,9.840732033250532e-06,0.006774849215454728,846918.1377226249,9.841366779062e-06,0.0067107849265195954,846918.1377226249,9.841366779062e-06,0.0067107849265195954,0.0
2016-04-27,847131.125272625,0.0001869720686895615,0.006773582744676516,847076.497972625,0.00018698412862638847,0.006709530350833452,847076.497972625,0.00018698412862638847,0.006709530350833452,0.0
2016-04-28,847314.489772625,0.00021645350351273684,0.006772116896248124,847259.862472625,0.00021646746242987014,0.0067080782701525316,847259.862472625,0.00021646746242987014,0.0067080782701525316,0.0
2016-04-29,847447.845772625,0.00015738666293274584,0.006771051223091575,847393.2184726249,0.00015739681047888254,0.006707022606186508,847393.2184726249,0.00015739681047888254,0.006707022606186508,0.0
2016-05-03,867359.165143925,-0.00010464434966983571,0.0037825764524903,867304.5378439251,-0.00010465109557955543,0.003719829556000333,867304.5378439251,-0.00010465109557955543,0.003719829556000333,20000.0
2016-05-04,867401.9501939248,4.932795054135575e-05,0.0037823898749496207,867347.3228939249,4.9331057469403916e-05,0.003719646061926686,867347.3228939249,4.9331057469403916e-05,0.003719646061926686,0.0
2016-05-05,867496.077303925,0.00010851613831297513,0.0037819794691424506,867441.450003925,0.00010852297288010959,0.0037192424386803787,867441.450003925,0.00010852297288010959,0.0037192424386803787,0.0
2016-05-06,867667.217503925,0.00019728066152402413,0.0037812335048952282,867612.590203925,0.00019729308531335477,0.003718508802605947,867612.590203925,0.00019729308531335477,0.003718508802605947,0.0
2016-05-09,867778.458633925,0.00012820713720174126,0.0037807487859169066,867723.831333925,0.0001282152094794764,0.00371803209434212,867723.831333925,0.0001282152094794764,0.00371803209434212,0.0
2016-05-10,867975.2698639251,0.00022679893473043222,0.003779891510548918,867920.6425639251,0.0002268132127909439,0.0037171889867654807,867920.6425639251,0.0002268132127909439,0.0037171889867654807,0.0
2016-05-11,867898.256773925,-8.872728598829926e-05,0.003780226919823934,867843.6294739251,-8.873287052202361e-05,0.003717518852884517,867843.6294739251,-8.873287052202361e-05,0.003717518852884517,0.0
2016-05-12,867915.370793925,1.971892427077293e-05,0.0037801523792854353,867860.7434939251,1.9720165498338105e-05,0.003717445544243153,867860.7434939251,1.9720165498338105e-05,0.003717445544243153,0.0
2016-05-13,868052.282953925,0.0001577482835390942,0.0037795561607885312,867997.655653925,0.00015775821296948322,0.0037168591791811863,867997.655653925,0.00015775821296948322,0.0037168591791811863,0.0
2016-05-16,868129.296043925,8.871941415544704e-05,0.0037792208705269338,868074.668743925,8.872499769840836e-05,0.0037165294301160536,868074.668743925,8.872499769840836e-05,0.0037165294301160536,0.0
2016-05-17,868189.1951139249,6.899786733716162e-05,0.0037789601303371886,868134.567813925,6.90022093221554e-05,0.0037162729990686733,868134.567813925,6.90022093221554e-05,0.0037162729990686733,0.0
2016-05-18,868240.537173925,5.913694882297982e-05,0.0037787366673802743,868185.909873925,5.914067001078216e-05,0.003716053229190903,868185.909873925,5.914067001078216e-05,0.003716053229190903,0.0
2016-05-19,868300.436243925,6.898902715946065e-05,0.003778475993997303,868245.8089439251,6.899336803201095e-05,0.003715796863850344,868245.8089439251,6.899336803201095e-05,0.003715796863850344,0.0
2016-05-20,868291.8792339249,-9.854895428929034e-06,0.00377851323085007,868237.251933925,-9.855515468060183e-06,0.003715833485304735,868237.251933925,-9.855515468060183e-06,0.003715833485304735,0.0
2016-05-23,868488.690463925,0.0002266648286215478,0.0037776569688806275,868434.0631639251,0.00022667908980156248,0.0037149913744413563,868434.0631639251,0.00022667908980156248,0.0037149913744413563,0.0
2016-05-24,868591.374583925,0.00011823311129721681,0.003777210377545666,868536.7472839251,0.00011824054854070454,0.0037145521637559306,868536.7472839251,0.00011824054854070454,0.0037145521637559306,0.0
2016-05-25,868634.159633925,4.925797245047825e-05,0.003777024328985324,868579.532333925,4.926107056935081e-05,0.003714369189953144,868579.532333925,4.926107056935081e-05,0.003714369189953144,0.0
2016-05-26,868659.830663925,2.9553327733466972e-05,0.0037769127086462254,868605.2033639251,2.95551864215593e-05,0.0037142594143237356,868605.2033639251,2.95551864215593e-05,0.0037142594143237356,0.0
2016-05-27,868745.4007639249,9.850818119971905e-05,0.0037765406884917754,868690.773463925,9.851437646068995e-05,0.003713893542417163,868690.773463925,9.851437646068995e-05,0.003713893542417163,0.0
2016-05-30,868873.755913925,0.00014774771744074933,0.003775982795652622,868819.1286139251,0.00014775700850178097,0.003713344869687683,868819.1286139251,0.00014775700850178097,0.003713344869687683,0.0
2016-05-31,868873.755913925,0.0,0.003775982795652622,868819.1286139251,0.0,0.003713344869687683,868819.1286139251,0.0,0.003713344869687683,0.0
2016-06-01,888880.072987645,7.2704160725134415e-06,0.0008850218961495265,888825.445687645,7.270873202402939e-06,0.0008236161905543612,888825.445687645,7.270873202402939e-06,0.0008236161905543612,20000.0
2016-06-02,888959.0864176451,8.889099036091253e-05,0.0008849432326691612,888904.459117645,8.88964536100989e-05,0.0008235429805039989,888904.459117645,8.88964536100989e-05,0.0008235429805039989,0.0
2016-06-03,889090.775467645,0.00014813848242511973,0.0008848121579388529,889036.148167645,0.0001481475862217252,0.0008234209926714904,889036.148167645,0.0001481475862217252,0.0008234209926714904,0.0
2016-06-06,889196.126707645,0.00011849323253243504,0.0008847073261079372,889141.499407645,0.00011850051341233403,0.0008233234284225179,889141.499407645,0.00011850051341233403,0.0008233234284225179,0.0
2016-06-07,889310.2572176451,0.00012835245967912634,0.0008845937863196461,889255.629917645,0.00012836034542984542,0.0008232177599064923,889255.629917645,0.00012836034542984542,0.0008232177599064923,0.0
2016-06-08,889678.9865576449,0.00041462395941938013,0.0008842271645516536,889624.3592576449,0.000414649429921532,0.0008228765546122265,889624.3592576449,0.000414649429921532,0.0008228765546122265,0.0
2016-06-13,889678.9865576449,0.0,0.0008842271645516536,889624.3592576449,0.0,0.0008228765546122265,889624.3592576449,0.0,0.0008228765546122265,0.0
2016-06-14,889714.103637645,3.94716302516418e-05,0.0008841922640415359,889659.476337645,3.9474054003507675e-05,0.0008228440736208281,889659.476337645,3.9474054003507675e-05,0.0008228440736208281,0.0
2016-06-15,889722.882907645,9.867518075745707e-06,0.0008841835393444791,889668.2556076449,9.868123965972586e-06,0.0008228359537736326,889668.2556076449,9.868123965972586e-06,0.0008228359537736326,0.0
2016-06-16,889766.779257645,4.933710354459997e-05,0.000884139918441775,889712.151957645,4.934013293533823e-05,0.0008227953569413424,889712.151957645,4.934013293533823e-05,0.0008227953569413424,0.0
2016-06-17,889986.2610076452,0.0002466733475745553,0.0008839218784730176,889931.6337076451,0.00024668849303366436,0.0008225924328537009,889931.6337076451,0.00024668849303366436,0.0008225924328537009,0.0
2016-06-20,890056.495167645,7.891600474851934e-05,0.0008838521283942562,890001.867867645,7.892084890537276e-05,0.00082252751828371,890001.867867645,7.892084890537276e-05,0.00082252751828371,0.0
2016-06-21,890091.612247645,3.9454888752121775e-05,0.000883817257482685,890036.984947645,3.94573104482987e-05,0.0008224950648405945,890036.984947645,3.94573104482987e-05,0.0008224950648405945,0.0
2016-06-22,890117.9500576451,2.9589999094081776e-05,0.000883791106104656,890063.322757645,2.9591815222884676e-05,0.0008224707264388315,890063.322757645,2.9591815222884676e-05,0.0008224707264388315,0.0
2016-06-23,890170.6256776451,5.917824710377495e-05,0.0008837388079911016,890115.998377645,5.918187914621953e-05,0.000822422053956227,890115.998377645,5.918187914621953e-05,0.000822422053956227,0.0
2016-06-24,890302.314727645,0.00014793686311498355,0.0008836080897820761,890247.687427645,0.00014794594214673218,0.0008223003979491247,890247.687427645,0.00014794594214673218,0.0008223003979491247,0.0
2016-06-27,890117.9500576451,-0.0002070809734514567,0.000883791106104656,890063.322757645,-0.00020709368033589026,0.0008224707264388315,890063.322757645,-0.00020709368033589026,0.0008224707264388315,0.0
2016-06-28,890267.197647645,0.00016767170012732535,0.0008836429441898983,890212.570347645,0.0001676819909144367,0.0008223328360316914,890212.570347645,0.0001676819909144367,0.0008223328360316914,0.0
2016-06-29,890258.4183776451,-9.861387708198777e-06,0.0008836516582214991,890203.791077645,-9.861992845694445e-06,0.0008223409459522171,890203.791077645,-9.861992845694445e-06,0.0008223409459522171,0.0
2016-06-30,890653.4855276451,0.0004437668230310443,0.0008832596968719069,890598.858227645,0.00044379405475436506,0.0008219761578202267,890598.858227645,0.00044379405475436506,0.0008219761578202267,0.0
2016-07-01,910930.4561046399,0.000310974561370303,0.010445384980680733,910875.82880464,0.00031099363583964035,0.01038603913450541,910875.82880464,0.00031099363583964035,0.01038603913450541,20000.0
2016-07-04,910948.2369046401,1.951938249633578e-05,0.010445181097195656,910893.6096046402,1.952055311815748e-05,0.010385836397234343,910893.6096046402,1.952055311815748e-05,0.010385836397234343,0.0
2016-07-05,910957.12730464,9.759500748440786e-06,0.01044507915843779,910902.5000046401,9.760086036481042e-06,0.010385735031566881,910902.5000046401,9.760086036481042e-06,0.010385735031566881,0.0
2016-07-06,911099.37370464,0.00015615048802652964,0.010443448408872064,911044.74640464,0.00015615985245309716,0.01038411344994268,911044.74640464,0.00015615985245309716,0.01038411344994268,0.0
2016-07-07,911206.05850464,0.000117094581643995,0.010442225680824535,911151.4312046401,0.00011710160277100812,0.010382897595992783,911151.4312046401,0.00011710160277100812,0.010382897595992783,0.0
2016-07-08,911410.53770464,0.0002244050048740842,0.010439882918847248,911355.91040464,0.00022441845888288015,0.01038056800491879,911355.91040464,0.00022441845888288015,0.01038056800491879,0.0
2016-07-11,911472.77050464,6.828185260698838e-05,0.010439170112972254,911418.14320464,6.828594546814948e-05,0.010379859206419054,911418.14320464,6.828594546814948e-05,0.010379859206419054,0.0
2016-07-12,911517.22250464,4.876942179565802e-05,0.01043866102550972,911462.5952046401,4.877234486877491e-05,0.010379352981035947,911462.5952046401,4.877234486877491e-05,0.010379352981035947,0.0
2016-07-13,911535.00330464,1.95068173820534e-05,0.010438457404427382,911480.37600464,1.9507986497302454e-05,0.01037915050470805,911480.37600464,1.9507986497302454e-05,0.01037915050470805,0.0
2016-07-14,911677.24970464,0.00015605149498854054,0.01043682872170242,911622.6224046401,0.00015606084754504757,0.01037753097842813,911622.6224046401,0.00015606084754504757,0.01037753097842813,0.0
2016-07-15,911810.6057046399,0.00014627545004897158,0.010435302293163091,911755.97840464,0.00014628421533480207,0.010376013131488886,911755.97840464,0.00014628421533480207,0.010376013131488886,0.0
2016-07-18,911943.96170464,0.00014625405667101354,0.010433776311051201,911889.33440464,0.00014626281939311703,0.010374495728493855,911889.33440464,0.00014626281939311703,0.010374495728493855,0.0
2016-07-19,912032.86570464,9.748844636670029e-05,0.010432759237561814,911978.2384046401,9.749428647287672e-05,0.010373484373036666,911978.2384046401,9.749428647287672e-05,0.010373484373036666,0.0
2016-07-20,912077.31770464,4.873947164796277e-05,0.010432250775170933,912022.69040464,4.8742391131728624e-05,0.010372978769248295,912022.69040464,4.8742391131728624e-05,0.010372978769248295,0.0
2016-07-21,912103.98890464,2.9242257736594723e-05,0.01043194572152545,912049.36160464,2.924400925619075e-05,0.010372675430631991,912049.36160464,2.924400925619075e-05,0.010372675430631991,0.0
2016-07-22,912246.23530464,0.0001559541474771553,0.010430319070006975,912191.6080046401,0.00015596348836832696,0.010371057924260052,912191.6080046401,0.00015596348836832696,0.010371057924260052,0.0
2016-07-25,912379.59130464,0.00014618421522505365,0.010428794544860691,912324.9640046401,0.00014619296957985028,0.010369541970126257,912324.9640046401,0.00014619296957985028,0.010369541970126257,0.0
2016-07-26,912317.35850464,-6.820932931106416e-05,0.010429505934465526,912262.7312046401,-6.821341348239862e-05,0.010370249360233782,912262.7312046401,-6.821341348239862e-05,0.010370249360233782,0.0
2016-07-27,912504.0569046399,0.00020464194642300093,0.010427372056751755,912449.42960464,0.00020465420060888917,0.010368127479392676,912449.42960464,0.00020465420060888917,0.010368127479392676,0.0
2016-07-28,912628.5225046399,0.00013640005111015263,0.010425949956644798,912573.89520464,0.00013640821722460394,0.010366713374502783,912573.89520464,0.00013640821722460394,0.010366713374502783,0.0
2016-07-29,912806.3305046399,0.00019483064096226244,0.010423919057813426,912751.70320464,0.00019484230365818256,0.010364693893667828,912751.70320464,0.00019484230365818256,0.010364693893667828,0.0
2016-08-01,932849.7153232499,4.752905097182847e-05,0.007419678936013448,932795.08802325,4.753189553929893e-05,0.007361550432048253,932795.08802325,4.753189553929893e-05,0.007361550432048253,20000.0
2016-08-02,932913.5039432499,6.838038212597652e-05,0.007419171610223682,932858.87664325,6.838438668799185e-05,0.007361047051360264,932858.87664325,6.838438668799185e-05,0.007361047051360264,0.0
2016-08-03,932968.17990325,5.860774848787109e-05,0.007418736814762345,932913.55260325,5.861118050010106e-05,0.007360615636988573,932913.55260325,5.861118050010106e-05,0.007360615636988573,0.0
2016-08-04,933013.74320325,4.883692818413721e-05,0.007418374524138466,932959.11590325,4.88397878590785e-05,0.007360256163638952,932959.11590325,4.88397878590785e-05,0.007360256163638952,0.0
2016-08-05,933232.44704325,0.00023440580762423835,0.007416636021581973,933177.81974325,0.00023441953272329563,0.007358531180198161,933177.81974325,0.00023441953272329563,0.007358531180198161,0.0
2016-08-08,933268.89768325,3.905847906970905e-05,0.007416346350373273,933214.2703832501,3.906076551429827e-05,0.007358243761563994,933214.2703832501,3.906076551429827e-05,0.007358243761563994,0.0
2016-08-09,933323.57364325,5.8585430346758116e-05,0.007415911885984019,933268.9463432501,5.858885974552308e-05,0.007357812675709102,933268.9463432501,5.858885974552308e-05,0.007357812675709102,0.0
2016-08-10,933387.36226325,6.834566467772696e-05,0.0074154050751953,933332.7349632501,6.834966517410557e-05,0.007357309806047277,933332.7349632501,6.834966517410557e-05,0.007357309806047277,0.0
2016-08-11,933469.37620325,8.786699211471571e-05,0.007414753563102438,933414.7489032501,8.787213490712986e-05,0.007356663360332011,933414.7489032501,8.787213490712986e-05,0.007356663360332011,0.0
2016-08-12,933551.39014325,8.785927218468714e-05,0.007414102165482276,933496.7628432501,8.786441407360179e-05,0.007356017028205913,933496.7628432501,8.786441407360179e-05,0.007356017028205913,0.0
2016-08-15,933560.50280325,9.76128373464391e-06,0.0074140297950338295,933505.87550325,9.761854955048221e-06,0.0073559452205356115,933505.87550325,9.761854955048221e-06,0.0073559452205356115,0.0
2016-08-16,933615.17876325,5.856713071716868e-05,0.007413595602011123,933560.5514632501,5.857055797386934e-05,0.0073555144039527875,933560.5514632501,5.857055797386934e-05,0.0073555144039527875,0.0
2016-08-17,933733.64334325,0.00012688801841997943,0.007412655024903782,933679.0160432501,0.00012689544327293412,0.007354581141118799,933679.0160432501,0.00012689544327293412,0.007354581141118799,0.0
2016-08-18,933715.41802325,-1.951875690675564e-05,0.007412799713539389,933660.79072325,-1.9519898902031763e-05,0.007354724704601485,933660.79072325,-1.9519898902031763e-05,0.007354724704601485,0.0
2016-08-19,933997.9104832499,0.0003025466373876018,0.007410557674233882,933943.28318325,0.0003025643390048849,0.007352500100268613,933943.28318325,0.0003025643390048849,0.007352500100268613,0.0
2016-08-22,934089.03708325,9.756617116307709e-05,0.00740983472503081,934034.4097832501,9.757187790837563e-05,0.007351782773017476,934034.4097832501,9.757187790837563e-05,0.007351782773017476,0.0
2016-08-23,934125.4877232498,3.902266117328246e-05,0.007409545584844005,934070.8604232499,3.902494342611362e-05,0.007351495881306611,934070.8604232499,3.902494342611362e-05,0.007351495881306611,0.0
2016-08-24,934125.4877232498,0.0,0.007409545584844005,934070.8604232499,0.0,0.007351495881306611,934070.8604232499,0.0,0.007351495881306611,0.0
2016-08-25,934225.72698325,0.0001073081307785273,0.007408750565669399,934171.0996832501,0.00010731440648381607,0.007350707044542889,934171.0996832501,0.00010731440648381607,0.007350707044542889,0.0
2016-08-26,934444.4308232501,0.0002341017097724496,0.007407016570425949,934389.8035232502,0.00023411539928197556,0.007348986533626251,934389.8035232502,0.00023411539928197556,0.007348986533626251,0.0
2016-08-29,934562.8954032499,0.0001267754144518296,0.007406077661860905,934508.26810325,0.00012678282613221015,0.0073480549264561,934508.26810325,0.00012678282613221015,0.0073480549264561,0.0
2016-08-30,934644.90934325,8.775646925807123e-05,0.007405427787664915,934590.28204325,8.776159912060599e-05,0.007347410105995804,934590.28204325,8.776159912060599e-05,0.007347410105995804,0.0
2016-08-31,934699.58530325,5.849917915723424e-05,0.00740499460155906,934644.9580032501,5.8502598465404176e-05,0.007346980288558049,934644.9580032501,5.8502598465404176e-05,0.007346980288558049,0.0
2016-09-01,954781.17539343,8.729017479303103e-05,0.0044836987403590566,954726.54809343,8.729527665152226e-05,0.004426737542671179,954726.54809343,8.729527665152226e-05,0.004426737542671179,20000.0
2016-09-02,954911.86427343,0.00013687835848474883,0.004483085103029207,954857.23697343,0.0001368861903556784,0.004426131666369356,954857.23697343,0.0001368861903556784,0.004426131666369356,0.0
2016-09-05,954967.8737934299,5.865412515593249e-05,0.004482822167016771,954913.2464934299,5.865748075328803e-05,0.004425872055864423,954913.2464934299,5.865748075328803e-05,0.004425872055864423,0.0
2016-09-06,955070.5579134299,0.00010752625592735932,0.004482340197757513,955015.93061343,0.00010753240713445855,0.00442539618236041,955015.93061343,0.00010753240713445855,0.00442539618236041,0.0
2016-09-07,955154.57219343,8.79665688613418e-05,0.00448194593635167,955099.94489343,8.797160058482412e-05,0.0044250069074201655,955099.94489343,8.797160058482412e-05,0.0044250069074201655,0.0
2016-09-08,955201.24679343,4.8866017458015776e-05,0.004481726932205159,955146.61949343,4.886881236831897e-05,0.00442479067315499,955146.61949343,4.886881236831897e-05,0.00442479067315499,0.0
2016-09-09,955313.26583343,0.00011727271124906125,0.004481201409566205,955258.6385334299,0.0001172794183781356,0.004424271797131876,955258.6385334299,0.0001172794183781356,0.004424271797131876,0.0
2016-09-12,955453.2896334301,0.0001465736999661793,0.0044805446795546594,955398.66233343,0.00014658208191131727,0.004423623373208239,955398.66233343,0.00014658208191131727,0.004423623373208239,0.0
2016-09-13,955686.66263343,0.00024425369877523195,0.004479450557187585,955632.0353334299,0.0002442676645892927,0.004422543088936359,955632.0353334299,0.0002442676645892927,0.004422543088936359,0.0
2016-09-14,955976.04515343,0.000302800626308386,0.00447809458734187,955921.4178534299,0.0003028179354609417,0.004421204268987374,955921.4178534299,0.0003028179354609417,0.004421204268987374,0.0
2016-09-19,955910.70071343,-6.835363744861489e-05,0.004478400702319826,955856.07341343,-6.835754360079438e-05,0.00442150651231157,955856.07341343,-6.835754360079438e-05,0.00442150651231157,0.0
2016-09-20,955873.36103343,-3.9061891421554584e-05,0.004478575643955354,955818.73373343,-3.9064123813825624e-05,0.004421679241336919,955818.73373343,-3.9064123813825624e-05,0.004421679241336919,0.0
2016-09-21,955920.03563343,4.8829271640737915e-05,0.0044783569690464075,955865.4083334301,4.8832062349069005e-05,0.004421463332163808,955865.4083334301,4.8832062349069005e-05,0.004421463332163808,0.0
2016-09-22,955826.6864334301,-9.765377491866012e-05,0.0044787943402208145,955772.05913343,-9.765935579031382e-05,0.004421895171597639,955772.05913343,-9.765935579031382e-05,0.004421895171597639,0.0
2016-09-23,956004.04991343,0.00018556029300853538,0.004477963408018741,955949.4226134301,0.0001855708987359428,0.004421074748783129,955949.4226134301,0.0001855708987359428,0.004421074748783129,0.0
2016-09-26,956088.06419343,8.78806737352189e-05,0.004477569916157813,956033.4368934301,8.788569563678017e-05,0.004420686233698288,956033.4368934301,8.788569563678017e-05,0.004420686233698288,0.0
2016-09-27,956116.06895343,2.9290983800445147e-05,0.004477438767571404,956061.44165343,2.929265747320109e-05,0.00442055674384375,956061.44165343,2.929265747320109e-05,0.00442055674384375,0.0
2016-09-28,956312.10227343,0.0002050308810461754,0.0044765209425385345,956257.4749734299,0.00020504259607090347,0.004419650527225921,956257.4749734299,0.00020504259607090347,0.004419650527225921,0.0
2016-09-29,956405.4514734299,9.761373904826343e-05,0.004476084015241513,956350.82417343,9.761931534457702e-05,0.004419219126080475,956350.82417343,9.761931534457702e-05,0.004419219126080475,0.0
2016-09-30,957030.89111343,0.0006539482172926991,0.004473158801017919,956976.26381343,0.0006539855711846787,0.004416330909388158,956976.26381343,0.0006539855711846787,0.004416330909388158,0.0
2016-10-10,977094.44969433,6.641225637560311e-05,0.001620651836498969,977039.8223943299,6.641604740198481e-05,0.0015648314216951036,977039.8223943299,6.641604740198481e-05,0.0015648314216951036,20000.0
2016-10-11,977123.12123433,2.934367297746654e-05,0.0016206042820168915,977068.49393433,2.934531361242776e-05,0.0015647855025737942,977068.49393433,2.934531361242776e-05,0.0015647855025737942,0.0
2016-10-12,977342.93637433,0.00022496155829609954,0.0016202397903488414,977288.3090743299,0.0002249741357587265,0.001564433545488946,977288.3090743299,0.0002249741357587265,0.001564433545488946,0.0
2016-10-13,977438.50817433,9.778737477206256e-05,0.0016200813668450604,977383.88087433,9.779284077438e-05,0.0015642805700482325,977383.88087433,9.779284077438e-05,0.0015642805700482325,0.0
2016-10-14,977686.9948543301,0.0002542223146744238,0.0016196696106876235,977632.36755433,0.0002542365235016497,0.0015638829738777904,977632.36755433,0.0002542365235016497,0.0015638829738777904,0.0
2016-10-17,977667.8804943301,-1.9550592470385375e-05,0.00161970127680721,977613.25319433,-1.955168490153092e-05,0.0015639135510227534,977613.25319433,-1.955168490153092e-05,0.0015639135510227534,0.0
2016-10-18,977562.7515143302,-0.00010753036086930123,0.001619875462600267,977508.1242143301,-0.00010753636947580247,0.0015640817466953563,977508.1242143301,-0.00010753636947580247,0.0015640817466953563,0.0
2016-10-19,977696.5520343301,0.00013687154077079988,0.001619653778092144,977641.92473433,0.00013687918973315227,0.0015638676857536807,977641.92473433,0.00013687918973315227,0.0015638676857536807,0.0
2016-10-20,977639.2089543301,-5.8651204078330466e-05,0.0016197487783082963,977584.58165433,-5.865448130781825e-05,0.0015639594189821875,977584.58165433,-5.865448130781825e-05,0.0015639594189821875,0.0
2016-10-21,977849.4669143301,0.00021506702889406704,0.0016194004986544613,977794.8396143301,0.0002150790468118391,0.0015636231164127365,977794.8396143301,0.0002150790468118391,0.0015636231164127365,0.0
2016-10-24,977839.90973433,-9.773672046131665e-06,0.0016194163262985407,977785.28243433,-9.774218080238484e-06,0.0015636383997554544,977785.28243433,-9.774218080238484e-06,0.0015636383997554544,0.0
2016-10-25,977897.25281433,5.86426054296485e-05,0.0016193213650746647,977842.62551433,5.8645881698238256e-05,0.001563546704180411,977842.62551433,5.8645881698238256e-05,0.001563546704180411,0.0
2016-10-26,977973.7102543301,7.818555556826645e-05,0.0016191947674321996,977919.08295433,7.818992341412923e-05,0.001563424460141609,977919.08295433,7.818992341412923e-05,0.001563424460141609,0.0
2016-10-27,977983.2674343301,9.77243038313702e-06,0.0016191789441186903,977928.64013433,9.772976278465961e-06,0.0015634091809807696,977928.64013433,9.772976278465961e-06,0.0015634091809807696,0.0
2016-10-28,978241.31129433,0.0002638530418592744,0.0016187518315239275,978186.68399433,0.00026386778074583006,0.0015629967564953205,978186.68399433,0.00026386778074583006,0.0015629967564953205,0.0
2016-10-31,978432.4548943301,0.00019539514207100872,0.0016184355970705053,978377.8275943301,0.00019540605400547584,0.0015626913971357778,978377.8275943301,0.00019540605400547584,0.0015626913971357778,0.0
2016-11-01,998541.905775595,0.000111863502398446,0.010233173576884856,998487.2784755949,0.00011186974824850537,0.01017902337334934,998487.2784755949,0.00011186974824850537,0.01017902337334934,20000.0
2016-11-02,998793.2818355949,0.0002517431251967128,0.010230598094148002,998738.6545355949,0.00025175689807865886,0.010176461378999146,998738.6545355949,0.00025175689807865886,0.010176461378999146,0.0
2016-11-03,998822.286765595,2.9039973063138547e-05,0.010230301006482348,998767.6594655949,2.90415614419004e-05,0.01017616584725345,998767.6594655949,2.90415614419004e-05,0.01017616584725345,0.0
2016-11-04,999025.3212755951,0.00020327390837215908,0.010228221875845947,998970.6939755951,0.00020328502637823043,0.010174097605553331,998970.6939755951,0.00020328502637823043,0.010174097605553331,0.0
2016-11-07,999083.3311355951,5.806645613937178e-05,0.010227627993733638,999028.703835595,5.8069631421409085e-05,0.010173506833761232,999028.703835595,5.8069631421409085e-05,0.010173506833761232,0.0
2016-11-08,999141.3409955951,5.806308462186216e-05,0.010227034180582581,999086.713695595,5.8066259535083375e-05,0.010172916130572964,999086.713695595,5.8066259535083375e-05,0.010172916130572964,0.0
2016-11-09,999151.0093055952,9.676618916154567e-06,0.010226935218427793,999096.3820055951,9.677148006925762e-06,0.010172817686710564,999096.3820055951,9.677148006925762e-06,0.010172817686710564,0.0
2016-11-10,999180.014235595,2.9029575839611965e-05,0.010226638343454417,999125.386935595,2.9031163081283395e-05,0.010172522366554793,999125.386935595,2.9031163081283395e-05,0.010172522366554793,0.0
2016-11-11,999180.014235595,0.0,0.010226638343454417,999125.386935595,0.0,0.010172522366554793,999125.386935595,0.0,0.010172522366554793,0.0
2016-11-14,999286.365645595,0.0001064386882090318,0.010225549949331593,999231.738345595,0.00010644450775720848,0.010171439672665655,999231.738345595,0.00010644450775720848,0.010171439672665655,0.0
2016-11-15,999470.0635355951,0.0001838290767446349,0.010223670541415025,999415.436235595,0.0001838391265516215,0.010169570107779635,999415.436235595,0.0001838391265516215,0.010169570107779635,0.0
2016-11-16,999508.7367755951,3.86937452265812e-05,0.010223274964618162,999454.1094755951,3.869586019766835e-05,0.010169176602743489,999454.1094755951,3.869586019766835e-05,0.010169176602743489,0.0
2016-11-17,999586.0832555951,7.738449615701803e-05,0.010222483902851867,999531.455955595,7.738872577212064e-05,0.010168389684022689,999531.455955595,7.738872577212064e-05,0.010168389684022689,0.0
2016-11-18,999808.454385595,0.00022246321124819168,0.01022021028205289,999753.827085595,0.00022247536950947833,0.010166127970945875,999753.827085595,0.00022247536950947833,0.010166127970945875,0.0
2016-11-21,999856.7959355951,4.8350811385988735e-05,0.01021971615048488,999802.168635595,4.8353453310445715e-05,0.010165636427319514,999802.168635595,4.8353453310445715e-05,0.010165636427319514,0.0
2016-11-22,999934.142415595,7.735755791671295e-05,0.010218925639352889,999879.515115595,7.736178458728205e-05,0.010164850056379088,999879.515115595,7.736178458728205e-05,0.010164850056379088,0.0
2016-11-23,1000001.820585595,6.768262741441156e-05,0.010218234042425363,999947.1932855949,6.768632517895057e-05,0.010164162081599261,999947.1932855949,6.768632517895057e-05,0.010164162081599261,0.0
2016-11-24,1000040.493825595,3.867316959227374e-05,0.01021783888620925,999985.866525595,3.8675282314715176e-05,0.010163768994964,999985.866525595,3.8675282314715176e-05,0.010163768994964,0.0
2016-11-25,1000195.1867855951,0.00015468669614393527,0.010216258566924579,1000140.5594855951,0.0001546951463800017,0.010162196952418904,1000140.5594855951,0.0001546951463800017,0.010162196952418904,0.0
2016-11-28,1000311.2065055951,0.00011599707890308508,0.010215073648220607,1000256.5792055951,0.0001160034146197031,0.010161018239607097,1000256.5792055951,0.0001160034146197031,0.010161018239607097,0.0
2016-11-29,1000301.538195595,-9.665302095229755e-06,0.010215172380947624,1000246.910895595,-9.665829949101479e-06,0.010161116455230846,1000246.910895595,-9.665829949101479e-06,0.010161116455230846,0.0
2016-11-30,1000272.5332655951,-2.8996186542173952e-05,0.010215468590580491,1000217.905965595,-2.89977701345423e-05,0.010161411113494558,1000217.905965595,-2.89977701345423e-05,0.010161411113494558,0.0
2016-12-01,1020349.946090205,7.739173278831224e-05,0.007298262570346353,1020295.318790205,7.739595956879342e-05,0.007245112649316227,1020295.318790205,7.739595956879342e-05,0.007245112649316227,20000.0
2016-12-02,1020745.5688902049,0.0003877324652350467,0.00729543389377776,1020690.9415902048,0.0003877532246927551,0.007242304422422227,1020690.9415902048,0.0003877532246927551,0.007242304422422227,0.0
2016-12-05,1020943.380290205,0.00019379109351924662,0.007294020377592635,1020888.7529902051,0.00019380146520364683,0.007240901125174773,1020888.7529902051,0.00019380146520364683,0.007240901125174773,0.0
2016-12-06,1020963.161430205,1.93753545807418e-05,0.007293879056099654,1020908.5341302049,1.9376391347192268e-05,0.00724076082535937,1020908.5341302049,1.9376391347192268e-05,0.00724076082535937,0.0
2016-12-07,1020973.052000205,9.687489591847509e-06,0.007293808397406719,1020918.424700205,9.688007954977707e-06,0.007240690677490487,1020918.424700205,9.688007954977707e-06,0.007240690677490487,0.0
2016-12-08,1021111.519980205,0.00013562354043394897,0.007292819319430872,1021056.8926802049,0.00013563079737788364,0.007239708750019937,1021056.8926802049,0.00013563079737788364,0.007239708750019937,0.0
2016-12-09,1021180.753970205,6.780257459171324e-05,0.007292324881029179,1021126.126670205,6.780620207980093e-05,0.007239217886149048,1021126.126670205,6.780620207980093e-05,0.007239217886149048,0.0
2016-12-12,1021240.097390205,5.811255232668344e-05,0.007291901130043198,1021185.4700902051,5.811566118052447e-05,0.007238797198663697,1021185.4700902051,5.811566118052447e-05,0.007238797198663697,0.0
2016-12-13,1021299.4408102051,5.8109175454124085e-05,0.007291477428301997,1021244.8135102051,5.811228394669854e-05,0.007238376560069726,1021244.8135102051,5.811228394669854e-05,0.007238376560069726,0.0
2016-12-14,1021299.4408102051,0.0,0.007291477428301997,1021244.8135102051,0.0,0.007238376560069726,1021244.8135102051,0.0,0.007238376560069726,0.0
2016-12-15,1020359.836660205,-0.0009200084837553968,0.007298191826698635,1020305.2093602051,-0.000920057695833365,0.00724504241710222,1020305.2093602051,-0.000920057695833365,0.00724504241710222,0.0
2016-12-16,1020775.2406002049,0.0004071151422027075,0.007295221831425333,1020720.613300205,0.0004071369392109059,0.0072420938931610805,1020720.613300205,0.0004071369392109059,0.0072420938931610805,0.0
2016-12-19,1021081.848270205,0.0003003674636736786,0.007293031242128642,1021027.220970205,0.00030038353884975777,0.007239919140628632,1021027.220970205,0.00030038353884975777,0.007239919140628632,0.0
2016-12-20,1021477.471070205,0.0003874545421311826,0.007290206618461244,1021422.843770205,0.00038747527183846664,0.007237114937550877,1021422.843770205,0.00038747527183846664,0.007237114937550877,0.0
2016-12-21,1021606.048480205,0.0001258739557568056,0.0072892890868092326,1021551.421180205,0.00012588068769381344,0.0072362040392101295,1021551.421180205,0.00012588068769381344,0.0072362040392101295,0.0
2016-12-22,1021843.422160205,0.00023235344030414495,0.007287595788856145,1021788.7948602049,0.00023236586536756754,0.00723452298301666,1021788.7948602049,0.00023236586536756754,0.00723452298301666,0.0
2016-12-23,1022051.124130205,0.00020326203163389955,0.007286114798359513,1021996.496830205,0.00020327289851373997,0.0072330526994293445,1021996.496830205,0.00020327289851373997,0.0072330526994293445,0.0
2016-12-26,1021981.8901402049,-6.774024152556013e-05,0.007286608394972091,1021927.2628402049,-6.774386234675855e-05,0.007233542727552159,1021927.2628402049,-6.774386234675855e-05,0.007233542727552159,0.0
2016-12-27,1021764.297600205,-0.00021291232466946752,0.007288160134088803,1021709.670300205,-0.00021292370593495313,0.007235083248290132,1021709.670300205,-0.00021292370593495313,0.007235083248290132,0.0
2016-12-28,1021981.8901402049,0.00021295766598128374,0.007286608394972091,1021927.2628402049,0.0002129690520946692,0.007233542727552159,1021927.2628402049,0.0002129690520946692,0.007233542727552159,0.0
2016-12-29,1022664.3394702049,0.0006677704728275113,0.0072817458600960856,1022609.7121702048,0.0006678061686145043,0.0072287153468523725,1022609.7121702048,0.0006678061686145043,0.0072287153468523725,0.0
2016-12-30,1023914.0552202049,0.0012220194855405708,0.007272858285555562,1023859.4279202048,0.0012220847652109068,0.007219892026799952,1023859.4279202048,0.0012220847652109068,0.007219892026799952,0.0
2017-01-03,1042856.4702288051,-0.001032884533626488,0.004425622423182031,1042801.842928805,-0.0010329396424546555,0.004373469139636358,1042801.842928805,-0.0010329396424546555,0.004373469139636358,20000.0
2017-01-04,1042877.209128805,1.9886629264886935e-05,0.0044255344142198364,1042822.5818288049,1.9887671028229192e-05,0.004373382163250614,1042822.5818288049,1.9887671028229192e-05,0.004373382163250614,0.0
2017-01-05,1042877.209128805,0.0,0.0044255344142198364,1042822.5818288049,0.0,0.004373382163250614,1042822.5818288049,0.0,0.004373382163250614,0.0
2017-01-06,1043167.553728805,0.0002784072731272236,0.004424302656181839,1043112.926428805,0.000278421857235589,0.00437216485699099,1043112.926428805,0.000278421857235589,0.00437216485699099,0.0
2017-01-09,1043198.662078805,2.982104829540866e-05,0.004424170722773048,1043144.034778805,2.9822610008833905e-05,0.004372034471512001,1043144.034778805,2.9822610008833905e-05,0.004372034471512001,0.0
2017-01-10,1043395.681628805,0.00018886100717141474,0.004423335327208095,1043341.054328805,0.00018887089743246932,0.0043712088773684675,1043341.054328805,0.00018887089743246932,0.0043712088773684675,0.0
2017-01-11,1043437.159428805,3.975270430034428e-05,0.004423159494656631,1043382.532128805,3.975478567430635e-05,0.004371035107804582,1043382.532128805,3.975478567430635e-05,0.004371035107804582,0.0
2017-01-12,1043395.681628805,-3.9751124085607437e-05,0.004423335327208095,1043341.054328805,-3.9753205294146277e-05,0.0043712088773684675,1043341.054328805,-3.9753205294146277e-05,0.0043712088773684675,0.0
2017-01-13,1043551.223378805,0.00014907264112618002,0.004422676027211873,1043496.5960788049,0.00014908044627848227,0.0043705573127337995,1043496.5960788049,0.00014908044627848227,0.0043705573127337995,0.0
2017-01-16,1043561.592828805,9.936694785661615e-06,0.004422632080866736,1043506.9655288049,9.93721497422051e-06,0.004370513881997807,1043506.9655288049,9.93721497422051e-06,0.004370513881997807,0.0
2017-01-17,1043468.267778805,-8.94293644393418e-05,0.004423027629416532,1043413.6404788049,-8.943404604178085e-05,0.004370904789698013,1043413.6404788049,-8.943404604178085e-05,0.004370904789698013,0.0
2017-01-18,1043530.484478805,5.962490851052493e-05,0.004422763922522288,1043475.8571788049,5.962803013725981e-05,0.00437064417679532,1043475.8571788049,5.962803013725981e-05,0.00437064417679532,0.0
2017-01-19,1043343.834378805,-0.00017886406077838313,0.004423555137557269,1043289.207078805,-0.00017887342454148136,0.004371426108753523,1043289.207078805,-0.00017887342454148136,0.004371426108753523,0.0
2017-01-20,1043779.3512788049,0.000417424137326039,0.004421709409321577,1043724.7239788049,0.0004174459939247921,0.004369602035888596,1043724.7239788049,0.0004174459939247921,0.004369602035888596,0.0
2017-01-23,1044163.020928805,0.0003675773519853376,0.004420084686297037,1044108.393628805,0.00036759659054297344,0.004367996375313527,1044108.393628805,0.00036759659054297344,0.004367996375313527,0.0
2017-01-24,1044308.193228805,0.0001390322172785119,0.0044194702375507135,1044253.5659288049,0.00013903949138405203,0.004367389135749415,1044253.5659288049,0.00013903949138405203,0.004367389135749415,0.0
2017-01-25,1044754.0795788051,0.00042696816216825084,0.004417584069799208,1044699.4522788051,0.0004269904978524419,0.004365525098014427,1044699.4522788051,0.0004269904978524419,0.004365525098014427,0.0
2017-01-26,1045002.946378805,0.0002382061050196782,0.00441653202490786,1044948.3190788049,0.00023821856080896708,0.004364485396584581,1044948.3190788049,0.00023821856080896708,0.004364485396584581,0.0
2017-02-03,1065231.148346305,0.00021837447280947941,0.0016278993521707614,1065176.521046305,0.0002183858888842316,0.0015766980994430333,1065176.521046305,0.0002183858888842316,0.0015766980994430333,20000.0
2017-02-06,1065474.8873963049,0.00022881329594826028,0.0016275269523645462,1065420.260096305,0.0002288250305786388,0.0015763373939906512,1065420.260096305,0.0002288250305786388,0.0015763373939906512,0.0
2017-02-07,1065835.197296305,0.0003381683644188005,0.0016269767602945697,1065780.5699963053,0.00033818570332777576,0.0015758044794444634,1065780.5699963053,0.00033818570332777576,0.0015758044794444634,0.0
2017-02-08,1065814.002596305,-1.9885532072771994e-05,0.0016270091142364935,1065759.3752963052,-1.9886551319125978e-05,0.0015758358173843163,1065759.3752963052,-1.9886551319125978e-05,0.0015758358173843163,0.0
2017-02-09,1065771.613196305,-3.977185502979097e-05,0.0016270738259808232,1065716.9858963052,-3.977389360354522e-05,0.001575898497003466,1065716.9858963052,-3.977389360354522e-05,0.001575898497003466,0.0
2017-02-10,1065845.7946463048,6.960351456286595e-05,0.0016269605838061352,1065791.167346305,6.960708235070889e-05,0.0015757888109419356,1065791.167346305,6.960708235070889e-05,0.0015757888109419356,0.0
2017-02-13,1065909.378746305,5.96560030723392e-05,0.001626863531630294,1065854.751446305,5.965906075044991e-05,0.0015756948064697522,1065854.751446305,5.965906075044991e-05,0.0015756948064697522,0.0
2017-02-14,1065877.5866963048,-2.982622222302833e-05,0.0016269120562708214,1065822.959396305,-2.9827750879674042e-05,0.001575741807303831,1065822.959396305,-2.9827750879674042e-05,0.001575741807303831,0.0
2017-02-15,1065972.962846305,8.948133555919391e-05,0.001626766491032561,1065918.3355463052,8.948592180280102e-05,0.0015756008132126675,1065918.3355463052,8.948592180280102e-05,0.0015756008132126675,0.0
2017-02-16,1066121.3257463048,0.00013918073456919977,0.0016265401079855254,1066066.698446305,0.00013918786744926415,0.001575381539215805,1066066.698446305,0.00013918786744926415,0.001575381539215805,0.0
2017-02-17,1066163.7151463048,3.976039028241729e-05,0.0016264754386872986,1066109.087846305,3.9762427680889445e-05,0.001575318900711941,1066109.087846305,3.9762427680889445e-05,0.001575318900711941,0.0
2017-02-20,1066301.480696305,0.00012921613073402227,0.0016262652989778178,1066246.853396305,0.00012922275175286657,0.0015751153599707975,1066246.853396305,0.00012922275175286657,0.0015751153599707975,0.0
2017-02-21,1066333.272746305,2.981525448064737e-05,0.0016262168129097,1066278.6454463052,2.9816782013192267e-05,0.0015750683964997631,1066278.6454463052,2.9816782013192267e-05,0.0015750683964997631,0.0
2017-02-22,1066566.414446305,0.00021863868075655546,0.001625861336731944,1066511.7871463052,0.00021864988199449265,0.0015747240832647835,1066511.7871463052,0.00021864988199449265,0.0015747240832647835,0.0
2017-02-23,1066820.750846305,0.00023846278727224224,0.0016254737217376205,1066766.123546305,0.0002384750014627901,0.0015743486404704442,1066766.123546305,0.0002384750014627901,0.0015743486404704442,0.0
2017-02-24,1066926.7243463048,9.933580680332454e-05,0.0016253122700319695,1066872.097046305,9.934089362295673e-05,0.0015741922588047201,1066872.097046305,9.934089362295673e-05,0.0015741922588047201,0.0
2017-02-27,1067149.2686963049,0.00020858447438043548,0.0016249733258249203,1067094.641396305,0.00020859515457960498,0.0015738639584090284,1067094.641396305,0.00020859515457960498,0.0015738639584090284,0.0
2017-02-28,1067191.658096305,3.9722090661165055e-05,0.0016249087810510032,1067137.0307963053,3.972412413655313e-05,0.0015738014405252388,1067137.0307963053,3.972412413655313e-05,0.0015738014405252388,0.0
2017-03-01,1087302.614060055,0.00010397004409479216,0.00944602507824725,1087247.986760055,0.00010397536637518634,0.009396256037685024,1087247.986760055,0.00010397536637518634,0.009396256037685024,20000.0
2017-03-02,1087506.128760055,0.00018717392689793222,0.009444257359510634,1087451.501460055,0.00018718333119793762,0.009394497544339745,1087451.501460055,0.00018718333119793762,0.009394497544339745,0.0
2017-03-03,1087848.890360055,0.00031518130421104296,0.00944128164404864,1087794.263060055,0.0003151971371044837,0.00939153735865129,1087794.263060055,0.0003151971371044837,0.00939153735865129,0.0
2017-03-06,1087913.158160055,5.9077874298152366e-05,0.009440723906148429,1087858.530860055,5.9080841095182635e-05,0.009390982531504619,1087858.530860055,5.9080841095182635e-05,0.009390982531504619,0.0
2017-03-07,1088138.0954600552,0.00020676034508171348,0.009438772342321784,1088083.468160055,0.00020677072764430093,0.009389041152633604,1088083.468160055,0.00020677072764430093,0.009389041152633604,0.0
2017-03-08,1088255.919760055,0.00010828064975521023,0.00943775041657445,1088201.2924600549,0.00010828608599200429,0.009388024560198783,1088201.2924600549,0.00010828608599200429,0.009388024560198783,0.0
2017-03-09,1088534.413560055,0.00025590837131539423,0.009435335835148063,1088479.786260055,0.00025592121782036514,0.009385622580238047,1088479.786260055,0.00025592121782036514,0.009385622580238047,0.0
2017-03-10,1088877.175160055,0.0003148835679700479,0.009432365738170028,1088822.547860055,0.00031489937096385034,0.009382667983991925,1088822.547860055,0.00031489937096385034,0.009382667983991925,0.0
2017-03-13,1088791.484760055,-7.869611187993897e-05,0.009433108087099427,1088736.857460055,-7.870006014143449e-05,0.009383406458644553,1088736.857460055,-7.870006014143449e-05,0.009383406458644553,0.0
2017-03-14,1088684.3717600552,-9.837788180677709e-05,0.009434036187596452,1088629.7444600551,-9.838281791041403e-05,0.00938432971544616,1088629.7444600551,-9.838281791041403e-05,0.00938432971544616,0.0
2017-03-15,1088641.526560055,-3.935502438678906e-05,0.00943440747893286,1088586.899260055,-3.9356999216755284e-05,0.009384699069040069,1088586.899260055,-3.9356999216755284e-05,0.009384699069040069,0.0
2017-03-16,1088363.032760055,-0.00025581772622629284,0.009436821585173581,1088308.405460055,-0.00025583056363198686,0.009387100576271366,1088308.405460055,-0.00025583056363198686,0.009387100576271366,0.0
2017-03-17,1088652.237860055,0.0002657248466686468,0.009434314653358894,1088597.610560055,0.00026573818464403764,0.009384606727915891,1088597.610560055,0.00026573818464403764,0.009384606727915891,0.0
2017-03-20,1088930.731660055,0.0002558152092237975,0.009431901829419024,1088876.104360055,0.0002558280463769158,0.009382206496357223,1088876.104360055,0.0002558280463769158,0.009382206496357223,0.0
2017-03-21,1089016.422060055,7.869224139667175e-05,0.009431159670325597,1088961.794760055,7.869618926958921e-05,0.009381468210559298,1088961.794760055,7.869618926958921e-05,0.009381468210559298,0.0
2017-03-22,1089380.6062600552,0.00033441571001402437,0.009428006796738648,1089325.9789600552,0.00033443248583431284,0.009378331791745206,1089325.9789600552,0.00033443248583431284,0.009378331791745206,0.0
2017-03-23,1089541.275760055,0.00014748702067635122,0.009426616493157014,1089486.648460055,0.00014749441682582187,0.009376948744158582,1089486.648460055,0.00014749441682582187,0.009376948744158582,0.0
2017-03-24,1089541.275760055,0.0,0.009426616493157014,1089486.648460055,0.0,0.009376948744158582,1089486.648460055,0.0,0.009376948744158582,0.0
2017-03-27,1089744.790460055,0.00018678934385296664,0.00942485603048317,1089690.163160055,0.00018679870954607658,0.009375197469369564,1089690.163160055,0.00018679870954607658,0.009375197469369564,0.0
2017-03-28,1089787.6356600549,3.931672844403877e-05,0.009424485490546414,1089733.0083600548,3.931869943252231e-05,0.009374828863291256,1089733.0083600548,3.931869943252231e-05,0.009374828863291256,0.0
2017-03-29,1089669.811360055,-0.00010811675242428098,0.009425504545487833,1089615.184060055,-0.00010812217221634057,0.009375842599759501,1089615.184060055,-0.00010812217221634057,0.009375842599759501,0.0
2017-03-30,1089884.0373600551,0.0001965971689465995,0.009423651882206651,1089829.410060055,0.00019660702524526563,0.009373999605582398,1089829.410060055,0.00019660702524526563,0.009373999605582398,0.0
2017-03-31,1090462.4475600552,0.0005307080204615122,0.009418653327343884,1090407.8202600551,0.0005307346220067011,0.009369027138505473,1090407.8202600551,0.0005307346220067011,0.009369027138505473,0.0
2017-04-05,1110647.177716505,0.00016940533519815837,0.006550873276843829,1110592.550416505,0.00016941382207424915,0.006502007972047839,1110592.550416505,0.00016941382207424915,0.006502007972047839,20000.0
2017-04-06,1111030.049716505,0.0003447287380562436,0.006548615780789702,1110975.422416505,0.00034474569441012015,0.006499767205289148,1110975.422416505,0.00034474569441012015,0.006499767205289148,0.0
2017-04-07,1111391.0433165052,0.0003249179444717587,0.0065464887091348225,1111336.416016505,0.00032493392087373785,0.0064976558964822155,1111336.416016505,0.00032493392087373785,0.0064976558964822155,0.0
2017-04-10,1111533.2529165049,0.00012795640279361642,0.006545651151159578,1111478.6256165048,0.00012796269243975367,0.006496824545321088,1111478.6256165048,0.00012796269243975367,0.006496824545321088,0.0
2017-04-11,1111927.064116505,0.0003542954733624093,0.006543332877940221,1111872.436816505,0.0003543128863874312,0.006494523451971109,1111872.436816505,0.0003543128863874312,0.006494523451971109,0.0
2017-04-12,1111741.097716505,-0.00016724694092040693,0.006544427413405188,1111686.470416505,-0.000167255157914048,0.006495609876226705,1111686.470416505,-0.000167255157914048,0.006495609876226705,0.0
2017-04-13,1111839.550516505,8.855730907342263e-05,0.006543847907843484,1111784.923216505,8.856166070203564e-05,0.006495034665170441,1111784.923216505,8.856166070203564e-05,0.006495034665170441,0.0
2017-04-14,1112069.2737165052,0.0002066154238653528,0.006542496127233019,1112014.646416505,0.0002066255758672586,0.006493692902135032,1112014.646416505,0.0002066255758672586,0.006493692902135032,0.0
2017-04-17,1112189.604916505,0.00010820477001205475,0.006541788274537306,1112134.977616505,0.00010821008553052458,0.0064929902950998505,1112134.977616505,0.00010821008553052458,0.0064929902950998505,0.0
2017-04-18,1112298.996916505,9.835733000596036e-05,0.006541144904989269,1112244.369616505,9.836216125003183e-05,0.006492351693355698,1112244.369616505,9.836216125003183e-05,0.006492351693355698,0.0
2017-04-19,1112397.449716505,8.851289111366789e-05,0.006540565980584808,1112342.8224165048,8.851723837799419e-05,0.006491777059178254,1112342.8224165048,8.851723837799419e-05,0.006491777059178254,0.0
2017-04-20,1112583.4161165052,0.00016717621929784876,0.0065394727362565585,1112528.788816505,0.00016718442934360311,0.006490691916554139,1112528.788816505,0.00016718442934360311,0.006490691916554139,0.0
2017-04-21,1112900.652916505,0.0002851352944905905,0.006537608633293639,1112846.025616505,0.00028514929518119736,0.00648884162793739,1112846.025616505,0.00028514929518119736,0.00648884162793739,0.0
2017-04-24,1112911.592116505,9.829448811338182e-06,0.006537544372835875,1112856.9648165049,9.829931318483531e-06,0.006488777843696845,1112856.9648165049,9.829931318483531e-06,0.006488777843696845,0.0
2017-04-25,1112845.956916505,-5.897611316552087e-05,0.0065379299545327415,1112791.329616505,-5.897900815199364e-05,0.006489160567950882,1112791.329616505,-5.897900815199364e-05,0.006489160567950882,0.0
2017-04-26,1112999.105716505,0.00013761904695641647,0.006537030334648163,1112944.478416505,0.00013762580272147495,0.006488267614912107,1112944.478416505,0.00013762580272147495,0.006488267614912107,0.0
2017-04-27,1113185.0721165051,0.00016708584853741826,0.006535938271856022,1113130.444816505,0.00016709404970915998,0.006487183645125637,1113130.444816505,0.00016709404970915998,0.006487183645125637,0.0
2017-04-28,1113567.944116505,0.0003439428084244245,0.00653369105580491,1113513.316816505,0.00034395968754874495,0.006484953082689547,1113513.316816505,0.00034395968754874495,0.006484953082689547,0.0
2017-05-02,1133754.691871655,0.00016770216504213842,0.003716583491882985,1133700.064571655,0.00016771039225993434,0.0036685776085110095,1133700.064571655,0.00016771039225993434,0.0036685776085110095,20000.0
2017-05-03,1133877.529971655,0.00010834627709210842,0.0037161808575220715,1133822.902671655,0.0001083514977540112,0.0036681801556971085,1133822.902671655,0.0001083514977540112,0.0036681801556971085,0.0
2017-05-04,1134022.702271655,0.00012803172843867117,0.00371570512937199,1133968.074971655,0.0001280378969747975,0.0036677105497516056,1133968.074971655,0.0001280378969747975,0.0036677105497516056,0.0
2017-05-05,1134313.0468716552,0.0002560306768273346,0.0037147540383812958,1134258.419571655,0.0002560430107412248,0.0036667716984862247,1134258.419571655,0.0002560430107412248,0.0036667716984862247,0.0
2017-05-08,1134491.720471655,0.00015751701039912192,0.0037141689935853094,1134437.093171655,0.00015752459661477758,0.0036661941827264796,1134437.093171655,0.00015752459661477758,0.0036661941827264796,0.0
2017-05-09,1134849.067671655,0.0003149844053964568,0.0037129994566592163,1134794.440371655,0.0003149995730489241,0.0036650396967867842,1134794.440371655,0.0003149995730489241,0.0036650396967867842,0.0
2017-05-10,1134793.232171655,-4.920081585346736e-05,0.0037131821482503232,1134738.6048716549,-4.920318430690074e-05,0.003665220037283804,1134738.6048716549,-4.920318430690074e-05,0.003665220037283804,0.0
2017-05-11,1134815.566371655,1.9681294677331707e-05,0.003713109069456558,1134760.939071655,1.9682242151874974e-05,0.0036651478989553343,1134760.939071655,1.9682242151874974e-05,0.0036651478989553343,0.0
2017-05-12,1135083.5767716551,0.00023617088797700525,0.003712232348246496,1135028.949471655,0.00023618225722432662,0.003664282460452717,1135028.949471655,0.00023618225722432662,0.003664282460452717,0.0
2017-05-15,1135217.5819716551,0.00011805756222926789,0.0037117941428784916,1135162.954671655,0.00011806324416863134,0.003663849894448031,1135162.954671655,0.00011806324416863134,0.003663849894448031,0.0
2017-05-16,1135184.080671655,-2.9510906571661444e-05,0.0037119036845213284,1135129.453371655,-2.9512326721214954e-05,0.0036639580263743985,1135129.453371655,-2.9512326721214954e-05,0.0036639580263743985,0.0
2017-05-17,1135318.085871655,0.00011804710996354828,0.003711465556738626,1135263.458571655,0.00011805279089704968,0.0036635255369602375,1135263.458571655,0.00011805279089704968,0.0036635255369602375,0.0
2017-05-18,1135552.5949716552,0.0002065580588546112,0.003710699081939267,1135497.9676716551,0.0002065679981413382,0.0036627689261155157,1135497.9676716551,0.0002065679981413382,0.0036627689261155157,0.0
2017-05-19,1135597.263371655,3.933626693974901e-05,0.0037105531226311415,1135542.636071655,3.93381593553066e-05,0.0036626248451956966,1135542.636071655,3.93381593553066e-05,0.0036626248451956966,0.0
2017-05-22,1135943.443471655,0.0003048440773554262,0.0037094223272042827,1135888.816171655,0.0003048587424225868,0.0036615086022878337,1135888.816171655,0.0003048587424225868,0.0036615086022878337,0.0
2017-05-23,1136055.114471655,9.83068308919588e-05,0.0037090577014960535,1136000.487171655,9.831155867567887e-05,0.0036611486690556355,1136000.487171655,9.831155867567887e-05,0.0036611486690556355,0.0
2017-05-24,1136189.1196716551,0.00011795660113045336,0.003708620245257039,1136134.492371655,0.00011796227335580944,0.003660716842574774,1136134.492371655,0.00011796227335580944,0.003660716842574774,0.0
2017-05-25,1136434.795871655,0.00021622826318812294,0.0037078185101003837,1136380.168571655,0.00021623865981479362,0.003659925425205805,1136380.168571655,0.00021623865981479362,0.003659925425205805,0.0
2017-05-26,1136602.302371655,0.00014739648997763588,0.003707272071209695,1136547.6750716548,0.00014740357552223138,0.0036593860186224444,1136547.6750716548,0.00014740357552223138,0.0036593860186224444,0.0
2017-05-31,1136602.302371655,0.0,0.003707272071209695,1136547.6750716548,0.0,0.0036593860186224444,1136547.6750716548,0.0,0.0036593860186224444,0.0
2017-06-01,1157083.918883655,0.00042373353546376613,0.0009368023061809296,1157029.291583655,0.0004237539018938641,0.0008896331243664446,1157029.291583655,0.0004237539018938641,0.0008896331243664446,20000.0
2017-06-02,1157209.2638836552,0.00010832835713525668,0.0009367008349183558,1157154.6365836551,0.00010833347168648366,0.0008895367577612835,1157154.6365836551,0.00010833347168648366,0.0008895367577612835,0.0
2017-06-05,1157471.348883655,0.0002264802125071519,0.000936488738749793,1157416.7215836549,0.0002264909042524188,0.0008893353313978917,1157416.7215836549,0.0002264909042524188,0.0008893353313978917,0.0
2017-06-06,1157653.668883655,0.00015751577797229466,0.0009363412502293156,1157599.041583655,0.0001575232123400827,0.0008891952625037444,1157599.041583655,0.0001575232123400827,0.0008891952625037444,0.0
2017-06-07,1157756.223883655,8.858867099581502e-05,0.00093625830835007,1157701.5965836549,8.859285151063823e-05,0.000889116493138292,1157701.5965836549,8.859285151063823e-05,0.000889116493138292,0.0
2017-06-08,1157915.753883655,0.00013779239248212782,0.0009361293168518283,1157861.126583655,0.0001377988943531694,0.0008889939907492803,1157861.126583655,0.0001377988943531694,0.0008889939907492803,0.0
2017-06-09,1158029.7038836551,9.840957739637446e-05,0.0009360372018263693,1157975.076583655,9.841422031020564e-05,0.0008889065097081987,1157975.076583655,9.841422031020564e-05,0.0008889065097081987,0.0
2017-06-12,1158280.3938836548,0.00021647976658889512,0.0009358346125678749,1158225.7665836548,0.00021648997898937594,0.0008887141120087625,1158225.7665836548,0.00021648997898937594,0.0008887141120087625,0.0
2017-06-13,1158360.158883655,6.886501784997279e-05,0.0009357701707383635,1158305.531583655,6.88682658436246e-05,0.0008886529120237744,1158305.531583655,6.88682658436246e-05,0.0008886529120237744,0.0
2017-06-14,1158474.108883655,9.837182255112431e-05,0.0009356781263757507,1158419.4815836549,9.837646190313798e-05,0.0008885654980939028,1158419.4815836549,9.837646190313798e-05,0.0008885654980939028,0.0
2017-06-15,1158622.243883655,0.00012787079043374838,0.0009355584957713994,1158567.616583655,0.00012787682040493742,0.0008884518856916778,1158567.616583655,0.00012787682040493742,0.0008884518856916778,0.0
2017-06-16,1158781.773883655,0.00013768939863023633,0.0009354296970189559,1158727.146583655,0.00013769589078482802,0.0008883295663607272,1158727.146583655,0.00013769589078482802,0.0008883295663607272,0.0
2017-06-19,1159009.6738836549,0.0001966720612425199,0.000935245760307508,1158955.0465836548,0.00019668133319550307,0.0008881548828742794,1158955.0465836548,0.00019668133319550307,0.0008881548828742794,0.0
2017-06-20,1158952.6988836548,-4.915834723728807e-05,0.000935291737703518,1158898.0715836547,-4.9160664313929736e-05,0.0008881985473049076,1158898.0715836547,-4.9160664313929736e-05,0.0008881985473049076,0.0
2017-06-21,1159294.5488836549,0.00029496458339450804,0.0009350159411159796,1159239.9215836548,0.00029497848722193076,0.000887936625102486,1159239.9215836548,0.00029497848722193076,0.000887936625102486,0.0
2017-06-22,1159533.8438836548,0.00020641432346102384,0.0009348229802629528,1159479.2165836548,0.00020642405040116607,0.0008877533714557929,1159479.2165836548,0.00020642405040116607,0.0008877533714557929,0.0
2017-06-23,1159784.533883655,0.00021619895039926007,0.0009346209162018487,1159729.906583655,0.00021620913632136585,0.0008875614725563793,1159729.906583655,0.00021620913632136585,0.0008875614725563793,0.0
2017-06-26,1159761.743883655,-1.965020168337439e-05,0.0009346392820522422,1159707.116583655,-1.9651127275976954e-05,0.0008875789144825953,1159707.116583655,-1.9651127275976954e-05,0.0008875789144825953,0.0
2017-06-27,1159898.483883655,0.00011790352692786499,0.0009345290977755976,1159843.8565836549,0.00011790908070197226,0.0008874742732068947,1159843.8565836549,0.00011790908070197226,0.0008874742732068947,0.0
2017-06-28,1160023.828883655,0.00010806549171471502,0.0009344281183415171,1159969.2015836549,0.00010807058147399573,0.0008873783737100605,1159969.2015836549,0.00010807058147399573,0.0008873783737100605,0.0
2017-06-29,1160058.013883655,2.946922222535342e-05,0.0009344005822831102,1160003.386583655,2.9470610041437695e-05,0.00088735222289873,1160003.386583655,2.9470610041437695e-05,0.00088735222289873,0.0
2017-06-30,1160536.603883655,0.00041255695342146126,0.0009340152477980294,1160481.976583655,0.0004125763817031114,0.0008869862733114668,1160481.976583655,0.0004125763817031114,0.0008869862733114668,0.0
2017-07-03,1180839.382137905,0.00026089504909787564,0.008029431590212476,1180784.754837905,0.0002609073301951259,0.007983539505639327,1180784.754837905,0.0002609073301951259,0.007983539505639327,20000.0
2017-07-04,1181184.650637905,0.0002923924330631156,0.008027084531435927,1181130.023337905,0.0002924059601763229,0.007981205753507607,1181130.023337905,0.0002924059601763229,0.007981205753507607,0.0
2017-07-05,1181702.553387905,0.0004384604470775155,0.008023566514874658,1181647.926087905,0.00043848072588681397,0.007977707682452094,1181647.926087905,0.00043848072588681397,0.007977707682452094,0.0
2017-07-06,1181806.1339379048,8.765365675378334e-05,0.008022863281570392,1181751.5066379048,8.765770896146385e-05,0.007977008436168213,1181751.5066379048,8.765770896146385e-05,0.007977008436168213,0.0
2017-07-07,1181737.080237905,-5.8430649509055854e-05,0.008023332090075642,1181682.452937905,-5.843335050725873e-05,0.007977474586736902,1181682.452937905,-5.843335050725873e-05,0.007977474586736902,0.0
2017-07-10,1181852.169737905,9.739010641585111e-05,0.008022550773002133,1181797.542437905,9.739460860558324e-05,0.007976697699386505,1181797.542437905,9.739460860558324e-05,0.007976697699386505,0.0
2017-07-11,1181955.750287905,8.764256025606265e-05,0.008021847717730166,1181901.122987905,8.764661143767505e-05,0.007975998630133742,1181901.122987905,8.764661143767505e-05,0.007975998630133742,0.0
2017-07-12,1182070.839787905,9.737208856752666e-05,0.008021066689714048,1182016.212487905,9.737658909148017e-05,0.007975222030215192,1182016.212487905,9.737658909148017e-05,0.007975222030215192,0.0
2017-07-13,1182174.4203379052,8.7626347350378e-05,0.00802036389452155,1182119.7930379051,8.763039703318931e-05,0.00797452321957931,1182119.7930379051,8.763039703318931e-05,0.00797452321957931,0.0
2017-07-14,1182370.0724879052,0.0001655019315542905,0.008019036728453787,1182315.445187905,0.0001655095796146977,0.00797320357800693,1182315.445187905,0.0001655095796146977,0.00797320357800693,0.0
2017-07-17,1182611.760437905,0.00020440973230262394,0.008017397894296448,1182557.133137905,0.00020441917678026833,0.007971574035404971,1182557.133137905,0.00020441917678026833,0.007971574035404971,0.0
2017-07-18,1182623.269387905,9.731807500079626e-06,0.008017319871282794,1182568.642087905,9.732257053363114e-06,0.007971496454752373,1182568.642087905,9.732257053363114e-06,0.007971496454752373,0.0
2017-07-19,1182657.7962379053,2.9195138379289887e-05,0.008017085811353134,1182603.1689379052,2.9196487012717043e-05,0.007971263721854643,1182603.1689379052,2.9196487012717043e-05,0.007971263721854643,0.0
2017-07-20,1182807.412587905,0.00012650857287344053,0.008016071709561106,1182752.785287905,0.00012651441661049034,0.007970255369646318,1182752.785287905,0.00012651441661049034,0.007970255369646318,0.0
2017-07-21,1183175.698987905,0.00031136632733308467,0.008013576551661412,1183121.071687905,0.0003113807082772979,0.007967774358423198,1183121.071687905,0.0003113807082772979,0.007967774358423198,0.0
2017-07-24,1183336.8242879051,0.0001361803662278671,0.008012485408464092,1183282.196987905,0.0001361866539746348,0.00796668940165033,1183282.196987905,0.0001361866539746348,0.00796668940165033,0.0
2017-07-25,1183497.949587905,0.00013616182366082974,0.008011394562370414,1183443.322287905,0.0001361681096954115,0.007965604740310262,1183443.322287905,0.0001361681096954115,0.007965604740310262,0.0
2017-07-26,1183774.164387905,0.0002333884905303396,0.0080095252313668,1183719.537087905,0.00023339926365539831,0.00796374600785609,1183719.537087905,0.00023339926365539831,0.00796374600785609,0.0
2017-07-27,1183946.798637905,0.00014583377065768843,0.008008357342418781,1183892.1713379049,0.0001458405007190855,0.007962584740510516,1183892.1713379049,0.0001458405007190855,0.007962584740510516,0.0
2017-07-28,1184084.906037905,0.0001166500050162611,0.008007423276453417,1184030.278737905,0.00011665538749539017,0.007961655970448178,1184030.278737905,0.00011665538749539017,0.007961655970448178,0.0
2017-07-31,1184142.4507879051,4.859849974159225e-05,0.008007034146606511,1184087.823487905,4.860074191803676e-05,0.007961269046865891,1184087.823487905,4.860074191803676e-05,0.007961269046865891,0.0
2017-08-01,1204235.312061405,7.842069460317624e-05,0.005155209367493223,1204180.684761405,7.842431250271176e-05,0.005110078528310148,1204180.684761405,7.842431250271176e-05,0.005110078528310148,20000.0
2017-08-02,1204587.417561405,0.0002923892834509889,0.005153702480117942,1204532.790261405,0.00029240254760432016,0.005108584765110177,1204532.790261405,0.00029240254760432016,0.005108584765110177,0.0
2017-08-03,1204716.522911405,0.00010717806621385328,0.0051531501754472275,1204661.895611405,0.00010718292689393394,0.005108037270724818,1204661.895611405,0.00010718292689393394,0.005108037270724818,0.0
2017-08-04,1205092.1021114052,0.00031175732453037064,0.005151544143827748,1205037.4748114052,0.0003117714616593936,0.005106445226832564,1205037.4748114052,0.0003117714616593936,0.005106445226832564,0.0
2017-08-07,1205221.207461405,0.00010713318075317169,0.005150992301638438,1205166.580161405,0.00010713803736273064,0.005105898190921414,1205166.580161405,0.00010713803736273064,0.005105898190921414,0.0
2017-08-08,1205373.7865114051,0.00012659837800343965,0.005150340276913215,1205319.159211405,0.00012660411640319502,0.00510525184502256,1205319.159211405,0.00012660411640319502,0.00510525184502256,0.0
2017-08-09,1205467.681311405,7.789683254322277e-05,0.005149939112968524,1205413.054011405,7.790036297228298e-05,0.005104854175029405,1205413.054011405,7.790036297228298e-05,0.005104854175029405,0.0
2017-08-10,1205608.523511405,0.0001168361476491242,0.005149337484213923,1205553.896211405,0.00011684144246770778,0.005104257786186939,1205553.896211405,0.00011684144246770778,0.005104257786186939,0.0
2017-08-11,1205866.734211405,0.0002141745806905071,0.005148234863170807,1205812.106911405,0.00021418428558961367,0.005103164768486755,1205812.106911405,0.00021418428558961367,0.005103164768486755,0.0
2017-08-14,1206007.576411405,0.00011679748350656993,0.005147633632516516,1205952.949111405,0.0001168027748210676,0.005102568774295202,1205952.949111405,0.0001168027748210676,0.005102568774295202,0.0
2017-08-15,1206031.050111405,1.9463973907951626e-05,0.005147533441059929,1205976.422811405,1.946485558756983e-05,0.005102469455464111,1205976.422811405,1.946485558756983e-05,0.005102469455464111,0.0
2017-08-16,1206101.471211405,5.839078520697427e-05,0.005147232890089834,1206046.843911405,5.8393430143244274e-05,0.005102171522167752,1206046.843911405,5.8393430143244274e-05,0.005102171522167752,0.0
2017-08-17,1206218.839711405,9.731229320375512e-05,0.005146732049791563,1206164.212411405,9.731670091639444e-05,0.005101675043983324,1206164.212411405,9.731670091639444e-05,0.005101675043983324,0.0
2017-08-18,1206606.1557614051,0.0003210993206612667,0.005145079968109056,1206551.528461405,0.00032111386328215197,0.005100037351286569,1206551.528461405,0.00032111386328215197,0.005100037351286569,0.0
2017-08-21,1206711.787411405,8.754443154090907e-05,0.005144629584436598,1206657.160111405,8.754839516433854e-05,0.00509959089028813,1206657.160111405,8.754839516433854e-05,0.00509959089028813,0.0
2017-08-22,1206864.366461405,0.00012644199848854676,0.005143979169430231,1206809.739161405,0.00012644772272007998,0.005098946140160434,1206809.739161405,0.00012644772272007998,0.005098946140160434,0.0
2017-08-23,1206946.5244114052,6.80755454243176e-05,0.005143629014079637,1206891.8971114052,6.807862692359556e-05,0.005098599034538929,1206891.8971114052,6.807862692359556e-05,0.005098599034538929,0.0
2017-08-24,1207216.4719614051,0.0002236615662252195,0.00514247883920818,1207161.844661405,0.0002236716897727753,0.0050974588772982965,1207161.844661405,0.0002236716897727753,0.0050974588772982965,0.0
2017-08-25,1208490.6981921052,0.0010555076577358768,0.005260588767142165,1207349.6342614049,0.00015556290221585556,0.0050966660251398005,1207349.6342614049,0.00015556290221585556,0.0050966660251398005,0.0
2017-08-28,1209306.6981921052,0.0006752224085966319,0.005257039096541311,1207349.6342614049,0.0,0.0050966660251398005,1207349.6342614049,0.0,0.0050966660251398005,0.0
2017-08-29,1208395.6120921052,-0.0007533953970171314,0.005261002711768052,1207478.7396114052,0.00010693286048768513,0.005096121082335075,1207478.7396114052,0.00010693286048768513,0.005096121082335075,0.0
2017-08-30,1208937.2014921051,0.0004481888171228299,0.005258645845506887,1207549.160711405,5.832077840350891e-05,0.005095823889919207,1207549.160711405,5.832077840350891e-05,0.005095823889919207,0.0
2017-08-31,1209772.3378921053,0.0006908021351064164,0.005255015669462405,1207971.687311405,0.00034990426373293637,0.005094041463091639,1207971.687311405,0.00034990426373293637,0.005094041463091639,0.0
2017-09-01,1229303.595368405,-0.00038746341689133157,0.0038193978575309507,1228253.5902114052,0.00023336879743229844,0.005031922080798716,1228253.5902114052,0.00023336879743229844,0.005031922080798716,20000.0
2017-09-04,1229563.4031684052,0.00021134551381685185,0.003818590815492994,1228086.150312405,-0.00013632355755721637,0.0026202939114543774,1228086.150312405,-0.00013632355755721637,0.0026202939114543774,0.0
2017-09-05,1229617.528218405,4.4019730792710376e-05,0.0038184227295523865,1228140.275362405,4.407268169748235e-05,0.0026201784331643017,1228140.275362405,4.407268169748235e-05,0.0026201784331643017,0.0
2017-09-06,1229701.395568405,6.8206046250463e-05,0.0038181623077974294,1228224.142712405,6.828808702263878e-05,0.0026199995184091893,1228224.142712405,6.828808702263878e-05,0.0026199995184091893,0.0
2017-09-07,1229540.262918405,-0.00013103396530311784,0.0038186626823108476,1228063.010062405,-0.00013119156707352975,0.002620343285351065,1228063.010062405,-0.00013119156707352975,0.002620343285351065,0.0
2017-09-08,1230336.224518405,0.0006473652177203526,0.0038161922122085285,1228858.971662405,0.0006481439417018731,0.002618646025793985,1228858.971662405,0.0006481439417018731,0.002618646025793985,0.0
2017-09-11,1230603.6707184052,0.00021737651437914174,0.0038153628419328577,1229126.417862405,0.00021763783002559656,0.002618076233363714,1229126.417862405,0.00021763783002559656,0.002618076233363714,0.0
2017-09-12,1230556.490018405,-3.833947608222754e-05,0.0038155091265537565,1229079.237162405,-3.838555523216769e-05,0.0026181767335313267,1229079.237162405,-3.838555523216769e-05,0.0026181767335313267,0.0
2017-09-13,1230782.799668405,0.00018390837953052852,0.0038148075514787437,1229305.5468124049,0.00018412942238166252,0.0026176947389110797,1229305.5468124049,0.00018412942238166252,0.0026176947389110797,0.0
2017-09-14,1231002.1555184051,0.0001782246632462403,0.0038141277798396035,1229524.902662405,0.00017843883529922167,0.0026172277238443236,1229524.902662405,0.00017843883529922167,0.0026172277238443236,0.0
2017-09-15,1231970.986318405,0.000787026079245079,0.003811128322458479,1230493.733462405,0.0007879716774357171,0.002615167046280092,1230493.733462405,0.0007879716774357171,0.002615167046280092,0.0
2017-09-18,1232461.211368405,0.0003979193142080728,0.00380961240410324,1230983.958512405,0.00039839703093869083,0.002614125586407966,1230983.958512405,0.00039839703093869083,0.002614125586407966,0.0
2017-09-19,1231716.069068405,-0.0006045969586114808,0.003811917077574821,1230238.816212405,-0.0006053225103764825,0.0026157089339062527,1230238.816212405,-0.0006053225103764825,0.0026157089339062527,0.0
2017-09-20,1232426.6768684052,0.000576925005563611,0.0038097191553299365,1230949.424012405,0.0005776177687093487,0.0026141989261555644,1230949.424012405,0.0005776177687093487,0.0026141989261555644,0.0
2017-09-21,1233047.940518405,0.0005040978596622114,0.0038077996516755045,1231570.687662405,0.0005047028235936057,0.0026128801981418507,1231570.687662405,0.0005047028235936057,0.0026128801981418507,0.0
2017-09-22,1233342.6845575052,0.00023903696637805893,0.0047426790872836895,1232681.726262405,0.000902131409207918,0.002610525161399225,1232681.726262405,0.000902131409207918,0.002610525161399225,0.0
2017-09-25,1233490.9765575053,0.00012023584511977603,0.004742108915810546,1233039.201212405,0.0002899977685917321,0.002609768334405706,1233039.201212405,0.0002899977685917321,0.002609768334405706,0.0
2017-09-26,1232966.5045575052,-0.000425193219867559,0.004744126086056535,1232087.232012405,-0.0007720510419002569,0.002611784765555172,1232087.232012405,-0.0007720510419002569,0.002611784765555172,0.0
2017-09-27,1232520.2485575052,-0.00036193683960639156,0.004745843781756169,1231670.3991624052,-0.0003383143978523684,0.0026126686689827068,1231670.3991624052,-0.0003383143978523684,0.0026126686689827068,0.0
2017-09-28,1232820.6005575054,0.0002436893027533138,0.004744687552154803,1232202.562612405,0.00043206644436843966,0.00261154031004662,1232202.562612405,0.00043206644436843966,0.00261154031004662,0.0
2017-09-29,1232757.0165575054,-5.157603626293472e-05,0.0047449322769539835,1231058.8977124048,-0.0009281468280470939,0.00261396645472019,1231058.8977124048,-0.0009281468280470939,0.00261396645472019,0.0
2017-10-09,1252705.90555798,-4.146072489452646e-05,0.0035580167605220353,1251782.697012405,0.0005879485549757923,0.002530732107070854,1251799.66049518,0.0006017281416441644,0.009186019183478056,20000.0
2017-10-10,1253354.3635579802,0.0005176458393969519,0.0035561759208524424,1252319.584599105,0.0004288983926534762,0.0027328245051766406,1252406.6658451802,0.0004849061468510385,0.001182322871286194,0.0
2017-10-11,1252143.2154579803,-0.0009663253547558259,0.0035596156677253515,1251108.436499105,-0.0009671238195860798,0.00273547004341339,1251537.1074451802,-0.000694309942380511,0.0011831443401648417,0.0
2017-10-12,1252227.6330079802,6.741844619506665e-05,0.003559375700146223,1251192.854049105,6.74742073005774e-05,0.0027352854821937377,1251655.6706451802,9.473406684845642e-05,0.0011830322667070036,0.0
2017-10-13,1251925.4108579801,-0.00024134761287297746,0.003560234954353723,1250890.631899105,-0.00024154721554070502,0.002735946342414617,1251516.33304518,-0.00011132262911284219,0.0011831639796318879,0.0
2017-10-16,1251899.02535798,-2.1075936131098594e-05,0.003560309991219705,1250864.2463991048,-2.1093370856872795e-05,0.002736004053962793,1251524.2610451803,6.334715569433769e-06,0.0011831564846720834,0.0
2017-10-17,1250111.7459579802,-0.001427654598172401,0.0035654001511398045,1249076.966999105,-0.0014288356271633385,0.0027399189477709082,1250228.4594451801,-0.0010353787300279027,0.0011843827693997313,0.0
2017-10-18,1250389.5658079803,0.00022223601281923244,0.0035646079668779818,1249354.786849105,0.00022242012088935503,0.0027393096701829127,1250422.4098451803,0.0001551319669097495,0.0011841990622699888,0.0
2017-10-19,1251616.00015798,0.0009808417980576856,0.003561115076363391,1250581.2211991048,0.0009816541809495316,0.0027366232525253874,1251374.2882451802,0.0007612454739336361,0.0011832982818086486,0.0
2017-10-20,1251108.9177079801,-0.0004051421921227316,0.003562558419090867,1250074.138749105,-0.00040547742234098294,0.00273773334158379,1251037.8514451801,-0.0002688538538472285,0.0011836165016665989,0.0
2017-10-23,1250906.3436579802,-0.00016191559913991682,0.003563135346285277,1249871.564699105,-0.0001620496286744988,0.002738177062159958,1250913.0722451801,-9.974054730310655e-05,0.0011837345680002728,0.0
2017-10-24,1250750.6467079802,-0.00012446731187298887,0.003563578895371031,1249715.867749105,-0.00012457035938528982,0.0027385182003563592,1250818.7074451803,-7.543673664744954e-05,0.0011838238718099275,0.0
2017-10-25,1250733.5154079802,-1.369681482488172e-05,0.0035636277057198213,1249698.736449105,-1.3708155943370492e-05,0.0027385557409055155,1250822.4642451801,3.0034728273342637e-06,0.001183820316237775,0.0
2017-10-26,1250418.7612079803,-0.0002516556853416896,0.0035645247386358403,1249383.982249105,-0.0002518640619691981,0.0027392456584437825,1250591.63544518,-0.00018454161689474002,0.0011840388206762087,0.0
2017-10-27,1250442.3100579802,1.8832770852794667e-05,0.0035644576100224558,1249407.531099105,1.884836874377349e-05,0.0027391940291046613,1250646.4418451802,4.3824377556012095e-05,0.0011839869331858274,0.0
2017-10-30,1249229.4818079802,-0.0009699193959166186,0.0035679182030906777,1248194.702849105,-0.0009707226984081441,0.002741855610581611,1249755.83384518,-0.0007121181256360964,0.0011848306725835839,0.0
2017-10-31,1249260.5222579802,2.4847676469486046e-05,0.003567829550816301,1248225.743299105,2.4868275701805942e-05,0.002741787427055959,1249838.98264518,6.653203589723766e-05,0.0011847518486310614,0.0
2017-11-01,1269504.56195798,0.00019534732399839605,0.011432238680258174,1268469.782999105,0.00019550926690148351,0.010625795253267437,1270102.0187951801,0.0002104560296585234,0.00908342749200882,20000.0
2017-11-02,1268984.0367579805,-0.0004100223154746008,0.011436928075989807,1267949.2577991053,-0.00041035679917345025,0.010630157410637176,1269767.04599518,-0.0002637369243124743,0.009085823759221923,0.0
2017-11-03,1268591.36345798,-0.00030943911714098604,0.011440468204370648,1267556.584499105,-0.00030969165176353286,0.010633450501486928,1269592.51479518,-0.00013745135420750731,0.009087072789682646,0.0
2017-11-06,1268654.7062079804,4.993156332666615e-05,0.011439896992429519,1267619.9272491052,4.9972325318448085e-05,0.01063291914979209,1269627.45079518,2.751749052776198e-05,0.009086822743123885,0.0
2017-11-07,1268684.5520079802,2.352555021767344e-05,0.011439627868889617,1267649.773049105,2.354475451049609e-05,0.010632668806215256,1269661.72199518,2.699311516818348e-05,0.009086577468091803,0.0
2017-11-08,1268643.6665079803,-3.2226687031955414e-05,0.011439996542077826,1267608.887549105,-3.225299358633471e-05,0.010633011752675118,1269658.1499951798,-2.813347790397991e-06,0.009086603031866366,0.0
2017-11-09,1268011.1466579805,-0.0004985795985887886,0.011445703136153016,1266976.3676991053,-0.0004989866008455746,0.01063832013187643,1269188.9995951802,-0.0003695092257719468,0.009089961856634307,0.0
2017-11-10,1265295.6840579803,-0.002141513193442468,0.011470266863974524,1264260.905099105,-0.002143262233794907,0.01066116981450794,1267124.3131951801,-0.0016267761544250803,0.009104773284705311,0.0
2017-11-13,1265506.3871079804,0.00016652475200440442,0.01146835709865277,1264471.6081491052,0.00016666105006524212,0.010659393308826034,1267312.34839518,0.00014839522692589036,0.00910342238027539,0.0
2017-11-14,1267371.8214579802,0.0014740615843613636,0.011451476916446037,1266337.042499105,0.0014752678810481257,0.010643691013338254,1268762.22679518,0.0011440576601624564,0.009093019441729073,0.0
2017-11-15,1262944.09625798,-0.003493627619798767,0.011491624372751032,1261909.317299105,-0.0034964824145568008,0.010681037071628433,1265408.05399518,-0.0026436575184559663,0.009117121989824152,0.0
2017-11-16,1261147.9023579801,-0.0014222275596535994,0.01150799135521267,1260113.123399105,-0.0014233938012634395,0.010696262064748083,1264070.52439518,-0.0010569946949342546,0.009126768936171576,0.0
2017-11-17,1262518.42295798,0.0010867247191526097,0.011495498912385589,1261483.643999105,0.001087617115123063,0.01068464126603819,1265208.02279518,0.000899869412384513,0.00911856341986515,0.0
2017-11-20,1262751.29165798,0.00018444776390214024,0.011493378984332248,1261716.512699105,0.0001845990640527706,0.010682669255292078,1265404.77959518,0.00015551339894703808,0.009117145581567065,0.0
2017-11-21,1262951.4519579802,0.0001585112613404771,0.01149155744306718,1261916.672999105,0.0001586412621101818,0.01068097481196734,1265598.6787951798,0.0001532309685616795,0.009115748766554403,0.0
2017-11-22,1261778.5206579803,-0.0009287223971922165,0.011502239830815934,1260743.7416991051,-0.0009294839549208733,0.010690911842988872,1264709.13559518,-0.0007028635656024518,0.009122160400739664,0.0
2017-11-23,1267415.0069079804,0.004467096370495138,0.01145108672287794,1266380.2279491052,0.004470762823223451,0.01064332804763812,1269134.65559518,0.0034992393708908054,0.009090351086323181,0.0
2017-11-24,1263078.1046079802,-0.003421848626031787,0.011490405149952856,1262043.325649105,-0.003424644671706334,0.010679902920268358,1265856.2683951799,-0.0025831673459919546,0.009113893799180062,0.0
2017-11-27,1266439.6649079802,0.0026614033508587376,0.011459905718473187,1265404.885949105,0.0026635854979630835,0.01065153165502095,1268493.06759518,0.0020830162679865705,0.009094948872721676,0.0
2017-11-28,1262511.0878079804,-0.003102064163700513,0.011495565700875336,1261476.3088491051,-0.003104600862239626,0.010684703394391953,1265462.95319518,-0.002388751249342125,0.00911672646445355,0.0
2017-11-29,1258276.5450579803,-0.0033540638105223897,0.011534252319160465,1257241.7660991051,-0.0033568151223254405,0.010720690771294812,1262204.8171951799,-0.0025746593306218424,0.009140259518908211,0.0
2017-11-30,1260931.9916079803,0.002110383890115086,0.0115099618810309,1259897.2126491051,0.0021121208518541934,0.010698095101555696,1264366.03639518,0.0017122571317726987,0.009124635796191355,0.0
2017-12-01,1282204.3220987804,0.0010090397414515007,0.0024575548876815236,1281169.5431399052,0.0010098684861163942,0.0016518567360869327,1285391.82243598,0.0008113046469711005,0.007750227605385451,20000.0
2017-12-04,1282349.8332987805,0.00011348518913267824,0.0024572760232472743,1281315.0543399053,0.00011357684919932609,0.0016516691447095568,1285583.6114359803,0.00014920664396078642,0.007749071392449172,0.0
2017-12-05,1282481.0666987803,0.000102338220501208,0.002457024575724467,1281446.287739905,0.00010242086796319327,0.001651499996646459,1285744.35318598,0.00012503406901731573,0.007748102615651973,0.0
2017-12-06,1281531.4936987804,-0.0007404187279302921,0.002458845150723143,1280496.7147399052,-0.0007410166224560699,0.001652724693116402,1285032.58693598,-0.0005535830262340946,0.007752394209499027,0.0
2017-12-07,1282689.5270987805,0.0009036324161317832,0.0024566252644998526,1281654.7481399053,0.0009043626482363454,0.0016512313811317106,1285978.5286859802,0.0007361227719957508,0.007746691693335932,0.0
2017-12-08,1281406.5572987804,-0.0010002185040848266,0.0024590848867066524,1280371.7783399052,-0.0010010260578069419,0.0016528859630513084,1285034.8164359801,-0.0007338475946129241,0.007752380759308674,0.0
2017-12-11,1281432.8826987804,2.0544143347844823e-05,0.0024590343679521,1280398.1037399052,2.056074684353426e-05,0.0016528519791801947,1285057.8231859803,1.7903600514124207e-05,0.007752241966265422,0.0
2017-12-12,1282138.1366987803,0.0005503635886996427,0.0024576817494046154,1281103.3577399051,0.0005508083758793969,0.0016519420756484601,1285625.8906859802,0.0004420559835911497,0.007748816555541295,0.0
2017-12-13,1282542.4414987802,0.0003153363810242116,0.0024569069972435915,1281507.662539905,0.00031559108604084507,0.0016514209019325085,1285969.57168598,0.00026732582354616063,0.007746745650380505,0.0
2017-12-14,1282342.2240987802,-0.00015610976566671209,0.0024572906043040044,1281307.445139905,-0.00015623581961510258,0.0016516789533475259,1285871.09993598,-7.657393469340246e-05,0.007747338894603068,0.0
2017-12-15,1281820.4606987804,-0.0004068831160625175,0.0024582908413417173,1280785.6817399052,-0.0004072117133002706,0.0016523518103591969,1285555.4956859802,-0.00024544003673121484,0.007749240868566488,0.0
2017-12-18,1282458.1082987804,0.0004974546900682331,0.0024570685610621978,1281423.3293399052,0.0004978565962212578,0.0016515295854612204,1286025.8551859802,0.0003658803541179978,0.007746406610572669,0.0
2017-12-19,1282147.7352987803,-0.00024201414298974377,0.0024576633503516905,1281112.956339905,-0.0002422095750044262,0.001651929698651468,1285802.8889359802,-0.0001733761798807798,0.007747749885850549,0.0
2017-12-20,1284300.31789878,0.0016788881193150473,0.0024535441242712363,1283265.538939905,0.0016802441887322495,0.0016491587093138461,1287503.61718598,0.001322697487021074,0.007737515493551443,0.0
2017-12-21,1284470.4052987802,0.00013243584668609643,0.002453219230105391,1283435.626339905,0.000132542638167088,0.0016489401544355973,1287722.8264359802,0.0001702591333134773,0.007736198335127763,0.0
2017-12-22,1284595.0354987802,9.702847141190851e-05,0.0024529812210871064,1283560.256539905,9.710670129625676e-05,0.0016487800468440851,1287855.5141859802,0.00010304061345811633,0.007735401274635079,0.0
2017-12-25,1284747.5434987803,0.00011872068300577965,0.002452690036050825,1283712.7645399051,0.00011881639309341274,0.0016485841680195302,1288029.64918598,0.00013521314936459916,0.007734355488071231,0.0
2017-12-26,1285169.9306987803,0.0003287705838688204,0.002451883928739995,1284135.1517399051,0.00032903560022745637,0.0016480419035625915,1288260.6331859801,0.00017933127560088025,0.007732968724925609,0.0
2017-12-27,1284250.1814987804,-0.0007156634916752891,0.002453639909244759,1283215.4025399052,-0.0007162401860534295,0.0016492231434537025,1287563.04668598,-0.0005414948512980633,0.007737158356339245,0.0
2017-12-28,1279702.5681462802,-0.0035410649871918665,0.016965820016857577,1275175.2227399051,-0.006265650945340817,0.0016596217540659742,1281020.7219359803,-0.005081168465372432,0.007776672941655902,0.0
2017-12-29,1285240.83092628,0.0043277734356836906,0.016892712185803207,1283908.0918199052,0.00684836791389043,0.0016483333607667041,1288419.00828598,0.005775305756817728,0.007732018172591912,0.0
2018-01-02,1305782.82618338,0.0004217071571788189,0.010217675647011887,1304740.263389905,0.0006481550940458103,0.009426782429438616,1309177.43771555,0.0005886512265749211,0.006353028303071908,20000.0
2018-01-03,1305605.0271433801,-0.00013616279555428434,0.010219067103756693,1304562.464349905,-0.00013627159748863527,0.009428067207218175,1309090.0773955497,-6.67291670964909e-05,0.006353452263649648,0.0
2018-01-04,1306293.1963033802,0.000527088319739244,0.010213683590434662,1305250.633509905,0.0005275095511374506,0.009423096433848031,1309960.0651755498,0.0006645744208304549,0.006349232725988057,0.0
2018-01-05,1305935.3109033802,-0.00027397019368458064,0.010216482602151949,1304892.748109905,-0.00027418902608589146,0.009425680852101064,1309792.8144755499,-0.00012767618223352706,0.006350043475295999,0.0
2018-01-08,1305404.84942338,-0.00040619276894593437,0.010220634149837654,1304362.286629905,-0.0004065173024897506,0.009429514112741965,1309437.64413555,-0.0002711652836041578,0.0063517658536851014,0.0
2018-01-09,1305798.5314633802,0.0003015785027717932,0.010217552755575636,1304755.968669905,0.0003018195512363153,0.009426668959746882,1309460.15595555,1.7191975578922936e-05,0.006351656656158983,0.0
2018-01-10,1305013.4943833803,-0.0006011931098743872,0.010223699173075917,1303970.9315899052,-0.0006016734920938349,0.00943234415119096,1308878.68581555,-0.0004440533278966541,0.006354478383432193,0.0
2018-01-11,1303205.6943833802,-0.001385273031873302,0.010237881434130135,1302163.1315899051,-0.0013863805980673938,0.009445439124733716,1307490.0858155498,-0.0010609081002299625,0.0063612270607483435,0.0
2018-01-12,1303497.9338633802,0.00022424662603870438,0.010235586138473052,1302455.371069905,0.00022442616666862314,0.009443319796671124,1307816.05515555,0.00024930922500776553,0.0063596415434438195,0.0
2018-01-15,1303869.8094633804,0.0002852905174142162,0.010232666855651277,1302827.2466699053,0.00028551888092298583,0.00944062432018001,1308132.4549555497,0.00024192989430926737,0.006358103328177626,0.0
2018-01-16,1304326.00994338,0.0003498819258553887,0.010229087882683141,1303283.447149905,0.0003501619122303623,0.009437319730256934,1308507.4747955499,0.00028668338483583966,0.00635628108800035,0.0
2018-01-17,1302798.0601833803,-0.0011714477426284509,0.010241084778328781,1301755.4973899052,-0.001172384843328711,0.009448396887561666,1307346.1347155499,-0.0008875303369447751,0.006361927491650633,0.0
2018-01-18,1303340.9109033803,0.000416680632701949,0.010236819293988507,1302298.3481099051,0.0004170143480004551,0.009444458412894397,1307800.0144755498,0.00034717642707438046,0.006359719546941132,0.0
2018-01-19,1305535.9874633802,0.0016841921723138586,0.010219607511014337,1304493.424669905,0.0016855404625106818,0.00942856618308934,1309566.0539555498,0.0013503895553237388,0.006351143029729418,0.0
2018-01-22,1308868.8015833802,0.0025528320567214102,0.010193585000452266,1307826.238789905,0.002554872302896749,0.009404538787419843,1312209.0834155497,0.0020182482983708283,0.006338350664286744,0.0
2018-01-23,1307459.6767033804,-0.0010765975002957617,0.010204571216315341,1306417.1139099053,-0.0010774557339541246,0.009414682691268909,1311132.86337555,-0.0008201589621666949,0.006343553386448623,0.0
2018-01-24,1307527.18986338,5.163689649667624e-05,0.0102040443111354,1306484.627069905,5.1678104397767655e-05,0.00941419618345572,1311218.55315555,6.535552756981033e-05,0.006343138827264118,0.0
2018-01-25,1304624.6532633803,-0.002219867106781237,0.010226746328920365,1303582.0904699052,-0.0022216385404467687,0.009435157693422621,1309035.20285555,-0.001665130724962438,0.0063537185993216136,0.0
2018-01-26,1306283.0927433802,0.0012712004758239637,0.010213762589057204,1305240.5299499051,0.001272217140849241,0.009423169375821576,1310410.5721955497,0.0010506740666709202,0.006347049918572303,0.0
2018-01-29,1306313.0941833802,2.2967027719200672e-05,0.010213528014676182,1305270.5313899051,2.2985372666317616e-05,0.009422952785740178,1310507.43171555,7.391539877299458e-05,0.006346580808520996,0.0
2018-01-30,1305413.8829433802,-0.0006883581309902187,0.010220563422611437,1304371.320149905,-0.0006889079454223124,0.009429448807944925,1309881.3212955499,-0.00047776182328129746,0.006349614411879549,0.0
2018-01-31,1306959.6351033803,0.0011841088716744164,0.010208475476233759,1305917.0723099052,0.0011850553106476092,0.009418287616188153,1311179.3605755498,0.0009909594547969913,0.006343328430596366,0.0
2018-02-01,1326547.94109558,-0.00031500131812989274,0.008790677241524637,1325505.378302105,-0.00031525279554844854,0.008011051615427615,1330961.3964277501,-0.00016623518822322936,0.00498619324764939,20000.0
2018-02-02,1328324.7653155802,0.0013394346068884566,0.008778918454335849,1327282.202522105,0.00134048812557519,0.008000327271719159,1332510.86100775,0.0011641694373394351,0.004980395223744035,0.0
2018-02-05,1328288.72059558,-2.7135472394523852e-05,0.00877915668089961,1327246.157802105,-2.7156786952753365e-05,0.00800054454080276,1332458.3969277502,-3.9372346999244634e-05,0.004980591321313799,0.0
2018-02-06,1326924.3084855801,-0.0010271954348811674,0.008788183863244831,1325881.745692105,-0.0010280023053593768,0.008008777582620806,1331316.4646377498,-0.000857011590480683,0.004984863407030587,0.0
2018-02-07,1328136.64078558,0.0009136408853520628,0.008780161948308845,1327094.077992105,0.0009143592963241076,0.00800146137203111,1332159.22433775,0.0006330273247463492,0.004981709848572483,0.0
2018-02-08,1329248.75258558,0.0008373474278537962,0.008772816053351536,1328206.189792105,0.0008380052465328802,0.007994761719765167,1333078.78453775,0.00069027799620347,0.00497827345594676,0.0
2018-02-09,1329055.8419908602,-0.00014512753489115404,0.011023629390104367,1328787.346312105,0.00043754992595768094,0.00799126514229385,1333613.40881775,0.0004010447740980805,0.004976277745762361,0.0
2018-02-12,1328935.0486908602,-9.088654982247757e-05,0.011024631380813634,1327957.0363721051,-0.000624862919039848,0.007996261709727196,1333077.68115775,-0.0004017113628714819,0.004978277576432342,0.0
2018-02-13,1329592.9714908605,0.0004950752112742318,0.011019176059897714,1328524.349412105,0.0004272073752851213,0.007992847106493776,1333687.9297177498,0.00045777419322612367,0.004975999692187757,0.0
2018-02-14,1332905.4935908602,0.002491380573624191,0.010991791324522465,1333675.643192105,0.0038774553001452716,0.007961974904699924,1338099.46713775,0.0033077733716415647,0.004959594477640477,0.0
2018-02-22,1331120.5291908602,-0.0013391530071582558,0.0110065307532791,1331088.151272105,-0.0019401208481297783,0.00797745212588431,1335832.16225775,-0.0016944217793090077,0.004968012386027239,0.0
2018-02-23,1331471.6684408602,0.0002637922279009608,0.01100362808171243,1331307.0969221052,0.00016448621362230575,0.007976140160789942,1336108.94260775,0.00020719695020066098,0.0049669832422477465,0.0
2018-02-26,1333851.3962908601,0.0017872913907259758,0.010983996479369089,1336565.886052105,0.003950094716807184,0.007944757615705829,1340187.29867775,0.0030524128234932224,0.00495186809656953,0.0
2018-02-27,1334392.0915908604,0.0004053639719565627,0.010979545767086665,1337688.419592105,0.0008398639765643257,0.007938090699284799,1341071.74673775,0.0006599436219643096,0.004948602298045297,0.0
2018-02-28,1334430.2472908604,2.8594069344745066e-05,0.010979231826170475,1337544.997852105,-0.00010721610346586807,0.007938941881698997,1341004.25887775,-5.03238250780802e-05,0.004948851343174628,0.0
2018-03-01,1354310.8720180802,-8.945785890457358e-05,0.0006594224092357709,1357089.892149325,-0.0003402544987352041,0.0050150001033065035,1360696.3488213602,-0.0002296115425073353,0.010825330511189524,20000.0
2018-03-02,1354309.1989280803,-1.2353810594500914e-06,0.0006594232238747319,1355364.858731325,-0.0012711268634297834,0.0014377846148005006,1360405.1560613601,-0.0002140027495864949,0.010827647657559794,0.0
2018-03-05,1354192.5652980802,-8.612038528010846e-05,0.0006594800185480138,1355248.225101325,-8.605330826505497e-05,0.0014379083515711352,1360050.19874136,-0.00026092029894075885,0.010830473547955596,0.0
2018-03-06,1354457.7827880804,0.00019584917004911162,0.0006593508852243715,1355513.4425913251,0.00019569661489904355,0.0014376270128312369,1360414.03310136,0.0002675153904883043,0.010827577004465206,0.0
2018-03-07,1354353.6630580802,-7.687189023031227e-05,0.0006594015746698372,1355409.322861325,-7.681202319997915e-05,0.0014377374483534751,1360173.2153813601,-0.00017701796228231093,0.010829494019429073,0.0
2018-03-08,1354098.0922080802,-0.0001887031851215415,0.0006595260293322427,1355153.752011325,-0.00018855621374991305,0.0014380085938092636,1359602.40598136,-0.0004196593445197072,0.010834040625816603,0.0
2018-03-09,1354267.4527480805,0.00012507257854865728,0.0006594435510269086,1355323.1125513252,0.00012497514746856453,0.0014378289009303353,1359757.97054136,0.00011441915615595377,0.010832801145850689,0.0
2018-03-12,1354367.4644080803,7.384926795439561e-05,0.0006593948551995592,1355423.124211325,7.379174683408429e-05,0.0014377228088528068,1359870.92678136,8.307084234626672e-05,0.010831901330682937,0.0
2018-03-13,1354489.7796580803,9.031171614370948e-05,0.0006593353094962444,1355545.439461325,9.024137762980722e-05,0.0014375930784729343,1359844.77778136,-1.922903084772276e-05,0.010832109621652998,0.0
2018-03-14,1354423.6774180804,-4.880231729520457e-05,0.0006593674881576156,1355479.3372213251,-4.876431145395266e-05,0.00143766318512826,1359584.39442136,-0.0001914802073402777,0.010834184153481068,0.0
2018-03-15,1354657.5635180802,0.00017268311526086322,0.0006592536461842453,1355713.223321325,0.00017254862805882176,0.0014374151611142585,1359886.05482136,0.000221876921534081,0.010831780831295488,0.0
2018-03-16,1354928.9415480804,0.00020032961636107238,0.0006591216046060593,1355984.6013513252,0.0002001736247252417,0.0014371274860961742,1360130.05374136,0.00017942600347664595,0.01082983767680284,0.0
2018-03-19,1355510.4334780802,0.0004291678420680345,0.0006588388521576082,1356566.093281325,0.0004288337267401854,0.0014365114615326204,1360990.3922613598,0.0006325413644328037,0.010822991686873978,0.0
2018-03-20,1355801.5370680804,0.0002147556985254706,0.0006586973931388277,1356857.1968713251,0.00021458857879608217,0.0014362032687143247,1361304.88702136,0.00023107786931375607,0.010820491310796952,0.0
2018-03-21,1355770.8742880803,-2.2615979670903563e-05,0.0006587122905626001,1356826.534091325,-2.2598384023631013e-05,0.0014362357253207938,1361234.53910136,-5.1676829100344435e-05,0.01082105050837476,0.0
2018-03-22,1356655.9837080801,0.0006528458729906372,0.0006582825335273249,1357711.643511325,0.0006523379354403946,0.0014352994250571133,1362523.5119813601,0.000946914615354455,0.010810813590981587,0.0
2018-03-23,1359099.6828180803,0.0018012665991571364,0.0006570989231846502,1360155.342621325,0.001799866062634825,0.0014327207196565698,1366172.8400213602,0.0026783596818034106,0.010781935689139998,0.0
2018-03-26,1357986.8478380803,-0.0008188030606354202,0.0006576373986994936,1359042.507641325,-0.0008181675615487327,0.0014338938851200782,1364462.37130136,-0.001252014876809815,0.010795451755339566,0.0
2018-03-27,1357590.1908880803,-0.0002920918936965,0.0006578295453771324,1358645.850691325,-0.00029186500625977274,0.0014343125107500066,1363746.50150136,-0.0005246533836746892,0.010801118598759877,0.0
2018-03-28,1357983.3042010353,0.0002895669956910485,0.0043850133816916255,1359063.3309613252,0.0003072767416083533,0.0014338719152600019,1364385.8837813602,0.0004688424713070738,0.010796056948739658,0.0
2018-03-29,1355424.890081035,-0.0018839805409136545,0.004393290255042711,1357717.947101325,-0.000989934633177536,0.001435292761273135,1362357.4067413602,-0.001486732649547906,0.010812131697946205,0.0
2018-03-30,1357519.6962410351,0.0015454977810500647,0.004386510912161415,1359165.0125813251,0.0010658071384337386,0.0014337646446800011,1364166.7774613602,0.0013281175050297023,0.010797790962752922,0.0
2018-04-02,1379197.1383047702,0.0012356668329600584,0.002935167491535065,1380197.1885213251,0.000759419151056262,0.0014673018885763831,1385553.601805095,0.0010166090881613687,0.009255064061317283,20000.0
2018-04-03,1379470.9334757002,0.0001985177922181336,0.006249579477531103,1380870.453909535,0.00048780376732326935,0.007256751450626404,1386127.178215095,0.0004139691234266163,0.009251234335948615,0.0
2018-04-04,1380182.4257957004,0.0005157718823458612,0.006246357781820168,1381581.9462295352,0.0005152491444695428,0.007253014341192279,1386981.1528750951,0.0006160868017173193,0.009245538281838401,0.0
2018-04-09,1381666.7448357001,0.0010754513405313304,0.006239647344718847,1383066.265269535,0.0010743619255091374,0.007245230341571751,1389182.8393950951,0.0015873946920159643,0.0092308852236318,0.0
2018-04-10,1381686.4108357003,1.423353357354884e-05,0.0062395585337529725,1383085.931269535,1.4219130705539484e-05,0.0072451273221593795,1388973.941145095,-0.00015037491399694236,0.009232273525969264,0.0
2018-04-11,1381642.8784357004,-3.15067150248316e-05,0.006239755127939613,1383042.3988695352,-3.147483393162176e-05,0.007245355368516379,1389238.898695095,0.00019075775444821197,0.009230512734087704,0.0
2018-04-12,1381776.4917957003,9.670614750389994e-05,0.006239151763608862,1383176.012229535,9.660828916668862e-05,0.007244655474745362,1389478.254625095,0.00017229285058517618,0.009228922656695351,0.0
2018-04-13,1382006.5711557004,0.0001665098236698359,0.006238113056503791,1383406.0915895351,0.0001663413462682506,0.007243450589422691,1389640.712305095,0.0001169199154136269,0.009227843737986055,0.0
2018-04-16,1382358.5711557004,0.00025470211744771376,0.006236524600482534,1383758.0915895351,0.0002544444484811059,0.007241608002468385,1390245.712305095,0.00043536433168855915,0.009223828012267883,0.0
2018-04-17,1383356.9177157003,0.0007222052084252528,0.006232023800434829,1384756.438149535,0.0007214747766013385,0.007236387131679156,1391922.788585095,0.0012063164555415895,0.009212714563090219,0.0
2018-04-18,1384375.2509157003,0.0007361319316503412,0.006227439583305135,1385774.771349535,0.0007353879512275174,0.007231069490301499,1393624.5089350953,0.001222568064806362,0.009201465145653714,0.0
2018-04-19,1386167.4112357004,0.0012945625247307024,0.006219388196419298,1387566.931669535,0.0012932551212883059,0.007221729951057731,1396821.2800950953,0.0022938540040766675,0.009180406633139236,0.0
2018-04-20,1386515.0505157004,0.0002507916988829795,0.006217828816567027,1387914.5709495351,0.0002505387466835707,0.007219921081078924,1397156.669985095,0.00024010937890128758,0.00917820286055096,0.0
2018-04-23,1386323.2108357004,-0.0001383610512764033,0.006218689240947967,1387722.7312695351,-0.00013822153323794772,0.007220919167597656,1396943.441145095,-0.00015261627030149771,0.009179603817448425,0.0
2018-04-24,1386684.7573957003,0.00026079528725619916,0.0062170678589498,1388084.277829535,0.000260532274822145,0.007219038375107762,1397526.0174250952,0.000417036411669347,0.009175777184257224,0.0
2018-04-25,1386790.6096357005,7.633475412172075e-05,0.0062165933168274855,1388190.1300695352,7.625779046049885e-05,0.007218487909169343,1397309.9242950953,-0.00015462547910061186,0.0091771962126184,0.0
2018-04-26,1387112.5954757002,0.00023218057417073723,0.006215150279666995,1388512.115909535,0.0002319464985560682,0.007216813994432605,1397562.3904650952,0.00018068015234873336,0.009175538374946935,0.0
2018-04-27,1387953.9133157004,0.000606524548002918,0.0062113829234468785,1389353.4337495351,0.0006059132148437119,0.0072124438793747725,1398222.0601350951,0.0004720144692649253,0.009171209431394657,0.0
2018-05-02,1406760.9100553202,-0.0008595409753412442,0.011825764283332414,1408160.430489155,-0.0008586751444235041,0.01280787541579344,1415759.314484715,-0.0017613408632261018,0.007574975827454344,20000.0
2018-05-03,1406874.2334053202,8.055622614322466e-05,0.011824811721125305,1408273.753839155,8.047616418282999e-05,0.01280684477005106,1415907.0249847148,0.0001043330589378666,0.007574185589502828,0.0
2018-05-04,1407464.0875153202,0.00041926569980055284,0.01181985606090239,1408863.607949155,0.0004188490401044742,0.01280148288123434,1416605.274284715,0.0004931462925736874,0.0075704522490431065,0.0
2018-05-07,1407665.5528953203,0.0001431406895473497,0.011818164400700888,1409065.073329155,0.00014299849812537957,0.012799652550143143,1416816.1436847148,0.00014885543900455822,0.007569325513770786,0.0
2018-05-08,1406788.5361453202,-0.0006230292047683106,0.01182553205253154,1408188.056579155,-0.0006224103958010208,0.01280762414855872,1415534.3911847149,-0.0009046710158641114,0.0075761794637426196,0.0
2018-05-09,1406038.34548532,-0.0005332646952438402,0.011831841555913028,1407437.8659191548,-0.0005327347128780691,0.012814450851353704,1414201.3153847149,-0.00094174737703423,0.007583321036437894,0.0
2018-05-10,1405504.8501553203,-0.00037943156508701836,0.011836332634129285,1406904.370589155,-0.0003790542679846798,0.01281931006554667,1413257.577484715,-0.0006673292477762383,0.007588384987683561,0.0
2018-05-11,1406129.4855853203,0.00044442068622596587,0.011831074659810181,1407529.006019155,0.0004439785980183686,0.012813621092018695,1414057.178384715,0.0005657856803591432,0.007584094015890872,0.0
2018-05-14,1404485.6575653201,-0.0011690445558901752,0.01184492190127381,1405885.177999155,-0.0011678821629752534,0.012828603389092702,1411241.205784715,-0.0019914135319596404,0.007599227219808835,0.0
2018-05-15,1405696.5752233202,0.0008621787281894999,0.0007873768797826136,1406782.2994191549,0.0006381185562229774,0.012820422439635354,1412548.0203847147,0.0009260037154832368,0.007592196817347292,0.0
2018-05-16,1406505.2010633205,0.0005752492068722415,0.0007869242022593953,1407235.660129155,0.00032226785209577,0.012816292160688898,1413209.827684715,0.00046852021343668504,0.007588641385465679,0.0
2018-05-17,1407307.9075433202,0.0005707099265561677,0.0007864753529684645,1407671.2114991548,0.000309508479880094,0.012812326636947768,1413860.710784715,0.00046057074275118737,0.0075851478882689016,0.0
2018-05-18,1407512.8076233203,0.00014559719227169587,0.0007863608610349854,1407996.856269155,0.00023133581715661933,0.012809363372404755,1414116.835884715,0.00018115299339349633,0.007583774064895826,0.0
2018-05-21,1408256.0269833202,0.0005280373691625151,0.0007859458522548566,1408337.865609155,0.0002421946742861003,0.012806261764007997,1414693.3600847148,0.0004076920558258035,0.007580683480463111,0.0
2018-05-22,1409894.4883433203,0.0011634683811792002,0.000785032491772481,1409261.491699155,0.0006558270657590626,0.012797868575412213,1416036.4367847147,0.0009493765489358985,0.00757349338345134,0.0
2018-05-23,1410033.2916233204,9.844940961722948e-05,0.0007849552133951462,1409482.089769155,0.00015653451917851946,0.012795865580746057,1416209.9408847147,0.0001225279911538646,0.007572565532208797,0.0
2018-05-24,1411853.4593833205,0.001290868641764309,0.0007839432456424236,1410333.222459155,0.0006038620115700333,0.012788143306804564,1417628.575584715,0.0010017121466567858,0.007564987592248334,0.0
2018-05-25,1411427.2981033204,-0.00030184526387477817,0.000784179946645344,1410176.841139155,-0.00011088253294300188,0.012789561445772903,1417314.423984715,-0.00022160360295386816,0.00756666439234002,0.0
2018-05-28,1414962.9658633205,0.002505030025103938,0.0007822204609045276,1411779.973829155,0.0011368309585235714,0.012775038386638644,1420049.0586847148,0.0019294481547089681,0.007552093020397622,0.0
2018-05-29,1415503.8561833203,0.0003822646479441083,0.0007819215599346992,1412009.469159155,0.00016255743405779732,0.012772962046703014,1420460.796584715,0.00028994625043554656,0.007549903954054996,0.0
2018-05-30,1416709.0465033203,0.0008514214318353641,0.0007812563815077254,1412530.164489155,0.0003687619250245522,0.012768253600925934,1421382.134484715,0.000648619027160402,0.007545010116933036,0.0
2018-05-31,1416795.3691433202,6.093180544941568e-05,0.0007812087810462633,1412742.9718991548,0.00015065689593751763,0.012766330265235663,1421521.7627847148,9.82341740565218e-05,0.007544269011897792,0.0
2018-06-01,1436353.4454227951,-0.00031191781830308685,0.005098975775171895,1432837.4080271248,6.6845937193305e-05,0.0026575897626571966,1441342.3967686996,-0.0001261788744365555,0.012975933276249409,20000.0
2018-06-04,1436449.5858627954,6.693369261356885e-05,0.005098634504737206,1432933.5484671248,6.709794109327483e-05,0.0026574114558198737,1441229.8404086998,-7.809134058089917e-05,0.012976946663411003,0.0
2018-06-05,1435848.3338927953,-0.0004185680972847994,0.00510076952413161,1432332.296497125,-0.0004195951519475605,0.0026585269608439656,1440101.2218387,-0.0007830940897531891,0.012987116797818308,0.0
2018-06-06,1436094.3411927954,0.00017133237138855506,0.005099895746899459,1432578.3037971251,0.00017175295188254225,0.002658070429401404,1440420.2231387,0.00022151310974716232,0.012984240618301243,0.0
2018-06-07,1435566.5299527957,-0.0003675324279610592,0.0051017708131133035,1432050.4925571252,-0.0003684344783115856,0.0026590501151433814,1439406.3846987,-0.0007038490738424663,0.012993386001004128,0.0
2018-06-08,1435313.648202795,-0.00017615467115195127,0.00510266967221141,1431797.6108071248,-0.00017658717434521076,0.0026595197522215415,1438731.0879487,-0.00046914947521325967,0.012999484702430316,0.0
2018-06-11,1436341.8813427952,0.0007163821937370418,0.00509901682735073,1432825.8439471247,0.0007181413994818975,0.0026576112115867735,1440298.7302887,0.0010896006579208528,0.012985335871920948,0.0
2018-06-12,1436336.1849927953,-3.965873357825167e-06,0.005099037049485915,1432820.147597125,-3.9756052863104685e-06,0.0026576217772419602,1440239.8309387,-4.089384289629461e-05,0.012985866913922397,0.0
2018-06-13,1435534.2849927954,-0.0005582954801099937,0.005101885409049827,1432018.2475971251,-0.0005596654969883819,0.0026591099893557,1438879.0309387,-0.0009448426371549967,0.012998148118468783,0.0
2018-06-14,1435936.3588627954,0.00028008656721278946,0.005100456839602405,1432420.321467125,0.0002807742643464728,0.0026583635892745558,1439374.2534087,0.0003441724143251612,0.012993676053610454,0.0
2018-06-15,1436588.5807627956,0.0004542136536724861,0.00509814119426362,1433072.543367125,0.0004553285723647438,0.0026571537112686497,1440185.6573086998,0.0005637198929175913,0.01298635538674245,0.0
2018-06-19,1436120.8844127953,-0.00032556039791986624,0.005099801487665257,1432604.8470171248,-0.0003263591589728332,0.002658021180825756,1439342.7579586997,-0.0005852713125718001,0.012993960378988966,0.0
2018-06-20,1437136.1692327955,0.0007069633420275778,0.005096198662027513,1433620.131837125,0.000708698439848332,0.0026561387794167626,1440730.8823787,0.0009644154683272621,0.01298144087660639,0.0
2018-06-21,1438244.3172627953,0.0007710807463647829,0.005092272109048976,1434728.279867125,0.0007729718670872465,0.002654087244643858,1442503.0638086998,0.0012300572242014418,0.012965492578794516,0.0
2018-06-22,1438918.4209127952,0.0004686989838296185,0.005089886484425916,1435402.383517125,0.00046984760770341083,0.002652840813733907,1443597.7644586999,0.0007588896533152756,0.012955660661966286,0.0
2018-06-25,1439789.8725927956,0.0006056296641525627,0.00508680576395948,1436273.835197125,0.0006071131621399051,0.002651231216366575,1444919.0465387001,0.0009152702453065764,0.012943813574540712,0.0
2018-06-26,1439588.7613527952,-0.00013968096583305556,0.005087516393162969,1436072.7239571249,-0.00014002290863468492,0.0026516025014613727,1444459.6080987,-0.0003179682910960935,0.012947930605908705,0.0
2018-06-27,1438559.0984327956,-0.000715247956667886,0.0050911578334003815,1435043.061037125,-0.0007169991483179095,0.002653505062331121,1442751.6875787,-0.0011823941011739336,0.01296325828603811,0.0
2018-06-28,1439674.6871927953,0.0007754903925845102,0.005087212748788663,1436158.649797125,0.0007773904423422628,0.002651443855219666,1444526.6491387,0.001230261295329882,0.01294732968744577,0.0
2018-06-29,1441180.2422327953,0.0010457605828548822,0.005081898299860592,1437664.2048371248,0.0010483208385176912,0.0026486672021973044,1446608.8953786998,0.0014414730536409515,0.01292869332439986,0.0
2018-07-02,1462361.1208419804,0.0008193830130196478,0.010438299339626641,1458845.0834463101,0.0008213869450266476,0.008053305905899187,1468133.7759470702,0.0010541070037948241,0.0029688139381292946,20000.0
2018-07-03,1464332.6464419805,0.001348179715599196,0.010424245583180973,1460816.6090463102,0.001351429032713014,0.00804243712287756,1470930.74734707,0.0019051202593547423,0.0029631687453206975,0.0
2018-07-04,1464430.8636819804,6.707303851927193e-05,0.01042354644424881,1460914.82628631,6.72344765193511e-05,0.008041896430180854,1470096.5501570702,-0.0005671220018375056,0.002964850177088276,0.0
2018-07-05,1465223.5531619804,0.0005412952565113649,0.010417907280455123,1461707.51576631,0.0005425980116957607,0.008037535279519253,1470725.53202707,0.00042785072173145977,0.002963582206302399,0.0
2018-07-06,1465690.4798419804,0.00031867265509921694,0.010414588435906487,1462174.44244631,0.00031943920036225926,0.008034968595576146,1471096.0281970701,0.0002519138764724982,0.0029628358268439067,0.0
2018-07-09,1464878.4572019805,-0.0005540205460619063,0.010420361530291663,1461362.4198063102,-0.0005553527790030932,0.008039433317210468,1469835.40153707,-0.0008569302314989091,0.0029653769479984363,0.0
2018-07-10,1464894.6232419803,1.1035755164812144e-05,0.010420246535002146,1461378.58584631,1.1062307187170717e-05,0.008039344383513313,1470076.26154707,0.00016386869560225392,0.0029648910951620695,0.0
2018-07-11,1464037.3593619806,-0.0005852051515504719,0.010426348087614877,1460521.3219663103,-0.000586613139334613,0.008044063136642906,1468727.35107707,-0.0009175785673734005,0.002967614114269558,0.0
2018-07-12,1463177.8690819803,-0.0005870685433702061,0.010432472664145567,1459661.83168631,-0.0005884818434852557,0.00804879970913358,1468794.17400707,4.549716456980768e-05,0.0029674791023844797,0.0
2018-07-13,1463658.9545219806,0.0003287949128851775,0.010429043647647962,1460142.9171263103,0.00032958691496687287,0.008046147804101459,1469178.98636707,0.0002619920250297447,0.0029667018501590967,0.0
2018-07-16,1464918.8184019804,0.0008607632782948738,0.01042007443022133,1461402.7810063101,0.0008628360040805472,0.008039211283161936,1471223.29683707,0.0013914645451436058,0.002962579525786796,0.0
2018-07-17,1465619.7111219803,0.00047845157779091707,0.010415091313349622,1462103.67372631,0.0004796027003022285,0.008035357504005122,1472210.85301707,0.0006712483292803384,0.0029605922331965824,0.0
2018-07-18,1465139.8286419804,-0.0003274263278245648,0.010418502605399138,1461623.79124631,-0.00032821371604718763,0.008037995684438281,1471361.68539707,-0.0005767975546844273,0.0029623008811010413,0.0
2018-07-19,1466218.7275619805,0.000736379490140493,0.010410836279088006,1462702.6901663102,0.0007381509020731869,0.008032066807079125,1473052.86062707,0.0011493946368079655,0.002958899937382163,0.0
2018-07-20,1466682.3326819804,0.0003161909688405018,0.010407545507190835,1463166.2952863101,0.0003169510271066045,0.008029521841884164,1473731.9549070701,0.0004610114804102228,0.0029575364791115605,0.0
2018-07-23,1465800.9202819804,-0.0006009565809579342,0.010413803751087856,1462284.88288631,-0.0006024006996604436,0.008034361747021894,1472108.11680707,-0.0011018544414357345,0.002960798848472948,0.0
2018-07-24,1465089.3914419804,-0.0004854198344090843,0.010418861273001729,1461573.35404631,-0.0004865870175690956,0.008038273066339651,1470970.3710970702,-0.0007728683083872978,0.002963088925998786,0.0
2018-07-25,1464897.7903619804,-0.00013077774033387612,0.010420224006351052,1461381.7529663101,-0.00013109234611419218,0.008039326960572092,1470467.04632707,-0.00034217192942143093,0.0029641031588956692,0.0
2018-07-26,1465430.3830819803,0.0003635698841952806,0.010416436903592285,1461914.34568631,0.0003644446216184427,0.008036398138493333,1471163.90250707,0.0004739012558905298,0.0029626991320561625,0.0
2018-07-27,1465823.8407619803,0.0002684929182186213,0.010413640914753802,1462307.80336631,0.0002691386681858976,0.008034235814966201,1471660.99392707,0.0003378898973478428,0.0029616984040864306,0.0
2018-07-30,1465868.4572019805,3.0437791199489084e-05,0.010413323956173533,1462352.4198063102,3.0510977167441666e-05,0.008033990690059693,1471545.40153707,-7.854552813246762e-05,0.002961931050525086,0.0
2018-07-31,1466799.9855538206,0.0006354788161675451,0.0038489367121781947,1462874.5774863102,0.00035706692376469285,0.008031123041660834,1472264.7929570703,0.0004888679746128943,0.0029604837648231027,0.0
2018-08-01,1486874.0864138205,5.051872152272985e-05,0.010331393192056212,1482980.28162631,7.225782826947302e-05,0.0006042610528357398,1492360.8697776648,6.525784020250391e-05,0.0013260686592244185,20000.0
2018-08-02,1488377.3326953605,0.0010110111510286401,0.0004851427655465683,1484891.2383285752,0.0012885921181429172,0.006282840579675354,1495447.154177665,0.0020680550277762944,0.0013233319359608376,0.0
2018-08-03,1489039.0824753607,0.00044461156822506176,0.00048492716132089855,1485549.5652385752,0.00044335025556563323,0.006280056315103087,1496280.446557665,0.0005572195431127192,0.0013225949602013911,0.0
2018-08-06,1490406.0617553603,0.0009180278047016266,0.00048448239301322407,1486916.0723985753,0.0009198664197922479,0.006274284811197054,1498571.583437665,0.0015312215602836243,0.0013205728705500792,0.0
2018-08-07,1488958.5565753605,-0.0009712153064481699,0.00048495338716575333,1485468.4491885751,-0.000973574256726506,0.006280399246225143,1496092.117657665,-0.001654552780396501,0.0013227614491836273,0.0
2018-08-08,1487615.9151353606,-0.0009017319078967745,0.0004853910797902086,1484124.863508575,-0.000904486177901731,0.00628608492315125,1493720.191417665,-0.0015854145690664678,0.0013248619045491006,0.0
2018-08-09,1487701.0944153608,5.725891954622142e-05,0.00048536328841272675,1484209.5706685751,5.7075494173775e-05,0.0062857261622243,1493824.728297665,6.9984245108623e-05,0.0013247691915772848,0.0
2018-08-10,1488162.0649153607,0.00030985424540608264,0.0004852129431223743,1484667.5904185753,0.00030859506571823125,0.006283787016556966,1494356.283797665,0.0003558352529120512,0.001324297959677872,0.0
2018-08-13,1486388.6975753603,-0.0011916493383408167,0.00048579183664308143,1482892.6886885748,-0.0011954876239334,0.006291308197645603,1491198.6286576649,-0.0021130537437668018,0.0013271021979456021,0.0
2018-08-14,1487101.9820353603,0.0004798774783227877,0.0004855588278971727,1483605.619058575,0.00048077003510660354,0.006288284978655654,1492384.8313176648,0.0007954692535276919,0.0013260473680356084,0.0
2018-08-15,1488471.2887953606,0.0009207887398052783,0.000485112142099185,1484972.801278575,0.0009215267200644028,0.006282495491191836,1494537.2472776647,0.0014422660394499687,0.0013241376093301128,0.0
2018-08-16,1487619.1421753606,-0.0005724978549567217,0.00048539002684837307,1484119.592388575,-0.0005745619645460831,0.006286107249322354,1492991.855257665,-0.0010340271029141146,0.0013255082207555096,0.0
2018-08-17,1487852.1333953605,0.00015662020835471857,0.0004853140168659341,1484350.1049785751,0.00015531941710245079,0.00628513104643181,1493175.273877665,0.00012285306135728646,0.0013253453980160074,0.0
2018-08-20,1485059.4815953604,-0.0018769686431320265,0.0004862266490396366,1481556.2728785754,-0.0018821921395963948,0.006296983178673881,1488309.416077665,-0.0032587318348525907,0.001329678463555313,0.0
2018-08-21,1485872.6194353607,0.0005475456371126786,0.000485960563453309,1482367.9943585752,0.0005478843395010369,0.006293535049380224,1489574.226717665,0.0008498304360213815,0.001328549421820891,0.0
2018-08-22,1485343.8313753605,-0.0003558771142853079,0.0004861335672643842,1481837.199788575,-0.0003580720657894165,0.006295789395694916,1488498.908457665,-0.0007218963920782029,0.001329509189708176,0.0
2018-08-23,1487362.7189953604,0.0013592055774254153,0.0004854737086918368,1483851.2481785752,0.0013591563164210285,0.006287244048233879,1491525.0114776648,0.0020329897474600234,0.0013268117949322698,0.0
2018-08-24,1486755.1930953606,-0.0004084584696395499,0.00048567208556865484,1483243.1321285751,-0.00040982278428958185,0.006289821760500452,1490437.682577665,-0.0007290048049027886,0.0013277797527518785,0.0
2018-08-27,1487288.0966953605,0.0003584339926805402,0.00048549806655821966,1483778.396328575,0.0003608742143519361,0.00628755274484346,1491550.5981776647,0.0007467038796784564,0.0013267890342325021,0.0
2018-08-28,1487423.9189953604,9.132211862761253e-05,0.00048545373389474473,1483912.4481785751,9.034492639314884e-05,0.006286984747669196,1491629.411477665,5.283984337944858e-05,0.0013267189306120002,0.0
2018-08-29,1488092.2894953606,0.0004493476886209269,0.00048523569435704895,1484577.867928575,0.00044842251361698615,0.006284166785803118,1492514.766977665,0.0005935492376238916,0.001325931924728936,0.0
2018-08-30,1488857.2910753603,0.0005140820803923862,0.0004849863715541984,1485340.626938575,0.0005137884825565653,0.0062809397113198105,1493626.1171576648,0.00074461586886021,0.0013249453493964028,0.0
2018-08-31,1489454.4408553606,0.0004010792596307322,0.00048479193156521124,1485934.3538485751,0.00039972441285995863,0.006278430069546578,1494349.2095376651,0.00048411873071452227,0.0013243042289140213,0.0
2018-09-03,1507580.2337539857,-0.0012583178444173226,0.009263498825008223,1505152.5052385752,-0.0005261663195113009,0.005849292611833819,1513162.372807665,-0.0007942164538417007,0.007742952401020546,20000.0
2018-09-04,1507546.6526039857,-2.227486753147989e-05,0.009263705172813799,1505880.6102981553,0.00048374171856080395,0.008167596643481581,1513152.943907665,-6.231254602528935e-06,0.007743000649628982,0.0
2018-09-05,1506875.3424439856,-0.0004452997582797824,0.009267832136223836,1505209.3001381552,-0.0004457924190066631,0.008171239320024339,1512605.170147665,-0.0003620081910460371,0.0077458046943745884,0.0
2018-09-06,1506142.5265339855,-0.0004863148857500166,0.009272341413879162,1504476.484228155,-0.0004868531638310136,0.008175219451479305,1512092.8518876652,-0.0003386992654201837,0.007748429081612691,0.0
2018-09-07,1505837.2888339856,-0.00020266189595108397,0.009274220945079362,1504171.2465281552,-0.0002028863217203858,0.00817687842826677,1511822.609687665,-0.00017872063852619746,0.007749814133343061,0.0
2018-09-10,1505758.6396339857,-5.222954736416874e-05,0.009274705358742185,1504092.5973281553,-5.228739758278422e-05,0.00817730599831666,1511894.678487665,4.767014300366412e-05,0.00774944471620524,0.0
2018-09-11,1503952.4193139854,-0.0011995417276432496,0.009285844116236,1502286.377008155,-0.0012008704272654658,0.008187137689852355,1510439.230967665,-0.0009626646225487923,0.007756912020988069,0.0
2018-09-12,1503251.8773339856,-0.0004658006270699122,0.009290171483938806,1501585.8350281552,-0.00046631720204703964,0.008190957274130514,1509981.9206876652,-0.0003027664209349634,0.007759261264750297,0.0
2018-09-13,1503099.8773339856,-0.00010111412617663795,0.00929111094650337,1501433.8350281552,-0.0001012263145098169,0.008191786498487006,1509863.9206876652,-7.81466310181278e-05,0.007759867672266031,0.0
2018-09-14,1504986.5165039855,0.001255165540526848,0.009279463683453329,1503320.474198155,0.001256558315115175,0.00818150595914388,1511398.439307665,0.0010163290869953379,0.007751989100261364,0.0
2018-09-17,1506017.5368239856,0.0006850694731772577,0.009273110958214472,1504351.4945181552,0.0006858286956745729,0.00817589869320715,1512252.086827665,0.000564806405643159,0.007747613198698294,0.0
2018-09-18,1506648.3368239854,0.00041885302433475324,0.00926922851381821,1504982.294518155,0.00041931689654872706,0.008172471837679043,1512741.7868276648,0.00032382167250100125,0.007745105165789812,0.0
2018-09-19,1506526.7368239856,-8.070894649259142e-05,0.009269976683870376,1504860.6945181552,-8.07982927392148e-05,0.00817313221280817,1512647.386827665,-6.240324741602077e-05,0.007745588515666337,0.0
2018-09-20,1505098.5382939856,-0.0009480074233603197,0.009278773029582094,1503432.4959881552,-0.0009490569693277884,0.008180896349504016,1511575.263247665,-0.0007087729693886491,0.007751082273265136,0.0
2018-09-21,1503895.2281339858,-0.000799489288830113,0.009286197244813287,1502229.1858281554,-0.0008003752501098971,0.008187449381350376,1510614.489487665,-0.000635610930768804,0.007756012079321927,0.0
2018-09-25,1505396.7774639856,0.0009984401186398095,0.009276934780949982,1503730.7351581552,0.000999547435348358,0.008179273809191388,1511876.681867665,0.0008355489694977791,0.007749536961699494,0.0
2018-09-26,1505728.6325439857,0.00022044359664374902,0.009274890190797847,1504062.5902381553,0.0002206878347572605,0.008177469141232813,1512147.618747665,0.00017920567414630995,0.00774814844953321,0.0
2018-09-27,1506703.9079439854,0.000647709938511154,0.009268886640801666,1505037.865638155,0.0006484274034401771,0.008172170082205938,1512971.303147665,0.000544711633829742,0.007743930240639567,0.0
2018-09-28,1509101.4472439857,0.001591247814092478,0.009254160977375157,1507435.4049381553,0.0015930092888285508,0.008159172444712356,1515132.0829476651,0.0014281697184241882,0.007732886366494924,0.0
2018-10-08,1529700.9786471655,0.000397277071249702,0.000897891984340868,1528037.473278155,0.0003993990973194528,0.007767620641326123,1535722.578250845,0.0003897318985095488,0.006081494068728569,20000.0
2018-10-09,1530739.7148471656,0.0006790452608056441,0.0008972826887834466,1529075.1472081551,0.0006790893208750148,0.007762349312802896,1536552.248500845,0.0005402474781253108,0.006078210330925772,0.0
2018-10-10,1530291.5238471655,-0.0002927937360303057,0.0008975454844791044,1528626.3660581552,-0.00029349842669235127,0.007764628218969015,1536224.509750845,-0.0002132948946707014,0.006079507058743516,0.0
2018-10-11,1531553.0694471654,0.000824382531263268,0.000896806173136042,1529888.8558981551,0.0008258982495870093,0.007758220718058061,1537167.691750845,0.0006139610415101249,0.006075776768510738,0.0
2018-10-12,1532788.6055755056,0.0008067210682984882,0.0034454135921260154,1531441.8776881553,0.0010151206631858756,0.007750353174403735,1538456.702500845,0.000838562218629546,0.006070686120488938,0.0
2018-10-15,1532885.2452555057,6.304827661729462e-05,0.0034451963784317475,1531456.0791581552,9.273267374210192e-06,0.007750281303972977,1538506.0772508448,3.2093688382195396e-05,0.006070491296032955,0.0
2018-10-16,1532958.9217355056,4.806392404654858e-05,0.0034450307967331954,1531693.4240781553,0.00015497990652835192,0.00774908035222431,1538674.6682508448,0.00010958097760727092,0.006069826158548595,0.0
2018-10-17,1533315.5687755058,0.000232652705133507,0.0034442294874258454,1532341.9342381551,0.0004233942313816019,0.007745800824837642,1539201.486250845,0.0003423842680136957,0.006067748656866223,0.0
2018-10-18,1533405.0319755056,5.834624119249732e-05,0.0034440285413059007,1532266.9907881552,-4.89077850872599e-05,0.007746179673328353,1539196.2700008452,-3.388932538372913e-06,0.006067769220126768,0.0
2018-10-19,1534074.1863755058,0.0004363846381396641,0.0034425262757227836,1533666.8096381552,0.0009135606643069227,0.00773910952728746,1540290.531250845,0.0007109302896108893,0.006063458523802398,0.0
2018-10-22,1533468.5614155056,-0.0003947820551175596,0.003443885860060208,1532628.0255481554,-0.0006773205780236102,0.007744354938250656,1539432.043000845,-0.000557354753913053,0.006066839905865161,0.0
2018-10-23,1533600.3260555055,8.592588287448244e-05,0.0034435899665520744,1532409.6111081555,-0.00014250975211149708,0.007745458741655919,1539361.906000845,-4.5560309283487754e-05,0.006067116325561413,0.0
2018-10-24,1534129.7818955055,0.0003452371722962866,0.0034424015215848546,1533260.3589681552,0.000555170010572148,0.007741161081176642,1540079.2465008448,0.0004659986044890374,0.006064290374709582,0.0
2018-10-25,1534858.2598155055,0.00047484764887362196,0.0034407676811411443,1534719.2328981552,0.0009514848026084266,0.007733802485645176,1541232.916750845,0.0007490979783160157,0.0060597510274658095,0.0
2018-10-26,1535088.5538955056,0.00015004257137585242,0.003440251496960361,1534939.8532181552,0.00014375288669787878,0.007732690889007938,1541458.552750845,0.00014639967622520622,0.0060588640117361986,0.0
2018-10-29,1535289.1862155055,0.00013069755454209186,0.003439801923260881,1535130.945998155,0.00012449528859326264,0.007731728325258759,1541654.484250845,0.00012710786135006202,0.006058093980366496,0.0
2018-10-30,1536171.8406155058,0.0005749108428074745,0.0034378254801166823,1537006.5648481552,0.0012217973032786489,0.00772229324819299,1543114.745500845,0.0009472039713940283,0.006052361159839584,0.0
2018-10-31,1536160.9876555058,-7.064938773893026e-06,0.003437849768314809,1536836.0750081553,-0.0001109232998082188,0.007723149925467637,1543011.5635008449,-6.686605795247491e-05,0.006052765884433986,0.0
2018-11-01,1556350.7217040157,0.00012351182593151044,0.008416046069406937,1557333.5350651753,0.00032369103322693604,0.004818282407860165,1563377.269637865,0.00023700803394532954,0.0031815385860235836,20000.0
2018-11-02,1556183.6706140158,-0.00010733511905147708,0.008416949503683966,1557226.4428954152,-6.876636722241702e-05,0.009080947552574393,1563080.357947865,-0.00018991685229552413,0.003182142928592136,0.0
2018-11-05,1556105.5357340155,-5.02092917923358e-05,0.008417372133977565,1557148.308015415,-5.01756699269329e-05,0.009081403218064736,1562609.183867865,-0.000301439447821239,0.0031831024412343803,0.0
2018-11-06,1556819.4737440157,0.0004587979372898676,0.008413512032011914,1557862.2460254151,0.00045849069502579276,0.009077241387352133,1563717.155277865,0.0007090521554835583,0.003180847054773929,0.0
2018-11-07,1557280.8204740155,0.0002963392594841352,0.008411019516716823,1558323.592755415,0.0002961409015314054,0.009074554040737513,1564476.420207865,0.00048555132073424545,0.0031793033398382557,0.0
2018-11-08,1558493.3606640156,0.0007786265483131771,0.008404475568914216,1559536.132945415,0.0007781055203406329,0.00906749857004448,1566460.214997865,0.0012680247297920388,0.0031752770100655528,0.0
2018-11-09,1558465.8899540156,-1.7626453017616228e-05,0.008404623712619217,1559508.662235415,-1.761466722038918e-05,0.009067658293827795,1566212.8928878652,-0.0001578859824411527,0.0031757784209615614,0.0
2018-11-12,1558586.4921340158,7.73851906401557e-05,0.008403973369537882,1559629.2644154152,7.733344669413889e-05,0.00906695711478308,1566440.7162678652,0.00014546131055004352,0.0031753165352569313,0.0
2018-11-13,1558623.3899540156,2.3673899514742303e-05,0.00840377441942673,1559666.162235415,2.36580710823997e-05,0.00906674261314185,1566482.8928878652,2.6925130049315626e-05,0.0031752310417481958,0.0
2018-11-14,1559794.2877740155,0.0007512384502548208,0.008397465920142816,1560837.060055415,0.0007507361821081915,0.00905994098763467,1568469.069507865,0.0012679210408343966,0.0031712101976137325,0.0
2018-11-15,1561032.5725140157,0.0007938769552537916,0.008390804653692213,1562075.3447954152,0.0007933465777372195,0.00905275901225322,1570444.305847865,0.001259340320061142,0.003167221587765691,0.0
2018-11-16,1561939.6018040157,0.0005810444355682787,0.008385932054534874,1562982.3740854152,0.0005806565560502186,0.009047505518857794,1571798.983737865,0.0008626080434406269,0.003164491871623826,0.0
2018-11-19,1562618.1821840156,0.00043444725981478527,0.008382290391443338,1563660.954465415,0.000434157410378333,0.00904357918193961,1572772.573317865,0.0006194109997987862,0.003162532963918748,0.0
2018-11-20,1562381.0691040156,-0.000151740894035024,0.008383562520715431,1563423.841385415,-0.00015163970125553483,0.009044950755570056,1572239.6330378652,-0.0003388540015518693,0.0031636049641201695,0.0
2018-11-21,1562668.8940340157,0.00018422197739842439,0.008382018368716956,1563711.6663154152,0.00018409910504191274,0.0090432858947302,1572490.6641678652,0.00015966467498018666,0.003163099928798108,0.0
2018-11-22,1562633.4744140157,-2.2666106771151995e-05,0.00838220836074664,1563676.2466954151,-2.2650991716055557e-05,0.009043490738764008,1572240.253747865,-0.00015924445575810076,0.003163603715149961,0.0
2018-11-23,1563011.9417140158,0.0002421983825362517,0.00838017869502134,1564054.7139954153,0.00024203686715829065,0.009041302410253598,1572572.903047865,0.0002115766335373248,0.003162934512113789,0.0
2018-11-26,1562452.5329940158,-0.0003579043160646389,0.00838317907099319,1563495.3052754153,-0.0003576656973661718,0.009044537331005445,1571529.6095278652,-0.0006634309404529581,0.003165034293791885,0.0
2018-11-27,1562506.9308140157,3.481566246077428e-05,0.008382887215221457,1563549.7030954151,3.479244217508004e-05,0.009044222660411515,1571601.786147865,4.59276233564232e-05,0.0031648889379647773,0.0
2018-11-28,1562307.9124240156,-0.00012737120461692175,0.008383955089680685,1563350.684705415,-0.00012728625742186583,0.009045374012216511,1571566.225157865,-2.2627226765270514e-05,0.003164960552244896,0.0
2018-11-29,1563169.7993440158,0.0005516754495999976,0.008379332417701802,1564212.5716254152,0.0005513074759440073,0.009040389977636391,1572917.284877865,0.0008596899693897875,0.0031622420045128333,0.0
2018-11-30,1562741.1351740155,-0.00027422751525785216,0.00838163089151499,1563783.907455415,-0.0002740447032431037,0.009042868127748927,1572045.432907865,-0.0005542897763171073,0.0031639957750232393,0.0
2018-12-03,1583243.1929747357,0.0003212674123820314,0.005484425502831952,1584285.9652561352,0.000321053182812836,0.006139012677905553,1592930.5979532253,0.0005630658165667324,0.008014395046230341,20000.0
2018-12-04,1584325.1322547358,0.0006833689762892892,0.005480680176030689,1585367.9045361353,0.0006829191848740646,0.006134823089521911,1594525.5501132251,0.0010012690835679017,0.00800637850695998,0.0
2018-12-05,1585294.7420747357,0.0006120017919679643,0.005477328041454122,1586337.5143561352,0.0006115992491242395,0.006131073329677154,1596122.788153225,0.0010017011266370002,0.007998366534191425,0.0
2018-12-06,1585957.8114147356,0.00041826249870235976,0.005475038038363706,1587000.583696135,0.00041798755561117673,0.00612851168805713,1597021.3276332251,0.0005629513510296835,0.007993866376314928,0.0
2018-12-07,1586638.8200347358,0.0004293989506523044,0.005472688071848407,1587681.5923161353,0.00042911680499457816,0.006125882968729818,1597690.8192732253,0.0004192127108235688,0.00799051665016913,0.0
2018-12-10,1586961.8402747356,0.00020358775792006512,0.005471574126339733,1588004.612556135,0.00020345404365906816,0.006124636886589298,1598331.168553225,0.0004007967450743166,0.007987315360170891,0.0
2018-12-11,1587434.2304547357,0.00029766952677223735,0.0054699458901351465,1588477.0027361352,0.0002974740603804982,0.006122815507799232,1599205.930513225,0.0005472970665971744,0.007982946317068756,0.0
2018-12-12,1587566.1003947358,8.307112034633413e-05,0.005469491533345746,1588608.8726761353,8.301658744369611e-05,0.006122307254743661,1599410.343193225,0.0001278213619020363,0.007981926056409626,0.0
2018-12-13,1586119.0859647356,-0.0009114672010447356,0.005474481343533108,1587161.858246135,-0.0009108689085707278,0.006127888958270923,1597135.4227332252,-0.0014223494737805042,0.00799329531579582,0.0
2018-12-14,1585140.6553047358,-0.0006168708696956404,0.005477860476089064,1586183.4275861352,-0.0006164655828366783,0.0061316689211261466,1595219.9622132252,-0.0011993100226416198,0.008002893265899744,0.0
2018-12-17,1585052.2448847357,-5.5774495281712966e-05,0.0054781660180337885,1586095.0171661351,-5.573782859058518e-05,0.006132010706087799,1594916.850973225,-0.00019001219090797328,0.008004414202179235,0.0
2018-12-18,1584549.0724177856,-0.00031744850592396734,0.0064033347495536345,1585707.9766861352,-0.00024402099231823904,0.006133507410652537,1594080.152413225,-0.0005246032478052332,0.00800861554790609,0.0
2018-12-19,1585633.2724177858,0.0006842325169178487,0.0063989563755271605,1586194.4766861352,0.0003068030224686602,0.006131626209198907,1594914.152413225,0.0005231857373906301,0.008004427745473684,0.0
2018-12-20,1587985.4116777857,0.0014834068513289722,0.006389478179818799,1587174.3119561353,0.0006177270721854367,0.006127840875995759,1596691.2953532252,0.0011142561731685152,0.00799551868941632,0.0
2018-12-21,1589946.2760377857,0.0012348125779872987,0.0063815981022145255,1588272.6211761353,0.0006919902947812862,0.0061236034018725734,1598292.6601932251,0.0010029270183036232,0.007987507802032749,0.0
2018-12-24,1588692.4903577857,-0.0007885710975873428,0.006386634417527044,1587810.840816135,-0.0002907437639126931,0.0061253843191649395,1597371.136273225,-0.0005765676981139833,0.007992115797841372,0.0
2018-12-25,1589085.3831977856,0.00024730578282738946,0.00638505535641373,1587936.7309961352,7.928537629542376e-05,0.0061248987042664,1597651.898233225,0.00017576501391847188,0.007990711310356688,0.0
2018-12-26,1590711.0724177856,0.001023034531177025,0.006378529900067815,1588472.9766861352,0.0003376996573809521,0.006122831026326608,1598820.152413225,0.0007312319919576815,0.007984872516121197,0.0
2018-12-27,1591823.6653377858,0.0006994311784787044,0.00637407167560404,1589157.046026135,0.00043064587817354116,0.006120195389408543,1599754.691893225,0.0005845182014934114,0.007980207939328956,0.0
2018-12-28,1596171.2858177857,0.0027312199049869257,0.006356710102442019,1591836.7109861353,0.0016862178390115723,0.006109892779209791,1603409.337013225,0.002284503454510922,0.007962018680149277,0.0
2019-01-02,1614562.666554906,-0.001007798647408631,0.004976852346060724,1611785.7442122153,-3.201758922144471e-05,0.010850504339683879,1623205.290919305,-0.00012725764357846003,0.006119876971124848,20000.0
2019-01-03,1615959.4706349059,0.0008651284393812464,0.00497255045124909,1613174.8522122153,0.0008618440788350501,0.010841160949312017,1624892.981239305,0.0010397269707298484,0.0061135205788928615,0.0
2019-01-04,1616488.1997549057,0.0003271920673801887,0.0049709240043473175,1613693.5642122151,0.0003215472887445614,0.010837676123938073,1624842.5337193052,-3.104667235465097e-05,0.006113710389256188,0.0
2019-01-07,1616811.8130349058,0.0002001952628229997,0.0049699290480953225,1614010.0922122153,0.00019615124396610284,0.01083555071718584,1624719.0708393052,-7.598451999990541e-05,0.006114174971906624,0.0
2019-01-08,1616504.7431949058,-0.00018992305568554801,0.004970873131509884,1613709.008212215,-0.0001865440627992765,0.010837572401972586,1624764.6894793052,2.807786331726625e-05,0.006114003303757539,0.0
2019-01-09,1615982.7627949058,-0.000322906816201729,0.0049724787788009775,1613194.9682122152,-0.00031854565933753243,0.010841025763672369,1624625.397879305,-8.573032199798991e-05,0.006114527504169337,0.0
2019-01-10,1616036.9246349058,3.351634760395683e-05,0.004972312125059398,1613249.252212215,3.36499933792922e-05,0.010840660975502316,1624731.647239305,6.53992976711315e-05,0.006114127644515514,0.0
2019-01-11,1616234.5115149058,0.00012226631519873798,0.004971704253100114,1613444.640212215,0.00012111457651831081,0.010839348172438678,1624862.658759305,8.063579005335164e-05,0.006113634666754063,0.0
2019-01-14,1616217.8931149058,-1.0282171233000348e-05,0.004971755373540193,1613426.8002122152,-1.1057088390442615e-05,0.01083946802539474,1624715.1651593053,-9.077296422843606e-05,0.006114189669874252,0.0
2019-01-15,1616100.9075949057,-7.238227005057496e-05,0.004972115266530138,1613309.4482122152,-7.273462916601581e-05,0.010840256487430417,1624475.717079305,-0.00014737849755763754,0.006115090902783933,0.0
2019-01-16,1617106.289194906,0.0006221032333286747,0.004969024020620422,1614313.6082122154,0.0006224224379971499,0.010833513465567103,1626109.4234793053,0.0010056822535566834,0.00610894724295378,0.0
2019-01-17,1617773.127354906,0.00041236507733333205,0.004966975813255076,1614980.3242122151,0.0004130027750544052,0.010829041041565759,1627259.7741193052,0.0007074251113670105,0.006104628675333279,0.0
2019-01-18,1617537.6707949059,-0.00014554362167273904,0.004967698830134194,1614743.7682122153,-0.00014647608794571276,0.010830627469507489,1626742.729879305,-0.00031773921301536667,0.006106568971752587,0.0
2019-01-21,1617171.0523949058,-0.00022665215569284136,0.004968825025037379,1614375.9282122152,-0.00022780084818496693,0.010833095257795683,1625985.2362793053,-0.0004656505211834139,0.006109413823483617,0.0
2019-01-22,1617397.948474906,0.00014030431701339552,0.004968127975234979,1614601.2362122154,0.0001395635279632934,0.010831583563780094,1626226.5945993054,0.00014843819895471455,0.006108507087693219,0.0
2019-01-23,1617264.697194906,-8.238620564937627e-05,0.0049685373141719206,1614465.9082122154,-8.381512225119625e-05,0.010832491490378644,1625792.8554793054,-0.0002667150576927124,0.0061101367531698515,0.0
2019-01-24,1617448.7116749058,0.00011378130019101818,0.0049679720518525485,1614649.5562122152,0.00011375155032111728,0.010831259417827937,1626078.0073993052,0.0001753925286600566,0.006109065268764613,0.0
2019-01-25,1617158.1367149057,-0.00017965018482668516,0.004968864709315956,1614356.660212215,-0.00018139911467063285,0.01083322455517127,1625346.369559305,-0.0004499401853238494,0.006111815220037382,0.0
2019-01-28,1617181.1511949059,1.4231434438904955e-05,0.0049687939962499575,1614379.308212215,1.4029117950453696e-05,0.010833072576718328,1625350.921479305,2.8005845924550243e-06,0.006111798103429781,0.0
2019-01-29,1617753.9433549058,0.00035419171165629315,0.004967034713722848,1614948.9242122152,0.000352839011936501,0.01082925159428579,1626041.0381193052,0.0004245954709718447,0.006109204163010924,0.0
2019-01-30,1617987.9143949058,0.00014462708680818004,0.004966316449842539,1615183.6282122151,0.000145332150435884,0.010827677984560066,1626519.9342793052,0.000294516650424681,0.006107405430420771,0.0
2019-01-31,1618509.339434906,0.0003222675740413017,0.0049647164827058545,1615702.7322122152,0.00032139008279497006,0.010824199194284827,1627203.4964393051,0.0004202605486682831,0.006104839807093911,0.0
2019-02-01,1642690.4086321061,0.0025832839485868675,0.0038098442160610776,1637493.3855622152,0.0011082814395866336,4.439075165503745e-05,1648970.2801693052,0.0010857792119216558,3.771343246931157e-05,20000.0
2019-02-11,1650019.911832106,0.004461889569382205,0.0037929206230953934,1645310.6207669752,0.00477390337798278,0.0013403565376288624,1656242.3758036254,0.004410082899476864,0.0035333143319592037,0.0
2019-02-12,1652135.360232106,0.0012820744676049767,0.003788064042904333,1647596.2283669752,0.0013891648003430124,0.001338497144510349,1658441.0322036252,0.0013274967674541394,0.003528630086925269,0.0
2019-02-13,1658014.827992106,0.0035587082641788115,0.003774631231546401,1655081.319006975,0.004543037008174489,0.0013324438030019982,1665026.951163625,0.003971150515523103,0.0035146727922544135,0.0
2019-02-14,1656531.934472106,-0.0008943789253055279,0.003778010204252674,1654026.175726975,-0.0006375174850218324,0.0013332938011128789,1663714.795243625,-0.0007880688772533562,0.0035174447810137877,0.0
2019-02-15,1648286.260312106,-0.004977672925229548,0.0037969099802609525,1642069.115486975,-0.007229063490935772,0.0013430024511003659,1653865.7018836252,-0.005919940958725167,0.0035383918518656667,0.0
2019-02-18,1657762.108712106,0.005748909414682535,0.00377520665915576,1655534.523086975,0.008200268474087169,0.0013320790453001984,1665068.158283625,0.006773498227359731,0.003514585811104248,0.0
2019-02-19,1656126.702312106,-0.000986514525458948,0.003778934633062036,1654013.9534869753,-0.0009184765275473961,0.0013333036534099486,1663471.183883625,-0.0009591045219711214,0.00351795990235471,0.0
2019-02-20,1656722.579752106,0.0003598018431609784,0.0037775754544508446,1655629.1856469752,0.0009765529224192715,0.0013320028821027605,1664497.734123625,0.0006171133290109321,0.003515790261322441,0.0
2019-02-21,1652229.037832106,-0.002712308007941977,0.0037878492683542796,1650137.234766975,-0.003317138238206452,0.0013364360251446844,1659559.921803625,-0.002966547937417241,0.0035262510541138378,0.0
2019-02-22,1655309.666872106,0.0018645290510339585,0.0037807998571844138,1655470.759326975,0.003232170299310333,0.001332130352982963,1663602.715643625,0.0024360637943137142,0.003517681756945824,0.0
2019-02-25,1675861.531352106,0.01241572189863116,0.0037344341611903263,1683888.3780469752,0.01716588381878359,0.0013096490692173991,1687569.8777236252,0.014406782253133965,0.0034677230263904383,0.0
2019-02-26,1668485.247512106,-0.004401487653964309,0.003750943894432383,1676251.876286975,-0.0045350403622698154,0.0013156154383314577,1680042.4530836253,-0.004460511377551768,0.0034832601479111687,0.0
2019-02-27,1671194.0927921059,0.0016235356494993525,0.0037448639742676333,1678550.9862069753,0.0013715778353626806,0.0013138134409360683,1682593.6919636251,0.0015185561979800255,0.003477978641888087,0.0
2019-02-28,1669466.615512106,-0.0010336784263721421,0.0037487389648617115,1676267.0282869753,-0.0013606723529804299,0.0013156035463090141,1680621.781083625,-0.0011719471488680355,0.0034820594315110353,0.0
2019-03-01,1692189.8736861062,0.0016312145140828793,0.004596933788027758,1704895.0616669753,0.005147171205065693,0.0005821482912882566,1707806.2127036252,0.00427486523194287,0.002716481407033157,20000.0
2019-03-04,1695848.784566106,0.0021622342367701997,0.0045870155858833625,1708988.6953817755,0.002401105972350992,0.005374478442482321,1715676.7390232251,0.0046085593675995185,0.006429396804380052,0.0
2019-03-05,1698011.371766106,0.0012752240763926892,0.004581173563057618,1711144.0609817752,0.0012611935970225918,0.005367708722610682,1721501.2046232251,0.0033948502462741725,0.006407643813202763,0.0
2019-03-06,1700130.678406106,0.00124811098161004,0.004575462877594144,1713260.9557017754,0.001237122442388383,0.005361076414662743,1725877.5993432251,0.0025421967223995257,0.006391395628185232,0.0
2019-03-07,1702064.6727261061,0.0011375562740936207,0.004570263945169052,1715199.7710617753,0.0011316521009525626,0.005355016399104061,1725422.2147032253,-0.00026385685762020383,0.006393082486840717,0.0
2019-03-08,1691469.985526106,-0.006224609070248244,0.004598890239064207,1704627.3054617755,-0.006163984964535629,0.00538822936388854,1702919.9491032253,-0.013041599562267359,0.0064775602335471055,0.0
2019-03-11,1693322.473206106,0.001095193941276884,0.0045938590724409895,1706477.0261017755,0.0010851173356623,0.005382388840450491,1706740.5697432251,0.0022435703111070016,0.006463059904227075,0.0
2019-03-12,1698918.035766106,0.003304487271940326,0.004578728721658602,1712063.832981775,0.0032738834420535934,0.005364825028619779,1717119.076623225,0.006080893056618075,0.006423996269913618,0.0
2019-03-13,1698808.6495261062,-6.43858253883689e-05,0.0045790235458690745,1711961.0774617754,-6.0018509835946254e-05,0.005365147036749975,1716014.2211032251,-0.0006434355864082253,0.006428132359027558,0.0
2019-03-14,1695195.3495261061,-0.002126961150691109,0.00458878371055034,1708354.277461775,-0.002106823599837826,0.0053764743197307055,1708815.121103225,-0.0041952449527905555,0.006455213561139112,0.0
2019-03-15,1700885.5746461062,0.003356678108862754,0.004573432170899912,1714034.9912217753,0.003325255091959356,0.005358655423497665,1719986.5348632254,0.006537520426895593,0.006413286569189501,0.0
2019-03-18,1709767.9120861061,0.0052221840036759115,0.004549672941642111,1722899.5843417752,0.005171769051039776,0.005331084286774839,1738783.927983225,0.010928802487104594,0.006343954740839732,0.0
2019-03-19,1709765.331046106,-1.509585003778291e-06,0.004549679809770524,1722898.858421775,-4.213362210236937e-07,0.005331086532954693,1738066.802063225,-0.0004124295770503439,0.006346572254950561,0.0
2019-03-20,1711419.5125661062,0.0009674903859397954,0.004545282292850809,1724552.6393817752,0.0009598827881951433,0.005325974221968654,1740305.0830232252,0.0012877991555577673,0.006338409656347537,0.0
2019-03-21,1710923.1130461062,-0.0002900513382926295,0.004546601040567309,1724059.1944217752,-0.0002861292538898219,0.005327498575161064,1739260.538063225,-0.0006002079578975028,0.0063422163050445325,0.0
2019-03-22,1714224.969926106,0.001929868650918598,0.0045378435984638615,1727360.6166617754,0.001914912347952935,0.005317316380366328,1743736.7603032251,0.002573635255925799,0.006325935654018631,0.0
2019-03-25,1714331.514486106,6.215319568281252e-05,0.004537561574511398,1727474.4595417753,6.590568228870275e-05,0.005316965962096889,1740947.3031832252,-0.0015997008169483795,0.0063360714727298,0.0
2019-03-26,1712326.4960061063,-0.0011695628663752622,0.004542874752128081,1725478.5405017752,-0.0011553971342241898,0.005323116275386613,1733779.8841432252,-0.00411696495746583,0.006362264693523158,0.0
2019-03-27,1715417.4396061061,0.0018051134565804094,0.004534689123769356,1728562.3733017752,0.0017872333544659558,0.0053136195972095365,1740612.616943225,0.0039409459427293125,0.006337289777088242,0.0
2019-03-28,1712807.8140061062,-0.0015212772936475938,0.004541598153917783,1725953.3045017752,-0.0015093865516789817,0.005321652027212125,1736614.1481432251,-0.0022971617929679056,0.006351881075608606,0.0
2019-03-29,1719848.3457661062,0.004110520574712284,0.004523006243693529,1732980.9129817751,0.004071725730742548,0.0053000715893470034,1752357.756623225,0.00906569170637761,0.006294814230446461,0.0
2019-04-01,1744028.896288106,0.002430766952383534,0.009290170273319557,1757915.0057553751,0.0028471708699377984,5.994464751159025e-05,1783809.880783225,0.006535266053244726,0.005441448580250738,20000.0
2019-04-02,1741580.8793281058,-0.0014036561924004598,0.009303228808045287,1755225.3988240154,-0.0015299982778200771,0.008496199356508147,1781577.316634665,-0.0012515706817252115,0.006866359983619861,0.0
2019-04-03,1742510.589728106,0.0005338313086893365,0.009298265103016802,1756161.0092240155,0.0005330428790666364,0.008491672930721063,1785810.1494346652,0.002375890600131658,0.006850084931221668,0.0
2019-04-04,1745902.083168106,0.0019463258702656638,0.00928020280421764,1759587.8026640154,0.0019512979857776447,0.008475135416054524,1793534.0195146652,0.004325135055619045,0.006820584980024734,0.0
2019-04-08,1744325.0383681061,-0.0009032836464334393,0.00928859303840761,1757988.2578640154,-0.0009090451738630323,0.008482846706914064,1792114.9859146653,-0.0007911941365817965,0.006825985659855203,0.0
2019-04-09,1745377.1378881058,0.0006031556601309163,0.009282993948064873,1759054.4573840154,0.0006064884194934006,0.008477705076961006,1793853.7105546652,0.0009702081918099292,0.006819369451750136,0.0
2019-04-10,1745605.091168106,0.0001306040253719054,0.009281781710010923,1759285.8106640156,0.00013152138583838457,0.008476590224067554,1795663.575514665,0.0010089256160361604,0.00681249614987538,0.0
2019-04-11,1742280.273248106,-0.0019046793211259239,0.00929949426443332,1755921.1927440155,-0.0019124907957566162,0.008492832688414047,1788209.6620746653,-0.004151063451773518,0.0068408931313303336,0.0
2019-04-12,1739829.5010881058,-0.0014066463344794,0.009312593790353013,1753437.9205840153,-0.0014142275691311212,0.008504860496599952,1784694.3329546652,-0.001965837225105682,0.006854367702514499,0.0
2019-04-15,1735470.9289281059,-0.0025051720052304827,0.009335982031178858,1749019.7484240155,-0.002519719750630367,0.00852634449522525,1780532.4038346652,-0.002332012290928054,0.006870389535354409,0.0
2019-04-16,1736503.246368106,0.0005948341875352536,0.009330431971257882,1750064.0658640156,0.0005970872775684644,0.008521256561343574,1784104.6419146652,0.0020062752423413155,0.0068566332418354995,0.0
2019-04-17,1740388.592608106,0.002237454060697086,0.009309602164092358,1753998.5121040156,0.002248172690785255,0.008502142277262661,1789137.4015946651,0.0028208881708859934,0.00683734585379627,0.0
2019-04-18,1736262.0294081059,-0.00237105851964714,0.009331728237833705,1749819.3489040155,-0.002382649227556599,0.008522448282078848,1782283.7791946651,-0.0038306853313173628,0.006863638292322136,0.0
2019-04-19,1739478.657248106,0.0018526165898453684,0.00931447209230984,1753075.7767440155,0.0018610080189360723,0.0085066173988855,1787251.7500746653,0.002787418557018473,0.006844559639767629,0.0
2019-04-22,1729664.858208106,-0.005641804801172934,0.009367320687136653,1743137.1777040155,-0.005669235278841667,0.008555118377807635,1770832.2007946651,-0.009187037740661985,0.006908023916199145,0.0
2019-04-23,1724984.8313281059,-0.002705742015738477,0.009392735004882061,1738397.1508240155,-0.0027192506365123492,0.008578445320706252,1763485.7806346652,-0.0041485693318109584,0.00693680171907174,0.0
2019-04-24,1726094.4860481059,0.0006432837552232673,0.009386696695382713,1739519.5055440154,0.0006456261847116451,0.008572910425256519,1766054.5716746652,0.0014566553743775579,0.0069267118869748125,0.0
2019-04-25,1717361.758688106,-0.0050592406328772155,0.009434427735530252,1730679.4781840153,-0.005081878835980991,0.008616699447816387,1749827.9761546652,-0.009188048761490486,0.006990945030806764,0.0
2019-04-26,1714236.913888106,-0.001819561186914509,0.009451625546527963,1727515.8333840154,-0.0018279784557909684,0.00863247943424224,1743336.1425546652,-0.003709983888968371,0.0070169779057864794,0.0
2019-04-29,1713048.868128106,-0.0006930464222154598,0.009458180504687405,1726312.2876240155,-0.0006966915942195895,0.008638497803048307,1742282.3582346651,-0.0006044642190782268,0.007021221983249559,0.0
2019-04-30,1719410.306848106,0.0037135185331584886,0.009423187323918608,1732751.1263440154,0.003729822678179451,0.008606397466599957,1751339.7372746654,0.005198571286216369,0.006984910428459376,0.0
2019-05-06,1732820.2856772263,-0.0038327216864019187,0.007335172252013748,1742754.8107040154,-0.0057690429329522175,1.4522928790617845e-05,1751181.516794665,-0.01151017135679766,5.532904141340036e-05,20000.0
2019-05-07,1733078.799597226,0.0001491868038114852,0.007334078104342457,1742693.8265736154,-3.499294910880302e-05,0.006235452497688802,1751481.7268498652,0.00017143285965559585,0.0071003926899267785,0.0
2019-05-08,1724777.4587972262,-0.004789938462076315,0.007369376966515911,1734402.6965736153,-0.004757651558507936,0.006265260423708115,1745429.9048498652,-0.0034552584290357125,0.007125011445781792,0.0
2019-05-09,1714603.1771972259,-0.005898895273767857,0.007413106103071258,1724241.6365736153,-0.0058585356330878025,0.006302181981412424,1738098.960849865,-0.004200079292574488,0.007155063278896545,0.0
2019-05-10,1739870.6363972262,0.014736622173594505,0.0073054484691724,1749483.3065736154,0.01463928805834902,0.006211253650026219,1757534.2388498653,0.011181916817036175,0.007075940698602491,0.0
2019-05-13,1735008.8139972263,-0.0027943585564886853,0.007325919715613874,1744631.3165736152,-0.0027733845654708267,0.006228527752761334,1754840.7728498653,-0.0015325254782875275,0.007086801402311097,0.0
2019-05-14,1729087.936877226,-0.0034125919547114414,0.00735100569851968,1738716.8945736152,-0.0033900698352794523,0.006249714722119894,1750087.2020498652,-0.002708833116682352,0.007106050507253964,0.0
2019-05-15,1740071.7960772263,0.006352400572429806,0.0073046039283438955,1749689.3645736154,0.006310670836778831,0.0062105221610370695,1758353.4800498653,0.004723352065153064,0.0070726439199883945,0.0
2019-05-16,1745589.7960772263,0.0031711335201454194,0.007281513277512193,1755201.7645736153,0.003150502090034202,0.0061910173479429375,1762655.1800498653,0.002446436424079046,0.007055383373118556,0.0
2019-05-17,1729524.151277226,-0.009203562507127283,0.007349151654135386,1739158.1845736152,-0.009140590172490803,0.006248128933872346,1750898.9480498652,-0.006669615324120026,0.0071027560235366214,0.0
2019-05-20,1720784.6875972264,-0.005053103001508075,0.007386476279594372,1730428.0765736154,-0.00501973200450434,0.006279651099473494,1744341.9968498652,-0.003744905556830158,0.007129455159781659,0.0
2019-05-21,1729817.2015172262,0.005249066885068654,0.0073479066262479575,1739450.9785736154,0.005214260056312758,0.006247077214286339,1750677.779649865,0.003632190712281158,0.007103653336110972,0.0
2019-05-22,1725650.465197226,-0.002408772624266642,0.007365648799436002,1735288.486573615,-0.002392991841261072,0.006262062278227606,1747350.6308498653,-0.0019004918201824816,0.007117179477490714,0.0
2019-05-23,1716983.660717226,-0.005022340650549628,0.007402828325062,1726631.6485736154,-0.004988702493550767,0.006293458470190906,1740881.0576498653,-0.0037025042860764357,0.0071436287937175925,0.0
2019-05-24,1718828.3019972262,0.0010743499325027717,0.0073948836323307395,1728475.9665736153,0.0010681595009123246,0.006286743225684594,1742148.6428498651,0.0007281285498683676,0.0071384310982337005,0.0
2019-05-27,1728672.488557226,0.0057272658057592185,0.00735277235066922,1738308.4525736154,0.005688529195746472,0.006251183187613894,1748839.3232498653,0.003840476200156706,0.007111121007248927,0.0
2019-05-28,1728533.8706372264,-8.018749700544614e-05,0.007353361998362444,1738172.9005736155,-7.797925609764889e-05,0.00625167068824353,1749257.8304498652,0.00023930568945695896,0.007109419682670126,0.0
2019-05-29,1729560.470637226,0.0005939137308434983,0.007348997327941447,1739199.5005736153,0.000590620184943047,0.006247980504842239,1750426.0304498652,0.0006678260801036284,0.007104674995417526,0.0
2019-05-30,1732422.9800772262,0.0016550502214851548,0.007336854465333591,1742061.5645736153,0.0016456214477154063,0.006237715586288693,1752850.9400498653,0.0013853253766895612,0.0070948463247601234,0.0
2019-05-31,1733000.6213572258,0.00033342970316274645,0.0073344089555326735,1742641.2825736152,0.0003327769877878861,0.0062356405086233056,1753524.225249865,0.00038410864530247224,0.0070921221793175055,0.0
2019-06-03,1754389.405502746,0.0008013754458049416,0.008010075766912832,1764524.1232595355,0.0010804522449621157,2.5283405847064097e-05,1775400.8584498654,0.0010702066005006117,0.011737299748778709,20000.0
2019-06-04,1746576.1786227461,-0.004453530587618326,0.008045908466373002,1756435.9420100953,-0.004583774822244591,0.012555399785805903,1771210.1656498653,-0.00236042062278774,0.011765070263256646,0.0
2019-06-05,1751360.571902746,0.0027392983704681573,0.008023928532020485,1761228.8352900953,0.002728760648404327,0.012521232339727727,1775020.3924498651,0.0021511997129950444,0.011739815575360317,0.0
2019-06-06,1746393.424862746,-0.0028361647051375893,0.00804675044161404,1756251.4882500952,-0.0028260649270941407,0.012556718441314122,1771885.180049865,-0.0017662965526119567,0.011760588261863936,0.0
2019-06-10,1752975.500222746,0.0037689533562677013,0.008016536489506274,1762847.1636100954,0.0037555415065140263,0.012509737602512288,1775807.611649865,0.0022137052920605527,0.011734611290749332,0.0
2019-06-11,1771013.300222746,0.010289818652746696,0.007934887931659628,1780922.3636100953,0.010253412986174215,0.012382771928020689,1786605.2116498651,0.006080388398588044,0.011663691516169705,0.0
2019-06-12,1765861.3733427462,-0.0029090277748631266,0.007958038085483718,1775760.2367300952,-0.0028985692950342923,0.012418768589335874,1783141.1188498652,-0.0019389246025992568,0.011686350468607885,0.0
2019-06-13,1762062.555422746,-0.002151254893134058,0.007975194762239684,1771952.9188100954,-0.0021440495407255566,0.01244545225552846,1781252.3236498653,-0.0010592516655204554,0.011698742380959411,0.0
2019-06-14,1755000.7061427461,-0.004007717693260693,0.008007285702825892,1764875.7695300952,-0.003993982687052866,0.012495358501050173,1777370.1868498651,-0.0021794423779588623,0.011724294805911098,0.0
2019-06-17,1755264.692702746,0.00015041963178474838,0.008006081431005002,1765139.7560900953,0.00014957798421710855,0.012493489750037525,1777871.0404498652,0.00028179475705503165,0.011720991891848491,0.0
2019-06-18,1756666.279262746,0.0007985043884417564,0.007999693640526852,1766544.7426500951,0.0007959633536962496,0.012483553299087537,1778349.0940498651,0.00026889104390770413,0.011717841069331013,0.0
2019-06-19,1764984.406142746,0.004735177636295829,0.00796199219315347,1774879.8695300953,0.004718321975528461,0.012424928485967827,1783549.586849865,0.002924337419126566,0.011683674064072566,0.0
2019-06-20,1780556.703902746,0.008822909542884894,0.00789235862690825,1790482.7672900953,0.008790959899799278,0.012316653280875915,1794007.6624498651,0.005863630412693777,0.011615564685720763,0.0
2019-06-21,1783239.843422746,0.0015069104590259563,0.007880483443984329,1793171.0068100952,0.0015014048552215442,0.012298188720620346,1795804.903649865,0.0010018024101110523,0.011603939830831455,0.0
2019-06-24,1782334.4165427461,-0.0005077426255023498,0.007884486733979379,1792263.8799300953,-0.0005058786231513235,0.01230441326025913,1795088.8108498652,-0.0003987586839441226,0.011608568848467943,0.0
2019-06-25,1774945.880702746,-0.0041454262294569055,0.007917307347524478,1784860.0440900952,-0.004130996513911134,0.012355453595991963,1790580.420449865,-0.0025115138441901275,0.011637797337597197,0.0
2019-06-26,1772232.967262746,-0.0015284485400343106,0.00792942706875102,1782142.0306500953,-0.0015228160039771899,0.012374297374071173,1788574.474049865,-0.001120277188944141,0.011650849518544644,0.0
2019-06-27,1777212.176222746,0.0028095679586022104,0.007907211221461301,1787131.4396100955,0.002799669652693293,0.012339750150054249,1791656.9716498652,0.0017234382155866257,0.01163080454551289,0.0
2019-06-28,1774169.126942746,-0.0017122599770094116,0.007920773645160861,1784081.5903300953,-0.0017065612592354062,0.012360844688731464,1790067.4348498653,-0.0008871881309602259,0.011641132420026873,0.0
2019-07-01,1801246.6685344263,0.00398921471701863,0.0024976067370531367,1823153.2403300954,0.010689897874273546,0.005547747729787133,1822950.6032992252,0.007197029675276134,0.0012683049200788493,20000.0
2019-07-02,1804710.486214426,0.0019230112901851282,0.002492813029453178,1825704.0464052954,0.001399117758602797,0.0033617531918056125,1828165.6092692253,0.002860750017340985,0.007096634792518144,0.0
2019-07-03,1805727.317174426,0.000563431623945787,0.0024914092906706217,1826749.6984052954,0.0005727390493868167,0.0033598288866029968,1828500.366709225,0.00018311111329438745,0.0070953355577249725,0.0
2019-07-04,1807586.6472544263,0.001029684860120339,0.002488846563045491,1828641.0944052953,0.0010353887024867614,0.0033563537558426483,1829858.539829225,0.0007427797908754474,0.007090069197609079,0.0
2019-07-05,1807925.878214426,0.00018767064943481238,0.0024883795672360678,1828948.6464052955,0.00016818609236168847,0.0033557893587436117,1831507.0972692252,0.0009009207018559895,0.0070836873570236615,0.0
2019-07-08,1799977.3790944263,-0.004396474001384432,0.0024993679735516804,1821067.1024052955,-0.004309330398910238,0.0033703131516619154,1818198.4815892251,-0.007266483269348645,0.007135537621770061,0.0
2019-07-09,1800376.321574426,0.0002216374964669754,0.002498814142640969,1821478.4784052954,0.00022589832052677394,0.0033695519755297157,1818280.2883092253,4.499328364238053e-05,0.007135216584946405,0.0
2019-07-10,1797456.5366144262,-0.0016217636974066307,0.00250287321155468,1818580.1264052955,-0.0015912084794641457,0.0033749221803205734,1813511.0748692253,-0.002622925338114368,0.00715398094282974,0.0
2019-07-11,1797873.1799744263,0.0002317960693418719,0.002502293189828937,1819002.3584052953,0.00023217673715292264,0.0033741387837870527,1813875.4659092252,0.00020093124605047308,0.00715254377329694,0.0
2019-07-12,1800891.910054426,0.0016790561835082762,0.0024980987416896886,1821994.3544052953,0.0016448554814536553,0.003368597927021977,1818989.2390292252,0.002819252598158295,0.007132435635600079,0.0
2019-07-15,1802101.1675744262,0.0006714770127229652,0.0024964224513995283,1823204.6784052954,0.0006642852636034036,0.003366361702551014,1820600.832309225,0.0008859828554346194,0.007126122013670232,0.0
2019-07-16,1801621.4118144263,-0.0002662202148426829,0.0024970872264974474,1822726.5664052954,-0.00026223715069562115,0.0033672447192118747,1819894.2076692253,-0.00038812716519720514,0.007128888929121297,0.0
2019-07-17,1803116.770214426,0.0008300070093494316,0.002495016345442289,1824212.2464052956,0.0008150866001421786,0.003364502358423377,1822298.585269225,0.0013211633895351405,0.007119482928923183,0.0
2019-07-18,1800853.4286144262,-0.0012552385055631943,0.0024981521221788022,1821986.4264052955,-0.001220154071647217,0.003368612584784504,1817832.3628692252,-0.0024508729996846057,0.007136974747631585,0.0
2019-07-19,1804632.2586944262,0.0020983551575917136,0.002492921088355582,1825733.6224052953,0.0020566541801263494,0.0033616987330328863,1824163.7359892253,0.003482924635584528,0.007112203478921559,0.0
2019-07-22,1803450.2445344261,-0.0006549889343412385,0.0024945549942729365,1824573.2304052955,-0.0006355757410387852,0.0033638367060400617,1821753.1337492252,-0.001321483478944896,0.007121614574925736,0.0
2019-07-23,1804523.4321344262,0.0005950746926635109,0.0024930714305576094,1825646.2504052953,0.000588093687947655,0.0033618596176191733,1823233.900149225,0.0008128249500811702,0.007115830650232675,0.0
2019-07-24,1805866.2754944263,0.00074415401656025,0.002491217580988591,1826969.7824052954,0.0007249662960204795,0.003359424148337591,1825782.0911892252,0.0013976215776767553,0.007105899292053304,0.0
2019-07-25,1806363.2188544262,0.00027518281211813544,0.0024905322293260544,1827443.8144052955,0.0002594635141561774,0.0033585527264447085,1827310.0822292252,0.0008368967180549802,0.007099957361039519,0.0
2019-07-26,1808626.3498144262,0.0012528659443338253,0.00248741583074232,1829692.8664052952,0.0012307092465830838,0.003354424405312127,1830930.839669225,0.00198146853958292,0.0070859168397474585,0.0
2019-07-29,1807566.793174426,-0.0005858350123610911,0.0024888739002144177,1828634.4984052954,-0.000578440250510015,0.0033563658624223896,1829445.2307092252,-0.0008113954540567292,0.007091670989349883,0.0
2019-07-30,1809333.7506944262,0.0009775337357780245,0.0024864433179889833,1830380.2224052954,0.0009546598850247445,0.003353164730566238,1832642.023989225,0.0017474113060824692,0.007079300539547921,0.0
2019-07-31,1807750.566614426,-0.0008750094223316518,0.0024886208847117175,1828843.5264052954,-0.0008395501553117857,0.0033559822459820763,1828773.794869225,-0.002110739069259071,0.007094274702330186,0.0
2019-08-01,1818800.2302614662,-0.004951090331959951,0.01157028704490596,1845721.4846052954,-0.001707112585042525,3.518223406784002e-05,1843404.962913145,-0.0029357550786994757,0.008532565393709538,20000.0
2019-08-02,1807802.3091414664,-0.0060467999382312065,0.01164067588311696,1839114.3009501756,-0.003579729504277096,0.010004336185450602,1837435.7344262651,-0.003238153637954211,0.015314069874150637,0.0
2019-08-05,1793782.0685014662,-0.007755405869936394,0.011731659665349708,1827857.9102301756,-0.0061205498288955384,0.010065945305266423,1830054.516506265,-0.004017129841172307,0.01537583660621445,0.0
2019-08-06,1781007.8278614664,-0.0071214005671667024,0.01181580474395484,1817297.7195101755,-0.0057773586562154255,0.010124437813708767,1822865.698586265,-0.003928198780506209,0.015436474145126654,0.0
2019-08-07,1779008.0270614664,-0.0011228478441901446,0.01182908700880141,1815223.2811101757,-0.0011414961773896781,0.010136008028126866,1821119.276186265,-0.0009580642179807253,0.015451277461184307,0.0
2019-08-08,1789704.9067414664,0.006012833847449661,0.011758385788739504,1825065.1857501757,0.005421869993855966,0.01008134826845253,1828696.8672262654,0.004160952629016723,0.015387251835207259,0.0
2019-08-09,1784308.1051414663,-0.0030154700809453816,0.011793950092379237,1821455.9089501756,-0.001977615280912004,0.010101324802739885,1827008.822426265,-0.0009230861769674581,0.01540146871808592,0.0
2019-08-12,1792632.3844214662,0.0046652701156340015,0.01173918362980915,1828589.4943901754,0.003916419499888635,0.010061918110445852,1832117.602266265,0.0027962535140992895,0.01535852239586511,0.0
2019-08-13,1788757.4039414662,-0.0021616146811106463,0.011764614192565402,1825479.0513501754,-0.0017010067319879196,0.010079062663889256,1830088.7888262654,-0.001107359831863497,0.015375548660844991,0.0
2019-08-14,1790686.7637014661,0.0010786033677616658,0.011751938512108514,1827366.7798301757,0.0010341003248457437,0.010068650668961725,1831633.9821062651,0.0008443269471045678,0.015362577622581261,0.0
2019-08-15,1792253.4836214662,0.000874926844693702,0.011741665413836538,1828624.1559901754,0.000688080889878373,0.01006172738662782,1832463.179866265,0.0004527093120680892,0.015355625987703993,0.0
2019-08-16,1792714.7824214662,0.00025738479752757115,0.01173864406531054,1828614.8983901755,-5.062604018224448e-06,0.0100617783254272,1832166.346266265,-0.00016198611970019705,0.01535811378896258,0.0
2019-08-19,1805907.1828214664,0.00735889530747369,0.011652891655587734,1839898.6175901757,0.006170637245673571,0.010000071511697718,1840177.5574662653,0.004372534849974796,0.015291252255575323,0.0
2019-08-20,1806511.3218614662,0.0003345349338805814,0.011648994659929399,1840155.8315101757,0.00013979787665530097,0.009998673718342526,1840180.3305862653,1.5069850127780171e-06,0.015291229211922072,0.0
2019-08-21,1805530.5405814664,-0.0005429145492369392,0.01165532250409292,1839099.5500701757,-0.0005740173858717057,0.010004416427307301,1839294.2947462653,-0.0004814940282062974,0.015298595394244345,0.0
2019-08-22,1805448.7796214663,-4.5283620610403474e-05,0.011655850323196845,1838897.6639901756,-0.00010977441650306119,0.010005514776853743,1839075.0678662653,-0.00011919075736066542,0.015300419062780374,0.0
2019-08-23,1807666.1589014663,0.0012281596160623742,0.011641552638378126,1840513.5494301755,0.0008787250490567278,0.009996730399443087,1840018.647706265,0.0005130730422520102,0.015292572855901338,0.0
2019-08-26,1800799.3381814663,-0.0037987217308825816,0.011685944288894232,1835114.2348701756,-0.002933591312963446,0.010026143005466451,1836591.427546265,-0.0018626007754173335,0.01532110996720651,0.0
2019-08-27,1813183.3581014662,0.006876957169756448,0.01160612943387085,1845693.9110301754,0.005765132196660305,0.009968672291878587,1844107.8253062651,0.00409258022620862,0.015258662666100839,0.0
2019-08-28,1811672.0373814662,-0.0008335178641736274,0.011615811420196458,1844486.2964701755,-0.0006542875569903739,0.00997519894042381,1843343.005146265,-0.0004147372238785252,0.015264993627180298,0.0
2019-08-29,1804385.7760214664,-0.0040218434736848385,0.01166271704261975,1838308.3911901757,-0.003349390717525269,0.01000872206118985,1839039.767066265,-0.0023344749555488375,0.0153007127579157,0.0
2019-08-30,1801646.7146614662,-0.0015180020793776894,0.011680447986952006,1835647.0859101757,-0.001447692505106235,0.010023232619930659,1836932.128986265,-0.0011460535643349479,0.015318268313916302,0.0
2019-09-02,1829220.0024014665,0.00420353650822336,0.005316467690435759,1862103.2582301756,0.0035171097808261997,3.133926645453133e-05,1861442.6938887853,0.002455488056060995,0.005582917251712084,20000.0
2019-09-03,1827383.7835319065,-0.001003826148385234,0.00450165729062498,1860485.8856571757,-0.0008685729783519669,0.006167400239708098,1860316.2532487854,-0.000605143872383529,0.005586297765574231,0.0
2019-09-04,1829736.6755319065,0.001287574083344678,0.004495868526827712,1862880.9554971757,0.0012873356677758352,0.006159470933081314,1864472.6333287852,0.002234233062653246,0.00557384449791091,0.0
2019-09-05,1834276.891531906,0.0024813493989126467,0.004484740319132552,1867500.2158171756,0.002479632585415059,0.006144235486556386,1872042.0731687853,0.004059828878520966,0.005551307140866879,0.0
2019-09-06,1836980.567531906,0.0014739737563513877,0.004478139658798207,1870243.2793371757,0.0014688424112443421,0.006135223809622337,1875004.1114087852,0.001582249823576909,0.005542537461945548,0.0
2019-09-09,1837635.2675319063,0.00035640006844483985,0.0044765442181324685,1870916.4793371756,0.0003599531715674509,0.006133016210985919,1877363.1114087852,0.0012581305745658078,0.0055355729883212,0.0
2019-09-10,1835948.3475319063,-0.0009179841232942465,0.004480657390478849,1869203.0809371755,-0.0009158069956212156,0.006138638018626964,1874974.210608785,-0.0012724766911008656,0.005542625850523484,0.0
2019-09-11,1836115.3755319063,9.097641566246928e-05,0.004480249793411372,1869372.9634971756,9.088502032361667e-05,0.006138080159086956,1875107.729328785,7.121096345996669e-05,0.005542231182901231,0.0
2019-09-12,1837571.9155319063,0.0007932725902795035,0.004476698551155797,1870861.3682971755,0.0007962053742422981,0.006133196874773975,1878445.4269287852,0.0017800031154449059,0.0055323835229944655,0.0
2019-09-16,1837466.8795319065,-5.7160211860085575e-05,0.004476954454820922,1870760.3095771756,-5.401721459019626e-05,0.006133528190882457,1879236.086288785,0.0004209115413551512,0.005530055858659217,0.0
2019-09-17,1833239.371531906,-0.002300726095850636,0.004487278453458142,1866453.9334171754,-0.002301939023376831,0.00614767977485943,1871029.6643687852,-0.004366892472891126,0.0055543109372833376,0.0
2019-09-18,1833616.771531906,0.0002058650964300579,0.0044863548695802955,1866841.2334171755,0.00020750579109707346,0.006146404360360231,1872253.3643687852,0.0006540249058064607,0.0055506806538915135,0.0
2019-09-19,1833890.3995319065,0.00014922856523180705,0.004485685477172457,1867121.3619771758,0.00015005483861507685,0.006145482201020345,1873096.4850887852,0.0004503240512452322,0.005548182174017864,0.0
2019-09-20,1834409.7115319064,0.00028317504695607454,0.004484415602573627,1867649.6842171755,0.00028296084590895276,0.006143743762088377,1873839.6639687852,0.00039676486818285284,0.00554598172331047,0.0
2019-09-23,1830928.3275319063,-0.0018978224865005,0.004492942409709324,1864104.8445371757,-0.0018980217274984224,0.006155426896079163,1867498.603808785,-0.0033839929220890186,0.0055648130111529606,0.0
2019-09-24,1832400.8835319062,0.0008042674188044607,0.004489331786421303,1865605.1556571757,0.0008048426698727962,0.006150476729966827,1870276.9432487853,0.0014877330747844475,0.005556546353361491,0.0
2019-09-25,1828523.419531906,-0.002116056609035466,0.004498851611106054,1861658.0683771756,-0.002115714178871686,0.006163516970212422,1863276.1818887852,-0.0037431682966905244,0.005577423588515235,0.0
2019-09-26,1826545.851531906,-0.0010815108950074093,0.004503722435988665,1859654.9890171755,-0.0010759652344461967,0.0061701558433910255,1861526.2615687852,-0.0009391631455440974,0.005582666623261662,0.0
2019-09-27,1825242.567531906,-0.0007135238345683526,0.004506938243846578,1858332.6033371757,-0.0007110919432957719,0.006174546513670402,1859758.0994087853,-0.0009498454018638247,0.005587974334989485,0.0
2019-09-30,1824147.4075319064,-0.0006000079219501409,0.00450964406601136,1857218.3161371755,-0.0005996166660365843,0.006178251095994519,1857236.9930087854,-0.0013556098509808212,0.0055955597308824205,0.0
2019-10-08,1847005.2778281465,0.0015666882426497164,0.002912752038517388,1880408.8761371756,0.0017179240438658372,0.005309282052361093,1882110.049008785,0.002623820233143892,0.002705280985809853,20000.0
2019-10-09,1851057.6293481465,0.002194011878929203,0.002906375416329333,1883975.5403829755,0.0018967493139718794,0.005879895564208759,1888432.990848785,0.003359496350030078,0.00269622303436703,0.0
2019-10-10,1853248.9136681464,0.0011838012416562904,0.002902938913638915,1886205.6247029756,0.001183711928418596,0.0058729436907071384,1892714.3302887853,0.00226713865980277,0.0026901241499071066,0.0
2019-10-11,1854074.1755881463,0.0004453054923780897,0.0029016467943844344,1887041.4866229757,0.00044314464396300046,0.005870342279967541,1896053.8689287852,0.0017644176865774241,0.0026853860073404678,0.0
2019-10-14,1857679.8688681463,0.0019447405759029923,0.0028960147969004867,1890709.5799029756,0.0019438328759608936,0.005858953453625659,1904447.928688785,0.0044271209260220434,0.0026735498787255974,0.0
2019-10-15,1855709.3128681465,-0.0010607618853083478,0.0028990900411181818,1888701.8239029758,-0.0010619060808391145,0.005865181725765476,1900367.226688785,-0.0021427217507645757,0.0026792908535140467,0.0
2019-10-16,1855132.9949481464,-0.0003105647614115581,0.002899990676030579,1888113.9059829756,-0.0003112814911064854,0.00586700801676927,1899584.286048785,-0.0004119943919281832,0.002680395161288649,0.0
2019-10-17,1854188.1994281465,-0.0005092872169126794,0.002901468356774961,1887152.9104629757,-0.0005089711573834643,0.005869995675261944,1897355.8462087852,-0.0011731197485503886,0.0026835432789052227,0.0
2019-10-18,1849807.8031081464,-0.0023624335012761843,0.002908339114532204,1882689.3141429757,-0.002365254185419996,0.0058839126242230325,1889267.9027687851,-0.004262744627562154,0.0026950315099955667,0.0
2019-10-21,1849217.4165481464,-0.00031916102797702184,0.0029092676393826494,1882085.1275829757,-0.0003209167627719056,0.005885801476579215,1890410.183248785,0.0006046154059600184,0.002693403037024922,0.0
2019-10-22,1848761.9165481464,-0.0002463204142053588,0.002909984427952274,1881618.6275829757,-0.000247863390004599,0.005887260712977374,1891264.4832487851,0.0004519125042650174,0.002692186404324995,0.0
2019-10-23,1847260.9277481465,-0.0008118886410222181,0.00291234893096802,1880091.8387829757,-0.0008114230894712415,0.0058920416516176225,1887860.283648785,-0.0017999595668145574,0.002697040969019272,0.0
2019-10-24,1848209.1098281464,0.0005132908219716015,0.0029108548159069232,1881057.0208629756,0.0005133696450831948,0.005889018408327451,1889317.643008785,0.0007719635677612136,0.002694960557652211,0.0
2019-10-25,1849107.3941481465,0.00048602959222709963,0.00290944074160967,1881969.5051829757,0.00048509125979689927,0.005886163082062604,1891911.7824487851,0.0013730562722469308,0.002691265298953203,0.0
2019-10-28,1848245.3829481464,-0.00046617692554151713,0.0029107976883268874,1881087.2939829757,-0.0004687701886616491,0.0058889236339054836,1892879.782048785,0.0005116515521388365,0.002689889013064587,0.0
2019-10-29,1843625.2471081463,-0.0024997415833554193,0.002918092164654939,1876377.7581429759,-0.0025036242895607463,0.0059037042913677356,1886931.400768785,-0.0031425034682136532,0.0026983686458928245,0.0
2019-10-30,1841066.4179881464,-0.0013879334338763316,0.0029221479114399586,1873769.1290229757,-0.0013902473042431973,0.005911923326835761,1883594.7597287851,-0.0017682895301018853,0.0027031485952521183,0.0
2019-10-31,1840091.2933481464,-0.0005296520703830243,0.0029236964533196305,1872779.2043829756,-0.0005283066225539867,0.005915048286017991,1879408.578848785,-0.0022224424114467567,0.0027091695686011783,0.0
2019-11-01,1864121.7489281462,0.002190356312520958,0.0021007972737821746,1896882.6599629754,0.0021911048405471867,0.005068238076024854,1906555.399513905,0.003802696627839053,5.874636212179937e-05,20000.0
2019-11-04,1865154.3354881464,0.0005539265665421844,0.002099634230601823,1897931.8465229757,0.0005531109446805793,0.0050654363277523925,1909658.7149439051,0.0016277079757511803,0.005540710526496313,0.0
2019-11-05,1869246.7399681464,0.0021941371832530088,0.002095037431073997,1902099.4510029757,0.002195866246533118,0.005054337678246151,1916350.0307839052,0.0035039328167056905,0.005521364037851107,0.0
2019-11-06,1868098.9018881463,-0.0006140645081557095,0.0020963247096757788,1900931.8129229755,-0.0006138680495304527,0.005057442280474479,1912501.246143905,-0.002008393340555803,0.005532475424650764,0.0
2019-11-07,1869609.4839681464,0.000808619971069735,0.0020946309492581878,1902468.1950029756,0.0008082257709378649,0.005053358026287857,1915872.8827839051,0.0017629461140473701,0.0055227391331570674,0.0
2019-11-08,1865792.4234881464,-0.0020416351717998937,0.0020989161703342018,1898578.1345229757,-0.0020447440278988926,0.00506371202120221,1910181.9189439053,-0.00297042872266684,0.0055391929108799375,0.0
2019-11-11,1859431.9087829462,-0.003409015185788511,0.01347886882254853,1895520.2897229753,-0.0016105972908871946,0.0050718807786439965,1901583.160543905,-0.004501538997266907,0.00556424055673626,0.0
2019-11-12,1860044.070782946,0.0003292199069555579,0.013474432771045368,1896230.2830029754,0.00037456379857792044,0.005069981747022112,1902072.786783905,0.0002574834749060617,0.00556280822554411,0.0
2019-11-13,1858893.4087829464,-0.0006186208262878301,0.013482773495525822,1896323.2897229758,4.904821995199704e-05,0.00506973308563863,1900206.660543905,-0.0009811013821164893,0.005568271264177395,0.0
2019-11-14,1859451.8707829462,0.0003004271236646261,0.013478724121207418,1897256.2830029756,0.0004920011714544259,0.005067239997623758,1900463.586783905,0.00013520963026536492,0.0055675184820619394,0.0
2019-11-15,1858253.2027829462,-0.0006446351308331266,0.013487418585051595,1896733.2650829754,-0.00027567067490341657,0.005068637272281449,1898964.8234239053,-0.0007886304007203027,0.005571912661777176,0.0
2019-11-18,1866035.2507829461,0.00418782972543541,0.013431171127357039,1902315.6382029755,0.0029431513765094675,0.005053763281921708,1907414.828383905,0.004449795412620805,0.005547228629269892,0.0
2019-11-19,1873879.5367829464,0.004203718014817337,0.013374946623289499,1907397.2180429755,0.002671260088467964,0.005040299331483584,1916287.907103905,0.004651887249674802,0.005521543033633202,0.0
2019-11-20,1871529.9307829463,-0.0012538724896019593,0.013391738155350445,1906401.9934029754,-0.0005217710451634883,0.005042930586646466,1913316.869983905,-0.0015504127062462292,0.005530116997292833,0.0
2019-11-21,1869988.7767829462,-0.0008234728040685813,0.013402774976042265,1905475.3956429756,-0.000486045316363648,0.005045382871360352,1911527.827903905,-0.0009350474602856096,0.00553529275872882,0.0
2019-11-22,1869234.0487829463,-0.0004036002832585872,0.013408186523921305,1904903.9553229755,-0.0002998938329545897,0.0050468964044676125,1910782.285343905,-0.0003900244344428039,0.005537452500508585,0.0
2019-11-25,1876102.5187829463,0.00367448367660117,0.013359098733690256,1908284.3441229756,0.0017745717785686566,0.005037956189591897,1919257.2957439052,0.004435361613411182,0.005513000350379789,0.0
2019-11-26,1876513.7887829463,0.00021921509932565364,0.01335617085936871,1908763.9329229754,0.00025131935996691723,0.005036690371791307,1919592.9061439051,0.00017486472540406695,0.005512036489632613,0.0
2019-11-27,1875343.8787829462,-0.0006234486562227692,0.013364502940768217,1908582.6545229757,-9.497161847671354e-05,0.005037168759860972,1917986.7789439051,-0.0008367019876241999,0.005516652283563302,0.0
2019-11-28,1873610.3227829463,-0.0009243936643368311,0.01337686843319653,1907707.4858829754,-0.00045854374602338765,0.005039479581706376,1915826.589823905,-0.0011262794632972417,0.0055228725815302864,0.0
2019-11-29,1873176.8647829462,-0.00023134906694810553,0.013379963875354893,1907511.6343629756,-0.00010266328640484712,0.005039997004362314,1915345.657663905,-0.0002510311541527033,0.00552425934272893,0.0
2019-12-02,1893953.8755019065,0.00041480905170709903,0.004443355548812584,1929059.8291029758,0.0008116305620946562,3.3470309620529016e-06,1937184.726733905,0.0009601760719488706,0.004011474376533502,20000.0
2019-12-03,1895268.7479019063,0.0006942473188009668,0.004440272901256143,1931547.0226830156,0.0012893294145244205,0.006492851489370069,1938253.3371339052,0.0005516306138764193,0.004009262744464582,0.0
2019-12-04,1893892.5692619064,-0.0007261126642452709,0.004443499382431292,1929402.0723630157,-0.0011104830971292445,0.006500069706909754,1937599.731693905,-0.00033721362810423816,0.004010615178559874,0.0
2019-12-05,1896817.7203019066,0.0015445179349007354,0.004436646901720763,1933212.5438830159,0.0019749494284171387,0.006487257701021128,1940336.4475339053,0.001412425794262262,0.0040049584719092,0.0
2019-12-06,1898135.1885419064,0.0006945676571337156,0.004433567489137089,1934977.4790030157,0.0009129545147967821,0.006481340531920576,1941355.7945739052,0.0005253455096900783,0.0040028555896992135,0.0
2019-12-09,1903668.7291819064,0.0029152510703154277,0.004420680096753507,1942300.0353230156,0.003784310876720376,0.006456905593851806,1946124.9520139052,0.0024566117418196587,0.0039930462254561296,0.0
2019-12-10,1902507.1036619064,-0.0006102036043315051,0.004423379258720503,1940969.0995630156,-0.0006852369540212289,0.006461333138090267,1944681.6940939052,-0.0007416059891254267,0.003996009690174967,0.0
2019-12-11,1902641.3271019065,7.055082198736962e-05,0.004423067207693295,1941084.1922830157,5.929652359015769e-05,0.0064609500262146225,1944897.2203339052,0.00011082854364019568,0.003995566867318045,0.0
2019-12-12,1904945.8463819064,0.001211221078389002,0.0044177163764997345,1944027.6989230157,0.0015164239921701128,0.006451167321311083,1947059.983213905,0.0011120191120579381,0.003991128655973919,0.0
2019-12-13,1910105.1953419065,0.002708396655894063,0.004405783766480007,1951036.4274030158,0.0036052616348434263,0.006427992725747891,1951279.667373905,0.0021672080965038365,0.003982497754595851,0.0
2019-12-16,1914874.8104619063,0.0024970431637121315,0.004394809736870738,1957377.2479630157,0.0032499754853065888,0.006407169581677238,1955303.966893905,0.0020623899214899932,0.003974301195864534,0.0
2019-12-17,1920864.3615019065,0.003127907374036454,0.004381106042972489,1965738.7194830156,0.004271773123296185,0.006379916027860537,1959801.682733905,0.0023002642638447757,0.003965180233473771,0.0
2019-12-18,1918875.5573419065,-0.0010353693888334181,0.004385646807427135,1963054.9334030158,-0.0013652811807591814,0.0063886383155233985,1958065.5193739051,-0.0008858872687454999,0.003968696050778676,0.0
2019-12-19,1921142.7490219064,0.0011815209544596694,0.00438047118892701,1965961.0612430156,0.001480410858886172,0.00637919448673429,1960129.092653905,0.0010538836722173706,0.003964517910085025,0.0
2019-12-20,1921983.2641419065,0.00043750789493812725,0.004378555536311449,1966681.5818030157,0.00036649787943643375,0.0063768573820263096,1961477.292173905,0.0006878115962121178,0.003961792942957068,0.0
2019-12-23,1914999.7047819064,-0.0036335172580796993,0.0043945231118794935,1956502.4381230157,-0.005175796516418196,0.006410034415825862,1956936.5496139051,-0.0023149605545356167,0.003970985618025425,0.0
2019-12-24,1917491.3199019064,0.0013011047018849364,0.004388812806900742,1959602.8586830155,0.0015846750300878565,0.006399892665723247,1959374.049133905,0.0012455690096240257,0.003966045634492346,0.0
2019-12-25,1915899.5667819064,-0.0008301227251873433,0.004392459087008324,1957269.5441230156,-0.0011907078771909996,0.00640752215282389,1958348.601613905,-0.0005233546501512976,0.003968122369786943,0.0
2019-12-26,1922532.9964619065,0.003462305537832666,0.004377303524773725,1965892.7659630156,0.004405740571548966,0.006379416100487181,1964627.522893905,0.00320623267727993,0.003955440307818984,0.0
2019-12-27,1924633.5923019066,0.0010926188751327892,0.004372526020311923,1968659.9798830159,0.0014076118331127763,0.006370448981119117,1966452.359533905,0.0009288461139504989,0.003951769721869598,0.0
2019-12-30,1936725.4771819063,0.00628269449746921,0.004345226291003178,1984875.6593230157,0.008236912217295833,0.006318404835138742,1976953.560013905,0.005340175381868262,0.003930778674361202,0.0
2019-12-31,1941987.3201819065,0.002716876016758185,0.0043334528369207955,1991610.1683230156,0.0033929122806095613,0.0062970395323778535,1981560.838013905,0.002330493792665367,0.003921639318272894,0.0
2020-01-02,1963906.7289719065,0.0009883734924800436,0.004573570872486715,2025740.6278430156,0.007094992657071142,9.574356533684514e-06,2010207.9635384649,0.0043637951248707285,0.001335124916001639,20000.0
2020-01-03,1962568.1491719065,-0.0006815903119292699,0.00457669030025607,2023332.8320987758,-0.0011886002142355023,0.004737568800696412,2007548.819688465,-0.0013228202744351991,0.001843541164313727,0.0
2020-01-06,1963423.6000519064,0.00043588340122657776,0.004574696266088029,2024229.4848987758,0.00044315635360403505,0.004735470246969166,2008039.658088465,0.0002444963704923975,0.0018430905353673409,0.0
2020-01-07,1964271.2526919064,0.0004317217333933421,0.0045727221225669475,2025068.743298776,0.0004146063508416731,0.004733507704613075,2009901.773288465,0.000927329892365103,0.00184138296589977,0.0
2020-01-08,1959146.9053319064,-0.0026087778625164537,0.004584682540886277,2019915.001698776,-0.0025449711853261503,0.004745585081904034,2000829.8884884652,-0.004513596097364014,0.0018497319086237037,0.0
2020-01-09,1962952.5939319064,0.0019425233450551804,0.004575793954307871,2023751.342698776,0.001899258630572831,0.0047365890742253345,2007308.9364884652,0.0032381803357079963,0.001843761476466873,0.0
2020-01-10,1965506.4483319065,0.0013010270385005462,0.004569848457902291,2026428.406698776,0.0013228225936245952,0.00473033168459761,2008762.328488465,0.00072404998233222,0.0018424274668920214,0.0
2020-01-13,1966516.1500919065,0.0005137107338706315,0.004567502083055249,2027435.612298776,0.0004970348800237279,0.004727981712774248,2010774.605288465,0.0010017495705996193,0.0018405836629979604,0.0
2020-01-14,1966205.0158919063,-0.00015821593938381007,0.004568224849041056,2027103.335298776,-0.00016389028484276036,0.004728756710058412,2010756.3492884652,-9.07908820402259e-06,0.001840600373971104,0.0
2020-01-15,1964262.2176519064,-0.0009880954551011456,0.004572743155770618,2025158.640898776,-0.0009593464556720832,0.004733297582317649,2007054.626088465,-0.0018409605924208927,0.0018439950962759655,0.0
2020-01-16,1961435.6930919064,-0.0014389751707278853,0.00457933270182705,2022307.717298776,-0.0014077532211179689,0.004739970290762474,2002284.045288465,-0.00237690630737708,0.0018483885426615013,0.0
2020-01-17,1961723.6887319065,0.00014682899929607807,0.0045786604216992155,2022626.2806987758,0.00015752469185326134,0.004739223746002261,2001953.2004884651,-0.00016523369937360144,0.0018486940092116533,0.0
2020-01-20,1962241.7738119066,0.00026409686694206513,0.004577451531091276,2023173.110498776,0.0002703563209962567,0.00473794281321419,2002154.2948884652,0.00010044910138318208,0.0018485083282111852,0.0
2020-01-21,1958177.3264519065,-0.002071328525487637,0.0045869526168917036,2019147.668898776,-0.0019896674086419264,0.00474738853746334,1993207.2100884651,-0.0044687289200647795,0.001856805890392529,0.0
2020-01-22,1959769.7580519065,0.0008132213454261628,0.004583225440132887,2020788.714898776,0.0008127419431858129,0.004743533269016713,1994892.0980884652,0.000845315023682458,0.001855237630151261,0.0
2020-01-23,1952944.8151319064,-0.0034825228279796727,0.004599242406806002,2014020.8646987758,-0.00334911322005238,0.0047594732839123495,1980051.552488465,-0.007439272336694502,0.001869142691670742,0.0
2020-02-03,1893082.9463544267,-0.0408930493881291,0.016429901993635875,2006511.5796487757,-0.01365888781599811,5.1853699640290127e-05,1945134.989638465,-0.0277349156798381,4.7863433109302755e-05,20000.0
2020-02-04,1929026.1055944266,0.018986573889547165,0.016123766901973716,2037747.301524376,0.015567177479766992,5.17186033308223e-05,1968831.9921438652,0.012182703324772781,3.2279963002801126e-05,0.0
2020-02-05,1935779.9207544266,0.003501152804730401,0.016067512086965396,2045178.7815643759,0.003646909523295827,5.15306756191649e-05,1973639.807303865,0.002441963143215986,3.220132854533084e-05,0.0
2020-02-06,1947905.4799944267,0.006263914151601657,0.01596749308108916,2058545.695124376,0.006535816663311822,5.1196067508049744e-05,1981976.3665438653,0.004223951710514262,3.206588380060213e-05,0.0
2020-02-07,1943003.0202744268,-0.002516785218969586,0.01600778122827298,2053092.696444376,-0.002648956830502036,5.13320438762995e-05,1979368.4068238651,-0.0013158379504534246,3.210813290039067e-05,0.0
2020-02-10,1958530.5984744267,0.007991535802042593,0.015880868697509296,2070163.0222443761,0.008314444754278894,5.090876575591343e-05,1990895.985023865,0.005823866926570442,3.1922222126724204e-05,0.0
2020-02-11,1964349.7548744269,0.0029711848283264786,0.015833823481406942,2076559.673844376,0.0030899265088142336,5.075194597267854e-05,1995250.1414238652,0.0021870335932934193,3.185255950904554e-05,0.0
2020-02-12,1969941.0610344266,0.002846390336611382,0.015788882159801385,2082723.9828843758,0.0029685200563427383,5.060173371127092e-05,1999078.947583865,0.0019189604754354939,3.179155277581603e-05,0.0
2020-02-13,1964932.9359144266,-0.002542271552718578,0.015829124091684126,2077230.161604376,-0.0026378057414940814,5.0735564274010846e-05,1995138.822463865,-0.0019709702434523857,3.185433672562715e-05,0.0
2020-02-14,1971479.2543944265,0.0033315734905494665,0.01577656331158328,2084446.888724376,0.0034742067843007707,5.0559908696204865e-05,1999599.1409438648,0.00223559304735077,3.178328224082757e-05,0.0
2020-02-17,1991222.1795144265,0.010014269780416418,0.015620139025375557,2106266.310004376,0.010467727145282435,5.003614399347906e-05,2012284.566063865,0.006343984081735643,3.158292069468576e-05,0.0
2020-02-18,1984964.5823544264,-0.0031425911304011622,0.015669381484648085,2099420.0719643757,-0.00325041425553918,5.019931255462488e-05,2007022.9689038652,-0.0026147381184221663,3.166571825525499e-05,0.0
2020-02-19,1982157.8477544265,-0.0014139973201288125,0.015691569321617468,2096328.594564376,-0.0014725387459533223,5.0273341998606394e-05,2005001.234303865,-0.0010073300760998771,3.169764824967853e-05,0.0
2020-02-20,1994587.1103144267,0.0062705715259161465,0.015593787362600356,2110075.6552043757,0.006557684074741443,4.994581313520962e-05,2012803.4968638648,0.0038914003774708217,3.1574778146082305e-05,0.0
2020-02-21,1996324.3539144266,0.0008709790567762443,0.015580217319614948,2111931.8036043756,0.000879659644156261,4.9901916433157316e-05,2014987.240463865,0.0010849263742847004,3.1540558961804955e-05,0.0
2020-02-24,1984245.5567544266,-0.006050518362066604,0.01567505955528066,2098546.665564376,-0.006337864706216223,5.022020529986626e-05,2007804.943303865,-0.0035644380350252636,3.16533854929935e-05,0.0
2020-02-25,1974077.0941944267,-0.005124598881114384,0.015755801719141635,2087331.7049243762,-0.005344155945649964,5.049003190406242e-05,2000876.480743865,-0.003450764768314074,3.17629921070929e-05,0.0
2020-02-26,1981023.5188344268,0.003518821357295865,0.015700554273442857,2094960.341084376,0.003654731129701272,5.030617635532038e-05,2006097.4053838649,0.0026093188111535603,3.168032803121753e-05,0.0
2020-02-27,1988303.2249944268,0.003674719704631846,0.01564307037449675,2102929.450124376,0.00380394267314621,5.011553971520993e-05,2012061.111543865,0.0029727899273459535,3.1586428215577416e-05,0.0
2020-02-28,1964748.0960744268,-0.011846849426131234,0.015830613266184557,2076849.596644376,-0.012401677801629374,5.07448611330707e-05,1997618.4826238654,-0.007178026968036599,3.181479567692899e-05,0.0
2020-03-02,2022871.6941744266,0.01940380966708699,0.0003979643280120276,2137767.777874556,0.019702043564585825,0.0035105930364511167,2043078.629723865,0.012745250067248914,0.004347833800731264,20000.0
2020-03-03,2028325.5666103468,0.002696103985055709,0.009182934493831608,2143577.240940476,0.002717537015033411,0.008112313439587819,2043265.155635485,9.129649192463063e-05,0.007420179017720157,0.0
2020-03-04,2035164.8430103466,0.003371882952414529,0.009152074768938999,2150812.7687804755,0.00337544535452583,0.008085022886643863,2053901.674835485,0.005205648014240172,0.007381752213965913,0.0
2020-03-05,2041800.4430103467,0.003260472989590868,0.00912233165298236,2157833.668780476,0.0032643008735628865,0.008058716810320138,2064055.774835485,0.004943810175729757,0.007345437764003045,0.0
2020-03-06,2039221.2716103469,-0.0012631848566930781,0.00913386941851484,2155121.038940476,-0.0012571079408234542,0.008068860238599476,2056273.695635485,-0.003770285326044731,0.007373236971160863,0.0
2020-03-09,2040437.5300103468,0.0005964327740850539,0.009128424926712774,2156452.3059804756,0.0006177226317898299,0.008063878998042371,2048242.7108354848,-0.0039056010963162135,0.007402146803833006,0.0
2020-03-10,2037972.7660103466,-0.0012079585695464745,0.009139465021806936,2153818.8275804757,-0.0012212087383970394,0.008073738718316714,2050317.718835485,0.0010130674402124562,0.007394655519095023,0.0
2020-03-11,2034786.3710103466,-0.0015635120611733333,0.00915377706264968,2150450.825580476,-0.0015637350536968908,0.00808638367993467,2044419.558835485,-0.0028767053739114923,0.007415989134892237,0.0
2020-03-12,2030931.2530103468,-0.0018946057703765895,0.009171152781630764,2146382.2647804758,-0.001891957142940881,0.008101711771390602,2036122.854835485,-0.004058219832687282,0.007446207481773073,0.0
2020-03-13,2016632.0058103467,-0.007040734234014634,0.009236182286446546,2131238.5204604757,-0.007055474026453901,0.008159279354954061,2017321.693235485,-0.009233805099407522,0.007515605114605449,0.0
2020-03-16,2007512.2934103466,-0.004522249162824066,0.009278140348871797,2121599.1710204757,-0.004522886268927495,0.008196350516158914,2000992.466035485,-0.008094508305123371,0.00757693669158286,0.0
2020-03-17,2003810.4990103468,-0.0018439709744996202,0.009295280576454608,2117672.6823804756,-0.0018507212359587522,0.00821154780205627,1997384.642835485,-0.0018030168834908267,0.007590622712489688,0.0
2020-03-18,1998130.7400103468,-0.0028344791100781697,0.009321702748164639,2111671.201980476,-0.0028339981196968678,0.008234885451942996,1986862.490835485,-0.005267964804747227,0.007630821612173926,0.0
2020-03-19,1989088.9928103467,-0.004525102896897115,0.009364076156306307,2102104.157660476,-0.0045305558512268584,0.008272363858425261,1973045.129235485,-0.006954362299219641,0.007684260745399102,0.0
2020-03-20,1996233.5686103466,0.0035918834329808913,0.009330561865720422,2109654.5721404757,0.0035918365188920554,0.008242757222018853,1985754.411635485,0.0064414555002725304,0.007635079719147182,0.0
2020-03-23,1990444.4152103467,-0.00290003809726036,0.00935769955092081,2103554.603100476,-0.0028914539472738587,0.00826665988838389,1971182.436435485,-0.007338256490639461,0.007691522080980836,0.0
2020-03-24,2000882.0450103467,0.005243869017511393,0.009308884977400242,2114593.2999804756,0.005247639811074789,0.008223505891481147,1988373.730835485,0.008721310662186621,0.007625021896217944,0.0
2020-03-25,2008913.8332103468,0.004014123781074019,0.009271667356972412,2123083.063900476,0.004014844802581408,0.008190621816053055,2002499.740435485,0.00710430306985832,0.007571233558406344,0.0
2020-03-26,2007523.2096103467,-0.0006922266037552305,0.009278089897631585,2121618.591740476,-0.0006897856164466143,0.008196275488993796,1998832.759635485,-0.0018312016356130112,0.007585123448872245,0.0
2020-03-27,2010612.2208103468,0.0015387175526602181,0.009263835471386806,2124884.214460476,0.001539212906934928,0.008183679064551426,2003991.5132354852,0.0025808830554392426,0.007565597526412055,0.0
2020-03-30,2008062.4444103467,-0.0012681592072351089,0.009275598406909145,2122190.0866204756,-0.0012678939500165853,0.008194068274142234,1999297.094035485,-0.002342534471326596,0.007583361812867238,0.0
2020-03-31,2007650.5264103469,-0.0002051320670561907,0.009277501519973053,2121758.1258204756,-0.00020354482038309474,0.00819573647385071,1997705.790035485,-0.0007959317325810789,0.007589402459115777,0.0
2020-04-01,2021194.1357041472,-0.003215893713206963,0.006377180873650402,2141089.994820476,-0.0003148949882029184,1.4151792100890813e-05,2015585.4424854852,-0.0010613913022508026,2.815543528393498e-05,20000.0
2020-04-02,2032256.3705441467,0.005473118412816724,0.006342467796371384,2152769.254244476,0.005454819485520623,0.00034156431908632907,2022630.5926854853,0.003495336913781344,1.9474779837499196e-05,0.0
2020-04-03,2029341.5763841467,-0.0014342649885357162,0.006351577641804991,2149656.3725644764,-0.0014459894732620215,0.00034205893270225176,2020772.9422854853,-0.0009184328600179148,1.949268255769008e-05,0.0
2020-04-07,2047279.511224147,0.008839288096566644,0.006295926136846699,2168825.357884476,0.008917232337525505,0.0003390356728368562,2034683.951885485,0.006884004288114864,1.935941228053549e-05,0.0
2020-04-08,2045046.2899441468,-0.0010908238312143936,0.006302801382798466,2166454.040444476,-0.0010933648628642656,0.0003394067682715026,2034262.6286854853,-0.00020707058686397772,1.936342187566698e-05,0.0
2020-04-09,2047712.9338241466,0.001303952821563037,0.006294593529804685,2169292.237684476,0.0013100657512299385,0.00033896270484094624,2035461.995885485,0.0005895832637767828,1.9352012253122132e-05,0.0
2020-04-10,2042325.930624147,-0.0026307414047238575,0.006311196656161403,2163535.1440844764,-0.0026539041167384925,0.0003398646730960097,2031441.9878854852,-0.0019749855355324364,1.9390307830617122e-05,0.0
2020-04-13,2042661.2048241468,0.00016416292569787494,0.006310160761709137,2163897.470684476,0.0001674697085418675,0.00033980776558854636,2032077.6358854852,0.0003129048251393485,1.9384242407636105e-05,0.0
2020-04-14,2051690.374504147,0.004420297237092585,0.006282390727334763,2173530.441324476,0.0044516760939476985,0.0003383017557499338,2037802.8550854851,0.002817421489659244,1.932978226369593e-05,0.0
2020-04-15,2046096.2396641471,-0.002726597984528678,0.006299567114332104,2167569.1560044764,-0.002742673949561625,0.0003392321589551537,2034823.1454854852,-0.0014622168148228365,1.9358087985451075e-05,0.0
2020-04-16,2045180.1790241469,-0.0004477114136872684,0.00630238876571601,2166608.997284476,-0.00044296566840340557,0.00033938249374834136,2035678.6838854852,0.0004204485298380245,1.9349952326442986e-05,0.0
2020-04-17,2050927.5790241468,0.002810216947605193,0.006284727318494499,2172736.497284476,0.0028281521989799163,0.0003384253752790552,2038965.7838854853,0.0016147440291147674,1.931875747815522e-05,0.0
2020-04-20,2053798.9274241468,0.0014000242765110915,0.0062759408489480245,2175779.450484476,0.0014005164472556952,0.0003379520678496477,2039212.1798854852,0.00012084361687048073,1.9316423211709315e-05,0.0
2020-04-21,2043683.945504147,-0.0049250108104232915,0.00630700290644363,2164984.174324476,-0.004961567293778835,0.0003396372006762737,2032615.1950854852,-0.0032350654164738923,1.9379115919422077e-05,0.0
2020-04-22,2044737.1545441467,0.0005153482965487566,0.006303754277414903,2166124.086244476,0.0005265220566130768,0.0003394584683054068,2034661.652685485,0.0010068101453475364,1.9359624453112563e-05,0.0
2020-04-23,2046713.0242241467,0.0009663196443654432,0.0062976687164205195,2168264.256884476,0.0009880184859172303,0.0003391234081091877,2038548.2718854852,0.0019102041830247884,1.9322714123765953e-05,0.0
2020-04-24,2039620.577144147,-0.0034652865331173954,0.0063195678297159556,2160710.266044476,-0.003483888467937124,0.00034030900673328094,2035224.5966854852,-0.0016304128020112607,1.935426957265078e-05,0.0
2020-04-27,2048696.0165041466,0.0044495723673796395,0.006291573020257665,2170393.0073244763,0.004481277028282937,0.0003387907913426434,2041030.8350854851,0.002852873540077905,1.929921136320831e-05,0.0
2020-04-28,2050201.8558641472,0.0007350233259935113,0.006286951963914787,2172007.1486044764,0.0007437092151296731,0.00033853901675620087,2042638.8734854853,0.0007878560050920136,1.9284018333561906e-05,0.0
2020-04-29,2069877.802944147,0.009597077977332447,0.006227189144119079,2193012.039444476,0.009670728226421899,0.0003352964558563318,2056025.2486854852,0.006553471283525347,1.915846389061828e-05,0.0
2020-04-30,2080257.4603841472,0.0050146232909191735,0.006196117946750024,2204072.6045644763,0.005043549657302471,0.0003336138577981625,2061659.6022854852,0.002740410704393126,1.910610531509354e-05,0.0
2020-05-06,2096865.015555847,-0.0016307812340082828,0.010598519461662086,2221080.3742544763,-0.0013575915347812106,0.004175662313701301,2078827.5419354853,-0.0013736798969433694,0.004126635116397438,20000.0
2020-05-07,2092516.976835847,-0.0020735901871334894,0.010620542113570823,2212277.508366396,-0.003963326131786182,0.003422114421796221,2074975.267513245,-0.001853099569122274,0.004091405756088584,0.0
2020-05-08,2092524.478435847,3.584964940905877e-06,0.010620504039436188,2212296.224366396,8.460059793158337e-06,0.003422085470748521,2076936.890113245,0.0009453715572960153,0.004087541510605191,0.0
2020-05-11,2090648.9993958469,-0.0008962757947769129,0.010630031479348845,2210319.653966396,-0.0008934474408218707,0.003425145658371435,2077599.003673245,0.0003187932975488028,0.004086238845049206,0.0
2020-05-12,2090336.474115847,-0.00014948720712570918,0.010631620770645068,2209976.5411663963,-0.0001552322078772761,0.0034256774338429657,2074689.7565932448,-0.001400292874061071,0.004091968799800447,0.0
2020-05-13,2089379.354755847,-0.0004578781319906078,0.010636490987269254,2208967.027566396,-0.00045679833301193185,0.003427242992728871,2074838.465633245,7.167772411631468e-05,0.0040916755178115076,0.0
2020-05-14,2084092.481635847,-0.0025303557766884754,0.010663473368707327,2203341.056366396,-0.0025468787581669483,0.0034359940529956334,2065983.435313245,-0.004267816732083429,0.004109212885319165,0.0
2020-05-15,2084730.216035847,0.0003060010079301012,0.01066021133329459,2204013.2003663965,0.0003050567219533562,0.0034349461995679073,2065542.4837132453,-0.0002134342378853349,0.004110090119271412,0.0
2020-05-18,2082504.7294758467,-0.0010675177741857889,0.010671603459666846,2201661.714766396,-0.0010669108513549075,0.003438614895113134,2065252.118553245,-0.00014057573847536808,0.004110667979458252,0.0
2020-05-19,2084871.469795847,0.0011364873685526522,0.010659489084966558,2204176.057966396,0.001142020676081268,0.0034346924053702214,2068287.023073245,0.0014695080047302245,0.004104636183729755,0.0
2020-05-20,2084732.036995847,-6.687836733343389e-05,0.010660202021873226,2204020.6299663964,-7.051523830781115e-05,0.0034349346206035652,2066520.197273245,-0.0008542459437639316,0.004108145550402578,0.0
2020-05-21,2085175.090755847,0.00021252312150310537,0.010657936963840885,2204490.6875663963,0.00021327277685556645,0.0034342021987643512,2066900.7366332451,0.00018414499916441507,0.004107389195222656,0.0
2020-05-22,2082105.7385958468,-0.0014719877355180433,0.010673648443442865,2201205.345966396,-0.001490295068393821,0.0034393278120412258,2057663.2198732449,-0.0044692599873215055,0.004125828595880773,0.0
2020-05-25,2080652.319235847,-0.0006980526171451729,0.010681104416334688,2199671.232366396,-0.0006969425196113876,0.003441726497578261,2057709.628913245,2.255424481112378e-05,0.004125735543031309,0.0
2020-05-26,2078692.019235847,-0.0009421564486660206,0.010691177177856637,2197599.232366396,-0.0009419589480065271,0.0034449715193265187,2057322.0289132448,-0.00018836476952521775,0.004126512832669978,0.0
2020-05-27,2079453.8729958471,0.0003665063188533768,0.010687260229451311,2198410.4899663962,0.000369156299315998,0.0034437002556841766,2058635.5682732451,0.0006384704686674958,0.004123879857164846,0.0
2020-05-28,2084013.346115847,0.0021926300838936985,0.010663878289103644,2203252.4611663963,0.0022024873071244677,0.003436132218088236,2064233.798593245,0.0027193887088503566,0.004112695838538588,0.0
2020-05-29,2080261.374595847,-0.0018003586814799855,0.010683111722037635,2199272.605966396,-0.0018063545917443857,0.0034423503234013047,2060306.490873245,-0.0019025498578099098,0.004120535362506625,0.0
2020-06-01,2102091.3537015268,0.0008796871047203059,0.004139629843490902,2223038.098866396,0.0017121537774738016,0.0022504285774261595,2088972.598693245,0.004206222646188307,0.0004934690162475024,20000.0
2020-06-02,2099735.4209015267,-0.001120756619759411,0.004144274566645571,2220571.5450898358,-0.0011095418372802923,0.010434695203166096,2089188.9710732452,0.00010357837155705596,0.006494181206726979,0.0
2020-06-03,2098016.897701527,-0.000818447497190844,0.004147669216134691,2218752.7257298357,-0.0008190771263469898,0.010443249029570962,2088463.649793245,-0.0003471783979539511,0.00649643662918831,0.0
2020-06-04,2094946.145701527,-0.0014636450275324897,0.004153748829955274,2215496.326129836,-0.0014676712561236815,0.010458598814430231,2087670.1239932452,-0.00037995672085466836,0.006498905932175443,0.0
2020-06-05,2092701.728101527,-0.0010713485903229847,0.004158203715644305,2213149.867649836,-0.0010591118804060828,0.01046968738472353,2084469.2859532451,-0.001533210636686988,0.006508885424541326,0.0
2020-06-08,2099105.066501527,0.003059842840483995,0.004145519078771038,2219867.107969836,0.0030351493218725434,0.010438006476444845,2091816.025313245,0.003524513126438311,0.006486025343081225,0.0
2020-06-09,2100513.5857015266,0.0006710093851314269,0.0041427392618461865,2221325.6281298357,0.0006570303937398769,0.010431152891953083,2094913.294993245,0.0014806606520458843,0.006476435939220526,0.0
2020-06-10,2100161.5377015267,-0.00016760091550771516,0.004143433705128511,2220954.3277298356,-0.00016715262062350078,0.010432896777990218,2094665.620793245,-0.00011822646817505333,0.006477201715903055,0.0
2020-06-11,2102013.124101527,0.0008816399913822437,0.00413978390608123,2222968.0684498358,0.0009067006443390646,0.010423445832937262,2091235.634353245,-0.0016374863873027667,0.006487825441747112,0.0
2020-06-12,2103765.358501527,0.00083359822063378,0.004136335863865168,2224805.4095698358,0.0008265260963831178,0.010414837697790445,2093304.5221132447,0.0009893135551124477,0.006481413291721326,0.0
2020-06-15,2103863.3545015273,4.658124044309986e-05,0.004136143197184393,2224963.510369836,7.106275421664421e-05,0.010414097643329227,2089113.2705132451,-0.002002217811944762,0.0064944165281722215,0.0
2020-06-16,2098644.096901527,-0.002480796858233547,0.004146429646825123,2219391.1498898356,-0.002504472749341402,0.010440244952308735,2090689.6614732451,0.0007545741929122496,0.006489519704079127,0.0
2020-06-17,2099256.916101527,0.00029200720641697764,0.004145219212942766,2220010.170049836,0.00027891440408378543,0.010437333829563439,2093246.731153245,0.0012230747236765538,0.006481592232450438,0.0
2020-06-18,2098945.602501527,-0.0001482970462606259,0.004145834027883388,2219654.0107698357,-0.0001604313731554674,0.010439008574043354,2095188.544713245,0.0009276563202513799,0.00647558511499119,0.0
2020-06-19,2100447.939301527,0.0007157578539480625,0.00414286873704697,2221217.489409836,0.0007043794359005151,0.010431660726745144,2097889.052433245,0.0012889091661054675,0.006467249417936922,0.0
2020-06-22,2098149.673701527,-0.0010941787972923445,0.004147406741567341,2218836.3305298355,-0.0010720061819039506,0.010442855532432642,2092932.940193245,-0.0023624281914487177,0.006482564009906796,0.0
2020-06-23,2090876.502501527,-0.0034664691900501143,0.004161833609548957,2211184.710769836,-0.003448483177744155,0.010478992160618246,2086290.3447132448,-0.0031738214600353087,0.006503204018379317,0.0
2020-06-24,2098237.357701527,0.00352046387780125,0.0041472334240866505,2218922.3337298357,0.003499310990308979,0.010442450777845572,2093489.333793245,0.003450617071704798,0.006480841117380677,0.0
2020-06-29,2096728.8233015272,-0.0007189531701276008,0.004150217235925137,2217364.092609836,-0.0007022513119603335,0.010449789155990074,2089875.846033245,-0.0017260597900695673,0.006492046778279917,0.0
2020-06-30,2099187.4713015268,0.0011726113423329299,0.0041453563440580835,2219897.493009836,0.001142527926939696,0.010437863605323405,2096256.320233245,0.003053039831103055,0.0064722866294020355,0.0
2020-07-01,2130429.7037015273,0.005355516147888428,0.0029997376071237746,2251588.609529836,0.005266511880307023,0.0043099624011077335,2137325.7660932452,0.010050987399125022,0.002208814270682959,20000.0
2020-07-02,2142733.546101527,0.005775286731414919,0.00298251274086518,2264401.849049836,0.005690755169824424,0.004285574247304221,2159680.961510545,0.010459423533812684,0.001102373337995239,0.0
2020-07-03,2147032.218901527,0.0020061630191123836,0.0029765413137566614,2268832.9304898363,0.0019568441183970275,0.004277204424982013,2169840.3429505453,0.00470411214483013,0.0010972119300297338,0.0
2020-07-06,2161827.778901527,0.006891168129544711,0.0029561698502987613,2283908.028489836,0.00664442841842261,0.00424897243180702,2214150.7409505453,0.020421040720326467,0.0010752541218232818,0.0
2020-07-07,2155897.4493015273,-0.0027432016823343286,0.0029643015272352194,2277624.7724098363,-0.0027510985563434787,0.004260694020977152,2208912.384870545,-0.0023658534096695494,0.0010778040482056848,0.0
2020-07-08,2152991.5797015275,-0.0013478700487081774,0.002968302413153417,2274509.814329836,-0.0013676344399364826,0.004266529073076482,2208234.326790545,-0.00030696467847435294,0.0010781349975685654,0.0
2020-07-09,2154480.037301527,0.0006913439021465351,0.0029662517131193206,2276002.774809836,0.0006563877942376006,0.0042637304124758125,2213912.387270545,0.0025713124785322616,0.00107536988556278,0.0
2020-07-10,2148379.026901527,-0.002831778570406951,0.002974675334986854,2269748.2388898362,-0.0027480352788771256,0.004275479581199067,2197574.7513505453,-0.0073795313734803525,0.0010833646086814632,0.0
2020-07-13,2156890.992501527,0.003962040912434572,0.0029629360610918805,2278530.9977698363,0.0038694859321912745,0.004258999442770058,2217321.0102305454,0.00898547768073188,0.0010737167507818845,0.0
2020-07-14,2159714.043701527,0.001308852051315812,0.0029590630853027094,2281585.621529836,0.001340611017796034,0.0042532974253796305,2216382.1339905453,-0.00042342819811302945,0.0010741715853207212,0.0
2020-07-15,2159777.737301527,2.9491682098203853e-05,0.002958975820128486,2281763.8848098363,7.813131285439034e-05,0.004252965135630059,2210585.197270545,-0.0026154951490982015,0.00107698844336999,0.0
2020-07-16,2157063.516501527,-0.0012567130187162157,0.002962699082636173,2279017.5029698364,-0.001203622275855576,0.004258090267929142,2201501.5154305454,-0.004109175186378544,0.001081432237887668,0.0
2020-07-17,2152012.895701527,-0.0023414335096590966,0.0029696523261045515,2273690.321129836,-0.0023374905339946794,0.004268066833751493,2195888.6335905455,-0.0025495698279827117,0.0010841964725015632,0.0
2020-07-20,2167407.0405015275,0.007153370145108751,0.002948560183715306,2289637.098169836,0.007013609941425969,0.004238340764828144,2228333.2106305454,0.014775146855671384,0.0010684105497271953,0.0
2020-07-21,2167147.1461015274,-0.00011991028687441396,0.00294891378881369,2289384.359049836,-0.00011038392075413128,0.004238808661147488,2226907.771510545,-0.0006396884959574134,0.0010690944371397257,0.0
2020-07-22,2174992.7117015272,0.003620227456226699,0.002938276559339582,2297717.517929836,0.003639912558613956,0.004223435724413696,2232676.430390545,0.0025904345720106914,0.001066332173412471,0.0
2020-07-23,2172652.374901527,-0.0010760205252224875,0.00294144161088664,2295325.5392898363,-0.001041023807902608,0.004227837003390156,2226034.6517505455,-0.0029748057307336095,0.0010695137691018937,0.0
2020-07-24,2161211.434746327,-0.0052658861985313,0.015615999676722232,2284168.700569836,-0.004860678160472309,0.004248487533961522,2201768.8130305456,-0.010900925868749356,0.0010813009506062607,0.0
2020-07-27,2158773.862586327,-0.0011278730626770317,0.015633632429611386,2281772.420729836,-0.001049081812303121,0.0042529492256427924,2196379.433190545,-0.002447750103509949,0.0010839541996105575,0.0
2020-07-28,2158765.798666327,-3.735416728822827e-06,0.01563369082796164,2280982.760649836,-0.0003460731108965165,0.004254421566549394,2199290.9731105454,0.0013256088069313332,0.0010825192026218896,0.0
2020-07-29,2162667.275946327,0.0018072721378161738,0.015605487465268617,2284621.3993698363,0.0015952065849738073,0.004247645694167422,2208876.3118305453,0.004358376784697526,0.001077821649765507,0.0
2020-07-30,2164425.5904263267,0.0008130305107754143,0.01559281003496147,2285816.9408898363,0.0005232996243182964,0.004245424065348953,2214387.153350545,0.0024948619759668222,0.0010751393255433424,0.0
2020-07-31,2164179.101786327,-0.00011388178050097952,0.015594585974178385,2284471.4215298365,-0.0005886382832896997,0.004247924556367357,2217813.033990545,0.0015471010273955255,0.0010734785457822756,0.0
2020-08-03,2194835.336775527,0.004923915483891372,0.003303235196758898,2317187.504889836,0.005566313169934167,0.0032883076720190982,2260979.417350545,0.010445597985469623,0.00013097771181489655,20000.0
2020-08-04,2196055.8186155274,0.00055606988804624,0.0033013993879708334,2318400.3754807957,0.0005234235850142266,0.0069502259796064845,2262974.711241505,0.0008824909575242401,0.0072649695110758306,0.0
2020-08-05,2195401.798455527,-0.00029781581800258916,0.0033023828898325266,2317781.954360796,-0.00026674474630872247,0.00695208041053191,2259414.790121505,-0.0015731157322774747,0.007276416155805126,0.0
2020-08-06,2195103.7399755274,-0.00013576488832678368,0.00330283129835491,2317492.655000796,-0.00012481733212899027,0.006952948258984027,2258078.2907615053,-0.0005915245690357729,0.00728072288227033,0.0
2020-08-07,2194408.2601355272,-0.0003168323334039602,0.0033038780737542997,2316726.476120796,-0.0003306068212758362,0.006955247711321054,2258752.911881505,0.0002987589592264861,0.007278548350740383,0.0
2020-08-10,2199090.820615527,0.0021338602141931506,0.0032968430714916054,2321580.739480796,0.00209531138441843,0.006940704773593056,2266705.375241505,0.0035207318685317457,0.007253012438704579,0.0
2020-08-11,2196220.381095527,-0.001305284662684647,0.0033011520145854343,2318582.202840796,-0.0012915926588321636,0.006949680930464069,2262759.638601505,-0.00174073643760575,0.007265660037875765,0.0
2020-08-12,2191926.1210155273,-0.0019552956146676737,0.003307619388270309,2314101.8922807956,-0.0019323492410625587,0.00696313614130213,2256637.5280415053,-0.0027055947328915586,0.007285371300092455,0.0
2020-08-13,2198675.7419755273,0.0030793104271564786,0.0032974654684700603,2321148.619000796,0.0030451237879829396,0.006941996901401568,2266056.754761505,0.004174009606307649,0.0072550884910362575,0.0
2020-08-14,2201375.421415527,0.0012278661143430014,0.0032934215877022752,2323937.8450807957,0.0012016576867017736,0.006933665009545832,2271041.280841505,0.0021996475019994133,0.007239164880091202,0.0
2020-08-17,2213013.461735527,0.005286713118890285,0.0032761017774565757,2335935.887320796,0.005162806856214841,0.006898051700929747,2293563.1230815053,0.009916967353255313,0.007168079271965574,0.0
2020-08-18,2213720.062535527,0.00031929349378923,0.003275056073360557,2336675.392920796,0.0003165778667186814,0.006895868621552364,2294465.828681505,0.0003935821913576554,0.007165259153566268,0.0
2020-08-19,2209706.9032555274,-0.0018128576182316891,0.003281004066578102,2332483.187960796,-0.0017940895738879359,0.006908262663570756,2288946.723721505,-0.0024053986296109775,0.00718253601585594,0.0
2020-08-20,2202275.3447755273,-0.00336314217467093,0.0032920757854945117,2324748.488600796,-0.0033160793612244666,0.0069312472294558985,2277555.324361505,-0.004976699213636304,0.007218460120662104,0.0
2020-08-21,2202170.925415527,-4.741430731991514e-05,0.003292231884388846,2324655.973080796,-3.979592650715791e-05,0.006931523075838807,2276722.308841505,-0.0003657498507674273,0.0072211012373620456,0.0
2020-08-24,2204532.665335527,0.0010724598589251233,0.003288704880416748,2327076.862520796,0.0010413968638942617,0.006924312118913545,2281866.598281505,0.002259515541277235,0.007204821830463979,0.0
2020-08-25,2199316.745975527,-0.0023659977654294506,0.0032965044024667127,2321599.347000796,-0.0023538180488230642,0.0069406491441395685,2275885.482761505,-0.002621150388241067,0.00722375638231003,0.0
2020-08-26,2192300.3870955273,-0.0031902448307360443,0.0033070547166815676,2314333.6948407963,-0.0031295891642052487,0.006962438716904436,2263616.6306015053,-0.005390803822481027,0.007262909301535078,0.0
2020-08-27,2192477.846775527,8.094679043280095e-05,0.0033067870428838014,2314541.052600796,8.959717453960181e-05,0.006961814957954535,2262960.488361505,-0.00028986456060187127,0.007265015171965666,0.0
2020-08-28,2194865.2661355273,0.0010889137892595713,0.003303190153577025,2316876.768120796,0.0010091484518606197,0.006954796535797429,2272753.703881505,0.004327612245272006,0.007233710477922655,0.0
2020-08-31,2193278.667335527,-0.0007228684259028562,0.0033055796527372955,2315277.226520796,-0.0006903869994334677,0.006959601354093535,2268180.662281505,-0.0020121149036915753,0.00724829488007721,0.0
2020-09-01,2215922.228455527,0.0012053010679267118,0.0023823387245889708,2338144.3909607963,0.0012383676594569515,0.005874497389424208,2287373.451558045,-0.0003558846686612105,9.728879399436707e-07,20000.0
2020-09-02,2212201.409895527,-0.0016791286770896363,0.0023863457060975288,2334261.4810407963,-0.0016606801252356806,0.005884269278466493,2282061.012486245,-0.0023225062213525494,0.010384978506961812,0.0
2020-09-03,2214005.389335527,0.000815467991264418,0.002384401303156475,2336226.707120796,0.0008419048576870924,0.005879319450860919,2280977.038566245,-0.0004749977822980922,0.01038991369292422,0.0
2020-09-04,2212327.449815527,-0.0007578750838107551,0.002386209752072317,2334509.670480796,-0.0007349614807358185,0.005883643702348519,2277087.2019262454,-0.0017053379206504182,0.010407662274065506,0.0
2020-09-07,2201648.181983687,-0.004827164185270405,0.005906711385635683,2326908.902800796,-0.0032558304538676808,0.005902862421585709,2265780.634246245,-0.004965364378858972,0.010459597989338956,0.0
2020-09-08,2208768.353183687,0.0032340186130850324,0.005887670549490917,2333274.5605607964,0.002735671238499382,0.005886758186526827,2272748.292006245,0.003075168731997646,0.010427531570302044,0.0
2020-09-09,2201244.7391836876,-0.003406248549855939,0.005907793964114028,2330668.213360796,-0.0011170340790814803,0.005893341249542222,2262737.344806245,-0.00440477603050482,0.010473665722025944,0.0
2020-09-10,2199444.782783687,-0.0008176993534431132,0.005912628716792898,2330049.550640796,-0.0002654443547365215,0.005894906019066685,2260377.082086245,-0.0010431006167894719,0.010484602217065358,0.0
2020-09-11,2193642.1835836875,-0.002638210900050675,0.0059282687400012,2323145.4984807963,-0.0029630495017158864,0.005912424826502787,2255837.629926245,-0.0020082720692824463,0.01050570052199192,0.0
2020-09-14,2189669.112783687,-0.001811175418549693,0.005939025356737466,2318419.714640796,-0.0020342177634119496,0.00592447650184175,2252733.046086245,-0.0013762443709662842,0.010520178858928078,0.0
2020-09-15,2196496.6271836874,0.0031180575915055186,0.0059205646950440845,2325048.2357607963,0.002859068648416452,0.005907586307043468,2259095.567206245,0.0028243564549530475,0.010490549806865052,0.0
2020-09-16,2198401.7415836873,0.0008673422833536115,0.005915433989021019,2326413.356880796,0.0005871366877483464,0.005904119781710764,2261187.2883262453,0.000925910860241741,0.010480845478212259,0.0
2020-09-17,2199844.213183687,0.000656145586457102,0.005911555148201429,2326925.0885607963,0.0002199659310271329,0.005902821362114161,2263111.620006245,0.0008510271086055177,0.010471933578857135,0.0
2020-09-18,2215097.884783687,0.006933978101078431,0.005870846824882905,2336031.0202407963,0.0039132895703282156,0.0058798119553139395,2280991.3516862453,0.00790050809776277,0.01038984849667463,0.0
2020-09-21,2215359.528383687,0.00011811830158725556,0.00587015345232706,2339384.457520796,0.0014355277181439252,0.005871383421668284,2279282.388966245,-0.0007492192895588445,0.01039763860808567,0.0
2020-09-22,2207313.215583687,-0.0036320573238378673,0.005891551906578117,2335873.7320807963,-0.0015007047810005059,0.00588020787774369,2269107.6635262454,-0.0044640038852817865,0.010444261833489265,0.0
2020-09-23,2203793.673183687,-0.0015944916086906291,0.005900960939279009,2332291.2165607964,-0.001533693996724983,0.005889240170037749,2265963.348006245,-0.001385705742632748,0.010458754589785117,0.0
2020-09-24,2194265.044383687,-0.004323739066840471,0.005926585950486113,2326376.5743207964,-0.0025359792970972572,0.0059042131323069295,2254933.105766245,-0.004867793757434402,0.010509914686889124,0.0
2020-09-25,2189231.245183687,-0.002294070724447761,0.005940213219730475,2322508.8221607963,-0.0016625649530233044,0.005914045617280801,2249635.953606245,-0.002349139380877552,0.01053466207643712,0.0
2020-09-28,2193736.259983687,0.002057806734629297,0.005928014511545635,2326072.617200796,0.0015344592046302452,0.005904984659217264,2254379.948646245,0.002108783437780204,0.010512493504245594,0.0
2020-09-29,2191309.1751836874,-0.0011063703710754158,0.0059345803554156345,2323498.086160796,-0.0011068145598558399,0.005911527624062567,2252312.217606245,-0.0009172060997267861,0.010522144479344256,0.0
2020-09-30,2185299.7215836872,-0.0027424033395453407,0.005950900123788412,2318819.340880796,-0.0020136643571466717,0.005923455475224171,2246173.272326245,-0.002725619135753976,0.010550902220335471,0.0
2020-10-09,2214346.665125607,0.004139909712413958,0.007689553344910152,2342973.063860796,0.0017913094421673215,4.319913974139711e-05,2276777.6021562447,0.0047210649154494355,3.2349543572205223e-05,20000.0
2020-10-12,2229761.451685607,0.006961324892245546,0.007636393925787573,2357155.8868210358,0.006053344436179442,0.004155594526353795,2287332.017068925,0.0046356811059122816,0.002817572499677456,0.0
2020-10-13,2232600.2750056074,0.0012731511336578905,0.007626684004401319,2360152.984901036,0.0012714891266873973,0.004150317442852906,2289704.087988925,0.0010370470497063078,0.0028146535714951913,0.0
2020-10-14,2227967.008605607,-0.0020752780745710853,0.007642544409247766,2355265.823301036,-0.0020706969553523358,0.004158929325144007,2285886.369588925,-0.0016673413914167767,0.0028193543977796825,0.0
2020-10-15,2226778.785285607,-0.0005333217751476438,0.007646622519543773,2354014.325221036,-0.0005313617119641068,0.0041611403958284575,2284814.398668925,-0.00046895197165597313,0.00282067715989522,0.0
2020-10-16,2233952.178965607,0.0032214217808259615,0.007622068621670972,2361586.775141036,0.003216824060443546,0.004147797660516257,2291021.954748925,0.002716875420435194,0.0028130344956172415,0.0
2020-10-19,2231620.045765607,-0.001043949473027661,0.007630033991635723,2359128.494341036,-0.001040944514881681,0.0041521197868334934,2289882.945548925,-0.0004971620623882567,0.002814433725292563,0.0
2020-10-20,2230355.829165607,-0.0005665017225484625,0.007634358869085613,2357795.703941036,-0.0005649503209328444,0.0041544668542160875,2288411.190948925,-0.0006427204512182705,0.0028162437827673635,0.0
2020-10-21,2232928.259205607,0.0011533720343459564,0.00762556375710205,2360509.909701036,0.0011511623994662212,0.004149689887248442,2290475.778188925,0.0009021924242311741,0.002813705279180468,0.0
2020-10-22,2229105.6358856075,-0.0017119328864420025,0.007638640597148019,2356478.611621036,-0.0017078081576493709,0.00415678888521624,2287900.007268925,-0.0011245571529405751,0.002816873013877149,0.0
2020-10-23,2224725.2125656074,-0.00196510351482726,0.007653680872331604,2351856.913541036,-0.0019612730865486983,0.004164957504275996,2284356.8363489253,-0.0015486563699212974,0.002821242148501516,0.0
2020-10-26,2219778.1493256073,-0.0022236738326415484,0.0076707380919036165,2346637.326981036,-0.0022193469891590434,0.00417422155030575,2280157.939908925,-0.0018381088160951409,0.0028264374480929974,0.0
2020-10-27,2217680.9094056073,-0.0009447970828243557,0.007677992236570677,2344427.638501036,-0.0009416403866902012,0.004178155870615408,2279289.3143889247,-0.00038094971615643125,0.0028275145889730953,0.0
2020-10-28,2215189.969485607,-0.0011232183626759262,0.007686625996036447,2341800.050021036,-0.0011207803716560827,0.004182843919978621,2277329.8888689247,-0.0008596651191362659,0.0028299473960384596,0.0
2020-10-29,2225991.7362856073,0.004876225943957646,0.0076493261533934764,2353197.869221036,0.00486711886435276,0.004162584128243591,2285869.679668925,0.003749913809914185,0.0028193749828549254,0.0
2020-10-30,2209265.599925607,-0.007514015477842806,0.007707238462492068,2335553.813381036,-0.007497905752328671,0.004194030574211413,2272963.248508925,-0.005646179777785476,0.002835384071059195,0.0
2020-11-02,2240025.881295607,0.00487052411007638,0.00045066196066602415,2369894.9585610363,0.00614036169829868,0.0032758302527255982,2304198.472984885,0.004942985542476297,0.0015343759950961315,20000.0
2020-11-03,2245813.2378156073,0.002583611452137813,0.0004495006257017181,2374294.4579673163,0.0018564111419314688,0.001087998111880233,2311216.6754648853,0.0030458324498883194,0.0015297167342278831,0.0
2020-11-04,2251146.4615356075,0.0023747405306007163,0.00044843570725233744,2377539.3291273164,0.0013666675374284232,0.0010865132095477569,2317560.450744885,0.002744777392506448,0.0015255294953574244,0.0
2020-11-05,2258852.024775607,0.003422950648330314,0.00044690597017199454,2382000.718847316,0.0018764735730523174,0.0010844782148370642,2326714.5705048847,0.003949894708057178,0.0015195275216409476,0.0
2020-11-06,2261790.318455607,0.0013007906882664955,0.0004463253942552105,2383680.499887316,0.0007051975369734009,0.001083713982405888,2330265.082824885,0.0015259767420590098,0.001517212290972158,0.0
2020-11-09,2270573.474975607,0.0038832762030731605,0.0004445988939504202,2387521.969447316,0.0016115706614967529,0.0010819703107963982,2341510.885304885,0.0048259756209225735,0.0015099254276688173,0.0
2020-11-10,2269721.491975607,-0.0003752281128048818,0.00044476578257565626,2386851.7204473163,-0.00028072998220618484,0.0010822741375957877,2340686.543304885,-0.0003520555916155521,0.0015104571925693572,0.0
2020-11-11,2273693.302255607,0.0017499108564826837,0.0004439888416814407,2389059.951287316,0.0009251646514456535,0.0010812737813147805,2345588.284024885,0.0020941465802077897,0.0015073006839966209,0.0
2020-11-12,2276831.329135607,0.0013801451923558528,0.00044337691716081967,2391259.3319273163,0.0009206050433414603,0.0010802792707698924,2349112.453144885,0.001502467054428136,0.0015050394118646783,0.0
2020-11-13,2260768.7623356073,-0.007054789959385244,0.0004465270718639995,2379618.6315273163,-0.004868020897849545,0.0010855638181224618,2331500.509944885,-0.007497275482245214,0.0015164083429553897,0.0
2020-11-16,2285786.535455607,0.011066046884933733,0.00044163986441809306,2395014.150887316,0.006469742317540383,0.0010785856469194951,2360583.440824885,0.012473911438555696,0.001497725843425267,0.0
2020-11-17,2286353.585655607,0.00024807662098114136,0.00044153033106550166,2395668.401487316,0.0002731719141439992,0.0010782910880789602,2361146.955624885,0.00023871844148959376,0.0014973683939759211,0.0
2020-11-18,2288350.962335607,0.0008736079548377074,0.00044114494333376893,2395524.831527316,-5.9928978447421066e-05,0.0010783557128352334,2364382.109944885,0.0013701622054032025,0.0014953195636248423,0.0
2020-11-19,2281892.132295607,-0.0028224822792950466,0.000442393591405986,2390956.341407316,-0.0019070936188491094,0.0010804161676141917,2357229.3469848847,-0.0030252144650879664,0.0014998569525733298,0.0
2020-11-20,2284246.552455607,0.001031784161344751,0.0004419376071825924,2391924.801887316,0.0004050515114928377,0.0010799787206010323,2360280.398824885,0.0012943381363814677,0.0014979181399995506,0.0
2020-11-23,2297652.142575607,0.00586871417430368,0.0004393591340052461,2400719.172247316,0.0036766918228621215,0.0010760225174100552,2375559.687704885,0.006473505812109037,0.0014882837266450466,0.0
2020-11-24,2292036.632695607,-0.00244402090984297,0.00044043556774224664,2397166.242607316,-0.001479943877265022,0.0010776173305804826,2369113.176584885,-0.0027136809710002208,0.0014923334435130954,0.0
2020-11-25,2282473.582895607,-0.004172293611534816,0.0004422808934886533,2391757.3932073163,-0.00225635139685465,0.001080054312637481,2357689.691384885,-0.004821840219751405,0.0014995641020122735,0.0
2020-11-26,2284101.559575607,0.0007132510501761669,0.0004419656610167912,2392723.523247316,0.00040394148785471984,0.0010796182100513978,2359659.145704885,0.0008353322861767154,0.0014983125131952189,0.0
2020-11-27,2288344.779735607,0.0018577195668953994,0.0004411461352095521,2394994.8837273163,0.0009492782839020109,0.001078594323882596,2364831.497544885,0.002191991097279855,0.0014950354088888165,0.0
2020-11-30,2295969.083295607,0.0033317984368075315,0.00043968120605452596,2400619.6944073164,0.002348568975331755,0.001076067106061924,2373215.720984885,0.0035453787928247937,0.0014897536678283648,0.0
2020-12-01,2312412.4414545074,-0.001549080894414523,0.010620733868331622,2417294.904167316,-0.0013849716586705751,0.0010146745782186816,2387727.698364885,-0.0023124836783579017,0.0006650417155911809,20000.0
2020-12-02,2312640.5683345073,9.865319694291053e-05,0.010619686202337233,2417409.202254956,4.7283468576075904e-05,0.004310188877099027,2389028.084224885,0.0005446122943124632,0.0063927627832136985,0.0
2020-12-03,2307334.162014507,-0.002294522716870584,0.010644109353048657,2411828.2240549563,-0.002308660939485896,0.004320162667902638,2378168.6903848853,-0.0045455279122526004,0.0064219539541635505,0.0
2020-12-04,2311502.502734507,0.0018065613505935385,0.01062491479263094,2416201.546254956,0.0018132809610491574,0.004312343178120243,2380410.557024885,0.000942686130325221,0.006415905768781846,0.0
2020-12-07,2304711.5228945073,-0.0029379071975764726,0.01065622178330709,2409063.1178549565,-0.0029544010560973444,0.0043251213211191065,2368163.4829448853,-0.005144941927709534,0.0064490859414373485,0.0
2020-12-08,2307959.682974507,0.0014093564629382715,0.010641224504777703,2412468.6536549563,0.0014136349416331573,0.004319015809457391,2369293.2459048848,0.00047706290893168024,0.006446010788779448,0.0
2020-12-09,2302710.936334507,-0.002274193383324352,0.010665479868524681,2406950.8322549565,-0.0022872095733307285,0.004328916949747005,2359691.200224885,-0.004052704618390468,0.006472240869241559,0.0
2020-12-10,2300995.896414507,-0.0007447916683498423,0.010673429349777115,2405147.7680549566,-0.0007491072006280408,0.004332162203648047,2356509.6631848854,-0.0013482853348336654,0.006480979078288179,0.0
2020-12-11,2299288.216974507,-0.0007421479728239033,0.01068135649684826,2403357.9186549564,-0.0007441744011627005,0.004335388488780493,2355719.503904885,-0.00033530916182722414,0.006483152938866108,0.0
2020-12-14,2294270.197214507,-0.0021824231181434284,0.010704718722461383,2398084.8260549563,-0.0021940521464032248,0.004344921473064423,2347470.892784885,-0.0035015251630454713,0.006505933629177778,0.0
2020-12-15,2293653.484174507,-0.00026880575825316555,0.010707596986188325,2397435.490654956,-0.00027077249017437577,0.004346098276917407,2345491.890304885,-0.0008430360035912576,0.0065114229931956535,0.0
2020-12-16,2292601.6976145073,-0.0004585638446508167,0.010712509355664316,2396329.0050549563,-0.00046152883125016864,0.004348105052760561,2343171.107584885,-0.000989465250164745,0.0065178722012437995,0.0
2020-12-17,2292729.103534507,5.557263615929564e-05,0.010711914066361336,2396465.1042549564,5.679487237064684e-05,0.004347858116713736,2345178.786624885,0.0008568213535500302,0.006512292330114797,0.0
2020-12-18,2295945.1908945073,0.0014027332557702277,0.010696909156154046,2399849.2478549564,0.001412139736143736,0.004341726991505544,2351845.298944885,0.0028426456686461155,0.006493832664817243,0.0
2020-12-21,2295322.364414507,-0.0002712723641967729,0.010699811719375622,2399195.098054956,-0.0002725795383126117,0.004342910780120923,2350310.279184885,-0.0006526873858109239,0.006498073875667958,0.0
2020-12-22,2290087.2051345073,-0.0022807947855878474,0.010724271582079255,2393681.9202549565,-0.0022979280861608053,0.0043529134622223905,2335251.745824885,-0.006407040590922453,0.006539975765863495,0.0
2020-12-23,2291239.085374507,0.0005029853175098076,0.010718880142747305,2394892.127654956,0.0005055840501442255,0.004350713810712952,2335815.534704885,0.00024142531142867796,0.00653839723127569,0.0
2020-12-24,2288157.245854507,-0.0013450536609959096,0.01073331703011329,2391650.142454956,-0.0013537082370279618,0.004356611391439073,2329610.912464885,-0.002656298045720429,0.00655581142033965,0.0
2020-12-25,2293026.259294507,0.0021279190706062767,0.010710525897799139,2396767.6568549564,0.0021397420589064353,0.00434730927094895,2337781.329744885,0.003507202527376352,0.006532899219685275,0.0
2020-12-28,2291304.239534507,-0.000750981264614814,0.01071857534706815,2394955.7642549565,-0.0007559734022685172,0.0043505982074777605,2333456.3186248853,-0.0018500494742473839,0.006545007807939298,0.0
2020-12-29,2292363.086574507,0.00046211542829199814,0.010713624415932621,2396063.7646549563,0.0004626391921458417,0.004348586380987484,2332283.679104885,-0.0005025333067693039,0.006548298546061363,0.0
2020-12-30,2294246.166414507,0.0008214579317860071,0.01070483084772433,2398042.493054956,0.0008258245999912539,0.004344998174607975,2335203.953184885,0.0012521092979222992,0.006540109614004237,0.0
2020-12-31,2294075.9835345075,-7.41781254736118e-05,0.010705624970916696,2397870.2042549565,-7.184559927475576e-05,0.0043453103660352575,2337123.046624885,0.0008218097769929766,0.006534739301356282,0.0
2021-01-04,2303809.9483407475,-0.0044750196887302085,0.01049609240474155,2414407.878454956,-0.0014439171035431908,2.3822343966568068e-05,2351506.2745448854,-0.002403284708569764,4.955148372194747e-05,20000.0
2021-01-05,2303681.4757007477,-5.5765294395215825e-05,0.010496677755066732,2415436.102848716,0.000425870211464785,0.005255267168419577,2352414.097574885,0.0003860602201350982,0.007472004522080377,0.0
2021-01-06,2317035.2770607476,0.005796722116688358,0.0104361821074308,2428429.3989287163,0.005379275429673536,0.005227148894802521,2362581.084454885,0.00432193757488597,0.007439849955008314,0.0
2021-01-07,2319012.7021807474,0.0008534290088617613,0.010427283161497162,2430063.1382887163,0.000672755551683224,0.005223634665581287,2363870.8774148854,0.0005459253730959457,0.007435790568268069,0.0
2021-01-08,2321000.304420748,0.0008570898460933396,0.01041835369633103,2431921.4730087165,0.0007647269285804281,0.005219643063972689,2365313.879334885,0.0006104402460331837,0.007431254231606592,0.0
2021-01-11,2309591.4066607477,-0.004915508945978919,0.010469818181263805,2421594.707728716,-0.00424633993926804,0.005241901961630086,2357591.181254885,-0.0032649781272038325,0.007455596591402778,0.0
2021-01-12,2311834.5169807477,0.0009712152173457778,0.010459659600691356,2423851.8426887165,0.0009320861797379454,0.005237020607099206,2359449.175814885,0.0007880902230941178,0.007449725535543481,0.0
2021-01-13,2311001.6237007477,-0.0003602737453231031,0.01046342929955403,2424373.3468487165,0.00021515513069547687,0.005235894077624628,2360307.1815748853,0.000363646637865811,0.007447017452684685,0.0
2021-01-14,2308845.6407407476,-0.0009329214388641427,0.010473199972341739,2423218.385968716,-0.00047639563498003135,0.005238389623575623,2359744.881894885,-0.00023823156764912756,0.007448791990077574,0.0
2021-01-15,2319070.016980747,0.004428349847034108,0.010427025455759704,2433092.142688716,0.00407464584173356,0.0052171316597524366,2367472.075814885,0.0032745886978235994,0.007424479872200847,0.0
2021-01-18,2324467.029540748,0.0023272313990014837,0.010402815696432938,2436628.712368716,0.0014535288729722318,0.005209559414727664,2369542.972294885,0.0008747289994064378,0.007417991140233145,0.0
2021-01-19,2336324.6806607475,0.005101234377302477,0.01035001782967451,2446593.0297287162,0.004089386827553998,0.005188342276166668,2376830.973254885,0.0030756990040747834,0.007395245590734833,0.0
2021-01-20,2324087.2273007478,-0.00523790783930711,0.01040451572415023,2436812.3776487163,-0.003997662039070038,0.0052091667643958785,2369950.3703748854,-0.002894864194140534,0.007416715976252597,0.0
2021-01-21,2325049.9102607477,0.00041421980581946016,0.010400207752114667,2437699.838528716,0.00036418925319803286,0.005207270332502284,2370618.170054885,0.0002817779175241508,0.007414626698182364,0.0
2021-01-22,2305342.518340748,-0.008476115645100202,0.010489114701337928,2421339.1387687162,-0.00671153170764216,0.005242455237051651,2358852.0626948853,-0.004963307675874051,0.007451611337933559,0.0
2021-01-25,2293927.8501807475,-0.004951397924251144,0.010541308916425608,2410911.9822887164,-0.004306359366619827,0.005265128773662572,2351062.261414885,-0.0033023695734020198,0.007476300846370213,0.0
2021-01-26,2288307.4990607477,-0.0024500993436027407,0.01056719960524213,2403618.164928716,-0.003025335397386031,0.0052811058902496886,2344843.9604548854,-0.002644889955512042,0.0074961272781133344,0.0
2021-01-27,2288797.3479407476,0.00021406602049811596,0.010564938011005305,2403640.747568716,9.39526931897916e-06,0.005281056273303712,2344634.059494885,-8.951596078043966e-05,0.007496798361221416,0.0
2021-01-28,2273338.1161007476,-0.006754303457188526,0.010636782064879481,2389809.404048716,-0.005754330606181468,0.005311621097151491,2334077.160774885,-0.004502578420392922,0.0075307059553462825,0.0
2021-01-29,2270598.1049007475,-0.001205280983323176,0.010649617846749828,2386273.330448716,-0.001479646700699,0.005319492066036396,2331060.7511748853,-0.0012923349967567388,0.00754045074373373,0.0
2021-02-01,2305612.5776843475,0.006612562897499785,0.0020637658774078907,2421788.2472687163,0.00650173499491058,6.289133136793293e-06,2363399.085394885,0.005293012725550383,0.0021304848199363152,20000.0
2021-02-02,2302316.164724347,-0.0014297341157425425,0.002066720738555516,2417040.202213276,-0.0019605533476326764,0.011175130388208943,2361548.981234885,-0.0007828149597896017,0.0021321539019073022,0.0
2021-02-03,2300151.6504843473,-0.0009401463939506804,0.0020686655870474683,2414836.9630132765,-0.0009115442920569761,0.011185326308560306,2359675.874194885,-0.0007931688289692929,0.0021338464023594617,0.0
2021-02-04,2294145.6167243477,-0.002611146860136304,0.0020740813179685492,2407986.5122132762,-0.002836817103980427,0.01121714730388985,2355230.573234885,-0.0018838608338600515,0.002137873859190524,0.0
2021-02-05,2308596.934964347,0.006299215766710331,0.0020610980168441094,2425485.371413276,0.007267008810575071,0.011136220292904805,2364773.364274885,0.004051743871044122,0.0021292466969362717,0.0
2021-02-08,2308088.3687243476,-0.00022029234826448363,0.0020615521610107285,2425555.6222132766,2.8963604905118956e-05,0.011135897757161903,2363565.565234885,-0.0005107462128279838,0.0021303347573456417,0.0
2021-02-09,2312149.6544843474,0.0017595885040764259,0.002057931049194384,2429985.7830132763,0.0018264519516386635,0.011115595655782773,2366923.558194885,0.0014207318846541916,0.0021273124167665207,0.0
2021-02-10,2321200.7584843473,0.0039145839813810035,0.002049906517975788,2439633.203013276,0.003970154915078128,0.011071639531678107,2374773.342194885,0.003316450154388084,0.0021202806118041572,0.0
2021-02-18,2343809.3701643473,0.00974005010008816,0.0020301329216094732,2465815.337413276,0.010731996255691767,0.010954080382033576,2391087.343474885,0.006869708780258499,0.00210581428094873,0.0
2021-02-19,2364491.2234443477,0.008824033875481252,0.0020123756506975248,2489259.9998132763,0.009507874350637602,0.010850911280984065,2406788.438354885,0.006566508297092266,0.0020920766423187906,0.0
2021-02-22,2376887.3896843474,0.005242635759054481,0.002001880520296464,2503771.549013276,0.005829663916621097,0.010788020745711033,2415584.837394885,0.003654828525772702,0.002084458304646186,0.0
2021-02-23,2365099.6196043477,-0.004959330480341029,0.002011857988943147,2489786.9426132767,-0.005585416291478684,0.010848614775417627,2407565.529714885,-0.003319820341581625,0.0020914013814948844,0.0
2021-02-24,2363659.8196043475,-0.000608769283148014,0.002013083492337695,2488020.7426132765,-0.0007093779671550893,0.010856316006797321,2406659.829714885,-0.00037618913745929294,0.0020921884400595526,0.0
2021-02-25,2391375.4183243476,0.011725713865474718,0.0019897522270599984,2519855.9902132764,0.012795410847966648,0.010719159951275679,2427114.726834885,0.008499288876410604,0.002074556187729693,0.0
2021-02-26,2368203.2170443474,-0.009689905274779975,0.00200922139202478,2493609.0378132765,-0.010416052545041854,0.010831986491740834,2409606.823954885,-0.007213463247710328,0.002089629654443346,0.0
2021-03-01,2390288.1716642277,0.0008803951472047267,0.00047482829797772035,2528816.349213276,0.006098514710764391,0.0011142976096911571,2438535.077414885,0.0037052739771654686,0.0012051264720787057,20000.0
2021-03-02,2392663.1176642277,0.0009935814552211042,0.00047435698567360046,2532141.5160132763,0.0013149103536262974,0.011250941005118352,2437427.831614885,-0.00045406187110252905,0.008223670015946642,0.0
2021-03-03,2400033.1472642277,0.00308026213368251,0.00047290032869810563,2539764.4456132767,0.003010467444964249,0.011217172073765718,2455191.127134885,0.007287721625887533,0.008164171804529313,0.0
2021-03-04,2400236.9208642277,8.490449402009936e-05,0.0004728601807437173,2539979.3192132763,8.460375148988675e-05,0.011216223139210594,2455731.435454885,0.00022006772264226981,0.008162375529135265,0.0
2021-03-05,2395770.798064228,-0.0018607008171473982,0.0004737416722604091,2535363.4964132765,-0.0018172678671373177,0.011236643129704696,2444093.4280948853,-0.004739120569934752,0.008201242204766894,0.0
2021-03-08,2395080.0964642274,-0.00028830036686267047,0.00047387829154570994,2534664.9948132765,-0.0002755035327235422,0.011239739717703815,2440369.626174885,-0.0015235922969208948,0.008213756621083559,0.0
2021-03-09,2392330.512864228,-0.0011480132142798194,0.000474422935344643,2531820.6112132766,-0.0011221931126284002,0.01125236704650417,2433992.825854885,-0.0026130469137148893,0.008235275783052054,0.0
2021-03-10,2390334.0768642277,-0.0008345151262606487,0.00047481917913186724,2529760.8752132766,-0.0008135394707182719,0.011261528744638562,2428123.5226548854,-0.0024113888659216265,0.008255182237585923,0.0
2021-03-11,2397428.8916642275,0.00296812686923964,0.0004734140262403085,2537108.5900132763,0.002904509620649476,0.011228914255155015,2444922.520414885,0.006918510365416575,0.008198461099488645,0.0
2021-03-12,2406202.6032642275,0.0036596337144787494,0.0004716878215857243,2546203.3016132764,0.0035846757351258862,0.011188806013732558,2463684.114334885,0.007673696717725109,0.008136027690504699,0.0
2021-03-15,2407460.0116642276,0.0005225696282991077,0.0004714414605968954,2547498.8100132765,0.0005088000628934441,0.011183116043586237,2467460.104414885,0.0015326599940428398,0.008123577009014457,0.0
2021-03-16,2408728.914864228,0.0005270713506568825,0.00047119310820893147,2548809.7132132766,0.000514584420941544,0.011177364346026585,2471198.408254885,0.0015150412496280907,0.008111288072996251,0.0
2021-03-17,2405493.016464228,-0.0013434049718221708,0.00047182696289672666,2545448.7148132767,-0.0013186541084554415,0.011192122884851032,2465276.5101748854,-0.0023963669045018454,0.008130772386852142,0.0
2021-03-18,2404217.600064228,-0.0005302099782749092,0.00047207726297207115,2544105.4984132764,-0.0005276933658822092,0.011198032012054729,2465621.3104948853,0.00013986273692911944,0.008129635353801325,0.0
2021-03-19,2400788.578864228,-0.0014262524323539472,0.0004727515259859076,2540564.5772132766,-0.0013918138230541999,0.011213639310253484,2456330.7050548852,-0.0037680585418591317,0.008160384159036634,0.0
2021-03-22,2406768.3592642276,0.002490756767440372,0.0004715769425249448,2546781.0576132764,0.0024468893472562314,0.011186267750858351,2467044.401534885,0.004361666960378097,0.008124945851162756,0.0
2021-03-23,2401338.7904642276,-0.0022559581935255313,0.0004726432058377686,2541156.1888132766,-0.0022086189086356622,0.011211028640699457,2455141.198974885,-0.004824883797224899,0.008164337832485788,0.0
2021-03-24,2398881.9888642277,-0.001023096620000441,0.0004731272607390608,2538626.4872132763,-0.0009954923712035546,0.011222200255441867,2447746.797054885,-0.0030118031187320593,0.008189001492720865,0.0
2021-03-25,2398956.7216642275,3.1153179000487086e-05,0.0004731125217799825,2538713.5200132765,3.4283420754732674e-05,0.011221815533218311,2447008.396414885,-0.0003016654504005567,0.008191472576985246,0.0
2021-03-26,2401107.352864228,0.000896486035191435,0.0004726887629050462,2540930.7512132768,0.0008733680198735883,0.011212023310620737,2452984.2938548853,0.0024421237984944,0.008171516721529803,0.0
2021-03-29,2407851.1676642275,0.002808626941213088,0.00047136487481848945,2547929.8660132764,0.0027545476383634693,0.011181224096192557,2467101.891614885,0.005755274420373047,0.008124756518169025,0.0
2021-03-30,2407725.0676642274,-5.237034651206507e-05,0.0004713895616531754,2547808.8660132764,-4.7489533214428725e-05,0.011181755112523369,2465377.0916148853,-0.0006991198887495997,0.008130440670946383,0.0
2021-03-31,2409822.861264228,0.0008712762217637504,0.0004709792086677181,2550012.2596132765,0.0008648190330886596,0.011172093273620901,2466064.8839348853,0.00027898057556363653,0.00812817306854544,0.0
2021-04-01,2431896.0629271874,0.0008603128870110499,0.0033709143462818812,2571134.4668047964,0.00044007913581167735,3.278226241549623e-05,2490421.9218887254,0.0017667977765807308,0.00645251639791949,20000.0
2021-04-02,2427795.0520471875,-0.0016863429907706395,0.003376608466301606,2566556.899297036,-0.0017803687698406678,0.0090554807116889,2483206.2158087255,-0.0028973829761856917,0.006471266134251236,0.0
2021-04-06,2427701.2027671877,-3.8656178955709386e-05,0.0033767389981286043,2566456.972097037,-3.893434041013499e-05,0.00905583329458509,2483059.2353287255,-5.918980029295806e-05,0.006471649189874351,0.0
2021-04-07,2431996.4973271876,0.0017692846859012068,0.0033707751372985656,2570964.2164970366,0.0017562127278980544,0.009039957206679066,2490148.482288725,0.0028550454452049845,0.006453224939404221,0.0
2021-04-08,2430567.297327188,-0.0005876653200653781,0.0033727571897319724,2569459.516497037,-0.0005852668000373429,0.009045251091841122,2488134.2822887255,-0.0008088674287198838,0.006458448968414822,0.0
2021-04-09,2431287.9741271874,0.00029650559389660103,0.0033717574447883303,2570219.1484970367,0.0002956388279802269,0.009042577754751787,2488834.2310887254,0.00028131472042414174,0.006456632622613709,0.0
2021-04-12,2433375.2002071873,0.0008584857500268939,0.003368865321915706,2572425.1076970366,0.0008582766964793098,0.009034823376391023,2490916.4603687255,0.0008366283515350847,0.006451235336228995,0.0
2021-04-13,2433106.6194071877,-0.00011037377218969802,0.0033692371973345773,2572165.4656970366,-0.00010093277321199245,0.009035735378220758,2488610.8975687255,-0.0009255881667178389,0.006457212055297365,0.0
2021-04-14,2436280.2386071878,0.001304348594790783,0.0033648482622320505,2575499.4236970367,0.0012961677794303128,0.009024038710004517,2493565.5347687253,0.001990924818677131,0.006444381775679135,0.0
2021-04-15,2435733.2646871875,-0.0002245119060330092,0.0033656038803741854,2574913.4828970367,-0.00022750570029594908,0.00902609219743083,2493465.7640487254,-4.0011268446216164e-05,0.006444639633885567,0.0
2021-04-16,2446413.9400471877,0.004384993839369411,0.0033509101599664523,2586142.9692970365,0.004361112120693678,0.008986899321870764,2509562.5738087255,0.006455596861239199,0.0064033024944011455,0.0
2021-04-19,2444631.1962071876,-0.0007287171687575533,0.0033533538064581367,2584270.597697037,-0.0007240015815941359,0.008993410565344,2506704.7463687253,-0.0011387751275167002,0.006410602729341711,0.0
2021-04-20,2443649.3099671877,-0.00040165004910486246,0.0033547012223688333,2583246.000097037,-0.00039647458006641934,0.008996977638275002,2504431.8305287254,-0.0009067345658847481,0.00641642071979761,0.0
2021-04-21,2445842.385327188,0.0008974591202817184,0.003351693214724892,2585550.0864970367,0.0008919345660123312,0.008988960074072431,2507801.4402887253,0.0013454587659063044,0.006407799290072613,0.0
2021-04-22,2445159.8922071876,-0.0002790421509147878,0.00335262873945957,2584827.1876970367,-0.0002795918763188743,0.008991474017163761,2507128.532368725,-0.00026832583680258537,0.00640951912965658,0.0
2021-04-23,2443825.9059671876,-0.0005455619668274236,0.0033544588046026504,2583448.7900970364,-0.0005332648954486929,0.00899627141289819,2503004.1165287253,-0.0016450755462876776,0.006420080647334706,0.0
2021-04-26,2441056.8498071874,-0.0011330824152566699,0.0033582639944805858,2580536.1616970366,-0.0011274186704085531,0.009006425425076063,2498897.3439687253,-0.001640737437417994,0.006430631625388725,0.0
2021-04-27,2438435.7128471876,-0.001073771370874388,0.003361873878403706,2577779.0912970365,-0.0010684099067951314,0.009016058271053097,2494962.108608725,-0.0015747887241139846,0.006440774484421353,0.0
2021-04-28,2439855.6882071877,0.0005823304475565116,0.003359917296260822,2579246.3776970366,0.0005692056409929425,0.009010929199322254,2499120.018368725,0.0016665222071523544,0.006430058648889686,0.0
2021-04-29,2446990.9842071873,0.0029244746049887915,0.003350119955527216,2586739.5676970365,0.0029051858189252933,0.008984826608473814,2510310.404368725,0.004477730528245738,0.006401394927399909,0.0
2021-04-30,2444860.848687188,-0.0008705122061124504,0.0033530388167447613,2584521.8428970366,-0.0008573436722021377,0.008992536302569869,2505051.308048725,-0.002094998415673066,0.006414833994455098,0.0
2021-05-06,2474251.5299389083,0.003840988028730896,0.0032188353700257676,2610838.3730970365,0.002443984065122029,4.207518097187866e-05,2534735.329278725,0.0038657975582716553,0.00420710269650112,20000.0
2021-05-07,2480519.261938908,0.0025331830350143747,0.003210702074001421,2614773.2645538365,0.00150713713163797,0.007948084170648934,2540823.3015287253,0.002401817728138189,0.004045230253729621,0.0
2021-05-10,2489276.477938908,0.0035303962901520602,0.00319940689975185,2620221.5581538365,0.0020836581411696198,0.007931557516258028,2549482.0759287253,0.00340786169380225,0.004031491488317693,0.0
2021-05-11,2484498.265538908,-0.001919518559849287,0.0032055600317274623,2618695.3511138367,-0.0005824725146812426,0.007936180123051265,2545522.1777687254,-0.001553216709145655,0.004037763009291294,0.0
2021-05-12,2493693.1519389083,0.003700902724520727,0.0031937403095145677,2624256.2485538367,0.0021235373704828753,0.00791936305964369,2554553.8875287254,0.003548077419587292,0.004023487364624874,0.0
2021-05-13,2490927.895138908,-0.0011089001859951875,0.0031972857803110348,2622147.6472738367,-0.0008035043381003915,0.007925731419221654,2551494.1424087253,-0.0011977610395841332,0.004028312320177259,0.0
2021-05-14,2489346.092738908,-0.0006350253666865813,0.0031993174280339188,2621491.4562338367,-0.0002502494627570906,0.007927715325722806,2550149.458248725,-0.0005270183214023394,0.004030436434021236,0.0
2021-05-17,2494260.896338908,0.001974335193622112,0.003193013349404484,2624400.042793837,0.0011095159410432487,0.007918929147597556,2554863.8344887253,0.0018486666437338428,0.0040229992495009175,0.0
2021-05-18,2496649.385138908,0.0009575938120609528,0.0031899586647264116,2625651.4312738366,0.00047682840252805114,0.007915154976894162,2556980.928408725,0.0008286523498515219,0.004019668341883791,0.0
2021-05-19,2496836.757938908,7.504970506277964e-05,0.003189719277235422,2627275.8261538367,0.0006186635669349627,0.007910261186493137,2558056.1479287255,0.0004205035352646824,0.004017978767607394,0.0
2021-05-20,2485771.414738908,-0.004431744752562139,0.003203918225016778,2621789.7274338366,-0.002088131997937781,0.007926813419235524,2547843.393048725,-0.003992388864595409,0.004034084401249781,0.0
2021-05-21,2491288.503538908,0.00221946747286883,0.0031968229803952712,2627130.6159138368,0.0020371154956151383,0.007910698412917432,2554471.586968725,0.0026014918884276206,0.00402361699427703,0.0
2021-05-24,2498123.162738908,0.002743423409328649,0.003188076736046864,2631987.8082338367,0.001848858328770353,0.007896099643327067,2561583.716248725,0.0027841880552836873,0.004012445591189565,0.0
2021-05-25,2511347.802338908,0.005293830103036523,0.0031712884736595924,2639764.1203938364,0.002954539582467941,0.007872839028790109,2574507.294888725,0.005045151777793855,0.003992303812512375,0.0
2021-05-26,2517321.220738908,0.0023785707397583344,0.0031637632389918033,2644521.4050338366,0.0018021627778206373,0.007858676414672649,2581039.253448725,0.0025371684022679197,0.003982200299740371,0.0
2021-05-27,2522144.505938908,0.0019160388274106488,0.0031577129383960198,2646020.3069538367,0.000566795155126032,0.007854224678177786,2584921.671128725,0.0015042071424571368,0.003976219242356044,0.0
2021-05-28,2526605.0379389077,0.0017685473570194787,0.0031521382326556964,2648854.6941538365,0.0010711887556382749,0.007845820323668314,2589334.5199287254,0.0017071499106871002,0.003969442808420172,0.0
2021-05-31,2531680.737938908,0.002008901242491312,0.0031458185937740116,2651456.1941538365,0.0009821225776338594,0.007838122326764941,2594046.719928725,0.0018198498354431436,0.003962232140910548,0.0
2021-06-01,2552346.681438908,0.0002630440284276947,0.007949376307872598,2672610.032613836,0.0004351716096777647,0.0030146872890230397,2615131.181568725,0.000418057867527466,0.0029775084108990225,20000.0
2021-06-02,2554901.0974389077,0.0010008107513668207,0.007941428440907726,2675254.0905762366,0.000989316784018257,0.004145377583124326,2618388.994881125,0.001245755216931821,0.0014530325664227405,0.0
2021-06-03,2554342.8554389076,-0.00021849847751820306,0.007943164010150622,2674671.8261762364,-0.00021764826079562205,0.0041462800137580915,2616844.0708811255,-0.0005900284499438246,0.0014538904031236837,0.0
2021-06-04,2551690.0590389078,-0.0010385435903216278,0.007951421908407542,2671876.795696236,-0.0010449994098887805,0.004150617406498557,2613337.230081125,-0.0013401030802799863,0.0014558413806422816,0.0
2021-06-07,2544591.4318389078,-0.002781931596611553,0.007973603929116817,2664413.0126562365,-0.0027934607808346446,0.004162244473194672,2602178.071681125,-0.0042700797553225645,0.0014620845984868493,0.0
2021-06-08,2546312.1194389076,0.0006762137050646544,0.007968215712447149,2666220.0109762363,0.000678197528467317,0.004159423562414793,2605118.778881125,0.0011300945281198516,0.0014604341698228533,0.0
2021-06-09,2547065.4182389076,0.00029583914487507634,0.007965859099502955,2667011.7211362366,0.0002969410464030986,0.004158188825473815,2606392.092481125,0.0004887737213068455,0.0014597206967058558,0.0
2021-06-10,2547115.561438908,1.968665572582573e-05,0.007965702281464525,2667064.5753762363,1.981777567028331e-05,0.00415810642105355,2606438.2028811253,1.769127528161718e-05,0.0014596948728420331,0.0
2021-06-11,2544885.050238908,-0.0008757008255800836,0.007972683967396864,2664716.9635362364,-0.000880223096836219,0.004161769706873253,2603133.6964811254,-0.0012678245723789505,0.001461547859131548,0.0
2021-06-15,2537410.224238908,-0.0029371959253319257,0.007996170286179691,2656857.4703362365,-0.0029494664189663178,0.004174081018667858,2591324.824481125,-0.004536406261408499,0.001468208248221833,0.0
2021-06-16,2538402.5982389078,0.0003910971866196711,0.007993044229069176,2657905.1771362363,0.00039434061168042156,0.004172435657838349,2592050.7524811253,0.00028013778633306785,0.0014677970628018734,0.0
2021-06-17,2536714.515438908,-0.0006650177561160486,0.007998363282672019,2656125.038176236,-0.0006697526214679561,0.004175232030435971,2590029.490881125,-0.0007797924473761375,0.0014689425330948103,0.0
2021-06-18,2535869.358638908,-0.00033316985212805683,0.008001028984315596,2655245.6924162367,-0.0003310633902247062,0.004176614754676317,2587486.201281125,-0.0009819539155651036,0.0014703863847627216,0.0
2021-06-21,2536005.515438908,5.3692355852730245e-05,0.008000599413284864,2655394.0381762367,5.586893914322211e-05,0.004176381424676662,2586902.4908811254,-0.00022558976342013093,0.001470718163725334,0.0
2021-06-22,2538319.858638908,0.0009125939142917705,0.007993304771994862,2657821.1924162367,0.0009140467309578515,0.004172567502990852,2591172.3012811253,0.0016505494177112556,0.0014682946708113975,0.0
2021-06-23,2544446.488238908,0.00241365546550365,0.007974058142975825,2664253.5551362364,0.0024201638313192664,0.00416249358656455,2601740.8324811254,0.004078667865805352,0.0014623303111620679,0.0
2021-06-24,2545032.275838908,0.00023022201595024328,0.007972222761780003,2664871.2534562363,0.00023184667195397246,0.004161528749973628,2602310.8396811252,0.00021908684865290518,0.001462010003997593,0.0
2021-06-25,2546204.863438908,0.00046073584650851984,0.007968551364521624,2666107.5517762364,0.00046392422087815355,0.004159599011243171,2603473.0468811253,0.000446605832892244,0.0014613573532796784,0.0
2021-06-28,2538517.5338389077,-0.003019132399903479,0.0079926823307084,2658031.8890562365,-0.0030290086064306276,0.004172236752273875,2590553.815681125,-0.004962306491122392,0.0014686452209929676,0.0
2021-06-29,2538598.909038908,3.205618984924996e-05,0.007992426123979216,2658124.1856962363,3.472367670975807e-05,0.0041720918819041644,2589622.130081125,-0.00035964726706705363,0.0014691736052649482,0.0
2021-06-30,2543616.211438908,0.001976406112101925,0.007976661002419868,2663390.8653762364,0.001981352003168624,0.004163841845522661,2596147.8028811254,0.0025199324350058117,0.0014654806929339493,0.0
2021-07-01,2574675.970943548,0.004348045689795077,0.002940428135029914,2688862.718566236,0.0020544687079666613,1.6781699535946775e-05,2624978.526981125,0.0034014720156532174,0.0002698925624888649,20000.0
2021-07-02,2559671.249503548,-0.00582780963870233,0.0029576648427083003,2674469.2148467167,-0.005353008028314066,0.007167565429544583,2614640.2230811254,-0.003938433702880384,0.009211121464636754,0.0
2021-07-05,2554560.035263548,-0.001996824491032223,0.002963582597019225,2669713.0914867166,-0.0017783429076684287,0.007180334526524514,2611080.8646811256,-0.0013613186122430898,0.009223677828938622,0.0
2021-07-06,2559162.778143548,0.0018017751849488395,0.002958252491089966,2674121.4798067166,0.0016512592061137532,0.007168497479068199,2614534.685481125,0.0013227552033021617,0.009211493278274602,0.0
2021-07-07,2556699.699583548,-0.0009624548235210861,0.0029611024183954907,2672203.723966717,-0.0007171535977259502,0.0071736420822963165,2613365.9958811253,-0.0004469971679815776,0.009215612631021884,0.0
2021-07-08,2539712.0960635482,-0.006644348385055565,0.00298090861372912,2657423.3226867164,-0.005531165587203013,0.00721354137410664,2602943.3926811256,-0.0039881911743041565,0.009252513423397208,0.0
2021-07-09,2550740.535423548,0.004342397461938097,0.0029680202899550383,2668309.4097267166,0.004096482087390552,0.007184111788849805,2611714.610281125,0.0033697304461794975,0.009221439657425971,0.0
2021-07-12,2545879.067583548,-0.0019059044902788314,0.0029736878549905528,2663890.675966717,-0.0016560050134711846,0.007196028448036835,2608463.275881125,-0.0012449041664817084,0.009232933775151508,0.0
2021-07-13,2555486.164063548,0.0037735871284407807,0.0029625085707799615,2674228.4746867167,0.0038807143300834124,0.007168210670168057,2617341.2726811254,0.003403535285349646,0.009201615751259865,0.0
2021-07-14,2567297.542783548,0.004621969348180155,0.0029488789426953305,2685762.8487667167,0.0043131595483258955,0.007137425813868502,2626559.1078811255,0.0035218315991929483,0.009169322939986615,0.0
2021-07-15,2562358.328383548,-0.0019238963609354842,0.002954563216114968,2679973.607166717,-0.0021555297045895427,0.007152843981543013,2621274.403881125,-0.0020120255371917084,0.009187809046418851,0.0
2021-07-16,2570543.064223548,0.0031942198518202236,0.0029451557411797886,2687728.4929267163,0.0028936425863528292,0.007132205926738763,2627323.8182811253,0.0023078142414403313,0.009166654111513942,0.0
2021-07-19,2573687.1178235477,0.0012231087056109313,0.002941557896108999,2690542.1033267165,0.001046835797367418,0.00712474748602319,2629402.5942811253,0.0007912142331050198,0.009159407058282625,0.0
2021-07-20,2570930.428543548,-0.0010711050542657752,0.002944711992006995,2688578.3254067167,-0.0007298818768053383,0.007129951508411681,2628367.5494811255,-0.0003936425719861525,0.009163014010684936,0.0
2021-07-21,2568114.7928635483,-0.0010951815921347308,0.002947940522201618,2686185.7578867166,-0.0008899006204843296,0.00713630210808563,2626747.4806811255,-0.0006163783297049585,0.009168665377335843,0.0
2021-07-22,2575634.003583548,0.0029279106763042684,0.0029393344135908374,2693118.3799667167,0.002580842393213434,0.007117931847820769,2631966.6358811255,0.001986926889008256,0.009150484034560135,0.0
2021-07-23,2570076.300063548,-0.0021578001813407077,0.002945690625356405,2688099.6786867166,-0.0018635279151977269,0.007131221077367892,2628315.8326811255,-0.0013871008660327755,0.009163194309322222,0.0
2021-07-26,2543005.950143548,-0.010532897377144246,0.0029770475618118466,2663326.7878067163,-0.009215763491368434,0.007197552014449884,2609900.0054811253,-0.007006702532098008,0.009227851117110301,0.0
2021-07-27,2509194.235903548,-0.013295963479004635,0.0030171636596406084,2632005.3644467164,-0.011760262955111678,0.007283204413508575,2586312.047081125,-0.009037878213901895,0.009312011947013811,0.0
2021-07-28,2507812.800223548,-0.0005505495191377996,0.003018825672663054,2630831.0969267166,-0.00044614936423070795,0.007286455260890717,2585518.7782811252,-0.0003067181320579593,0.009314868986229633,0.0
2021-07-29,2507972.210943548,6.356563774856383e-05,0.003018633791280982,2630705.6190067166,-4.7695163762684345e-05,0.007286802806143863,2585229.9334811256,-0.00011171638064511047,0.009315909725946633,0.0
2021-07-30,2509538.896863548,0.0006246823282824998,0.0030167492813160846,2632684.4138867166,0.0007521916803245876,0.007281325853415192,2587218.9206811255,0.000769365685520107,0.009308747894741261,0.0
2021-08-02,2526610.428179148,-0.001166934964849542,0.010250672747287306,2652051.9047567165,-0.00024025254476522928,6.548452798161533e-06,2607242.628131125,9.16329492262058e-06,3.493473531862017e-05,20000.0
2021-08-03,2517336.136259148,-0.0036706457855807395,0.010288437958720692,2641865.1190125565,-0.003841095917424875,0.00866017498316038,2602684.234331125,-0.0017483581124430048,0.008395843814968574,0.0
2021-08-04,2527197.305379148,0.003917303286582241,0.01024829228965258,2652249.2215725565,0.003930595277279458,0.008626268612491576,2608245.503131125,0.002136743569059796,0.008377942300635736,0.0
2021-08-05,2527513.682579148,0.0001251889590601074,0.01024700947720265,2652580.1151725566,0.00012475961810398672,0.008625192536764616,2608808.431131125,0.00021582630903571598,0.008376134510440362,0.0
2021-08-06,2536457.136979148,0.0035384395588606843,0.010210878899374368,2661991.5023725564,0.003548012422383451,0.008594698439933093,2614941.687131125,0.0023509798292629114,0.008356488574358579,0.0
2021-08-09,2555171.721539148,0.007378238049900121,0.010136092396775178,2681698.4036525567,0.00740306693783066,0.008531538886473823,2625349.8215311253,0.003980254875747935,0.008323359482196962,0.0
2021-08-10,2555611.706099148,0.00017219373410037875,0.0101343473256665,2682165.5049325568,0.00017418113810396818,0.008530053112114666,2624956.2559311255,-0.000149909774603052,0.008324607422219285,0.0
2021-08-11,2589844.052419148,0.013394971637632702,0.01000039235372318,2718201.101092557,0.013435261952974287,0.00841696892969418,2645806.552731125,0.007943102576619454,0.008259005295972533,0.0
2021-08-12,2608100.0144191477,0.007049058410658837,0.009930392437391244,2737406.2570925565,0.007065391884463645,0.008357916970956563,2659054.932731125,0.005007312415310272,0.00821785592397717,0.0
2021-08-13,2606660.9528991478,-0.0005517662329067585,0.009935874717554784,2735889.1233325563,-0.0005542230920489999,0.00836255169021173,2658700.4879311253,-0.00013329728379685157,0.008218951487886164,0.0
2021-08-16,2619199.998979148,0.0048103862782975515,0.009888308135782835,2749085.158372557,0.004823307687237932,0.008322410145381168,2667046.367131125,0.0031390821335028907,0.008193232258886653,0.0
2021-08-17,2597270.091379148,-0.008372750308700105,0.009971799523320009,2726005.789572557,-0.008395290604116035,0.008392870734197536,2652732.943131125,-0.005366769838125007,0.008237440707217492,0.0
2021-08-18,2604236.106819148,0.002682052768836707,0.009945126170138957,2733327.588292557,0.0026859072522908978,0.008370388646627067,2658919.0087311254,0.0023319594292439128,0.008218276020958289,0.0
2021-08-19,2589064.222259148,-0.005825848324686356,0.010003404487413112,2717360.2870125566,-0.005841707868603718,0.008419573334425065,2649111.2743311254,-0.003688617204132272,0.008248702326270738,0.0
2021-08-20,2591953.691859148,0.001116028553930004,0.009992252847916749,2720402.2118125567,0.0011194411041255403,0.008410158657132055,2650915.778331125,0.0006811733495246663,0.008243087354846811,0.0
2021-08-23,2604278.184019148,0.00475490445632154,0.00994496548720368,2733373.9818925564,0.0047683280154946495,0.00837024657588765,2658853.336731125,0.0029942703064662624,0.008218479007191262,0.0
2021-08-24,2609691.060979148,0.0020784557476292154,0.009924338189452398,2739065.8143725567,0.0020823467691235553,0.008352853039348199,2663229.9471311253,0.0016460518297638504,0.008204973196048742,0.0
2021-08-25,2619442.476659148,0.003736616883816657,0.009887392790614062,2749326.674212557,0.003746116572358016,0.008321679059513512,2669822.130331125,0.0024752587387735225,0.00818471391141515,0.0
2021-08-26,2636070.907539148,0.006348080184302329,0.009825022758331577,2766839.571652557,0.00636988598127064,0.008269006431367309,2678595.061531125,0.003285960926135534,0.008157907346635074,0.0
2021-08-27,2644300.6768991477,0.003121983303431941,0.009794444665619127,2775496.6353325564,0.003128863620679434,0.008243214537284145,2684718.347931125,0.0022860067532939343,0.008139300849925053,0.0
2021-08-30,2653107.146259148,0.0033303585469437458,0.009761933925535518,2784762.8990125568,0.0033385966180030646,0.008215785344120027,2690739.034331125,0.0022425765461169256,0.008121088686906862,0.0
2021-08-31,2703759.223459148,0.01909160633464002,0.009579054390062344,2838062.8926125565,0.019139867749207395,0.008061489501205332,2725091.3623311254,0.012766874662202055,0.008018714760606251,0.0
2021-09-01,2718909.5504461885,-0.0017936778433823575,0.0050159611539670685,2847354.219172557,-0.003773233309196211,0.0029712542807600203,2740065.3343311255,-0.0018443521085107495,0.0027126833210857127,20000.0
2021-09-02,2727021.2141261883,0.0029834253510450104,0.005001040921699656,2854829.9150525564,0.0026254885428944608,0.0031260165677479673,2757806.436331125,0.006474700357584906,0.0037383135361887853,0.0
2021-09-03,2726693.2688461887,-0.00012025769300982869,0.005001642407676863,2854469.169772557,-0.00012636314272085336,0.0031264116309470927,2756000.9819311253,-0.0006546704570034034,0.0037407625028860907,0.0
2021-09-06,2729690.9389261883,0.0010993792790152668,0.004996149744173262,2857661.8398525566,0.0011184811921629567,0.0031229187051107724,2762955.540331125,0.0025234237743727572,0.0037313467338275226,0.0
2021-09-07,2738558.0688461885,0.0032484006865218795,0.004979972797120237,2867097.369772557,0.0033018357135241594,0.003112641274985635,2782486.981931125,0.007069039409030475,0.003705154848189113,0.0
2021-09-08,2746733.0675661885,0.002985147115556419,0.004965151090663641,2875802.068492557,0.003036066654649394,0.003103219693153201,2801537.647531125,0.006846632427648824,0.003679959518020598,0.0
2021-09-09,2761412.8312461884,0.00534444495292985,0.00493875618012303,2891420.1321725566,0.005430854873884394,0.0030864575899080117,2832775.033931125,0.011150086249073876,0.0036393801158358637,0.0
2021-09-10,2757050.2923661885,-0.0015798213257490756,0.004946570878285876,2886775.493292557,-0.0016063521272190462,0.0030914235046308105,2823714.251531125,-0.0031985534648778513,0.003651058220758341,0.0
2021-09-13,2767868.1923661884,0.003923722403596619,0.004927237765079188,2898295.8932925565,0.003990750242534258,0.0030791354441104305,2849051.751531125,0.00897311050020777,0.003618588228727221,0.0
2021-09-14,2756072.7522061886,-0.004261561367890132,0.004948325357257427,2885754.4531325568,-0.004327177286840844,0.0030925173147941703,2826740.134731125,-0.007831243075177352,0.0036471499464898025,0.0
2021-09-15,2751692.9846861884,-0.0015891334931178447,0.004956201422937254,2881106.085612557,-0.00161079800637709,0.0030975067725280982,2820073.745131125,-0.002358331251639423,0.0036557714665883096,0.0
2021-09-16,2750944.5146061885,-0.00027200348446043687,0.0049575498937827495,2880296.6155325565,-0.00028095809593498,0.0030983772867110605,2815899.186731125,-0.001480301147162355,0.0036611911320210207,0.0
2021-09-17,2742946.4030861882,-0.0029074056119758884,0.00497200553056509,2871768.1040125573,-0.0029609837660494742,0.0031075787770215415,2796209.6771311252,-0.00699226367647654,0.003686971408275312,0.0
2021-09-22,2759245.3718861886,0.005942139001207547,0.004942635702190344,2889098.7728125565,0.0060348427074539135,0.0030889375249254637,2828142.401131125,0.011420003392865086,0.003645341594893476,0.0
2021-09-23,2759046.369326188,-7.212209614559928e-05,0.004942992201149122,2888884.170252557,-7.428010493071291e-05,0.0030891669885735233,2827628.732331125,-0.00018162762942719457,0.0036460038099223545,0.0
2021-09-24,2740324.1954061883,-0.0067857409459096685,0.0049767632271577435,2868965.2963325568,-0.006895006080586019,0.0031106146958155318,2789186.670731125,-0.013595158784621697,0.0036962549833291637,0.0
2021-09-27,2731013.2603661884,-0.0033977494544654707,0.004993730672827089,2859054.061292557,-0.0034546374794667267,0.0031213979943150246,2768554.891531125,-0.007397059299222741,0.0037238001538859125,0.0
2021-09-28,2742760.4851661883,0.004301416243736922,0.004972342557779632,2871552.086092557,0.0043713845670863005,0.0031078125504943963,2794125.495531125,0.009236083444911669,0.0036897215775075617,0.0
2021-09-29,2732882.9437261885,-0.003601313892853897,0.004990314245802748,2861022.6446525566,-0.0036668119275969913,0.0031192502545328775,2769443.044331125,-0.008833694563639582,0.0037226059413744536,0.0
2021-09-30,2739774.1805261886,0.0025215996959622178,0.004977762321845411,2868333.081452557,0.0025551831313408435,0.0031113003124579493,2783264.908331125,0.004990846093871681,0.003704119252273012,0.0
2021-10-08,2751896.599206188,-0.002875266646423902,0.0009609575036180378,2879981.0631325566,-0.0029118021104336256,0.002868740950529141,2791337.222431125,-0.004285501485789878,0.0026200534899024222,20000.0
2021-10-11,2755539.896646188,0.001323922359964591,0.0009596869526029204,2883503.359760717,0.0012230277043312476,0.007731329323842647,2800181.3438580055,0.003168417400738699,0.004710179948500516,0.0
2021-10-12,2749265.9915261883,-0.0022768333449412204,0.0009618769861988294,2877054.122800717,-0.0022365976922374964,0.007748659958824487,2791517.539378005,-0.0030940154997475267,0.004724798548442582,0.0
2021-10-13,2740462.5526461885,-0.00320210518266828,0.0009649669117480413,2868110.4577607173,-0.0031086189756115434,0.007772822702973013,2774019.4178580055,-0.006268318673684048,0.004754601908370755,0.0
2021-10-14,2733140.318758028,-0.00267189707850235,0.010438709027201586,2865230.883840717,-0.0010039968691611945,0.00778063443558643,2766958.708898005,-0.002545299039562021,0.004766734673557207,0.0
2021-10-15,2738265.051238028,0.0018750345325586615,0.010419172718553605,2867781.1153607173,0.000890061437765155,0.007773715351324054,2772265.8066580053,0.0019180256441606591,0.004757609456614519,0.0
2021-10-18,2751443.775878028,0.004812800950018348,0.010369267498087814,2871102.492720717,0.0011581697578693095,0.007764722484564182,2786806.0963380053,0.005244911813679476,0.004732786409264944,0.0
2021-10-19,2750605.065478028,-0.0003048255637106978,0.010372429279690044,2870086.833120717,-0.00035375247054914016,0.007767470246353748,2786117.0815380053,-0.00024724174419787914,0.004733956841011274,0.0
2021-10-20,2733184.074598028,-0.006333512251048057,0.010438541912777701,2862100.340000717,-0.0027826660252353586,0.007789144835051883,2768065.742978005,-0.0064790308632813876,0.0047648283106945,0.0
2021-10-21,2749952.818758028,0.006135241426235227,0.010374889461162962,2871749.383840717,0.0033713157100556668,0.007762973400868791,2784871.4088980053,0.006071266899145167,0.004736074339326258,0.0
2021-10-22,2750629.194118028,0.0002459588962349102,0.010372338292285217,2872605.306480717,0.00029804921168130605,0.00776066034217168,2785482.0192180052,0.00021925978989512096,0.004735036136297867,0.0
2021-10-25,2750524.834478028,-3.79402793452277e-05,0.01037273183662867,2872501.868320717,-3.6008483228266996e-05,0.00776093980184237,2785436.147118005,-1.6468280780057576e-05,0.004735114115486647,0.0
2021-10-26,2745864.731238028,-0.0016942596487715678,0.010390335763249532,2871060.018560717,-0.000501949111296196,0.007764837355052098,2780422.6363380053,-0.0017999015289533737,0.004743652222374522,0.0
2021-10-27,2729855.638518028,-0.0058302554156708375,0.010451269332878179,2863435.196480717,-0.002655751544971996,0.007785513745209338,2763957.8815780054,-0.005921673397712324,0.004771909914370731,0.0
2021-10-28,2702652.595198028,-0.009965011679067382,0.010556464626167602,2849770.397200717,-0.00477216990864493,0.007822845694030361,2736086.1473980052,-0.010083993814003933,0.00482052000831486,0.0
2021-10-29,2699524.4505580277,-0.001157434975386007,0.010568697205958042,2849365.013040717,-0.00014225151626179322,0.007823958664013487,2732602.573398005,-0.0012731960224691141,0.004826665299375815,0.0
2021-11-01,2731664.6806199476,0.004497173589004033,0.0013911193591614787,2876138.0672044368,0.002377039843165507,1.4285115483613394e-05,2762876.6932969647,0.0037598295482037525,2.4816097342150244e-05,20000.0
2021-11-02,2704354.0580199477,-0.009997794675809857,0.001405167939707707,2846899.2369370568,-0.010166003711984395,0.009354541850841693,2742465.7724369653,-0.007387561272465981,0.012153196314041251,0.0
2021-11-03,2732597.7820199477,0.010443796704888264,0.0013906443330049978,2876356.467657057,0.010347127969198233,0.009258740478279341,2764588.321876965,0.008066663825795573,0.012055945058154854,0.0
2021-11-04,2727013.254519948,-0.002043669777068935,0.001393492170839124,2870528.713897057,-0.0020260888473072614,0.009277537593728468,2760191.9616569653,-0.0015902404655370184,0.01207514744625121,0.0
2021-11-05,2703049.774219948,-0.00878744548097854,0.001405845965616634,2845557.602297057,-0.008699133187244468,0.009358952366860868,2742029.2206369652,-0.006580245603315493,0.01215513119485387,0.0
2021-11-08,2705520.919519948,0.0009142063618541307,0.0014045619061863804,2848140.723017057,0.0009077731260527244,0.009350464266683458,2744140.831296965,0.0007700905023577675,0.012145777846690388,0.0
2021-11-09,2703176.469419948,-0.0008665429578035289,0.0014057800750106014,2845689.397497057,-0.0008606757033421397,0.009358518916534185,2742226.413916965,-0.0006976381671691678,0.012154257120351132,0.0
2021-11-10,2698807.6872199476,-0.0016161661102864766,0.0014080557269579054,2841123.864457057,-0.0016043680114968817,0.009373557552425221,2738677.164356965,-0.0012942948627390205,0.012170008700091148,0.0
2021-11-11,2721570.383919948,0.008434352995136285,0.00139627901685009,2864831.792457057,0.008344559804868146,0.009295986635995897,2755698.988336965,0.006215345204441558,0.012094835124600948,0.0
2021-11-12,2715756.8423199477,-0.0021360982006376483,0.0013992679906872068,2858779.349177057,-0.002112669684808721,0.009315667564453074,2751478.1811369653,-0.0015316648218342,0.012113388776062443,0.0
2021-11-15,2714272.3437199476,-0.0005466242694732726,0.001400033282857687,2857248.399737057,-0.0005355255698348271,0.009320659015683684,2750777.948616965,-0.00025449321197623664,0.01211647233602506,0.0
2021-11-16,2707397.770019948,-0.0025327501552692144,0.0014035882211427203,2850095.048937057,-0.0025035802979740396,0.009344052601680485,2745842.309236965,-0.001794270374488649,0.012138251641343209,0.0
2021-11-17,2704571.470719948,-0.001043917274106021,0.0014050549823098224,2847136.9742170568,-0.001037886340353289,0.009353760742185732,2743428.742976965,-0.0008789893912993785,0.012148930422300044,0.0
2021-11-18,2703458.8557199477,-0.00041138310155441893,0.0014056332360701247,2845997.308377057,-0.00040028486522436513,0.009357506410378047,2743082.427496965,-0.0001262345453244551,0.01215046423062768,0.0
2021-11-19,2720224.1764199478,0.006201433642878618,0.001396970019194996,2863458.8586970572,0.006135476751367053,0.009300443753948302,2755680.2761169653,0.00459258843034327,0.012094917253582917,0.0
2021-11-22,2720953.2584199477,0.00026802276309423334,0.0013965956997566216,2864225.540697057,0.0002677468187366472,0.009297954256275423,2756430.090916965,0.0002720978941201935,0.01209162714729965,0.0
2021-11-23,2732571.155519948,0.004269789296838855,0.0013906578836096208,2876335.4657370574,0.004227992826658866,0.009258808082120805,2765367.017536965,0.003242210513318966,0.012052550242192109,0.0
2021-11-24,2749365.078519948,0.006145831908558108,0.001382163340051493,2893843.042937057,0.006086764707576853,0.009202792847406074,2778354.0021369653,0.004696296917422238,0.011996212466564639,0.0
2021-11-25,2746835.081519948,-0.0009202113679868118,0.0013834363939480908,2891212.695097057,-0.0009089462700542228,0.009211165301749952,2776605.5718569653,-0.0006293043574199242,0.012003766489121695,0.0
2021-11-26,2731450.972419948,-0.005600667183661923,0.001391228200073226,2875202.856377057,-0.005537412984921497,0.009262455342234296,2765478.1994769652,-0.004007545217363462,0.012052065687326289,0.0
2021-11-29,2719354.7933199476,-0.004428481134070461,0.001397416633270099,2862590.249337057,-0.004386684234131688,0.009303265831784521,2756066.258056965,-0.003403368510292437,0.01209322338297584,0.0
2021-11-30,2716444.208819948,-0.0010703217201187831,0.001398913921224562,2859542.789417057,-0.0010645812549336942,0.009313180469135778,2753572.572516965,-0.000904798835191345,0.01210417522662184,0.0
2021-12-01,2743562.079950678,0.002620289828747069,0.0038651162108453703,2895789.044417057,0.005681416994397281,0.001774957560173958,2785720.101612385,0.004411552183756662,0.001257030169814409,20000.0
2021-12-02,2748633.848310678,0.0018486071071848187,0.003857984313623798,2905673.103358537,0.0034132524123384744,0.005112597539401857,2793380.910037985,0.002750028052411313,0.0053712005563112415,0.0
2021-12-03,2758391.999950678,0.0035501824464534426,0.003844336218662039,2930236.778758537,0.008453695417976581,0.005069739505771581,2809775.302777985,0.005869014383640625,0.005339860836256613,0.0
2021-12-06,2757650.7003106778,-0.00026874339833260485,0.0038453696363659608,2925762.8597585373,-0.001526811427810748,0.005077491878396133,2807456.443437985,-0.0008252828394168521,0.0053442713717088705,0.0
2021-12-07,2765259.425630678,0.0027591330980181183,0.003834788943268674,2945990.380038537,0.006913588438151486,0.005042629215354969,2820653.476137985,0.004700707906206691,0.005319267051026884,0.0
2021-12-08,2766264.298950678,0.00036339206032032223,0.0038333959176281435,2948085.8439185373,0.000711293524309653,0.005039044975295336,2822183.775437985,0.0005425336054023511,0.005316382734734109,0.0
2021-12-09,2766480.1795106777,7.804046781845209e-05,0.003833096780962164,2950796.931518537,0.0009196094494983154,0.005034415279431672,2823413.701397985,0.000435806473945588,0.005314066830006612,0.0
2021-12-10,2765941.469710678,-0.0001947275111492397,0.0038338433357330676,2946490.5761985374,-0.0014593872163827237,0.005041773178756651,2821288.0227779853,-0.0007528753646507402,0.005318070674404844,0.0
2021-12-13,2760648.926790678,-0.0019134688777610043,0.0038411933396419354,2935684.9721585372,-0.0036672793482819266,0.005060330825488439,2813358.339717985,-0.002810660590474634,0.005333060096243989,0.0
2021-12-14,2755919.205350678,-0.0017132643684245608,0.003847785613631106,2919001.332878537,-0.005683048228343535,0.0050892532974239554,2803459.1587979854,-0.0035186349283156115,0.005351891448426978,0.0
2021-12-15,2760648.535630678,0.00171606274625824,0.0038411938839057803,2931823.7181185368,0.004392730176438597,0.0050669953540284415,2811779.8122179853,0.0029679952332772874,0.005336054065396372,0.0
2021-12-16,2768480.535510678,0.0028370144837037703,0.003830327190189887,2952329.6435185373,0.0069942559210756095,0.005031801645575199,2825277.4493979854,0.004800389106340841,0.005310561304760445,0.0
2021-12-17,2770504.449550678,0.0007310559037854159,0.0038275290524791617,2955250.860838537,0.0009894617717953746,0.005026827791641971,2827775.7204579855,0.0008842568932592165,0.005305869553033441,0.0
2021-12-20,2767135.915550678,-0.0012158558346825332,0.0038321884411549427,2947308.451878537,-0.0026875582933580944,0.005040374090831411,2822299.3514979854,-0.0019366348329468153,0.005316165023395442,0.0
2021-12-21,2777832.669310678,0.0038656408960204836,0.0038174316213616453,2974018.928758537,0.00906266762237773,0.00499510511344938,2840237.2139379852,0.006355761811899674,0.005282590138723823,0.0
2021-12-22,2776685.051030678,-0.00041313441687051977,0.003819009385577179,2969245.708478537,-0.0016049730665274042,0.005003135010389255,2837526.4034779854,-0.0009544310055149552,0.005287636823253839,0.0
2021-12-23,2781870.129110678,0.0018673626949787803,0.003811891202148968,2978634.313598537,0.003161949546038434,0.004987365213217395,2844785.319077985,0.002558184336576508,0.005274144589176967,0.0
2021-12-24,2777376.212870678,-0.001615429919957001,0.00381805900890812,2967238.145678537,-0.0038259708041273877,0.0050065200126159426,2837150.936717985,-0.002683640944292409,0.005288336585765729,0.0
2021-12-27,2782381.836710678,0.0018022851268053586,0.0038111901575717012,2976394.318318537,0.003085755908515564,0.004991118638786206,2844181.286397985,0.0024779611084535524,0.005275264685039402,0.0
2021-12-28,2777475.603510678,-0.0017633213153088745,0.003817922381487172,2964659.620478537,-0.003942588442592321,0.00501087445449779,2836145.4403579854,-0.0028253635161831214,0.005290211455478605,0.0
2021-12-29,2775182.259790678,-0.0008256935604046278,0.0038210774205070927,2958866.805318537,-0.0019539562383437126,0.005020684652595486,2832255.2343779854,-0.0013716524987199552,0.005297477754076898,0.0
2021-12-30,2778222.312790678,0.0010954426467937317,0.003816896229598804,2962552.4965585372,0.001245642836431582,0.005014438453257459,2835758.295117985,0.0012368450051674085,0.005290933689170775,0.0
2021-12-31,2782808.924770678,0.0016509161123945404,0.0038106052400100968,2973937.504958537,0.003842972711276982,0.004995241875045432,2843319.4128979854,0.0026663477606738706,0.005276863735366599,0.0
2022-01-04,2814944.387432178,0.004360868097510462,0.0020984310946073103,3021861.431568537,0.009389547212556248,0.0012111896231579425,2882763.542557985,0.006838531602111342,4.383956440391447e-05,20000.0
2022-01-05,2817018.844632178,0.0007369442924918257,0.002096885806580144,3022943.1962639573,0.0003579795830872534,0.0018796496642673637,2886210.111978585,0.0011955782601376086,0.0025177113989125763,0.0
2022-01-06,2820486.334032178,0.0012309074206611204,0.002094307907435732,3026347.044563957,0.0011260047175900567,0.0018775355503801926,2892442.424418585,0.0021593412115543664,0.0025122865151052773,0.0
2022-01-07,2826378.135832178,0.0020889311637177777,0.002089942162122906,3032299.2146639572,0.001966783720555698,0.0018738500925234557,2901593.083098585,0.003163644193138637,0.0025043635997454346,0.0
2022-01-10,2830623.118432178,0.0015019160197227155,0.0020868079518299677,3036607.710363957,0.001420867597486497,0.001871191377326716,2907764.145058585,0.0021267840745642363,0.0024990486628477288,0.0
2022-01-11,2833047.7376321782,0.0008565672993383622,0.0020850219901747827,3039103.784763957,0.0008219943562286502,0.001869654531853435,2911523.8417785848,0.0012929854460133061,0.002495821601840703,0.0
2022-01-12,2828814.2866321784,-0.001494309800631255,0.0020881423217112287,3034865.595263957,-0.0013945524076036664,0.0018722655042200183,2904868.0695785847,-0.0022860098565891107,0.002501540147274025,0.0
2022-01-13,2836290.879832178,0.002643013093977631,0.002082637882517721,3042417.522663957,0.0024883894073546298,0.001867618143015954,2916181.525498585,0.0038946539563986526,0.0024918353110212625,0.0
2022-01-14,2818619.588832178,-0.006230422671261837,0.0020956949478327467,3024875.393163957,-0.0057658521124476225,0.001878449002163202,2886576.580498585,-0.01015195547366976,0.0025173917600793713,0.0
2022-01-17,2821302.590032178,0.0009518848200127383,0.002093701984695884,3027583.476563957,0.0008952710601302094,0.0018767687853830928,2890662.235218585,0.0014153980003863698,0.0025138336849084477,0.0
2022-01-18,2829489.9248321783,0.0029019697599705907,0.0020876437057920825,3035960.8551639565,0.0027670182060535176,0.0018715900616083534,2902234.470898585,0.004003316450814864,0.002503810140582935,0.0
2022-01-19,2844051.754832178,0.005146450557113491,0.002076954760806232,3050734.960163957,0.00486636873952806,0.0018625263217396913,2924042.400498585,0.007514185989682565,0.0024851363637360987,0.0
2022-01-20,2838180.7554321783,-0.0020643082145127556,0.0020812511045578343,3044815.266863957,-0.001940415466206824,0.001866147423061622,2915266.5980585846,-0.0030012569032870084,0.0024926173487613214,0.0
2022-01-21,2835137.609232178,-0.001072217192007896,0.002083485053051007,3042004.040963957,-0.0009232829099991013,0.0018678719973548457,2908391.3851385848,-0.0023583479207625047,0.0024985097039265814,0.0
2022-01-24,2838956.085632178,0.0013468398809164395,0.002080682706602222,3046045.980763957,0.0013287095433045515,0.001865393431300659,2912750.147378585,0.0014986848958062904,0.0024947708285673097,0.0
2022-01-25,2821876.669832178,-0.006016090170058663,0.0020932760440339543,3028979.397663957,-0.0056028645686168055,0.0018759038666090139,2885129.363098585,-0.009482716636323163,0.002518654515643957,0.0
2022-01-26,2825914.3633794277,0.0014308540094667421,0.006092129606801029,3028433.1184639568,-0.00018035091305723672,0.0018762422486116675,2887556.620538585,0.0008412993438162708,0.0025165373544189956,0.0
2022-01-27,2814093.5868994277,-0.0041829917541675865,0.006117719979027607,3020610.279763957,-0.0025831307458318298,0.0018811013794208763,2875516.019378585,-0.004169823398217698,0.00252707481009116,0.0
2022-01-28,2807407.381079428,-0.002375971378893116,0.006132290124851323,3017086.7804639568,-0.0011664858997552097,0.0018832982202398201,2868855.844938585,-0.002316166696730515,0.0025329415248958897,0.0
2022-02-07,2865383.6643034783,0.013527172251520225,1.6711543405065154e-05,3053278.5166647774,0.005366678978431905,3.153636468187114e-05,2914590.472167305,0.008970345189746265,2.1102713363189163e-05,20000.0
2022-02-08,2902654.787583478,0.013007376200373288,1.6496961224258256e-05,3070008.842742277,0.005479462808972491,0.0035733740533716914,2940132.200532015,0.008763402134405851,0.00036610562335273735,0.0
2022-02-09,2910368.9780634777,0.0026576327688012658,1.645323456891513e-05,3073240.257782277,0.0010525751571170971,0.0035696167634460597,2945258.4330120147,0.0017435380895702846,0.0003654684152502137,0.0
2022-02-10,2931638.674383478,0.007308247332320272,1.6333862660698596e-05,3082358.976642277,0.0029671350415603204,0.003559056562006036,2959489.199832015,0.0048317548845611125,0.0003637110525952676,0.0
2022-02-11,2935410.6097434782,0.0012866303726171147,1.6312874021517835e-05,3080510.445422277,-0.0005997131528183708,0.003561192255841579,2959126.081692015,-0.00012269622069271957,0.0003637556840429552,0.0
2022-02-14,2901760.316703478,-0.01146357273776466,1.6502046431102753e-05,3064632.695002277,-0.005154259562273111,0.0035796426632682503,2935382.797152015,-0.00802374886521351,0.0003666979765159008,0.0
2022-02-15,2888850.2338634776,-0.004449052103196016,1.6575792997801762e-05,3060072.878182277,-0.0014878836303729992,0.003584976691402657,2927471.179812015,-0.002695259149054108,0.0003676889936400155,0.0
2022-02-16,2908284.7010634774,0.006727405585857715,1.6465026089317195e-05,3068618.3447822765,0.0027925696348367612,0.0035749932737416602,2940644.8500120146,0.004500017042301074,0.0003660417993049486,0.0
2022-02-17,2901050.328583478,-0.002487504912209615,1.650608505697778e-05,3066297.971742277,-0.0007561621483312964,0.0035776985939965787,2936400.839532015,-0.001443224427452483,0.00036657084330039163,0.0
2022-02-18,2939464.107983478,0.013241335050797387,1.629037869457849e-05,3082379.009942277,0.00524444732644902,0.0035590334306365343,2961742.234932015,0.008630087234288819,0.0003634343729578265,0.0
2022-02-21,2938432.056983478,-0.0003511017525938964,1.629610028394863e-05,3080190.1909422767,-0.0007101070286749112,0.003561562521215915,2959627.7059320146,-0.0007139476808821765,0.00036369403146814386,0.0
2022-02-22,2924065.833143478,-0.00488907810744077,1.637616463193447e-05,3072592.545122277,-0.0024666158090956847,0.0035703692504533927,2948829.4495920152,-0.003648518466818129,0.0003650258349678899,0.0
2022-02-23,2915443.647543478,-0.0029486974958873313,1.6424595796430364e-05,3070626.7238222766,-0.000639792380906834,0.00357265500790706,2944456.806492015,-0.0014828402845086242,0.0003655679137971922,0.0
2022-02-24,2881355.831383478,-0.011692154018727807,1.6618906612162624e-05,3057134.4351422773,-0.004393985297960423,0.003588422483542617,2922524.599332015,-0.007448642857196264,0.00036831133337979606,0.0
2022-02-25,2875986.1700234776,-0.0018635884195608021,1.6649935238659827e-05,3055534.872362277,-0.0005232229114994214,0.0035903010112909037,2919467.9634720148,-0.001045888838950737,0.000368696949404133,0.0
2022-02-28,2878491.081143478,0.0008709746750903413,1.6635446186322714e-05,3057533.582622277,0.0006541277856386696,0.0035879540308657205,2921855.3380920147,0.0008177430442362077,0.0003683956963858869,0.0
2022-03-01,2905391.118155418,0.0023971020987840763,0.002981312409641198,3082437.2247995567,0.0016037901284715605,5.097447509807073e-05,2950646.788072015,0.0030088587430687763,0.0031828138054272653,20000.0
2022-03-02,2913860.0156154176,0.0029148906689631104,0.002972647467276716,3086640.834415157,0.0013637291886370306,0.001821062409492137,2959265.391390115,0.002920920034529484,0.005142340593848118,0.0
2022-03-03,2922152.3091354175,0.0028458105315840587,0.0029642118818854002,3088858.467235157,0.0007184615700259744,0.001819754985468215,2968221.740230115,0.003026544650594154,0.005126824031999533,0.0
2022-03-04,2912871.661675418,-0.003175962947237876,0.0029736561034879056,3083730.233875157,-0.001660235784318842,0.0018227812320967267,2959092.111910115,-0.0030757905301550537,0.0051426417207040545,0.0
2022-03-07,2909987.604555418,-0.000990107857460898,0.002976603261765924,3083743.797955157,4.398594874110984e-06,0.001822773214455809,2955774.488870115,-0.0011211624763712846,0.005148413929214317,0.0
2022-03-08,2879002.738275418,-0.010647765726388259,0.0030086385400962513,3068857.0834751567,-0.004827480963195296,0.0018316153024603335,2924479.123110115,-0.010587873289333083,0.00520350801271295,0.0
2022-03-09,2861803.1704754177,-0.005974140827077923,0.00302672059517605,3056688.958675157,-0.003965034691749358,0.001838906631047324,2908259.505510115,-0.0055461560562453105,0.005232528431965371,0.0
2022-03-10,2874537.0047154184,0.004449584224160752,0.003013312606937755,3065120.606515157,0.0027584251960182105,0.0018338480982474483,2920320.8875901154,0.004147285363341302,0.005210917271037614,0.0
2022-03-11,2880609.0757754184,0.0021123648956473673,0.003006960808483328,3070827.970975157,0.0018620358519885194,0.0018304397538009658,2925751.1981101152,0.0018594910384936991,0.005201245601452708,0.0
2022-03-14,2870473.9358554184,-0.003518401717619968,0.0030175778596076234,3070801.9632551568,-8.469285888379474e-06,0.0018304552564498385,2914072.715470115,-0.0039916185106729785,0.005222090193332819,0.0
2022-03-15,2810042.863255418,-0.021052646340086634,0.0030824720536053777,3036749.150155157,-0.011089224739163184,0.0018509812029978484,2854558.957270115,-0.02042288028162642,0.005330963829406468,0.0
2022-03-16,2828493.956735418,0.006566125279179769,0.0030623641867049993,3045168.8108351566,0.002772590116496554,0.0018458633804328572,2873354.911430115,0.0065845387821223955,0.005296091509468703,0.0
2022-03-17,2839909.674535418,0.004035970369608011,0.0030500542580936363,3050277.0056351568,0.0016774750817833972,0.0018427721760261692,2884974.349030115,0.00404385742735025,0.00527476112750574,0.0
2022-03-18,2870876.625475418,0.010904202770134264,0.003017154592626792,3067793.5576751567,0.005742610263802073,0.0018322502767808733,2915478.4195101154,0.010573428665060725,0.005219572351584141,0.0
2022-03-21,2864146.290855418,-0.0023443482594398546,0.003024244474897639,3063168.562255157,-0.0015075966922313278,0.001835016741951228,2909199.229470115,-0.002153742589202645,0.00523083823065874,0.0
2022-03-22,2878402.6822154177,0.004977536030724927,0.003009265746219804,3070026.646015157,0.002238885526740564,0.0018309175271989267,2923689.734590115,0.004980925669583414,0.005204912946157278,0.0
2022-03-23,2880180.181495418,0.0006175297469608321,0.0030074085819591784,3071326.4429951566,0.0004233829636908215,0.001830142675968798,2925375.533350115,0.0005765997465652095,0.005201913524137606,0.0
2022-03-24,2878127.2229354177,-0.0007127882391491092,0.0030095537564818857,3070633.6010351568,-0.00022558395301164325,0.001830555619941752,2923305.9078301154,-0.0007074734496154145,0.005205596345341351,0.0
2022-03-25,2880593.0679354183,0.000856753301365698,0.0030069775185657217,3073665.542035157,0.0009873991475173316,0.0018287499138358082,2925296.733830115,0.0006810187037447069,0.005202053649508153,0.0
2022-03-28,2905962.566035418,0.008807039905217362,0.002980726144464895,3087017.044135157,0.00434383699768448,0.0018208404795936677,2950636.6340301153,0.008662334971680785,0.005157378707567389,0.0
2022-03-29,2901564.3264154177,-0.0015135224628859412,0.0029852443788895484,3085210.7197151566,-0.000585135875239895,0.0018219065424730028,2946164.749990115,-0.001515565823465126,0.005165206918644413,0.0
2022-03-30,2912485.7406554176,0.0037639745362778587,0.0029740501299308744,3091459.591555157,0.002025427890571363,0.0018182238611533206,2956857.696070115,0.0036294460722321453,0.005146527873269143,0.0
2022-03-31,2929340.557355418,0.005787089860981531,0.0029569380636432145,3098901.035755157,0.0024070973530843087,0.001813857729014937,2974248.724470115,0.005881591265996189,0.0051164350933112866,0.0
2022-04-01,2975465.314504428,0.00891830657361159,0.001532282860836347,3130639.1581997466,0.0037878339156864893,9.079583532467847e-06,3012452.1771053947,0.006120353178775462,1.5746325970860904e-06,20000.0
2022-04-06,3002552.245904428,0.009103427039784284,0.0015184596739814024,3141834.3956650468,0.003576022945978252,0.002507969871333403,3031144.978185395,0.006205177702758302,1.564921978120898e-06,0.0
2022-04-07,2970935.4097044277,-0.010529987027911525,0.0015346191941889966,3129922.6452850467,-0.0037913361685883995,0.0025175146155502893,3010744.764945395,-0.006730200431459554,1.5755255810663667e-06,0.0
2022-04-08,2998882.992104428,0.009406997644146209,0.0015203175703860212,3143479.0312450468,0.004331220766884414,0.002506657727545274,3030945.6950253947,0.006709612291019296,1.5650248709564462e-06,0.0
2022-04-11,2985456.036904428,-0.004477318800150121,0.0015271551307637354,3137667.802265047,-0.0018486616014415924,0.0025113002719276767,3021561.023985395,-0.00309628478510926,1.5698856841145309e-06,0.0
2022-04-12,2970771.351104428,-0.00491874126380587,0.00153470394237281,3132435.681145047,-0.0016675191415175261,0.0025154949078368847,3012293.1912253946,-0.0030672333560142206,1.5747157046500732e-06,0.0
2022-04-13,2966536.610904428,-0.0014254682368690652,0.0015368947370038202,3129977.600865047,-0.000784718516263827,0.0025174704134844923,3008861.1267853947,-0.001139352719714437,1.5765119077798642e-06,0.0
2022-04-14,2991824.307704428,0.008524316439260327,0.0015239044928832728,3141316.374685047,0.003622637368672077,0.002508383449864056,3026563.850145395,0.005883529552895395,1.5672907065896656e-06,0.0
2022-04-15,2983677.119304428,-0.0027231506806799644,0.0015280656458869935,3136998.622125047,-0.00137450420301366,0.0025118359789744376,3020190.689265395,-0.0021057414267647845,1.5705979798205668e-06,0.0
2022-04-18,2956405.373904428,-0.009140313884351436,0.0015421614859287402,3124645.524165047,-0.003937871656325975,0.0025217663712918236,3000895.482185395,-0.006388738018622719,1.5806966365181995e-06,0.0
2022-04-19,2972979.096304428,0.005606038517685263,0.0015335642655865164,3130547.181425047,0.0018887445677784331,0.002517012377836154,3011199.3506653947,0.0034335979180775134,1.5752877318417748e-06,0.0
2022-04-20,2938259.180504428,-0.011678493078931651,0.00155168561530554,3115370.462905047,-0.0048479443498090635,0.00252927415820052,2987080.804705395,-0.008009614492866524,1.5880070561736778e-06,0.0
2022-04-21,2909119.694904428,-0.0099172618240565,0.0015672282279804745,3105446.884665047,-0.0031853605720927325,0.0025373565537240945,2969168.733185395,-0.005996513884654164,1.5975870088542152e-06,0.0
2022-04-22,2933524.142704428,0.008388945921594892,0.0015541902103539428,3115001.382485047,0.0030766901431098503,0.002529573838827904,2985170.6855453947,0.005389371166802048,1.5890231731812916e-06,0.0
2022-04-25,2871905.4329044283,-0.021005011993251665,0.0015875364321509986,3091451.1418650467,-0.00756026650659547,0.002548843777066202,2945266.748785395,-0.01336738865660847,1.6105520483634627e-06,0.0
2022-04-26,2872599.1229044283,0.0002415434686853235,0.0015871530656941762,3092800.901865047,0.000436610490692102,0.0025477314108047788,2946475.0587853948,0.00041025486078560824,1.6098915825163974e-06,0.0
2022-04-27,2879852.136304428,0.0025248957789369975,0.001583155762392312,3095158.254425047,0.0007622063737042772,0.002545790992684036,2950746.194665395,0.001449574761295036,1.607561302225457e-06,0.0
2022-04-28,2911265.736504428,0.010908060106277429,0.0015660729445819968,3106575.140805047,0.0036886276699026332,0.0025364350282559007,2970540.963905395,0.006708394397249906,1.59684900927836e-06,0.0
2022-04-29,2936728.811304428,0.008746393185863344,0.0015524942197175666,3118169.486625047,0.003732195519016379,0.002527003756160621,2988336.3492653947,0.005990621094349002,1.5873398576432613e-06,0.0
2022-05-05,2954986.6107905786,-0.0005932452826911128,0.009021460568799699,3137731.8062250465,-0.00014036453177990182,0.0014109254322704874,3007958.273569295,-0.00012651711585021097,0.0026820138032441305,20000.0
2022-05-06,2940992.7778905784,-0.004735667108913377,0.009064386485742709,3106272.714273077,-0.010026061465660319,0.007228740107042331,2979831.4585792953,-0.009350799589591396,0.014085737681052238,0.0
2022-05-09,2945382.578190578,0.001492625324686525,0.009050876917644812,3114974.600953077,0.0028013917258504772,0.007208546145514873,2986243.7880592956,0.002151910122815348,0.0140554915265551,0.0
2022-05-10,2953252.741290578,0.0026720342403989683,0.00902675711355762,3131848.5233130767,0.005417033691008877,0.0071697075979023535,2998411.3500192952,0.004074537386616672,0.013998454301150218,0.0
2022-05-11,2952178.8069905783,-0.00036364456214155183,0.009030040838804567,3132786.4462330765,0.0002994790179084994,0.007167561063754182,2998537.2411392955,4.198594032112091e-05,0.013997866587559048,0.0
2022-05-12,2952520.0630905787,0.00011559465815280667,0.009028997134967288,3129895.9793930766,-0.0009226504549888492,0.007174180324494749,2997122.1718992954,-0.0004719198483132958,0.014004475577549311,0.0
2022-05-13,2962443.1610905784,0.003360890963637564,0.008998753306296153,3158806.8521930766,0.00923700755243817,0.007108518881896025,3016648.2016992955,0.006514926212576322,0.013913828014699071,0.0
2022-05-16,2965888.470990578,0.0011629961193015959,0.008988299948337119,3171622.5726330765,0.0040571396225452805,0.007079795164414974,3024993.6595392954,0.0027664670462066443,0.013875442061484423,0.0
2022-05-17,2961601.1578905783,-0.0014455409034878075,0.00900131171260273,3156792.9222730766,-0.004675729857631872,0.007113053882833884,3015324.4815792954,-0.0031964291658953536,0.013919936151386116,0.0
2022-05-18,2959871.770090578,-0.0005839367652165084,0.009006570980526792,3149626.144593077,-0.002270271714509331,0.007129239192919541,3010792.475099295,-0.0015029913058068889,0.013940889186628837,0.0
2022-05-19,2962702.698590578,0.0009564361972049795,0.008997965001098557,3158990.047193077,0.0029730203427715818,0.007108106647258652,3016975.966699295,0.0020537754266163333,0.013912316413052399,0.0
2022-05-20,2964786.333190578,0.0007032884538131778,0.008991641283602969,3164824.2669530767,0.0018468623429768183,0.007095003153111868,3020961.8370592953,0.0013211475344832024,0.013893960441470942,0.0
2022-05-23,2963114.688990578,-0.0005638329417827492,0.008996713927282966,3154594.6574330768,-0.003232283582635831,0.007118010581856631,3014776.706339295,-0.002047404453815016,0.013922465359055156,0.0
2022-05-24,2955570.6409905786,-0.0025459858263432444,0.009019677899372951,3127095.3326330767,-0.008717229243764835,0.007180605566690527,2996961.3325392953,-0.005909351018448139,0.014005227162451183,0.0
2022-05-25,2965517.8450905783,0.003365578193951002,0.008989423292363975,3152884.2345930766,0.00824691901486907,0.007121872064540007,3014745.7050992954,0.005934134807448865,0.013922608526583101,0.0
2022-05-26,2974636.461390578,0.003074881614722358,0.00896186661348059,3172014.558873077,0.006067563175997659,0.007078920268592472,3028578.9711792953,0.004588534965520141,0.013859015947321116,0.0
2022-05-27,2977489.8491905783,0.0009592391665453892,0.008953278278287076,3179850.9245530767,0.0024704696446236074,0.007061475108690188,3033965.413659295,0.0017785378988821599,0.013834410923185523,0.0
2022-05-30,2975926.0648905784,-0.0005252022271126089,0.008957983030925355,3180502.275473077,0.0002048369358986779,0.007060028953991896,3033728.1207792955,-7.821212428171798e-05,0.01383549302648561,0.0
2022-05-31,2971908.733490578,-0.0013499432823268487,0.008970092146560457,3175132.0296330764,-0.0016884898594206055,0.007071969903460017,3029321.638539295,-0.0014524974106342459,0.01385561827615446,0.0
2022-06-01,2993381.037610528,0.0004954069091553936,0.007958049780907209,3197633.252353077,0.0007877539253979826,0.00012103168891937156,3051371.421765745,0.0006766476033355229,0.0027378315881686154,20000.0
2022-06-02,2987963.985570528,-0.001809676740761379,0.00797247738780216,3192003.3801368074,-0.0017606372501056677,0.008878128636440392,3042873.8843358853,-0.002784825658799228,0.006214020591922119,0.0
2022-06-06,2986589.950230528,-0.00045985672740211925,0.007976145271864165,3190544.235456807,-0.000457125042247819,0.00888218890741995,3040950.589095885,-0.0006320653806590748,0.006217950743325619,0.0
2022-06-07,2987501.085570528,0.0003050754724229776,0.007973712687699001,3191509.3251368073,0.0003024843439796143,0.008879502996781103,3042339.0293358853,0.0004565809931207365,0.006215113040841074,0.0
2022-06-08,2991324.742270528,0.0012798846227932703,0.00796352030052306,3195550.729536807,0.0012662987910356804,0.008868273113259209,3048736.8465358852,0.002102927102570984,0.006202070538613367,0.0
2022-06-09,2995415.768290528,0.0013676301881202502,0.007952644024479807,3199896.965076807,0.0013600896708749755,0.008856227849238544,3054376.3237558855,0.0018497750064614404,0.0061906192857840055,0.0
2022-06-10,2996627.598970528,0.000404561761618627,0.007949427989888356,3201173.1189368074,0.0003988109223291847,0.00885269729686448,3056582.248735885,0.0007222178101771171,0.006186151536967553,0.0
2022-06-13,2987190.944210528,-0.003149091586569619,0.007974540548436194,3191216.3864168073,-0.0031103386633793972,0.008880318093574032,3039912.3883758853,-0.005453758153209809,0.006220074317992878,0.0
2022-06-14,2993745.9329505283,0.002194365496690054,0.007957079807053189,3198121.4928968074,0.002163785103821647,0.008861144481142924,3052025.551015885,0.003984707811421906,0.006195387508991015,0.0
2022-06-15,2998245.244990528,0.001502903766975816,0.007945139027679344,3202875.5684768073,0.001486521256480966,0.008847991753324439,3059605.4799558856,0.00248357322483006,0.006180038929776614,0.0
2022-06-16,2987835.365570528,-0.003471990637654798,0.007972820586110018,3191867.8311368073,-0.0034368295316683506,0.008878505663786826,3042529.695335885,-0.0055810413244019585,0.006214723558777888,0.0
2022-06-17,2986228.899550528,-0.0005376688550218223,0.007977109629510901,3190178.6025968073,-0.0005292288494910258,0.00888320691316127,3039327.245115885,-0.0010525616972315577,0.006221271831215491,0.0
2022-06-20,2983408.993530528,-0.0009443033721976413,0.007984649561017186,3187192.051056807,-0.0009361706387126523,0.008891530903326169,3034945.191895885,-0.0014417839431545287,0.00623025451213285,0.0
2022-06-21,2985996.459550528,0.0008672850506286078,0.007977730594534604,3189930.2520968076,0.0008591264649686625,0.00888389851100327,3039023.964615885,0.0013439362038205616,0.006221892685296793,0.0
2022-06-22,2978665.110810528,-0.0024552436144225087,0.007997366076526196,3182195.6561168074,-0.00242469125301914,0.008905491578537586,3026032.342475885,-0.004274932442542401,0.00624860504974458,0.0
2022-06-23,2980608.816830528,0.0006525426483647845,0.007992150857239682,3184245.150156807,0.0006440502915212587,0.00889975968571753,3029535.888195885,0.0011578018089302144,0.006241378770114323,0.0
2022-06-24,2978314.650810528,-0.0007696971192748814,0.007998307131197641,3181820.6216168073,-0.0007614139068031767,0.008906541250086861,3025644.137975885,-0.0012846027786511671,0.006249406775422952,0.0
2022-06-27,2982920.8042105283,0.0015465637248055497,0.007985956340813059,3186651.2534168074,0.0015181974015698874,0.008893039860079232,3035275.375375885,0.003183202306945132,0.00622957677227017,0.0
2022-06-28,2986215.7255705283,0.0011045956551543057,0.007977144821302911,3190136.798136807,0.0010937954745635636,0.008883323321231384,3040576.7823358853,0.0017465983492004344,0.006218715174612045,0.0
2022-06-29,2990524.597610528,0.0014429205509514098,0.007965651019744816,3194687.5232168073,0.0014264984130643033,0.008870669325515718,3047913.4307758855,0.0024129133928214586,0.0062037460726277385,0.0
2022-06-30,2994487.1236305283,0.0013250270615283721,0.007955110283341945,3198895.901256807,0.0013173050601713587,0.008858999320882265,3053375.100495885,0.0017919372856365356,0.0061926492335692375,0.0
2022-07-01,3014687.0567300282,6.676705934793858e-05,0.0033076752121808405,3219199.1295568068,9.479154975955417e-05,0.0004004422730396903,3073655.078980385,9.169475589621001e-05,0.006963547089833311,20000.0
2022-07-04,3011497.526270028,-0.0010579971983757375,0.0033111784296827674,3215264.8680352974,-0.0012221243120338343,0.009043226399280895,3070631.014780385,-0.000983865828238284,0.006970405033154413,0.0
2022-07-05,3013466.102650028,0.0006536868660285133,0.003309015369796045,3217330.427135297,0.0006424226882626449,0.009037420555272816,3074568.574880385,0.0012823292935708608,0.006961478125827113,0.0
2022-07-06,3004787.780370028,-0.0028798473201235852,0.0033185723514891174,3208203.656535297,-0.00283675264530614,0.009063130414450764,3053400.542280385,-0.006884878995038646,0.007009739332921037,0.0
2022-07-07,3007955.085290028,0.0010540860624803639,0.0033150779740006874,3211568.646935297,0.0010488705706526158,0.009053634323851027,3057319.382680385,0.0012834347625658715,0.007000754321460691,0.0
2022-07-08,3007257.629290028,-0.0002318704835090335,0.003315846821006316,3210848.982935297,-0.00022408488782799107,0.009055663561204347,3056868.8946803845,-0.00014734737971844325,0.00700178601628354,0.0
2022-07-11,3006119.3729900285,-0.00037850308829989743,0.003317102354491698,3209643.620935297,-0.00037540289387816284,0.009059064360180988,3051873.131680385,-0.0016342745378099544,0.007013247588244364,0.0
2022-07-12,3010699.608210028,0.0015236371719475894,0.0033120559828806093,3214470.604335297,0.0015039001116869954,0.00904546089053745,3060973.762080385,0.0029819818869694092,0.006992396388866255,0.0
2022-07-13,3012503.722210028,0.0005992341431473314,0.003310072474437634,3216366.245335297,0.0005897210562273436,0.009040129735681291,3062222.559080385,0.00040797376817480746,0.006989544837920901,0.0
2022-07-14,3004130.488770028,-0.002779493143283962,0.003319298441696843,3207576.6940352973,-0.0027327582214081714,0.009064901920931977,3044635.611780385,-0.005743196962562314,0.0070299190476423795,0.0
2022-07-15,2999214.578250028,-0.001636383818338305,0.0033247389907815564,3202399.000135297,-0.0016142073577316562,0.009079558210600481,3031146.743880385,-0.004430371847392367,0.007061202801743953,0.0
2022-07-18,3007673.8466100283,0.0028204945459207043,0.0033153879571308576,3211323.036835297,0.0027866723352159006,0.009054326768680196,3050542.6465803846,0.006398866283580107,0.007016306395315701,0.0
2022-07-19,3007411.7930700285,-8.712831023716117e-05,0.0033156768464517815,3211077.918035297,-7.632953682590315e-05,0.009055017934005047,3051252.228780385,0.0002326085166506342,0.007014674722233776,0.0
2022-07-20,3010584.1259100283,0.001054838199181729,0.0033121830292698264,3214419.673335297,0.0010406957991366816,0.009045604211701277,3056830.426080385,0.0018281665630210941,0.007001874130070697,0.0
2022-07-21,3004728.917930028,-0.0019448743948420333,0.003318637362101143,3208256.2417352973,-0.001917432142146125,0.009062981864431826,3041824.4654803844,-0.0049089934698282045,0.0070364158495270215,0.0
2022-07-22,3003779.461550028,-0.0003159873672244906,0.003319686341048062,3207273.162635297,-0.00030642162780258886,0.009065759809309862,3038692.865380385,-0.0010295137459567227,0.007043667401939265,0.0
2022-07-25,3005114.859010028,0.00044457240522954855,0.0033182111559334096,3208674.8003352974,0.0004370184979345382,0.009061799635244684,3040484.658080385,0.0005896590341241126,0.007039516487446576,0.0
2022-07-26,3012491.6201500283,0.002454735171896205,0.0033100857719669686,3216433.1356352973,0.0024179250883227255,0.009039941733330687,3053182.524380385,0.00417626389472292,0.0070102398757600935,0.0
2022-07-27,3011706.854770028,-0.00026050375534691916,0.003310948286429343,3215610.423035297,-0.00025578414514049186,0.009042254598693357,3050121.704780385,-0.0010025013491852253,0.0070172747031175715,0.0
2022-07-28,3012673.8826900283,0.00032108965667387857,0.0033098855164252444,3216616.787935297,0.00031296232055688655,0.009039425599081368,3052473.8616803847,0.0007711682115218998,0.007011867373895415,0.0
2022-07-29,3014805.114470028,0.0007074219988578712,0.0033075456858448504,3218855.315035297,0.0006959259518870553,0.009033139203082933,3048091.459780385,-0.0014356885918057616,0.007021948705544211,0.0
2022-08-01,3034380.1750388886,-0.00014095087907994852,0.006540580709743865,3240951.3214651872,0.0006511651580298761,2.151739976016983e-05,3069495.622748315,0.0004606695653519566,0.0003565189017391123,20000.0
2022-08-02,3002773.8542388882,-0.010416071479769418,0.006609424952489164,3215455.288626987,-0.007866836095111074,0.005773887260275049,3049799.827728315,-0.006416622611882139,0.008148944033099733,0.0
2022-08-03,2980766.5734388884,-0.007328983755780727,0.006658222960408363,3191827.234326987,-0.007348276427158518,0.005816629461432006,3035540.574908315,-0.004675471711407586,0.008187223163395168,0.0
2022-08-04,2991774.7899388885,0.0036930823762224563,0.006633724070953203,3203646.408326987,0.003702949167451397,0.005795170240614283,3043832.930508315,0.0027317558093422623,0.008164918599577964,0.0
2022-08-05,2999496.1891388884,0.0025808758152405797,0.006616647325891832,3211933.849526987,0.002586877621219008,0.00578021752525243,3048378.6889883154,0.001493432321609367,0.008152743029627742,0.0
2022-08-08,3015048.6170388884,0.005185013388686821,0.006582516887697862,3228625.9784269873,0.005196909301995234,0.005750333563267907,3057667.4014483155,0.0030470992641280503,0.008127976279088879,0.0
2022-08-09,3022725.7632388882,0.0025462760887549063,0.006565798551841726,3236865.488626987,0.002552017562596154,0.005735695966427872,3062109.6629283153,0.0014528269091320656,0.008116184867314157,0.0
2022-08-10,3017684.8283388885,-0.0016676785440827846,0.0065767664841968635,3231457.949226987,-0.001670609859754757,0.005745294111417596,3060154.7045683153,-0.0006384351232314733,0.008121369835065614,0.0
2022-08-11,3032992.8447388886,0.005072768453565191,0.006543572456267094,3247889.9176269867,0.005085001463172478,0.005716227088309715,3069102.703528315,0.0029240348360954904,0.008097691901852628,0.0
2022-08-12,3046727.031338888,0.004528262117011961,0.006514075017139606,3262631.865726987,0.004538930959449239,0.005690398761200889,3077468.842868315,0.002725923551004872,0.0080756782204013,0.0
2022-08-15,3049626.4958388885,0.0009516653346939297,0.006507881691731296,3265753.957226987,0.0009569242343265838,0.005684958686462668,3083117.053368315,0.0018353428705182306,0.008060883734908361,0.0
2022-08-16,3054694.0189388883,0.0016616864743648208,0.006497085572512661,3271196.562326987,0.001666569242901872,0.005675500072603579,3087726.6341083148,0.0014951040327721987,0.008048849867013012,0.0
2022-08-17,3058783.7715388886,0.001338841983728578,0.006488398632016949,3275586.2139269873,0.0013419100675742257,0.005667894268223105,3090430.010348315,0.0008755231794608243,0.008041809076761509,0.0
2022-08-18,3047589.1017388883,-0.003659843465943391,0.0065122323831531366,3263572.735126987,-0.0036675813168713933,0.00568875825170325,3084337.293628315,-0.0019714786290575548,0.008057694649562594,0.0
2022-08-19,3064823.5646388885,0.005655113706164228,0.006475612060633248,3282075.509026987,0.005669484151785031,0.005656687750152166,3096862.6210883153,0.004060946085849837,0.008025105130295189,0.0
2022-08-22,3072387.0228388887,0.0024678282584569278,0.006459670702732718,3290192.2432269873,0.0024730491963624868,0.005642732993856421,3101098.370568315,0.0013677550470454491,0.008014143744740573,0.0
2022-08-23,3076542.0634388886,0.00135238190016862,0.0064509465593668765,3294651.870826987,0.0013554307074852279,0.005635095013036154,3103889.658808315,0.0009000966452696879,0.008006936727852944,0.0
2022-08-24,3062538.1878388883,-0.004551823219458018,0.006480444396643926,3279617.619726987,-0.004563229041927963,0.005660927120074717,3094836.658468315,-0.0029166630696131346,0.008030358578153596,0.0
2022-08-25,3094126.0441388884,0.010314273443326583,0.006414285699990604,3313525.841026987,0.010339077670531216,0.0056029972958451975,3114555.157888315,0.006371418461147194,0.007979517731567635,0.0
2022-08-26,3093501.1321388884,-0.0002019672085381563,0.006415581437064597,3312852.017026987,-0.00020335558928108455,0.005604136928412687,3113271.469888315,-0.0004121577351902106,0.007982807907595287,0.0
2022-08-29,3106012.2369388887,0.0040443188043541856,0.006389739294281813,3326286.140826987,0.004055153605097006,0.005581503076091812,3122013.801608315,0.002808085258403148,0.00796045427330024,0.0
2022-08-30,3110938.7245388883,0.0015861133904786495,0.006379620492792022,3331576.537426987,0.0015904815088112478,0.005572639895382942,3126310.492848315,0.0013762563246153547,0.007949513704786413,0.0
2022-08-31,3100964.7075388883,-0.0032061116862655004,0.006400140056621292,3320868.999926987,-0.0032139551289641632,0.005590607858182777,3119912.262748315,-0.002046575384830218,0.00796581634844522,0.0
2022-09-01,3127440.171023789,0.0020882093463230333,0.001991057568896708,3356595.034876987,0.004735518007589423,0.0007687530518801357,3150099.901938315,0.0032653607960839715,0.002814947060205613,20000.0
2022-09-02,3129703.2030237885,0.0007236052094512502,0.001989617871040406,3357879.545838577,0.00038268273302066724,0.005709541898945445,3152280.555318695,0.0006922489597991355,0.005719810233347829,0.0
2022-09-05,3140516.6550237886,0.0034551046212791814,0.0019827672029146945,3369377.0186385773,0.0034240277660493312,0.005690058979010854,3170954.555218695,0.005923965069826176,0.005686125822592157,0.0
2022-09-06,3148128.257423789,0.0024236784058522254,0.001977973231905172,3377468.7365585775,0.002401547192623088,0.00567642677223187,3184308.584878695,0.004211359522015901,0.005662279926109018,0.0
2022-09-07,3149648.8062237888,0.0004830009058285345,0.001977018330260817,3379086.4269985775,0.00047896533356173165,0.005673709262182577,3186849.0184986955,0.0007977975602189158,0.005657766174059065,0.0
2022-09-08,3149640.072623789,-2.7728805772619936e-06,0.001977023812311747,3379072.888718577,-4.006491190144956e-06,0.005673731993939825,3187348.9920586953,0.00015688649104417252,0.005656878686211723,0.0
2022-09-09,3158501.4030237887,0.0028134422332954934,0.001971477175165159,3388500.2176385773,0.0027899158232054244,0.005657946798639447,3201974.7262186953,0.004588683007866523,0.0056310396303433435,0.0
2022-09-13,3153352.455023789,-0.0016301870232099391,0.0019746962994472987,3383016.9670385774,-0.0016181939642374576,0.005667117293638639,3194147.1094186953,-0.0024446216692172174,0.005644839126390963,0.0
2022-09-14,3145109.6094237887,-0.002613994381398088,0.001979871672876086,3374243.3355585774,-0.0025934340754075746,0.005681852804312794,3181104.425378695,-0.004083307247039647,0.005667983243445022,0.0
2022-09-15,3152080.5270237885,0.002216430733960051,0.001975493129189823,3381656.281038577,0.0021969208331480417,0.005669397586643298,3192860.0424186955,0.003695451474718947,0.005647114605448411,0.0
2022-09-16,3128587.699823789,-0.0074531177102197255,0.0019903272726346294,3356661.7618785775,-0.00739120628555523,0.005711613298757736,3154399.4182386952,-0.012045822137216278,0.005715968141017097,0.0
2022-09-19,3128816.4894237886,7.312871555842371e-05,0.001990181733200753,3356909.7221585773,7.38710950314303e-05,0.005711191406794583,3154150.8536786954,-7.879932977494786e-05,0.005716418590970779,0.0
2022-09-20,3127693.1334237885,-0.00035903543841497854,0.001990896535611255,3355728.2755585774,-0.00035194470444088743,0.0057132021380324645,3150492.1248786952,-0.0011599726740186833,0.005723057180912485,0.0
2022-09-21,3135420.2910237885,0.0024705612956157363,0.001985990025520724,3363950.651038578,0.0024502506772934307,0.005699237577298632,3162981.1269186954,0.003964143233807116,0.005700459741996659,0.0
2022-09-22,3132316.1454237886,-0.0009900253592434183,0.0019879581545068008,3360650.0441585775,-0.0009811698275006275,0.005704834989260965,3157709.3626786955,-0.0016667074599764353,0.005709976602596497,0.0
2022-09-23,3123745.2942237887,-0.002736266328838388,0.001993412662454555,3351523.6853985772,-0.0027156528171874417,0.005720369526881995,3144717.956698695,-0.004114186737242842,0.005733565561988744,0.0
2022-09-26,3107229.1566237886,-0.005287286908615907,0.0020040084299912035,3333929.5003185775,-0.005249607859449612,0.0057505576997789725,3120601.6273586955,-0.007668836974275672,0.005777875144529864,0.0
2022-09-27,3112396.9254237884,0.001663143765558317,0.0020006810098428126,3339421.3303585774,0.001647254400392928,0.0057411006464759655,3129674.4732786953,0.002907402803503434,0.005761125232876464,0.0
2022-09-28,3108739.4574237885,-0.0011751290364424571,0.002003034834237531,3335530.364758577,-0.001165161629839151,0.005747797759881855,3123455.5639786953,-0.001987078641276341,0.005772595834764446,0.0
2022-09-29,3099333.4782237886,-0.0030256569676619938,0.0020091137231728743,3325509.3699985775,-0.0030043182535155477,0.005765118009150417,3109804.115998695,-0.004370623401029228,0.005797936431409243,0.0
2022-09-30,3103656.917423789,0.001394957732163249,0.0020063149985524885,3330123.2601585775,0.0013874235933972745,0.005757130430560792,3115247.2341786954,0.0017503090152841683,0.005787805982419498,0.0
2022-10-10,3138481.646777288,0.004776536114631025,0.001396124709471537,3360124.391851927,0.003003231686046881,7.731098286201027e-06,3148307.123603945,0.0041922481406817536,0.004749576072752407,20000.0
2022-10-11,3132742.036777288,-0.001828785586780013,0.0013986826000509903,3354301.254434767,-0.0017330124537295877,0.00899648802708767,3144108.7795639453,-0.001333524295810684,0.004755918205227967,0.0
2022-10-12,3143771.7517772885,0.003520786221947292,0.0013937754147741645,3366038.7419747673,0.003499234758500558,0.008965116978143726,3152590.710883945,0.0026977219665969,0.004743122579255647,0.0
2022-10-13,3146133.6967772883,0.000751309314572346,0.0013927290444703784,3368553.640194767,0.0007471388218558417,0.008958423791946127,3154613.609643945,0.0006416623486886763,0.004740081047717594,0.0
2022-10-14,3149931.7167772884,0.0012072023524907216,0.0013910497659205274,3372600.913414767,0.0012014869443390808,0.008947673279318813,3158039.400903945,0.001085962239409266,0.004734939082667914,0.0
2022-10-17,3143367.976777288,-0.0020837721545010623,0.0013939544493868025,3365614.760534767,-0.0020714436897090183,0.008966246353748663,3152963.847863945,-0.00160718483706912,0.004742561255206152,0.0
2022-10-18,3140105.3817772884,-0.001037929706004248,0.0013954027793833656,3362141.7590947673,-0.0010319070027634547,0.008975508243558552,3150463.578843945,-0.0007929900692308367,0.004746325043831252,0.0
2022-10-19,3132709.621777288,-0.0023552585346082733,0.0013986970726009404,3354272.032994767,-0.0023406883658941835,0.008996566401868399,3144934.734543945,-0.0017549303972683727,0.00475466915726429,0.0
2022-10-20,3120616.556777288,-0.0038602572405479485,0.0014041173266778272,3341395.648674767,-0.0038388014428585304,0.009031235521820358,3135063.8034839453,-0.00313867596410744,0.004769639510152262,0.0
2022-10-21,3126969.3467772882,0.0020357483479356286,0.0014012647043708838,3348159.4983347673,0.0020242588340841916,0.009012990895378867,3140328.286263945,0.0016792266792622357,0.0047616436311297295,0.0
2022-10-24,3097356.4067772883,-0.009470172782640063,0.0014146617960080802,3316641.8003747673,-0.00941343982437981,0.009098640399260982,3117366.479583945,-0.007311912827852041,0.004796716806277121,0.0
2022-10-25,3086877.3717772886,-0.00338321898541305,0.001419464154083288,3305488.3460547673,-0.003362875761482531,0.00912934123963405,3109070.2275239453,-0.0026613014909646626,0.004809516379388406,0.0
2022-10-26,3076799.5967772882,-0.003264715045741551,0.0014241134787843185,3294761.751734767,-0.003245086110438944,0.009159063188371267,3101216.3934639455,-0.0025261037819189758,0.0048216964851147195,0.0
2022-10-27,3084472.181777288,0.0024936901993994898,0.0014205710147672424,3302933.4963947674,0.0024802232379010913,0.009136402869663102,3107793.7747439453,0.002120903686005926,0.004811491774475048,0.0
2022-10-28,3062058.1767772883,-0.00726672301744824,0.0014309694735781585,3279077.7463147673,-0.0072225947346621355,0.009202871480763838,3090593.149603945,-0.005534673915555177,0.004838270021358674,0.0
2022-10-31,3031240.9817772885,-0.010064209502522847,0.0014455174641771933,3246283.686914767,-0.010001000871923904,0.00929583917647301,3067162.555903945,-0.00758126112555535,0.004875230416191069,0.0
2022-11-01,3066637.3484592186,0.005079228861871288,0.0033003905285063956,3279154.881282327,0.0039649012867981615,2.3319570162432317e-05,3096176.677830225,0.0029389123536764927,8.08785571074386e-06,20000.0
2022-11-02,3088565.178779219,0.007150447812493299,0.0032769588055833816,3302426.605985157,0.007096866584639372,0.0009053070126491685,3108642.176486725,0.004026094100429756,3.160093737011875e-05,0.0
2022-11-03,3076894.546559219,-0.0037786582262164803,0.00328938827966556,3289793.4576651575,-0.0038254138024155226,0.0009087834855381534,3102391.0613067253,-0.002010882830864924,3.1664611193112994e-05,0.0
2022-11-04,3097161.4397592186,0.0065868013652479185,0.003267863511824431,3311787.1198651576,0.006685423411234348,0.0009027482313776509,3114517.0081067253,0.003908581013926993,3.154132935205354e-05,0.0
2022-11-07,3112367.6115992186,0.004909712372365815,0.003251897629797746,3328300.0154051576,0.004986098122355287,0.0008982693721478154,3125089.033066725,0.003394434813642544,3.1434626561300006e-05,0.0
2022-11-08,3108615.5043592188,-0.0012055475792822623,0.003255822678946923,3324202.2609651573,-0.0012311854162887492,0.0008993766715896269,3123112.2375067254,-0.0006325565572957714,3.1454523326286664e-05,0.0
2022-11-09,3111314.5029792185,0.0008682317308830179,0.0032529983225827474,3327147.1381851574,0.0008858899034456247,0.0008985806280837756,3125674.750286725,0.0008204997403631342,3.1428736056512356e-05,0.0
2022-11-10,3111089.1159792184,-7.244108552328932e-05,0.003253233990384472,3326950.3481851574,-5.914676803486785e-05,0.0008986337793674722,3125309.471286725,-0.0001168640467043014,3.143240937506959e-05,0.0
2022-11-11,3158304.4952392187,0.015176479200641246,0.0032045994534330583,3378170.7942451574,0.01539561481220808,0.0008850085289502355,3154434.952226725,0.009319231009788265,3.114218812973828e-05,0.0
2022-11-14,3141950.4295192184,-0.005178115582158749,0.0032212796115842933,3360495.1509251576,-0.005232311921620658,0.0008896635260236803,3139152.417546725,-0.004844777245830323,3.129379961806344e-05,0.0
2022-11-15,3153539.1797392187,0.003688393715929328,0.0032094419261522334,3373204.6592451576,0.003782034417309399,0.0008863114655564898,3145790.638726725,0.002114653988412485,3.1227763702999695e-05,0.0
2022-11-16,3145276.1638792185,-0.002620235674599569,0.0032178735131276797,3364298.327585157,-0.002640317608832432,0.0008886578044056885,3137905.860386725,-0.002506453621844096,3.130623131987769e-05,0.0
2022-11-17,3142616.1616392187,-0.0008457134131965027,0.003220597215391239,3361501.723145157,-0.0008312593497044052,0.0008893971240806807,3138550.049826725,0.00020529278718406374,3.129980569552814e-05,0.0
2022-11-18,3136501.0917792185,-0.0019458532462999223,0.0032268762430040965,3354752.611485157,-0.0020077668303811746,0.0008911864186116554,3134378.3534867247,-0.0013291794853583783,3.134146412668642e-05,0.0
2022-11-21,3125187.3185592187,-0.00360713192469575,0.003238558149495124,3342401.4931651577,-0.003681677831538055,0.0008944796043417233,3128454.5413067252,-0.0018899480253906642,3.140081002558995e-05,0.0
2022-11-22,3143550.2491392186,0.00587578557961943,0.0032196402338375784,3362276.6981451577,0.005946384664033522,0.0008891921259207687,3139412.8873267253,0.003502798546474173,3.129120324434822e-05,0.0
2022-11-23,3161869.2245992185,0.005827479762735122,0.0032009865494995824,3382086.8209051574,0.0058918775991660954,0.000883983801562318,3153090.510066725,0.004356745426896236,3.115546680681481e-05,0.0
2022-11-24,3167716.1628392185,0.0018492030582768493,0.00319507820111864,3388441.645345157,0.0018789654957169777,0.0008823259415621467,3159037.732626725,0.001886156626653257,3.1096813346253976e-05,0.0
2022-11-25,3209214.1312392186,0.013100279907277246,0.0031537630227592727,3433413.2097451575,0.013272049250657725,0.0008707690518204375,3185003.020226725,0.008219366084750712,3.084330096436571e-05,0.0
2022-11-28,3188639.8571592183,-0.006411000711895709,0.0031741122587094963,3411051.909765157,-0.006512848472922439,0.0008764774164235425,3169334.4847067245,-0.004919472735346098,3.099578387806453e-05,0.0
2022-11-29,3236672.6170392185,0.015063714320749044,0.003127007904950597,3463324.8730451576,0.015324587447747007,0.0008632484894577123,3197849.872426725,0.00899727935236827,3.071939291844214e-05,0.0
2022-11-30,3238038.1480392185,0.0004218934571298405,0.0031256891971293064,3464660.443045157,0.0003856323183522026,0.0008629157212675773,3199928.499426725,0.0006500076873285909,3.069943804771446e-05,0.0
2022-12-01,3251909.288342519,-0.0018927694537541617,0.010635350778848742,3471456.0213751574,-0.0038111733854051533,0.0001474241966501498,3212727.4238467254,-0.0022503864012241026,0.0025584179802230897,20000.0
2022-12-02,3249156.3709025187,-0.0008465541919847608,0.010644361807958271,3462194.785962357,-0.0026678244966305,0.005740071050576025,3204433.7372547747,-0.002581509570463436,0.006300720411236267,0.0
2022-12-05,3257084.886702519,0.0024401767397232987,0.010618450911033275,3470724.1374623575,0.002463567773420161,0.00572596474835025,3223020.6422547754,0.005800371149482508,0.00626438465521291,0.0
2022-12-06,3249908.122602519,-0.0022034317033922113,0.010641899610018305,3463063.0324623575,-0.0022073505979076646,0.005738631920952135,3213794.259254775,-0.0028626509179121573,0.006282368884266117,0.0
2022-12-07,3247081.140502519,-0.0008698652372166604,0.010651164687916194,3460024.6654623575,-0.0008773640478151323,0.005743671211575642,3207481.6482547754,-0.0019642237463773915,0.006294733148593694,0.0
2022-12-08,3254816.899602519,0.002382373203893229,0.010625849947732129,3468282.5754623576,0.002386662176842247,0.0057299956476898305,3217119.951254775,0.003004944082920513,0.006275874496659804,0.0
2022-12-09,3249893.2314225193,-0.001512732768654601,0.010641948371756414,3463019.4243623572,-0.001517509310584031,0.005738704184720832,3210241.682454775,-0.002138020622239112,0.00628932119507476,0.0
2022-12-12,3239290.8392825187,-0.003262381679954407,0.010676780103567193,3451634.4295623573,-0.003287591955132174,0.005757632932430093,3188091.137054775,-0.0068999619315459615,0.00633301878359332,0.0
2022-12-13,3238202.486042519,-0.00033598503314402617,0.010680368547547633,3450496.3722623577,-0.0003297154792095691,0.00575953193926347,3189989.1436547753,0.0005953426418523478,0.006329250710754233,0.0
2022-12-14,3240248.999862519,0.0006319906889149518,0.010673622917246944,3452645.7591623575,0.0006229210722485945,0.005755946438935922,3187847.346854775,-0.0006714119401504126,0.006333503100358793,0.0
2022-12-15,3236440.615922519,-0.0011753368152144228,0.010686182781283896,3448554.4943623575,-0.0011849651210649181,0.005762775126461319,3179160.4474547748,-0.0027250048245162084,0.006350809085757063,0.0
2022-12-16,3240683.824942519,0.00131107272573594,0.01067219076305061,3453108.644262357,0.0013205967623375336,0.005755174861172968,3187359.0486547747,0.002578857322713457,0.006334473382688582,0.0
2022-12-19,3236433.132902519,-0.0013116651514362143,0.010686207489014967,3448511.7784623574,-0.0013312253605567426,0.005762846508594204,3173934.842254775,-0.004211701974920379,0.00636126513562328,0.0
2022-12-20,3230453.604042519,-0.0018475675580039708,0.01070598752424115,3442105.1687623574,-0.0018577897109159913,0.0057735725923515014,3162893.024654775,-0.003478904939383076,0.006383472630086504,0.0
2022-12-21,3231199.627042519,0.00023093444185873224,0.010703515713813855,3442896.6257623574,0.00022993399713122642,0.005772245356904166,3163373.8326547747,0.00015201525826258333,0.006382502392336971,0.0
2022-12-22,3228755.722862519,-0.0007563457731136758,0.010711617400357826,3440272.7506623575,-0.0007621126583836624,0.0057766478133257256,3158209.307854775,-0.0016326002152157182,0.006392939506751555,0.0
2022-12-23,3225460.017762519,-0.001020735349120172,0.010722562298729284,3436738.6266623577,-0.0010272801769334317,0.0057825881515051365,3151615.188854775,-0.0020879296959830373,0.006406315443006843,0.0
2022-12-26,3224344.320262519,-0.00034590337311757313,0.010726272552586201,3435555.4241623576,-0.000344280618497117,0.0057845796701717295,3150901.5288547752,-0.00022644261981075164,0.00640776643442539,0.0
2022-12-27,3230314.712962519,0.0018516610222054641,0.010706447840433795,3441970.3896623575,0.0018672280630034344,0.005773798671262615,3163766.086854775,0.004082818165591862,0.006381711068547166,0.0
2022-12-28,3230173.335042519,-4.3765989559019225e-05,0.010706916439226883,3441815.5977623574,-4.4971886006051065e-05,0.005774058341556144,3162818.3006547745,-0.00029957530802871,0.0063836234445068946,0.0
2022-12-29,3229730.030362519,-0.0001372386661703251,0.010708386043844376,3441314.343162358,-0.00014563668092082427,0.005774899378734315,3158944.6278547747,-0.0012247535051880254,0.00639145139700862,0.0
2022-12-30,3235595.211662519,0.001815997388283641,0.010688974893354615,3447597.6403423576,0.0018258422664829688,0.005764374540059236,3166724.992174775,0.0024629631844113042,0.006375748164007591,0.0
2023-01-03,3261030.079945499,0.0016797120552629607,0.006145676762918508,3470329.6804844276,0.0007924475031833023,3.919786791230925e-05,3191933.1048530648,0.0016446368696869662,3.687150363093185e-05,20000.0
2023-01-04,3272406.4992454993,0.0034885968608391327,0.006124311509013363,3481233.271786408,0.003141946819432473,0.0021686247593899906,3199975.5540330647,0.0025196170833818865,3.677883504983341e-05,0.0
2023-01-05,3270331.819465499,-0.0006339920729526716,0.00612819673716622,3478966.1318864077,-0.0006512461886349907,0.002170037988359103,3198662.3210930647,-0.0004103884288568782,3.6793934854949995e-05,0.0
2023-01-06,3271767.411645499,0.00043897447086416186,0.006125507795622862,3480507.966006408,0.00044318744752036565,0.0021690766808014628,3198550.3689130647,-3.499968698217337e-05,3.67952226762261e-05,0.0
2023-01-09,3270086.679865499,-0.0005137075985345296,0.0061286561328471115,3478664.175506408,-0.0005297475305352517,0.0021702263528525887,3197917.693573065,-0.00019780064936558706,3.680250223506648e-05,0.0
2023-01-10,3257080.350785499,-0.00397736523624348,0.0061531293757202095,3464552.912986408,-0.004056517619423716,0.0021790657715487598,3188981.4554530648,-0.00279439278189042,3.690563106412318e-05,0.0
2023-01-11,3264768.2259054994,0.0023603578334032704,0.006138639988736354,3472864.4243864077,0.0023990141321972303,0.0021738506730627953,3192913.214413065,0.0012329199824216985,3.6860185404981606e-05,0.0
2023-01-12,3260634.759545499,-0.001266082635576371,0.006146421866732751,3468409.179046408,-0.001282873385069494,0.002176643030475389,3190480.0203730646,-0.0007620608129956796,3.688829653022546e-05,0.0
2023-01-13,3279767.585565499,0.00586782250418838,0.006110566149169323,3489088.040546408,0.005962059385878238,0.0021637426681918705,3202637.986433065,0.003810701205575695,3.674825989195239e-05,0.0
2023-01-16,3280668.243345499,0.00027461024493447006,0.006108888585778505,3490035.856346408,0.00027165144272234265,0.0021631550440033348,3201624.832973065,-0.0003163496668346921,3.675988887054947e-05,0.0
2023-01-17,3276557.918185499,-0.0012528926593956546,0.006116551968841078,3485632.394866408,-0.0012617238507715012,0.002165887796294014,3199211.068373065,-0.0007539186275483667,3.6787623745354336e-05,0.0
2023-01-18,3284714.8373054992,0.002489478081473262,0.006101362759982984,3494473.5544664077,0.0025364578356057432,0.0021604080124626975,3203929.900133065,0.0014749985728199633,3.6733441970872534e-05,0.0
2023-01-19,3291087.6094454993,0.0019401294954504156,0.006089548247813433,3501308.565006408,0.00195594856663428,0.002156190614520835,3207790.298313065,0.0012048947075402605,3.6689235305429324e-05,0.0
2023-01-20,3309150.5928854994,0.0054884541475466175,0.00605630847643711,3520852.169266408,0.005581800031944306,0.0021442219961144275,3220470.676073065,0.003952994610236349,3.654477401073259e-05,0.0
2023-01-30,3299066.654385499,-0.0030472890903424643,0.006074820209788189,3509909.3133864077,-0.0031080134450178765,0.0021509070441265567,3214596.2838530648,-0.0018240787794295832,3.6611556373795924e-05,0.0
2023-01-31,3308198.513105499,0.0027680127977591784,0.006058051445856575,3519726.829366408,0.0027970853670085116,0.002144907554592021,3221047.1431330647,0.0020067401036960586,3.653823363504227e-05,0.0
2023-02-01,3331732.589813609,0.0010682783073958646,0.0035104415310423945,3551339.460886408,0.0032992990885292173,0.0010445564855921516,3248023.3929130654,0.0021658328704916574,0.00252391481876396,20000.0
2023-02-02,3332250.001413609,0.0001552980577077534,0.003509896450940808,3552126.7868272583,0.00022169830553275816,0.005971978980571716,3247517.673094065,-0.00015570079332061226,0.004956383106833077,0.0
2023-02-03,3330835.152693609,-0.00042459260841776203,0.0035113873600591803,3550643.676427258,-0.00041752743891354527,0.005974473487185677,3242231.4880340653,-0.0016277617528600574,0.00496446407157223,0.0
2023-02-06,3328919.148613609,-0.000575232334284248,0.0035134083861664486,3548620.635707258,-0.0005697673166787931,0.005977879487540722,3238326.5414140653,-0.0012044009301654945,0.004970450486761827,0.0
2023-02-07,3330433.2334136087,0.0004548277481086771,0.0035118111170243096,3550217.448627258,0.00044998129806628206,0.005975190763444794,3241987.885794065,0.0011306285308709807,0.004964837100285118,0.0
2023-02-08,3327463.2463736087,-0.0008917719803546165,0.003514945647064831,3547075.783307258,-0.0008849219422362165,0.005980483024097989,3237361.939494065,-0.001426885745091866,0.004971931478437273,0.0
2023-02-09,3332408.860933609,0.0014863017842166037,0.0035097291303962065,3552301.450387258,0.0014732324312303202,0.005971685343580724,3246834.5525940647,0.0029260284382908175,0.0049574259092461,0.0
2023-02-10,3336718.873013609,0.001293362327332348,0.0035051956424023934,3556863.842747258,0.0012843483087570107,0.005964025457570909,3253285.891874065,0.0019869627403237278,0.004947595221886008,0.0
2023-02-13,3339235.326933609,0.0007541701940645407,0.003502554120481628,3559525.136867258,0.00074821366171407,0.005959566428551174,3257629.081214065,0.0013350161911218628,0.004940998908343055,0.0
2023-02-14,3341742.0978936087,0.0007507020963095634,0.0034999267181573777,3562177.906387258,0.0007452593865748813,0.005955128313277446,3262012.7708740653,0.0013456687519397548,0.004934358895766166,0.0
2023-02-15,3339669.1011736086,-0.0006203341428732134,0.0035020991898565743,3559985.130907258,-0.0006155715794171623,0.005958796378975878,3258874.687794065,-0.0009620082140755493,0.004939110360503196,0.0
2023-02-16,3337855.813813609,-0.0005429541984750541,0.0035040017022922973,3558071.072387258,-0.0005376591332875158,0.005962001903752108,3255038.326934065,-0.001177204166324275,0.004944931554531379,0.0
2023-02-17,3336491.194293609,-0.0004088311766951014,0.00350543483334004,3556632.9222672577,-0.00040419375856803885,0.005964412682131749,3251490.552794065,-0.001089933138618937,0.004950327080062942,0.0
2023-02-20,3348275.984693609,0.003532090964350809,0.0034930968973513037,3569082.515787258,0.003500387527218818,0.005943607751691049,3275261.931874065,0.007310917468166478,0.004914398319543067,0.0
2023-02-21,3354108.863493609,0.001742054366684176,0.0034870223149009055,3575244.773547258,0.0017265663466010661,0.005933363406111902,3287122.900214065,0.0036213800870616986,0.004896665632129873,0.0
2023-02-22,3355898.960853609,0.0005337028202880845,0.0034851622739661275,3577138.335427258,0.0005296313958724763,0.005930222574052172,3290092.812414065,0.0009034989838094809,0.0048922454932981314,0.0
2023-02-23,3353338.683813609,-0.0007629183923190119,0.0034878231984333697,3574434.4734672583,-0.000755872909141142,0.005934708459400284,3284862.5174540654,-0.0015897104605271384,0.004900035130401882,0.0
2023-02-24,3353810.591493609,0.00014072771184059363,0.0034873324341194883,3574932.831907258,0.00013942301745872854,0.005933881139786532,3286073.095554065,0.0003685323490913994,0.004898229974203099,0.0
2023-02-27,3350622.013813609,-0.0009507327838034207,0.0034906511105671245,3571560.7835472575,-0.0009432480324955694,0.005939483545955295,3280381.171474065,-0.0017321355656089166,0.004906729094177932,0.0
2023-02-28,3353130.458053609,0.0007486503191522775,0.0034880397884662732,3574211.467507258,0.000742164034337911,0.005935078743970556,3285624.3240340655,0.0015983363779776827,0.004898899005685107,0.0
2023-03-01,3377338.233176539,0.0012548796342903845,0.0034553440818876095,3598282.894749128,0.001139112019219457,3.370900862329101e-05,3312568.0499040647,0.002113365736674977,0.0004694786524039339,20000.0
2023-03-02,3383620.787116539,0.001860208692835208,0.0034489283553799654,3604124.342875188,0.0016233987979612508,0.0038836082508802044,3322885.867434825,0.0031147488520451017,0.005022834903357586,0.0
2023-03-03,3389337.1440765397,0.0016894200974784113,0.003443111493624777,3610171.6466551884,0.0016778843360258922,0.0038771029206205346,3332075.079174825,0.0027654310459641618,0.005008982906519193,0.0
2023-03-06,3391404.777076539,0.0006100405218210092,0.0034410123366633264,3612370.561855188,0.0006090888232521685,0.0038747428580527183,3334019.036774825,0.0005834075024748753,0.005006062332196733,0.0
2023-03-07,3390679.2929365393,-0.0002139184755838297,0.003441748590275101,3611612.5927151884,-0.00020982596525487285,0.003875556050341881,3331679.526554825,-0.0007017087167754399,0.005009577596463534,0.0
2023-03-08,3390410.6261765393,-7.923685397193125e-05,0.003442021325216215,3611334.0263551883,-7.713074225124128e-05,0.003875854997914728,3330391.276274825,-0.0003866669257147626,0.0050115153837101255,0.0
2023-03-09,3389738.0888965395,-0.00019836455053767743,0.003442704235694563,3610624.909015188,-0.00019635883438784418,0.003876616205754259,3329147.459054825,-0.00037347480125260457,0.0050133877577065375,0.0
2023-03-10,3375846.9064565394,-0.004098010547039621,0.0034568705275763215,3595941.544735188,-0.004066709960189319,0.0038924456532618747,3306024.4230148247,-0.006945632875800856,0.005048452455050252,0.0
2023-03-13,3385979.4682165394,0.0030014873425157074,0.0034465258239401116,3606657.668175188,0.002980060522866257,0.003880880394803356,3322274.837334825,0.0049153945164086554,0.0050237586990889895,0.0
2023-03-14,3383202.740996539,-0.0008200661717132629,0.0034493545228985872,3603723.822175188,-0.0008134528613258363,0.0038840398781557458,3317446.480134825,-0.0014533286487138364,0.005031070497977399,0.0
2023-03-15,3394069.8957165396,0.0032120908949131444,0.0034383103575053586,3615213.5132551882,0.003188282911498197,0.003871695816545335,3335409.045374825,0.0054145757429882035,0.00500397609041972,0.0
2023-03-16,3389739.4115565396,-0.0012758971656610107,0.0034427028923679436,3610640.7537951884,-0.0012648656692706428,0.0038765991937790684,3327489.305794825,-0.0023744432758502354,0.0050158860272696,0.0
2023-03-17,3402213.2861765395,0.0036798919048093293,0.0034300805666578555,3623839.0594351883,0.0036553915329646802,0.0038624803159359538,3346975.028314825,0.005855983514677643,0.0049866840874605274,0.0
2023-03-20,3397931.1251965393,-0.0012586397794044357,0.0034344032431982605,3619315.4622751884,-0.0012482886479801003,0.0038673078324013847,3339577.178434825,-0.0022103092546001957,0.004997730617696821,0.0
2023-03-21,3394453.1448365394,-0.0010235582275961441,0.003437922156707594,3615630.3680751882,-0.0010181743587732717,0.0038712494393169125,3335086.7142348248,-0.0013446205792150279,0.005004459717220448,0.0
2023-03-22,3399156.4816365396,0.0013855948511631855,0.003433165180710009,3620607.1485351883,0.0013764627335646207,0.0038659281333107715,3342283.147214825,0.002157794863109297,0.004993684370737282,0.0
2023-03-23,3399035.534536539,-3.558150401539173e-05,0.003433287342237363,3620480.078295188,-3.509638985599306e-05,0.0038660638181937427,3342108.762094825,-5.217544783575612e-05,0.004993944932050579,0.0
2023-03-24,3393086.510076539,-0.001750209551960813,0.003439306849938249,3614189.8625151883,-0.0017373982576812663,0.003872792400963538,3332552.394354825,-0.002859382629430085,0.005008265479365852,0.0
2023-03-27,3387791.9793165396,-0.0015603877897826246,0.0034446818894983077,3608592.460015188,-0.0015487295114332555,0.0038787996123921856,3323707.983254825,-0.002653945100752675,0.0050215925102062905,0.0
2023-03-28,3390228.5095565394,0.0007192089286696124,0.003442206224047651,3611170.0449951882,0.0007142909620747595,0.0038760309984812486,3327639.3513948247,0.0011828259762307614,0.0050156598574389736,0.0
2023-03-29,3387043.6057565394,-0.0009394363214816348,0.0034454429983438893,3607806.6797351884,-0.0009313782563801221,0.0038796444149318027,3321894.476014825,-0.0017264116610448133,0.005024333926118007,0.0
2023-03-30,3387224.532716539,5.3417369558550476e-05,0.0034452589616727086,3607990.7169751883,5.101083742475865e-05,0.003879446521116016,3323137.111734825,0.0003740744111446759,0.0050224551541637125,0.0
2023-03-31,3391487.7599365395,0.001258619609896705,0.0034409281420368955,3612509.1629751883,0.0012523441312477512,0.0038745941958139222,3329301.368934825,0.0018549512080714425,0.005013155994395657,0.0
2023-04-03,3427184.9425225793,0.004628406085220194,0.002983353140859022,3640957.661387448,0.002338678749620682,3.9921965857986336e-05,3361505.7982243253,0.0036657628544467524,3.364166272895422e-05,20000.0
2023-04-04,3440210.3988825795,0.0038006283811495845,0.0029720574549453494,3653665.278917848,0.0034901854710271962,0.0051890889040235475,3370156.628604325,0.0025734985745284877,3.355530819115641e-05,0.0
2023-04-06,3427992.1949225795,-0.0035515862529712505,0.002982650595798805,3640735.0979578486,-0.0035389615558405474,0.005207518110417659,3362662.7752243252,-0.0022235920183636404,3.363008778593408e-05,0.0
2023-04-07,3422298.3806425794,-0.0016609764422549356,0.002987612950528208,3634706.1743578482,-0.0016559632705445138,0.0052161558729567105,3359704.7632843256,-0.0008796635695359489,3.365969699514233e-05,0.0
2023-04-10,3420672.644282579,-0.0004750422608373883,0.002989032867459283,3632983.326117848,-0.0004739993158606737,0.005218629499769332,3359234.2163043255,-0.0001400560505024906,3.3664411899715496e-05,0.0
2023-04-11,3445843.704602579,0.00735851188861103,0.002967198700545448,3659624.2905978486,0.007333081957320298,0.00518063944611961,3375238.0000643255,0.004764116679427888,3.3504791165284216e-05,0.0
2023-04-12,3484243.3238825793,0.011143749563774508,0.002934497396463708,3700261.028037849,0.01110407359148935,0.005123745004525335,3400470.4997043256,0.00747576900933189,3.325617567778335e-05,0.0
2023-04-13,3486577.960242579,0.0006700554878005249,0.0029325324370111355,3702731.4762778487,0.0006676416126538687,0.005120326461509258,3402197.3466843255,0.0005078258964898996,3.3239295902542945e-05,0.0
2023-04-14,3477945.6384025794,-0.002475872313321026,0.0029398110337560076,3693598.6951578483,-0.002466498361685443,0.005132986965450093,3396318.3617643253,-0.0017279964449239404,3.3296832711094944e-05,0.0
2023-04-17,3498904.005602579,0.006026076707060346,0.002922201622624576,3715782.6213978482,0.006006046696161782,0.005102342060773299,3409560.1845643255,0.003898875602792895,3.316751668946915e-05,0.0
2023-04-18,3505447.814682579,0.001870245388133407,0.0029167465907648437,3722708.366117849,0.0018638724128041684,0.0050928496388289255,3413938.2255043252,0.001284048587797404,3.312498260233781e-05,0.0
2023-04-19,3510313.718802579,0.001388097720245396,0.002912703473713232,3727853.2427578485,0.001382025163944034,0.005085820906357028,3417881.978964325,0.0011551918047425502,3.308676104713069e-05,0.0
2023-04-20,3524295.9989225795,0.0039831995770365225,0.0029011476237254877,3742654.5010778485,0.003970450915350421,0.005065707762335166,3425993.7458243254,0.0023733314695841834,3.300842112251933e-05,0.0
2023-04-21,3498340.875042579,-0.0073646265489434315,0.0029226720116160895,3715179.232677849,-0.007341118019867143,0.005103170741020531,3410929.059084325,-0.004397172866518306,3.3154205897101026e-05,0.0
2023-04-24,3503200.0147625795,0.0013889840623211303,0.002918618097594529,3720318.6139578484,0.0013833467938220156,0.00509612103832124,3414809.8755443254,0.0011377593590415902,3.311652725827397e-05,0.0
2023-04-25,3515853.5271225795,0.003611986842509074,0.0029081140279889166,3733710.643877848,0.0035996997326399605,0.005077842330641243,3422935.035924325,0.0023793888023428966,3.303791720801648e-05,0.0
2023-04-26,3520338.495642579,0.0012756414581553965,0.002904409043401712,3738455.615877848,0.0012708462043731217,0.005071397364549636,3426137.926384325,0.0009357146502591007,3.3007032044570804e-05,0.0
2023-04-27,3525161.2615625793,0.0013699722131748082,0.002900435527323174,3743556.998437849,0.0013645695132327162,0.005064486520643389,3429897.6313443254,0.0010973594877914383,3.2970851168220797e-05,0.0
2023-04-28,3567640.506962579,0.01205029848228012,0.002865900570033731,3788515.089317848,0.012009458089928815,0.005004386550104109,3457467.969444325,0.008038239348033827,3.270793694249661e-05,0.0
2023-05-04,3613158.1100744195,0.0071525152441902495,0.0031363586007549845,3874163.0773378485,0.017328157991267412,0.0006951875809263578,3518344.497564325,0.01182267731219766,0.002280744637109993,20000.0
2023-05-05,3611988.0218744194,-0.00032384085178494004,0.003137374610821321,3869973.8546704487,-0.0010813232648633209,0.006332226084906119,3514548.8173089153,-0.0010788256403082563,0.0033200410964414504,0.0
2023-05-08,3632093.6205544197,0.005566352534460028,0.0031200075488940003,3890638.3436704483,0.005339697314766356,0.006298593502096172,3546751.676788915,0.009162729315752571,0.003289896663833943,0.0
2023-05-09,3623186.5400344194,-0.0024523267984046804,0.003127677636578954,3881505.5653104484,-0.0023473727325126204,0.006313413436646434,3531952.5229889145,-0.004172593727621465,0.0033036815848931267,0.0
2023-05-10,3605494.6559344195,-0.004882962526084,0.0031430249094302506,3863356.092950449,-0.004675884667589836,0.0063430729140305534,3502903.443308915,-0.008224651801213012,0.0033310785460569357,0.0
2023-05-11,3613459.9839144195,0.002209219189075684,0.003136096584676588,3871645.2801104486,0.0021455923193631765,0.006329492403743613,3513826.6370689147,0.0031183256794773406,0.003320723448851938,0.0
2023-05-12,3598690.7596344193,-0.004087280430874141,0.0031489672970874366,3856407.8627104484,-0.003935643969833258,0.006354501459092387,3491409.570788915,-0.006379673386134765,0.0033420446018536595,0.0
2023-05-15,3595527.91687442,-0.0008788870651171843,0.003151737318249093,3853142.3492704486,-0.0008467759521952889,0.006359886858342714,3486441.2211089153,-0.00142302115499926,0.003346807179271466,0.0
2023-05-16,3585389.2540944195,-0.002819798097636217,0.0031606497122951167,3842679.0957504488,-0.002715511800902126,0.006377204231690633,3470967.765468915,-0.004438180556813998,0.0033617271312627504,0.0
2023-05-17,3584496.4766544197,-0.0002490043274884224,0.003161436923770217,3841756.148590449,-0.0002401832515810387,0.006378736297315501,3469621.206148915,-0.0003879492438381149,0.003363031816913125,0.0
2023-05-18,3592409.6248544194,0.00220760384381391,0.0031544730968364335,3849902.685470449,0.002120524199066942,0.006365238654715341,3482001.081988915,0.0035680770621473457,0.0033510749233455987,0.0
2023-05-19,3582131.1224544197,-0.0028611721583438054,0.0031635244850151977,3839368.337590449,-0.002736263417710938,0.006382703412569253,3464917.3219489153,-0.004906305207188932,0.003367597383926071,0.0
2023-05-22,3580984.6806744197,-0.00032004461612633595,0.0031645372781335954,3838202.8606304484,-0.0003035595591570628,0.006384641531537942,3462819.861988915,-0.0006053419937940285,0.0033696371668069883,0.0
2023-05-23,3573847.70015442,-0.0019930217960764107,0.0031708568649777345,3830943.2822704487,-0.0018914003828363057,0.006396740328644445,3449710.208188915,-0.003785831871852108,0.003382442525524828,0.0
2023-05-24,3563085.4662344195,-0.003011385717285986,0.0031804343796433578,3819848.3088704483,-0.0028961466099871602,0.006415320036018743,3433115.056868915,-0.004810592866788199,0.003398792733604799,0.0
2023-05-25,3557080.7078944193,-0.0016852692411968295,0.0031858033159802824,3813631.6531904484,-0.0016274614009053057,0.006425777741263445,3424458.264588915,-0.0025215561193265845,0.0034073846452078223,0.0
2023-05-26,3566812.3160944195,0.002735841269612571,0.003177111243921013,3823601.7655504486,0.0026143354331715773,0.006409022406893114,3440878.3568689153,0.0047949459480334244,0.0033911243870687695,0.0
2023-05-29,3569770.6908744196,0.0008294170025855419,0.0031744782776631808,3826690.3673104485,0.0008077728668889339,0.006403849550982193,3444660.9292289154,0.0010993042960816268,0.0033874006030333056,0.0
2023-05-30,3575431.6198544195,0.0015857962514149726,0.0031694521722893253,3832523.4800704485,0.0015243231618187192,0.006394102871875541,3453449.785788915,0.0025514431581419306,0.0033787798383319257,0.0
2023-05-31,3569629.8197344197,-0.0016226852410720083,0.0031746035546236675,3826569.5474304487,-0.0015535280268890173,0.006404051745748209,3444011.733548915,-0.002732934551079369,0.0033880391275239448,0.0
2023-06-01,3604921.7773703896,0.004283905729224102,0.0004569863570219903,3852258.788653569,0.0014867732449657112,3.9683308405749295e-05,3471075.080091475,0.0020509066428997524,2.747073148091791e-05,20000.0
2023-06-02,3604644.092570389,-7.702935518416609e-05,0.000457021561098147,3842809.001454959,-0.0024530509804904232,0.006563016820614869,3470242.6361116753,-0.00023982309820214098,0.00793074249197532,0.0
2023-06-05,3630518.6665703896,0.0071781217050890245,0.00045376438511634696,3870091.836494959,0.007099711442767553,0.0065167497776488425,3486467.856391676,0.004675529057005745,0.007893834638750642,0.0
2023-06-06,3614404.3704103893,-0.004438565846907716,0.0004557874276260579,3853113.284214959,-0.004387118703461312,0.006545465511818603,3477658.9833716755,-0.0025265894833509384,0.007913829637485744,0.0
2023-06-07,3636425.3607703894,0.006092564113820975,0.00045302732957530726,3876337.989734959,0.006027516921224274,0.006506248985962019,3492009.9372716756,0.004126613324830997,0.007881306532929877,0.0
2023-06-08,3646983.077470389,0.0029033228108834574,0.00045171585263631056,3887467.9622349585,0.002871259557209127,0.006487621341182593,3498312.891971675,0.0018049647089275478,0.007867106683005684,0.0
2023-06-09,3654153.0383703895,0.00196599785293583,0.00045082952276251934,3895036.0472949585,0.0019467903359000616,0.006475015842914807,3503719.3582916753,0.00154544961727332,0.00785496722691116,0.0
2023-06-12,3635644.2556703896,-0.005065136163058481,0.0004531246608686588,3875529.992114959,-0.005007926741408819,0.006507605454291894,3493053.5593316755,-0.0030441362076442102,0.007878951829453484,0.0
2023-06-13,3632816.4197103893,-0.0007778087626669761,0.00045347737954814257,3872565.0757549587,-0.0007650350703084507,0.006512587812366817,3493052.8114516754,-2.1410493356022187e-07,0.007878953516376302,0.0
2023-06-14,3619978.9484903896,-0.0035337517057971723,0.00045508553884732796,3859054.3921749587,-0.0034888202820880787,0.006535388608696164,3487684.6568716755,-0.001536808880301166,0.007891080599116196,0.0
2023-06-15,3622036.1414103894,0.0005682886418048039,0.000454827065791853,3861198.3690549587,0.0005555705263826649,0.006531759755490601,3486223.4492516755,-0.00041896208050840045,0.007894388048357275,0.0
2023-06-16,3619215.6135703893,-0.0007787133341253805,0.00045518152171225785,3858192.226974959,-0.000778551577171438,0.006536849029612338,3480987.4712516754,-0.001501905450473684,0.007906262507109579,0.0
2023-06-19,3587957.8461903897,-0.008636613763158385,0.0004591469969857377,3825245.2911149594,-0.008539474946231973,0.006593151078060155,3462588.2436516755,-0.005285634536737915,0.007948274179620846,0.0
2023-06-20,3575050.8952703895,-0.0035972972574648265,0.000460804648283234,3811636.1025549592,-0.0035577296419685434,0.006616691477461279,3454507.844511675,-0.0023336298085153695,0.00796686589535469,0.0
2023-06-21,3563503.8502703896,-0.0032298966751147518,0.00046229782248298463,3799476.864034959,-0.003190031312760855,0.006637866479380429,3448680.4968716754,-0.0016868821558063685,0.007980327767863785,0.0
2023-06-26,3524072.1434503896,-0.011065431237574752,0.00046747058610916434,3757916.2112149587,-0.010938519777131672,0.006711277925700531,3425757.914511675,-0.0066467689253305595,0.008033726088785342,0.0
2023-06-27,3561166.30677039,0.010525937554638709,0.0004626012739864863,3797009.800614959,0.010402996555200161,0.006642179356733411,3446951.7264316753,0.006186605256087274,0.007984330189667608,0.0
2023-06-28,3569673.5310103893,0.0023888870968551412,0.00046149880544494475,3805978.420174959,0.002362021704170436,0.0066265273552969205,3452244.9036916755,0.0015356110790329947,0.007972088162761843,0.0
2023-06-29,3563455.8072303897,-0.0017418186077761133,0.000462304055250831,3799425.024554959,-0.0017218688327977905,0.006637957046648996,3448727.5413716757,-0.0010188623397600072,0.007980218907269502,0.0
2023-06-30,3575956.0450503896,0.003507897528751913,0.0004606880089228051,3812625.444494959,0.0034743204181391096,0.006614974505658517,3458325.7250716756,0.002783108721943872,0.00795807073120763,0.0
2023-07-03,3619290.0629175897,0.006525252987798158,4.8662636740354076e-05,3857458.189968719,0.0065132926995532525,9.692239520924543e-06,3492400.728955035,0.0040698895946442715,0.0036099634817129355,20000.0
2023-07-04,3617409.7450775895,-0.0005195267047716223,4.8687931420927334e-05,3855465.808336899,-0.0005165011605313685,0.004949462577423448,3491414.841945255,-0.0002822949272704989,0.0036576668838757126,0.0
2023-07-05,3613464.6325975894,-0.001090590438467376,4.8741087985444756e-05,3851303.368096899,-0.001079620582031815,0.004954811894324658,3489223.804385255,-0.00062755005039139,0.0036599636942764866,0.0
2023-07-06,3607352.5837175897,-0.0016914649793060565,4.882367151597517e-05,3844850.8788168994,-0.0016754040550142069,0.004963127137656638,3485790.714165255,-0.0009839123004048433,0.0036635683242140543,0.0
2023-07-07,3611909.6067575896,0.0012632596715300703,4.876207235646702e-05,3849666.142776899,0.0012523929046324156,0.0049569191273127556,3488867.822805255,0.0008827577133347919,0.003660337133376161,0.0
2023-07-10,3616348.9238775894,0.0012290775803729392,4.870221355766875e-05,3854356.356696899,0.0012183430318497557,0.004950887248332277,3491787.557885255,0.0008368717957485394,0.003657276461855979,0.0
2023-07-11,3619177.4185175896,0.0007821409658024248,4.8664151331346495e-05,3857350.442616899,0.0007768056824319913,0.0049470443561651645,3494304.9328652546,0.0007209416203786123,0.003654641678562333,0.0
2023-07-12,3621455.5608375897,0.000629464117548828,4.86335382640998e-05,3859757.641696899,0.0006240550646903209,0.00494395905347822,3495866.959085255,0.00044702058063372796,0.0036530087084884052,0.0
2023-07-13,3644806.9681175896,0.006448072297924101,4.832195480593412e-05,3884417.294696899,0.006388912281331427,0.004912573055153214,3509866.525185255,0.004004604941734824,0.003638438200888929,0.0
2023-07-14,3651109.07675957,0.0017290651321475448,0.0016513143740204848,3893342.0699768993,0.0022975840654875235,0.004901311879079855,3514758.3375052554,0.001393731723100755,0.003633374251932113,0.0
2023-07-17,3640064.2764595696,-0.003025053502318964,0.0016563248452947216,3878279.279096899,-0.003868858838825262,0.004920348010972201,3506879.532485255,-0.002241634918659141,0.003641537248987041,0.0
2023-07-18,3638693.2232395695,-0.00037665632139161076,0.001656948945589301,3875034.557296899,-0.0008366395420484896,0.004924468015637637,3506368.956085255,-0.0001455927970351878,0.0036420675077824902,0.0
2023-07-19,3650895.6794195697,0.003353527058028938,0.0016514108944707697,3890771.021856899,0.004060986896327723,0.004904550699514533,3515382.6586252553,0.002570665737944511,0.0036327289758689854,0.0
2023-07-20,3640320.7932395693,-0.0028965183090856605,0.0016562081316477439,3877258.703736899,-0.0034729152767132287,0.004921643149193899,3507578.777345255,-0.0022199237004406625,0.003640811299160825,0.0
2023-07-21,3640379.2555995695,1.605967257312102e-05,0.0016561815339145875,3876054.936256899,-0.0003104687027563058,0.004923171639906388,3508040.263525255,0.00013156830089755545,0.003640332346819251,0.0
2023-07-24,3644986.9941395693,0.0012657303584269197,0.0016540879046381804,3881200.147576899,0.0013274350866059326,0.004916645112675433,3511697.567205255,0.0010425489462098092,0.0036365410747539175,0.0
2023-07-25,3669693.3341795695,0.006778169601077577,0.0016429516993734484,3916682.384496899,0.00914207862796057,0.004872103955233094,3528836.470785255,0.004880518111825882,0.0036188790699087205,0.0
2023-07-26,3667582.5162395695,-0.0005752028160881384,0.0016438972737146487,3912971.604776899,-0.0009474293179063675,0.004876724306816719,3527591.479505255,-0.00035280503653467576,0.003620156279277092,0.0
2023-07-27,3672804.8871395695,0.0014239273082135018,0.0016415598118704605,3918438.5950568994,0.0013971454005254902,0.004869920320040649,3531812.4906252553,0.0011965702787648524,0.003615829684943013,0.0
2023-07-28,3700842.992459569,0.007633976261079312,0.0016291231246108062,3954442.527616899,0.009188336549517118,0.0048255812554188204,3552496.5580652547,0.005856502148656739,0.0035947768665004123,0.0
2023-07-31,3709778.0757195693,0.0024143372950988784,0.0016251993452196722,3967144.4826168986,0.003212072222896767,0.004810130767990458,3558785.761665255,0.0017703616308146763,0.0035884240582326247,0.0
2023-08-01,3730053.9807085097,7.43723703438004e-05,0.0046031371174012885,3987966.7699168986,0.0002072743515149078,0.0005798212398212411,3580041.3358652554,0.0003528097177203371,0.0023063928794720724,20000.0
2023-08-02,3723505.0515085096,-0.0017557196849886658,0.004611233150215193,3980744.493486449,-0.0018110172042882233,0.008558481726771344,3568570.2185257548,-0.003204185723941766,0.009578288634565823,0.0
2023-08-03,3726153.79874851,0.0007113585730003091,0.004607955241749973,3983561.368926449,0.0007076252808009276,0.008552429811224647,3572038.0814057547,0.0009717793591386137,0.009568989687899312,0.0
2023-08-04,3727218.47036851,0.00028572938142223947,0.004606638989641028,3984693.0475264494,0.00028408715096683856,0.008550000865837905,3573488.3678057548,0.00040601090104552817,0.00956510615053254,0.0
2023-08-07,3720545.8287885096,-0.0017902469718499292,0.004614900801826886,3977609.8313064496,-0.0017776064895128618,0.008565226467991554,3562463.987765755,-0.003085047131906271,0.009594706271597213,0.0
2023-08-08,3724303.7282685097,0.0010100398309631498,0.00461024427148222,3981602.8494864493,0.001003873770768493,0.00855663668485763,3568089.720125755,0.0015791689064983405,0.009579578499094084,0.0
2023-08-09,3719178.9529285096,-0.0013760358214346402,0.004616596874154179,3976162.650846449,-0.0013663338222449362,0.008568343902932834,3559575.736845755,-0.002386146074740414,0.009602491446366561,0.0
2023-08-10,3719111.57492851,-1.8116364082554348e-05,0.004616680511619181,3976090.8621664494,-1.805476443084153e-05,0.008568498605156676,3559469.6442857548,-2.9804832891167088e-05,0.009602777655549876,0.0
2023-08-11,3711454.6937285103,-0.0020587930869341298,0.004626204910307262,3967960.7352664494,-0.002044753800110599,0.008586054973692091,3546927.222485755,-0.00352367713547852,0.009636734396202454,0.0
2023-08-14,3711372.2564885095,-2.2211571150232423e-05,0.00462630766786919,3967879.4164264495,-2.0493862068038382e-05,0.008586230938724633,3545766.1968057547,-0.000327332817160797,0.009639889848503684,0.0
2023-08-15,3720446.82220851,0.0024450702039213734,0.004615023611147181,3977534.0521864495,0.0024331978739149385,0.008565389650836964,3557463.325925755,0.0032989002857937155,0.009608193376627567,0.0
2023-08-16,3718912.8351085093,-0.0004123125993479304,0.004616927228413728,3975914.8824464497,-0.000407078787700077,0.008568877859247856,3553378.746845755,-0.001148171802709208,0.00961923791436439,0.0
2023-08-17,3717852.8934885096,-0.00028501383791346147,0.00461824349171572,3974789.2516464493,-0.00028311239885192574,0.008571304501826658,3551912.048045755,-0.000412761741568346,0.009623210007286475,0.0
2023-08-18,3717335.51524851,-0.00013916049258044794,0.004618886258202585,3974243.8793464494,-0.00013720785316451156,0.008572480713501652,3550319.6810457553,-0.00044831262105027303,0.00962752614876846,0.0
2023-08-21,3715246.5209085094,-0.0005619601274707842,0.004621483347573692,3972039.8385664495,-0.0005545811598161032,0.008577237487815663,3544662.163885755,-0.001593523307268474,0.00964289232243374,0.0
2023-08-22,3723947.64796851,0.002342005304636796,0.004610685098614726,3981273.4981264495,0.00232466438789114,0.008557344533723203,3559694.349005755,0.00424079486986173,0.009602171482869652,0.0
2023-08-23,3721430.7461085096,-0.0006758692919256459,0.004613803426669794,3978599.8881064495,-0.000671546433888115,0.00856309504966685,3555721.800565755,-0.0011159802079944159,0.009612899288216745,0.0
2023-08-24,3717960.4536285093,-0.0009325156685043856,0.004618109886497829,3974913.3573464495,-0.0009265899722714632,0.00857103688649785,3550313.7318457547,-0.00152094821342319,0.009627542281449372,0.0
2023-08-25,3716553.0850085095,-0.0003785324339925511,0.0046198586528383885,3973416.2479264494,-0.0003766395102003939,0.008574266293955132,3548421.519005755,-0.0005329706000420931,0.009632676214671516,0.0
2023-08-28,3724207.3488285094,0.0020595061189561115,0.004610363580833051,3981539.3590864493,0.002044364509819152,0.00855677313064826,3561442.380925755,0.0036694800350687284,0.009597458532200207,0.0
2023-08-29,3722281.23944851,-0.000517186396886582,0.004612749231988084,3979482.2798264497,-0.0005166542571795052,0.008561196309167941,3560127.401205755,-0.0003692267287667139,0.00960100347930775,0.0
2023-08-30,3715895.18986851,-0.0017156279091223858,0.004620676593711284,3972703.4271264495,-0.0017034509072612058,0.008575804771586594,3549375.241005755,-0.003020161637012797,0.009630087901348464,0.0
2023-08-31,3713098.99176851,-0.0007524964933413036,0.004624156255077892,3969739.0517264497,-0.0007461859296514772,0.008582208694960106,3544061.3082057554,-0.001497145959268531,0.009644527166224433,0.0
2023-09-01,3742323.9733398,0.002484442669516751,0.005178640945536426,3993218.9109900896,0.0008765964760646394,1.8128585410180702e-05,3569593.3642323953,0.0015609368872460117,0.0013878577436958683,20000.0
2023-09-04,3781437.4018198,0.010451641482309704,0.005125075493904366,4030864.3299470497,0.009427336641463002,0.0029554913467420645,3590864.364552395,0.005958942139778989,0.0013796365692060463,0.0
2023-09-05,3762248.1888397997,-0.005074581684405444,0.00515121575904765,4010426.5534470496,-0.005070321109087894,0.0029705530043456626,3579591.3056323947,-0.003139371966060178,0.0013839814016198403,0.0
2023-09-06,3752653.7409598,-0.0025501900455319193,0.005164385924623911,4000190.8744470496,-0.0025522669131546882,0.002978154048385635,3572568.564112395,-0.001961883611950266,0.0013867019494491239,0.0
2023-09-07,3749787.632139799,-0.0007637552030760331,0.005168333266047085,3997126.6739470493,-0.0007660135718958738,0.0029804371036572185,3569937.6130323946,-0.00073643123505851,0.001387723912684062,0.0
2023-09-08,3736688.4667798,-0.0034933085937253194,0.005186451140386735,3983164.970347049,-0.003492934985273588,0.002990884067252623,3560087.978952395,-0.0027590493581856057,0.00139156330452629,0.0
2023-09-11,3754447.9211198,0.004752725440690719,0.005161917961568033,4002098.114247049,0.004753291425524386,0.0029767347793498784,3573295.798672395,0.0037099700339109365,0.0013864197288777306,0.0
2023-09-12,3750272.9775997996,-0.0011119993159354191,0.0051676644008467575,3997652.870647049,-0.0011107282912868888,0.0029800447994178946,3570957.2791523947,-0.0006544433071756783,0.0013873276561771756,0.0
2023-09-13,3753253.3731397996,0.0007947142935464946,0.0051635608452374505,4000839.0055470495,0.0007970013913400908,0.0029776715910169002,3573716.1500723953,0.0007725858094431715,0.0013862566539580815,0.0
2023-09-14,3767088.5253797993,0.0036861759291315632,0.0051445969557739925,4015591.4199470496,0.0036873301773818756,0.0029667322695910246,3583227.613592395,0.002661505033019207,0.0013825769185308754,0.0
2023-09-15,3768563.6621797998,0.00039158538220229744,0.005142583195367928,4017150.0925470493,0.00038815517740609096,0.0029655811639082356,3583122.638232395,-2.9296313636906213e-05,0.0013826174241245723,0.0
2023-09-18,3767516.1838598,-0.0002779516054118858,0.005144012982034544,4016017.076147049,-0.00028204482628169103,0.002966417826708849,3581100.5431923945,-0.0005643387749066919,0.0013833981293300867,0.0
2023-09-19,3778451.2860198,0.0029024698571560315,0.005129125848864655,4027668.052347049,0.0029011271563561536,0.002957836766142524,3587881.8019123953,0.0018936242192060249,0.001380783444358371,0.0
2023-09-20,3791309.3207797995,0.0034029907458577036,0.005111730676676608,4041364.24214705,0.00340052596738194,0.0029478126526701425,3595549.972872395,0.0021372417998588578,0.0013778386699594717,0.0
2023-09-21,3774140.5229198,-0.004528461385595373,0.005134984254589155,4023075.45464705,-0.004525399445382328,0.0029612133258124325,3585254.4336323948,-0.0028634115274931426,0.0013817953186033968,0.0
2023-09-22,3784049.7859197995,0.002625568110095955,0.0051215373095545216,4033617.5226470493,0.0026204002681138316,0.002953474041641847,3590096.894832395,0.0013506604035056213,0.0013799314997671112,0.0
2023-09-25,3783281.9747397993,-0.00020290726164784445,0.005122576717568865,4032784.6865470493,-0.00020647374108329064,0.00295408398241317,3588484.070872395,-0.00044924245981259325,0.0013805517022097103,0.0
2023-09-26,3778297.8507998,-0.0013174074714169537,0.0051293341406892035,4027465.6970470496,-0.0013189371398237837,0.002957985379188838,3584673.000112395,-0.0010620280555052597,0.0013820194456342276,0.0
2023-09-27,3771695.0180398,-0.0017475680903774604,0.005138313693738731,4020429.4070470496,-0.0017470763326821181,0.0029631622498254052,3580498.178272395,-0.0011646311504198703,0.0013836308652405694,0.0
2023-09-28,3772082.1148397997,0.00010263205220684135,0.0051377863921775015,4020870.806447049,0.00010978911835279881,0.0029628369625674614,3583384.552832395,0.0008061376982442248,0.0013825163666789499,0.0
2023-10-09,3783081.8365184497,-0.002386023964309203,0.002870810182749022,4034405.896647049,-0.0016078382298765348,0.0018242373810642932,3599996.910572395,-0.0009453750246598558,0.0035214898254953314,20000.0
2023-10-10,3774915.82353845,-0.002158561017943761,0.002877020406847071,4025550.19884959,-0.0021950438365210267,0.014361212781823224,3583322.435746895,-0.004631802537532925,0.012329062086673982,0.0
2023-10-11,3771109.4396184497,-0.00100833610547435,0.002879924338538654,4021531.3565695896,-0.0009983336640911888,0.014375564391695765,3580842.518386895,-0.0006920720656508061,0.012337600595403217,0.0
2023-10-12,3779722.6890984504,0.002284009418955568,0.0028733615536859704,4030621.6843095897,0.0022604144874192045,0.014343142943590948,3597009.0130668953,0.004514718141607421,0.0122821501493062,0.0
2023-10-13,3781937.58503845,0.0005859942969859144,0.0028716787663061395,4032959.42410959,0.0005799948452369641,0.014334828816769866,3597615.431766895,0.00016858970822619668,0.012280079854226581,0.0
2023-10-16,3786521.1614384498,0.0012119651096655915,0.0028682026048216435,4037797.2823495893,0.0011995801919251203,0.014317653643064802,3604128.946246895,0.001810508822728929,0.012257886841951214,0.0
2023-10-17,3788684.3286184496,0.0005712808902349487,0.0028665649910216565,4040079.1732695894,0.0005651326107862786,0.01430956684019718,3609958.571786895,0.0016174852861661204,0.012238091908358695,0.0
2023-10-18,3784869.20899845,-0.0010069774330844217,0.002869454466915104,4036052.01388959,-0.0009968020940392952,0.014323844878767028,3603108.029726895,-0.0018976788580177262,0.012261360032062083,0.0
2023-10-19,3767952.35007845,-0.004469601982488691,0.0028823373677281023,4018197.00590959,-0.004423879553225207,0.0143874934167154,3574506.820966895,-0.007937927068528028,0.012359468592353953,0.0
2023-10-20,3773312.79653845,0.0014226417857667872,0.0028782426594511907,4023855.5905295894,0.001408239718380555,0.014367260869314896,3580636.278106895,0.0017147700219919404,0.012338311226141358,0.0
2023-10-23,3762858.44447845,-0.002770603081088452,0.0028862392829011553,4012823.17294959,-0.0027417528616000553,0.014406760646543944,3557123.563046895,-0.00656663040693739,0.012419867908398797,0.0
2023-10-24,3763483.98997845,0.00016624210270732576,0.0028857595481659604,4013482.3457495896,0.0001642665952596989,0.014404394485705,3561924.7811468947,0.0013497473492001255,0.01240312682085056,0.0
2023-10-25,3772888.0067184498,0.0024987529547200182,0.0028785667210663372,4023408.96966959,0.0024733194430299754,0.014368855715489785,3577679.1060868953,0.004422980806160659,0.012348509599905489,0.0
2023-10-26,3775581.0937384497,0.0007137998835915482,0.0028765134660890933,4026251.0603295895,0.0007063887070453134,0.014358712882861625,3582085.265706895,0.0012315692630182618,0.012333320261760143,0.0
2023-10-27,3778588.6540584494,0.0007965821009612295,0.002874223910767621,4029424.4608495897,0.0007881775061837626,0.014347404581298528,3587598.1975468947,0.001539028647022489,0.012314368096489666,0.0
2023-10-30,3768698.31069845,-0.0026174702423288343,0.002881766849742151,4018986.55204959,-0.0025904217590914103,0.014384666935525595,3567098.649546895,-0.0057140033167639714,0.012385136809296564,0.0
2023-10-31,3771741.99321845,0.0008076216956287574,0.0028794413504362477,4022199.22922959,0.0007993749514692006,0.014373177377556952,3569113.110706895,0.0005647337957013221,0.012378146451667165,0.0
2023-11-01,3793501.65473123,0.00046653814495889456,0.005946131122177783,4045521.5088437493,0.0008259858412820176,1.1159847661438304e-05,3592087.676845055,0.00083341884829502,0.006726774332601458,20000.0
2023-11-02,3798863.67711123,0.0014134756929162773,0.005937738273457353,4051271.6395683093,0.0014213571011771897,0.0004107014034949038,3596344.2066050554,0.0011849737932172477,0.006718812715611922,0.0
2023-11-03,3785440.5400512298,-0.0035334611086142997,0.005958793438325944,4036945.8997683097,-0.0035361094181100006,0.0004121588422587724,3588106.347085055,-0.0022906204319571577,0.006734238299454321,0.0
2023-11-06,3780870.58061123,-0.0012072463935566269,0.005965995865318323,4032067.8745283093,-0.0012083454574608465,0.00041265747504422935,3585214.9760050555,-0.000805820898354459,0.006739669265796697,0.0
2023-11-07,3785890.90509123,0.0013278223554502588,0.005958084587407499,4037431.6434483095,0.0013302774375114623,0.0004121092553999811,3588822.6619650554,0.0010062676810582705,0.006732894171991437,0.0
2023-11-08,3785986.06593123,2.51356529772373e-05,0.005957934830825131,4037534.000728309,2.5352077518414617e-05,0.00041209880783905955,3588961.564445055,3.870419162033123e-05,0.006732633590850828,0.0
2023-11-09,3790554.1057912298,0.0012065654179518326,0.005950754855805407,4042409.6046083095,0.001207569739132941,0.00041160176999703753,3591821.0867650555,0.0007967547906695405,0.006727273603379191,0.0
2023-11-10,3779631.68727123,-0.002881483343902813,0.005967951408385893,4030757.028868309,-0.0028825816480142485,0.0004127916757058803,3585342.7888250556,-0.0018036248976517344,0.006739429005329159,0.0
2023-11-13,3786737.51559123,0.001880031947009586,0.00595675252334158,4038344.3094483097,0.001882346300126736,0.00041201611868927295,3590123.9429650554,0.0013335277605539542,0.006730453758401207,0.0
2023-11-14,3788561.1257312302,0.0004815781744818004,0.005953885262145961,4040285.1007083096,0.00048059083408502623,0.00041181820263577686,3590698.579745055,0.00016006042942495746,0.006729376651484608,0.0
2023-11-15,3803954.20789123,0.004063041785297594,0.005929792268381394,4056708.2880883096,0.004064858536126703,0.0004101509968551095,3599795.2611650554,0.0025334015701885537,0.006712371518938839,0.0
2023-11-16,3802464.4474112303,-0.00039163470393766,0.0059321154906753085,4055128.2055483097,-0.0003894986841029846,0.00041031081237660337,3599681.802905055,-3.151797582057192e-05,0.0067125830859702355,0.0
2023-11-17,3798492.45301123,-0.0010445842308148823,0.005938318564605451,4050894.323988309,-0.0010440808145616431,0.0004107396577730638,3597724.3467050553,-0.0005437858975257948,0.006716235279999964,0.0
2023-11-20,3807556.5956712305,0.0023862473789608707,0.005924182000833475,4060568.1822283096,0.002388079635332385,0.0004097611155975542,3603275.2500250554,0.0015428928914700268,0.006705888811821217,0.0
2023-11-21,3814437.12189123,0.001807071292865725,0.005913495892166261,4067912.3696083096,0.0018086600323923285,0.0004090213350564419,3607684.9479650552,0.0012238026889479503,0.00669769215814833,0.0
2023-11-22,3805055.34847123,-0.002459543340263104,0.005928076252634,4057896.4414483095,-0.002462178938472226,0.0004100309045136581,3601427.3719250555,-0.0017345128885296601,0.006709329576772635,0.0
2023-11-23,3817445.76385123,0.003256303587010345,0.0059088352910806,4071105.8666883092,0.00325523961259222,0.00040870048650031655,3607697.526485055,0.0017410192994251616,0.006697668806120022,0.0
2023-11-24,3817718.29393123,7.139068813510896e-05,0.005908413485376091,4071400.554048309,7.238508887996709e-05,0.00040867090482054843,3608047.956245055,9.713390810262013e-05,0.006697018298560048,0.0
2023-11-27,3801823.96841123,-0.004163304962879533,0.0059331148518842755,4054435.9375483096,-0.004166776585794563,0.00041038087022184685,3598065.264905055,-0.0027667845497233445,0.006715598913877102,0.0
2023-11-28,3802392.88799123,0.0001496438511428,0.005932227130570604,4055049.9589083097,0.00015144433639058263,0.0004103187297741076,3599117.4136650553,0.0002924206990524425,0.0067136357078302344,0.0
2023-11-29,3786350.90583123,-0.004218917569161262,0.005957360744481327,4037928.7715283097,-0.0042221890120952565,0.00041205851872420517,3588968.1322450554,-0.0028199361825388403,0.006732621270153271,0.0
2023-11-30,3791403.68695123,0.0013344724896517945,0.005949421405286627,4043324.7113283095,0.0013363137651281054,0.0004115086140987163,3592526.9082850553,0.0009915875284669529,0.0067259519001320305,0.0
2023-12-01,3832751.20019618,0.0056305038997617185,0.0021891465419802913,4090506.3124683094,0.006722586752393234,0.0022794479304160814,3629150.723488255,0.0046273321335079665,0.0014213895650211936,20000.0
2023-12-04,3824340.82667618,-0.002194343718311176,0.00219396084618133,4077567.83142089,-0.0031630512359757113,0.0028453969181052243,3622908.2465906553,-0.0017200930391778613,0.005090911735899465,0.0
2023-12-05,3801565.37731618,-0.005955392155723382,0.0022071050221169025,4068596.19834089,-0.0022002412837541785,0.0028516712829897545,3606582.1274306555,-0.004506357337468736,0.005113957053792322,0.0
2023-12-06,3795284.8786761803,-0.0016520822389312073,0.0022107573751109096,4065424.94336089,-0.000779446970258002,0.0028538957433803646,3601930.3354506553,-0.001289806197568577,0.0051205615858607965,0.0
2023-12-07,3793987.2421961804,-0.0003419075303913166,0.0022115135082329367,4065628.58558089,5.009125069022069e-05,0.0028537527953336854,3601156.8001106554,-0.00021475577480956076,0.005121661492242876,0.0
2023-12-08,3792638.8357161805,-0.0003554061713764156,0.0022122997732252755,4065739.99880089,2.7403688668270476e-05,0.0028536745941235477,3600300.3837706554,-0.00023781700923819482,0.005122879800195645,0.0
2023-12-11,3812672.3016361804,0.005282197115986875,0.0022006753721214322,4077124.89274089,0.002800202163285803,0.002845706041908919,3615370.1407106556,0.004185694340375301,0.0051015263701408705,0.0
2023-12-12,3821535.01043618,0.0023245398761904124,0.0021955716782044122,4079895.2765208897,0.0006794944606509645,0.0028437737134233026,3621633.2017306555,0.0017323429624742648,0.005092704060102388,0.0
2023-12-13,3812091.41595618,-0.0024711521559296346,0.002201010710567054,4078496.2113208896,-0.0003429169390820608,0.00284474922612038,3615388.981410655,-0.0017241448739249154,0.00510149978480569,0.0
2023-12-14,3810071.7862761803,-0.0005297957104455353,0.00220217741471501,4077554.53510089,-0.0002308880948291847,0.0028454061965361133,3613905.884910655,-0.00041021768546223303,0.005103593369065088,0.0
2023-12-15,3801629.2474761805,-0.002215847698830653,0.0022070679411335336,4075498.58032089,-0.0005042126996221974,0.002846841610229804,3608193.1048906553,-0.0015807771983915586,0.005111673786432297,0.0
2023-12-18,3800789.01779618,-0.00022101831222975932,0.0022075558514019636,4076417.50410089,0.00022547518098448016,0.002846199862800621,3607839.8083906556,-9.791507542122879e-05,0.0051121743453688894,0.0
2023-12-19,3799078.7977161803,-0.0004499644868453112,0.0022085496202985336,4075981.75420089,-0.00010689530686225357,0.0028465041407342295,3606704.3143706555,-0.00031472961115386333,0.005113783804557223,0.0
2023-12-20,3792843.58267618,-0.0016412439362269993,0.0022121803478803324,4072900.79134089,-0.0007558823973696782,0.002848657390712006,3602149.9810706554,-0.0012627409687713254,0.005120249353185815,0.0
2023-12-21,3789702.7945161806,-0.0008280827014183201,0.002214013734354454,4072432.25994089,-0.00011503629084108624,0.002848985127393723,3600037.1806306555,-0.000586538720237284,0.005123254340229984,0.0
2023-12-22,3792813.92019618,0.0008209418650195754,0.002212197648690946,4075101.09936089,0.000655342863834063,0.0028471192880857913,3602580.4019306554,0.0007064430650003395,0.005119637607746677,0.0
2023-12-25,3792234.3933161804,-0.0001527960222129643,0.0022125357153472552,4076442.56790089,0.0003291865667358618,0.0028461823630853834,3602508.9690706553,-1.9828248652542513e-05,0.005119739123207047,0.0
2023-12-26,3791067.8540361803,-0.0003076126523340328,0.0022132165287538546,4076853.56536089,0.00010082258075616579,0.0028458954325633105,3601862.870090655,-0.0001793469455724228,0.005120657497488544,0.0
2023-12-27,3805714.1097961804,0.003863358906754266,0.0022046989852923136,4084269.5305008898,0.0018190413320238186,0.0028407280308621334,3612793.5579906553,0.003034731830233506,0.005105164691700058,0.0
2023-12-28,3801956.0640361803,-0.0009874745321322154,0.0022068782213313957,4082867.54118089,-0.00034326562180331255,0.002841703489977601,3610205.8426706553,-0.0007162643750503461,0.005108823960301225,0.0
2023-12-29,3812708.5347561804,0.0028281417614766102,0.002200654458554578,4090929.44446089,0.0019745689025385538,0.0028361034083830244,3618919.2862706557,0.0024135586666589326,0.005096523202555868,0.0
2024-01-02,3859423.4715498704,0.007006813279892832,0.0009679921826174074,4124224.4260748196,0.0032498682254056277,3.4577834149489144e-06,3657117.5955684655,0.005028658518815288,0.0016702284815415824,20000.0
2024-01-03,3880321.73634987,0.005414867001264145,0.0009627788631219736,4149502.40513504,0.006129147313226779,0.002814467927669495,3667398.790768465,0.0028112837313347683,0.001665546158721781,0.0
2024-01-04,3907187.5874698707,0.006923614314846116,0.0009561587884470158,4177970.5394750396,0.006860614011157118,0.0027952905183738844,3685758.0959684653,0.00500608367058808,0.0016572498274226356,0.0
2024-01-05,3912001.5316898706,0.0012320739949722714,0.0009549821797376992,4183084.45601504,0.0012240192915873305,0.002791873211703094,3691576.569768465,0.0015786369176979953,0.0016546377551768965,0.0
2024-01-08,3885606.7886698702,-0.006747119807133273,0.0009614693284878909,4155119.06687504,-0.006685351308120868,0.0028106634845059234,3674010.5527684656,-0.0047584051605087385,0.0016625488361383751,0.0
2024-01-09,3902718.3856098703,0.00440384163160723,0.000957253734639275,4173252.6234550397,0.00436414848483202,0.002798450630427267,3685684.532168465,0.0031774485218076798,0.0016572829050215973,0.0
2024-01-10,3891098.17790987,-0.002977465077379504,0.0009601124358874877,4160944.67355504,-0.0029492463098986788,0.0028067283636967876,3678309.6979684653,-0.0020009401606764232,0.0016606056776129806,0.0
2024-01-11,3872245.2027498703,-0.004845155351522634,0.00096478697868032,4140970.27243504,-0.004800448620945974,0.0028202669100960576,3666180.1967684655,-0.0032975747547029366,0.0016660997661406224,0.0
2024-01-12,3880767.0646298705,0.002200754713040487,0.0009626683817021938,4150001.75859504,0.0021810072436692085,0.0028141292737653536,3670417.9619684657,0.0011559075038742872,0.0016641761324613417,0.0
2024-01-15,3897004.75306987,0.004184144054404371,0.00095865722178744,4167206.2331750398,0.0041456547685474465,0.002802511030547657,3680503.4043684653,0.002747764016115095,0.0016596158996118157,0.0
2024-01-16,3910594.9636898707,0.0034873477147532306,0.000955325668998812,4181604.90001504,0.003455232602930236,0.0027928610460060434,3688551.873768465,0.0021867849355734492,0.0016559945955768173,0.0
2024-01-17,3881727.1642298703,-0.00738194564459882,0.0009624302769902703,4151025.52179504,-0.007312832979483486,0.002813435227926465,3672059.4131684657,-0.004471256244838906,0.001663432227311048,0.0
2024-01-18,3868623.6200098707,-0.0033756994414106956,0.0009656901567128617,4137147.56375504,-0.00334326010937136,0.0028228728260395915,3664792.5445684656,-0.001978962697046893,0.0016667306250440358,0.0
2024-01-19,3855456.8421898703,-0.0034034786304610876,0.0009689880869600014,4123205.21451504,-0.0033700391453634904,0.0028324181862031356,3657324.5767684653,-0.0020377600393965967,0.0016701339572826256,0.0
2024-01-22,3801214.19930987,-0.014069057209103897,0.000982815372663998,4065745.61035504,-0.013935664409261861,0.0028724476527246788,3625074.9503684654,-0.00881781907048973,0.0016849919110898549,0.0
2024-01-23,3814574.60182987,0.003514772338382155,0.0009793730991860233,4079898.03199504,0.003480892066624941,0.002862483656075402,3632768.0315684653,0.002122185418323097,0.001681423618404852,0.0
2024-01-24,3862845.19304987,0.012654252769586538,0.0009671347318272351,4131036.8385350397,0.012534334470852837,0.0028270484848015817,3662369.718568465,0.008148521111935425,0.0016678332440048904,0.0
2024-01-25,3927105.5067098704,0.01663548769068446,0.0009513092386968593,4199113.64765504,0.01647935174166637,0.0027812158505311807,3701709.1959684654,0.010741536333851442,0.0016501085431340178,0.0
2024-01-26,3964606.6562298704,0.00954931041601137,0.000942310820166721,4238850.97629504,0.009463265816153976,0.002755143198086123,3725398.600768465,0.006399585582195222,0.0016396156822535268,0.0
2024-01-29,3965148.8226298704,0.00013675162431270316,0.0009421819752512073,4239429.58509504,0.00013650133095866046,0.0027547671687011143,3726310.701568465,0.0002448330763349382,0.001639214348361845,0.0
2024-01-30,3951472.4167898702,-0.0034491532226851307,0.0009454429528589257,4224952.10971504,-0.003414958330927198,0.0027642068198088262,3720728.1363684656,-0.001498148073817318,0.0016416738188313634,0.0
2024-01-31,3939123.69766987,-0.0031250930836642654,0.0009484068124289474,4211876.96087504,-0.0030947448634824903,0.0027727878908916895,3714822.829968465,-0.0015871372977452891,0.0016442835225380515,0.0
2024-02-01,3947860.9576009205,-0.0028591993888417155,0.008830707255228703,4207747.370375039,-0.00572894002463642,0.0015453065411720414,3721035.251520365,-0.003711503638039515,0.0004451196531095959,20000.0
2024-02-02,3949488.8452009205,0.00041234674105372626,0.008827067442735629,4212536.238663709,0.0011381073688943033,0.003975092028887063,3723599.716089685,0.0006891804016830871,0.003195353066086319,0.0
2024-02-05,3953856.6068009203,0.0011059055414999186,0.008817316323752034,4218851.537123709,0.0014991677465079345,0.0039691416197893525,3728783.253669685,0.001392077015583082,0.0031909110721240453,0.0
2024-02-06,3960862.4590009204,0.0017719034595107264,0.008801720524704662,4247928.796663709,0.006892221564123613,0.003941972670742873,3742729.995989685,0.003740293112042492,0.003179020603258636,0.0
2024-02-07,3971572.381200921,0.0027039369104226996,0.008777985405966318,4275226.71484371,0.006426171314698248,0.003916802626061939,3758901.6748296856,0.004320824333395201,0.003165343709136639,0.0
2024-02-08,3973843.7578009204,0.0005719086502744553,0.00877296806963871,4274677.8862637095,-0.00012837414635691324,0.003917305506812395,3760119.752189685,0.00032405140260949317,0.003164318307350839,0.0
2024-02-19,3993881.05320092,0.005042295727069046,0.008728954101670077,4330337.6343037095,0.013020805197710317,0.0038669546436885453,3792019.5526096853,0.0084837192755427,0.0031376989502854527,0.0
2024-02-20,4002199.57040092,0.002082815459246934,0.008710811089669934,4350489.655443709,0.004653683578934142,0.003849042418192382,3804263.5012296853,0.003228872755039802,0.003127600326801589,0.0
2024-02-21,4007598.70780092,0.0013490425214999213,0.008699075666697812,4363172.778243709,0.0029153322509638535,0.003837853799236982,3812163.4673296846,0.00207660854655467,0.0031211189844436793,0.0
2024-02-22,4017793.7946009203,0.0025439390376473803,0.00867700190282747,4392098.919703709,0.006629611736724161,0.003812577888122709,3828484.032509685,0.004281181885264829,0.0031078138680091837,0.0
2024-02-23,4022042.2830009204,0.0010574182293050516,0.008667836374636294,4398357.7064637095,0.0014250104276847253,0.0038071526558882806,3833530.099389685,0.0013180326304487178,0.0031037230597405693,0.0
2024-02-26,4001082.3518009204,-0.0052112657513787575,0.008713243401558261,4336362.99908371,-0.014094967148509552,0.003861581520561892,3799090.4854496852,-0.008983785974572722,0.0031318590107960987,0.0
2024-02-27,4009455.2004009206,0.0020926459052339474,0.008695047745497833,4354567.62294371,0.004198131905434721,0.0038454378651697563,3810921.3937296853,0.0031141422730813773,0.003122136234366339,0.0
2024-02-28,4004466.33440092,-0.0012442752819639136,0.00870588025710949,4336279.294003709,-0.004199803636907862,0.00386165606234488,3801753.2313096854,-0.0024057600440368088,0.0031296654584775465,0.0
2024-02-29,4014074.5996009205,0.0023993871836203162,0.008685041479893425,4357122.928143709,0.004806801574986919,0.0038431826459493683,3815268.302929685,0.0035549576202618116,0.0031185790421472763,0.0
2024-03-01,4028598.7171009206,-0.00136417058630256,0.001902054992072974,4374126.663193709,-0.0006876705108883607,0.00010744788843559459,3829961.5695296847,-0.0013909201080105627,0.0017095593913464136,20000.0
2024-03-04,4035118.10730092,0.001618277385713629,0.0018989819125879537,4379321.54447006,0.001187638510805611,0.0005311403436445636,3838635.0092023555,0.0022646283820899615,0.0022976864383332097,0.0
2024-03-05,4043352.6175009203,0.0020407110723974498,0.0018951145313803046,4388064.31139006,0.0019963747423479283,0.0005300821011265038,3851065.6876023556,0.0032383069424939404,0.002290269841604956,0.0
2024-03-06,4048571.0939009204,0.0012906310415303768,0.0018926717904161644,4393736.36199006,0.0012926088127918067,0.0005293977968687987,3856006.5672023552,0.0012829902164239737,0.002287335212905117,0.0
2024-03-07,4053013.7973009204,0.0010973509657994374,0.0018905971418166543,4398496.017630059,0.0010832820287478562,0.0005288249303254234,3861737.160002355,0.0014861470539864197,0.0022839409408044616,0.0
2024-03-08,4058047.6049009203,0.0012419912321424142,0.0018882519494513598,4403830.47211006,0.0012127905671892591,0.0005281843533239751,3869546.976802355,0.002022358455901596,0.002279331315844063,0.0
2024-03-11,4050405.3571009203,-0.001883232663601686,0.0018918146766438969,4395687.73115006,-0.0018490132650584856,0.0005291627823278746,3858660.7388023552,-0.0028133107222272358,0.0022857618742333015,0.0
2024-03-12,4022573.11810092,-0.006871470024896742,0.0019049041685383085,4366020.40815006,-0.006749188025746755,0.0005327584694102334,3819308.982802355,-0.010198293828810101,0.002309312925995271,0.0
2024-03-13,4020118.9589009206,-0.0006100968529214601,0.0019060670540494414,4363400.15499006,-0.000600146796178147,0.0005330783947009249,3815963.2672023554,-0.0008760002437783188,0.002311337658347437,0.0
2024-03-14,4022345.51350092,0.0005538529139963444,0.0019050119576255124,4365752.82543006,0.0005391828290854939,0.000532791122875981,3819571.3568023555,0.000945525244179013,0.0023091542946691228,0.0
2024-03-15,4025316.9341009203,0.0007387283340098971,0.0019036057101506413,4368962.27851006,0.0007351431032251998,0.0005323997328841924,3822831.713602355,0.0008535923263204293,0.0023071848993436407,0.0
2024-03-18,4027699.7027009204,0.000591945588138465,0.0019024795457769949,4371529.97359006,0.0005877128059974535,0.0005320870185294976,3825566.742402355,0.0007154457755145227,0.0023055354137715587,0.0
2024-03-19,4022117.7077902607,-0.0013859014630401845,0.004793261269534731,4371827.81667006,6.813245746895014e-05,0.0005320507686031343,3823677.2316023554,-0.0004939165690293068,0.002306674718634453,0.0
2024-03-20,4032421.6610302604,0.0025618228974360058,0.0047810131605471,4375554.127950059,0.0008523463037108936,0.0005315976632997595,3830104.517202355,0.0016809174024623452,0.0023028038954920624,0.0
2024-03-21,4043702.1142702606,0.002797438906009253,0.004767675878553194,4381181.83923006,0.0012861711032328138,0.0005309148160051355,3838203.3028023555,0.0021145077278246216,0.0022979448732993557,0.0
2024-03-22,4034585.5915702605,-0.002254499080886263,0.004778448887177397,4376872.03163006,-0.0009837089073566618,0.0005314375959019284,3831645.753602355,-0.0017084944914754763,0.0023018776185306663,0.0
2024-03-25,4037252.9226502604,0.0006611164937417868,0.00477529186296436,4376525.50819006,-7.917148079616965e-05,0.000531479673934727,3832329.973602355,0.00017857078759364597,0.002301466643819459,0.0
2024-03-26,4039212.2781902603,0.0004853189972338079,0.004772975447306452,4377648.11687006,0.00025650682896705135,0.0005313433807290434,3833865.9400023553,0.0004007917926118765,0.0023005446044234686,0.0
2024-03-27,4028589.75995026,-0.0026298489676703785,0.00478556074930273,4373292.89819006,-0.0009948763728213628,0.0005318725281406434,3826864.0060023554,-0.001826337725308047,0.002304753863351657,0.0
2024-03-28,4032379.6160302605,0.0009407401363317192,0.004781063011433543,4375298.07975006,0.00045850612037212635,0.0005316287730944136,3829735.0560023556,0.0007502357009543381,0.002303026050987978,0.0
2024-03-29,4062000.24913026,0.007345695574455968,0.004746198879330159,4391865.98995006,0.0037866929059484633,0.0005296232524814169,3851987.6320023555,0.0058104740078881445,0.002289721682665552,0.0
2024-04-01,4078306.866438281,-0.0009092522071534326,0.002753576228090061,4409641.82580006,-0.0005064280547468769,0.002185164414869819,3870068.175602355,-0.0004983028460563421,0.0013399682297710923,20000.0
2024-04-02,4086031.6686382806,0.001894119901464375,0.0027483704848580938,4415926.5197618,0.0014252164257353428,0.002645476012682878,3881581.760802355,0.002975034205491278,0.0013359936031035417,0.0
2024-04-03,4098477.7366382806,0.003046003802547048,0.002740024360237738,4429260.3803618,0.003019493313652255,0.0026375120626450444,3898578.592802355,0.004378841680378942,0.0013301690036285052,0.0
2024-04-08,4101929.4186382806,0.0008421863486396397,0.0027377186909298217,4432734.8633418,0.0007844386379731727,0.002635444717980018,3903382.8136023553,0.0012323006156320648,0.0013285318530081565,0.0
2024-04-09,4097842.6050382806,-0.0009963149491140078,0.002740449041276931,4430383.877921799,-0.0005303690593910781,0.0026368432180373306,3895761.199202355,-0.0019525664696378175,0.0013311309747160833,0.0
2024-04-10,4097586.485638281,-6.250103400384788e-05,0.002740620332881548,4429232.0778818,-0.0002599774808993427,0.0026375289161607533,3896011.414002355,6.422744804046587e-05,0.0013310454850613519,0.0
2024-04-11,4108277.0254382812,0.002608984541868642,0.002733488703109762,4438531.9033618,0.0020996473692225237,0.002632002638744527,3913164.3504023547,0.004402691516341983,0.001325210989878849,0.0
2024-04-12,4109170.710038281,0.00021753270153546111,0.002732894209249413,4441374.9826818,0.0006405449779116612,0.002630317801886217,3912283.930802355,-0.00022498917018631825,0.0013255092150972281,0.0
2024-04-15,4130256.163838281,0.005131316094629579,0.002718942456064239,4461071.3817618,0.004434752561268018,0.002618704495417958,3944589.371202355,0.0082574375917992,0.0013146535454905026,0.0
2024-04-16,4128811.965838281,-0.00034966305786165996,0.0027198935023433264,4459869.2714418,-0.00026946673055139314,0.002619410339358077,3942109.204002355,-0.0006287516815073335,0.001315480656165057,0.0
2024-04-17,4147127.8676382806,0.004436119143120365,0.002707881019515362,4476505.173201799,0.003730132151299914,0.0026096759033664573,3970758.449202355,0.00726749151720929,0.0013059893893563443,0.0
2024-04-18,4150106.430838281,0.0007182231402227401,0.002705937552549124,4481108.162801799,0.0010282551727083256,0.0026069952470184846,3973540.011602355,0.0007005116114677801,0.001305075169046589,0.0
2024-04-19,4152419.136838281,0.0005572642626259228,0.002704430470097382,4483362.5471218,0.0005030863433992394,0.002605684362800351,3976726.9348023552,0.0008020362675837944,0.0013040292902618074,0.0
2024-04-22,4135115.545238281,-0.004167111033298809,0.0027157472905956744,4468802.8428018,-0.0032474965312244697,0.002614173883418771,3948465.040402355,-0.007106822988691031,0.0013133631295433454,0.0
2024-04-23,4125556.628038281,-0.0023116445224867777,0.002722039678708954,4463018.8356418,-0.0012943079754158537,0.0026175618145514888,3930779.2004023553,-0.004479168441161585,0.0013192723727205313,0.0
2024-04-24,4115769.986238281,-0.0023721991193838,0.0027285122530729213,4449091.4357618,-0.0031206231461036182,0.0026257558089047735,3919833.8560023545,-0.002784522824095692,0.00132295617438338,0.0
2024-04-25,4124149.674838281,0.0020359953612614223,0.0027229683022406974,4457089.925001799,0.0017977803683033589,0.002621043747910316,3932611.4516023546,0.0032597288735680685,0.0013186577077789802,0.0
2024-04-26,4109242.2270382806,-0.0036146718658034427,0.002732846646126004,4441208.1255218,-0.003563266558951783,0.0026304166235009475,3911513.359202355,-0.0053649064138799885,0.0013257703415878968,0.0
2024-04-29,4098247.739238281,-0.0026755511582299274,0.00274017813290325,4425977.9126418,-0.0034292950137774225,0.00263946813842708,3899581.442802355,-0.0030504603472537584,0.001329826925894047,0.0
2024-04-30,4108712.209838281,0.0025534011767538445,0.0027331991789035347,4439254.269581799,0.0029996437402179943,0.0026315743528925076,3911344.834402355,0.0030165780026756295,0.0013258274639310094,0.0
2024-05-06,4135902.9444382805,0.001750118828663938,0.0013944243653097122,4466470.9460859,0.0016256506309066943,3.2158379094774804e-05,3941899.058302355,0.0026983619053913,0.00315949386784121,20000.0
2024-05-07,4141093.283638281,0.0012549470501912463,0.0013926766298811724,4472049.12369996,0.0012489004588620567,0.0023350771315589834,3947268.077692965,0.0013620387816126733,0.005027796664006827,0.0
2024-05-08,4147164.2590382807,0.001466032031682607,0.0013906379101604048,4478521.65019996,0.001447329025456856,0.0023317023910097478,3955543.495292965,0.002096492418836693,0.005017277978761157,0.0
2024-05-09,4151604.6176382806,0.0010706975472030145,0.0013891505500737453,4483194.75925996,0.0010434490273796282,0.0023292719144960643,3963887.837912965,0.0021095312515031495,0.005006716154565696,0.0
2024-05-10,4153794.024038281,0.0005273638994180985,0.0013884183483595307,4485487.8492599595,0.0005114856978416515,0.0023280811342924587,3968466.7240129653,0.001155150268432159,0.005000939318169899,0.0
2024-05-13,4161469.603834201,0.0018478479557486605,0.0030215676650901684,4494679.01967996,0.0020490904732952675,0.0023233204405113945,3979700.178352965,0.0028306787283931545,0.004986823223748178,0.0
2024-05-14,4159616.815954201,-0.00044522441742533836,0.0030229135400099464,4492125.61329996,-0.000568095378739919,0.002324641058353875,3975290.919692965,-0.0011079373978932772,0.004992354439935721,0.0
2024-05-15,4156755.654514201,-0.0006878425505507657,0.003024994259776993,4489246.11645996,-0.0006410098665706743,0.002326132132001435,3971655.0672129653,-0.0009146129310909634,0.004996924691874597,0.0
2024-05-16,4156884.4459542013,3.098364462683634e-05,0.0030249005373337123,4489887.43869996,0.00014285744718889326,0.002325799874168739,3973271.327092965,0.0004069487034115138,0.004994892027040513,0.0
2024-05-17,4159432.975994201,0.0006130865731617252,0.0030230471477174117,4493947.75833996,0.0009043254859806282,0.0023236984943985194,3980501.022472965,0.0018195826020492856,0.004985819915864655,0.0
2024-05-20,4172099.359634201,0.003045218834659247,0.003013869256292948,4507813.77907996,0.0030854877461061747,0.0023165508052756093,3999044.128052965,0.004658485320141903,0.004962701244966727,0.0
2024-05-21,4172329.106074201,5.5067346243609094e-05,0.003013703299649871,4508593.072219959,0.00017287607212534972,0.002316150398292301,4000752.505832965,0.0004271965312951931,0.004960582101499762,0.0
2024-05-22,4173246.3453542013,0.00021983866964503385,0.0030130409167431482,4509156.45739996,0.00012495809024581916,0.0023158610127228764,4000681.0511929654,-1.7860300004945984e-05,0.0049606707005667,0.0
2024-05-23,4166877.256714201,-0.001526171261634346,0.0030176463618984527,4500736.09275996,-0.0018673924312785362,0.002320193724923899,3986813.364712965,-0.0034663314327106898,0.00497792584138038,0.0
2024-05-24,4166205.066714201,-0.00016131744675629278,0.0030181332394466106,4500285.95255996,-0.00010001479551857706,0.0023204258018359857,3986313.1585129653,-0.00012546516584577283,0.004978550476041527,0.0
2024-05-27,4180052.750394201,0.0033238123083847437,0.00300813476409244,4517031.54953996,0.003721007321873415,0.0023118234897039182,4011109.294072965,0.006220318016673332,0.004947773749842957,0.0
2024-05-28,4178998.031794201,-0.00025232183969459143,0.003008893973755344,4514821.43573996,-0.0004892845612790575,0.002312955182965874,4006523.930172965,-0.0011431660330910587,0.004953436350025384,0.0
2024-05-29,4182195.928234201,0.000765230425013419,0.0030065932371346493,4518042.5198799595,0.0007134466303586606,0.0023113061893533524,4010436.628952965,0.0009765819069578185,0.004948603633252445,0.0
2024-05-30,4175742.791754201,-0.0015430019517819193,0.003011239585692656,4510293.59229996,-0.0017151072717672688,0.0023152771380089083,3998780.256992965,-0.002906509449830952,0.004963028723136022,0.0
2024-05-31,4174118.983194201,-0.0003888669970781855,0.003012411012917214,4509485.41453996,-0.0001791851779624487,0.0023156920757055996,3999103.5168729653,8.083962089067143e-05,0.004962627546206565,0.0
2024-06-03,4183688.5493242107,-0.0024988348228656143,0.005965154501819275,4518286.3898099605,-0.0024834373992852488,0.0014748946204449114,4001764.706662965,-0.004335674267206269,0.0008194102260699214,20000.0
2024-06-04,4187931.641024211,0.0010141987506899763,0.005959110779111877,4522973.52000996,0.001037368992494736,0.001473366196038551,4008518.0989629654,0.0016876035436956816,0.0008180297162219769,0.0
2024-06-05,4176900.813984211,-0.002633955848740155,0.005974848265646512,4510733.94368996,-0.002706090642771053,0.0014773640771436757,3989253.7495229654,-0.0048058531767597445,0.0008219800315679206,0.0
2024-06-06,4182353.4846242107,0.0013054345513170418,0.005967058661100575,4516749.65220996,0.0013336429492623036,0.001475396425103969,3997688.9649629653,0.0021144845551648306,0.0008202456348416066,0.0
2024-06-07,4191247.282084211,0.00212650544548576,0.005954396604296955,4526547.37768996,0.0021691982585765324,0.0014722029250826085,4010994.191822965,0.0033282296288208446,0.0008175247248301333,0.0
2024-06-11,4175275.1932842107,-0.003810819960032852,0.005977174540339883,4508880.97328996,-0.0039028431442191813,0.0014779712149060578,3984861.3510229653,-0.006515302578417037,0.0008228860766067931,0.0
2024-06-12,4183567.803124211,0.0019861229394744218,0.0059653266682027075,4518063.75750996,0.002036599385611959,0.001474967297414346,3998758.169262965,0.0034874032032337077,0.0008200263142118746,0.0
2024-06-13,4175984.915284211,-0.0018125409212531585,0.005976158700399084,4509649.85688996,-0.001862280187173937,0.0014777192246486152,3985514.822622965,-0.0033118648538931206,0.0008227511548451061,0.0
2024-06-14,4179421.1811042107,0.0008228635614613289,0.005971245180323643,4513426.93204996,0.0008375539742246918,0.0014764825907868282,3990391.198242965,0.0012235246478875528,0.0008217457286917555,0.0
2024-06-17,4169211.484944211,-0.002442849312761175,0.005985867753250952,4502111.119769961,-0.0025071442277364575,0.0014801936497517354,3972957.8444829653,-0.004368833253159732,0.0008253515519976699,0.0
2024-06-18,4173242.320264211,0.0009668099914230677,0.0059800861462152195,4506533.6240299605,0.0009823178820662637,0.001478741055969511,3978422.902202965,0.0013755639837933487,0.000824217787694116,0.0
2024-06-19,4176789.290524211,0.0008499315371113259,0.00597500779865266,4510449.13940996,0.0008688530268854411,0.0014774573626678627,3983981.0398629652,0.0013970705972263797,0.0008230679037262992,0.0
2024-06-20,4177321.738584211,0.0001274778359561246,0.005974246214673744,4511008.753689961,0.00012407063303543353,0.0014772740763380446,3983929.0673229657,-1.3045378348786052e-05,0.0008230786410985832,0.0
2024-06-21,4176211.043584211,-0.0002658868695081251,0.005975835110764042,4509801.962689959,-0.0002675213163827461,0.001477669384396937,3982792.146322965,-0.00028537681790719027,0.0008233135957126675,0.0
2024-06-24,4166448.1949242107,-0.002337728758942559,0.005989837726679098,4498972.09590996,-0.0024014062855967078,0.0014812264108102484,3965829.803062965,-0.004258907479181451,0.000826835009518756,0.0
2024-06-25,4173164.421564211,0.001611978914842327,0.005980197773960887,4506359.13722996,0.0016419397948070902,0.0014787983130116213,3975510.3753029658,0.0024409953832420506,0.0008248216237432005,0.0
2024-06-26,4178011.2352642105,0.0011614240922197538,0.005973260285556142,4511700.95102996,0.001185394602899681,0.001477047428961104,3982838.239202965,0.0018432511069577107,0.000823304067609217,0.0
2024-06-27,4179484.405324211,0.00035260078947763063,0.00597115485164136,4513280.14890996,0.00035002272915263255,0.001476530609687424,3983666.4382629655,0.00020794192740458683,0.0008231329037666976,0.0
2024-06-28,4192253.0070442106,0.0030550662430355313,0.005952968139632104,4527348.63896996,0.0031171320183609463,0.0014719423709936177,4002842.4879829655,0.004813668517980041,0.00081918959659531,0.0
2024-07-01,4250931.814192731,0.009226257834040297,0.0019251289294757435,4559304.846940421,0.002640885189964415,4.970757863533323e-06,4043256.7280088454,0.0050999358798569094,0.0007219535995882351,20000.0
2024-07-02,4256724.877912732,0.0013627750275031492,0.00192250898224459,4565337.4543176405,0.0013231419217927254,0.0021385270235406524,4048485.7612767555,0.0012932726313634735,0.003823616455519782,0.0
2024-07-03,4231496.808492731,-0.005926638470553636,0.001933970928751863,4538570.84519764,-0.005863007803439735,0.002151139169276405,4034139.1480167555,-0.0035436985841036384,0.003837214386708864,0.0
2024-07-04,4223287.338152731,-0.0019400866198276967,0.0019377302933668592,4529865.718157641,-0.0019180326443974938,0.0021552730533503208,4029647.9011967555,-0.0011133098426235888,0.0038414911566238847,0.0
2024-07-05,4206595.352732731,-0.003952367926568945,0.0019454193062365566,4512098.781837639,-0.00392217726207289,0.002163759702455883,4017528.894736755,-0.0030074603928549326,0.0038530791395265467,0.0
2024-07-08,4193297.5505327308,-0.0031611793112835684,0.0019515886278309923,4497910.06503764,-0.003144593566327236,0.002170585311060207,4006312.638536755,-0.0027918296280816657,0.0038638663962104356,0.0
2024-07-09,4223556.67261273,0.007216068431908695,0.0019376067251084827,4530098.29991764,0.007156264668384704,0.002155162398532955,4027342.074776755,0.005249075181431806,0.003843690575405969,0.0
2024-07-10,4178078.9319527308,-0.010767640684188229,0.0019586972735592682,4481809.04295764,-0.010659648811788047,0.0021783831984054564,3999727.040596755,-0.006856888157813268,0.0038702282979904937,0.0
2024-07-11,4183003.2099727313,0.0011785986096004564,0.0019563914732890152,4487053.97847764,0.0011702719749386858,0.002175836877485697,4003440.9624567553,0.0009285438286923409,0.0038666379551794243,0.0
2024-07-12,4186387.8340327307,0.0008091373327014928,0.001954809763730851,4490680.49223764,0.0008082171013306105,0.002174079749052856,4006903.979236755,0.0008650100781990577,0.0038632961650615786,0.0
2024-07-15,4208874.217632731,0.005371309226823273,0.0019443659728406112,4514578.98983764,0.005321798698729507,0.0021625709816169764,4021485.178036755,0.0036390187724881784,0.003849288531833513,0.0
2024-07-16,4200062.260292731,-0.00209366136509459,0.0019484453576078327,4505217.92279764,-0.002073519382664868,0.0021670644317196308,4015931.2522167554,-0.001381063356973744,0.0038546119952154565,0.0
2024-07-17,4188033.3171327305,-0.002863991630248419,0.0019540417167297026,4492472.04423764,-0.0028291369648296705,0.0021732127482381102,4009834.4119367553,-0.0015181635085597112,0.0038604728241829174,0.0
2024-07-18,4196218.874472731,0.001954511036603712,0.0019502299707279994,4501150.11127764,0.0019316908273543376,0.0021690228666622568,4014172.337756755,0.0010818216849768358,0.003856300994143655,0.0
2024-07-19,4179213.5350927305,-0.0040525386994111345,0.0019581655122462294,4483101.453197639,-0.004009788083889854,0.002177755203526988,4004144.926216755,-0.0024980022520915135,0.0038659581663496884,0.0
2024-07-22,4159319.443692731,-0.004760247647780935,0.001967531449199215,4462026.47959764,-0.004700980742911143,0.0021880411428040073,3994305.734816755,-0.0024572515683882745,0.003875481198603215,0.0
2024-07-23,4152305.8772527305,-0.0016862293302901676,0.001970854762305156,4454624.440557639,-0.0016588962602186452,0.0021916769074293496,3992058.234296755,-0.0005626761367838462,0.0038776630670775475,0.0
2024-07-24,4153122.0733527304,0.00019656454127603418,0.001970467438277052,4455513.25255764,0.0001995256865896522,0.0021912396988239594,3993531.9879967547,0.00036917139317727,0.0038762320730828495,0.0
2024-07-25,4142457.272452731,-0.002567899693685094,0.001975540427936813,4444193.33175764,-0.002540654725581293,0.002196821062638007,3987229.813896755,-0.0015780953098514239,0.0038823588053046613,0.0
2024-07-26,4126617.6408727313,-0.003823728414854899,0.0019831233530520406,4427414.94967764,-0.003775349276572526,0.002205146259975342,3979402.394956755,-0.001963122093619818,0.0038899953411028585,0.0
2024-07-29,4138152.9326727306,0.002795338168902761,0.001977595305412179,4439682.39847764,0.0027707926497591018,0.002199053139699433,3987232.494356755,0.0019676571059823456,0.0038823561953471287,0.0
2024-07-30,4121281.010192731,-0.004077162626539899,0.0019856912917346854,4421779.88839764,-0.004032385308944453,0.0022079564709356226,3977546.150116755,-0.0024293402137219866,0.0038918107276520084,0.0
2024-07-31,4146104.354252731,0.006023210744088292,0.0019738026623322157,4448165.68775764,0.005967234920316811,0.0021948592302914478,3993889.164496755,0.004108818292283045,0.003875885418744677,0.0
2024-08-01,4169915.887713311,0.000919304758132844,2.874113448292168e-05,4472255.763433181,0.0009194971506563121,5.345497763351416e-06,4018085.9084677855,0.0010507912959469845,2.141088312821755e-05,20000.0
2024-08-02,4165842.349433311,-0.0009768873976577774,2.8769238789735583e-05,4468000.57449619,-0.0009514636823284572,0.0038162789981541724,4015839.833109995,-0.0005589913727471751,0.0058078130501367856,0.0
2024-08-05,4146420.749033311,-0.004662106429121571,2.8903992277961947e-05,4446878.296696191,-0.0047274563751328325,0.003834405985173629,4006598.224709995,-0.002301289091214298,0.0058212093356786575,0.0
2024-08-06,4130356.0965933115,-0.0038743420922116023,2.9016411783499705e-05,4429595.356616191,-0.0038865331873013664,0.003849366676511985,3993053.952269995,-0.003380491798870233,0.005840954634919576,0.0
2024-08-07,4143666.383793311,0.0032225519758399823,2.89232052512696e-05,4443918.584516191,0.0032335296447805195,0.003836959753403525,4004134.9354699953,0.00277506473302247,0.0058247904643247824,0.0
2024-08-08,4140783.590293311,-0.0006957108109078014,2.8943341446817947e-05,4440906.640016191,-0.0006777677049473185,0.0038395620845855976,3998904.545969995,-0.0013062470631715062,0.005832409031493386,0.0
2024-08-09,4143514.0869733114,0.0006594154513173134,2.8924268337358247e-05,4443927.055776191,0.0006801349374885302,0.00383695243917823,3998531.789849995,-9.321455806587942e-05,0.0058329527476059725,0.0
2024-08-12,4144268.957993311,0.00018218135721381756,2.891899983471909e-05,4444962.90141619,0.00023309240385760432,0.003836058283131677,3992140.897669995,-0.0015983097086342823,0.005842290537292389,0.0
2024-08-13,4153472.431613311,0.0022207713141420005,2.8854919656873237e-05,4454827.80925619,0.0022193453711070177,0.0038275635975787725,4001045.7696899953,0.002230600634661295,0.005829287724394731,0.0
2024-08-14,4149841.2527933107,-0.0008742513354278447,2.8880168182474144e-05,4450786.17701619,-0.0009072476901581528,0.003831039299133817,4002210.3692699946,0.00029107379596138294,0.005827591465225635,0.0
2024-08-15,4175230.2537733107,0.006118065591764532,2.8704551851464677e-05,4478312.26387619,0.006184544879316967,0.003807491695863125,4016914.867849995,0.00367409436867816,0.0058062587227492935,0.0
2024-08-16,4184927.7692333115,0.0023226300995584648,2.863803628639365e-05,4488778.524096191,0.002337099247059049,0.003798613958041917,4023971.751309995,0.001756791889337972,0.005796076223050653,0.0
2024-08-19,4219162.349033311,0.008180446996405744,2.840566524743933e-05,4525794.043196191,0.008246234226370719,0.0037675458921565927,4047010.050309995,0.0057252636011919655,0.005763081064799637,0.0
2024-08-20,4209629.745846411,-0.0022593591804032087,0.010873514762569168,4504123.8153761905,-0.004788160400842401,0.0037856722983460995,4034056.566949995,-0.0032007539390737083,0.005781586500565416,0.0
2024-08-21,4198594.213006411,-0.002621497258966543,0.010902094573610884,4477011.25409619,-0.006019497329856516,0.00380859814470867,4017214.265009995,-0.004175028698899408,0.005805825990697394,0.0
2024-08-22,4204630.701826411,0.0014377404706795716,0.010886442694367457,4486079.71983619,0.0020255624177185627,0.00380089918616364,4024643.833929995,0.0018494330722440555,0.005795108325702603,0.0
2024-08-23,4204654.326386412,5.61870035098444e-06,0.010886381527051748,4484194.338756191,-0.0004202736459771872,0.003802497275557457,4024047.2267899956,-0.00014823849379408394,0.005795967511196542,0.0
2024-08-26,4205578.3848264115,0.00021977037070586292,0.010883989548633887,4486613.13323619,0.0005394044720796742,0.0038004472972893956,4025508.941329995,0.00036324487701544506,0.00579386292017266,0.0
2024-08-27,4207142.991466411,0.0003720312634392098,0.010879941870113803,4498956.548916191,0.0027511655927190404,0.0037900203237789093,4030470.885369995,0.0012326252685854744,0.005786730050489943,0.0
2024-08-28,4204121.128826411,-0.0007182695349621238,0.010887762218018918,4485810.88443619,-0.002921936306134687,0.0038011269746904856,4024130.884529995,-0.0015730174017665188,0.005795847018708348,0.0
2024-08-29,4182731.096206411,-0.0050878725813430226,0.010943441051691361,4430030.774096191,-0.012434788665195873,0.0038489883311633058,3990547.519809995,-0.008345495135137049,0.0058446232939749244,0.0
2024-08-30,4178497.253006411,-0.0010122197919536502,0.010954529443205314,4418156.64189619,-0.002680372395928443,0.0038593327802140935,3983582.2693099948,-0.0017454373028821246,0.005854842554572176,0.0
2024-09-02,4207542.480953491,0.0021647083626947783,0.0016735850262635597,4447272.24593619,0.0020632143173826556,0.0024671536054975333,4010997.725910215,0.0018615045702332633,0.001464237102972325,20000.0
2024-09-03,4188932.1198934913,-0.004423095225834173,0.0016810203393008516,4426142.102104241,-0.004751259348077186,0.011848163252442605,3997633.264690215,-0.0033319543248974126,0.00473053135144972,0.0
2024-09-04,4186244.4346734914,-0.0006416158445814446,0.0016820996010570538,4423321.06812424,-0.0006373573000875155,0.011855719581865898,3995891.9971502153,-0.000435574607450695,0.004732592748678449,0.0
2024-09-05,4182508.7286934913,-0.0008923764577764004,0.001683602007853127,4419399.13900424,-0.0008866480772248275,0.011866240761420899,3993558.736890215,-0.0005839147458600591,0.004735357793921244,0.0
2024-09-06,4167501.737413491,-0.0035880358544255753,0.001689664584965938,4403660.95268424,-0.0035611597470568412,0.011908649364178424,3982493.7235302147,-0.0027707150661859803,0.0047485145747956335,0.0
2024-09-09,4138579.7095534913,-0.006939895813444785,0.001701472627731825,4373329.53474424,-0.006887773210948911,0.011991242321808574,3961289.241910215,-0.00532442311075465,0.004773933014064915,0.0
2024-09-10,4142402.455513491,0.000923685473829261,0.0016999024525294966,4377333.95508424,0.0009156456901284749,0.011980272636802123,3964522.5062302146,0.0008162151568715803,0.004770039635415611,0.0
2024-09-11,4101257.6571334912,-0.009932593180374427,0.0017169562807749226,4334182.045964241,-0.009858034493776424,0.01209955042222359,3934469.203970215,-0.007580560385966106,0.004806475412523909,0.0
2024-09-12,4109345.667633491,0.001972080560686651,0.0017135769689452256,4342666.628364241,0.0019575971452099328,0.012075910654001506,3940197.828670215,0.0014560095410631746,0.004799487313203673,0.0
2024-09-13,4107097.475053491,-0.0005470925937692828,0.0017145149673857888,4340300.012644241,-0.0005449683161361518,0.012082495231082312,3939321.690610215,-0.00022235890127764169,0.004800554759285471,0.0
2024-09-18,4140038.414713491,0.008020491322663581,0.0017008731292119923,4374838.34238424,0.007957590406050485,0.011987106745448428,3964287.3216302153,0.006337545643837261,0.004770322621933141,0.0
2024-09-19,4139133.971013491,-0.000218462634739236,0.0017012447876306345,4373892.09868424,-0.0002162922663523359,0.011989700024839685,3963474.639530215,-0.00020500080697127832,0.0047713007424356425,0.0
2024-09-20,4138179.268093491,-0.00023065281933032367,0.001701637275065606,4372883.04700424,-0.00023069880491655148,0.011992466672569048,3963432.647890215,-1.0594653383488861e-05,0.004771351293248766,0.0
2024-09-23,4159806.0913534914,0.005226168771070183,0.0016927904663941713,4395560.28844424,0.00518587878894583,0.01193059604758639,3979660.279510215,0.004094337676871618,0.004751895428758247,0.0
2024-09-24,4236765.670993491,0.01850076132153533,0.0016620414345078396,4476278.540804241,0.018363586679087662,0.011715458215166941,4035455.283790215,0.01402004200390361,0.0046861947810889065,0.0
2024-09-25,4272447.830753491,0.008422028153290073,0.001648160579704426,4513683.69064424,0.008356305243077733,0.011618371556017368,4063109.8981102146,0.006852910607406226,0.00465429928415448,0.0
2024-09-26,4326295.258213491,0.012603413685335463,0.001627646675321785,4570161.823884241,0.01251264756479653,0.011474791533676958,4102070.521130215,0.009588867640060839,0.004610093705801274,0.0
2024-09-27,4312125.742913491,-0.0032752076440226707,0.001632995073268405,4555326.50858424,-0.003246124726365207,0.011512161445599425,4088696.256230215,-0.0032603693259556366,0.004625173479541194,0.0
2024-09-30,4428797.629013491,0.02705669849533887,0.0015899755832962088,4677691.22938424,0.02686189904706282,0.011211012363281581,4174118.834130215,0.020892375600128243,0.004530520150884955,0.0
2024-10-08,4588929.925314992,0.031641160432231086,0.03430049849457819,4730110.11478424,0.006930531283542596,0.001706616866911724,4217325.168230215,0.005559576768694452,6.86284264717516e-05,20000.0
2024-10-09,4538959.477434992,-0.010889346469279526,0.034678120564306365,4645330.634008281,-0.01792336303355302,0.03411368748827745,4105619.499961275,-0.026487326400733036,0.030549133645350814,0.0
2024-10-10,4581139.785514992,0.009292946608070674,0.03435882583034893,4690069.73416828,0.009630982955759038,0.03378827320493619,4174310.7174812746,0.01673102378840685,0.030046426174272448,0.0
2024-10-11,4567352.694114992,-0.00300953300826845,0.034462541988010686,4675095.000168281,-0.003192859562599848,0.033896499969000876,4148208.815281275,-0.006252984975624654,0.030235488227892134,0.0
2024-10-14,4587443.720574992,0.004398834030462817,0.03431161090631599,4697057.380288281,0.004697739857523642,0.03373800758605045,4188334.813121275,0.009673090152111596,0.029945819615076627,0.0
2024-10-15,4575557.719234993,-0.0025909857567711914,0.03440074274077969,4683986.3848082805,-0.0027828051526161968,0.033832155883767916,4159619.440261275,-0.006856035666021776,0.030152546549642355,0.0
2024-10-16,4587291.800874992,0.0025645139587402443,0.03431274722156726,4696895.21048828,0.002755948591538937,0.03373917245894998,4183747.3711212752,0.005800514014927538,0.029978654941505478,0.0
2024-10-17,4583932.672854992,-0.0007322682240008538,0.034337891768588584,4692803.1624482805,-0.0008712240441008934,0.03376859246864411,4170980.549741275,-0.0030515277925536877,0.030070415650596916,0.0
2024-10-18,4586253.497314992,0.0005062954946402076,0.03432051544624442,4695552.050568281,0.000585766763455231,0.0337488235295148,4177715.778081275,0.001614782965223327,0.030021936738568466,0.0
2024-10-21,4580602.389914992,-0.0012321838300713983,0.03436285680275183,4689298.446968281,-0.0013318143495487655,0.033793830638084825,4165450.338081275,-0.0029359201658359924,0.030110338287948193,0.0
2024-10-22,4581518.054654992,0.00019990050697615835,0.03435598902312844,4690475.93884828,0.0002511019277864346,0.03378534707230403,4169623.400341275,0.0010018273947114409,0.030080203116427673,0.0
2024-10-23,4575873.808594992,-0.0012319597986228947,0.03439836642770567,4684828.013128281,-0.0012041263602317054,0.03382607794442016,4165298.951901275,-0.0010371316602948433,0.030111432636551874,0.0
2024-10-24,4571301.927034992,-0.0009991275439923397,0.034432769155785144,4679899.50920828,-0.0010520138425977876,0.033861700922524565,4157164.932861275,-0.0019528055810466016,0.03017034946336606,0.0
2024-10-25,4568405.941414992,-0.0006335144049165464,0.03445459663907159,4676900.994768281,-0.0006407219715079959,0.03388341076827343,4153603.946481275,-0.000856590113096467,0.03019621524279597,0.0
2024-10-28,4568570.120534992,3.593794468015332e-05,0.03445335845618134,4677183.07220828,6.031289529428996e-05,0.03388136728491595,4155498.522361275,0.00045612819720197706,0.030182448177121794,0.0
2024-10-29,4562410.023874992,-0.0013483642578476784,0.03449987685703552,4670079.17008828,-0.0015188420060380237,0.03393290600794775,4137456.892421275,-0.004341628289100674,0.03031406056000663,0.0
2024-10-30,4557893.511854992,-0.0009899399651421836,0.03453406350665952,4665172.189248281,-0.0010507275489949341,0.033968597749403785,4128473.4101412753,-0.0021712570096995565,0.03038002339876604,0.0
2024-10-31,4556734.469774992,-0.0002542933653419954,0.034542847523604786,4663850.04988828,-0.0002834063366509154,0.033978227394355506,4125128.3185212747,-0.0008102490406705076,0.03040465874434556,0.0
2024-11-01,4601223.355428441,0.005374218273170195,0.002822405187768258,4699528.988451171,0.0033618016006466966,2.9714256793278387e-05,4165831.8856289154,0.005018890446312874,0.0013008511187429432,20000.0
2024-11-04,4615235.086168442,0.0030452185555107647,0.002813836440826481,4707554.44879187,0.0017077158924694302,0.004499696736870824,4178411.011818115,0.0030195952536142823,0.0037213875978537336,0.0
2024-11-05,4635918.658948442,0.004481585963407975,0.002801282253599207,4720258.309471871,0.002698611522859995,0.004487586484274529,4196734.6578381155,0.004385314409753871,0.0037051393966673813,0.0
2024-11-06,4632953.117568442,-0.0006396879665427901,0.0028030753471681032,4718900.94799187,-0.0002875608475232383,0.004488877309638117,4193842.6352181155,-0.0006891125734143078,0.0037076944155074857,0.0
2024-11-07,4662186.826408441,0.006309951363233868,0.00278549898405637,4736610.29473187,0.003752854093607594,0.0044720941926402686,4219886.239478115,0.006209962205376174,0.003684811873041974,0.0
2024-11-08,4642776.412908441,-0.0041633710150892345,0.0027971445345364747,4725687.461131871,-0.0023060443904679984,0.004482430877220343,4201975.300378115,-0.004244412783557694,0.0037005184006474725,0.0
2024-11-11,4628419.947208442,-0.0030922156104876697,0.0028058207372203374,4717309.531831871,-0.001772848790553172,0.00449039166264858,4189067.7539781155,-0.003071780645364064,0.00371192060652372,0.0
2024-11-12,4618342.618008441,-0.0021772720096582265,0.0028119431022295732,4712401.00803187,-0.001040534602802401,0.004495068937419947,4179211.272578115,-0.0023529057009499255,0.0037206750039519,0.0
2024-11-13,4628717.362028441,0.0022464214715351982,0.002805640451278414,4718619.12375187,0.0013195217701977846,0.004489145412318809,4188527.013358115,0.0022290667239355244,0.0037123998170537614,0.0
2024-11-14,4616177.561148441,-0.002709130823771999,0.0028132619459314816,4711047.16607187,-0.0016046977900558979,0.004496360712417319,4177437.2610381157,-0.002647649707076427,0.0037222550445320805,0.0
2024-11-15,4614330.232828442,-0.00040018571546018844,0.0028143882238964445,4710266.19995187,-0.00016577336045886515,0.00449710621282656,4175618.4319581157,-0.0004353935119418839,0.0037238763961542397,0.0
2024-11-18,4639231.351168442,0.0053964751293356095,0.002799281968374116,4724606.463191871,0.003044469809402095,0.004483456464977168,4198625.531218115,0.005509866295232868,0.003703470767397575,0.0
2024-11-19,4641803.344528442,0.0005544007542011009,0.002797730904250748,4726442.31065187,0.00038857150840021504,0.00448171499822009,4200767.507758115,0.0005101613668745397,0.003701582363079628,0.0
2024-11-20,4646061.589648441,0.0009173687043459999,0.002795166705791425,4729381.33437187,0.0006218257892149914,0.004478929884110065,4204399.984838115,0.000864717476816157,0.00369838430553465,0.0
2024-11-21,4647294.347388442,0.0002653339212608241,0.0027944252499821774,4730711.074611871,0.00028116579019243915,0.004477670916228682,4205011.979298115,0.00014556047526559368,0.003697846045306836,0.0
2024-11-22,4604876.309348442,-0.00912746963485045,0.0028201662316265793,4705454.004071871,-0.005338958592408183,0.004501705334605363,4166825.5936381156,-0.009081159779804726,0.0037317345227638682,0.0
2024-11-25,4612356.772628441,0.0016244656267561108,0.0028155923985561694,4710524.88885187,0.0010776611089198251,0.00449685924428551,4172968.975258115,0.0014743553532403642,0.003726240719811152,0.0
2024-11-26,4618547.466648442,0.001342197563019898,0.002811818382775154,4714938.22487187,0.0009369096064952842,0.004492650037306936,4177940.5813381155,0.001191383427357584,0.0037218066210829635,0.0
2024-11-27,4634469.089868441,0.0034473226344371444,0.002802158438564611,4724162.58469187,0.001956411596516938,0.0044838777269246176,4192622.1688181153,0.0035140728294651424,0.003708773720122447,0.0
2024-11-28,4634954.127248441,0.00010465867191999934,0.002801865199073977,4725382.1884718705,0.0002581629565316934,0.004482720454558763,4192518.416738115,-2.47463462775821e-05,0.0037088655009924316,0.0
2024-11-29,4640628.592068441,0.0012242763712893012,0.0027984391361630815,4729410.16009187,0.0008524118175725626,0.004478902585065498,4197144.710818115,0.0011034642236824599,0.003704777411661956,0.0
2024-12-02,4665288.7563769715,0.00100420971342019,0.0024300426595193127,4754803.38982242,0.0011403599070469728,2.93060748849157e-06,4222422.045871926,0.0012573631402816865,0.0043689256051418785,20000.0
2024-12-03,4686498.727016971,0.004546336089273906,0.0024190448685319334,4784407.250171032,0.0062260955756821,0.002353708867619595,4241702.149511926,0.004566124236408342,0.004349067223885127,0.0
2024-12-04,4692296.2859769715,0.0012370768238083585,0.0024160560216225616,4791462.119171031,0.0014745544497172247,0.0023502433058949696,4248217.276071926,0.0015359698371912867,0.004342397432407852,0.0
2024-12-05,4693389.333576972,0.00023294513674820827,0.0024154933441951835,4792403.740971031,0.0001965207647645073,0.0023497815250326406,4249840.470071926,0.00038208827244856636,0.004340738886985374,0.0
2024-12-06,4713651.221696972,0.0043171121507104004,0.00240511021366796,4824685.378671031,0.006736001273018877,0.002334059298625796,4266955.056991925,0.004027112791767928,0.004323328356059673,0.0
2024-12-09,4721262.1442169715,0.0016146554257061574,0.0024012330496958833,4835478.251971031,0.0022370108002716105,0.0023288496368359854,4274523.909111925,0.0017738298198377578,0.004315673086446263,0.0
2024-12-10,4727805.415616971,0.001385915714935404,0.002397909748891897,4841124.73467103,0.0011677195937542795,0.002326133365327607,4284249.550111926,0.0022752571296347224,0.004305876111125102,0.0
2024-12-11,4734474.163456971,0.001410537713327109,0.002394532170958985,4850013.229871031,0.0018360392857352803,0.0023218703202033306,4291234.800951925,0.0016304491039313973,0.00429886702723263,0.0
2024-12-12,4738555.347736971,0.0008620142679205411,0.0023924698278318247,4854546.920771031,0.0009347790789675514,0.0023197019113871246,4296190.026231925,0.0011547317986191352,0.0042939087142998605,0.0
2024-12-13,4713882.743616972,-0.005206777658887662,0.0024049920868996952,4813023.948271031,-0.00855341871809634,0.0023397144689205913,4276603.863911926,-0.004558960893351727,0.004313574130069421,0.0
2024-12-16,4746044.649456971,0.006822805654966624,0.0023886944886346516,4859813.70287103,0.009721488008969548,0.002317187954011143,4307715.190951926,0.007274774103473103,0.004282420488400224,0.0
2024-12-17,4731353.847416971,-0.003095377967352486,0.002396111358942445,4838653.142771032,-0.00435419162004036,0.002327321558036284,4293214.181711925,-0.003366287834084103,0.004296885040235627,0.0
2024-12-18,4741116.0018569715,0.002063289864766782,0.002391177666298714,4855571.68107103,0.003496538768288149,0.0023192123421699943,4300427.796951925,0.0016802365162047472,0.004289677367679714,0.0
2024-12-19,4718729.066136972,-0.004721870486027124,0.0024025220643262854,4821363.921571031,-0.007045052930297446,0.0023356672415140224,4279839.616031926,-0.004787472756685229,0.004310312873132627,0.0
2024-12-20,4713639.672176971,-0.0010785518491671642,0.002405116106750683,4809495.41327103,-0.0024616495442089104,0.0023414310241273626,4278476.879071926,-0.00031840841766495043,0.0043116857501698065,0.0
2024-12-23,4722862.935976971,0.001956718044114014,0.0024004191632604945,4822745.09097103,0.0027548997475783654,0.002334998337795972,4287555.761471925,0.002121989356635101,0.0043025557726139915,0.0
2024-12-24,4734272.136496971,0.002415738223756181,0.0023946343535207752,4842136.890071031,0.004020904844484807,0.002325647131976446,4296274.618991925,0.0020335263271320514,0.004293824168124035,0.0
2024-12-25,4743882.725856972,0.0020300035745539624,0.0023897830853151763,4857811.26307103,0.003237077628296836,0.002318143122734652,4303982.856951926,0.001794167888133913,0.0042861341239146715,0.0
2024-12-26,4739100.635216972,-0.001008054143905146,0.0023921945469412478,4850462.102471031,-0.0015128542880756823,0.0023216554491363116,4299483.324111925,-0.00104543465658391,0.00429061968643309,0.0
2024-12-27,4749552.343536971,0.002205420210394049,0.002386930362479033,4863657.42767103,0.002720426409120291,0.002315356691645825,4311081.3532319255,0.002697540203251192,0.004279076704988588,0.0
2024-12-30,4760256.059976972,0.002253626376929052,0.0023815632088133275,4881333.55697103,0.0036343286020588117,0.0023069723958833066,4319480.798471926,0.0019483383754062,0.004270755827517844,0.0
2024-12-31,4752331.988616971,-0.0016646313265843427,0.0023855342438462734,4866924.4329710305,-0.002951882683661755,0.0023138024693259234,4313519.630511926,-0.0013800658546992972,0.004276657897053798,0.0
2025-01-02,4756587.873341452,-0.003312924120880023,0.009298138934702917,4837151.7865710305,-0.01022671444471479,0.0008391110409847874,4310932.292965325,-0.005236405413998391,0.0031526388172468407,20000.0
2025-01-03,4747977.823941452,-0.0018101314701354232,0.009315000309908204,4804183.7390855905,-0.006815590855959175,0.012354112537937145,4294761.970415326,-0.003751003599937297,0.012109982786844838,0.0
2025-01-06,4750189.396781452,0.0004657925799163021,0.009310663471948871,4807253.968105591,0.0006390740210500123,0.012346222387950901,4297272.272095325,0.0005845030987263744,0.012102908599264967,0.0
2025-01-07,4751422.188141452,0.0002595246751289082,0.00930824775197502,4815548.48418559,0.0017254166588722697,0.012324956702336808,4300577.378815326,0.000769117363463856,0.012093607195983623,0.0
2025-01-08,4755035.439501452,0.0007604568099668363,0.00930117461040185,4825100.160265591,0.00198350740551545,0.012300558453552213,4305963.615535325,0.0012524450197157755,0.012078479564407442,0.0
2025-01-09,4742607.702261453,-0.002613595082122555,0.009325547816312663,4797641.165045591,-0.005690865330863604,0.012370959920473136,4288664.929055326,-0.004017378692562246,0.012127199115735458,0.0
2025-01-10,4728057.919301452,-0.003067886671938469,0.009354245581658673,4763374.967565591,-0.00714230103944713,0.012459952653259977,4267725.773935325,-0.004882441381265146,0.012186699963940463,0.0
2025-01-13,4716090.396421452,-0.00253117095523403,0.0093779828594913,4734223.4185255915,-0.006119935809902999,0.012536676307531601,4250335.479375326,-0.0040748387973306155,0.012236561981448409,0.0
2025-01-14,4731974.005861452,0.0033679611934607223,0.009346504196064438,4772972.386845591,0.008184862625699063,0.012434898372587445,4273665.478255326,0.005488978221415364,0.012169762420562145,0.0
2025-01-15,4739291.867621453,0.0015464712508852507,0.009332072414364444,4784443.589325592,0.002403366613143776,0.012405084406890695,4282380.070175326,0.0020391375891120056,0.012144997100454951,0.0
2025-01-16,4744372.850381453,0.001072097457156529,0.00932207823799008,4804199.765705591,0.004129252652090409,0.012354071325107383,4292151.248895326,0.0022817168396731535,0.012117348741778644,0.0
2025-01-17,4740178.521461452,-0.00088406393263607,0.009330326843432065,4796272.152245591,-0.0016501423434950313,0.012374490996680202,4286767.388655326,-0.0012543500747754788,0.012132567228388793,0.0
2025-01-20,4739335.843101452,-0.00017777354928405487,0.009331985823673807,4797766.3820655905,0.0003115398318878082,0.012370637050493146,4286514.464735326,-5.900108334999654e-05,0.012133283105236592,0.0
2025-01-21,4733422.5859414525,-0.001247697431826178,0.009343643864126979,4777572.955285591,-0.004208922480153254,0.012422924175323907,4276011.198815326,-0.002450304555463245,0.012163086371180389,0.0
2025-01-22,4720970.642941452,-0.0026306425792160804,0.009368288482703959,4742489.253585591,-0.007343415166729317,0.012514825736445898,4256384.248415326,-0.0045900137973067245,0.01221917254173864,0.0
2025-01-23,4735060.4252214525,0.0029845096158491735,0.009340411933472518,4782239.050925591,0.008381631505004927,0.012410802959359323,4278608.748975326,0.005221450710958475,0.012155702142146332,0.0
2025-01-24,4736503.978181452,0.00030486473885527055,0.009337565239084359,4790617.692605591,0.0017520332193303734,0.012389096850120412,4282167.536495326,0.0008317627829026453,0.012145599884186637,0.0
2025-01-27,4758037.394781452,0.004546268027894262,0.009295306285309972,4830560.111905592,0.008337634489525625,0.012286655209881594,4309569.423695326,0.006399069388683065,0.012068373524594214,0.0
2025-02-05,4729587.452682112,-0.010182757737986381,0.007646289437275179,4803858.629405591,-0.009667922853273003,0.0003056510565492496,4303177.511818904,-0.00612402522890354,0.007892374066750953,20000.0
2025-02-06,4732494.718782113,0.0006146976092706868,0.007641592168837973,4806659.013930111,0.0005829448242666846,0.004966166907394894,4305590.549216456,0.0005607571128367628,0.0009747063239023369,0.0
2025-02-07,4734668.309282112,0.00045929063404392956,0.007638084068363334,4808894.72903011,0.0004651287086352429,0.004963858074498854,4306494.553576455,0.00020996059650024712,0.0009745017169405575,0.0
2025-02-10,4733800.888082112,-0.00018320632900492573,0.00763948367012203,4808014.207830111,-0.00018310261496967684,0.004964767136344234,4304883.006776456,-0.0003742131285551231,0.0009748665247927239,0.0
2025-02-11,4757369.450282113,0.004978781904269924,0.007601636778486468,4832261.81603011,0.005043164839344971,0.004939854635136837,4319479.001176456,0.003390567032141023,0.000971572343635055,0.0
2025-02-12,4761955.243282112,0.00096393459619315,0.007594316354218201,4836982.45823011,0.0009769011654832127,0.004935033595066118,4322226.2778964555,0.0006360203902486816,0.0009709547965864162,0.0
2025-02-13,4768668.120782113,0.0014096893307575797,0.007583625797842524,4843894.50953011,0.001429000696134386,0.004927991491793801,4326007.824976455,0.0008749072438289929,0.0009701060437814294,0.0
2025-02-14,4767306.517982113,-0.0002855310467225758,0.007585791776908804,4842511.50673011,-0.0002855146406014475,0.004929398907351215,4323438.6357764555,-0.0005938937939886646,0.0009706825261096191,0.0
2025-02-17,4762312.915482112,-0.0010474683096556303,0.007593745985179855,4837413.07963011,-0.0010528476995695923,0.004934594283591003,4317295.563416456,-0.0014208765007477364,0.0009720637085903849,0.0
2025-02-18,4765821.299282112,0.0007366974540026217,0.007588155810113968,4841043.712630111,0.0007505319351965856,0.004930893490557286,4318295.1613364555,0.00023153335353498505,0.0009718386955181166,0.0
2025-02-19,4764483.245182113,-0.00028076044315827886,0.007590286862417158,4839651.933930111,-0.00028749558620355664,0.004932311508345716,4318642.1165764555,8.034542036550185e-05,0.0009717606190026881,0.0
2025-02-20,4754157.689582113,-0.0021671931810109957,0.007606772207274267,4829042.779930111,-0.002192131612941184,0.004943147538331926,4311267.788736456,-0.0017075570609785817,0.0009734227939678454,0.0
2025-02-21,4733722.550782112,-0.004298372105910775,0.007639610094203224,4808039.744330111,-0.004349316532727854,0.004964740767432428,4296600.296656456,-0.003402129674783927,0.0009767458098723328,0.0
2025-02-24,4722657.049282112,-0.002337589789281558,0.007657510211885848,4796711.96903011,-0.002356007001264704,0.004976465354649534,4284941.613576455,-0.0027134669913497778,0.0009794033886386198,0.0
2025-02-25,4704941.740882112,-0.0037511316648947135,0.007686342695357637,4778467.163830111,-0.003803606578380525,0.004995466142531343,4275146.5470964555,-0.002285927642272867,0.000981647363481767,0.0
2025-02-26,4725887.764482113,0.004451919865021248,0.007652275378587091,4799988.28423011,0.004503770699294529,0.0049730685819663,4290721.626376456,0.003643168510931716,0.0009780840385116166,0.0
2025-02-27,4747273.526682112,0.0045252370064152725,0.007617803014478391,4822025.49243011,0.004591096247547277,0.004950341089565915,4301648.620776456,0.0025466565653731177,0.0009755995215847978,0.0
2025-02-28,4737470.759382113,-0.0020649257399858456,0.007633565760905961,4811905.802130111,-0.0020986389051419474,0.004960751916536716,4297519.541776456,-0.0009598829109511708,0.0009765368826503674,0.0
2025-03-03,4759056.560174752,0.0003347357425897979,0.0037735173532153295,4830911.118980111,-0.00020671293057306084,0.0006759549906189319,4318443.564866455,0.0002150131211775541,0.0024688575933225422,20000.0
2025-03-04,4758996.057394752,-1.2713187841906226e-05,0.0037735653272601686,4826689.343333911,-0.0008739087808120605,0.004477670990729849,4319377.322426456,0.00021622548632982408,0.0024683238787914312,0.0
2025-03-05,4764911.927934752,0.001243092128812906,0.0037688802618721967,4838061.488973911,0.002356096452676315,0.004467145963970551,4329674.495346455,0.002383948460935592,0.0024624535165205966,0.0
2025-03-06,4754875.887454752,-0.0021062384010002155,0.003776835177156572,4825693.951693911,-0.0025563001438047017,0.004478594595980298,4319641.350306455,-0.002317297767022275,0.0024681730083214045,0.0
2025-03-07,4745742.076614752,-0.0019209356997305083,0.003784104198002014,4815832.613853911,-0.0020435066829173065,0.004487765374514483,4312108.545986456,-0.001743849479416748,0.0024724846493901094,0.0
2025-03-10,4735313.756094753,-0.0021974056642030115,0.0037924377221337678,4801285.184333911,-0.0030207506544456253,0.0045013628693479635,4300014.069026456,-0.002804770991040262,0.002479438907712518,0.0
2025-03-11,4728523.362994753,-0.0014339901112698783,0.0037978838500184455,4799717.442533911,-0.000326525448876791,0.0045028331589664124,4300490.199226456,0.00011072759120245301,0.0024791643958107755,0.0
2025-03-12,4740432.826634753,0.0025186432900390354,0.0037883423669355927,4811991.329973911,0.0025572104164364173,0.004491347837492537,4309788.841946456,0.0021622285574962596,0.002473815441417368,0.0
2025-03-13,4741499.773134752,0.00022507364601920266,0.0037874899027739144,4817325.875373911,0.001108594142049002,0.004486374269258597,4315187.250946456,0.0012525924582331704,0.0024707206353830856,0.0
2025-03-14,4744056.097314753,0.0005391383111488235,0.003785449022181156,4827558.888453911,0.0021242102661791495,0.004476864467795812,4325210.236586456,0.002322723223146861,0.002464995133940538,0.0
2025-03-17,4738777.006994752,-0.0011127799106314118,0.003789666086470181,4826466.980133912,-0.0002261822890676779,0.004477877284330146,4325663.709226456,0.00010484406888799924,0.00246473672091398,0.0
2025-03-18,4737109.021354752,-0.00035198652258561225,0.003791000467541871,4823178.988693912,-0.0006812418801441789,0.004480929881427363,4322772.000506456,-0.0006685005849695891,0.0024663855010642016,0.0
2025-03-19,4744105.238674752,0.0014768959904578605,0.00378540981096981,4834627.6758139115,0.002373680750151985,0.004470318771811671,4332801.647866456,0.002320188841517634,0.002460676267445887,0.0
2025-03-20,4753442.6966147525,0.001968223188617335,0.003777973915104111,4840125.483453911,0.001137172913542761,0.004465241020670525,4335877.283986456,0.000709849277664043,0.0024589307971956713,0.0
2025-03-21,4752459.286974752,-0.00020688366364451927,0.0037787556779227778,4837328.324013911,-0.0005779105210312885,0.004467823022601392,4333531.803266455,-0.0005409472100750268,0.002460261668881507,0.0
2025-03-24,4752996.198274752,0.00011297546545452342,0.003778328819465758,4842287.503013912,0.0010251896641750857,0.004463247347552025,4338526.686666456,0.0011526126094738576,0.0024574292049929433,0.0
2025-03-25,4764888.382014752,0.0025020393966055376,0.003768898885971235,4858952.911053911,0.0034416395205005834,0.004447939144407849,4352533.119186455,0.0032283845488481067,0.0024495212085711166,0.0
2025-03-26,4764847.890354753,-8.497924138706203e-06,0.0037689309140602266,4856271.911493911,-0.0005517648779638229,0.004450394715905161,4349668.746506456,-0.0006580932531845551,0.002451134283505741,0.0
2025-03-27,4768180.6588147525,0.0006994490772194162,0.003766296581391837,4861882.628653911,0.001155354819963872,0.004445258864649901,4354537.429586456,0.0011193227263364136,0.002448393740748701,0.0
2025-03-28,4762379.124354753,-0.0012167186763938354,0.003770884687217302,4854078.5994939115,-0.00160514552819635,0.004452405623626381,4348127.648506456,-0.0014719774909843775,0.0024520030340226076,0.0
2025-03-31,4762095.455154752,-5.95645984061699e-05,0.003771109311829007,4853804.045093912,-5.656158926403698e-05,0.004452657473009503,4347975.220906456,-3.505591655117435e-05,0.002452088994249766,0.0
2025-04-01,4784892.195867152,0.0005872920311524865,0.002173406284082019,4878862.2868039105,0.001042119060226998,0.0002514611259328783,4372569.657686456,0.0010566842142771815,0.0008548673615489511,20000.0
2025-04-02,4793441.477587152,0.001786723999212425,0.0021695299328839254,4885945.887653691,0.001451896043251688,0.00292728473105531,4383431.204605736,0.002484019185420294,0.0033956899312337268,0.0
2025-04-03,4813353.272467152,0.004153966408706911,0.002160555059741597,4906659.774293691,0.004239483431927038,0.0029149269465600907,4399789.2410057355,0.0037317880985132668,0.0033830650493460804,0.0
2025-04-07,4778771.847970933,-0.007184476712737586,0.009466103268801197,4879431.821033691,-0.0055491830517063745,0.002931192671252692,4327281.113605736,-0.016479909247522295,0.003439751847629004,0.0
2025-04-08,4794995.473730933,0.003394936246410074,0.009434075185004269,4888965.804873691,0.0019539127073979756,0.0029254765454553317,4355123.561605736,0.0064341666901321926,0.0034177614010674363,0.0
2025-04-09,4793763.308910932,-0.0002569689224423133,0.009436500072259464,4888881.959893691,-1.714983973011286e-05,0.002925526717769668,4352341.149805736,-0.0006388824015303163,0.0034199463446011797,0.0
2025-04-10,4798583.322810932,0.0010054759881532593,0.00942702142857323,4893024.232193691,0.00084728417130564,0.002923050063718745,4359463.372405736,0.0016364118424674334,0.0034143590470221974,0.0
2025-04-11,4795759.170790932,-0.0005885387061166369,0.009432572862801252,4890398.863213691,-0.0005365534392259841,0.0029246192782509174,4355167.267005735,-0.000985466566181925,0.003417727102814355,0.0
2025-04-14,4803162.907110932,0.0015438090313402153,0.009418033218061747,4896530.272493691,0.001253764662453527,0.0029209570854766037,4366265.980205735,0.002548401133541489,0.003409039502681434,0.0
2025-04-15,4814609.353050932,0.0023831059161150137,0.009395642407055791,4906929.842753691,0.0021238652027577576,0.0029147665143027125,4382713.477605736,0.0037669481141471284,0.003396246020140685,0.0
2025-04-16,4826269.874450932,0.002421903947951831,0.009372942041721023,4918403.399353691,0.0023382353055128036,0.002907967003188591,4398865.869605736,0.0036854775203840617,0.0033837751927338314,0.0
2025-04-17,4826613.747790932,7.1250333890438e-05,0.009372274264050398,4918377.709013691,-5.223308849333641e-06,0.0029079821924777103,4399749.149405736,0.00020079716594745278,0.003383095876669668,0.0
2025-04-18,4828471.989410932,0.0003849990318474106,0.009368667336196262,4919125.409993691,0.00015202187067298034,0.0029075401827800672,4403007.799605736,0.0007406445434372522,0.0033805920596071326,0.0
2025-04-21,4821079.076570933,-0.0015311081551705463,0.009383033775730524,4911589.376033691,-0.0015319865488061524,0.0029120013296471924,4392934.284405735,-0.002287871304907152,0.0033883441549704394,0.0
2025-04-22,4829378.901150933,0.001721569890926311,0.009366907988965643,4919763.047653692,0.0016641602125546662,0.00290716334407858,4404345.998605736,0.002597742980246842,0.003379564913938966,0.0
2025-04-23,4822920.406450933,-0.0013373344341360838,0.0093794514523662,4913026.039353691,-0.0013693765806899183,0.002911149804443665,4395670.9356057355,-0.0019696597412524053,0.003386234643991671,0.0
2025-04-24,4831009.9406509325,0.0016773103261624733,0.009363745545271559,4918924.571953692,0.0012005905429266495,0.0029076588966702663,4408469.434005735,0.00291161431041842,0.0033764038582003828,0.0
2025-04-25,4831326.080110933,6.54396210904018e-05,0.009363132825407244,4919918.738293691,0.000202110507176112,0.0029070713470059255,4408184.0606057355,-6.473298823361784e-05,0.0033766224370608703,0.0
2025-04-28,4837099.562010933,0.0011950097766673107,0.009351957145187773,4925606.770593692,0.001156123221249361,0.002903714295481046,4416225.217205736,0.0018241426604350686,0.003370474211266204,0.0
2025-04-29,4838996.877990932,0.0003922424907067956,0.009348290348497627,4930219.161613692,0.000936410727615522,0.0029009977700483838,4416326.445805736,2.292197408904073e-05,0.003370396955114529,0.0
2025-04-30,4823834.357070932,-0.0031334016744180015,0.009377674369067812,4917902.751733691,-0.0024981465278247628,0.002908263037256908,4392443.309005735,-0.005407919249874049,0.003388722894890295,0.0
2025-05-06,4841694.723533273,-0.0004435545210053071,0.0021554500126884533,4936869.419003401,-0.00021011654407487868,4.043348467817912e-06,4411796.227683275,-0.00014731694342728918,0.0015658354572062906,20000.0
2025-05-07,4862259.164513273,0.00424736422972849,0.002146333751487327,4950243.852338001,0.00270909197701652,0.003166167438519073,4422896.513500875,0.0025160468083151866,0.001529364487780275,0.0
2025-05-08,4877407.679033274,0.00311553004631282,0.0021396675529370313,4965642.602818002,0.0031107054398396006,0.0031563489666185805,4432771.272380875,0.0022326452472622993,0.001525957565873304,0.0
2025-05-09,4897278.231193272,0.004073998621320296,0.0021309859192399946,4985842.534658001,0.004067939128066689,0.003143561151210102,4445344.033020875,0.002836320637235934,0.0015216417021111277,0.0
2025-05-12,4898715.544013273,0.0002934921709869531,0.0021303606750604854,4987306.876338001,0.000293699945359549,0.0031426381585546496,4445031.257900875,-7.036016058081795e-05,0.0015217487725991314,0.0
2025-05-13,4923626.373033272,0.005085175653941176,0.0021195822271225955,5012636.436818001,0.00507880527668636,0.0031267579637096403,4458208.679580875,0.002964528462331417,0.001517250839301526,0.0
2025-05-14,4941922.6011932725,0.003716006612566991,0.0021117350058767683,5031239.872658001,0.003711307627131566,0.0031151965111378406,4468061.336220875,0.00221000346734046,0.0015139051037729634,0.0
2025-05-15,4932348.710713273,-0.0019372805388914172,0.0021158339698500845,5021507.699138002,-0.001934348941080799,0.003121234066950111,4462243.573500874,-0.0013020776310384008,0.0015158788957745147,0.0
2025-05-16,4912666.056953273,-0.003990523564817772,0.002124311083286945,5001499.660898001,-0.003984468298920518,0.0031337202760477073,4449826.259260875,-0.0027827513302366436,0.0015201089810636741,0.0
2025-05-19,4918077.656993273,0.0011015607365252311,0.0021219736004847076,5007000.141858001,0.0010997663366856258,0.003130277702006563,4453697.051420875,0.0008698748972375547,0.0015187878256599026,0.0
2025-05-20,4930527.221893273,0.002531388434320103,0.002116615624173773,5019655.153458001,0.002527463798973173,0.0031223859844644077,4461707.652620875,0.0017986407938197502,0.0015160609765415766,0.0
2025-05-21,4949895.550053272,0.003928246876722774,0.00210833356941463,5039345.189298001,0.003922587356710361,0.0031101860081518143,4473486.809260875,0.002640055682061604,0.0015120690301069733,0.0
2025-05-22,4959110.350933273,0.0018616152172952205,0.002104415956646219,5048714.554418001,0.00185924257379666,0.003104414149198927,4478552.370380876,0.0011323518624251072,0.0015103587725379599,0.0
2025-05-23,4937826.796353273,-0.004291809029011606,0.002113486637680511,5027077.172498001,-0.004285720986358044,0.0031177760675222717,4466037.883260875,-0.002794315235156275,0.0015145910172926114,0.0
2025-05-26,4930832.282693272,-0.0014165166070965185,0.002116484673369004,5019965.546658002,-0.0014146641469728882,0.003122192921908829,4462120.289420876,-0.0008771967328541352,0.0015159207780463795,0.0
2025-05-27,4935297.021133273,0.000905473596348294,0.0021145699860789786,5024505.531218002,0.0009043856014154805,0.0031193718069611517,4464393.967980875,0.0005095511578632195,0.0015151487322555238,0.0
2025-05-28,4946930.085233273,0.002357115296239831,0.002109597421727317,5036333.439618002,0.0023540442589846666,0.0031120459131456146,4470895.392380876,0.0014562837524263461,0.0015129454543720145,0.0
2025-05-29,4941231.609193273,-0.0011519216851295644,0.0021120303152471014,5030543.154658001,-0.0011497024629966157,0.003115627958283034,4466387.804220875,-0.0010082070288833789,0.0015144723560464302,0.0
2025-05-30,4958919.597333273,0.003579671939904827,0.0021044969067224905,5048524.240018002,0.0035743824885692277,0.0031045311764108536,4477842.924780875,0.0025647393513781314,0.0015105980657431032,0.0
2025-06-03,4980751.758286694,0.00036946776761737077,4.8713816401348474e-05,5092810.643518002,0.004810594610498153,0.0016536805680613623,4512074.105830876,0.003178133152291762,0.00043162383090266347,20000.0
2025-06-04,4985607.223386694,0.0009748458336478194,4.866637418923136e-05,5093127.712724562,6.22581966529534e-05,0.0015205244166985137,4519463.455067995,0.001637683482983876,0.004231067828760158,0.0
2025-06-05,4979638.847326694,-0.0011971211915777769,4.872470356442168e-05,5087101.1894445615,-0.0011832656905389483,0.0015223257325076146,4507726.259427995,-0.002597032978956304,0.004242084662528269,0.0
2025-06-06,4984347.358546694,0.000945552752791956,4.8678675308981e-05,5091880.887604562,0.0009395720631462101,0.0015208967404193865,4513340.269707995,0.0012454195212625585,0.004236808059063669,0.0
2025-06-09,4988536.761486694,0.0008405118340752971,4.863779466698008e-05,5096142.670724562,0.0008369762007542914,0.0015196248505853717,4516816.044867995,0.0007701114811415888,0.004233547755331328,0.0
2025-06-10,4989752.887486693,0.0002437841110820571,4.862594043531553e-05,5097381.882724561,0.00024316666154522437,0.001519255418317265,4517574.7968679955,0.00016798381702143317,0.004232836707264413,0.0
2025-06-11,4995159.699246694,0.0010835830715305583,4.8573307221881646e-05,5102866.215204561,0.00107591163585119,0.001517622590513301,4524492.697507995,0.0015313306256259374,0.004226364745494571,0.0
2025-06-12,4997225.583666693,0.00041357725165647174,4.8553226711819125e-05,5104953.251764562,0.0004089929996169417,0.00151700214725467,4528461.5941879945,0.0008772025827747942,0.004222660616695425,0.0
2025-06-13,4992046.315886694,-0.0010364286529164213,4.860360087640235e-05,5099720.643524561,-0.0010250061032767155,0.001518558679169002,4519054.633667995,-0.0020772971845609556,0.0042314505971074055,0.0
2025-06-16,4997218.708326694,0.0010361266928833324,4.8553293512966164e-05,5104953.979844562,0.0010262005874077662,0.0015170019308964173,4527610.894227996,0.0018933740026629842,0.004223454019066263,0.0
2025-06-17,4997848.324706694,0.0001259933608572794,4.854717689098954e-05,5105613.192884562,0.00012913202403042057,0.0015168060626594843,4525311.959147995,-0.0005077589779040048,0.004225599605202832,0.0
2025-06-18,5003028.498086694,0.0010364807099869644,4.849691077847369e-05,5110850.3483245615,0.0010257642406790168,0.0015152517715765756,4534819.050867995,0.002100869908157721,0.00421674078138472,0.0
2025-06-19,5002255.819806694,-0.00015444211047266343,4.850440190067045e-05,5110076.893284561,-0.00015133588097604456,0.001515481118246708,4532600.975747995,-0.0004891209759683157,0.0042188042870550235,0.0
2025-06-20,5006771.310106694,0.0009026907984435173,4.846065691158983e-05,5114647.896084562,0.0008945076356889903,0.0015141267203339684,4539881.822747995,0.0016063286927212594,0.004212038368968107,0.0
2025-06-23,5012021.582426693,0.0010486343383411256,4.8409892635856456e-05,5119948.786644561,0.0010364135846101519,0.0015125590835522497,4550279.681627995,0.0022903369043438815,0.004202413426410289,0.0
2025-06-24,5011491.385366694,-0.0001057850712092856,4.841501422158349e-05,5119402.969764561,-0.00010660592571232197,0.0015127203485053458,4550855.056787995,0.0001264483065344102,0.004201882105533788,0.0
2025-06-25,5016233.189566694,0.0009461862418531641,4.836924790468728e-05,5124173.838564562,0.0009319189812126982,0.0015113119282328925,4562726.817987995,0.0026086880491376085,0.004190949226372407,0.0
2025-06-26,5020026.2058666935,0.0007561483201954378,4.833270121385392e-05,5128008.453364561,0.0007483381557316093,0.001510181801568687,4569552.016987995,0.001495859662930643,0.004184689518120363,0.0
2025-06-27,5009658.6065466935,-0.0020652480474870893,4.8432726808329294e-05,5117554.880404562,-0.002038524907879369,0.0015132666332929175,4547071.491307994,-0.004919634484173985,0.004205378442927189,0.0
2025-06-30,5005357.035466694,-0.0008586555328097267,4.847434957679276e-05,5113188.871764561,-0.0008531434917714575,0.0015145587692498084,4542744.670587995,-0.0009515620610475173,0.004209383932978194,0.0
2025-07-01,5035156.750879934,0.001957845433163241,0.0024712706546344376,5143388.512434681,0.00199477095916456,4.4487103031079954e-05,4578786.315247996,0.003531267069413424,0.0001246379037377101,20000.0
2025-07-02,5040158.627119934,0.0009933903724299586,0.002468818154448528,5148185.660034722,0.0009326823335322754,0.0018502363092044018,4584920.652957635,0.0013397300697810532,0.0003648161188038073,0.0
2025-07-03,5041525.709199934,0.0002712379076015292,0.0024681486989597727,5149600.010394722,0.00027472792424321213,0.0018497281372328454,4586668.967097634,0.0003813182980323404,0.0003646770607676639,0.0
2025-07-04,5050898.307599934,0.0018590797589104202,0.0024635687282024868,5159309.7547947215,0.0018855337075500689,0.0018462469763265194,4600556.007697634,0.0030276962866992996,0.0003635762622684617,0.0
2025-07-07,5057115.245759934,0.0012308579150457355,0.002460540152880027,5165750.486114722,0.0012483707368053931,0.0018439450492867128,4610086.667877635,0.0020716322470706316,0.0003628246230792595,0.0
2025-07-08,5053586.6187199345,-0.0006977549192611621,0.002462258205655514,5162025.528634721,-0.0007210873792710126,0.0018452756542722845,4605156.411857635,-0.0010694497468677344,0.00036321306119561426,0.0
2025-07-09,5060235.938959934,0.0013157625943065465,0.0024590227155478466,5168876.210314722,0.0013271305308348857,0.0018428299783448852,4615510.886177635,0.0022484522552455033,0.0003623982260868722,0.0
2025-07-10,5063966.473519934,0.000737225418933285,0.0024572111969937355,5172727.442834722,0.0007450812059137668,0.0018414579426403433,4622655.605157634,0.0015479800949871336,0.00036183810789823794,0.0
2025-07-11,5053629.991039934,-0.0020411830398268105,0.002462237073548295,5162030.082074722,-0.0020680310103748933,0.0018452740265498878,4607210.616417635,-0.00334115064136864,0.0003630511163685423,0.0
2025-07-14,5059107.625279934,0.0010839009285825707,0.0024595711421034542,5167724.325754722,0.001103101607209389,0.0018432407447219114,4616560.628737635,0.0020294301907277656,0.0003623158217014031,0.0
2025-07-15,5053107.0111999335,-0.001186101289882835,0.0024624919069305908,5161496.942194722,-0.0012050533595540092,0.0018454646280719076,4605050.722797635,-0.002493177684779413,0.0003632213971834954,0.0
2025-07-16,5048177.849919934,-0.0009754713820773198,0.0024648963427727527,5156379.429634722,-0.0009914783670924576,0.001847296182274245,4597230.028357634,-0.0016982862753897043,0.0003638393004739377,0.0
2025-07-17,5046533.818959935,-0.00032566819333146313,0.002465699342622963,5154660.784514722,-0.00033330462652192416,0.0018479120999265563,4594595.624477635,-0.0005730415627995811,0.0003640479150601177,0.0
2025-07-18,5049821.4857599335,0.0006514702799864658,0.0024640940585767095,5158051.0175147215,0.0006577024447822488,0.0018466975224512665,4600268.873977635,0.0012347657908731158,0.0003635989555082589,0.0
2025-07-21,5047935.685759935,-0.0003734389433995844,0.002465014591021045,5156103.417514722,-0.00037758447781655047,0.0018473950701541517,4598543.873977635,-0.00037497808220687823,0.0003637353482915921,0.0
2025-07-22,5046903.162639934,-0.00020454363610722393,0.0024655188972211735,5155023.6362747215,-0.00020941807263452628,0.0018477820291053356,4598119.539717635,-9.227578808179704e-05,0.00036376891535493615,0.0
2025-07-23,5048648.798479934,0.00034588257070655715,0.002464666412066634,5156835.024154722,0.00035138304066228976,0.0018471329779030524,4601312.985337635,0.0006945112219061134,0.00036351644910168757,0.0
2025-07-24,5035803.960959934,-0.002544212923637712,0.002470953042731654,5143530.670514722,-0.002579945563059849,0.0018519108069726842,4584609.838477635,-0.003630082742301033,0.0003648408515806971,0.0
2025-07-25,5025595.437439934,-0.002027188428926352,0.0024759723051389734,5132947.078874722,-0.0020576511190397717,0.001855729250341284,4570286.629617635,-0.0031241936314380103,0.0003659842572664555,0.0
2025-07-28,5028955.706479934,0.0006686310272741025,0.0024743178994200816,5136449.633754722,0.0006823672300100281,0.0018544638249978662,4572323.925737635,0.0004457698794639864,0.00036582118520082316,0.0
2025-07-29,5017379.795039934,-0.0023018519381835523,0.002480026553348654,5124421.982474722,-0.0023416274153569283,0.0018588164806290243,4557327.241017635,-0.003279882388818489,0.00036702498398204225,0.0
2025-07-30,5025120.330239934,0.0015427445232771841,0.0024762063994873407,5132454.392674722,0.0015674763373254574,0.0018559073897113842,4567133.973317634,0.002151860461486077,0.0003662368932918301,0.0
2025-07-31,5017158.104719934,-0.0015844845489738635,0.0024801361368755716,5124213.046434722,-0.0016057319967153205,0.0018588922725118033,4552140.1565576345,-0.0032829815914308114,0.0003674432025617366,0.0
2025-08-01,5037936.4857743345,0.0001551438161113694,0.0011914021685828762,5145470.310287122,0.00024535745118448027,1.040454689139798e-05,4573658.852680036,0.0003336224435475099,0.0009356722129652921,20000.0
2025-08-04,5049625.7024943335,0.0023202390012271312,0.0011886442298821203,5161450.317106402,0.0031056455203584132,0.003327334910012312,4581789.756560036,0.001777767896972815,0.0009340117568485716,0.0
2025-08-05,5075171.994854334,0.0050590467224891356,0.0011826610921600127,5187655.784226402,0.005077151868177143,0.0033105268623683875,4599600.090700036,0.0038872002178842457,0.000930395124717053,0.0
2025-08-06,5078320.872174334,0.0006204474100961477,0.0011819277681373512,5190878.398066402,0.0006212081090266608,0.0033084716129739237,4602061.144280036,0.0005350581640730656,0.0009298975754275688,0.0
2025-08-07,5088726.860374334,0.00204910017738702,0.001179510832281693,5201547.768866402,0.002055407578797075,0.0033016853039773255,4609499.694980036,0.0016163519924643488,0.0009283969591528443,0.0
2025-08-08,5091505.639294334,0.0005460656459355118,0.0011788670934608301,5204392.784306402,0.0005469555536967707,0.003299880416057228,4611627.131360036,0.0004615330341202206,0.0009279686709565691,0.0
2025-08-11,5073775.765254335,-0.0034822457826947373,0.0011829865433624386,5186229.854626402,-0.003489922923336941,0.0033114370762187114,4598439.383900036,-0.0028596734047123817,0.0009306299687277682,0.0
2025-08-12,5076095.657494334,0.000457231921025425,0.0011824458913560255,5188618.019906402,0.0004604819583668984,0.0033099129210348095,4599762.511860035,0.00028773413098193146,0.0009303622717480084,0.0
2025-08-13,5069334.318614334,-0.0013319959544138005,0.0011840230052088964,5181675.134946402,-0.0013380990725011532,0.003314347846814578,4595307.990740036,-0.0009684241541849659,0.0009312641304258389,0.0
2025-08-14,5069120.399134334,-4.219873193489487e-05,0.0011840729715868158,5181467.1519864015,-4.0138170491976766e-05,0.003314480884013393,4594780.0099200355,-0.0001148956329073414,0.0009313711409025445,0.0
2025-08-15,5060990.429054334,-0.0016038226437448122,0.0011859750652513828,5173128.035826402,-0.0016094121443581688,0.0033198238488328347,4589104.699200036,-0.0012351648409165694,0.0009325229604766728,0.0
2025-08-18,5057559.749294334,-0.0006778672688857457,0.0011867795442598195,5169653.129106402,-0.0006717225430984408,0.0033220553482997085,4585168.451160036,-0.0008577376848006857,0.0009333235072209265,0.0
2025-08-19,5056448.407974334,-0.0002197386437510218,0.0011870403829036364,5168508.851266403,-0.00022134518727323638,0.0033227908320587,4584509.7355800355,-0.0001436622420782907,0.0009334576098340403,0.0
2025-08-20,5076027.925694334,0.0038721877769229973,0.001182461669281166,5188602.470706402,0.0038877014663669662,0.003309922840179373,4597874.552560036,0.0029152118221664747,0.0009307442930674759,0.0
2025-08-21,5090318.478134334,0.0028153021711450066,0.0011791420281691732,5203254.678786402,0.0028239218870056426,0.0033006021973938536,4608082.507220035,0.002220146405324641,0.0009286824819933905,0.0
2025-08-22,5079758.821134334,-0.0020744590039619704,0.0011815931948111692,5192428.039186402,-0.002080743739901747,0.0033074842244887825,4600550.446120036,-0.0016345326040057007,0.0009302029290091977,0.0
2025-08-25,5102489.319134334,0.0044747199228099,0.0011763294499855309,5215726.402386402,0.00448698817281068,0.0032927098742266308,4617041.740320035,0.003584635011209869,0.0009268804010723095,0.0
2025-08-26,5098066.690374334,-0.0008667590431624683,0.0011773499286831838,5211180.064066402,-0.0008716596633443485,0.003295582500559592,4614309.145180036,-0.0005918497803768519,0.0009274292998997702,0.0
2025-08-27,5062438.568494335,-0.0069885554748173595,0.0011856358103165107,5174622.548306403,-0.0070152087071564395,0.0033188650314259285,4589841.844760036,-0.005302484001436736,0.0009323731938434938,0.0
2025-08-28,5058059.146894335,-0.0008650814307663568,0.0011866623698972981,5170154.026706402,-0.0008635454196486148,0.003321733499174434,4585955.551960036,-0.0008467160593859102,0.000933163318211053,0.0
2025-08-29,5052995.496534334,-0.001001105406825964,0.0011878515344909836,5164952.566786402,-0.001006055118112914,0.0033250787116303982,4582662.264020036,-0.0007181246967369326,0.0009338339274169819,0.0
2025-09-01,5071945.430095434,-0.0002078106817272607,0.003325430785464269,5180704.075466403,-0.0008225615366381778,0.0019376348620141033,4600197.802380036,-0.0005377794605003761,0.002328522698413851,20000.0
2025-09-02,5078813.485075435,0.0013541263553915606,0.0033209338214521293,5187266.271169642,0.0012666609803704265,0.002042224828233776,4612611.943400036,0.002698610267057866,0.0023222558349748528,0.0
2025-09-03,5071654.251615435,-0.0014096271660768434,0.003325621708156041,5180096.814229642,-0.0013821262617358387,0.002045051347407626,4596392.394860036,-0.0035163479475457393,0.0023304505098419924,0.0
2025-09-04,5079907.860075435,0.0016273996709004201,0.003320218385847595,5188468.237769642,0.0016160747260560715,0.0020417517240495084,4604167.848400035,0.001691642678004257,0.002326514877983384,0.0
2025-09-05,5067559.646775435,-0.0024307947388275686,0.0033283088214198955,5176021.651469641,-0.002398894187960021,0.002046661448302563,4592016.121700035,-0.002639288379597704,0.002332671470689394,0.0
2025-09-08,5064646.745975435,-0.0005748133229873664,0.0033302230780136582,5173063.081869642,-0.0005715914266237743,0.002047831971500639,4590231.142500035,-0.00038871361787362613,0.0023335785644557757,0.0
2025-09-09,5067596.221295434,0.0005823654576389004,0.0033282847999130043,5176040.659749642,0.0005755928031181412,0.002046653932226776,4597492.281180035,0.0015818677653878233,0.0023298929818509825,0.0
2025-09-10,5058799.6768354345,-0.0017358416250754516,0.0033340722212556674,5167160.154209642,-0.001715694702527637,0.002050171400437781,4589382.413640035,-0.0017639763253541885,0.0023340101204465872,0.0
2025-09-11,5063411.756115434,0.0009116943889118101,0.0033310353350314527,5171849.184929642,0.000907467657293326,0.0020483126229804004,4595891.300360035,0.0014182489349012783,0.002330704601128467,0.0
2025-09-12,5062601.033555434,-0.00016011389139358734,0.0033315687654709375,5171028.005489642,-0.00015877869029767844,0.0020486379030235364,4588165.640920035,-0.0016809926377926443,0.002334629095449895,0.0
2025-09-15,5057473.1029554345,-0.001012904348182131,0.003334946747532469,5165834.784889641,-0.0010042917181046773,0.0020506974014401417,4575942.491520035,-0.0026640601836572797,0.0023408653014949125,0.0
2025-09-16,5055901.211675434,-0.00031080566282826183,0.0033359835901233814,5164254.260169642,-0.0003059572723119741,0.002051325019247656,4571332.366800035,-0.0010074699864657255,0.002343226031393046,0.0
2025-09-17,5063649.325775435,0.001532489219154165,0.0033308790538829998,5172100.616069642,0.0015193589441395705,0.002048213048433016,4580686.072700036,0.00204616622670728,0.0023384411920028287,0.0
2025-09-18,5047184.529335435,-0.0032515672750460523,0.003341744962444434,5155449.067309642,-0.003219494359460784,0.00205482855738317,4550671.391140035,-0.006552442381695167,0.0023538647551854847,0.0
2025-09-19,5047494.267055434,6.136841603465726e-05,0.0033415398974338123,5155767.823989642,6.182908139296117e-05,0.0020547015170758326,4556321.857420036,0.0012416775008192715,0.002350945638880038,0.0
2025-09-22,5041087.4352754345,-0.0012693093723387117,0.003345786735895531,5149297.646569642,-0.0012549396405893143,0.002057283283420118,4544211.313200035,-0.002657965042631605,0.0023572110233782834,0.0
2025-09-23,5042309.807615434,0.00024248187632003315,0.003344975639926117,5150515.193529642,0.00023644913220555175,0.0020567969555648517,4551330.597610035,0.00156667107212205,0.002353523825683036,0.0
2025-09-24,5037350.867015434,-0.000983466067973393,0.00334826854842996,5145530.719389642,-0.0009677622437193056,0.002058789374188962,4548253.412860035,-0.0006761066206915078,0.002355116135294606,0.0
2025-09-25,5030539.737655435,-0.0013521252618313717,0.003352801956653469,5138622.849909642,-0.001342498929016056,0.0020615570122700403,4536787.9611200355,-0.002520847169065199,0.002361068026946304,0.0
2025-09-26,5035080.058255434,0.0009025513835052568,0.0033497786093351772,5143244.406369641,0.0008993764662219572,0.002059704562459194,4539670.690670035,0.0006354120083866821,0.0023595687286415115,0.0
2025-09-29,5032241.006415434,-0.0005638543592459966,0.0033516684622083405,5140392.021309642,-0.0005545886671196598,0.0020608474851191035,4536139.958760035,-0.0007777506675221701,0.002361405313200144,0.0
2025-09-30,5032780.839055435,0.00010727479850669575,0.003351308951215865,5140958.227469642,0.00011014843958445653,0.002060620510985243,4529411.037120036,-0.0014834025627901148,0.0023649134318457204,0.0
2025-10-09,5061038.021772664,0.001640679970236647,0.0016459026185594063,5165998.843919462,0.0009804818920500225,1.4318903603578827e-05,4555157.426069856,0.0012686834784316758,4.2165934541838156e-05,20000.0
2025-10-10,5076371.269782664,0.003029664654570219,0.0016409311474613593,5180652.666222703,0.002836590317957466,0.002712594189980461,4565647.8865434555,0.00230298527413364,0.004514787858303501,0.0
2025-10-13,5090567.0433026645,0.0027964411516747667,0.0016363551765070188,5195117.611742702,0.002792108726823006,0.0027050414202246338,4575858.529583455,0.002236406156088888,0.00450471348932456,0.0
2025-10-14,5136732.418122665,0.009068807939724088,0.0016216487553986163,5242158.3414627025,0.009054795913315372,0.0026807676165656077,4608394.045623455,0.007110253918396703,0.004472909963728324,0.0
2025-10-15,5145790.275722664,0.0017633500954892245,0.0016187942543955506,5251385.4834627025,0.0017601799485944536,0.0026760572742102525,4614422.187223455,0.0013080785931760541,0.004467066689417608,0.0
2025-10-16,5163752.490072664,0.0034906619561905217,0.0016131632468207489,5269687.959882703,0.0034852662173892046,0.0026667628955804987,4627255.567203456,0.002781145603784285,0.004454677582442921,0.0
2025-10-17,5156990.064092664,-0.001309595297799504,0.0016152786080905403,5262801.474962703,-0.0013068107585165745,0.0026702524101580483,4623369.690283455,-0.00083978005181784,0.004458421676029042,0.0
2025-10-20,5157363.252722665,7.236559026924105e-05,0.001615161725958861,5263179.0870627025,7.17511579708674e-05,0.0026700608302016285,4622936.652423455,-9.36628236564152e-05,0.004458839303508439,0.0
2025-10-21,5163204.136942664,0.0011325330277862644,0.0016133345712720261,5269127.811262703,0.0011302530469887717,0.0026670463928896047,4626869.0611834545,0.0008506300336037498,0.004455049704428654,0.0
2025-10-22,5181749.060692665,0.003591747151214131,0.001607560619994756,5288022.616322703,0.0035859454803151003,0.0026575166829515126,4639761.548123456,0.002786438684457604,0.004442670475553276,0.0
2025-10-23,5194425.024792665,0.0024462713171804484,0.0016036376871176104,5300935.439002702,0.0024419000478819175,0.0026510431006770323,4648216.403043455,0.001822260655489849,0.004434589497588572,0.0
2025-10-24,5175244.903252664,-0.003692443619545016,0.0016095809741156247,5281392.782882703,-0.0036866429227208064,0.002660852714505366,4634844.930843455,-0.0028766888286968495,0.004447383235258373,0.0
2025-10-27,5179541.518252664,0.0008302244783235935,0.0016082457691109482,5285772.567522703,0.0008292859137830622,0.0026586479352229773,4638244.861803455,0.0007335587297376822,0.004444123209881735,0.0
2025-10-28,5185477.474022664,0.0011460388432222857,0.0016064047668502006,5291826.0703027025,0.0011452446549051754,0.0026556066159405404,4643545.819183455,0.0011428800199086986,0.004439049908434008,0.0
2025-10-29,5163197.395322665,-0.0042966301197169265,0.0016133366778133375,5269125.499862703,-0.0042897423570652515,0.0026670475628391595,4628221.883223455,-0.0033000505554813264,0.0044537475003464996,0.0
2025-10-30,5171651.832482664,0.001637442172491399,0.00161069925093266,5277742.950022702,0.0016354611709712419,0.002662692832102033,4634600.939143456,0.0013782951813789968,0.004447617370755769,0.0
2025-10-31,5168823.315702664,-0.0005469271466099768,0.0016115806681490225,5274860.695822703,-0.0005461149258864095,0.002664147762960153,4632912.597903455,-0.0003642905316273426,0.00444923818609992,0.0
2025-11-03,5203662.122706344,0.00287082883228007,0.001735031958925276,5328219.615572702,0.006324132839454322,5.026522779198544e-05,4675550.060113586,0.0048862269105562905,0.0004292240458947587,20000.0
2025-11-04,5216647.119606344,0.002495357422100719,0.0017307132108690061,5339968.875776423,0.0022051005873298113,0.002430302475224705,4694056.288566426,0.003958085832662661,0.0010249876078701284,0.0
2025-11-05,5216808.076586344,3.085448877593322e-05,0.0017306598122452542,5340133.396676423,3.080933687571452e-05,0.002430227601523845,4694144.249826426,1.873885922787366e-05,0.0010249684011315464,0.0
2025-11-06,5213862.842046344,-0.000564566397069366,0.0017316374365538398,5337122.723776422,-0.0005637823395712172,0.002431598493811584,4690903.288046425,-0.0006904265415619282,0.001025676555448486,0.0
2025-11-07,5214397.183926345,0.00010248483632757655,0.0017314599881603455,5337658.777376423,0.00010043868723719207,0.002431354291778309,4691910.956406427,0.0002148132882144882,0.0010254562738143877,0.0
2025-11-10,5222726.769896344,0.001597420694318341,0.0017286985293553155,5346083.382426423,0.001578333385735986,0.00242752285141728,4704777.864996426,0.002742359927447202,0.0010226517945133822,0.0
2025-11-11,5226161.7977463445,0.0006577077456548786,0.0017275622982506546,5349547.293476422,0.0006479343478602573,0.002425950994441755,4710534.406746426,0.0012235522941110855,0.0010214020556849391,0.0
2025-11-12,5238070.744416345,0.0022787175619276567,0.0017236346217676859,5361632.478226422,0.0022591041983566207,0.002420482871424869,4727092.805036426,0.0035151846606373827,0.001017824215614984,0.0
2025-11-13,5233128.865916344,-0.0009434539434711731,0.0017252623273139125,5356609.468926423,-0.0009368432693582784,0.0024227526109017127,4720439.648336425,-0.0014074521009851404,0.0010192587735172183,0.0
2025-11-14,5230787.193896344,-0.0004474707350036189,0.0017260346773196144,5354255.493626422,-0.00043945247710441837,0.002423817763621986,4716132.792996425,-0.0009123843668922271,0.0010201895785399446,0.0
2025-11-17,5222293.336876344,-0.0016238200303601014,0.001728842005597632,5345675.067126422,-0.001602543343367513,0.002427708271351879,4702636.444256426,-0.0028617406108754073,0.001023117475368904,0.0
2025-11-18,5216466.910196344,-0.0011156835329140247,0.0017307730005335393,5339781.732326422,-0.0011024491249461699,0.002430387650090001,4693600.885496425,-0.0019213815201547524,0.00102508705870004,0.0
2025-11-19,5217605.728826345,0.00021831225034230073,0.0017303952340560111,5340925.236676423,0.00021414814449771669,0.0024298672985166477,4695647.434706426,0.00043602966249745023,0.0010246402851423282,0.0
2025-11-20,5226725.9682463445,0.001747974050551937,0.001727375825936723,5350174.121176423,0.0017317007990464983,0.002425666769433799,4708573.465046426,0.0027527684988573053,0.0010218274307796098,0.0
2025-11-21,5208782.2260163445,-0.003433074995515817,0.0017333264656851327,5331993.778626422,-0.0033980842750596096,0.002433937494159179,4682266.024236426,-0.005587136105083768,0.0010275685963849223,0.0
2025-11-24,5202534.057976345,-0.0011995448780316442,0.001735408165661546,5325667.470626422,-0.001186480754227337,0.0024368287445659547,4672912.992756425,-0.001997543802848223,0.0010296253180582652,0.0
2025-11-25,5207301.767556344,0.0009164206378793338,0.0017338192579112437,5330473.217526423,0.0009023745711700393,0.0024346317947442154,4680887.629416426,0.001706566476277649,0.0010278711875476645,0.0
2025-11-26,5197167.542656343,-0.0019461566378082829,0.0017372001214588221,5320145.771826423,-0.0019374350603702517,0.00243935789224945,4668503.806316425,-0.002645614268152019,0.001030597751664193,0.0
2025-11-27,5199212.182586344,0.00039341428060946093,0.001736516950891821,5322219.533876423,0.00038979421597473696,0.0024384074151428377,4671423.675826426,0.0006254401048253477,0.0010299535773907842,0.0
2025-11-28,5198761.402156345,-8.670167982549604e-05,0.0017366675228833535,5321769.165526423,-8.462040078083266e-05,0.0024386137716175416,4670435.491616426,-0.00021153812597074495,0.0010301714979388866,0.0
2025-12-01,5225500.184659844,0.0012962284633228904,6.845005209157312e-05,5350267.221397422,0.001596847891496056,0.0010675383286613716,4701707.414549526,0.0024134629315260003,0.001853248197146754,20000.0
2025-12-02,5221640.984719844,-0.000738532160295402,6.850064201870481e-05,5345224.004906472,-0.0009426102066044661,0.002915739391308247,4696678.12425417,-0.0010696731744286314,0.007182890375211235,0.0
2025-12-03,5219493.256019844,-0.00041131297733509875,6.852882881531811e-05,5343048.904556472,-0.0004069240780186778,0.002916926358877482,4690884.59960417,-0.0012335366607478804,0.0071917616768950475,0.0
2025-12-04,5206035.102959844,-0.002578440549660166,6.870598310816848e-05,5329313.295546472,-0.002570743643818485,0.0029244443556163836,4678178.03713417,-0.002708777459814793,0.007211295471524377,0.0
2025-12-05,5207715.0820598435,0.0003226983811623896,6.868381895098096e-05,5331050.526696472,0.0003259765477574561,0.002923491365993498,4674696.28698417,-0.0007442534513142363,0.007216666500474339,0.0
2025-12-08,5205353.196179844,-0.0004535359255992688,6.871498366469987e-05,5328648.427856472,-0.00045058639530259903,0.0029248092452482622,4670561.79578417,-0.0008844406023792439,0.007223054863468804,0.0
2025-12-09,5203302.552939844,-0.0003939489142648078,6.874206452638436e-05,5326588.717136472,-0.00038653530025223315,0.0029259402244314328,4661203.45678417,-0.0020036859395473616,0.007237556653973047,0.0
2025-12-10,5199452.991919844,-0.0007398303252277305,6.879295964409123e-05,5322674.197666473,-0.0007349017688198511,0.0029280920844835874,4654361.60389417,-0.0014678297039452115,0.007248195771025768,0.0
2025-12-11,5200317.929379845,0.0001663516260930198,6.878151772677222e-05,5323570.470516473,0.00016838769699512035,0.002927599112811256,4652186.37732417,-0.00046735229342298457,0.007251584815820393,0.0
2025-12-12,5198900.876239845,-0.0002724935589023536,6.880026535593249e-05,5322117.969146472,-0.0002728434568576299,0.0029283981070738455,4652224.96017417,8.293487592903048e-06,0.007251524675390469,0.0
2025-12-15,5193445.531499844,-0.001049326553797636,6.887253513587794e-05,5316537.913576473,-0.0010484652167330744,0.0029314716531359973,4649826.96762417,-0.0005154506866131836,0.0072552644064103125,0.0
2025-12-16,5189569.258059844,-0.0007463779905823031,6.892397847643611e-05,5312599.933816472,-0.0007407037858122578,0.0029336446148084134,4642099.72706417,-0.001661834002383955,0.007267341521657941,0.0
2025-12-17,5194498.100859844,0.0009497595185468111,6.885857938523138e-05,5317629.647456473,0.0009467518169370415,0.0029308698084920177,4646892.15502417,0.001032383671565551,0.007259846574596256,0.0
2025-12-18,5202782.867459845,0.0015949118546465524,6.874893090034415e-05,5326056.918556472,0.0015847796215049392,0.0029262323750562404,4661001.099124171,0.0030362107897741186,0.007237870872956793,0.0
2025-12-19,5204752.539699845,0.0003785805193445846,6.872291374396809e-05,5328070.063796473,0.00037798042168613044,0.0029251267344196793,4662212.632604171,0.00025992988506851056,0.007235990022901783,0.0
2025-12-22,5195783.8314598445,-0.0017231766873815335,6.884153988061381e-05,5318935.234396473,-0.0017144724620027363,0.002930150396584149,4649552.81208417,-0.0027154103679156716,0.007255692204740941,0.0
2025-12-23,5203187.000519844,0.001424841621619155,6.874359115072268e-05,5326502.047706472,0.0014226180572882718,0.0029259878334568674,4654065.49445417,0.0009705626653537802,0.007248656928951743,0.0
2025-12-24,5204446.928279844,0.00024214539278988312,6.872694923660454e-05,5327773.235946472,0.00023865347813911697,0.0029252897028947075,4658491.13029417,0.0009509182552918105,0.007241770597090334,0.0
2025-12-25,5206198.787039844,0.0003366080554074724,6.87038229763534e-05,5329559.625826472,0.0003352976564294785,0.0029243091888770016,4660477.51389417,0.0004264006401304421,0.007238684017591531,0.0
2025-12-26,5202599.778959844,-0.0006912928659119633,6.875135029433368e-05,5325893.023286473,-0.0006879747666639346,0.0029263224248644313,4655610.83279417,-0.0010442451627522553,0.007246250880021082,0.0
2025-12-29,5194085.097519844,-0.0016366204977817933,6.886405461768135e-05,5317185.783866472,-0.001634888155269132,0.0029311144691918506,4651380.3532941695,-0.0009086840915054628,0.007252841421639137,0.0
2025-12-30,5192125.141279844,-0.0003773438831289333,6.889004985660318e-05,5315186.183206472,-0.00037606371890697154,0.0029322171696853252,4649318.06863417,-0.00044337046282161285,0.007256058543673906,0.0
2025-12-31,5193625.715419844,0.0002890096249934526,6.887014572161493e-05,5316715.228266473,0.0002876747882947228,0.0029313738873228768,4651261.764594169,0.0004180604405432664,0.0072530263402868144,0.0
2026-01-05,5205160.625028125,-0.001629899968838,0.00247508957671319,5332163.814332152,-0.0008560574977052315,3.648143960419649e-05,4665752.90960049,-0.0011843786207892393,0.003622233887635847,20000.0
2026-01-06,5204262.186048125,-0.00017260542848185345,0.002475516864362277,5329416.250815881,-0.0005152811526317747,0.004308183240963273,4664519.31098049,-0.0002643943311830821,0.0036231918390188726,0.0
2026-01-07,5195771.031048125,-0.001631577099010073,0.0024795624616903364,5320704.603895882,-0.0016346343595634583,0.004315237075756967,4658696.66710049,-0.0012482837977095818,0.003627720263446355,0.0
2026-01-08,5180904.890928125,-0.0028612000088465983,0.0024866773429259143,5305456.295395883,-0.002865843837456139,0.004327639414503755,4649235.30826049,-0.002030902528343481,0.003635102802919593,0.0
2026-01-09,5184934.457328125,0.0007777727028064341,0.0024847447762654943,5309588.857215881,0.0007789267482205542,0.004324271124058668,4652405.84770049,0.0006819485850428908,0.003632625539073232,0.0
2026-01-12,5189202.877488124,0.0008232351238242064,0.0024827009296582484,5313966.100375881,0.0008244034100779452,0.0043207091167288825,4655410.611700489,0.0006458516514600277,0.0036302809161482736,0.0
2026-01-13,5195093.176488125,0.0011351067088847255,0.0024798859944287033,5320005.878375882,0.0011365857225873466,0.00431580383570773,4659859.56006049,0.0009556511188979488,0.0036268149463867237,0.0
2026-01-14,5175828.359928125,-0.0037082716142972094,0.0024891163137998515,5300246.953695882,-0.003714079482564858,0.004331892829988258,4646855.797260489,-0.0027905911395819105,0.0036369642265322607,0.0
2026-01-15,5171465.072148125,-0.0008430124564757779,0.002491216440290794,5295770.235015882,-0.000844624546574857,0.004335554745949707,4644230.000400489,-0.0005650695813603779,0.0036390205263376403,0.0
2026-01-16,5152701.319008125,-0.0036283244454371477,0.00250028829744104,5276523.350875882,-0.0036343880655430594,0.004351369310641071,4631704.8595404895,-0.0026969251865044397,0.003648861232096541,0.0
2026-01-19,5155227.534288124,0.000490270078469246,0.0024990630815879297,5279115.158055881,0.0004911960030591356,0.004349232984782572,4633520.77154049,0.0003920612506775889,0.0036474312156523723,0.0
2026-01-20,5191714.016748125,0.007077569751737345,0.002481500091600684,5316536.054435881,0.007088478894591965,0.004318620534271636,4659426.39492049,0.005590915560174992,0.0036271521144565356,0.0
2026-01-21,5175414.3250681255,-0.0031395588484683934,0.002489315443929301,5299820.449895883,-0.003144078093113123,0.004332241439676199,4648599.61180049,-0.0023236300356204165,0.003635599903590016,0.0
2026-01-22,5176311.798528125,0.00017341093942024877,0.002488883844243763,5300739.606775882,0.00017343170182626544,0.004331490221955562,4649020.79498049,9.060431423923987e-05,0.0036352705323963543,0.0
2026-01-23,5168315.815728124,-0.0015447258803602537,0.00249273443563936,5292536.955095882,-0.001547454183471797,0.004338203392944726,4643619.59282049,-0.001161793504092623,0.003639498878551608,0.0
2026-01-26,5185449.473268124,0.0033151336239669593,0.0024844979928047347,5310107.937435882,0.003319954586822993,0.004323848412574671,4655621.96832049,0.0025847025709333504,0.0036301161081141783,0.0
2026-01-27,5168555.8140481245,-0.0032578967950781523,0.002492618687237237,5292780.205895882,-0.003263159947812122,0.004338004013525055,4643928.547140489,-0.0025116775501896615,0.0036392567475864676,0.0
2026-01-28,5177963.646288124,0.0018202052136941926,0.0024880898531144586,5302429.671175882,0.0018231373502437531,0.004330109628929902,4650632.39074049,0.0014435716510168284,0.003634010792626742,0.0
2026-01-29,5213283.0835081255,0.006821105676421801,0.002471233309558864,5338653.572615882,0.0068315665999143516,0.004300728912933023,4675074.86424049,0.0052557311450085464,0.0036150112653299906,0.0
2026-01-30,5212319.519748125,-0.00018482858969393057,0.0024716901485631834,5337663.853275882,-0.00018538744395724116,0.004301526361910371,4674674.60568049,-8.561543325469323e-05,0.0036153207925860025,0.0
2026-02-02,5198789.827750885,-0.006432777551377056,0.007403272751177171,5328416.533048882,-0.005479423401503647,5.5989183085192505e-06,4675287.07363079,-0.004147354347646126,0.003913627484821138,20000.0
2026-02-03,5188846.184170885,-0.0019126842802763555,0.007417460010338523,5317111.422412591,-0.0021216642066498315,0.0046973002497772715,4669267.88215417,-0.0012874485313573159,0.006436368487024012,0.0
2026-02-04,5227425.600330885,0.007435066446504157,0.007362717714901379,5356924.607052592,0.007487746913141802,0.004662389457508944,4691394.140554171,0.004738699718764616,0.0064060123182531035,0.0
2026-02-05,5265367.980010885,0.007258329927756213,0.007309661778055941,5396069.775432592,0.007307395801028127,0.004628566688722991,4715244.311754171,0.005083813144973304,0.006373610075569987,0.0
2026-02-06,5259023.500070885,-0.001204945212582631,0.007318480145670848,5389516.145412591,-0.0012145191394371535,0.004634195007255186,4712584.13773417,-0.0005641646209867401,0.006377207870631275,0.0
2026-02-09,5266692.892590885,0.0014583301481534416,0.007307822927178777,5397428.493312592,0.0014680998602694117,0.004627401519730658,4717581.887854171,0.0010605115948982835,0.006370451932492125,0.0
2026-02-10,5279165.002310885,0.0023681103064783215,0.007290558081446127,5410296.492292591,0.0023840980933684808,0.00461639557983055,4725178.732534171,0.0016103259806805603,0.006360209921213412,0.0
2026-02-11,5284853.759710885,0.0010775865875587431,0.007282710330472933,5416160.928092591,0.0010839398188906557,0.0046113971028900105,4729352.19825417,0.0008832397579510154,0.0063545972882426685,0.0
2026-02-12,5259185.137570885,-0.0048570165433308166,0.007318255217130855,5389664.012872592,-0.004892194964622565,0.004634067866371593,4715392.59715417,-0.002951694125286952,0.006373409644047049,0.0
2026-02-13,5234971.082670885,-0.004604145750074062,0.00735210538187893,5364672.863912592,-0.004636865841787463,0.004655655516406748,4700936.872574171,-0.003065646026743085,0.006393008344677846,0.0
2026-02-24,5246838.162850885,0.0022668855267000687,0.007335476695925491,5376922.058772591,0.0022833069547256724,0.004645049442709166,4707707.53451417,0.0014402792727339353,0.006383813869880066,0.0
2026-02-25,5237847.807970885,-0.001713480500247555,0.007348067466243402,5367655.142472592,-0.0017234611546729228,0.004653068826080936,4700473.84667417,-0.0015365627084874545,0.006393638095749559,0.0
2026-02-26,5234001.052750885,-0.0007344152333228493,0.007353467965134749,5363694.384652591,-0.0007378934962979367,0.004656504830710998,4696574.30881417,-0.0008296052668731457,0.006398946695630695,0.0
2026-02-27,5245026.010230884,0.0021064110169035644,0.007338011097716359,5375062.470732591,0.002119450748821139,0.004646656471173655,4704436.72485417,0.001674074660171998,0.006388252284358665,0.0
2026-03-02,5273535.892384806,0.0016224671026077164,0.0014142839182293846,5424208.658765692,0.005422483588200633,0.0006981130085349524,4742573.758534471,0.0038553039909070552,0.0017214862035152285,20000.0
2026-03-03,5287180.585444805,0.0025873898155699404,0.001410634058034131,5436253.003492393,0.0022204796099125623,0.0006640310798767679,4761938.169754341,0.004083101751453766,0.0012307162305391275,0.0
2026-03-04,5272405.023684805,-0.002794601304270894,0.0014145872654511657,5421194.181292392,-0.002770073834004072,0.0006658756044653992,4739692.2534343405,-0.004671609652829312,0.0012364926414988057,0.0
2026-03-05,5274267.758684806,0.00035329891987290196,0.001414087669804818,5423091.454492392,0.00034997329675934274,0.0006656426473136552,4742495.0222743405,0.0005913398360344324,0.0012357618862676026,0.0
2026-03-06,5280583.499444805,0.0011974630506006445,0.001412396377330163,5429533.475692392,0.001187887251037134,0.0006648528770571836,4751527.284394341,0.0019045380285225288,0.00123341280467623,0.0
2026-03-09,5274658.738304805,-0.0011219898597613076,0.0014139828517517048,5423461.601372393,-0.0011183049790893795,0.0006655972177398501,4745632.98505434,-0.0012405062598207506,0.001234944761383259,0.0
2026-03-10,5273392.130944805,-0.00024013067438877211,0.0014143224739611802,5422174.885992393,-0.0002372498368338194,0.00066575516804484,4743351.1547343405,-0.0004808273895571258,0.0012355388422994982,0.0
2026-03-11,5283881.489204805,0.001989110234842384,0.0014115148153952457,5432871.6438923925,0.0019727799499116294,0.0006644443655227051,4758840.322154341,0.0032654481852014694,0.0012315173860860593,0.0
2026-03-12,5290571.972644805,0.0012662061883235154,0.001409729806790024,5439700.285912392,0.001256912083994477,0.0006636102657606078,4768159.68279434,0.001958325980515374,0.0012291103872817243,0.0
2026-03-13,5293371.078464805,0.0005290743296704203,0.0014089843493398809,5442556.211432393,0.0005250152342761716,0.0006632620430836717,4772277.07297434,0.0008635176784992371,0.0012280499444446164,0.0
2026-03-16,5289491.926424805,-0.0007328320615537232,0.0014100176554851772,5438576.396492393,-0.0007312400249794848,0.0006637474017503076,4768788.94813434,-0.0007309141499249883,0.001228948200073575,0.0
2026-03-17,5295604.157244805,0.0011555421399671584,0.0014083902012581066,5444821.621852392,0.001148319873566006,0.0006629860816568434,4776943.136194341,0.0017099075150286414,0.0012268503993559006,0.0
2026-03-18,5292726.180284806,-0.000543465273185606,0.001409156028624164,5441903.175912392,-0.0005360039580152298,0.0006633416353989335,4771062.92843434,-0.0012309561977924544,0.0012283624597388516,0.0
2026-03-19,5290895.970064805,-0.0003457972616868199,0.0014096434794793225,5440046.328512393,-0.0003412128698316863,0.0006635680533587487,4767675.040574341,-0.0007100907933551559,0.0012292353284284355,0.0
2026-03-20,5283960.364564805,-0.0013108565239687842,0.0014114937452638428,5432960.914132392,-0.0013024547866191671,0.0006644334478833342,4758649.59879434,-0.0018930488557193925,0.0012315667444447486,0.0
2026-03-23,5245655.134444806,-0.00724934092558327,0.0014218008644585921,5393889.717852392,-0.007191510650917166,0.0006692463400660062,4703166.5775543405,-0.011659404645817384,0.0012460954758247112,0.0
2026-03-24,5266455.809484805,0.003965315009638148,0.001416185243854707,5415110.668572392,0.0039342574338818714,0.0006666236709330363,4732918.24187434,0.006325879347329089,0.0012382623774247852,0.0
2026-03-25,5277244.064884806,0.0020484849375497216,0.0014132901402899355,5426118.796692393,0.002032853766754661,0.0006652712717224018,4748161.052394341,0.0032205945129455404,0.0012342872387163765,0.0
2026-03-26,5276066.240644805,-0.00022318926801934147,0.0014136056418984188,5424931.140612393,-0.00021887764063033277,0.0006654169166071443,4745372.353554341,-0.0005873218724528062,0.001235012588622429,0.0
2026-03-27,5274153.240464806,-0.00036258077377093745,0.0014141183740326792,5422980.889512393,-0.0003594978534197102,0.0006656562185888425,4742511.428814341,-0.0006028873030072823,0.0012357576111958134,0.0
2026-03-30,5286154.991964806,0.0022755788375505848,0.0014109077422327183,5435233.812612393,0.002259444270529487,0.0006641555960326463,4758840.891114341,0.0034432098994607863,0.0012315172388476566,0.0
2026-03-31,5291654.998844805,0.0010404550922853417,0.0014094412818737156,5440849.932432393,0.0010332802623813642,0.000663470045529919,4766462.235234341,0.0016015126990756023,0.0012295481019482621,0.0
2026-04-01,5306543.631580685,-0.0009659298017795637,0.006186807472061785,5457417.909018142,-0.0006307881042247887,0.0018057254240797813,4782877.97620009,-0.0007519747052133763,0.000161762209686382,20000.0
2026-04-02,5311251.087450686,0.0008871039600966135,0.006181323995067121,5461037.355440417,0.0006632159168704632,0.001270792863832701,4789576.21405009,0.001400461789602625,0.0001615359847121468,0.0
2026-04-03,5301865.353910685,-0.0017671417497429065,0.006192266607915507,5451358.127520417,-0.0017724156217971965,0.0012730492361862345,4771693.134850089,-0.003733749793466301,0.0001621413800564449,0.0
2026-04-07,5296925.868420686,-0.0009316504966229155,0.006198041015906065,5446259.815000418,-0.0009352371282049798,0.0012742409536363546,4761123.32650009,-0.002215106472962969,0.00016250133782171893,0.0
2026-04-08,5304095.137040685,0.0013534772428553943,0.006189663447289225,5453654.060500418,0.0013576740278959942,0.0012725132953850578,4774901.02726009,0.0028937920350255997,0.0001620324496096229,0.0
2026-04-09,5300582.829060686,-0.0006621879678347931,0.006193764883870923,5450030.1808204185,-0.0006644865332119387,0.001273359425575291,4766184.50350009,-0.0018254878394834417,0.0001623287788213595,0.0
2026-04-10,5299551.400880685,-0.00019458769219604655,0.006194970348854328,5448966.646040418,-0.00019514291567468423,0.0012736079611462559,4763715.29734009,-0.0005180676824798613,0.0001624129197062765,0.0
2026-04-13,5298001.682320685,-0.00029242447950261763,0.006196782439733859,5447366.851640417,-0.00029359592449762495,0.0012739819970684783,4758106.65916009,-0.0011773663684587765,0.00016260436461654063,0.0
2026-04-14,5306786.834150686,0.0016582010268733072,0.006186523939384795,5456426.777840418,0.0016631753371396663,0.001271866659807756,4768201.78735009,0.002121669166571971,0.00016226010236039778,0.0
2026-04-15,5313312.313680685,0.001229647945910628,0.00617892603567709,5463158.682160418,0.00123375692446559,0.0012702994191032928,4779727.8536200905,0.0024172773687092253,0.00016186882052384582,0.0
2026-04-16,5313659.0377506865,6.525572929505508e-05,0.006178522851662439,5463515.419160418,6.529867074256401e-05,0.0012702164756558771,4779929.90443009,4.227245068921803e-05,0.000161861978221353,0.0
2026-04-17,5314533.881630685,0.00016464057512588504,0.006177505783557391,5464415.417760418,0.0001647288478117126,0.0012700072688217716,4775801.05777009,-0.0008637881187700813,0.00016200191354949508,0.0
2026-04-20,5319315.647000685,0.0008997525420861852,0.0061719525535576915,5469348.397200418,0.0009027460511086272,0.001268861808834444,4784358.11584009,0.0017917534600981888,0.00016171216521792587,0.0
2026-04-21,5326173.254830685,0.0012891898667202195,0.006164005979510503,5476422.671880418,0.0012934401259978578,0.0012672227321041639,4795200.862150091,0.0022662907013799583,0.000161346507129119,0.0
2026-04-22,5326351.722060685,3.350759005771309e-05,0.006163799445445487,5476603.641980417,3.304531276016043e-05,0.001267180857716397,4790606.85904009,-0.0009580418510228839,0.00016150123206843233,0.0
2026-04-23,5328824.7977706855,0.0004643095009586595,0.006160938862996572,5479157.244120418,0.00046627477665661665,0.0012665902786171193,4797799.05523009,0.0015013121305140764,0.00016125913177773827,0.0
2026-04-24,5326534.719360686,-0.00042975299374781173,0.0061635876832556785,5476798.1085204175,-0.0004305654126885994,0.0012671358634931168,4796470.28200009,-0.0002769547483553181,0.000161303805632636,0.0
2026-04-27,5312963.661450685,-0.0025478211679862417,0.006179331514893328,5462802.617160417,-0.0025554148761165463,0.0012703822171090714,4779676.51753009,-0.00350127562199698,0.00016187055907504447,0.0
2026-04-28,5319801.3570906855,0.001286983325260227,0.006171389040105019,5469854.213480418,0.0012908385702696812,0.0012687444728077548,4786720.408030091,0.0014737169919691873,0.00016163235872154445,0.0
2026-04-29,5324057.953500685,0.0008001419835585999,0.006166455000569339,5474245.882400418,0.0008028859177227066,0.0012677266329466398,4792243.188640091,0.0011537712962583768,0.0001614460868606314,0.0
2026-04-30,5318702.310010685,-0.0010059326056883755,0.006172664284837425,5468720.570520417,-0.0010093284077291598,0.0012690074782440522,4782340.58215009,-0.002066382297433278,0.0001617803869883761,0.0
2026-05-06,5323384.747846296,-0.0028799435034291276,0.0053546266288245405,5481580.022449618,-0.001305707245180976,3.406605921152789e-05,4793438.7345016105,-0.0018613997676587557,0.0035219657904662404,20000.0
2026-05-07,5311412.6176462965,-0.002248969549841995,0.005366696165083066,5469316.738829798,-0.0022371804424264896,0.002718731889164635,4786680.427465885,-0.001409907878259009,0.006408658102568535,0.0
2026-05-08,5309869.937566296,-0.0002904462882200587,0.005368255354925121,5467726.899149799,-0.00029068341731097735,0.002719522409232004,4786678.876685885,-3.2397817728568867e-07,0.006408660178834578,0.0
2026-05-11,5312832.992456296,0.0005580277718362225,0.0053652613900663036,5470788.482349798,0.0005599371103328643,0.0027180004998862144,4788930.977005886,0.00047049329566895004,0.006405646365165342,0.0
2026-05-12,5309038.532046296,-0.0007142066041579964,0.005369096033912082,5466875.711089798,-0.0007152115773847445,0.002719945836638438,4787947.466745885,-0.00020537156720845662,0.0064069621730278616,0.0
2026-05-13,5311905.7373862965,0.0005400611283368217,0.005366197958987472,5469838.657289798,0.0005419816283713796,0.0027184724745000256,4790114.471165885,0.0004525956968097766,0.006404063721345486,0.0
2026-05-14,5309249.813226296,-0.0004999945954062834,0.005368882371156423,5467094.115249798,-0.0005017592312970276,0.0027198371779116677,4788236.131665885,-0.0003921283116106178,0.006406575921144649,0.0
2026-05-15,5287842.895506296,-0.004032004232814801,0.005390617363182258,5444990.646329799,-0.004043001355755749,0.0027308781218607545,4776295.576245885,-0.0024937273542200433,0.006422592114786289,0.0
2026-05-18,5271404.669726295,-0.0031086827095355707,0.005407427339054246,5428020.907629798,-0.003116578117804303,0.0027394157249647486,4767537.034705885,-0.00183375199465452,0.006434391192469868,0.0
2026-05-19,5294651.503106296,0.004409988387631625,0.005383685349181691,5452030.890569799,0.004423340172889034,0.0027273517205337137,4782446.849965885,0.0031273622315806104,0.00641433125516163,0.0
2026-05-20,5282646.547836296,-0.0022673740213037252,0.005395919917824402,5439633.899429798,-0.002273829952328943,0.002733567387937115,4775551.629885885,-0.0014417766252957653,0.0064235926408816755,0.0
2026-05-21,5274405.819546296,-0.0015599620787378754,0.005404350499664086,5431118.919889798,-0.0015653589372792709,0.0027378531107730216,4769625.705645885,-0.001240887901392318,0.006431573502628001,0.0
2026-05-22,5259455.935956296,-0.0028344204260124517,0.0054197122427480406,5415680.077789798,-0.0028426632389616513,0.0027456580920981865,4760547.3650258845,-0.0019033654169664516,0.006443838481947057,0.0
2026-05-25,5252540.336496296,-0.001314888753553567,0.005426847944076952,5408542.1387097975,-0.0013180134309029867,0.0027492816822807685,4757047.190805885,-0.0007352461705798508,0.0064485797755326965,0.0
2026-05-26,5262843.308416296,0.0019615217132957774,0.005416223903286584,5419183.371229798,0.001967486292440812,0.0027438831298347587,4763632.347125885,0.0013842949325217901,0.006439665379380883,0.0
2026-05-27,5249755.351216296,-0.002486860511136668,0.005429726876642363,5405677.619509798,-0.002492211611015316,0.0027507385523939023,4757856.980765885,-0.0012123870901760148,0.006447482223592906,0.0
2026-05-28,5236711.2543162955,-0.002484705672422982,0.005443251755154823,5392217.115189797,-0.002490067900353443,0.0027576051765258176,4752116.421005885,-0.0012065431523491377,0.006455270786356745,0.0
2026-05-29,5293187.902806296,0.010784755115808675,0.005385173972604259,5450533.848329798,0.01081498238928913,0.002728100814263354,4785188.571645885,0.006959457157617255,0.006410656099877431,0.0
2026-06-01,5348567.852083916,0.006684053150439295,8.857771879576259e-06,5506882.300864639,0.006668787598847592,3.359190123893383e-06,4826643.418550005,0.00448359486421257,0.0016961046425229432,20000.0
2026-06-02,5351480.165433915,0.0005445033942805821,8.85295141748004e-06,5509847.405078057,0.0005384360971276703,0.001841395031867452,4828758.202651745,0.00043814798781527386,0.0053905873103049584,0.0
2026-06-03,5328764.083473916,-0.004244822228198886,8.890690819494675e-06,5486582.310738058,-0.004222457108078448,0.0018492032131189678,4815057.880111746,-0.00283723515757639,0.0054059251913169916,0.0
2026-06-04,5292135.578403915,-0.006873733664358839,8.952226036975987e-06,5449086.559298058,-0.006834081640699208,0.00186192777957366,4794428.755831745,-0.004284294144252576,0.005429185418614021,0.0
2026-06-05,5294280.441683916,0.0004052925795692275,8.948599236108054e-06,5451276.284438058,0.0004018517812427458,0.0018611798611312513,4795140.827251745,0.00014852059677261664,0.005428379192496844,0.0
2026-06-08,5307763.568123916,0.0025467344596712405,8.925867421962085e-06,5465061.941098059,0.0025288860701033755,0.0018564850220197098,4801327.443811746,0.001290184539490813,0.005421384605895684,0.0
2026-06-09,5304075.421413915,-0.0006948588916337872,8.932073952969037e-06,5461268.920598057,-0.0006940489496518598,0.0018577744083965477,4797790.535371745,-0.0007366522032484779,0.00542538122492849,0.0
2026-06-10,5323149.568003915,0.003596130347806259,8.900068147805171e-06,5480787.039318057,0.0035739164292722947,0.0018511585225396557,4807910.515831745,0.0021093001841974157,0.005413961554823663,0.0
2026-06-11,5297204.239583916,-0.004874055873979155,8.943660046590127e-06,5454206.075878058,-0.00484984423757262,0.001860180106309086,4791553.064551746,-0.003402195449798251,0.005432443790368539,0.0
2026-06-12,5322444.608653915,0.004764847253082571,8.901246964442593e-06,5480055.922018058,0.0047394333438048886,0.001851405493380853,4806771.050131746,0.003176002722913296,0.005415244957637838,0.0
2026-06-15,5309775.135033066,-0.0023803861857479847,0.009557041223507486,5452920.0867580585,-0.004951744224173216,0.001860618801785985,4792293.299371745,-0.0030119493125438934,0.005431604675606542,0.0
2026-06-16,5297250.659033067,-0.0023587582678153973,0.009579637272125786,5413759.793158058,-0.007181527140861288,0.0018740775405072158,4771759.294231745,-0.0042847972478420315,0.005454978150974878,0.0
2026-06-17,5294625.190413066,-0.0004956285418594719,0.009584387568160808,5402221.153978057,-0.00213135410894727,0.0018780803948737635,4766501.976871746,-0.0011017566134056134,0.005460994838153588,0.0
2026-06-18,5271229.136673067,-0.004418830965100651,0.009626927332757572,5338973.287818058,-0.01170775211848274,0.0019003289754620433,4730931.423151746,-0.007462611762797167,0.005502054535046376,0.0
2026-06-22,5270220.975173066,-0.00019125738492120625,0.009628768905918527,5336437.307718058,-0.00047499396668393423,0.0019012320492146865,4729356.484111746,-0.00033290252999507164,0.0055038867928845344,0.0
2026-06-23,5271702.459173066,0.00028110472160047806,0.009626062974166065,5345384.452018058,0.0016766137750854337,0.0018980497528532552,4732868.551471746,0.000742609987595344,0.005499802584555441,0.0
2026-06-24,5255302.051793066,-0.003111026752176116,0.009656103370072137,5298012.039798059,-0.008862302168390235,0.0019150212498281205,4707217.254871746,-0.005419820204392356,0.005529772959768498,0.0
2026-06-25,5244477.019733066,-0.0020598306155031887,0.009676034361887414,5265838.2524780575,-0.006072803738140897,0.0019267218535024278,4689959.963431745,-0.0036661344708788235,0.0055501204476591905,0.0
2026-06-26,5240816.896473066,-0.0006979005239661218,0.009682791987488937,5253768.721358057,-0.0022920436483822026,0.0019311481293062894,4683690.509311745,-0.0013367820128281638,0.005557549680106956,0.0
2026-06-29,5251084.721833066,0.001959203224007,0.009663858524710977,5275505.288058057,0.0041373284308527936,0.00192319125544716,4697606.561791745,0.002971172508587694,0.005541086157248823,0.0
2026-06-30,5228538.423233066,-0.004293645940667612,0.009705530636932266,5218792.853818057,-0.010750142620153946,0.0019440905056493782,4664522.762791745,-0.007042692606291978,0.005580387108276529,0.0
2026-07-01,5270930.397885851,0.00428264513717358,0.00039437321666878675,5267668.388337668,0.005532991120443809,0.0004410567268836185,4699553.009770045,0.003222247535845213,3.35595086846796e-05,20000.0
2026-07-02,5290393.31669585,0.0036925015776732018,0.0003929223502705098,5286916.631634278,0.003654034741295442,0.0006832283551938643,4713158.619890685,0.0028950859991057065,0.003193008261418228,0.0
2026-07-03,5296612.947365851,0.0011756461755636494,0.0003924609550496476,5293080.475354278,0.0011658673948287124,0.0006824327291258124,4717439.494600685,0.000908281484933271,0.0031901107428955696,0.0
2026-07-06,5347121.418195852,0.009535994291431038,0.0003887538010223266,5343217.751994279,0.009472230183056984,0.00067602922469899,4752508.638810686,0.00743393619571342,0.0031665706586598737,0.0
2026-07-07,5329756.447165852,-0.0032475363231715404,0.00039002040645908057,5325993.675434279,-0.003223540076309095,0.0006782154794774588,4740711.6203606855,-0.002482271858205931,0.0031744505078207044,0.0
2026-07-08,5366183.579755851,0.006834671143250759,0.00038737284048454186,5362148.608314279,0.006788392004061228,0.0006736425299137963,4765977.494210686,0.005329553002440868,0.003157621795102045,0.0
2026-07-09,5333383.726405852,-0.006112324124306623,0.00038975515029224586,5329612.841874279,-0.006067673393003514,0.0006777549254418771,4743487.767680685,-0.004718806699636979,0.0031725926465377466,0.0
2026-07-10,5351029.900845851,0.0033086264452775183,0.0003884698486777178,5347118.637394278,0.0032846279906970643,0.0006755360408533654,4755668.337060685,0.002567850909828806,0.0031644667676692644,0.0
2026-07-13,5379611.105475851,0.005341253022242087,0.00038640595669371517,5375471.7778342785,0.005302508203524292,0.0006719728990436406,4775280.628470685,0.004123982166115869,0.0031514701609285487,0.0
2026-07-14,5408039.249085851,0.00528442354895553,0.00038437475767264575,5403671.238594279,0.00524595085333357,0.0006684661584294032,4794721.542600686,0.004071156365992756,0.0031386920547888044,0.0
2026-07-15,5437491.773675851,0.00544606339441378,0.00038229276702818435,5432901.885594279,0.0054094051450110925,0.0006648696093438572,4815101.883190685,0.004250578559968909,0.003125407265674159,0.0
2026-07-16,5412939.124135851,-0.00451543663180598,0.00038402681577975206,5408539.3184342785,-0.0044842641507293335,0.0006678644901345124,4798195.615730685,-0.003511092365255819,0.0031364195243202392,0.0
2026-07-17,5424781.907955851,0.0021878656952181164,0.00038318845091319536,5420299.675594279,0.0021744054110721667,0.0006664154328113853,4806567.857370685,0.0017448729294302634,0.0031309564032489835,0.0
2026-07-20,5482386.282875852,0.010618744844934636,0.0003791622240016836,5477451.840314278,0.010544096847142193,0.0006594620015995099,4846133.774230685,0.008231635968548145,0.0031053939308711134,0.0
2026-07-21,5456061.843455851,-0.004801638932707908,0.00038099160814036533,5451337.969274278,-0.004767521796869345,0.0006626210619554471,4828091.303530685,-0.0037230649298088947,0.0031169987194899053,0.0
2026-07-22,5475641.788095851,0.003588658853543869,0.00037962924827747023,5470790.3206342785,0.0035683627523446226,0.0006602649969337119,4841996.5950906845,0.002880080488500969,0.0031080472931236417,0.0
2026-07-23,5488787.180235852,0.0024007034515256542,0.0003787200537373011,5483829.913034278,0.0023834933594177876,0.0006586950017711087,4851027.2109306855,0.0018650603449736902,0.0031022613884283414,0.0
2026-07-24,5463468.051525852,-0.004612882204864777,0.00038047514074342984,5458727.848634278,-0.004577469541922841,0.0006617240233330745,4833912.067920686,-0.003528148218058802,0.003113245379566639,0.0
2026-07-27,5474606.307785851,0.002038678757696477,0.0003797010522738841,5469779.966274278,0.00202466910724719,0.0006603869582598568,4841521.306660685,0.001574136772262813,0.0031083524077404633,0.0
2026-07-28,5494313.3847858505,0.0035997249650578933,0.00037833913544277234,5489328.240554279,0.003573868492065868,0.0006580352268957846,4855090.056020685,0.0028025797059558766,0.0030996653485393924,0.0
2026-07-29,5518853.188675852,0.004466400471067722,0.00037665683517670823,5513677.446514279,0.004435735101448568,0.0006551292470984444,4872017.822930685,0.0034866020433563794,0.0030888955988327875,0.0
2026-07-30,5564967.00120585,0.008355687486780727,0.0003735356877050848,5559454.644034279,0.008302480143980828,0.0006497348365193895,4904159.800600685,0.006597261922713038,0.0030686509050627184,0.0
2026-07-31,5560165.539795851,-0.0008628014162453956,0.000373858253135365,5554717.012154278,-0.0008521756509127787,0.0006502889969686627,4901295.043530685,-0.0005841483937063519,0.0030704445002855247,0.0
2026-08-03,5571546.111367691,-0.0015502107565805723,0.004412052501465748,5572499.676516028,-0.00039918066634148097,0.0017287590085696557,4919719.555257355,-0.00032144326332883555,0.0014456893868584426,20000.0
2026-08-04,5546166.464077691,-0.004555225207275693,0.0044322423636051975,5542272.684377307,-0.005424314740852365,0.010866711413726683,4881829.729648405,-0.0077016230667985575,0.013093888793415429,0.0
2026-08-05,5534621.5414276915,-0.002081604063775444,0.004441487782622714,5530870.910917308,-0.002057237907499343,0.010889112909583318,4864897.596398405,-0.0034683989790073033,0.01313946168892199,0.0
