month_end,ts_code,extname,index_name,exposure_key,estimated_size_yi,amount_yi,covered_by_phase1_pool
2014-01-30,510050.SH,华夏上证50ETF,上证50,上证50,212.38525,32.3531984,False
2014-01-30,510180.SH,华安上证180ETF,上证180,上证180,120.903,15.790204399999999,False
2014-01-30,159901.SZ,易方达深证100ETF,深证100,深证100,114.9759574595,7.762590240000001,False
2014-02-28,510050.SH,华夏上证50ETF,上证50,上证50,202.24623,67.3275169,False
2014-02-28,510180.SH,华安上证180ETF,上证180,上证180,117.747,11.6966278,False
2014-02-28,159901.SZ,易方达深证100ETF,深证100,深证100,109.2531258108,24.530439129999998,False
2014-03-31,510050.SH,华夏上证50ETF,上证50,上证50,204.11917732248,53.3626235,False
2014-03-31,510180.SH,华安上证180ETF,上证180,上证180,116.74109763483,5.7257699,False
2014-03-31,159901.SZ,易方达深证100ETF,深证100,深证100,98.6816341719,15.33463444,False
2014-04-30,510050.SH,华夏上证50ETF,上证50,上证50,205.17983999999998,42.1572323,False
2014-04-30,510180.SH,华安上证180ETF,上证180,上证180,115.9846,8.835956900000001,False
2014-04-30,159901.SZ,易方达深证100ETF,深证100,深证100,96.6292474987,13.871186240000002,False
2014-05-30,510050.SH,华夏上证50ETF,上证50,上证50,202.60009000000002,43.883962800000006,False
2014-05-30,159901.SZ,易方达深证100ETF,深证100,深证100,96.0060374889,9.93133222,False
2014-06-30,510050.SH,华夏上证50ETF,上证50,上证50,211.50464435229003,64.1354715,False
2014-06-30,510180.SH,华安上证180ETF,上证180,上证180,121.86876839927,10.7763408,False
2014-06-30,159901.SZ,易方达深证100ETF,深证100,深证100,97.78037414250001,12.11580314,False
2014-06-30,510500.SH,南方中证500ETF,中证500,中证500,50.03047318941,1.0324866,True
2014-07-31,510050.SH,华夏上证50ETF,上证50,上证50,223.52721999999997,75.6910719,False
2014-07-31,510180.SH,华安上证180ETF,上证180,上证180,141.772,23.2246837,False
2014-07-31,159901.SZ,易方达深证100ETF,深证100,深证100,105.38009240559998,23.91331255,False
2014-08-29,510050.SH,华夏上证50ETF,上证50,上证50,210.19473,75.4963197,False
2014-08-29,510180.SH,华安上证180ETF,上证180,上证180,138.41665000000003,12.2351439,False
2014-09-30,510050.SH,华夏上证50ETF,上证50,上证50,184.21906217161998,48.573686800000004,False
2014-09-30,510180.SH,华安上证180ETF,上证180,上证180,121.6816343306,11.966336199999999,False
2014-09-30,159901.SZ,易方达深证100ETF,深证100,深证100,88.51680003585,12.82465344,False
2014-09-30,510500.SH,南方中证500ETF,中证500,中证500,54.136495944210004,4.6051684,True
2014-10-31,510050.SH,华夏上证50ETF,上证50,上证50,182.2986,112.73961100000001,False
2014-10-31,510180.SH,华安上证180ETF,上证180,上证180,120.17625,50.8129417,False
2014-10-31,159901.SZ,易方达深证100ETF,深证100,深证100,85.15612237115,29.722484240000004,False
2014-10-31,510500.SH,南方中证500ETF,中证500,中证500,53.360119999999995,6.6588171,True
2014-11-28,510050.SH,华夏上证50ETF,上证50,上证50,187.45247999999998,167.88637409999998,False
2014-11-28,510180.SH,华安上证180ETF,上证180,上证180,127.09082,106.3194756,False
2014-11-28,159901.SZ,易方达深证100ETF,深证100,深证100,92.51782456460002,37.07433417,False
2014-11-28,510500.SH,南方中证500ETF,中证500,中证500,51.44438,7.606567600000001,True
2014-12-31,510050.SH,华夏上证50ETF,上证50,上证50,259.17006363864,433.1522119,False
2014-12-31,510180.SH,华安上证180ETF,上证180,上证180,148.07295822627,89.7007321,False
2014-12-31,159901.SZ,易方达深证100ETF,深证100,深证100,95.87246952630001,50.05004217,False
2015-01-30,510050.SH,华夏上证50ETF,上证50,上证50,274.16961000000003,273.5094419,False
2015-01-30,510180.SH,华安上证180ETF,上证180,上证180,126.93966999999999,83.5555353,False
2015-01-30,159901.SZ,易方达深证100ETF,深证100,深证100,94.63515494340001,110.56422526,False
2015-02-27,510050.SH,华夏上证50ETF,上证50,上证50,288.1716,211.8466989,False
2015-02-27,510180.SH,华安上证180ETF,上证180,上证180,135.11631,66.04304520000001,False
2015-02-27,159901.SZ,易方达深证100ETF,深证100,深证100,96.61063118475,54.74969012,False
2015-02-27,510500.SH,南方中证500ETF,中证500,中证500,52.35048,7.621239599999999,True
2015-03-31,510050.SH,华夏上证50ETF,上证50,上证50,284.95416211198994,318.14261239999996,False
2015-03-31,510180.SH,华安上证180ETF,上证180,上证180,142.69504163857,99.29710250000001,False
2015-03-31,159901.SZ,易方达深证100ETF,深证100,深证100,89.69045605065001,82.89373127,False
2015-03-31,510500.SH,南方中证500ETF,中证500,中证500,63.14055623322,8.261163999999999,True
2015-04-30,510050.SH,华夏上证50ETF,上证50,上证50,334.0311,309.54343309999996,False
2015-04-30,159901.SZ,易方达深证100ETF,深证100,深证100,90.45647773085,79.39855607999999,False
2015-04-30,510500.SH,南方中证500ETF,中证500,中证500,63.857530000000004,6.566637200000001,True
2015-04-30,510900.SH,易方达恒生中国企业ETF(QDII),恒生国企,恒生国企,54.6756,43.978627,False
2015-04-30,510180.SH,华安上证180ETF,上证180,上证180,53.6575,132.7551096,False
2015-05-29,510050.SH,华夏上证50ETF,上证50,上证50,282.04134,572.4873763,False
2015-05-29,159901.SZ,易方达深证100ETF,深证100,深证100,96.5816304431,378.13324769,False
2015-05-29,510500.SH,南方中证500ETF,中证500,中证500,83.41927999999999,25.113494,True
2015-05-29,510180.SH,华安上证180ETF,上证180,上证180,52.02561,150.9920381,False
2015-06-30,510050.SH,华夏上证50ETF,上证50,上证50,392.52473224207,1857.4139197,False
2015-06-30,510180.SH,华安上证180ETF,上证180,上证180,92.38497217038,232.5132559,False
2015-06-30,159901.SZ,易方达深证100ETF,深证100,深证100,67.16423662105,409.51490505,False
2015-06-30,510500.SH,南方中证500ETF,中证500,中证500,63.179985841800004,86.584365,True
2015-07-31,510050.SH,华夏上证50ETF,上证50,上证50,392.63976,228.1135142,False
2015-07-31,510180.SH,华安上证180ETF,上证180,上证180,215.71662,77.94366380000001,False
2015-07-31,510500.SH,南方中证500ETF,中证500,中证500,191.0928,32.958013799999996,True
2015-07-31,159901.SZ,易方达深证100ETF,深证100,深证100,57.241320729349994,181.47238778,False
2015-08-31,510050.SH,华夏上证50ETF,上证50,上证50,328.65502000000004,266.2268535,False
2015-08-31,510180.SH,华安上证180ETF,上证180,上证180,182.68866,76.27302859999999,False
2015-08-31,510500.SH,南方中证500ETF,中证500,中证500,163.93596000000002,28.2270152,True
2015-09-30,510050.SH,华夏上证50ETF,上证50,上证50,285.55028627278995,24.0538238,False
2015-09-30,510180.SH,华安上证180ETF,上证180,上证180,173.97582827471,1.2025754000000002,False
2015-09-30,510500.SH,南方中证500ETF,中证500,中证500,161.05061597364,3.7248455999999996,True
2015-09-30,159901.SZ,易方达深证100ETF,深证100,深证100,51.44312371605,1.82700311,False
2015-10-30,510050.SH,华夏上证50ETF,上证50,上证50,303.9267,53.2311463,False
2015-10-30,510180.SH,华安上证180ETF,上证180,上证180,188.78535000000002,2.1901949,False
2015-10-30,510500.SH,南方中证500ETF,中证500,中证500,186.3894,12.9310269,True
2015-10-30,159901.SZ,易方达深证100ETF,深证100,深证100,56.67738142425,2.07469146,False
2015-11-30,510050.SH,华夏上证50ETF,上证50,上证50,295.783,82.2706899,False
2015-11-30,510500.SH,南方中证500ETF,中证500,中证500,200.36236,19.1463675,True
2015-11-30,510180.SH,华安上证180ETF,上证180,上证180,186.01638,3.944583,False
2015-11-30,159901.SZ,易方达深证100ETF,深证100,深证100,56.5979733583,5.30227542,False
2015-12-31,510050.SH,华夏上证50ETF,上证50,上证50,301.14876484912,83.70619549999999,False
2015-12-31,510500.SH,南方中证500ETF,中证500,中证500,204.37328258472002,8.6879093,True
2015-12-31,510180.SH,华安上证180ETF,上证180,上证180,192.081845728,1.9529667000000002,False
2015-12-31,159901.SZ,易方达深证100ETF,深证100,深证100,59.10679847179999,3.5060114200000005,False
2015-12-31,510900.SH,易方达恒生中国企业ETF(QDII),恒生国企,恒生国企,51.2128682433,9.4332852,False
2016-01-29,510050.SH,华夏上证50ETF,上证50,上证50,265.18325,84.2926914,False
2016-01-29,510500.SH,南方中证500ETF,中证500,中证500,164.43702,21.7704062,True
2016-01-29,510180.SH,华安上证180ETF,上证180,上证180,154.37016,4.7570365,False
2016-01-29,510900.SH,易方达恒生中国企业ETF(QDII),恒生国企,恒生国企,58.720859999999995,43.7870107,False
2016-01-29,159901.SZ,易方达深证100ETF,深证100,深证100,50.3614389795,3.03366566,False
2016-02-29,510050.SH,华夏上证50ETF,上证50,上证50,258.2021,81.5890025,False
2016-02-29,510500.SH,南方中证500ETF,中证500,中证500,162.42720000000003,33.033758500000005,True
2016-02-29,510180.SH,华安上证180ETF,上证180,上证180,150.44770000000003,4.277415400000001,False
2016-02-29,510900.SH,易方达恒生中国企业ETF(QDII),恒生国企,恒生国企,65.8532,35.927445299999995,False
2016-03-31,510050.SH,华夏上证50ETF,上证50,上证50,279.62601528092006,53.1522727,False
2016-03-31,510500.SH,南方中证500ETF,中证500,中证500,179.90315154671998,18.756463399999998,True
2016-03-31,510180.SH,华安上证180ETF,上证180,上证180,166.88507328509,3.0839454,False
2016-03-31,510900.SH,易方达恒生中国企业ETF(QDII),恒生国企,恒生国企,72.74293872204001,62.9397806,False
2016-04-29,510050.SH,华夏上证50ETF,上证50,上证50,271.16634999999997,26.7143131,False
2016-04-29,510500.SH,南方中证500ETF,中证500,中证500,181.0836,11.6552979,True
2016-04-29,510180.SH,华安上证180ETF,上证180,上证180,162.76480000000004,1.3209558000000001,False
2016-04-29,510900.SH,易方达恒生中国企业ETF(QDII),恒生国企,恒生国企,70.52051,34.612288799999995,False
2016-05-31,510050.SH,华夏上证50ETF,上证50,上证50,276.3936,125.2137529,False
2016-05-31,510500.SH,南方中证500ETF,中证500,中证500,176.74176,30.205121600000002,True
2016-05-31,510180.SH,华安上证180ETF,上证180,上证180,163.553,2.1600992999999997,False
2016-05-31,510900.SH,易方达恒生中国企业ETF(QDII),恒生国企,恒生国企,80.3204,39.1878674,False
2016-06-30,510050.SH,华夏上证50ETF,上证50,上证50,268.15059392952,26.875187699999998,False
2016-06-30,510500.SH,南方中证500ETF,中证500,中证500,182.99688359868,11.2220719,True
2016-06-30,510180.SH,华安上证180ETF,上证180,上证180,161.77692771522,0.6173178,False
2016-06-30,510900.SH,易方达恒生中国企业ETF(QDII),恒生国企,恒生国企,99.52331464422001,63.9038696,False
2016-07-29,510050.SH,华夏上证50ETF,上证50,上证50,271.62541,18.8705231,False
2016-07-29,510500.SH,南方中证500ETF,中证500,中证500,185.00400000000002,11.9195241,True
2016-07-29,510180.SH,华安上证180ETF,上证180,上证180,167.94027,0.6299848,False
2016-07-29,510900.SH,易方达恒生中国企业ETF(QDII),恒生国企,恒生国企,101.77675,28.6032013,False
2016-08-31,510050.SH,华夏上证50ETF,上证50,上证50,280.88631999999996,44.2888671,False
2016-08-31,510500.SH,南方中证500ETF,中证500,中证500,173.9705,8.3180631,True
2016-08-31,510180.SH,华安上证180ETF,上证180,上证180,172.92068,1.7328225,False
2016-08-31,510900.SH,易方达恒生中国企业ETF(QDII),恒生国企,恒生国企,93.56288,21.7402488,False
2016-09-30,510050.SH,华夏上证50ETF,上证50,上证50,276.17373701895,28.4913647,False
2016-09-30,510500.SH,南方中证500ETF,中证500,中证500,175.55336896696002,5.2686991999999995,True
2016-09-30,510180.SH,华安上证180ETF,上证180,上证180,168.0946438515,1.1344105,False
2016-09-30,510900.SH,易方达恒生中国企业ETF(QDII),恒生国企,恒生国企,90.30551613953999,36.9580286,False
2016-10-31,510050.SH,华夏上证50ETF,上证50,上证50,281.09475,28.506590399999997,False
2016-10-31,510500.SH,南方中证500ETF,中证500,中证500,173.18591999999998,14.217105400000001,True
2016-10-31,510180.SH,华安上证180ETF,上证180,上证180,171.55143,3.9579428999999995,False
2016-10-31,510900.SH,易方达恒生中国企业ETF(QDII),恒生国企,恒生国企,86.82974999999999,31.7734398,False
2016-11-30,510050.SH,华夏上证50ETF,上证50,上证50,302.78623000000005,135.24892450000002,False
2016-11-30,510180.SH,华安上证180ETF,上证180,上证180,181.6152,2.8933723000000002,False
2016-11-30,510500.SH,南方中证500ETF,中证500,中证500,175.0314,11.2639567,True
2016-11-30,510900.SH,易方达恒生中国企业ETF(QDII),恒生国企,恒生国企,103.02586,48.6830122,False
2016-12-30,510050.SH,华夏上证50ETF,上证50,上证50,292.71313,54.4894006,False
2016-12-30,510180.SH,华安上证180ETF,上证180,上证180,171.07422000000003,0.6678284,False
2016-12-30,510500.SH,南方中证500ETF,中证500,中证500,167.23256,5.6446495,True
2016-12-30,510900.SH,易方达恒生中国企业ETF(QDII),恒生国企,恒生国企,95.34915,54.802194400000005,False
2017-01-26,510050.SH,华夏上证50ETF,上证50,上证50,305.16668000000004,46.415592,False
2017-01-26,510180.SH,华安上证180ETF,上证180,上证180,176.75938,1.9787877,False
2017-01-26,510500.SH,南方中证500ETF,中证500,中证500,173.79352,3.0834785,True
2017-01-26,510900.SH,易方达恒生中国企业ETF(QDII),恒生国企,恒生国企,92.18336000000001,26.399851400000003,False
2017-02-28,510050.SH,华夏上证50ETF,上证50,上证50,293.06368,38.6531983,False
2017-02-28,510180.SH,华安上证180ETF,上证180,上证180,180.91631999999998,1.7276706999999998,False
2017-02-28,510500.SH,南方中证500ETF,中证500,中证500,179.29637000000002,5.7560355,True
2017-02-28,510900.SH,易方达恒生中国企业ETF(QDII),恒生国企,恒生国企,93.7664,75.4182138,False
2017-03-31,510050.SH,华夏上证50ETF,上证50,上证50,290.36208079491996,40.212555,False
2017-03-31,510180.SH,华安上证180ETF,上证180,上证180,178.25543324703,3.9540608,False
2017-03-31,510500.SH,南方中证500ETF,中证500,中证500,170.10840260628,15.0411342,True
2017-03-31,510900.SH,易方达恒生中国企业ETF(QDII),恒生国企,恒生国企,85.17200763486,31.003097600000004,False
2017-04-28,510050.SH,华夏上证50ETF,上证50,上证50,291.4938,42.8708586,False
2017-04-28,510180.SH,华安上证180ETF,上证180,上证180,176.8822,1.4955161,False
2017-04-28,510500.SH,南方中证500ETF,中证500,中证500,171.56139000000002,8.560874400000001,True
2017-04-28,510900.SH,易方达恒生中国企业ETF(QDII),恒生国企,恒生国企,81.72648000000001,51.756676899999995,False
2017-05-31,510050.SH,华夏上证50ETF,上证50,上证50,288.288,60.189273,False
2017-05-31,510180.SH,华安上证180ETF,上证180,上证180,180.91920000000002,2.3604712,False
2017-05-31,510500.SH,南方中证500ETF,中证500,中证500,174.74723999999998,28.040914500000003,True
2017-05-31,510900.SH,易方达恒生中国企业ETF(QDII),恒生国企,恒生国企,76.75520999999999,55.170112399999994,False
2017-06-30,510050.SH,华夏上证50ETF,上证50,上证50,299.32607764406,45.909356,False
2017-06-30,510180.SH,华安上证180ETF,上证180,上证180,188.43902168355,2.2341712,False
2017-06-30,510500.SH,南方中证500ETF,中证500,中证500,185.05194256555998,17.2814655,True
2017-06-30,510900.SH,易方达恒生中国企业ETF(QDII),恒生国企,恒生国企,57.85020763486,65.9150128,False
2017-07-31,510050.SH,华夏上证50ETF,上证50,上证50,317.44151999999997,61.9016748,False
2017-07-31,510180.SH,华安上证180ETF,上证180,上证180,195.06746,2.3301187999999997,False
2017-07-31,510500.SH,南方中证500ETF,中证500,中证500,180.21861,20.5294262,True
2017-07-31,510900.SH,易方达恒生中国企业ETF(QDII),恒生国企,恒生国企,56.584509999999995,79.37613710000001,False
2017-08-31,510050.SH,华夏上证50ETF,上证50,上证50,341.601,161.5413586,False
2017-08-31,510180.SH,华安上证180ETF,上证180,上证180,199.08275,6.0390006000000005,False
2017-08-31,510500.SH,南方中证500ETF,中证500,中证500,192.7796,14.5784923,True
2017-08-31,510810.SH,汇添富中证上海国企ETF,中证上海国企,中证上海国企,127.29344000000002,3.3857106,False
2017-08-31,510900.SH,易方达恒生中国企业ETF(QDII),恒生国企,恒生国企,65.59987000000001,46.8147301,False
2017-09-29,510050.SH,华夏上证50ETF,上证50,上证50,362.558,128.51319650000002,False
2017-09-29,510180.SH,华安上证180ETF,上证180,上证180,197.9497,1.315792,False
2017-09-29,510500.SH,南方中证500ETF,中证500,中证500,192.19194000000002,10.1581034,True
2017-09-29,510810.SH,汇添富中证上海国企ETF,中证上海国企,中证上海国企,124.70172,0.579621,False
2017-09-29,510900.SH,易方达恒生中国企业ETF(QDII),恒生国企,恒生国企,65.56605,71.38644120000001,False
2017-10-31,510050.SH,华夏上证50ETF,上证50,上证50,345.76928,62.07941629999999,False
2017-10-31,510180.SH,华安上证180ETF,上证180,上证180,204.33262000000002,2.2326503,False
2017-10-31,510500.SH,南方中证500ETF,中证500,中证500,191.44725,19.943968100000003,True
2017-10-31,510810.SH,汇添富中证上海国企ETF,中证上海国企,中证上海国企,115.51176000000001,0.9626482,False
2017-10-31,510900.SH,易方达恒生中国企业ETF(QDII),恒生国企,恒生国企,66.725,237.4866168,False
2017-11-30,510050.SH,华夏上证50ETF,上证50,上证50,367.99608,182.5466242,False
2017-11-30,510180.SH,华安上证180ETF,上证180,上证180,196.9256,2.7952794,False
2017-11-30,510500.SH,南方中证500ETF,中证500,中证500,180.00484,17.043341,True
2017-11-30,510810.SH,汇添富中证上海国企ETF,中证上海国企,中证上海国企,105.87844,10.7433517,False
2017-11-30,510900.SH,易方达恒生中国企业ETF(QDII),恒生国企,恒生国企,66.25632,205.1298098,False
2017-12-29,510050.SH,华夏上证50ETF,上证50,上证50,380.71418000000006,78.3342458,False
2017-12-29,510180.SH,华安上证180ETF,上证180,上证180,200.67885,2.1474128,False
2017-12-29,510500.SH,南方中证500ETF,中证500,中证500,185.21679,15.4631978,True
2017-12-29,510810.SH,汇添富中证上海国企ETF,中证上海国企,中证上海国企,100.63788,2.1068634,False
2017-12-29,510900.SH,易方达恒生中国企业ETF(QDII),恒生国企,恒生国企,65.22035,124.154715,False
2018-01-31,510050.SH,华夏上证50ETF,上证50,上证50,399.98937,177.5467538,False
2018-01-31,510180.SH,华安上证180ETF,上证180,上证180,210.42167999999998,4.8113815,False
2018-01-31,510500.SH,南方中证500ETF,中证500,中证500,200.68587000000002,29.2504195,True
2018-01-31,510810.SH,汇添富中证上海国企ETF,中证上海国企,中证上海国企,101.00758,0.2385763,False
2018-01-31,510900.SH,易方达恒生中国企业ETF(QDII),恒生国企,恒生国企,92.05224,305.81562560000003,False
2018-02-28,510050.SH,华夏上证50ETF,上证50,上证50,347.70681,174.10709310000001,False
2018-02-28,510500.SH,南方中证500ETF,中证500,中证500,219.57546000000002,33.109235399999996,True
2018-02-28,510180.SH,华安上证180ETF,上证180,上证180,196.05632000000003,2.0762289000000003,False
2018-02-28,510900.SH,易方达恒生中国企业ETF(QDII),恒生国企,恒生国企,114.25805999999999,98.83371650000001,False
2018-02-28,510810.SH,汇添富中证上海国企ETF,中证上海国企,中证上海国企,96.80456,0.06903569999999999,False
2018-03-30,510050.SH,华夏上证50ETF,上证50,上证50,335.78801,141.404147,False
2018-03-30,510500.SH,南方中证500ETF,中证500,中证500,223.67541,52.695682299999994,True
2018-03-30,510180.SH,华安上证180ETF,上证180,上证180,188.24901,1.9715832999999998,False
2018-03-30,510900.SH,易方达恒生中国企业ETF(QDII),恒生国企,恒生国企,111.8725,116.30443629999999,False
2018-03-30,510810.SH,汇添富中证上海国企ETF,中证上海国企,中证上海国企,94.0528,0.9871172,False
2018-04-27,510050.SH,华夏上证50ETF,上证50,上证50,376.96056,217.9340237,False
2018-04-27,510500.SH,南方中证500ETF,中证500,中证500,220.75625,41.2316413,True
2018-04-27,510180.SH,华安上证180ETF,上证180,上证180,182.85428000000002,3.8233053999999997,False
2018-04-27,510900.SH,易方达恒生中国企业ETF(QDII),恒生国企,恒生国企,111.55633,103.532315,False
2018-04-27,510810.SH,汇添富中证上海国企ETF,中证上海国企,中证上海国企,91.42938000000001,0.6474976,False
2018-05-31,510050.SH,华夏上证50ETF,上证50,上证50,366.07659,135.409528,False
2018-05-31,510500.SH,南方中证500ETF,中证500,中证500,227.07408000000004,42.9618489,True
2018-05-31,510180.SH,华安上证180ETF,上证180,上证180,184.35652000000002,2.1050551,False
2018-05-31,510900.SH,易方达恒生中国企业ETF(QDII),恒生国企,恒生国企,104.96112,113.7261461,False
2018-05-31,510810.SH,汇添富中证上海国企ETF,中证上海国企,中证上海国企,92.74527,0.0341481,False
2018-05-31,159949.SZ,华安创业板50ETF,深证创业板50,深证创业板50,51.49237331868,42.6914461,False
2018-06-29,510050.SH,华夏上证50ETF,上证50,上证50,339.79405,142.0601354,False
2018-06-29,510500.SH,南方中证500ETF,中证500,中证500,241.09628999999998,73.80460409999999,True
2018-06-29,510180.SH,华安上证180ETF,上证180,上证180,172.8544,2.4060066,False
2018-06-29,510900.SH,易方达恒生中国企业ETF(QDII),恒生国企,恒生国企,94.69979999999998,214.7162768,False
2018-06-29,510810.SH,汇添富中证上海国企ETF,中证上海国企,中证上海国企,86.394,0.0536279,False
2018-06-29,159949.SZ,华安创业板50ETF,深证创业板50,深证创业板50,55.12376076217999,54.6037402,False
2018-07-31,510050.SH,华夏上证50ETF,上证50,上证50,347.16602346,123.4773033,False
2018-07-31,510500.SH,南方中证500ETF,中证500,中证500,269.301723984,38.1619308,True
2018-07-31,510180.SH,华安上证180ETF,上证180,上证180,176.942669663,2.5615403999999997,False
2018-07-31,510900.SH,易方达恒生中国企业ETF(QDII),恒生国企,恒生国企,89.627080391,131.6324105,False
2018-07-31,510810.SH,汇添富中证上海国企ETF,中证上海国企,中证上海国企,87.86444442,0.0117105,False
2018-07-31,159949.SZ,华安创业板50ETF,深证创业板50,深证创业板50,63.098586548619984,38.9851582,False
2018-08-31,510050.SH,华夏上证50ETF,上证50,上证50,349.223209028,142.6387351,False
2018-08-31,510500.SH,南方中证500ETF,中证500,中证500,275.254215161,42.8312886,True
2018-08-31,510180.SH,华安上证180ETF,上证180,上证180,169.43626407600001,3.6181485999999996,False
2018-08-31,510810.SH,汇添富中证上海国企ETF,中证上海国企,中证上海国企,84.05024802,2.0865892,False
2018-08-31,510900.SH,易方达恒生中国企业ETF(QDII),恒生国企,恒生国企,83.30831776299999,105.2773054,False
2018-08-31,159949.SZ,华安创业板50ETF,深证创业板50,深证创业板50,71.99430539664,34.4755311,False
2018-09-28,510050.SH,华夏上证50ETF,上证50,上证50,412.636032212,248.2063284,False
2018-09-28,510500.SH,南方中证500ETF,中证500,中证500,298.482869984,62.945641599999995,True
2018-09-28,510180.SH,华安上证180ETF,上证180,上证180,177.228365433,4.1356913,False
2018-09-28,510810.SH,汇添富中证上海国企ETF,中证上海国企,中证上海国企,86.06434986,0.1948493,False
2018-09-28,510900.SH,易方达恒生中国企业ETF(QDII),恒生国企,恒生国企,82.611362581,123.37535589999999,False
2018-09-28,159949.SZ,华安创业板50ETF,深证创业板50,深证创业板50,75.58857692743,42.3024275,False
2018-10-31,510050.SH,华夏上证50ETF,上证50,上证50,480.00493132799994,280.6521875,False
2018-10-31,510500.SH,南方中证500ETF,中证500,中证500,314.343728829,126.9531679,True
2018-10-31,510180.SH,华安上证180ETF,上证180,上证180,168.724075608,9.6206204,False
2018-10-31,159949.SZ,华安创业板50ETF,深证创业板50,深证创业板50,88.74852156189,64.0162858,False
2018-10-31,510810.SH,汇添富中证上海国企ETF,中证上海国企,中证上海国企,81.0973098,0.0368468,False
2018-10-31,510900.SH,易方达恒生中国企业ETF(QDII),恒生国企,恒生国企,76.44024528,131.92943060000002,False
2018-10-31,510230.SH,国泰上证180金融ETF,上证180金融,上证180金融,53.158153223999996,4.0617732,False
2018-11-30,510050.SH,华夏上证50ETF,上证50,上证50,461.30121863200003,155.4387434,False
2018-11-30,510500.SH,南方中证500ETF,中证500,中证500,339.82678632000005,93.7397832,True
2018-11-30,510180.SH,华安上证180ETF,上证180,上证180,166.1571733,3.9844142999999996,False
2018-11-30,159949.SZ,华安创业板50ETF,深证创业板50,深证创业板50,88.18196288222998,58.797149899999994,False
2018-11-30,510810.SH,汇添富中证上海国企ETF,中证上海国企,中证上海国企,83.29536072,0.2177453,False
2018-11-30,510900.SH,易方达恒生中国企业ETF(QDII),恒生国企,恒生国企,78.274546887,145.4321624,False
2018-11-30,510230.SH,国泰上证180金融ETF,上证180金融,上证180金融,64.86447715199999,0.8609302,False
2018-12-28,510050.SH,华夏上证50ETF,上证50,上证50,457.27239304799997,217.3070031,False
2018-12-28,510500.SH,南方中证500ETF,中证500,中证500,333.53422507199997,84.4037435,True
2018-12-28,510180.SH,华安上证180ETF,上证180,上证180,159.106237136,5.7351476,False
2018-12-28,159949.SZ,华安创业板50ETF,深证创业板50,深证创业板50,90.71976309268,28.0661689,False
2018-12-28,510810.SH,汇添富中证上海国企ETF,中证上海国企,中证上海国企,80.46899706,0.014749600000000002,False
2018-12-28,510900.SH,易方达恒生中国企业ETF(QDII),恒生国企,恒生国企,72.31083871,120.94165290000001,False
2018-12-28,510230.SH,国泰上证180金融ETF,上证180金融,上证180金融,53.745357584,0.5890751000000001,False
2019-01-31,510050.SH,华夏上证50ETF,上证50,上证50,430.529606632,174.3023618,False
2019-01-31,510500.SH,南方中证500ETF,中证500,中证500,358.078154576,143.26542,True
2019-01-31,510180.SH,华安上证180ETF,上证180,上证180,168.205374265,7.7165208,False
2019-01-31,159949.SZ,华安创业板50ETF,深证创业板50,深证创业板50,86.9429259859,40.573186,False
2019-01-31,510810.SH,汇添富中证上海国企ETF,中证上海国企,中证上海国企,82.46627253000001,0.0353349,False
2019-01-31,510900.SH,易方达恒生中国企业ETF(QDII),恒生国企,恒生国企,72.51511688699999,74.2355172,False
2019-01-31,510230.SH,国泰上证180金融ETF,上证180金融,上证180金融,56.095319448,1.5395277,False
2019-02-28,510050.SH,华夏上证50ETF,上证50,上证50,451.64702764800006,199.4954639,False
2019-02-28,510500.SH,南方中证500ETF,中证500,中证500,427.69363929599996,132.0145811,True
2019-02-28,510180.SH,华安上证180ETF,上证180,上证180,188.222405063,5.8619152,False
2019-02-28,510810.SH,汇添富中证上海国企ETF,中证上海国企,中证上海国企,93.16241717000001,1.0797221,False
2019-02-28,159949.SZ,华安创业板50ETF,深证创业板50,深证创业板50,91.70652527037,92.0570192,False
2019-02-28,510900.SH,易方达恒生中国企业ETF(QDII),恒生国企,恒生国企,78.174736961,107.0965334,False
2019-02-28,510230.SH,国泰上证180金融ETF,上证180金融,上证180金融,61.240710016,2.3226118,False
2019-03-29,510050.SH,华夏上证50ETF,上证50,上证50,443.529248092,389.4966398,False
2019-03-29,510500.SH,南方中证500ETF,中证500,中证500,431.072467632,269.6164958,True
2019-03-29,510180.SH,华安上证180ETF,上证180,上证180,195.21970199700002,10.3862011,False
2019-03-29,510810.SH,汇添富中证上海国企ETF,中证上海国企,中证上海国企,100.94599359,0.9294368000000001,False
2019-03-29,510900.SH,易方达恒生中国企业ETF(QDII),恒生国企,恒生国企,83.26852586599999,128.9253808,False
2019-03-29,159949.SZ,华安创业板50ETF,深证创业板50,深证创业板50,79.74827001783,66.8898419,False
2019-03-29,510230.SH,国泰上证180金融ETF,上证180金融,上证180金融,60.76836288,4.8882702,False
2019-03-29,159901.SZ,易方达深证100ETF,深证100,深证100,55.16075316045,31.5749798,False
2019-03-29,159920.SZ,华夏恒生ETF(QDII),恒生指数,恒生指数,51.86296657566,37.7509098,False
2019-04-30,510050.SH,华夏上证50ETF,上证50,上证50,493.618835904,199.5072432,False
2019-04-30,510500.SH,南方中证500ETF,中证500,中证500,438.50613158399995,183.89055589999998,True
2019-04-30,510180.SH,华安上证180ETF,上证180,上证180,198.040676617,4.785737,False
2019-04-30,510810.SH,汇添富中证上海国企ETF,中证上海国企,中证上海国企,94.22594271,0.6951692,False
2019-04-30,510900.SH,易方达恒生中国企业ETF(QDII),恒生国企,恒生国企,84.446869589,80.7208662,False
2019-04-30,159949.SZ,华安创业板50ETF,深证创业板50,深证创业板50,74.52842952602,43.6490559,False
2019-04-30,510230.SH,国泰上证180金融ETF,上证180金融,上证180金融,62.749976968000006,1.0815787000000001,False
2019-04-30,159901.SZ,易方达深证100ETF,深证100,深证100,57.367589896999995,20.0644033,False
2019-04-30,159920.SZ,华夏恒生ETF(QDII),恒生指数,恒生指数,53.27877230231,56.499610100000005,False
2019-05-31,510500.SH,南方中证500ETF,中证500,中证500,439.21783629800007,94.1894434,True
2019-05-31,510050.SH,华夏上证50ETF,上证50,上证50,432.20704630399996,124.2478056,False
2019-05-31,510180.SH,华安上证180ETF,上证180,上证180,185.992612946,5.2106580000000005,False
2019-05-31,510810.SH,汇添富中证上海国企ETF,中证上海国企,中证上海国企,87.70786992000001,0.7821598,False
2019-05-31,510900.SH,易方达恒生中国企业ETF(QDII),恒生国企,恒生国企,75.52713053599999,105.15493470000001,False
2019-05-31,159949.SZ,华安创业板50ETF,深证创业板50,深证创业板50,74.33537267178,29.511661099999998,False
2019-05-31,510230.SH,国泰上证180金融ETF,上证180金融,上证180金融,58.240688248000005,1.3777037,False
2019-05-31,159901.SZ,易方达深证100ETF,深证100,深证100,56.75033400899999,25.7786451,False
2019-06-28,510050.SH,华夏上证50ETF,上证50,上证50,492.96235593599994,218.6047094,False
2019-06-28,510500.SH,南方中证500ETF,中证500,中证500,481.74978310399996,133.69274240000001,True
2019-06-28,510180.SH,华安上证180ETF,上证180,上证180,198.343244309,7.9596715,False
2019-06-28,510810.SH,汇添富中证上海国企ETF,中证上海国企,中证上海国企,91.0108645,1.6591175,False
2019-06-28,159949.SZ,华安创业板50ETF,深证创业板50,深证创业板50,78.09513324777,28.6689006,False
2019-06-28,510900.SH,易方达恒生中国企业ETF(QDII),恒生国企,恒生国企,72.69722323799999,52.996727,False
2019-06-28,159901.SZ,易方达深证100ETF,深证100,深证100,60.25258224040001,22.965421499999998,False
2019-06-28,510230.SH,国泰上证180金融ETF,上证180金融,上证180金融,59.97683018400001,1.3273867,False
2019-07-31,510500.SH,南方中证500ETF,中证500,中证500,462.569429004,96.3019582,True
2019-07-31,510050.SH,华夏上证50ETF,上证50,上证50,445.17413728,194.362229,False
2019-07-31,510180.SH,华安上证180ETF,上证180,上证180,198.540359886,6.0951606,False
2019-07-31,510810.SH,汇添富中证上海国企ETF,中证上海国企,中证上海国企,93.6543827,0.4588201,False
2019-07-31,159949.SZ,华安创业板50ETF,深证创业板50,深证创业板50,79.02140671698001,17.7968025,False
2019-07-31,510900.SH,易方达恒生中国企业ETF(QDII),恒生国企,恒生国企,68.91794148599999,72.8347593,False
2019-07-31,159901.SZ,易方达深证100ETF,深证100,深证100,61.11818706465,23.2618764,False
2019-07-31,510230.SH,国泰上证180金融ETF,上证180金融,上证180金融,60.519550288000005,1.7554977999999999,False
2019-08-30,510500.SH,南方中证500ETF,中证500,中证500,454.14360152,88.1869553,True
2019-08-30,510050.SH,华夏上证50ETF,上证50,上证50,411.630339888,160.39012830000001,False
2019-08-30,510180.SH,华安上证180ETF,上证180,上证180,195.38041988200004,7.347255199999999,False
2019-08-30,510810.SH,汇添富中证上海国企ETF,中证上海国企,中证上海国企,129.40118953600003,0.9943135000000001,False
2019-08-30,510900.SH,易方达恒生中国企业ETF(QDII),恒生国企,恒生国企,74.874805135,98.4786747,False
2019-08-30,159949.SZ,华安创业板50ETF,深证创业板50,深证创业板50,72.88279663280001,25.237809,False
2019-08-30,159901.SZ,易方达深证100ETF,深证100,深证100,66.43479372530001,21.2298364,False
2019-08-30,510230.SH,国泰上证180金融ETF,上证180金融,上证180金融,57.42545688,2.2186383000000003,False
2019-08-30,159920.SZ,华夏恒生ETF(QDII),恒生指数,恒生指数,50.98042123951,76.1080801,False
2019-09-30,510500.SH,南方中证500ETF,中证500,中证500,433.703530743,86.8653992,True
2019-09-30,510050.SH,华夏上证50ETF,上证50,上证50,416.25415599365,132.4174176,False
2019-09-30,510180.SH,华安上证180ETF,上证180,上证180,195.68642280598996,11.4978998,False
2019-09-30,510810.SH,汇添富中证上海国企ETF,中证上海国企,中证上海国企,126.317952761,1.8919868999999998,False
2019-09-30,510900.SH,易方达恒生中国企业ETF(QDII),恒生国企,恒生国企,89.2426099179,24.1788775,False
2019-09-30,159901.SZ,易方达深证100ETF,深证100,深证100,74.36519582975001,13.7028151,False
2019-09-30,159920.SZ,华夏恒生ETF(QDII),恒生指数,恒生指数,59.53753545207,39.530353000000005,False
2019-09-30,159949.SZ,华安创业板50ETF,深证创业板50,深证创业板50,58.86316299523,21.2379097,False
2019-09-30,510230.SH,国泰上证180金融ETF,上证180金融,上证180金融,56.25376887585001,2.3058172,False
2019-10-31,510500.SH,南方中证500ETF,中证500,中证500,421.68504168,74.7889564,True
2019-10-31,510050.SH,华夏上证50ETF,上证50,上证50,416.695283004,78.7118847,False
2019-10-31,510180.SH,华安上证180ETF,上证180,上证180,197.618156617,5.3785087,False
2019-10-31,510810.SH,汇添富中证上海国企ETF,中证上海国企,中证上海国企,126.06503360700002,0.8433223,False
2019-10-31,510900.SH,易方达恒生中国企业ETF(QDII),恒生国企,恒生国企,95.28280323799999,55.6418174,False
2019-10-31,159901.SZ,易方达深证100ETF,深证100,深证100,65.98914232995,13.173293,False
2019-10-31,159949.SZ,华安创业板50ETF,深证创业板50,深证创业板50,57.99433861331,13.812923499999998,False
2019-10-31,510230.SH,国泰上证180金融ETF,上证180金融,上证180金融,52.644530079999996,2.1991287,False
2019-11-29,510050.SH,华夏上证50ETF,上证50,上证50,431.129958584,223.2849793,False
2019-11-29,510500.SH,南方中证500ETF,中证500,中证500,419.38565079,134.4784027,True
2019-11-29,510180.SH,华安上证180ETF,上证180,上证180,187.862474295,7.8789008,False
2019-11-29,510810.SH,汇添富中证上海国企ETF,中证上海国企,中证上海国企,120.239890182,1.2842313,False
2019-11-29,510900.SH,易方达恒生中国企业ETF(QDII),恒生国企,恒生国企,93.49811798199998,108.5373717,False
2019-11-29,159901.SZ,易方达深证100ETF,深证100,深证100,66.7902015735,15.495483300000002,False
2019-11-29,159949.SZ,华安创业板50ETF,深证创业板50,深证创业板50,52.48695712461,18.0866124,False
2019-12-31,510050.SH,华夏上证50ETF,上证50,上证50,462.05972542905994,132.4084863,False
2019-12-31,510500.SH,南方中证500ETF,中证500,中证500,445.18780627020004,97.6168589,True
2019-12-31,510180.SH,华安上证180ETF,上证180,上证180,199.44681529733998,6.6461992,False
2019-12-31,510810.SH,汇添富中证上海国企ETF,中证上海国企,中证上海国企,120.73107431430002,0.8816141,False
2019-12-31,510900.SH,易方达恒生中国企业ETF(QDII),恒生国企,恒生国企,103.38843900048,65.9013919,False
2019-12-31,159901.SZ,易方达深证100ETF,深证100,深证100,80.64287701512,9.568922599999999,False
2019-12-31,159949.SZ,华安创业板50ETF,深证创业板50,深证创业板50,55.14580959693,22.4126663,False
2020-01-23,510500.SH,南方中证500ETF,中证500,中证500,447.67172299199996,243.77697039999998,True
2020-01-23,510050.SH,华夏上证50ETF,上证50,上证50,433.9081539,225.96699679999998,False
2020-01-23,510180.SH,华安上证180ETF,上证180,上证180,192.83825141800003,9.081553999999999,False
2020-01-23,510810.SH,汇添富中证上海国企ETF,中证上海国企,中证上海国企,111.07283393000002,2.1937612,False
2020-01-23,510900.SH,易方达恒生中国企业ETF(QDII),恒生国企,恒生国企,94.731589151,98.1774161,False
2020-01-23,159901.SZ,易方达深证100ETF,深证100,深证100,73.75750669695,18.8603625,False
2020-01-23,159949.SZ,华安创业板50ETF,深证创业板50,深证创业板50,61.01649215342999,59.1812445,False
2020-02-28,510500.SH,南方中证500ETF,中证500,中证500,416.577772832,326.3750655,True
2020-02-28,510050.SH,华夏上证50ETF,上证50,上证50,391.862635752,197.172756,False
2020-02-28,510180.SH,华安上证180ETF,上证180,上证180,186.355757371,5.4440423000000004,False
2020-02-28,510810.SH,汇添富中证上海国企ETF,中证上海国企,中证上海国企,104.217421458,0.9379575000000001,False
2020-02-28,510900.SH,易方达恒生中国企业ETF(QDII),恒生国企,恒生国企,86.22985798199998,216.64859700000002,False
2020-02-28,159949.SZ,华安创业板50ETF,深证创业板50,深证创业板50,80.71514966784,180.7735334,False
2020-02-28,159901.SZ,易方达深证100ETF,深证100,深证100,68.6335625352,20.2378858,False
2020-03-31,510050.SH,华夏上证50ETF,上证50,上证50,425.5193857497499,122.9132124,False
2020-03-31,510500.SH,南方中证500ETF,中证500,中证500,394.01391945312,120.1437442,True
2020-03-31,510180.SH,华安上证180ETF,上证180,上证180,177.80856919566,6.7578413,False
2020-03-31,510900.SH,易方达恒生中国企业ETF(QDII),恒生国企,恒生国企,106.39644083532002,174.5573646,False
2020-03-31,510810.SH,汇添富中证上海国企ETF,中证上海国企,中证上海国企,97.73417468640001,1.3074099000000001,False
2020-03-31,159949.SZ,华安创业板50ETF,深证创业板50,深证创业板50,77.95471727969999,42.242561,False
2020-03-31,159901.SZ,易方达深证100ETF,深证100,深证100,76.4387906028,15.7616756,False
2020-03-31,159920.SZ,华夏恒生ETF(QDII),恒生指数,恒生指数,72.83338136108999,96.64331870000001,False
2020-04-30,510500.SH,南方中证500ETF,中证500,中证500,422.858028304,129.637074,True
2020-04-30,510050.SH,华夏上证50ETF,上证50,上证50,409.11560113599995,74.86336139999999,False
2020-04-30,510180.SH,华安上证180ETF,上证180,上证180,187.00224025600002,5.5345443,False
2020-04-30,510900.SH,易方达恒生中国企业ETF(QDII),恒生国企,恒生国企,107.25425732499998,54.4277316,False
2020-04-30,510810.SH,汇添富中证上海国企ETF,中证上海国企,中证上海国企,97.00315241100002,0.6711219,False
2020-04-30,159949.SZ,华安创业板50ETF,深证创业板50,深证创业板50,80.74763958366,60.8255743,False
2020-04-30,159920.SZ,华夏恒生ETF(QDII),恒生指数,恒生指数,71.73919788161999,29.6985361,False
2020-04-30,159901.SZ,易方达深证100ETF,深证100,深证100,70.61085917595001,16.1109481,False
2020-05-29,510050.SH,华夏上证50ETF,上证50,上证50,394.90734573599997,69.9483316,False
2020-05-29,510500.SH,南方中证500ETF,中证500,中证500,375.12402060799997,84.42243020000001,True
2020-05-29,510180.SH,华安上证180ETF,上证180,上证180,183.930471406,11.070069,False
2020-05-29,510900.SH,易方达恒生中国企业ETF(QDII),恒生国企,恒生国企,97.13208484200001,127.603721,False
2020-05-29,510810.SH,汇添富中证上海国企ETF,中证上海国企,中证上海国企,96.18270678900002,0.40981270000000003,False
2020-05-29,159920.SZ,华夏恒生ETF(QDII),恒生指数,恒生指数,75.46617425481,125.9175034,False
2020-05-29,159949.SZ,华安创业板50ETF,深证创业板50,深证创业板50,72.67361313705001,42.3380289,False
2020-05-29,159901.SZ,易方达深证100ETF,深证100,深证100,70.58412782665,12.440136500000001,False
2020-05-29,159928.SZ,汇添富中证主要消费ETF,中证800消费,中证800消费,50.690099662,7.2859716,False
2020-06-30,510050.SH,华夏上证50ETF,上证50,上证50,394.45061333692,126.6693741,False
2020-06-30,510500.SH,南方中证500ETF,中证500,中证500,383.72592492623994,145.9730004,True
2020-06-30,510180.SH,华安上证180ETF,上证180,上证180,193.87225434524998,7.891903299999999,False
2020-06-30,510810.SH,汇添富中证上海国企ETF,中证上海国企,中证上海国企,100.6529652898,1.1601489,False
2020-06-30,159949.SZ,华安创业板50ETF,深证创业板50,深证创业板50,96.07081361559,77.3331366,False
2020-06-30,510900.SH,易方达恒生中国企业ETF(QDII),恒生国企,恒生国企,91.36662873155998,245.86117230000002,False
2020-06-30,159901.SZ,易方达深证100ETF,深证100,深证100,82.94012012236999,14.888918700000001,False
2020-06-30,159920.SZ,华夏恒生ETF(QDII),恒生指数,恒生指数,63.119907747160006,156.3361582,False
2020-06-30,159928.SZ,汇添富中证主要消费ETF,中证800消费,中证800消费,58.9230237816,7.8100727,False
2020-07-31,510050.SH,华夏上证50ETF,上证50,上证50,482.33089106,287.0862429,False
2020-07-31,510500.SH,南方中证500ETF,中证500,中证500,406.614918528,196.4297124,True
2020-07-31,510180.SH,华安上证180ETF,上证180,上证180,221.591478185,10.7617314,False
2020-07-31,159949.SZ,华安创业板50ETF,深证创业板50,深证创业板50,143.68258252124997,181.8421992,False
2020-07-31,510810.SH,汇添富中证上海国企ETF,中证上海国企,中证上海国企,109.64646204000002,0.1477613,False
2020-07-31,510900.SH,易方达恒生中国企业ETF(QDII),恒生国企,恒生国企,97.550017763,230.4368477,False
2020-07-31,159901.SZ,易方达深证100ETF,深证100,深证100,88.02532115685,23.5667708,False
2020-07-31,159920.SZ,华夏恒生ETF(QDII),恒生指数,恒生指数,80.51501959096,141.4631684,False
2020-07-31,159928.SZ,汇添富中证主要消费ETF,中证800消费,中证800消费,78.4037220618,22.8110063,False
2020-08-31,510050.SH,华夏上证50ETF,上证50,上证50,487.89432286,179.5221459,False
2020-08-31,510500.SH,南方中证500ETF,中证500,中证500,389.118087072,172.2977544,True
2020-08-31,510180.SH,华安上证180ETF,上证180,上证180,228.89230627300003,10.1504595,False
2020-08-31,159949.SZ,华安创业板50ETF,深证创业板50,深证创业板50,120.6012792204,135.84945689999998,False
2020-08-31,510810.SH,汇添富中证上海国企ETF,中证上海国企,中证上海国企,113.39790640199999,2.0723355,False
2020-08-31,510900.SH,易方达恒生中国企业ETF(QDII),恒生国企,恒生国企,96.590405135,202.4175276,False
2020-08-31,159920.SZ,华夏恒生ETF(QDII),恒生指数,恒生指数,88.38965143476,103.284932,False
2020-08-31,159901.SZ,易方达深证100ETF,深证100,深证100,82.18489088529999,24.8734271,False
2020-08-31,159928.SZ,汇添富中证主要消费ETF,中证800消费,中证800消费,81.8041077154,28.9656416,False
2020-08-31,510230.SH,国泰上证180金融ETF,上证180金融,上证180金融,50.871068560000005,5.7995474,False
2020-09-30,510050.SH,华夏上证50ETF,上证50,上证50,461.17626929717,127.7703358,False
2020-09-30,510500.SH,南方中证500ETF,中证500,中证500,365.3585193337199,158.1858318,True
2020-09-30,510180.SH,华安上证180ETF,上证180,上证180,218.06969448445997,10.310526399999999,False
2020-09-30,510810.SH,汇添富中证上海国企ETF,中证上海国企,中证上海国企,106.83196308190001,1.0136967000000001,False
2020-09-30,159949.SZ,华安创业板50ETF,深证创业板50,深证创业板50,106.19018021728999,73.43015720000001,False
2020-09-30,510900.SH,易方达恒生中国企业ETF(QDII),恒生国企,恒生国企,98.53973557116001,70.9478318,False
2020-09-30,159920.SZ,华夏恒生ETF(QDII),恒生指数,恒生指数,87.34648274072,83.5545578,False
2020-09-30,159901.SZ,易方达深证100ETF,深证100,深证100,81.74855660344001,10.0621639,False
2020-09-30,159928.SZ,汇添富中证主要消费ETF,中证800消费,中证800消费,73.9476131086,8.4766159,False
2020-10-30,510050.SH,华夏上证50ETF,上证50,上证50,465.79590377200003,129.3232637,False
2020-10-30,510500.SH,南方中证500ETF,中证500,中证500,371.47288928,145.7014653,True
2020-10-30,510180.SH,华安上证180ETF,上证180,上证180,219.83649260800001,6.6286005,False
2020-10-30,159949.SZ,华安创业板50ETF,深证创业板50,深证创业板50,119.27019062492,85.16935919999999,False
2020-10-30,510810.SH,汇添富中证上海国企ETF,中证上海国企,中证上海国企,107.64916704800001,0.0720533,False
2020-10-30,510900.SH,易方达恒生中国企业ETF(QDII),恒生国企,恒生国企,100.155939586,135.6847327,False
2020-10-30,159920.SZ,华夏恒生ETF(QDII),恒生指数,恒生指数,87.328269847,123.8931881,False
2020-10-30,159901.SZ,易方达深证100ETF,深证100,深证100,78.2778023105,18.8592995,False
2020-10-30,159928.SZ,汇添富中证主要消费ETF,中证800消费,中证800消费,75.684892426,15.7465666,False
2020-11-30,510050.SH,华夏上证50ETF,上证50,上证50,539.8002909639999,519.360282,False
2020-11-30,510500.SH,南方中证500ETF,中证500,中证500,383.78155054399997,147.7980031,True
2020-11-30,510180.SH,华安上证180ETF,上证180,上证180,229.58443877600004,10.907458,False
2020-11-30,159949.SZ,华安创业板50ETF,深证创业板50,深证创业板50,122.02095707152998,105.69610700000001,False
2020-11-30,510810.SH,汇添富中证上海国企ETF,中证上海国企,中证上海国企,106.33035170100001,0.5733897,False
2020-11-30,510900.SH,易方达恒生中国企业ETF(QDII),恒生国企,恒生国企,103.711545573,184.8981713,False
2020-11-30,159901.SZ,易方达深证100ETF,深证100,深证100,85.07924934625,21.8787929,False
2020-11-30,159920.SZ,华夏恒生ETF(QDII),恒生指数,恒生指数,84.42635584256999,121.47906110000001,False
2020-11-30,159928.SZ,汇添富中证主要消费ETF,中证800消费,中证800消费,76.80011424220001,9.152751799999999,False
2020-12-31,510050.SH,华夏上证50ETF,上证50,上证50,565.60908794938,241.7288656,False
2020-12-31,510500.SH,南方中证500ETF,中证500,中证500,381.72124999491996,145.0135814,True
2020-12-31,510180.SH,华安上证180ETF,上证180,上证180,238.99634077725,9.5717936,False
2020-12-31,159949.SZ,华安创业板50ETF,深证创业板50,深证创业板50,104.99472035911002,84.37034009999999,False
2020-12-31,510810.SH,汇添富中证上海国企ETF,中证上海国企,中证上海国企,101.3199096288,0.1816498,False
2020-12-31,510900.SH,易方达恒生中国企业ETF(QDII),恒生国企,恒生国企,98.95992509242001,90.4723398,False
2020-12-31,159901.SZ,易方达深证100ETF,深证100,深证100,98.35371930486,25.2537016,False
2020-12-31,159920.SZ,华夏恒生ETF(QDII),恒生指数,恒生指数,88.17191242389,64.52665640000001,False
2020-12-31,159928.SZ,汇添富中证主要消费ETF,中证800消费,中证800消费,84.074001109,22.958156,False
2021-01-29,510050.SH,华夏上证50ETF,上证50,上证50,516.199322272,244.41461370000002,False
2021-01-29,510500.SH,南方中证500ETF,中证500,中证500,355.629840128,196.1670726,True
2021-01-29,510180.SH,华安上证180ETF,上证180,上证180,243.36782149,6.217439,False
2021-01-29,159920.SZ,华夏恒生ETF(QDII),恒生指数,恒生指数,136.32058966463,169.63121529999998,False
2021-01-29,510900.SH,易方达恒生中国企业ETF(QDII),恒生国企,恒生国企,116.45324674199999,176.7550664,False
2021-01-29,159949.SZ,华安创业板50ETF,深证创业板50,深证创业板50,104.3755420029,156.2081912,False
2021-01-29,159901.SZ,易方达深证100ETF,深证100,深证100,103.0450780821,22.6019633,False
2021-01-29,510810.SH,汇添富中证上海国企ETF,中证上海国企,中证上海国企,95.52264517400002,0.3101293,False
2021-01-29,159928.SZ,汇添富中证主要消费ETF,中证800消费,中证800消费,92.9654125224,12.573366400000001,False
2021-02-26,510050.SH,华夏上证50ETF,上证50,上证50,502.09600632400003,290.0948289,False
2021-02-26,510500.SH,南方中证500ETF,中证500,中证500,367.24131763199995,173.4641685,True
2021-02-26,510180.SH,华安上证180ETF,上证180,上证180,244.43773303,7.355260799999999,False
2021-02-26,159995.SZ,华夏国证半导体芯片ETF,国证芯片,国证芯片,205.00391045356,99.14120969999999,False
2021-02-26,159920.SZ,华夏恒生ETF(QDII),恒生指数,恒生指数,137.04022216784998,167.6518184,False
2021-02-26,159949.SZ,华安创业板50ETF,深证创业板50,深证创业板50,130.74909325233,221.8113165,False
2021-02-26,510900.SH,易方达恒生中国企业ETF(QDII),恒生国企,恒生国企,109.79078674199998,164.1058759,False
2021-02-26,159901.SZ,易方达深证100ETF,深证100,深证100,98.57296279284999,24.7010326,False
2021-02-26,510810.SH,汇添富中证上海国企ETF,中证上海国企,中证上海国企,95.437213607,0.0936153,False
2021-02-26,159928.SZ,汇添富中证主要消费ETF,中证800消费,中证800消费,83.811043246,17.9213107,False
2021-02-26,510230.SH,国泰上证180金融ETF,上证180金融,上证180金融,54.047555599999995,7.229126700000001,False
2021-03-31,510050.SH,华夏上证50ETF,上证50,上证50,443.82239951939005,54.65886090000001,False
2021-03-31,510500.SH,南方中证500ETF,中证500,中证500,378.02324675091995,129.70018000000002,True
2021-03-31,510180.SH,华安上证180ETF,上证180,上证180,231.85392175355997,4.5929863,False
2021-03-31,159995.SZ,华夏国证半导体芯片ETF,国证芯片,国证芯片,204.81616751689998,40.492488,False
2021-03-31,159920.SZ,华夏恒生ETF(QDII),恒生指数,恒生指数,126.60966150843001,96.6514287,False
2021-03-31,159949.SZ,华安创业板50ETF,深证创业板50,深证创业板50,117.48365441758,84.09539840000001,False
2021-03-31,510900.SH,易方达恒生中国企业ETF(QDII),恒生国企,恒生国企,102.65294233064,51.0830989,False
2021-03-31,159901.SZ,易方达深证100ETF,深证100,深证100,91.6378344692,9.2036253,False
2021-03-31,510810.SH,汇添富中证上海国企ETF,中证上海国企,中证上海国企,85.6319480755,0.25215920000000003,False
2021-03-31,159928.SZ,汇添富中证主要消费ETF,中证800消费,中证800消费,76.8390502552,5.6913811999999995,False
2021-04-30,510050.SH,华夏上证50ETF,上证50,上证50,464.76575797600003,248.5156707,False
2021-04-30,510500.SH,南方中证500ETF,中证500,中证500,389.845927792,80.0672159,True
2021-04-30,510180.SH,华安上证180ETF,上证180,上证180,231.49822243500003,6.5257371,False
2021-04-30,159995.SZ,华夏国证半导体芯片ETF,国证芯片,国证芯片,201.89229134374,58.2936378,False
2021-04-30,159920.SZ,华夏恒生ETF(QDII),恒生指数,恒生指数,119.06338828499999,107.9204239,False
2021-04-30,159949.SZ,华安创业板50ETF,深证创业板50,深证创业板50,112.39480910968001,108.80498100000001,False
2021-04-30,510900.SH,易方达恒生中国企业ETF(QDII),恒生国企,恒生国企,96.312765573,61.825400699999996,False
2021-04-30,159901.SZ,易方达深证100ETF,深证100,深证100,95.57112838569999,16.6190825,False
2021-04-30,510810.SH,汇添富中证上海国企ETF,中证上海国企,中证上海国企,83.387701119,0.4031771,False
2021-04-30,159928.SZ,汇添富中证主要消费ETF,中证800消费,中证800消费,80.90123304339998,11.5238721,False
2021-05-31,510050.SH,华夏上证50ETF,上证50,上证50,531.671247852,197.4965199,False
2021-05-31,510500.SH,南方中证500ETF,中证500,中证500,412.890699888,113.1529214,True
2021-05-31,510180.SH,华安上证180ETF,上证180,上证180,242.002614373,8.3198136,False
2021-05-31,159995.SZ,华夏国证半导体芯片ETF,国证芯片,国证芯片,200.4810027774,83.2231496,False
2021-05-31,159920.SZ,华夏恒生ETF(QDII),恒生指数,恒生指数,116.93638354747999,89.9559472,False
2021-05-31,159949.SZ,华安创业板50ETF,深证创业板50,深证创业板50,116.25940918059,103.5910846,False
2021-05-31,159901.SZ,易方达深证100ETF,深证100,深证100,98.64438943139999,13.764127100000001,False
2021-05-31,510900.SH,易方达恒生中国企业ETF(QDII),恒生国企,恒生国企,94.82722163099999,84.3616617,False
2021-05-31,159928.SZ,汇添富中证主要消费ETF,中证800消费,中证800消费,85.8973031278,9.9860111,False
2021-05-31,510810.SH,汇添富中证上海国企ETF,中证上海国企,中证上海国企,82.547022363,3.2863877,False
2021-06-30,510050.SH,华夏上证50ETF,上证50,上证50,543.92399150855,187.8453982,False
2021-06-30,510500.SH,南方中证500ETF,中证500,中证500,391.13495319912,105.3918732,True
2021-06-30,510180.SH,华安上证180ETF,上证180,上证180,235.32094308786998,5.7933254000000005,False
2021-06-30,159995.SZ,华夏国证半导体芯片ETF,国证芯片,国证芯片,162.92331801504,132.7975776,False
2021-06-30,159949.SZ,华安创业板50ETF,深证创业板50,深证创业板50,121.87229074020001,103.4307203,False
2021-06-30,159920.SZ,华夏恒生ETF(QDII),恒生指数,恒生指数,101.76146624594999,135.9306578,False
2021-06-30,159901.SZ,易方达深证100ETF,深证100,深证100,97.5827480852,17.2867362,False
2021-06-30,159928.SZ,汇添富中证主要消费ETF,中证800消费,中证800消费,84.94889219439999,7.8205239,False
2021-06-30,510810.SH,汇添富中证上海国企ETF,中证上海国企,中证上海国企,81.2173121448,0.8131667,False
2021-06-30,510900.SH,易方达恒生中国企业ETF(QDII),恒生国企,恒生国企,74.81657355703999,61.0361353,False
2021-07-30,510050.SH,华夏上证50ETF,上证50,上证50,457.25804488399996,166.48284339999998,False
2021-07-30,510500.SH,南方中证500ETF,中证500,中证500,444.8308298719999,117.5119726,True
2021-07-30,510180.SH,华安上证180ETF,上证180,上证180,218.594726265,4.7264577,False
2021-07-30,159995.SZ,华夏国证半导体芯片ETF,国证芯片,国证芯片,166.22485383064,152.8204534,False
2021-07-30,159949.SZ,华安创业板50ETF,深证创业板50,深证创业板50,124.51343652663999,106.14260689999999,False
2021-07-30,159920.SZ,华夏恒生ETF(QDII),恒生指数,恒生指数,90.6330494565,68.24607160000001,False
2021-07-30,159901.SZ,易方达深证100ETF,深证100,深证100,83.1460640106,20.4480967,False
2021-07-30,159928.SZ,汇添富中证主要消费ETF,中证800消费,中证800消费,75.7140116928,12.3087734,False
2021-07-30,510810.SH,汇添富中证上海国企ETF,中证上海国企,中证上海国企,73.843404285,0.5528425,False
2021-07-30,510900.SH,易方达恒生中国企业ETF(QDII),恒生国企,恒生国企,64.48617834299999,79.988794,False
2021-08-31,510050.SH,华夏上证50ETF,上证50,上证50,457.03296818399997,222.3885731,False
2021-08-31,510500.SH,南方中证500ETF,中证500,中证500,425.3598354239999,62.6889458,True
2021-08-31,510180.SH,华安上证180ETF,上证180,上证180,222.43387396300002,7.647994000000001,False
2021-08-31,159995.SZ,华夏国证半导体芯片ETF,国证芯片,国证芯片,157.6853932984,88.85270849999999,False
2021-08-31,159949.SZ,华安创业板50ETF,深证创业板50,深证创业板50,91.80207009329999,86.7635929,False
2021-08-31,159920.SZ,华夏恒生ETF(QDII),恒生指数,恒生指数,89.75814267992999,109.2878644,False
2021-08-31,159928.SZ,汇添富中证主要消费ETF,中证800消费,中证800消费,83.03711556159999,14.551971900000002,False
2021-08-31,510810.SH,汇添富中证上海国企ETF,中证上海国企,中证上海国企,79.730132379,1.3132968999999999,False
2021-08-31,159901.SZ,易方达深证100ETF,深证100,深证100,77.7885609848,11.5232347,False
2021-08-31,510900.SH,易方达恒生中国企业ETF(QDII),恒生国企,恒生国企,64.27225768599999,77.3159555,False
2021-09-30,510050.SH,华夏上证50ETF,上证50,上证50,528.03802491867,168.5853875,False
2021-09-30,510500.SH,南方中证500ETF,中证500,中证500,474.52743267436,209.0066152,True
2021-09-30,510180.SH,华安上证180ETF,上证180,上证180,226.02587080493,7.5866389,False
2021-09-30,159995.SZ,华夏国证半导体芯片ETF,国证芯片,国证芯片,164.9303739918,56.5177304,False
2021-09-30,159928.SZ,汇添富中证主要消费ETF,中证800消费,中证800消费,99.5518515384,23.3322188,False
2021-09-30,159920.SZ,华夏恒生ETF(QDII),恒生指数,恒生指数,96.30571392510001,71.041478,False
2021-09-30,159949.SZ,华安创业板50ETF,深证创业板50,深证创业板50,96.2033056272,88.2452827,False
2021-09-30,510810.SH,汇添富中证上海国企ETF,中证上海国企,中证上海国企,80.3255902706,0.5275651,False
2021-09-30,159901.SZ,易方达深证100ETF,深证100,深证100,77.4475404318,12.9884919,False
2021-09-30,510900.SH,易方达恒生中国企业ETF(QDII),恒生国企,恒生国企,65.84948968904,56.451955500000004,False
2021-10-29,510050.SH,华夏上证50ETF,上证50,上证50,554.538959072,202.9577615,False
2021-10-29,510500.SH,南方中证500ETF,中证500,中证500,424.5826154399999,113.90331610000001,True
2021-10-29,510180.SH,华安上证180ETF,上证180,上证180,228.93349070200003,7.2948555,False
2021-10-29,159995.SZ,华夏国证半导体芯片ETF,国证芯片,国证芯片,179.66510320581997,80.6824072,False
2021-10-29,159928.SZ,汇添富中证主要消费ETF,中证800消费,中证800消费,102.78979751039999,22.323525399999998,False
2021-10-29,159920.SZ,华夏恒生ETF(QDII),恒生指数,恒生指数,98.32141491422999,32.2064891,False
2021-10-29,159949.SZ,华安创业板50ETF,深证创业板50,深证创业板50,97.50571595065,80.8068258,False
2021-10-29,510810.SH,汇添富中证上海国企ETF,中证上海国企,中证上海国企,78.14632924499999,0.4952399,False
2021-10-29,159901.SZ,易方达深证100ETF,深证100,深证100,77.56398988679999,10.4028655,False
2021-10-29,510900.SH,易方达恒生中国企业ETF(QDII),恒生国企,恒生国企,67.16005199199999,56.794694799999995,False
2021-11-30,510050.SH,华夏上证50ETF,上证50,上证50,543.855745552,126.2295101,False
2021-11-30,510500.SH,南方中证500ETF,中证500,中证500,440.33005409599997,106.2840971,True
2021-11-30,510180.SH,华安上证180ETF,上证180,上证180,223.71283704100006,7.237550199999999,False
2021-11-30,159995.SZ,华夏国证半导体芯片ETF,国证芯片,国证芯片,189.43087487073998,55.1533116,False
2021-11-30,159928.SZ,汇添富中证主要消费ETF,中证800消费,中证800消费,104.9099157352,16.3704919,False
2021-11-30,159920.SZ,华夏恒生ETF(QDII),恒生指数,恒生指数,99.95841977333001,111.0186168,False
2021-11-30,159949.SZ,华安创业板50ETF,深证创业板50,深证创业板50,93.46107206054,61.2130416,False
2021-11-30,159901.SZ,易方达深证100ETF,深证100,深证100,79.8917055235,7.7131355,False
2021-11-30,510810.SH,汇添富中证上海国企ETF,中证上海国企,中证上海国企,71.35829645,0.6116262,False
2021-11-30,510900.SH,易方达恒生中国企业ETF(QDII),恒生国企,恒生国企,64.322587319,56.639277,False
2021-12-31,510050.SH,华夏上证50ETF,上证50,上证50,690.39464560792,155.8192255,False
2021-12-31,510500.SH,南方中证500ETF,中证500,中证500,544.85187700952,160.8930871,True
2021-12-31,510180.SH,华安上证180ETF,上证180,上证180,228.55564041232998,7.650139,False
2021-12-31,159995.SZ,华夏国证半导体芯片ETF,国证芯片,国证芯片,175.35778973767998,29.7386163,False
2021-12-31,159920.SZ,华夏恒生ETF(QDII),恒生指数,恒生指数,116.63753773427999,67.5600812,False
2021-12-31,159928.SZ,汇添富中证主要消费ETF,中证800消费,中证800消费,116.60366622239998,16.1235144,False
2021-12-31,159949.SZ,华安创业板50ETF,深证创业板50,深证创业板50,87.73147835206,46.6328742,False
2021-12-31,159901.SZ,易方达深证100ETF,深证100,深证100,80.86389667619999,9.7466259,False
2021-12-31,510810.SH,汇添富中证上海国企ETF,中证上海国企,中证上海国企,74.0319615158,0.4535102,False
2021-12-31,510900.SH,易方达恒生中国企业ETF(QDII),恒生国企,恒生国企,71.79727565128,35.738481900000004,False
2022-01-28,510050.SH,华夏上证50ETF,上证50,上证50,604.891632048,368.80240150000003,False
2022-01-28,510500.SH,南方中证500ETF,中证500,中证500,528.2003915319999,280.905961,True
2022-01-28,510180.SH,华安上证180ETF,上证180,上证180,214.611193951,10.1683071,False
2022-01-28,159995.SZ,华夏国证半导体芯片ETF,国证芯片,国证芯片,156.14921267358,32.233719300000004,False
2022-01-28,159920.SZ,华夏恒生ETF(QDII),恒生指数,恒生指数,125.88111569523001,37.6259848,False
2022-01-28,159949.SZ,华安创业板50ETF,深证创业板50,深证创业板50,113.47193804188001,87.4811987,False
2022-01-28,159928.SZ,汇添富中证主要消费ETF,中证800消费,中证800消费,104.66614460160001,12.058512,False
2022-01-28,510900.SH,易方达恒生中国企业ETF(QDII),恒生国企,恒生国企,83.11699447199999,48.1930885,False
2022-01-28,159901.SZ,易方达深证100ETF,深证100,深证100,74.5822640629,7.971259900000001,False
2022-01-28,510810.SH,汇添富中证上海国企ETF,中证上海国企,中证上海国企,70.91792956799999,0.3821605,False
2022-02-28,510050.SH,华夏上证50ETF,上证50,上证50,581.8552907479999,97.0271392,False
2022-02-28,510500.SH,南方中证500ETF,中证500,中证500,552.71778354,120.85206529999999,True
2022-02-28,510180.SH,华安上证180ETF,上证180,上证180,217.438159532,7.8413247,False
2022-02-28,159995.SZ,华夏国证半导体芯片ETF,国证芯片,国证芯片,169.96965959862,38.4698684,False
2022-02-28,159920.SZ,华夏恒生ETF(QDII),恒生指数,恒生指数,133.09674457164,92.6952562,False
2022-02-28,159949.SZ,华安创业板50ETF,深证创业板50,深证创业板50,113.20585746589,68.55095899999999,False
2022-02-28,159928.SZ,汇添富中证主要消费ETF,中证800消费,中证800消费,99.74019831119999,8.2154936,False
2022-02-28,510900.SH,易方达恒生中国企业ETF(QDII),恒生国企,恒生国企,89.12790658799999,59.6192799,False
2022-02-28,159901.SZ,易方达深证100ETF,深证100,深证100,73.18972255,6.3346573,False
2022-02-28,510810.SH,汇添富中证上海国企ETF,中证上海国企,中证上海国企,70.86608956799999,0.5198545,False
2022-03-31,510050.SH,华夏上证50ETF,上证50,上证50,513.0504032691699,158.4805677,False
2022-03-31,510500.SH,南方中证500ETF,中证500,中证500,402.8287097208399,95.9399372,True
2022-03-31,510180.SH,华安上证180ETF,上证180,上证180,202.96425816745,6.2657499,False
2022-03-31,159995.SZ,华夏国证半导体芯片ETF,国证芯片,国证芯片,175.83729580626,54.6276908,False
2022-03-31,159920.SZ,华夏恒生ETF(QDII),恒生指数,恒生指数,150.85887002937,38.0452329,False
2022-03-31,159949.SZ,华安创业板50ETF,深证创业板50,深证创业板50,119.91719516193001,85.802699,False
2022-03-31,510900.SH,易方达恒生中国企业ETF(QDII),恒生国企,恒生国企,101.040175472,31.701371500000004,False
2022-03-31,159928.SZ,汇添富中证主要消费ETF,中证800消费,中证800消费,86.88616927119999,6.825965300000001,False
2022-03-31,510810.SH,汇添富中证上海国企ETF,中证上海国企,中证上海国企,68.4592731075,0.0771052,False
2022-03-31,159901.SZ,易方达深证100ETF,深证100,深证100,65.97379756640001,5.4828336,False
2022-04-29,510050.SH,华夏上证50ETF,上证50,上证50,526.890143724,242.4102314,False
2022-04-29,510500.SH,南方中证500ETF,中证500,中证500,392.55986818400004,209.2603223,True
2022-04-29,510180.SH,华安上证180ETF,上证180,上证180,194.694257192,8.254444,False
2022-04-29,159995.SZ,华夏国证半导体芯片ETF,国证芯片,国证芯片,157.1093604648,59.1588851,False
2022-04-29,159920.SZ,华夏恒生ETF(QDII),恒生指数,恒生指数,146.2043073309,110.7368791,False
2022-04-29,159949.SZ,华安创业板50ETF,深证创业板50,深证创业板50,129.85429319468997,183.8867104,False
2022-04-29,510900.SH,易方达恒生中国企业ETF(QDII),恒生国企,恒生国企,99.686334762,73.82022169999999,False
2022-04-29,159928.SZ,汇添富中证主要消费ETF,中证800消费,中证800消费,95.3223784656,32.594171700000004,False
2022-04-29,510810.SH,汇添富中证上海国企ETF,中证上海国企,中证上海国企,64.786988049,0.3433087,False
2022-04-29,159901.SZ,易方达深证100ETF,深证100,深证100,62.9800795647,11.057646700000001,False
2022-05-31,510050.SH,华夏上证50ETF,上证50,上证50,485.918753056,149.3499919,False
2022-05-31,510500.SH,南方中证500ETF,中证500,中证500,394.136681304,172.0173651,True
2022-05-31,510180.SH,华安上证180ETF,上证180,上证180,198.458885274,9.893377099999999,False
2022-05-31,159995.SZ,华夏国证半导体芯片ETF,国证芯片,国证芯片,160.26946754014,51.3554004,False
2022-05-31,159920.SZ,华夏恒生ETF(QDII),恒生指数,恒生指数,150.64760628097997,48.3632918,False
2022-05-31,159949.SZ,华安创业板50ETF,深证创业板50,深证创业板50,107.36534798423999,69.9738231,False
2022-05-31,510900.SH,易方达恒生中国企业ETF(QDII),恒生国企,恒生国企,104.52768067499998,36.0983381,False
2022-05-31,159928.SZ,汇添富中证主要消费ETF,中证800消费,中证800消费,98.65244765999999,32.9804214,False
2022-05-31,510810.SH,汇添富中证上海国企ETF,中证上海国企,中证上海国企,67.834844592,0.5259917000000001,False
2022-05-31,159901.SZ,易方达深证100ETF,深证100,深证100,63.4564721115,9.3414041,False
2022-06-30,510050.SH,华夏上证50ETF,上证50,上证50,530.4817677723299,173.70134199999998,False
2022-06-30,510500.SH,南方中证500ETF,中证500,中证500,423.70018174423996,151.6437532,True
2022-06-30,510180.SH,华安上证180ETF,上证180,上证180,215.03119390767003,9.581643399999999,False
2022-06-30,159995.SZ,华夏国证半导体芯片ETF,国证芯片,国证芯片,194.66342188721998,101.5282325,False
2022-06-30,159920.SZ,华夏恒生ETF(QDII),恒生指数,恒生指数,149.28107674515002,83.98849179999999,False
2022-06-30,159928.SZ,汇添富中证主要消费ETF,中证800消费,中证800消费,114.70559170239999,33.5571854,False
2022-06-30,510900.SH,易方达恒生中国企业ETF(QDII),恒生国企,恒生国企,103.39192994844,49.066735800000004,False
2022-06-30,159949.SZ,华安创业板50ETF,深证创业板50,深证创业板50,100.78563110346,76.86277539999999,False
2022-06-30,159901.SZ,易方达深证100ETF,深证100,深证100,71.49738198939,13.665586799999998,False
2022-06-30,510810.SH,汇添富中证上海国企ETF,中证上海国企,中证上海国企,69.4374652898,0.39658150000000003,False
2022-07-29,510050.SH,华夏上证50ETF,上证50,上证50,479.5090851039999,174.09338540000002,False
2022-07-29,510500.SH,南方中证500ETF,中证500,中证500,373.841044368,81.0273443,True
2022-07-29,510180.SH,华安上证180ETF,上证180,上证180,201.077419894,8.1352762,False
2022-07-29,159995.SZ,华夏国证半导体芯片ETF,国证芯片,国证芯片,189.70739419906,64.9866738,False
2022-07-29,159920.SZ,华夏恒生ETF(QDII),恒生指数,恒生指数,138.14862700119,46.1127167,False
2022-07-29,159928.SZ,汇添富中证主要消费ETF,中证800消费,中证800消费,108.312130728,24.381814900000002,False
2022-07-29,510900.SH,易方达恒生中国企业ETF(QDII),恒生国企,恒生国企,90.285442791,58.7838993,False
2022-07-29,159949.SZ,华安创业板50ETF,深证创业板50,深证创业板50,88.4845858221,64.72159,False
2022-07-29,510810.SH,汇添富中证上海国企ETF,中证上海国企,中证上海国企,66.060785852,0.5549096,False
2022-07-29,159901.SZ,易方达深证100ETF,深证100,深证100,65.04796633480001,8.3934223,False
2022-07-29,159781.SZ,易方达中证科创创业50ETF,科创创业50,科创创业50,63.230338123130004,35.5474726,False
2022-07-29,159845.SZ,华夏中证1000ETF,中证1000,中证1000,50.850257753339996,204.2135073,False
2022-08-31,510050.SH,华夏上证50ETF,上证50,上证50,506.16497906800004,221.23085809999998,False
2022-08-31,510500.SH,南方中证500ETF,中证500,中证500,377.508364702,144.95464339999998,True
2022-08-31,510180.SH,华安上证180ETF,上证180,上证180,199.64682739100002,7.7557591,False
2022-08-31,159995.SZ,华夏国证半导体芯片ETF,国证芯片,国证芯片,185.09850330887997,48.5336127,False
2022-08-31,159920.SZ,华夏恒生ETF(QDII),恒生指数,恒生指数,138.33696562156,56.517731700000006,False
2022-08-31,159928.SZ,汇添富中证主要消费ETF,中证800消费,中证800消费,106.4204399224,22.3984443,False
2022-08-31,510900.SH,易方达恒生中国企业ETF(QDII),恒生国企,恒生国企,89.53220717100001,37.4368951,False
2022-08-31,159949.SZ,华安创业板50ETF,深证创业板50,深证创业板50,86.86163681899001,71.5951742,False
2022-08-31,510810.SH,汇添富中证上海国企ETF,中证上海国企,中证上海国企,65.566639293,1.0087663,False
2022-08-31,159901.SZ,易方达深证100ETF,深证100,深证100,62.85691926109999,6.7340887,False
2022-08-31,159781.SZ,易方达中证科创创业50ETF,科创创业50,科创创业50,60.077147173890005,29.1158698,False
2022-09-30,510050.SH,华夏上证50ETF,上证50,上证50,613.8451190605,199.71704499999998,False
2022-09-30,510500.SH,南方中证500ETF,中证500,中证500,387.21392108921,90.04799799999999,True
2022-09-30,510180.SH,华安上证180ETF,上证180,上证180,189.41086070378,7.1227499,False
2022-09-30,159995.SZ,华夏国证半导体芯片ETF,国证芯片,国证芯片,178.23063584036,26.754052500000004,False
2022-09-30,159920.SZ,华夏恒生ETF(QDII),恒生指数,恒生指数,146.9512362681,64.4380619,False
2022-09-30,159928.SZ,汇添富中证主要消费ETF,中证800消费,中证800消费,103.5396745968,21.9519357,False
2022-09-30,159949.SZ,华安创业板50ETF,深证创业板50,深证创业板50,92.44331187435,66.9475773,False
2022-09-30,510900.SH,易方达恒生中国企业ETF(QDII),恒生国企,恒生国企,81.52839836348,39.839796500000006,False
2022-09-30,159736.SZ,天弘中证食品饮料ETF,中证CS食品饮,中证CS食品饮,72.95249111526,4.5931725,False
2022-09-30,510810.SH,汇添富中证上海国企ETF,中证上海国企,中证上海国企,63.638202825,0.5533992,False
2022-09-30,159901.SZ,易方达深证100ETF,深证100,深证100,58.99930569408999,4.7515741,False
2022-09-30,159781.SZ,易方达中证科创创业50ETF,科创创业50,科创创业50,57.947305275409995,24.2236522,False
2022-10-31,510050.SH,华夏上证50ETF,上证50,上证50,567.564466444,285.2410742,False
2022-10-31,510500.SH,南方中证500ETF,中证500,中证500,422.827138404,113.8623733,True
2022-10-31,159995.SZ,华夏国证半导体芯片ETF,国证芯片,国证芯片,185.68314770168,46.2829341,False
2022-10-31,510180.SH,华安上证180ETF,上证180,上证180,172.910111008,8.407257000000001,False
2022-10-31,159920.SZ,华夏恒生ETF(QDII),恒生指数,恒生指数,151.43236046777997,123.7534149,False
2022-10-31,159949.SZ,华安创业板50ETF,深证创业板50,深证创业板50,96.87253766079,74.4397289,False
2022-10-31,159928.SZ,汇添富中证主要消费ETF,中证800消费,中证800消费,84.7493845824,11.4579715,False
2022-10-31,510900.SH,易方达恒生中国企业ETF(QDII),恒生国企,恒生国企,77.488876437,73.1809865,False
2022-10-31,510810.SH,汇添富中证上海国企ETF,中证上海国企,中证上海国企,61.486196514,0.924508,False
2022-10-31,159781.SZ,易方达中证科创创业50ETF,科创创业50,科创创业50,59.98443204064,17.4512471,False
2022-10-31,159736.SZ,天弘中证食品饮料ETF,中证CS食品饮,中证CS食品饮,59.72938714809,4.8439242,False
2022-10-31,159845.SZ,华夏中证1000ETF,中证1000,中证1000,57.3754602253,196.7098493,False
2022-10-31,159901.SZ,易方达深证100ETF,深证100,深证100,54.947271836599995,6.5457811,False
2022-11-30,510050.SH,华夏上证50ETF,上证50,上证50,623.9228818600001,185.3936728,False
2022-11-30,510500.SH,南方中证500ETF,中证500,中证500,574.138316702,126.3332453,True
2022-11-30,159995.SZ,华夏国证半导体芯片ETF,国证芯片,国证芯片,195.26304163234,33.725439,False
2022-11-30,510180.SH,华安上证180ETF,上证180,上证180,191.18787603400003,7.148513899999999,False
2022-11-30,159920.SZ,华夏恒生ETF(QDII),恒生指数,恒生指数,167.73280568235,90.8262658,False
2022-11-30,159949.SZ,华安创业板50ETF,深证创业板50,深证创业板50,103.23111600373,56.121956299999994,False
2022-11-30,159928.SZ,汇添富中证主要消费ETF,中证800消费,中证800消费,96.002607332,24.0360561,False
2022-11-30,510900.SH,易方达恒生中国企业ETF(QDII),恒生国企,恒生国企,95.018208849,61.9559407,False
2022-11-30,510810.SH,汇添富中证上海国企ETF,中证上海国企,中证上海国企,67.942582411,2.2106353,False
2022-11-30,159736.SZ,天弘中证食品饮料ETF,中证CS食品饮,中证CS食品饮,67.16349393993,2.9075945,False
2022-11-30,159781.SZ,易方达中证科创创业50ETF,科创创业50,科创创业50,60.50036785663,11.26282,False
2022-11-30,159901.SZ,易方达深证100ETF,深证100,深证100,60.4807836966,8.8159382,False
2022-11-30,159845.SZ,华夏中证1000ETF,中证1000,中证1000,57.544171027000004,158.7823155,False
2022-11-30,159601.SZ,华夏MSCI中国A50互联互通ETF,MSCI中国A50互联互通(人民币),MSCI中国A50互联互通(人民币),50.972474015239996,25.900869699999998,False
2022-12-30,510500.SH,南方中证500ETF,中证500,中证500,603.498069482,91.9150284,True
2022-12-30,510050.SH,华夏上证50ETF,上证50,上证50,583.406933532,152.0649115,False
2022-12-30,159995.SZ,华夏国证半导体芯片ETF,国证芯片,国证芯片,199.44163006,57.9034488,False
2022-12-30,510180.SH,华安上证180ETF,上证180,上证180,193.473645073,29.1262472,False
2022-12-30,159920.SZ,华夏恒生ETF(QDII),恒生指数,恒生指数,162.48309443718003,44.8819712,False
2022-12-30,159949.SZ,华安创业板50ETF,深证创业板50,深证创业板50,111.86037881276998,36.6368543,False
2022-12-30,159928.SZ,汇添富中证主要消费ETF,中证800消费,中证800消费,109.54304717760002,19.9030775,False
2022-12-30,510900.SH,易方达恒生中国企业ETF(QDII),恒生国企,恒生国企,101.331456952,23.742937100000002,False
2022-12-30,159736.SZ,天弘中证食品饮料ETF,中证CS食品饮,中证CS食品饮,69.29804367408,2.9616221,False
2022-12-30,510810.SH,汇添富中证上海国企ETF,中证上海国企,中证上海国企,65.604731797,0.07761470000000001,False
2022-12-30,159901.SZ,易方达深证100ETF,深证100,深证100,64.2991492574,11.7676415,False
2022-12-30,159781.SZ,易方达中证科创创业50ETF,科创创业50,科创创业50,61.54757180333,8.3704447,False
2022-12-30,159605.SZ,广发中证海外中国互联网30ETF(QDII),中证中国互联网30,中证中国互联网30,58.1572286862,155.9777135,False
2022-12-30,159845.SZ,华夏中证1000ETF,中证1000,中证1000,53.608319268900004,206.51542080000002,False
2023-01-31,510500.SH,南方中证500ETF,中证500,中证500,685.9787228580001,166.4269034,True
2023-01-31,510050.SH,华夏上证50ETF,上证50,上证50,609.2018780920001,283.6178472,False
2023-01-31,159995.SZ,华夏国证半导体芯片ETF,国证芯片,国证芯片,234.59458238384002,69.9384152,False
2023-01-31,510180.SH,华安上证180ETF,上证180,上证180,206.15350028,14.649585,False
2023-01-31,159920.SZ,华夏恒生ETF(QDII),恒生指数,恒生指数,171.88122996858,64.1235831,False
2023-01-31,159949.SZ,华安创业板50ETF,深证创业板50,深证创业板50,126.23292243706999,56.30481629999999,False
2023-01-31,159928.SZ,汇添富中证主要消费ETF,中证800消费,中证800消费,123.05727250320001,27.722387199999996,False
2023-01-31,510900.SH,易方达恒生中国企业ETF(QDII),恒生国企,恒生国企,104.52906593099999,50.5819383,False
2023-01-31,159901.SZ,易方达深证100ETF,深证100,深证100,71.54357636280001,29.5013425,False
2023-01-31,159736.SZ,天弘中证食品饮料ETF,中证CS食品饮,中证CS食品饮,68.98909673403,3.3052688000000003,False
2023-01-31,510810.SH,汇添富中证上海国企ETF,中证上海国企,中证上海国企,68.00025897,0.1781962,False
2023-01-31,159781.SZ,易方达中证科创创业50ETF,科创创业50,科创创业50,66.96095206983001,13.6396573,False
2023-01-31,159845.SZ,华夏中证1000ETF,中证1000,中证1000,65.30363656850001,197.0603796,False
2023-01-31,159605.SZ,广发中证海外中国互联网30ETF(QDII),中证中国互联网30,中证中国互联网30,59.30125579455,141.15075149999998,False
2023-01-31,159601.SZ,华夏MSCI中国A50互联互通ETF,MSCI中国A50互联互通(人民币),MSCI中国A50互联互通(人民币),52.558759758019995,28.720729,False
2023-02-28,510050.SH,华夏上证50ETF,上证50,上证50,576.447646328,156.97462009999998,False
2023-02-28,510500.SH,南方中证500ETF,中证500,中证500,493.35647119199996,107.3198959,True
2023-02-28,159995.SZ,华夏国证半导体芯片ETF,国证芯片,国证芯片,246.86389185198001,48.6330626,False
2023-02-28,510180.SH,华安上证180ETF,上证180,上证180,202.724124315,8.8859244,False
2023-02-28,159920.SZ,华夏恒生ETF(QDII),恒生指数,恒生指数,157.90139206842,78.3089968,False
2023-02-28,159949.SZ,华安创业板50ETF,深证创业板50,深证创业板50,132.55990723988998,67.4078303,False
2023-02-28,159928.SZ,汇添富中证主要消费ETF,中证800消费,中证800消费,113.9815902456,14.4082869,False
2023-02-28,510900.SH,易方达恒生中国企业ETF(QDII),恒生国企,恒生国企,93.55190279099999,39.4721673,False
2023-02-28,159901.SZ,易方达深证100ETF,深证100,深证100,71.4758612412,9.7719229,False
2023-02-28,510810.SH,汇添富中证上海国企ETF,中证上海国企,中证上海国企,68.84796834,0.3928085,False
2023-02-28,159781.SZ,易方达中证科创创业50ETF,科创创业50,科创创业50,66.11219064597,8.9808811,False
2023-02-28,159736.SZ,天弘中证食品饮料ETF,中证CS食品饮,中证CS食品饮,64.57394457000001,2.1748206999999997,False
2023-02-28,159605.SZ,广发中证海外中国互联网30ETF(QDII),中证中国互联网30,中证中国互联网30,54.5727022859,149.6128816,False
2023-03-31,510050.SH,华夏上证50ETF,上证50,上证50,540.20204374433,155.8997,False
2023-03-31,510500.SH,南方中证500ETF,中证500,中证500,499.16678635502996,221.4202524,True
2023-03-31,159995.SZ,华夏国证半导体芯片ETF,国证芯片,国证芯片,262.20606315858004,100.2789141,False
2023-03-31,510180.SH,华安上证180ETF,上证180,上证180,201.71275048845,10.0185654,False
2023-03-31,159949.SZ,华安创业板50ETF,深证创业板50,深证创业板50,176.67200815259997,75.3929712,False
2023-03-31,159920.SZ,华夏恒生ETF(QDII),恒生指数,恒生指数,167.25963272783997,119.44477509999999,False
2023-03-31,159928.SZ,汇添富中证主要消费ETF,中证800消费,中证800消费,107.5021455664,17.0281417,False
2023-03-31,510900.SH,易方达恒生中国企业ETF(QDII),恒生国企,恒生国企,98.72543007814,40.6437128,False
2023-03-31,159781.SZ,易方达中证科创创业50ETF,科创创业50,科创创业50,70.87789227795,10.3633191,False
2023-03-31,159792.SZ,富国中证港股通互联网ETF,港股通互联网,港股通互联网,70.82720982108,63.1141008,False
2023-03-31,510810.SH,汇添富中证上海国企ETF,中证上海国企,中证上海国企,68.6391209252,0.7616608,False
2023-03-31,159901.SZ,易方达深证100ETF,深证100,深证100,68.3872421115,9.0560104,False
2023-03-31,159736.SZ,天弘中证食品饮料ETF,中证CS食品饮,中证CS食品饮,62.473233844890004,2.9037397,False
2023-03-31,159605.SZ,广发中证海外中国互联网30ETF(QDII),中证中国互联网30,中证中国互联网30,60.766091055649994,182.5918721,False
2023-03-31,159845.SZ,华夏中证1000ETF,中证1000,中证1000,60.60509565288001,149.7844283,False
2023-04-28,510050.SH,华夏上证50ETF,上证50,上证50,533.09399024,144.179009,False
2023-04-28,510500.SH,南方中证500ETF,中证500,中证500,477.263447022,131.7176778,True
2023-04-28,159995.SZ,华夏国证半导体芯片ETF,国证芯片,国证芯片,235.73931603714004,132.2767645,False
2023-04-28,510180.SH,华安上证180ETF,上证180,上证180,203.710647777,10.6275098,False
2023-04-28,159920.SZ,华夏恒生ETF(QDII),恒生指数,恒生指数,180.5838632528,35.0419008,False
2023-04-28,159949.SZ,华安创业板50ETF,深证创业板50,深证创业板50,159.08281055400997,52.2896645,False
2023-04-28,159845.SZ,华夏中证1000ETF,中证1000,中证1000,114.42564582563999,247.7214486,False
2023-04-28,159928.SZ,汇添富中证主要消费ETF,中证800消费,中证800消费,104.07402298080001,49.5970521,False
2023-04-28,510900.SH,易方达恒生中国企业ETF(QDII),恒生国企,恒生国企,95.959674762,29.304738,False
2023-04-28,159992.SZ,银华中证创新药产业ETF,中证CS创新药,中证CS创新药,87.76065138423,27.8184606,False
2023-04-28,159792.SZ,富国中证港股通互联网ETF,港股通互联网,港股通互联网,78.48583641206001,76.3425973,False
2023-04-28,510810.SH,汇添富中证上海国企ETF,中证上海国企,中证上海国企,73.514494269,1.5951742,False
2023-04-28,159781.SZ,易方达中证科创创业50ETF,科创创业50,科创创业50,66.64390459267,8.0268416,False
2023-04-28,159901.SZ,易方达深证100ETF,深证100,深证100,66.60065549689999,12.4185723,False
2023-04-28,159736.SZ,天弘中证食品饮料ETF,中证CS食品饮,中证CS食品饮,58.11068428155001,3.6434082,False
2023-04-28,159605.SZ,广发中证海外中国互联网30ETF(QDII),中证中国互联网30,中证中国互联网30,56.0518083777,105.6293107,False
2023-05-31,510050.SH,华夏上证50ETF,上证50,上证50,522.93917,206.0054132,False
2023-05-31,510500.SH,南方中证500ETF,中证500,中证500,468.3144951119999,104.1171961,True
2023-05-31,159995.SZ,华夏国证半导体芯片ETF,国证芯片,国证芯片,258.36319306600006,58.0707811,False
2023-05-31,510180.SH,华安上证180ETF,上证180,上证180,191.582117184,14.786649100000002,False
2023-05-31,159920.SZ,华夏恒生ETF(QDII),恒生指数,恒生指数,173.04354502293,46.0953388,False
2023-05-31,159949.SZ,华安创业板50ETF,深证创业板50,深证创业板50,169.67076229525,76.2755427,False
2023-05-31,159845.SZ,华夏中证1000ETF,中证1000,中证1000,121.47800194992001,171.7391513,False
2023-05-31,159928.SZ,汇添富中证主要消费ETF,中证800消费,中证800消费,97.44381684480001,15.144473399999999,False
2023-05-31,510900.SH,易方达恒生中国企业ETF(QDII),恒生国企,恒生国企,89.58641315499999,35.1981562,False
2023-05-31,159992.SZ,银华中证创新药产业ETF,中证CS创新药,中证CS创新药,79.8136365879,26.222059,False
2023-05-31,159792.SZ,富国中证港股通互联网ETF,港股通互联网,港股通互联网,73.34740471749,42.1122708,False
2023-05-31,510810.SH,汇添富中证上海国企ETF,中证上海国企,中证上海国企,70.75851615900001,0.7127823,False
2023-05-31,159781.SZ,易方达中证科创创业50ETF,科创创业50,科创创业50,68.18732224876,5.7176328000000005,False
2023-05-31,159901.SZ,易方达深证100ETF,深证100,深证100,64.33702667079999,12.6533018,False
2023-05-31,159869.SZ,华夏中证动漫游戏ETF,中证动漫游戏,中证动漫游戏,64.20368451357,90.2771304,False
2023-05-31,159755.SZ,广发国证新能源车电池ETF,国证新能电池,国证新能电池,57.309173968,14.900051399999999,False
2023-05-31,159605.SZ,广发中证海外中国互联网30ETF(QDII),中证中国互联网30,中证中国互联网30,54.769080161750004,117.28309820000001,False
2023-05-31,159736.SZ,天弘中证食品饮料ETF,中证CS食品饮,中证CS食品饮,52.315997660520004,2.3166044,False
2023-06-30,510050.SH,华夏上证50ETF,上证50,上证50,576.67981696294,107.881423,False
2023-06-30,510500.SH,南方中证500ETF,中证500,中证500,484.48963720614995,119.8238,True
2023-06-30,159995.SZ,华夏国证半导体芯片ETF,国证芯片,国证芯片,250.16493719306,44.4357512,False
2023-06-30,510180.SH,华安上证180ETF,上证180,上证180,193.77033127365002,8.698824,False
2023-06-30,159949.SZ,华安创业板50ETF,深证创业板50,深证创业板50,172.67771650881,89.3725088,False
2023-06-30,159920.SZ,华夏恒生ETF(QDII),恒生指数,恒生指数,160.15053647623,50.354045400000004,False
2023-06-30,159845.SZ,华夏中证1000ETF,中证1000,中证1000,109.81329260748001,175.58355319999998,False
2023-06-30,159928.SZ,汇添富中证主要消费ETF,中证800消费,中证800消费,108.60710491040003,18.1870087,False
2023-06-30,510900.SH,易方达恒生中国企业ETF(QDII),恒生国企,恒生国企,92.08581591068001,31.123270899999998,False
2023-06-30,159792.SZ,富国中证港股通互联网ETF,港股通互联网,港股通互联网,87.75446825992,49.3328798,False
2023-06-30,159869.SZ,华夏中证动漫游戏ETF,中证动漫游戏,中证动漫游戏,77.59378644563,84.3716944,False
2023-06-30,159992.SZ,银华中证创新药产业ETF,中证CS创新药,中证CS创新药,77.35774979157,23.6842938,False
2023-06-30,510810.SH,汇添富中证上海国企ETF,中证上海国企,中证上海国企,70.4724915542,0.5443688,False
2023-06-30,159901.SZ,易方达深证100ETF,深证100,深证100,66.77802439519999,11.309233599999999,False
2023-06-30,159781.SZ,易方达中证科创创业50ETF,科创创业50,科创创业50,66.0850050381,10.6048296,False
2023-06-30,159605.SZ,广发中证海外中国互联网30ETF(QDII),中证中国互联网30,中证中国互联网30,60.5811461625,124.7082645,False
2023-06-30,159865.SZ,国泰中证畜牧养殖ETF,中证畜牧,中证畜牧,57.245544047100005,22.7143688,False
2023-06-30,159755.SZ,广发国证新能源车电池ETF,国证新能电池,国证新能电池,56.8395033172,26.97966,False
2023-06-30,159736.SZ,天弘中证食品饮料ETF,中证CS食品饮,中证CS食品饮,53.43502449423,2.8596033,False
2023-07-31,510050.SH,华夏上证50ETF,上证50,上证50,577.723026308,268.2260909,False
2023-07-31,510500.SH,南方中证500ETF,中证500,中证500,493.33596645599994,141.087874,True
2023-07-31,159995.SZ,华夏国证半导体芯片ETF,国证芯片,国证芯片,271.66889067282,74.1076529,False
2023-07-31,510180.SH,华安上证180ETF,上证180,上证180,209.697291627,14.051535399999999,False
2023-07-31,159949.SZ,华安创业板50ETF,深证创业板50,深证创业板50,178.08730072236997,77.8780654,False
2023-07-31,159920.SZ,华夏恒生ETF(QDII),恒生指数,恒生指数,170.47170792953,74.4348069,False
2023-07-31,159845.SZ,华夏中证1000ETF,中证1000,中证1000,152.47472513326,174.23778259999997,False
2023-07-31,159792.SZ,富国中证港股通互联网ETF,港股通互联网,港股通互联网,119.71988231611,91.3318267,False
2023-07-31,159928.SZ,汇添富中证主要消费ETF,中证800消费,中证800消费,115.02629040000001,38.4922718,False
2023-07-31,510900.SH,易方达恒生中国企业ETF(QDII),恒生国企,恒生国企,98.986910092,72.1746498,False
2023-07-31,159992.SZ,银华中证创新药产业ETF,中证CS创新药,中证CS创新药,82.93852584714,65.7059447,False
2023-07-31,510810.SH,汇添富中证上海国企ETF,中证上海国企,中证上海国企,77.51110612699999,3.2742923,False
2023-07-31,159605.SZ,广发中证海外中国互联网30ETF(QDII),中证中国互联网30,中证中国互联网30,72.48751468694999,193.2702447,False
2023-07-31,159901.SZ,易方达深证100ETF,深证100,深证100,70.964073928,21.7698742,False
2023-07-31,159781.SZ,易方达中证科创创业50ETF,科创创业50,科创创业50,69.19637340611999,8.3406812,False
2023-07-31,159869.SZ,华夏中证动漫游戏ETF,中证动漫游戏,中证动漫游戏,68.28399784305002,87.912194,False
2023-07-31,159865.SZ,国泰中证畜牧养殖ETF,中证畜牧,中证畜牧,62.63085998047,27.797555499999998,False
2023-07-31,159736.SZ,天弘中证食品饮料ETF,中证CS食品饮,中证CS食品饮,59.139977724990004,25.5587962,False
2023-07-31,159755.SZ,广发国证新能源车电池ETF,国证新能电池,国证新能电池,57.86938978466,27.9398918,False
2023-08-31,510050.SH,华夏上证50ETF,上证50,上证50,640.97234012,143.0002814,False
2023-08-31,510500.SH,南方中证500ETF,中证500,中证500,577.360816356,130.7594599,True
2023-08-31,159995.SZ,华夏国证半导体芯片ETF,国证芯片,国证芯片,275.75771864958,54.7152113,False
2023-08-31,510180.SH,华安上证180ETF,上证180,上证180,203.106429496,7.0990397,False
2023-08-31,159949.SZ,华安创业板50ETF,深证创业板50,深证创业板50,181.36638105909,41.572774599999995,False
2023-08-31,159920.SZ,华夏恒生ETF(QDII),恒生指数,恒生指数,159.81173581681,41.0293244,False
2023-08-31,159845.SZ,华夏中证1000ETF,中证1000,中证1000,137.74144267577998,149.97433230000001,False
2023-08-31,159792.SZ,富国中证港股通互联网ETF,港股通互联网,港股通互联网,133.18063759287,62.5260865,False
2023-08-31,159928.SZ,汇添富中证主要消费ETF,中证800消费,中证800消费,108.83098894320003,13.792961799999999,False
2023-08-31,510900.SH,易方达恒生中国企业ETF(QDII),恒生国企,恒生国企,93.642056076,27.141655699999998,False
2023-08-31,159992.SZ,银华中证创新药产业ETF,中证CS创新药,中证CS创新药,82.25387298468002,19.7785476,False
2023-08-31,159605.SZ,广发中证海外中国互联网30ETF(QDII),中证中国互联网30,中证中国互联网30,72.2053984093,149.464909,False
2023-08-31,510810.SH,汇添富中证上海国企ETF,中证上海国企,中证上海国企,71.751157096,1.1068795,False
2023-08-31,159869.SZ,华夏中证动漫游戏ETF,中证动漫游戏,中证动漫游戏,71.17535977511001,41.3066263,False
2023-08-31,159781.SZ,易方达中证科创创业50ETF,科创创业50,科创创业50,69.71677245688001,6.444929,False
2023-08-31,159901.SZ,易方达深证100ETF,深证100,深证100,69.26813336939999,10.3415681,False
2023-08-31,510210.SH,富国上证综指ETF,上证综指,上证综指,65.38628321,30.644423200000002,True
2023-08-31,159736.SZ,天弘中证食品饮料ETF,中证CS食品饮,中证CS食品饮,59.12798316165001,3.3397855000000005,False
2023-08-31,159865.SZ,国泰中证畜牧养殖ETF,中证畜牧,中证畜牧,55.77757835871001,8.783878900000001,False
2023-08-31,159938.SZ,广发中证全指医药卫生ETF,中证全指医药,中证全指医药,53.449787962559995,5.0459860999999995,False
2023-09-28,510050.SH,华夏上证50ETF,上证50,上证50,642.8665144440001,233.6548889,False
2023-09-28,510500.SH,南方中证500ETF,中证500,中证500,576.499109312,150.8370936,True
2023-09-28,159995.SZ,华夏国证半导体芯片ETF,国证芯片,国证芯片,266.55974603676,41.9126287,False
2023-09-28,510180.SH,华安上证180ETF,上证180,上证180,202.333851225,6.8488413,False
2023-09-28,159949.SZ,华安创业板50ETF,深证创业板50,深证创业板50,179.82945709806998,35.8227256,False
2023-09-28,159920.SZ,华夏恒生ETF(QDII),恒生指数,恒生指数,155.88072298388,37.326744,False
2023-09-28,159845.SZ,华夏中证1000ETF,中证1000,中证1000,143.82983011518,153.8224776,False
2023-09-28,159792.SZ,富国中证港股通互联网ETF,港股通互联网,港股通互联网,133.33029721251998,71.093133,False
2023-09-28,159928.SZ,汇添富中证主要消费ETF,中证800消费,中证800消费,104.26057055440002,14.9576546,False
2023-09-28,510900.SH,易方达恒生中国企业ETF(QDII),恒生国企,恒生国企,92.859408849,39.8039324,False
2023-09-28,159992.SZ,银华中证创新药产业ETF,中证CS创新药,中证CS创新药,85.14035128364999,32.2886866,False
2023-09-28,159605.SZ,广发中证海外中国互联网30ETF(QDII),中证中国互联网30,中证中国互联网30,79.23108296235,86.2162344,False
2023-09-28,510810.SH,汇添富中证上海国企ETF,中证上海国企,中证上海国企,71.613936159,0.513235,False
2023-09-28,159781.SZ,易方达中证科创创业50ETF,科创创业50,科创创业50,69.2266887183,5.7149824,False
2023-09-28,159901.SZ,易方达深证100ETF,深证100,深证100,65.62644745339999,11.3808113,False
2023-09-28,510210.SH,富国上证综指ETF,上证综指,上证综指,61.995190136000005,18.1780864,True
2023-09-28,159869.SZ,华夏中证动漫游戏ETF,中证动漫游戏,中证动漫游戏,60.46105354176001,26.448899,False
2023-09-28,159736.SZ,天弘中证食品饮料ETF,中证CS食品饮,中证CS食品饮,59.4478739931,2.7941316,False
2023-09-28,159865.SZ,国泰中证畜牧养殖ETF,中证畜牧,中证畜牧,56.2680073494,12.7963205,False
2023-09-28,159938.SZ,广发中证全指医药卫生ETF,中证全指医药,中证全指医药,55.3379057374,6.7414932,False
2023-10-31,510050.SH,华夏上证50ETF,上证50,上证50,610.0866299840001,173.4504656,False
2023-10-31,510500.SH,南方中证500ETF,中证500,中证500,482.64853112199995,119.3302494,True
2023-10-31,159995.SZ,华夏国证半导体芯片ETF,国证芯片,国证芯片,268.84084827964006,57.139291099999994,False
2023-10-31,510180.SH,华安上证180ETF,上证180,上证180,195.19269083100002,5.606184,False
2023-10-31,159949.SZ,华安创业板50ETF,深证创业板50,深证创业板50,179.94501577773,44.2896669,False
2023-10-31,159920.SZ,华夏恒生ETF(QDII),恒生指数,恒生指数,155.42098910103,66.4301208,False
2023-10-31,159792.SZ,富国中证港股通互联网ETF,港股通互联网,港股通互联网,136.71562300303998,42.855318,False
2023-10-31,159928.SZ,汇添富中证主要消费ETF,中证800消费,中证800消费,102.43359281200001,15.6660838,False
2023-10-31,510900.SH,易方达恒生中国企业ETF(QDII),恒生国企,恒生国企,93.725865345,34.236740999999995,False
2023-10-31,159992.SZ,银华中证创新药产业ETF,中证CS创新药,中证CS创新药,88.91184927309001,42.1445119,False
2023-10-31,159845.SZ,华夏中证1000ETF,中证1000,中证1000,86.71046731218,97.76994479999999,False
2023-10-31,159605.SZ,广发中证海外中国互联网30ETF(QDII),中证中国互联网30,中证中国互联网30,82.0782592084,98.81796949999999,False
2023-10-31,510210.SH,富国上证综指ETF,上证综指,上证综指,73.370568504,28.7873249,True
2023-10-31,159781.SZ,易方达中证科创创业50ETF,科创创业50,科创创业50,71.92009708632,5.895154,False
2023-10-31,510810.SH,汇添富中证上海国企ETF,中证上海国企,中证上海国企,66.146340876,0.6372823000000001,False
2023-10-31,159901.SZ,易方达深证100ETF,深证100,深证100,65.4204823517,11.431228599999999,False
2023-10-31,159736.SZ,天弘中证食品饮料ETF,中证CS食品饮,中证CS食品饮,59.39274243654,2.0657669999999997,False
2023-10-31,159938.SZ,广发中证全指医药卫生ETF,中证全指医药,中证全指医药,55.935088426840004,6.3861903,False
2023-10-31,159869.SZ,华夏中证动漫游戏ETF,中证动漫游戏,中证动漫游戏,53.301337018889996,37.2115283,False
2023-10-31,159865.SZ,国泰中证畜牧养殖ETF,中证畜牧,中证畜牧,52.86013823622001,13.713916699999999,False
2023-11-30,510050.SH,华夏上证50ETF,上证50,上证50,697.230394868,131.8575392,False
2023-11-30,510500.SH,南方中证500ETF,中证500,中证500,422.0178719819999,94.04253440000001,True
2023-11-30,159995.SZ,华夏国证半导体芯片ETF,国证芯片,国证芯片,265.72204804838003,30.156224200000004,False
2023-11-30,510180.SH,华安上证180ETF,上证180,上证180,191.50206948000002,6.746429099999999,False
2023-11-30,159949.SZ,华安创业板50ETF,深证创业板50,深证创业板50,175.94612949948,33.509353600000004,False
2023-11-30,159920.SZ,华夏恒生ETF(QDII),恒生指数,恒生指数,152.93872133532997,58.4726932,False
2023-11-30,159792.SZ,富国中证港股通互联网ETF,港股通互联网,港股通互联网,135.71514300303997,43.3936941,False
2023-11-30,159928.SZ,汇添富中证主要消费ETF,中证800消费,中证800消费,99.49929103680002,10.1422948,False
2023-11-30,510900.SH,易方达恒生中国企业ETF(QDII),恒生国企,恒生国企,98.222160527,30.248994,False
2023-11-30,159992.SZ,银华中证创新药产业ETF,中证CS创新药,中证CS创新药,93.13337614611001,23.5583262,False
2023-11-30,159605.SZ,广发中证海外中国互联网30ETF(QDII),中证中国互联网30,中证中国互联网30,77.17670963955,105.95082120000001,False
2023-11-30,159781.SZ,易方达中证科创创业50ETF,科创创业50,科创创业50,71.92426824368,3.8620045,False
2023-11-30,159845.SZ,华夏中证1000ETF,中证1000,中证1000,69.26051457882001,92.5247691,False
2023-11-30,510210.SH,富国上证综指ETF,上证综指,上证综指,66.199764282,12.2217896,True
2023-11-30,510810.SH,汇添富中证上海国企ETF,中证上海国企,中证上海国企,65.505094317,0.3933606,False
2023-11-30,159901.SZ,易方达深证100ETF,深证100,深证100,63.04702650350001,5.6140222,False
2023-11-30,159736.SZ,天弘中证食品饮料ETF,中证CS食品饮,中证CS食品饮,57.84669115713001,7.2678591,False
2023-11-30,159938.SZ,广发中证全指医药卫生ETF,中证全指医药,中证全指医药,55.95121485695999,4.9807653,False
2023-11-30,159869.SZ,华夏中证动漫游戏ETF,中证动漫游戏,中证动漫游戏,54.8296541208,18.046916699999997,False
2023-11-30,159865.SZ,国泰中证畜牧养殖ETF,中证畜牧,中证畜牧,50.334767471890004,8.3988504,False
2023-12-29,510050.SH,华夏上证50ETF,上证50,上证50,799.93619814,216.0909818,False
2023-12-29,510500.SH,南方中证500ETF,中证500,中证500,467.049161034,149.6527264,True
2023-12-29,159995.SZ,华夏国证半导体芯片ETF,国证芯片,国证芯片,262.36697521592004,29.944258500000004,False
2023-12-29,510180.SH,华安上证180ETF,上证180,上证180,188.567156014,8.1823093,False
2023-12-29,159949.SZ,华安创业板50ETF,深证创业板50,深证创业板50,187.44596883930998,72.4442074,False
2023-12-29,159920.SZ,华夏恒生ETF(QDII),恒生指数,恒生指数,155.42790541343,40.997554,False
2023-12-29,159792.SZ,富国中证港股通互联网ETF,港股通互联网,港股通互联网,120.78936669876,44.5987205,False
2023-12-29,159928.SZ,汇添富中证主要消费ETF,中证800消费,中证800消费,95.57548571120002,11.2095334,False
2023-12-29,510900.SH,易方达恒生中国企业ETF(QDII),恒生国企,恒生国企,95.36199636599999,28.797455499999998,False
2023-12-29,159992.SZ,银华中证创新药产业ETF,中证CS创新药,中证CS创新药,87.89204504025,27.2528768,False
2023-12-29,159605.SZ,广发中证海外中国互联网30ETF(QDII),中证中国互联网30,中证中国互联网30,73.80720240855,71.8279919,False
2023-12-29,159845.SZ,华夏中证1000ETF,中证1000,中证1000,73.22426388644001,87.2399301,False
2023-12-29,159781.SZ,易方达中证科创创业50ETF,科创创业50,科创创业50,72.56911521703,5.5049736,False
2023-12-29,510210.SH,富国上证综指ETF,上证综指,上证综指,70.918524054,22.872213000000002,True
2023-12-29,159901.SZ,易方达深证100ETF,深证100,深证100,63.80224133989999,13.912429000000001,False
2023-12-29,510810.SH,汇添富中证上海国企ETF,中证上海国企,中证上海国企,62.732984333,0.45199799999999996,False
2023-12-29,159869.SZ,华夏中证动漫游戏ETF,中证动漫游戏,中证动漫游戏,58.17554687412999,63.727498100000005,False
2023-12-29,159736.SZ,天弘中证食品饮料ETF,中证CS食品饮,中证CS食品饮,53.26158681777001,2.6953199,False
2023-12-29,159938.SZ,广发中证全指医药卫生ETF,中证全指医药,中证全指医药,53.033599979639995,4.800152199999999,False
2024-01-31,510050.SH,华夏上证50ETF,上证50,上证50,960.908779056,447.7275386,False
2024-01-31,510500.SH,南方中证500ETF,中证500,中证500,392.271460138,167.5014482,True
2024-01-31,159995.SZ,华夏国证半导体芯片ETF,国证芯片,国证芯片,215.26775320392,49.431079100000005,False
2024-01-31,510180.SH,华安上证180ETF,上证180,上证180,180.416337542,9.0768908,False
2024-01-31,159949.SZ,华安创业板50ETF,深证创业板50,深证创业板50,177.03893389467,102.0275654,False
2024-01-31,159920.SZ,华夏恒生ETF(QDII),恒生指数,恒生指数,143.96495803823,61.950131999999996,False
2024-01-31,510900.SH,易方达恒生中国企业ETF(QDII),恒生国企,恒生国企,87.618232569,33.7505209,False
2024-01-31,159928.SZ,汇添富中证主要消费ETF,中证800消费,中证800消费,84.8611098984,8.4493138,False
2024-01-31,159792.SZ,富国中证港股通互联网ETF,港股通互联网,港股通互联网,83.59137751909999,49.6208021,False
2024-01-31,510210.SH,富国上证综指ETF,上证综指,上证综指,77.208685088,38.4248739,True
2024-01-31,159605.SZ,广发中证海外中国互联网30ETF(QDII),中证中国互联网30,中证中国互联网30,68.73395542285002,79.0291676,False
2024-01-31,159781.SZ,易方达中证科创创业50ETF,科创创业50,科创创业50,63.42303097464,7.6856811,False
2024-01-31,510810.SH,汇添富中证上海国企ETF,中证上海国企,中证上海国企,63.244141522,2.0727425999999998,False
2024-01-31,159992.SZ,银华中证创新药产业ETF,中证CS创新药,中证CS创新药,61.54355978880001,20.9887064,False
2024-01-31,159901.SZ,易方达深证100ETF,深证100,深证100,56.01589588520001,11.4955248,False
2024-02-29,510050.SH,华夏上证50ETF,上证50,上证50,1124.0118965919999,313.19304619999997,False
2024-02-29,510500.SH,南方中证500ETF,中证500,中证500,767.7787646660001,341.4044458,True
2024-02-29,159995.SZ,华夏国证半导体芯片ETF,国证芯片,国证芯片,242.0859144528,89.3397424,False
2024-02-29,159949.SZ,华安创业板50ETF,深证创业板50,深证创业板50,195.5311668588,99.9317448,False
2024-02-29,510180.SH,华安上证180ETF,上证180,上证180,195.05104525400003,12.1605692,False
2024-02-29,159920.SZ,华夏恒生ETF(QDII),恒生指数,恒生指数,154.54270271496,72.1781956,False
2024-02-29,159845.SZ,华夏中证1000ETF,中证1000,中证1000,144.02560755323998,104.0986355,False
2024-02-29,510900.SH,易方达恒生中国企业ETF(QDII),恒生国企,恒生国企,95.83437702299999,39.3147102,False
2024-02-29,159928.SZ,汇添富中证主要消费ETF,中证800消费,中证800消费,91.3010142592,10.2060935,False
2024-02-29,159792.SZ,富国中证港股通互联网ETF,港股通互联网,港股通互联网,86.69628487078,37.8630639,False
2024-02-29,510210.SH,富国上证综指ETF,上证综指,上证综指,73.709283314,34.1679812,True
2024-02-29,159605.SZ,广发中证海外中国互联网30ETF(QDII),中证中国互联网30,中证中国互联网30,70.63980711584999,85.9761566,False
2024-02-29,159781.SZ,易方达中证科创创业50ETF,科创创业50,科创创业50,70.42625892641999,9.265924700000001,False
2024-02-29,510810.SH,汇添富中证上海国企ETF,中证上海国企,中证上海国企,65.963131506,1.3461137,False
2024-02-29,159992.SZ,银华中证创新药产业ETF,中证CS创新药,中证CS创新药,65.9539028841,22.8075304,False
2024-02-29,159901.SZ,易方达深证100ETF,深证100,深证100,60.7127055455,12.627982000000001,False
2024-02-29,159869.SZ,华夏中证动漫游戏ETF,中证动漫游戏,中证动漫游戏,59.672430159209995,52.7460049,False
2024-02-29,159819.SZ,易方达中证人工智能主题ETF,中证CS人工智,中证CS人工智,54.78242873735999,66.87051439999999,True
2024-02-29,159736.SZ,天弘中证食品饮料ETF,中证CS食品饮,中证CS食品饮,53.41241898180001,1.5256839,False
2024-03-29,510050.SH,华夏上证50ETF,上证50,上证50,1124.4599859319999,155.0757553,False
2024-03-29,510500.SH,南方中证500ETF,中证500,中证500,782.4563355060001,204.24851569999998,True
2024-03-29,159995.SZ,华夏国证半导体芯片ETF,国证芯片,国证芯片,224.77982740070001,27.884885399999998,False
2024-03-29,510180.SH,华安上证180ETF,上证180,上证180,194.19634756200003,7.0541062000000005,False
2024-03-29,159949.SZ,华安创业板50ETF,深证创业板50,深证创业板50,159.51053322123,40.8076646,False
2024-03-29,159920.SZ,华夏恒生ETF(QDII),恒生指数,恒生指数,156.68977863685998,12.5863888,False
2024-03-29,159845.SZ,华夏中证1000ETF,中证1000,中证1000,146.78035225928,81.1884745,False
2024-03-29,510900.SH,易方达恒生中国企业ETF(QDII),恒生国企,恒生国企,96.768261403,8.3957744,False
2024-03-29,159792.SZ,富国中证港股通互联网ETF,港股通互联网,港股通互联网,93.0898182798,33.505503000000004,False
2024-03-29,159928.SZ,汇添富中证主要消费ETF,中证800消费,中证800消费,92.370141196,5.771162,False
2024-03-29,159781.SZ,易方达中证科创创业50ETF,科创创业50,科创创业50,70.76675589977,5.7153356,False
2024-03-29,159605.SZ,广发中证海外中国互联网30ETF(QDII),中证中国互联网30,中证中国互联网30,69.64603865459999,20.9101762,False
2024-03-29,159992.SZ,银华中证创新药产业ETF,中证CS创新药,中证CS创新药,67.07451070683,13.649519699999999,False
2024-03-29,510210.SH,富国上证综指ETF,上证综指,上证综指,65.927821018,27.00367,True
2024-03-29,159901.SZ,易方达深证100ETF,深证100,深证100,64.24325648359999,9.3902338,False
2024-03-29,510810.SH,汇添富中证上海国企ETF,中证上海国企,中证上海国企,63.598571829,0.7200211,False
2024-03-29,159869.SZ,华夏中证动漫游戏ETF,中证动漫游戏,中证动漫游戏,61.3880048446,36.3716882,False
2024-03-29,159819.SZ,易方达中证人工智能主题ETF,中证CS人工智,中证CS人工智,56.82769495722,38.6156882,True
2024-03-29,159736.SZ,天弘中证食品饮料ETF,中证CS食品饮,中证CS食品饮,53.60860420578,1.8705652,False
2024-04-30,510050.SH,华夏上证50ETF,上证50,上证50,1158.49667,153.0682323,False
2024-04-30,510500.SH,南方中证500ETF,中证500,中证500,815.138733894,153.5170863,True
2024-04-30,159995.SZ,华夏国证半导体芯片ETF,国证芯片,国证芯片,223.87014014058002,27.6774346,False
2024-04-30,510180.SH,华安上证180ETF,上证180,上证180,197.22647910600003,5.038606199999999,False
2024-04-30,159845.SZ,华夏中证1000ETF,中证1000,中证1000,168.42356163654,81.6147328,False
2024-04-30,159949.SZ,华安创业板50ETF,深证创业板50,深证创业板50,167.13938520174,51.5612755,False
2024-04-30,159920.SZ,华夏恒生ETF(QDII),恒生指数,恒生指数,166.51249212921,48.898080699999994,False
2024-04-30,510900.SH,易方达恒生中国企业ETF(QDII),恒生国企,恒生国企,105.91977388599999,58.2570073,False
2024-04-30,159792.SZ,富国中证港股通互联网ETF,港股通互联网,港股通互联网,99.80354589829999,66.5648494,False
2024-04-30,159928.SZ,汇添富中证主要消费ETF,中证800消费,中证800消费,90.627935552,12.4584705,False
2024-04-30,159605.SZ,广发中证海外中国互联网30ETF(QDII),中证中国互联网30,中证中国互联网30,72.18944576295,69.8003501,False
2024-04-30,159781.SZ,易方达中证科创创业50ETF,科创创业50,科创创业50,71.17250474241,4.7960667,False
2024-04-30,159992.SZ,银华中证创新药产业ETF,中证CS创新药,中证CS创新药,69.26364595551,22.6125714,False
2024-04-30,159901.SZ,易方达深证100ETF,深证100,深证100,66.6664399965,8.4093999,False
2024-04-30,510810.SH,汇添富中证上海国企ETF,中证上海国企,中证上海国企,65.39449338,0.7008954,False
2024-04-30,159869.SZ,华夏中证动漫游戏ETF,中证动漫游戏,中证动漫游戏,63.689251027770005,36.6279255,False
2024-04-30,510210.SH,富国上证综指ETF,上证综指,上证综指,63.574919908000005,18.2358911,True
2024-04-30,159819.SZ,易方达中证人工智能主题ETF,中证CS人工智,中证CS人工智,62.476100891019996,44.364308,True
2024-04-30,159736.SZ,天弘中证食品饮料ETF,中证CS食品饮,中证CS食品饮,52.48238731890001,6.8471201,False
2024-04-30,159865.SZ,国泰中证畜牧养殖ETF,中证畜牧,中证畜牧,50.503014198980004,22.4573592,False
2024-05-31,510050.SH,华夏上证50ETF,上证50,上证50,1131.606346332,131.9365549,False
2024-05-31,510500.SH,南方中证500ETF,中证500,中证500,724.99281481,161.7830981,True
2024-05-31,159995.SZ,华夏国证半导体芯片ETF,国证芯片,国证芯片,226.15519042956,32.1420455,False
2024-05-31,510180.SH,华安上证180ETF,上证180,上证180,196.258197375,4.2471608,False
2024-05-31,159920.SZ,华夏恒生ETF(QDII),恒生指数,恒生指数,166.80498463243,69.38040910000001,False
2024-05-31,159949.SZ,华安创业板50ETF,深证创业板50,深证创业板50,166.41098322123,34.0581445,False
2024-05-31,159845.SZ,华夏中证1000ETF,中证1000,中证1000,136.8667930896,45.229444199999996,False
2024-05-31,510900.SH,易方达恒生中国企业ETF(QDII),恒生国企,恒生国企,105.10777958,49.6500583,False
2024-05-31,159792.SZ,富国中证港股通互联网ETF,港股通互联网,港股通互联网,103.95508010777999,76.715932,False
2024-05-31,159928.SZ,汇添富中证主要消费ETF,中证800消费,中证800消费,85.0120074864,4.6935029,False
2024-05-31,159781.SZ,易方达中证科创创业50ETF,科创创业50,科创创业50,69.44719566246,3.4883132,False
2024-05-31,159869.SZ,华夏中证动漫游戏ETF,中证动漫游戏,中证动漫游戏,67.74811286236,32.3871927,False
2024-05-31,159605.SZ,广发中证海外中国互联网30ETF(QDII),中证中国互联网30,中证中国互联网30,66.76104188634999,79.5827833,False
2024-05-31,510810.SH,汇添富中证上海国企ETF,中证上海国企,中证上海国企,65.156824317,0.6563968,False
2024-05-31,159992.SZ,银华中证创新药产业ETF,中证CS创新药,中证CS创新药,65.10270690522,14.6801979,False
2024-05-31,159901.SZ,易方达深证100ETF,深证100,深证100,63.47885242169999,8.478381299999999,False
2024-05-31,159819.SZ,易方达中证人工智能主题ETF,中证CS人工智,中证CS人工智,61.966995243279996,24.891244200000003,True
2024-05-31,510210.SH,富国上证综指ETF,上证综指,上证综指,59.687688352,14.0837832,True
2024-05-31,159865.SZ,国泰中证畜牧养殖ETF,中证畜牧,中证畜牧,50.40439267032,15.7739068,False
2024-06-28,510050.SH,华夏上证50ETF,上证50,上证50,1129.5963495879998,181.4786783,False
2024-06-28,510500.SH,南方中证500ETF,中证500,中证500,738.097479256,208.5352184,True
2024-06-28,159995.SZ,华夏国证半导体芯片ETF,国证芯片,国证芯片,217.71859829088004,32.849731,False
2024-06-28,510180.SH,华安上证180ETF,上证180,上证180,191.93065525400002,4.8906297,False
2024-06-28,159920.SZ,华夏恒生ETF(QDII),恒生指数,恒生指数,164.54579074958002,58.6550609,False
2024-06-28,159949.SZ,华安创业板50ETF,深证创业板50,深证创业板50,157.16418636698998,39.5784764,False
2024-06-28,159845.SZ,华夏中证1000ETF,中证1000,中证1000,130.48686530333998,86.3840247,False
2024-06-28,159792.SZ,富国中证港股通互联网ETF,港股通互联网,港股通互联网,109.43917485089999,59.2112665,False
2024-06-28,510900.SH,易方达恒生中国企业ETF(QDII),恒生国企,恒生国企,106.69220892299998,35.6015193,False
2024-06-28,159928.SZ,汇添富中证主要消费ETF,中证800消费,中证800消费,76.663306512,6.7107691,False
2024-06-28,510210.SH,富国上证综指ETF,上证综指,上证综指,75.66431405399999,47.3968931,True
2024-06-28,159781.SZ,易方达中证科创创业50ETF,科创创业50,科创创业50,67.67400355586,4.1078837,False
2024-06-28,159869.SZ,华夏中证动漫游戏ETF,中证动漫游戏,中证动漫游戏,63.45496305441001,27.8841751,False
2024-06-28,159992.SZ,银华中证创新药产业ETF,中证CS创新药,中证CS创新药,63.35731667238,14.0633185,False
2024-06-28,159605.SZ,广发中证海外中国互联网30ETF(QDII),中证中国互联网30,中证中国互联网30,62.2901017321,66.0609405,False
2024-06-28,510810.SH,汇添富中证上海国企ETF,中证上海国企,中证上海国企,61.38975402599999,0.8606280000000001,False
2024-06-28,159901.SZ,易方达深证100ETF,深证100,深证100,59.72178714239999,9.3056542,False
2024-06-28,159819.SZ,易方达中证人工智能主题ETF,中证CS人工智,中证CS人工智,55.14080443003999,25.6882133,True
2024-07-31,510050.SH,华夏上证50ETF,上证50,上证50,1244.582638284,248.5013315,False
2024-07-31,510500.SH,南方中证500ETF,中证500,中证500,855.05168785,272.9524972,True
2024-07-31,159995.SZ,华夏国证半导体芯片ETF,国证芯片,国证芯片,225.51512157424003,60.988886,False
2024-07-31,510180.SH,华安上证180ETF,上证180,上证180,194.212630065,6.0094755,False
2024-07-31,159845.SZ,华夏中证1000ETF,中证1000,中证1000,191.97424232758,137.04329769999998,False
2024-07-31,159920.SZ,华夏恒生ETF(QDII),恒生指数,恒生指数,169.7649277214,84.41750019999999,False
2024-07-31,159949.SZ,华安创业板50ETF,深证创业板50,深证创业板50,159.62756347377,63.1618106,False
2024-07-31,159792.SZ,富国中证港股通互联网ETF,港股通互联网,港股通互联网,119.63783235587,59.964253,False
2024-07-31,510900.SH,易方达恒生中国企业ETF(QDII),恒生国企,恒生国企,107.03931366699999,48.372552500000005,False
2024-07-31,510210.SH,富国上证综指ETF,上证综指,上证综指,82.97039635,78.112466,True
2024-07-31,159928.SZ,汇添富中证主要消费ETF,中证800消费,中证800消费,75.48387102720001,17.415020900000002,False
2024-07-31,159781.SZ,易方达中证科创创业50ETF,科创创业50,科创创业50,69.56037239850001,6.3576697,False
2024-07-31,159992.SZ,银华中证创新药产业ETF,中证CS创新药,中证CS创新药,67.58003978880001,34.804363900000006,False
2024-07-31,510810.SH,汇添富中证上海国企ETF,中证上海国企,中证上海国企,66.06049338,0.7215617,False
2024-07-31,159605.SZ,广发中证海外中国互联网30ETF(QDII),中证中国互联网30,中证中国互联网30,64.2565725628,86.8708097,False
2024-07-31,159901.SZ,易方达深证100ETF,深证100,深证100,60.35549355359999,18.4766262,False
2024-07-31,159869.SZ,华夏中证动漫游戏ETF,中证动漫游戏,中证动漫游戏,60.09029155663001,36.7286395,False
2024-07-31,159819.SZ,易方达中证人工智能主题ETF,中证CS人工智,中证CS人工智,58.09708835321,29.3006981,True
2024-08-30,510050.SH,华夏上证50ETF,上证50,上证50,1319.7210445719998,263.2743966,False
2024-08-30,510500.SH,南方中证500ETF,中证500,中证500,881.283880432,330.2514338,True
2024-08-30,159995.SZ,华夏国证半导体芯片ETF,国证芯片,国证芯片,216.76273990932,55.568036,False
2024-08-30,159845.SZ,华夏中证1000ETF,中证1000,中证1000,210.9018226731,125.6702804,False
2024-08-30,510180.SH,华安上证180ETF,上证180,上证180,189.65938544300002,8.5590503,False
2024-08-30,159920.SZ,华夏恒生ETF(QDII),恒生指数,恒生指数,174.66745311834,75.8868388,False
2024-08-30,159949.SZ,华安创业板50ETF,深证创业板50,深证创业板50,157.58962802405,79.3948478,False
2024-08-30,159792.SZ,富国中证港股通互联网ETF,港股通互联网,港股通互联网,129.91387367009,94.5353753,False
2024-08-30,510900.SH,易方达恒生中国企业ETF(QDII),恒生国企,恒生国企,109.711826733,39.2210165,False
2024-08-30,159509.SZ,景顺长城纳斯达克科技市值加权ETF(QDII),纳斯达克科技市值加权,纳斯达克科技市值加权,95.52060126428,110.08753430000002,False
2024-08-30,510210.SH,富国上证综指ETF,上证综指,上证综指,86.57948627399999,51.8197829,True
2024-08-30,159928.SZ,汇添富中证主要消费ETF,中证800消费,中证800消费,72.3345016688,14.3632174,False
2024-08-30,159992.SZ,银华中证创新药产业ETF,中证CS创新药,中证CS创新药,67.32356173323001,31.8293072,False
2024-08-30,159781.SZ,易方达中证科创创业50ETF,科创创业50,科创创业50,66.63037005459,6.4747384,False
2024-08-30,159605.SZ,广发中证海外中国互联网30ETF(QDII),中证中国互联网30,中证中国互联网30,62.8809142242,109.9291747,False
2024-08-30,510810.SH,汇添富中证上海国企ETF,中证上海国企,中证上海国企,61.24401058499999,0.6089945999999999,False
2024-08-30,159869.SZ,华夏中证动漫游戏ETF,中证动漫游戏,中证动漫游戏,60.140034841710005,47.162290999999996,False
2024-08-30,159901.SZ,易方达深证100ETF,深证100,深证100,58.64326941799999,26.0747462,False
2024-08-30,159819.SZ,易方达中证人工智能主题ETF,中证CS人工智,中证CS人工智,52.929837584910004,23.6099599,True
2024-09-30,510050.SH,华夏上证50ETF,上证50,上证50,1674.7656039611297,1014.6589826999999,False
2024-09-30,510500.SH,南方中证500ETF,中证500,中证500,1271.83736858915,1142.8173744,True
2024-09-30,159845.SZ,华夏中证1000ETF,中证1000,中证1000,362.67825111826,401.0874744,False
2024-09-30,159995.SZ,华夏国证半导体芯片ETF,国证芯片,国证芯片,261.62510441832,134.13820479999998,False
2024-09-30,159949.SZ,华安创业板50ETF,深证创业板50,深证创业板50,226.67977179016998,422.36987999999997,False
2024-09-30,510180.SH,华安上证180ETF,上证180,上证180,223.1097206415,24.0811424,False
2024-09-30,159920.SZ,华夏恒生ETF(QDII),恒生指数,恒生指数,208.37405833290998,444.0748448,False
2024-09-30,159792.SZ,富国中证港股通互联网ETF,港股通互联网,港股通互联网,192.92908599195,255.30692059999998,False
2024-09-30,510900.SH,易方达恒生中国企业ETF(QDII),恒生国企,恒生国企,132.68321012772,263.0848014,False
2024-09-30,159928.SZ,汇添富中证主要消费ETF,中证800消费,中证800消费,105.08087523360001,153.3997273,False
2024-09-30,510210.SH,富国上证综指ETF,上证综指,上证综指,99.74875369469999,171.6994028,True
2024-09-30,159509.SZ,景顺长城纳斯达克科技市值加权ETF(QDII),纳斯达克科技市值加权,纳斯达克科技市值加权,90.09804227571999,316.7672033,False
2024-09-30,159781.SZ,易方达中证科创创业50ETF,科创创业50,科创创业50,90.02746922211,57.5653277,False
2024-09-30,159992.SZ,银华中证创新药产业ETF,中证CS创新药,中证CS创新药,83.99664087354,92.6304908,False
2024-09-30,159605.SZ,广发中证海外中国互联网30ETF(QDII),中证中国互联网30,中证中国互联网30,81.941558781,458.63351509999995,False
2024-09-30,159901.SZ,易方达深证100ETF,深证100,深证100,79.771245984,56.706524300000005,False
2024-09-30,159869.SZ,华夏中证动漫游戏ETF,中证动漫游戏,中证动漫游戏,77.90512155952,100.10088689999999,False
2024-09-30,510810.SH,汇添富中证上海国企ETF,中证上海国企,中证上海国企,74.65660433990001,2.7960906999999997,False
2024-09-30,159819.SZ,易方达中证人工智能主题ETF,中证CS人工智,中证CS人工智,64.88365802221,73.3907171,True
2024-09-30,159736.SZ,天弘中证食品饮料ETF,中证CS食品饮,中证CS食品饮,55.199859046270014,8.0406812,False
2024-09-30,159601.SZ,华夏MSCI中国A50互联互通ETF,MSCI中国A50互联互通(人民币),MSCI中国A50互联互通(人民币),52.73653504239999,45.606221999999995,False
2024-09-30,159938.SZ,广发中证全指医药卫生ETF,中证全指医药,中证全指医药,52.363020187720004,14.177083799999998,False
2024-09-30,159841.SZ,天弘中证全指证券公司ETF,中证证券公司,中证证券公司,52.1085295746,58.22671879999999,False
2024-09-30,159967.SZ,华夏创业板动量成长ETF,深证创成长,深证创成长,50.08916977657999,71.77747839999999,False
2024-10-31,510050.SH,华夏上证50ETF,上证50,上证50,1542.102135988,293.0423765,False
2024-10-31,510500.SH,南方中证500ETF,中证500,中证500,1131.754116,373.3061867,True
2024-10-31,159845.SZ,华夏中证1000ETF,中证1000,中证1000,329.4504188697,148.9750853,False
2024-10-31,159995.SZ,华夏国证半导体芯片ETF,国证芯片,国证芯片,291.16493325116,192.58439860000001,False
2024-10-31,159949.SZ,华安创业板50ETF,深证创业板50,深证创业板50,289.65232634045,242.85943250000003,False
2024-10-31,510180.SH,华安上证180ETF,上证180,上证180,212.75205798000005,8.2164515,False
2024-10-31,159920.SZ,华夏恒生ETF(QDII),恒生指数,恒生指数,192.48557872341001,111.62946629999999,False
2024-10-31,159792.SZ,富国中证港股通互联网ETF,港股通互联网,港股通互联网,187.39981534477997,128.2500785,False
2024-10-31,159928.SZ,汇添富中证主要消费ETF,中证800消费,中证800消费,120.0150369992,27.248481599999998,False
2024-10-31,510900.SH,易方达恒生中国企业ETF(QDII),恒生国企,恒生国企,112.02416454600001,45.5811505,False
2024-10-31,159781.SZ,易方达中证科创创业50ETF,科创创业50,科创创业50,103.07021340611999,31.334495699999998,False
2024-10-31,159509.SZ,景顺长城纳斯达克科技市值加权ETF(QDII),纳斯达克科技市值加权,纳斯达克科技市值加权,96.26359818782,147.5492624,False
2024-10-31,510210.SH,富国上证综指ETF,上证综指,上证综指,93.409935022,39.977715,True
2024-10-31,159992.SZ,银华中证创新药产业ETF,中证CS创新药,中证CS创新药,92.95671351372,42.178644,False
2024-10-31,159605.SZ,广发中证海外中国互联网30ETF(QDII),中证中国互联网30,中证中国互联网30,74.98806388785,113.063144,False
2024-10-31,510810.SH,汇添富中证上海国企ETF,中证上海国企,中证上海国企,74.86431519,0.9994974,False
2024-10-31,159901.SZ,易方达深证100ETF,深证100,深证100,70.85655645119999,21.3491079,False
2024-10-31,159819.SZ,易方达中证人工智能主题ETF,中证CS人工智,中证CS人工智,66.32370338389,49.5766637,True
2024-10-31,159869.SZ,华夏中证动漫游戏ETF,中证动漫游戏,中证动漫游戏,58.818485086829995,38.7257799,False
2024-10-31,159841.SZ,天弘中证全指证券公司ETF,中证证券公司,中证证券公司,57.0793181904,61.642280299999996,False
2024-10-31,159967.SZ,华夏创业板动量成长ETF,深证创成长,深证创成长,56.9736278928,22.8891853,False
2024-11-29,510050.SH,华夏上证50ETF,上证50,上证50,1552.2094809760001,318.21402259999996,False
2024-11-29,510500.SH,南方中证500ETF,中证500,中证500,1067.148229584,240.03344500000003,True
2024-11-29,159949.SZ,华安创业板50ETF,深证创业板50,深证创业板50,309.52589617209,319.34499040000003,False
2024-11-29,159845.SZ,华夏中证1000ETF,中证1000,中证1000,294.47945378331997,75.1731774,False
2024-11-29,159995.SZ,华夏国证半导体芯片ETF,国证芯片,国证芯片,288.11373726278003,91.55102839999999,False
2024-11-29,159792.SZ,富国中证港股通互联网ETF,港股通互联网,港股通互联网,211.85195126871,115.60877260000001,False
2024-11-29,510180.SH,华安上证180ETF,上证180,上证180,205.824806432,7.5200363,False
2024-11-29,159920.SZ,华夏恒生ETF(QDII),恒生指数,恒生指数,188.57509707486,144.5417365,False
2024-11-29,159928.SZ,汇添富中证主要消费ETF,中证800消费,中证800消费,132.6839284512,38.6484657,False
2024-11-29,510900.SH,易方达恒生中国企业ETF(QDII),恒生国企,恒生国企,107.867917319,60.12051339999999,False
2024-11-29,159992.SZ,银华中证创新药产业ETF,中证CS创新药,中证CS创新药,106.08588538146,40.7487692,False
2024-11-29,159781.SZ,易方达中证科创创业50ETF,科创创业50,科创创业50,96.87884224876,23.373384700000003,False
2024-11-29,159509.SZ,景顺长城纳斯达克科技市值加权ETF(QDII),纳斯达克科技市值加权,纳斯达克科技市值加权,94.51599202888,72.6022171,False
2024-11-29,159901.SZ,易方达深证100ETF,深证100,深证100,75.92857804,24.978308,False
2024-11-29,159819.SZ,易方达中证人工智能主题ETF,中证CS人工智,中证CS人工智,75.91804687797,43.4922071,True
2024-11-29,159605.SZ,广发中证海外中国互联网30ETF(QDII),中证中国互联网30,中证中国互联网30,74.95383136414999,126.56941119999999,False
2024-11-29,510810.SH,汇添富中证上海国企ETF,中证上海国企,中证上海国企,74.675336757,1.6556197,False
2024-11-29,510210.SH,富国上证综指ETF,上证综指,上证综指,71.49288813400001,39.5598654,True
2024-11-29,159636.SZ,工银瑞信国证港股通科技ETF,国证港股通科技,国证港股通科技,63.85349354809,26.5898002,False
2024-11-29,159869.SZ,华夏中证动漫游戏ETF,中证动漫游戏,中证动漫游戏,62.32690339700001,72.12356949999999,False
2024-11-29,159841.SZ,天弘中证全指证券公司ETF,中证证券公司,中证证券公司,60.6674326536,49.285375300000005,False
2024-11-29,159736.SZ,天弘中证食品饮料ETF,中证CS食品饮,中证CS食品饮,51.245175037230005,1.5656509,False
2024-11-29,159740.SZ,大成恒生科技ETF(QDII),恒生科技,恒生科技,50.20332582528,124.0653672,False
2024-12-31,510050.SH,华夏上证50ETF,上证50,上证50,1515.00841580666,430.2212444,False
2024-12-31,510500.SH,南方中证500ETF,中证500,中证500,1016.4931623338699,439.8943159,True
2024-12-31,159949.SZ,华安创业板50ETF,深证创业板50,深证创业板50,298.68634493593,162.3001946,False
2024-12-31,159845.SZ,华夏中证1000ETF,中证1000,中证1000,289.48064520156004,63.4452604,False
2024-12-31,159995.SZ,华夏国证半导体芯片ETF,国证芯片,国证芯片,261.09586245356,75.1234654,False
2024-12-31,159792.SZ,富国中证港股通互联网ETF,港股通互联网,港股通互联网,222.18354389715,72.6020127,False
2024-12-31,510180.SH,华安上证180ETF,上证180,上证180,214.27648316744998,6.720718399999999,False
2024-12-31,159920.SZ,华夏恒生ETF(QDII),恒生指数,恒生指数,191.55636753903002,71.2516523,False
2024-12-31,159928.SZ,汇添富中证主要消费ETF,中证800消费,中证800消费,136.5585192568,44.9786821,False
2024-12-31,510900.SH,易方达恒生中国企业ETF(QDII),恒生国企,恒生国企,109.28820837299999,39.0973301,False
2024-12-31,159509.SZ,景顺长城纳斯达克科技市值加权ETF(QDII),纳斯达克科技市值加权,纳斯达克科技市值加权,100.71458229980001,106.7824003,False
2024-12-31,159992.SZ,银华中证创新药产业ETF,中证CS创新药,中证CS创新药,99.42691908248999,41.651431800000005,False
2024-12-31,159781.SZ,易方达中证科创创业50ETF,科创创业50,科创创业50,93.20161201145,12.248452499999999,False
2024-12-31,159819.SZ,易方达中证人工智能主题ETF,中证CS人工智,中证CS人工智,82.9121899879,71.1345431,True
2024-12-31,159636.SZ,工银瑞信国证港股通科技ETF,国证港股通科技,国证港股通科技,77.42453870486999,8.7017864,False
2024-12-31,510810.SH,汇添富中证上海国企ETF,中证上海国企,中证上海国企,76.2910518367,0.7822868000000001,False
2024-12-31,159605.SZ,广发中证海外中国互联网30ETF(QDII),中证中国互联网30,中证中国互联网30,70.58237539499999,105.9823097,False
2024-12-31,159901.SZ,易方达深证100ETF,深证100,深证100,69.123547561,18.9989313,False
2024-12-31,510210.SH,富国上证综指ETF,上证综指,上证综指,63.44979325605,32.19365,True
2024-12-31,159841.SZ,天弘中证全指证券公司ETF,中证证券公司,中证证券公司,61.1567404983,46.5613649,False
2024-12-31,159869.SZ,华夏中证动漫游戏ETF,中证动漫游戏,中证动漫游戏,53.71448209127,46.3856862,False
2024-12-31,159736.SZ,天弘中证食品饮料ETF,中证CS食品饮,中证CS食品饮,50.278551646960004,1.7362623,False
2025-01-27,510050.SH,华夏上证50ETF,上证50,上证50,1442.0569245239997,307.43698,False
2025-01-27,510500.SH,南方中证500ETF,中证500,中证500,988.2193163100001,274.49420299999997,True
2025-01-27,159845.SZ,华夏中证1000ETF,中证1000,中证1000,295.37813793492,81.1794117,False
2025-01-27,159949.SZ,华安创业板50ETF,深证创业板50,深证创业板50,278.40451229525,102.666763,False
2025-01-27,159995.SZ,华夏国证半导体芯片ETF,国证芯片,国证芯片,251.01638910086,60.3006071,False
2025-01-27,159792.SZ,富国中证港股通互联网ETF,港股通互联网,港股通互联网,235.89176494454998,78.5882625,False
2025-01-27,510180.SH,华安上证180ETF,上证180,上证180,204.676060845,5.3862004,False
2025-01-27,159920.SZ,华夏恒生ETF(QDII),恒生指数,恒生指数,187.54330346093002,63.0356206,False
2025-01-27,159928.SZ,汇添富中证主要消费ETF,中证800消费,中证800消费,122.18524247920001,17.7361636,False
2025-01-27,510900.SH,易方达恒生中国企业ETF(QDII),恒生国企,恒生国企,108.27915155399998,37.8728719,False
2025-01-27,159509.SZ,景顺长城纳斯达克科技市值加权ETF(QDII),纳斯达克科技市值加权,纳斯达克科技市值加权,100.6586040939,76.66405400000001,False
2025-01-27,159992.SZ,银华中证创新药产业ETF,中证CS创新药,中证CS创新药,96.02501265126001,20.3014655,False
2025-01-27,159781.SZ,易方达中证科创创业50ETF,科创创业50,科创创业50,90.43924129952002,10.8592599,False
2025-01-27,159819.SZ,易方达中证人工智能主题ETF,中证CS人工智,中证CS人工智,88.28838391107,71.4026933,True
2025-01-27,159636.SZ,工银瑞信国证港股通科技ETF,国证港股通科技,国证港股通科技,87.04110390989,15.7948329,False
2025-01-27,510810.SH,汇添富中证上海国企ETF,中证上海国企,中证上海国企,72.449233962,0.28610019999999997,False
2025-01-27,159605.SZ,广发中证海外中国互联网30ETF(QDII),中证中国互联网30,中证中国互联网30,69.1775709646,83.1916014,False
2025-01-27,159901.SZ,易方达深证100ETF,深证100,深证100,67.2185978086,11.2006875,False
2025-01-27,510210.SH,富国上证综指ETF,上证综指,上证综指,65.784429244,31.3568325,True
2025-01-27,159841.SZ,天弘中证全指证券公司ETF,中证证券公司,中证证券公司,57.8812264956,27.4898246,False
2025-01-27,159869.SZ,华夏中证动漫游戏ETF,中证动漫游戏,中证动漫游戏,57.707925376350005,53.4849233,False
2025-02-28,510050.SH,华夏上证50ETF,上证50,上证50,1430.65196194,272.2485399,False
2025-02-28,510500.SH,南方中证500ETF,中证500,中证500,965.3426037620001,186.06586370000002,True
2025-02-28,159792.SZ,富国中证港股通互联网ETF,港股通互联网,港股通互联网,315.97140911426993,455.0914142,False
2025-02-28,159845.SZ,华夏中证1000ETF,中证1000,中证1000,295.61082997724,52.1121476,False
2025-02-28,159949.SZ,华安创业板50ETF,深证创业板50,深证创业板50,262.24086138254,141.5660821,False
2025-02-28,159995.SZ,华夏国证半导体芯片ETF,国证芯片,国证芯片,249.81755671968,129.84064180000001,False
2025-02-28,510180.SH,华安上证180ETF,上证180,上证180,208.461920658,6.0300337,False
2025-02-28,159920.SZ,华夏恒生ETF(QDII),恒生指数,恒生指数,186.79247854103997,147.499494,False
2025-02-28,159819.SZ,易方达中证人工智能主题ETF,中证CS人工智,中证CS人工智,140.22865047014002,143.2559284,True
2025-02-28,159928.SZ,汇添富中证主要消费ETF,中证800消费,中证800消费,134.8414734488,96.848325,False
2025-02-28,159636.SZ,工银瑞信国证港股通科技ETF,国证港股通科技,国证港股通科技,118.71090795960001,214.11840440000003,False
2025-02-28,159992.SZ,银华中证创新药产业ETF,中证CS创新药,中证CS创新药,117.70628226504,55.55205350000001,False
2025-02-28,510900.SH,易方达恒生中国企业ETF(QDII),恒生国企,恒生国企,102.336581557,74.47699030000001,False
2025-02-28,159509.SZ,景顺长城纳斯达克科技市值加权ETF(QDII),纳斯达克科技市值加权,纳斯达克科技市值加权,92.81920638168,157.7694756,False
2025-02-28,159781.SZ,易方达中证科创创业50ETF,科创创业50,科创创业50,90.0383910914,17.958288500000002,False
2025-02-28,510810.SH,汇添富中证上海国企ETF,中证上海国企,中证上海国企,76.63882771,0.7292618000000001,False
2025-02-28,159901.SZ,易方达深证100ETF,深证100,深证100,64.9748193075,17.274418400000002,False
2025-02-28,159841.SZ,天弘中证全指证券公司ETF,中证证券公司,中证证券公司,62.7184509579,47.6532363,False
2025-02-28,510210.SH,富国上证综指ETF,上证综指,上证综指,54.93475043,32.1954504,True
2025-02-28,159605.SZ,广发中证海外中国互联网30ETF(QDII),中证中国互联网30,中证中国互联网30,54.131476166249996,149.78458840000002,False
2025-03-31,510050.SH,华夏上证50ETF,上证50,上证50,1457.6124941282499,229.82504849999998,False
2025-03-31,510500.SH,南方中证500ETF,中证500,中证500,948.7091108391801,106.3186183,True
2025-03-31,159792.SZ,富国中证港股通互联网ETF,港股通互联网,港股通互联网,392.01650069530996,313.6926758,False
2025-03-31,159845.SZ,华夏中证1000ETF,中证1000,中证1000,280.45077762422,36.001578,False
2025-03-31,159949.SZ,华安创业板50ETF,深证创业板50,深证创业板50,254.23702799750998,91.090094,False
2025-03-31,159995.SZ,华夏国证半导体芯片ETF,国证芯片,国证芯片,246.46391386398003,54.044728799999994,False
2025-03-31,510180.SH,华安上证180ETF,上证180,上证180,207.28872587413002,5.7291336,False
2025-03-31,159636.SZ,工银瑞信国证港股通科技ETF,国证港股通科技,国证港股通科技,173.99343788724002,150.849481,False
2025-03-31,159920.SZ,华夏恒生ETF(QDII),恒生指数,恒生指数,163.3282968317,92.1457457,False
2025-03-31,159819.SZ,易方达中证人工智能主题ETF,中证CS人工智,中证CS人工智,155.78085104226,58.7982834,True
2025-03-31,159928.SZ,汇添富中证主要消费ETF,中证800消费,中证800消费,144.93086780480002,32.7589053,False
2025-03-31,159992.SZ,银华中证创新药产业ETF,中证CS创新药,中证CS创新药,114.9292610058,57.701002800000005,False
2025-03-31,510900.SH,易方达恒生中国企业ETF(QDII),恒生国企,恒生国企,93.50337412542,47.9693059,False
2025-03-31,159781.SZ,易方达中证科创创业50ETF,科创创业50,科创创业50,87.83649711551,9.1512678,False
2025-03-31,159509.SZ,景顺长城纳斯达克科技市值加权ETF(QDII),纳斯达克科技市值加权,纳斯达克科技市值加权,85.4945937989,109.87771629999999,False
2025-03-31,159593.SZ,平安中证A50ETF,中证A50,中证A50,79.5824183808,27.429019300000004,False
2025-03-31,510810.SH,汇添富中证上海国企ETF,中证上海国企,中证上海国企,74.8651567994,0.7941173,False
2025-03-31,159841.SZ,天弘中证全指证券公司ETF,中证证券公司,中证证券公司,65.51075888025,36.528765500000006,False
2025-03-31,159901.SZ,易方达深证100ETF,深证100,深证100,65.1120718764,8.6916064,False
2025-03-31,159740.SZ,大成恒生科技ETF(QDII),恒生科技,恒生科技,61.72530806592,131.83060749999999,False
2025-03-31,159869.SZ,华夏中证动漫游戏ETF,中证动漫游戏,中证动漫游戏,57.51600310748,32.1843752,False
2025-03-31,159605.SZ,广发中证海外中国互联网30ETF(QDII),中证中国互联网30,中证中国互联网30,53.14199284345,110.58894939999999,False
2025-04-30,510050.SH,华夏上证50ETF,上证50,上证50,1621.303597924,150.3201223,False
2025-04-30,510500.SH,南方中证500ETF,中证500,中证500,1091.4759894360002,116.7228382,True
2025-04-30,159792.SZ,富国中证港股通互联网ETF,港股通互联网,港股通互联网,474.9983970194699,273.3801373,False
2025-04-30,159845.SZ,华夏中证1000ETF,中证1000,中证1000,361.8688209455,28.745168300000003,False
2025-04-30,159949.SZ,华安创业板50ETF,深证创业板50,深证创业板50,250.85212486501996,85.5875598,False
2025-04-30,159995.SZ,华夏国证半导体芯片ETF,国证芯片,国证芯片,241.03849535535997,41.6601919,False
2025-04-30,159636.SZ,工银瑞信国证港股通科技ETF,国证港股通科技,国证港股通科技,213.84442003147,75.2219269,False
2025-04-30,510180.SH,华安上证180ETF,上证180,上证180,201.05218776499999,1.9650873,False
2025-04-30,159920.SZ,华夏恒生ETF(QDII),恒生指数,恒生指数,158.39929689249,77.428878,False
2025-04-30,159819.SZ,易方达中证人工智能主题ETF,中证CS人工智,中证CS人工智,156.37160687797,73.690136,True
2025-04-30,159928.SZ,汇添富中证主要消费ETF,中证800消费,中证800消费,152.6207392568,28.8817235,False
2025-04-30,159992.SZ,银华中证创新药产业ETF,中证CS创新药,中证CS创新药,118.15213232061,25.9574829,False
2025-04-30,510900.SH,易方达恒生中国企业ETF(QDII),恒生国企,恒生国企,92.05436148299998,36.4179053,False
2025-04-30,159509.SZ,景顺长城纳斯达克科技市值加权ETF(QDII),纳斯达克科技市值加权,纳斯达克科技市值加权,88.17082816374,58.9978027,False
2025-04-30,159781.SZ,易方达中证科创创业50ETF,科创创业50,科创创业50,82.41263198226,8.382684900000001,False
2025-04-30,510810.SH,汇添富中证上海国企ETF,中证上海国企,中证上海国企,74.089734285,0.1219328,False
2025-04-30,159593.SZ,平安中证A50ETF,中证A50,中证A50,73.71556388560002,23.4163111,False
2025-04-30,159740.SZ,大成恒生科技ETF(QDII),恒生科技,恒生科技,71.2408250688,154.8991596,False
2025-04-30,159869.SZ,华夏中证动漫游戏ETF,中证动漫游戏,中证动漫游戏,68.05107764811,37.952192499999995,False
2025-04-30,159841.SZ,天弘中证全指证券公司ETF,中证证券公司,中证证券公司,61.67182641705,12.6207691,False
2025-04-30,159901.SZ,易方达深证100ETF,深证100,深证100,61.604054686999994,4.0144555,False
2025-04-30,159770.SZ,天弘中证机器人ETF,中证机器人,中证机器人,55.97825757132,29.5008001,False
2025-04-30,159605.SZ,广发中证海外中国互联网30ETF(QDII),中证中国互联网30,中证中国互联网30,52.851158781,67.9523573,False
2025-05-30,510050.SH,华夏上证50ETF,上证50,上证50,1629.237921332,242.7758102,False
2025-05-30,510500.SH,南方中证500ETF,中证500,中证500,1096.992864084,190.3678351,True
2025-05-30,159792.SZ,富国中证港股通互联网ETF,港股通互联网,港股通互联网,448.23080991472995,149.6113794,False
2025-05-30,159845.SZ,华夏中证1000ETF,中证1000,中证1000,366.60440693184,52.3081939,False
2025-05-30,159949.SZ,华安创业板50ETF,深证创业板50,深证创业板50,243.13022469666,55.4340275,False
2025-05-30,159995.SZ,华夏国证半导体芯片ETF,国证芯片,国证芯片,234.59274895055998,33.6948735,False
2025-05-30,159636.SZ,工银瑞信国证港股通科技ETF,国证港股通科技,国证港股通科技,214.51662000735,50.4860611,False
2025-05-30,510180.SH,华安上证180ETF,上证180,上证180,204.08628296199998,4.7432886,False
2025-05-30,159819.SZ,易方达中证人工智能主题ETF,中证CS人工智,中证CS人工智,158.77744242762,36.7981045,True
2025-05-30,159920.SZ,华夏恒生ETF(QDII),恒生指数,恒生指数,157.80442768637,53.7714799,False
2025-05-30,159928.SZ,汇添富中证主要消费ETF,中证800消费,中证800消费,136.010358128,22.9156696,False
2025-05-30,159992.SZ,银华中证创新药产业ETF,中证CS创新药,中证CS创新药,100.36351342647,57.574947900000005,False
2025-05-30,159509.SZ,景顺长城纳斯达克科技市值加权ETF(QDII),纳斯达克科技市值加权,纳斯达克科技市值加权,97.37163357012001,137.1543126,False
2025-05-30,510900.SH,易方达恒生中国企业ETF(QDII),恒生国企,恒生国企,90.811557834,21.6505395,False
2025-05-30,159781.SZ,易方达中证科创创业50ETF,科创创业50,科创创业50,81.04351779825001,3.5326834000000003,False
2025-05-30,510810.SH,汇添富中证上海国企ETF,中证上海国企,中证上海国企,76.59162015099999,0.18446220000000002,False
2025-05-30,159740.SZ,大成恒生科技ETF(QDII),恒生科技,恒生科技,72.43346868223999,106.4181531,False
2025-05-30,159593.SZ,平安中证A50ETF,中证A50,中证A50,70.066634856,12.781719,False
2025-05-30,159869.SZ,华夏中证动漫游戏ETF,中证动漫游戏,中证动漫游戏,63.22500078843001,35.8314246,False
2025-05-30,159901.SZ,易方达深证100ETF,深证100,深证100,62.90423259709999,9.2622336,False
2025-05-30,159841.SZ,天弘中证全指证券公司ETF,中证证券公司,中证证券公司,60.6692358789,11.0849987,False
2025-05-30,159770.SZ,天弘中证机器人ETF,中证机器人,中证机器人,53.548532997959995,17.8385551,False
2025-05-30,159938.SZ,广发中证全指医药卫生ETF,中证全指医药,中证全指医药,51.18107598276001,5.2315961,False
2025-06-30,510050.SH,华夏上证50ETF,上证50,上证50,1654.7957418689898,221.0764804,False
2025-06-30,510500.SH,南方中证500ETF,中证500,中证500,1133.69561463171,145.44327009999998,True
2025-06-30,159792.SZ,富国中证港股通互联网ETF,港股通互联网,港股通互联网,482.00511884745,159.65488910000002,False
2025-06-30,159845.SZ,华夏中证1000ETF,中证1000,中证1000,385.00405980448,37.2048929,False
2025-06-30,159995.SZ,华夏国证半导体芯片ETF,国证芯片,国证芯片,253.06220497379996,65.387953,False
2025-06-30,159949.SZ,华安创业板50ETF,深证创业板50,深证创业板50,252.38402634044996,72.3343498,False
2025-06-30,159636.SZ,工银瑞信国证港股通科技ETF,国证港股通科技,国证港股通科技,231.35367036914997,46.0388237,False
2025-06-30,510180.SH,华安上证180ETF,上证180,上证180,207.46633875116,6.5787507,False
2025-06-30,159819.SZ,易方达中证人工智能主题ETF,中证CS人工智,中证CS人工智,167.28069549261002,50.6985397,True
2025-06-30,159920.SZ,华夏恒生ETF(QDII),恒生指数,恒生指数,159.67185880995999,61.3286555,False
2025-06-30,159928.SZ,汇添富中证主要消费ETF,中证800消费,中证800消费,121.12175457760003,15.3863533,False
2025-06-30,159509.SZ,景顺长城纳斯达克科技市值加权ETF(QDII),纳斯达克科技市值加权,纳斯达克科技市值加权,106.10705743525999,247.3121867,False
2025-06-30,159992.SZ,银华中证创新药产业ETF,中证CS创新药,中证CS创新药,94.47911523864,36.4058663,False
2025-06-30,510900.SH,易方达恒生中国企业ETF(QDII),恒生国企,恒生国企,90.8777467575,20.0901521,False
2025-06-30,159781.SZ,易方达中证科创创业50ETF,科创创业50,科创创业50,84.41381037947001,11.2455993,False
2025-06-30,510810.SH,汇添富中证上海国企ETF,中证上海国企,中证上海国企,79.5288118495,0.46592749999999994,False
2025-06-30,159740.SZ,大成恒生科技ETF(QDII),恒生科技,恒生科技,78.8392551808,107.22977879999999,False
2025-06-30,159570.SZ,汇添富国证港股通创新药ETF,港股通创新药,港股通创新药,78.39634224402,181.7802168,False
2025-06-30,159869.SZ,华夏中证动漫游戏ETF,中证动漫游戏,中证动漫游戏,74.59467368941,125.63189069999999,False
2025-06-30,159593.SZ,平安中证A50ETF,中证A50,中证A50,67.3566062224,29.289817499999998,False
2025-06-30,159901.SZ,易方达深证100ETF,深证100,深证100,64.49328098619999,10.6831,False
2025-06-30,159770.SZ,天弘中证机器人ETF,中证机器人,中证机器人,57.81961493846,24.172224,False
2025-06-30,159851.SZ,华宝中证金融科技主题ETF,中证金融科技,中证金融科技,57.46761771876,64.2376802,False
2025-06-30,159841.SZ,天弘中证全指证券公司ETF,中证证券公司,中证证券公司,54.42276257414999,20.1908445,False
2025-06-30,159938.SZ,广发中证全指医药卫生ETF,中证全指医药,中证全指医药,50.67054762096001,9.0230231,False
2025-07-31,510050.SH,华夏上证50ETF,上证50,上证50,1677.0966285319998,274.9811736,False
2025-07-31,510500.SH,南方中证500ETF,中证500,中证500,1172.285324742,125.82291210000001,True
2025-07-31,159792.SZ,富国中证港股通互联网ETF,港股通互联网,港股通互联网,608.05655949462,300.2548772,False
2025-07-31,159845.SZ,华夏中证1000ETF,中证1000,中证1000,398.17294032409995,31.3724907,False
2025-07-31,159636.SZ,工银瑞信国证港股通科技ETF,国证港股通科技,国证港股通科技,269.44787321286003,60.5199882,False
2025-07-31,159995.SZ,华夏国证半导体芯片ETF,国证芯片,国证芯片,266.56954839584006,86.6651038,False
2025-07-31,159949.SZ,华安创业板50ETF,深证创业板50,深证创业板50,253.0477436865,159.21090560000002,False
2025-07-31,510180.SH,华安上证180ETF,上证180,上证180,206.741535286,8.5958662,False
2025-07-31,159819.SZ,易方达中证人工智能主题ETF,中证CS人工智,中证CS人工智,172.03486056823,119.5213985,True
2025-07-31,159920.SZ,华夏恒生ETF(QDII),恒生指数,恒生指数,157.50699368194,85.80120749999999,False
2025-07-31,159928.SZ,汇添富中证主要消费ETF,中证800消费,中证800消费,123.91066377200002,75.8315915,False
2025-07-31,159570.SZ,汇添富国证港股通创新药ETF,港股通创新药,港股通创新药,118.55680095492,396.9701799,False
2025-07-31,159509.SZ,景顺长城纳斯达克科技市值加权ETF(QDII),纳斯达克科技市值加权,纳斯达克科技市值加权,116.18222361226,170.8436249,False
2025-07-31,159992.SZ,银华中证创新药产业ETF,中证CS创新药,中证CS创新药,100.61421063291002,69.7557178,False
2025-07-31,159869.SZ,华夏中证动漫游戏ETF,中证动漫游戏,中证动漫游戏,90.29080794052001,70.5240132,False
2025-07-31,159740.SZ,大成恒生科技ETF(QDII),恒生科技,恒生科技,90.21363445248,251.1752818,False
2025-07-31,510900.SH,易方达恒生中国企业ETF(QDII),恒生国企,恒生国企,88.116732288,41.900389399999995,False
2025-07-31,159851.SZ,华宝中证金融科技主题ETF,中证金融科技,中证金融科技,86.69029676024,95.7559086,False
2025-07-31,159781.SZ,易方达中证科创创业50ETF,科创创业50,科创创业50,86.26400064597,17.7497354,False
2025-07-31,510810.SH,汇添富中证上海国企ETF,中证上海国企,中证上海国企,82.00327137100001,0.9009378,False
2025-07-31,159901.SZ,易方达深证100ETF,深证100,深证100,65.3668673812,20.6697323,False
2025-07-31,159770.SZ,天弘中证机器人ETF,中证机器人,中证机器人,64.38791828802,32.454865500000004,False
2025-07-31,159593.SZ,平安中证A50ETF,中证A50,中证A50,63.748581598800016,27.5691849,False
2025-07-31,159938.SZ,广发中证全指医药卫生ETF,中证全指医药,中证全指医药,58.1104273756,6.8255414000000005,False
2025-07-31,159841.SZ,天弘中证全指证券公司ETF,中证证券公司,中证证券公司,56.88944172990001,32.6275176,False
2025-07-31,159852.SZ,嘉实中证软件服务ETF,中证软件,中证软件,53.272355806920004,63.668327399999995,False
2025-08-29,510050.SH,华夏上证50ETF,上证50,上证50,1828.971158816,385.9689659,False
2025-08-29,510500.SH,南方中证500ETF,中证500,中证500,1333.379559726,248.61134339999998,True
2025-08-29,159792.SZ,富国中证港股通互联网ETF,港股通互联网,港股通互联网,756.49288593231,356.6733342,False
2025-08-29,159845.SZ,华夏中证1000ETF,中证1000,中证1000,447.80242949511995,36.573095,False
2025-08-29,159636.SZ,工银瑞信国证港股通科技ETF,国证港股通科技,国证港股通科技,302.63515598421,117.54121869999999,False
2025-08-29,159995.SZ,华夏国证半导体芯片ETF,国证芯片,国证芯片,278.1055877493,174.97576980000002,False
2025-08-29,159949.SZ,华安创业板50ETF,深证创业板50,深证创业板50,250.66929621646,315.0504062,False
2025-08-29,159819.SZ,易方达中证人工智能主题ETF,中证CS人工智,中证CS人工智,237.54314087071003,219.0122427,True
2025-08-29,510180.SH,华安上证180ETF,上证180,上证180,228.75669839000003,12.0677195,False
2025-08-29,159570.SZ,汇添富国证港股通创新药ETF,港股通创新药,港股通创新药,192.24599175456,432.42056909999997,False
2025-08-29,159928.SZ,汇添富中证主要消费ETF,中证800消费,中证800消费,177.9663566808,108.9063571,False
2025-08-29,159920.SZ,华夏恒生ETF(QDII),恒生指数,恒生指数,159.96330348669,67.879207,False
2025-08-29,159740.SZ,大成恒生科技ETF(QDII),恒生科技,恒生科技,124.35547420032002,276.160575,False
2025-08-29,159870.SZ,鹏华中证细分化工产业主题ETF,中证细分化工,中证细分化工,122.36992950128999,133.6820258,True
2025-08-29,159509.SZ,景顺长城纳斯达克科技市值加权ETF(QDII),纳斯达克科技市值加权,纳斯达克科技市值加权,119.52895310654,114.5877142,False
2025-08-29,159851.SZ,华宝中证金融科技主题ETF,中证金融科技,中证金融科技,118.37798668739998,175.8385687,False
2025-08-29,159992.SZ,银华中证创新药产业ETF,中证CS创新药,中证CS创新药,114.38841099801,94.6727149,False
2025-08-29,159781.SZ,易方达中证科创创业50ETF,科创创业50,科创创业50,105.22351334394999,94.8976184,False
2025-08-29,510900.SH,易方达恒生中国企业ETF(QDII),恒生国企,恒生国企,88.330555135,31.4801972,False
2025-08-29,510810.SH,汇添富中证上海国企ETF,中证上海国企,中证上海国企,86.671788276,0.6245409,False
2025-08-29,159770.SZ,天弘中证机器人ETF,中证机器人,中证机器人,79.86333203244,46.389640500000006,False
2025-08-29,159869.SZ,华夏中证动漫游戏ETF,中证动漫游戏,中证动漫游戏,79.45429219452001,45.1570509,False
2025-08-29,159901.SZ,易方达深证100ETF,深证100,深证100,74.1725053945,37.589087,False
2025-08-29,159841.SZ,天弘中证全指证券公司ETF,中证证券公司,中证证券公司,69.66631111859999,60.5310981,False
2025-08-29,159938.SZ,广发中证全指医药卫生ETF,中证全指医药,中证全指医药,67.6903191846,4.740984399999999,False
2025-08-29,159530.SZ,易方达国证机器人产业ETF,国证机器人产业,国证机器人产业,60.02219053922,34.7779154,False
2025-08-29,159593.SZ,平安中证A50ETF,中证A50,中证A50,59.940916361599996,28.963399900000002,False
2025-08-29,159852.SZ,嘉实中证软件服务ETF,中证软件,中证软件,56.253558013950006,69.151156,False
2025-08-29,159892.SZ,华夏恒生生物科技ETF(QDII),恒生生物科技,恒生生物科技,55.36702208196,162.2451496,False
2025-08-29,159736.SZ,天弘中证食品饮料ETF,中证CS食品饮,中证CS食品饮,53.830182094920005,3.3774989,False
2025-08-29,159755.SZ,广发国证新能源车电池ETF,国证新能电池,国证新能电池,50.6632150037,111.7234293,False
2025-08-29,510210.SH,富国上证综指ETF,上证综指,上证综指,50.301480516,55.0973162,True
2025-09-30,510050.SH,华夏上证50ETF,上证50,上证50,1804.4512021679998,172.7831432,False
2025-09-30,510500.SH,南方中证500ETF,中证500,中证500,1401.8851130340001,202.219596,True
2025-09-30,159792.SZ,富国中证港股通互联网ETF,港股通互联网,港股通互联网,977.0903510359001,280.9397443,False
2025-09-30,159845.SZ,华夏中证1000ETF,中证1000,中证1000,454.72207890720006,27.867690500000002,False
2025-09-30,159636.SZ,工银瑞信国证港股通科技ETF,国证港股通科技,国证港股通科技,408.82750721433,97.5841252,False
2025-09-30,159949.SZ,华安创业板50ETF,深证创业板50,深证创业板50,287.13903718680996,193.4437942,False
2025-09-30,159995.SZ,华夏国证半导体芯片ETF,国证芯片,国证芯片,286.42912970358,93.831413,False
2025-09-30,159819.SZ,易方达中证人工智能主题ETF,中证CS人工智,中证CS人工智,248.3901369026,118.61065500000001,True
2025-09-30,510180.SH,华安上证180ETF,上证180,上证180,237.31000301400005,3.9309286,False
2025-09-30,159570.SZ,汇添富国证港股通创新药ETF,港股通创新药,港股通创新药,222.86370398320003,267.417688,False
2025-09-30,159928.SZ,汇添富中证主要消费ETF,中证800消费,中证800消费,194.7714416784,60.9164876,False
2025-09-30,159870.SZ,鹏华中证细分化工产业主题ETF,中证细分化工,中证细分化工,182.33102588775003,78.64996090000001,True
2025-09-30,159920.SZ,华夏恒生ETF(QDII),恒生指数,恒生指数,163.70361185101999,75.25869329999999,False
2025-09-30,159740.SZ,大成恒生科技ETF(QDII),恒生科技,恒生科技,155.03233223936,319.2676475,False
2025-09-30,159755.SZ,广发国证新能源车电池ETF,国证新能电池,国证新能电池,141.33127181552,192.230539,False
2025-09-30,159509.SZ,景顺长城纳斯达克科技市值加权ETF(QDII),纳斯达克科技市值加权,纳斯达克科技市值加权,133.44365211315997,97.7599472,False
2025-09-30,159530.SZ,易方达国证机器人产业ETF,国证机器人产业,国证机器人产业,132.24216642441,61.6290522,False
2025-09-30,159992.SZ,银华中证创新药产业ETF,中证CS创新药,中证CS创新药,123.23831780489999,77.4478658,False
2025-09-30,159851.SZ,华宝中证金融科技主题ETF,中证金融科技,中证金融科技,120.89845145196,93.39241659999999,False
2025-09-30,159781.SZ,易方达中证科创创业50ETF,科创创业50,科创创业50,120.32330714091002,39.9342922,False
2025-09-30,159869.SZ,华夏中证动漫游戏ETF,中证动漫游戏,中证动漫游戏,105.35491895962001,55.9357248,False
2025-09-30,159841.SZ,天弘中证全指证券公司ETF,中证证券公司,中证证券公司,93.10726042425,54.6792776,False
2025-09-30,159770.SZ,天弘中证机器人ETF,中证机器人,中证机器人,90.08028522107999,41.0404004,False
2025-09-30,510900.SH,易方达恒生中国企业ETF(QDII),恒生国企,恒生国企,86.95329134100001,28.744449200000002,False
2025-09-30,510810.SH,汇添富中证上海国企ETF,中证上海国企,中证上海国企,79.88799282699999,1.0718125,False
2025-09-30,159516.SZ,国泰中证半导体材料设备主题ETF,半导体材料设备,半导体材料设备,78.42493159058999,145.095619,False
2025-09-30,159796.SZ,汇添富中证电池主题ETF,中证CS电池,中证CS电池,78.2832449835,111.7990523,False
2025-09-30,159901.SZ,易方达深证100ETF,深证100,深证100,77.30442271950001,22.4708269,False
2025-09-30,159938.SZ,广发中证全指医药卫生ETF,中证全指医药,中证全指医药,71.98933889112,2.5856498,False
2025-09-30,159892.SZ,华夏恒生生物科技ETF(QDII),恒生生物科技,恒生生物科技,60.51545115098,106.72970009999999,False
2025-09-30,159593.SZ,平安中证A50ETF,中证A50,中证A50,60.195498302400004,17.4304895,False
2025-09-30,159865.SZ,国泰中证畜牧养殖ETF,中证畜牧,中证畜牧,59.804715453270006,25.47028,False
2025-09-30,159736.SZ,天弘中证食品饮料ETF,中证CS食品饮,中证CS食品饮,54.9676400904,1.8539497,False
2025-09-30,159605.SZ,广发中证海外中国互联网30ETF(QDII),中证中国互联网30,中证中国互联网30,50.659077368649996,60.3212492,False
2025-10-31,510050.SH,华夏上证50ETF,上证50,上证50,1852.43203088,336.33117119999997,False
2025-10-31,510500.SH,南方中证500ETF,中证500,中证500,1368.177049096,179.32520549999998,True
2025-10-31,159792.SZ,富国中证港股通互联网ETF,港股通互联网,港股通互联网,882.38587593231,201.6847058,False
2025-10-31,159845.SZ,华夏中证1000ETF,中证1000,中证1000,446.49720696933997,29.7317121,False
2025-10-31,159636.SZ,工银瑞信国证港股通科技ETF,国证港股通科技,国证港股通科技,384.45578376762,103.79970300000001,False
2025-10-31,159995.SZ,华夏国证半导体芯片ETF,国证芯片,国证芯片,276.52542705589997,145.7904328,False
2025-10-31,159949.SZ,华安创业板50ETF,深证创业板50,深证创业板50,274.75754875969,258.7093701,False
2025-10-31,510180.SH,华安上证180ETF,上证180,上证180,234.498521279,15.431758799999999,False
2025-10-31,159819.SZ,易方达中证人工智能主题ETF,中证CS人工智,中证CS人工智,233.03181436479002,124.1067543,True
2025-10-31,159338.SZ,国泰中证A500ETF,中证A500,中证A500,221.87642263519996,398.666483,False
2025-10-31,159928.SZ,汇添富中证主要消费ETF,中证800消费,中证800消费,211.77726732239998,67.375783,False
2025-10-31,159570.SZ,汇添富国证港股通创新药ETF,港股通创新药,港股通创新药,205.48004581352,465.74690029999994,False
2025-10-31,159870.SZ,鹏华中证细分化工产业主题ETF,中证细分化工,中证细分化工,175.24873516851,97.1547582,True
2025-10-31,159740.SZ,大成恒生科技ETF(QDII),恒生科技,恒生科技,170.95754913023998,202.1994166,False
2025-10-31,159755.SZ,广发国证新能源车电池ETF,国证新能电池,国证新能电池,167.35077888060002,191.1330289,False
2025-10-31,159920.SZ,华夏恒生ETF(QDII),恒生指数,恒生指数,150.57875428057,48.806627299999995,False
2025-10-31,159509.SZ,景顺长城纳斯达克科技市值加权ETF(QDII),纳斯达克科技市值加权,纳斯达克科技市值加权,147.9392618904,122.0625699,False
2025-10-31,159530.SZ,易方达国证机器人产业ETF,国证机器人产业,国证机器人产业,129.60399317302,44.649173499999996,False
2025-10-31,159992.SZ,银华中证创新药产业ETF,中证CS创新药,中证CS创新药,125.61495082074,116.9420416,False
2025-10-31,159781.SZ,易方达中证科创创业50ETF,科创创业50,科创创业50,115.4686308503,45.5439401,False
2025-10-31,159851.SZ,华宝中证金融科技主题ETF,中证金融科技,中证金融科技,112.22059595867998,50.4347826,False
2025-10-31,159869.SZ,华夏中证动漫游戏ETF,中证动漫游戏,中证动漫游戏,110.52232195229001,73.0856313,False
2025-10-31,159841.SZ,天弘中证全指证券公司ETF,中证证券公司,中证证券公司,101.38672734705,51.009441100000004,False
2025-10-31,159796.SZ,汇添富中证电池主题ETF,中证CS电池,中证CS电池,96.80579238749999,126.4173956,False
2025-10-31,159770.SZ,天弘中证机器人ETF,中证机器人,中证机器人,94.80922142054,31.309192099999997,False
2025-10-31,510900.SH,易方达恒生中国企业ETF(QDII),恒生国企,恒生国企,81.408232143,27.3467447,False
2025-10-31,159865.SZ,国泰中证畜牧养殖ETF,中证畜牧,中证畜牧,78.96998355714,25.6440269,False
2025-10-31,159516.SZ,国泰中证半导体材料设备主题ETF,半导体材料设备,半导体材料设备,75.68081259829,86.2524231,False
2025-10-31,510810.SH,汇添富中证上海国企ETF,中证上海国企,中证上海国企,74.881588221,1.2732176,False
2025-10-31,159901.SZ,易方达深证100ETF,深证100,深证100,72.8118336038,12.562983299999999,False
2025-10-31,159938.SZ,广发中证全指医药卫生ETF,中证全指医药,中证全指医药,66.39624468616,2.6464152,False
2025-10-31,159593.SZ,平安中证A50ETF,中证A50,中证A50,62.25130085680001,11.539791000000001,False
2025-10-31,159892.SZ,华夏恒生生物科技ETF(QDII),恒生生物科技,恒生生物科技,61.38949843008,122.9418605,False
2025-10-31,159852.SZ,嘉实中证软件服务ETF,中证软件,中证软件,57.6560648574,79.6138446,False
2025-10-31,159736.SZ,天弘中证食品饮料ETF,中证CS食品饮,中证CS食品饮,56.51642036755,3.4148294999999997,False
2025-11-28,510050.SH,华夏上证50ETF,上证50,上证50,1804.0073704840001,183.3142674,False
2025-11-28,510500.SH,南方中证500ETF,中证500,中证500,1313.22304961,126.1276658,True
2025-11-28,159792.SZ,富国中证港股通互联网ETF,港股通互联网,港股通互联网,827.7426727901101,98.4157295,False
2025-11-28,159845.SZ,华夏中证1000ETF,中证1000,中证1000,446.53671032544,63.927370700000004,False
2025-11-28,159636.SZ,工银瑞信国证港股通科技ETF,国证港股通科技,国证港股通科技,366.17561082743003,48.7285855,False
2025-11-28,159995.SZ,华夏国证半导体芯片ETF,国证芯片,国证芯片,269.62642700942,61.7951652,False
2025-11-28,159949.SZ,华安创业板50ETF,深证创业板50,深证创业板50,251.18144843623998,102.1617567,False
2025-11-28,159570.SZ,汇添富国证港股通创新药ETF,港股通创新药,港股通创新药,240.5242291276,156.340224,False
2025-11-28,159361.SZ,易方达中证A500ETF,中证A500,中证A500,231.27601536151002,449.58787359999997,False
2025-11-28,159819.SZ,易方达中证人工智能主题ETF,中证CS人工智,中证CS人工智,228.51588264021998,59.4696755,True
2025-11-28,510180.SH,华安上证180ETF,上证180,上证180,228.353725692,3.095129,False
2025-11-28,159928.SZ,汇添富中证主要消费ETF,中证800消费,中证800消费,214.60015474160002,36.7184682,False
2025-11-28,159740.SZ,大成恒生科技ETF(QDII),恒生科技,恒生科技,184.46268011072,133.012555,False
2025-11-28,159870.SZ,鹏华中证细分化工产业主题ETF,中证细分化工,中证细分化工,169.21123943193,39.018031300000004,True
2025-11-28,159755.SZ,广发国证新能源车电池ETF,国证新能电池,国证新能电池,151.87822262586,64.82089520000001,False
2025-11-28,159509.SZ,景顺长城纳斯达克科技市值加权ETF(QDII),纳斯达克科技市值加权,纳斯达克科技市值加权,147.7217054786,89.6159418,False
2025-11-28,159920.SZ,华夏恒生ETF(QDII),恒生指数,恒生指数,143.67524039772,39.465987,False
2025-11-28,159992.SZ,银华中证创新药产业ETF,中证CS创新药,中证CS创新药,132.97057527309,38.200160100000005,False
2025-11-28,159530.SZ,易方达国证机器人产业ETF,国证机器人产业,国证机器人产业,118.10132218500999,41.6315183,False
2025-11-28,159869.SZ,华夏中证动漫游戏ETF,中证动漫游戏,中证动漫游戏,109.13523634816,45.3615963,False
2025-11-28,159781.SZ,易方达中证科创创业50ETF,科创创业50,科创创业50,109.07726384776,18.4703126,False
2025-11-28,159841.SZ,天弘中证全指证券公司ETF,中证证券公司,中证证券公司,105.75737796015,22.8400407,False
2025-11-28,159770.SZ,天弘中证机器人ETF,中证机器人,中证机器人,97.78094357808,24.961628899999997,False
2025-11-28,159851.SZ,华宝中证金融科技主题ETF,中证金融科技,中证金融科技,94.07958072323999,33.7146529,False
2025-11-28,159796.SZ,汇添富中证电池主题ETF,中证CS电池,中证CS电池,91.5847205595,32.8044192,False
2025-11-28,510900.SH,易方达恒生中国企业ETF(QDII),恒生国企,恒生国企,79.523808201,15.7110546,False
2025-11-28,159865.SZ,国泰中证畜牧养殖ETF,中证畜牧,中证畜牧,77.4109162176,10.4514058,False
2025-11-28,159901.SZ,易方达深证100ETF,深证100,深证100,68.621117141,25.9400526,False
2025-11-28,510810.SH,汇添富中证上海国企ETF,中证上海国企,中证上海国企,67.104529481,0.2454027,False
2025-11-28,159938.SZ,广发中证全指医药卫生ETF,中证全指医药,中证全指医药,65.18520384300001,1.8206061000000002,False
2025-11-28,510210.SH,富国上证综指ETF,上证综指,上证综指,62.740822441999995,46.8428254,True
2025-11-28,159892.SZ,华夏恒生生物科技ETF(QDII),恒生生物科技,恒生生物科技,61.43998650744,68.7760945,False
2025-11-28,159516.SZ,国泰中证半导体材料设备主题ETF,半导体材料设备,半导体材料设备,60.78146660109,54.295159999999996,False
2025-11-28,159593.SZ,平安中证A50ETF,中证A50,中证A50,59.6592120448,33.2282429,False
2025-11-28,159736.SZ,天弘中证食品饮料ETF,中证CS食品饮,中证CS食品饮,56.17322036755,1.635291,False
2025-11-28,159852.SZ,嘉实中证软件服务ETF,中证软件,中证软件,55.95803067744001,23.2156949,False
2025-12-31,510050.SH,华夏上证50ETF,上证50,上证50,1759.43790414,283.3025366,False
2025-12-31,510500.SH,南方中证500ETF,中证500,中证500,1446.619465368,338.66839530000004,True
2025-12-31,159792.SZ,富国中证港股通互联网ETF,港股通互联网,港股通互联网,785.96982964791,160.9096107,False
2025-12-31,159845.SZ,华夏中证1000ETF,中证1000,中证1000,503.26308997992,132.8491828,False
2025-12-31,159352.SZ,南方中证A500ETF,中证A500,中证A500,467.13309470278006,1126.9780205,False
2025-12-31,159636.SZ,工银瑞信国证港股通科技ETF,国证港股通科技,国证港股通科技,344.68172285106,55.0613482,False
2025-12-31,159949.SZ,华安创业板50ETF,深证创业板50,深证创业板50,296.34534941986,187.9066823,False
2025-12-31,159995.SZ,华夏国证半导体芯片ETF,国证芯片,国证芯片,251.32641526392,62.589266599999995,False
2025-12-31,510180.SH,华安上证180ETF,上证180,上证180,232.593528199,9.4605783,False
2025-12-31,159819.SZ,易方达中证人工智能主题ETF,中证CS人工智,中证CS人工智,217.31771852908005,57.2624324,True
2025-12-31,159570.SZ,汇添富国证港股通创新药ETF,港股通创新药,港股通创新药,212.43797210112,87.2139364,False
2025-12-31,159928.SZ,汇添富中证主要消费ETF,中证800消费,中证800消费,209.51558828720002,32.8250965,False
2025-12-31,159740.SZ,大成恒生科技ETF(QDII),恒生科技,恒生科技,183.31710602111997,127.4554679,False
2025-12-31,159870.SZ,鹏华中证细分化工产业主题ETF,中证细分化工,中证细分化工,169.58420183656,56.8952953,True
2025-12-31,159530.SZ,易方达国证机器人产业ETF,国证机器人产业,国证机器人产业,149.58538486033999,122.48902819999999,False
2025-12-31,159509.SZ,景顺长城纳斯达克科技市值加权ETF(QDII),纳斯达克科技市值加权,纳斯达克科技市值加权,149.52701830220002,53.54820350000001,False
2025-12-31,159755.SZ,广发国证新能源车电池ETF,国证新能电池,国证新能电池,141.6428201822,36.3526704,False
2025-12-31,159920.SZ,华夏恒生ETF(QDII),恒生指数,恒生指数,136.56397467106999,26.1951726,False
2025-12-31,159869.SZ,华夏中证动漫游戏ETF,中证动漫游戏,中证动漫游戏,126.2459826288,42.8395868,False
2025-12-31,159992.SZ,银华中证创新药产业ETF,中证CS创新药,中证CS创新药,125.10356991327,47.287704,False
2025-12-31,159781.SZ,易方达中证科创创业50ETF,科创创业50,科创创业50,118.64018108761,25.7658916,False
2025-12-31,159770.SZ,天弘中证机器人ETF,中证机器人,中证机器人,108.7767008891,55.8584462,False
2025-12-31,159842.SZ,银华中证全指证券公司ETF,中证证券公司,中证证券公司,101.88940476281,81.6898914,False
2025-12-31,159851.SZ,华宝中证金融科技主题ETF,中证金融科技,中证金融科技,100.98750717504,46.9655582,False
2025-12-31,159796.SZ,汇添富中证电池主题ETF,中证CS电池,中证CS电池,93.85433134099999,20.3782997,False
2025-12-31,159516.SZ,国泰中证半导体材料设备主题ETF,半导体材料设备,半导体材料设备,88.09897359199,80.33974070000001,False
2025-12-31,510900.SH,易方达恒生中国企业ETF(QDII),恒生国企,恒生国企,78.12425944099999,16.3436387,False
2025-12-31,159901.SZ,易方达深证100ETF,深证100,深证100,70.36332178359999,19.020562100000003,False
2025-12-31,510810.SH,汇添富中证上海国企ETF,中证上海国企,中证上海国企,67.56780122100001,0.47307730000000003,False
2025-12-31,159938.SZ,广发中证全指医药卫生ETF,中证全指医药,中证全指医药,61.14921636164,2.0788094,False
2025-12-31,159852.SZ,嘉实中证软件服务ETF,中证软件,中证软件,60.71867067744001,37.6736094,False
2025-12-31,159865.SZ,国泰中证畜牧养殖ETF,中证畜牧,中证畜牧,59.46200520829001,9.6777496,False
2025-12-31,510210.SH,富国上证综指ETF,上证综指,上证综指,58.767990592000004,30.523972999999998,True
2025-12-31,159593.SZ,平安中证A50ETF,中证A50,中证A50,55.969263896399994,9.073020600000001,False
2025-12-31,159892.SZ,华夏恒生生物科技ETF(QDII),恒生生物科技,恒生生物科技,55.055556446759994,41.2568647,False
2025-12-31,159766.SZ,富国中证旅游主题ETF,中证旅游,中证旅游,54.499425390670005,47.7176591,False
2025-12-31,159736.SZ,天弘中证食品饮料ETF,中证CS食品饮,中证CS食品饮,54.11438597502001,1.8715324,False
2026-01-30,510500.SH,南方中证500ETF,中证500,中证500,1063.99438984,1075.6242144999999,True
2026-01-30,159792.SZ,富国中证港股通互联网ETF,港股通互联网,港股通互联网,906.5565127901101,188.2995574,False
2026-01-30,510050.SH,华夏上证50ETF,上证50,上证50,804.2525691960001,360.6714962,False
2026-01-30,159352.SZ,南方中证A500ETF,中证A500,中证A500,439.75074066308,781.0968234000001,False
2026-01-30,159636.SZ,工银瑞信国证港股通科技ETF,国证港股通科技,国证港股通科技,371.69321321286003,41.1598782,False
2026-01-30,159870.SZ,鹏华中证细分化工产业主题ETF,中证细分化工,中证细分化工,337.06763243442003,224.08508700000002,True
2026-01-30,159995.SZ,华夏国证半导体芯片ETF,国证芯片,国证芯片,277.23051642059994,140.7443265,False
2026-01-30,159819.SZ,易方达中证人工智能主题ETF,中证CS人工智,中证CS人工智,264.18144628554,96.34422099999999,True
2026-01-30,159570.SZ,汇添富国证港股通创新药ETF,港股通创新药,港股通创新药,245.41994621484,166.5908284,False
2026-01-30,159949.SZ,华安创业板50ETF,深证创业板50,深证创业板50,241.90841123201,184.2346001,False
2026-01-30,510180.SH,华安上证180ETF,上证180,上证180,234.166753591,10.1163981,False
2026-01-30,159928.SZ,汇添富中证主要消费ETF,中证800消费,中证800消费,229.7794139312,86.0212741,False
2026-01-30,159516.SZ,国泰中证半导体材料设备主题ETF,半导体材料设备,半导体材料设备,207.98863177113,180.7068751,False
2026-01-30,159740.SZ,大成恒生科技ETF(QDII),恒生科技,恒生科技,195.15022890624,159.24902360000002,False
2026-01-30,159326.SZ,华夏中证电网设备主题ETF,电网设备主题,电网设备主题,170.29658030625,128.65126740000002,True
2026-01-30,159845.SZ,华夏中证1000ETF,中证1000,中证1000,163.84309614036002,212.8642002,False
2026-01-30,159530.SZ,易方达国证机器人产业ETF,国证机器人产业,国证机器人产业,163.31182383146998,84.519651,False
2026-01-30,159992.SZ,银华中证创新药产业ETF,中证CS创新药,中证CS创新药,152.46891459846,70.6788407,False
2026-01-30,159852.SZ,嘉实中证软件服务ETF,中证软件,中证软件,146.60752229265998,162.5381918,False
2026-01-30,159509.SZ,景顺长城纳斯达克科技市值加权ETF(QDII),纳斯达克科技市值加权,纳斯达克科技市值加权,144.59229572544,40.0091622,False
2026-01-30,159869.SZ,华夏中证动漫游戏ETF,中证动漫游戏,中证动漫游戏,144.1348058193,86.3194341,False
2026-01-30,159755.SZ,广发国证新能源车电池ETF,国证新能电池,国证新能电池,134.67966257268003,76.7439394,False
2026-01-30,159920.SZ,华夏恒生ETF(QDII),恒生指数,恒生指数,134.19030033693,79.3851612,False
2026-01-30,159781.SZ,易方达中证科创创业50ETF,科创创业50,科创创业50,118.28617832746001,35.8429015,False
2026-01-30,159842.SZ,银华中证全指证券公司ETF,中证证券公司,中证证券公司,108.27863714291998,43.6629346,False
2026-01-30,159851.SZ,华宝中证金融科技主题ETF,中证金融科技,中证金融科技,107.00972909207998,52.1198723,False
2026-01-30,159770.SZ,天弘中证机器人ETF,中证机器人,中证机器人,97.99547125961999,44.8593778,False
2026-01-30,159796.SZ,汇添富中证电池主题ETF,中证CS电池,中证CS电池,82.91651237399999,30.955882900000002,False
2026-01-30,159766.SZ,富国中证旅游主题ETF,中证旅游,中证旅游,77.77819488474,30.593972100000002,False
2026-01-30,510900.SH,易方达恒生中国企业ETF(QDII),恒生国企,恒生国企,76.33465798199998,32.4743151,False
2026-01-30,159652.SZ,汇添富中证细分有色金属产业主题ETF,中证细分有色,中证细分有色,69.67034300027001,91.6705145,False
2026-01-30,159901.SZ,易方达深证100ETF,深证100,深证100,67.0222748654,25.4596873,False
2026-01-30,159892.SZ,华夏恒生生物科技ETF(QDII),恒生生物科技,恒生生物科技,66.75097073951999,84.8538353,False
2026-01-30,159363.SZ,华宝创业板人工智能ETF,创业板人工智能,创业板人工智能,64.92600092296,91.5621623,False
2026-01-30,159883.SZ,永赢中证全指医疗器械ETF,中证医疗器械,中证医疗器械,64.16135337773001,19.036564600000002,False
2026-01-30,510210.SH,富国上证综指ETF,上证综指,上证综指,62.869191484,76.1508199,True
2026-01-30,510810.SH,汇添富中证上海国企ETF,中证上海国企,中证上海国企,56.41658696099999,0.43890569999999995,False
2026-01-30,159608.SZ,广发中证稀有金属主题ETF,中证CS稀金属,中证CS稀金属,55.160665999920006,46.9568842,False
2026-01-30,159736.SZ,天弘中证食品饮料ETF,中证CS食品饮,中证CS食品饮,54.41310991959,4.6887443,False
2026-01-30,159938.SZ,广发中证全指医药卫生ETF,中证全指医药,中证全指医药,53.6716437576,3.3119233,False
2026-01-30,159593.SZ,平安中证A50ETF,中证A50,中证A50,53.1485256588,7.5356009,False
2026-02-27,510500.SH,南方中证500ETF,中证500,中证500,900.2053145819999,418.0916149,True
2026-02-27,159792.SZ,富国中证港股通互联网ETF,港股通互联网,港股通互联网,789.0123966391201,271.8121924,False
2026-02-27,510050.SH,华夏上证50ETF,上证50,上证50,739.853278164,174.019693,False
2026-02-27,159352.SZ,南方中证A500ETF,中证A500,中证A500,420.4327328726,726.121403,False
2026-02-27,159870.SZ,鹏华中证细分化工产业主题ETF,中证细分化工,中证细分化工,359.88041952278,134.16677479999998,True
2026-02-27,159636.SZ,工银瑞信国证港股通科技ETF,国证港股通科技,国证港股通科技,332.15165234453997,37.3220521,False
2026-02-27,159995.SZ,华夏国证半导体芯片ETF,国证芯片,国证芯片,278.74061417772,83.9243686,False
2026-02-27,159819.SZ,易方达中证人工智能主题ETF,中证CS人工智,中证CS人工智,264.29375456097,40.2962236,True
2026-02-27,159570.SZ,汇添富国证港股通创新药ETF,港股通创新药,港股通创新药,240.90972972958,133.00247679999998,False
2026-02-27,510180.SH,华安上证180ETF,上证180,上证180,236.04291032400002,5.3334286,False
2026-02-27,159949.SZ,华安创业板50ETF,深证创业板50,深证创业板50,230.15331354923998,111.65513600000001,False
2026-02-27,159326.SZ,华夏中证电网设备主题ETF,电网设备主题,电网设备主题,219.97500880825004,242.9370586,True
2026-02-27,159928.SZ,汇添富中证主要消费ETF,中证800消费,中证800消费,219.45387506,30.9693251,False
2026-02-27,159516.SZ,国泰中证半导体材料设备主题ETF,半导体材料设备,半导体材料设备,218.49568936665003,155.8029736,False
2026-02-27,159740.SZ,大成恒生科技ETF(QDII),恒生科技,恒生科技,197.67238134336,163.2726702,False
2026-02-27,159530.SZ,易方达国证机器人产业ETF,国证机器人产业,国证机器人产业,174.84747901668,79.4512601,False
2026-02-27,159992.SZ,银华中证创新药产业ETF,中证CS创新药,中证CS创新药,147.60474160374,26.600292700000004,False
2026-02-27,159509.SZ,景顺长城纳斯达克科技市值加权ETF(QDII),纳斯达克科技市值加权,纳斯达克科技市值加权,138.86385673688,33.164829,False
2026-02-27,159852.SZ,嘉实中证软件服务ETF,中证软件,中证软件,129.81852503004,73.89673590000001,False
2026-02-27,159755.SZ,广发国证新能源车电池ETF,国证新能电池,国证新能电池,126.50711420600003,46.4115149,False
2026-02-27,159920.SZ,华夏恒生ETF(QDII),恒生指数,恒生指数,126.42463566020001,45.547438299999996,False
2026-02-27,159869.SZ,华夏中证动漫游戏ETF,中证动漫游戏,中证动漫游戏,126.41285586659001,93.62699350000001,False
2026-02-27,159845.SZ,华夏中证1000ETF,中证1000,中证1000,125.75423240392001,255.96266660000003,False
2026-02-27,159781.SZ,易方达中证科创创业50ETF,科创创业50,科创创业50,115.37484622086001,18.021151500000002,False
2026-02-27,159842.SZ,银华中证全指证券公司ETF,中证证券公司,中证证券公司,109.35998200410002,26.087194399999998,False
2026-02-27,159770.SZ,天弘中证机器人ETF,中证机器人,中证机器人,105.44507056726,26.974011700000002,False
2026-02-27,159851.SZ,华宝中证金融科技主题ETF,中证金融科技,中证金融科技,105.28934334095999,33.029007400000005,False
2026-02-27,159796.SZ,汇添富中证电池主题ETF,中证CS电池,中证CS电池,84.93517796350001,24.9656537,False
2026-02-27,159766.SZ,富国中证旅游主题ETF,中证旅游,中证旅游,78.84571746325001,19.8706196,False
2026-02-27,510210.SH,富国上证综指ETF,上证综指,上证综指,70.767560374,27.9086975,True
2026-02-27,159363.SZ,华宝创业板人工智能ETF,创业板人工智能,创业板人工智能,67.31490393055999,52.0139895,False
2026-02-27,159652.SZ,汇添富中证细分有色金属产业主题ETF,中证细分有色,中证细分有色,66.74433517247,29.8638495,False
2026-02-27,159883.SZ,永赢中证全指医疗器械ETF,中证医疗器械,中证医疗器械,66.67209489145,26.012072,False
2026-02-27,159901.SZ,易方达深证100ETF,深证100,深证100,65.12938045419999,22.4311699,False
2026-02-27,159892.SZ,华夏恒生生物科技ETF(QDII),恒生生物科技,恒生生物科技,64.70058689424,92.8236943,False
2026-02-27,510900.SH,易方达恒生中国企业ETF(QDII),恒生国企,恒生国企,62.85570243299999,25.591635999999998,False
2026-02-27,159608.SZ,广发中证稀有金属主题ETF,中证CS稀金属,中证CS稀金属,59.585659615420006,31.956806699999998,False
2026-02-27,510810.SH,汇添富中证上海国企ETF,中证上海国企,中证上海国企,55.56146078,0.056735799999999996,False
2026-02-27,159736.SZ,天弘中证食品饮料ETF,中证CS食品饮,中证CS食品饮,53.55538652932,4.3416999,False
2026-02-27,159938.SZ,广发中证全指医药卫生ETF,中证全指医药,中证全指医药,52.34596106816001,1.7350719000000001,False
2026-02-27,159593.SZ,平安中证A50ETF,中证A50,中证A50,51.847226936000006,4.2271163,False
2026-03-31,510500.SH,南方中证500ETF,中证500,中证500,725.0115655379999,286.0807126,True
2026-03-31,510050.SH,华夏上证50ETF,上证50,上证50,668.1177905360001,175.8374966,False
2026-03-31,159792.SZ,富国中证港股通互联网ETF,港股通互联网,港股通互联网,623.63606140212,285.0772306,False
2026-03-31,159352.SZ,南方中证A500ETF,中证A500,中证A500,366.98119028374003,720.248386,False
2026-03-31,159326.SZ,华夏中证电网设备主题ETF,电网设备主题,电网设备主题,302.79528566,125.57912379999999,True
2026-03-31,159636.SZ,工银瑞信国证港股通科技ETF,国证港股通科技,国证港股通科技,296.28707162094,68.2972251,False
2026-03-31,159870.SZ,鹏华中证细分化工产业主题ETF,中证细分化工,中证细分化工,269.91970285473,98.0327684,True
2026-03-31,159570.SZ,汇添富国证港股通创新药ETF,港股通创新药,港股通创新药,238.63939138662,338.98980129999995,False
2026-03-31,159995.SZ,华夏国证半导体芯片ETF,国证芯片,国证芯片,229.99984832726,80.9623618,False
2026-03-31,159819.SZ,易方达中证人工智能主题ETF,中证CS人工智,中证CS人工智,221.57063345346,36.7838056,True
2026-03-31,510180.SH,华安上证180ETF,上证180,上证180,215.90483876,7.4027065,False
2026-03-31,159949.SZ,华安创业板50ETF,深证创业板50,深证创业板50,205.38172024838997,132.6505221,False
2026-03-31,159928.SZ,汇添富中证主要消费ETF,中证800消费,中证800消费,200.9382674768,59.561877800000005,False
2026-03-31,159516.SZ,国泰中证半导体材料设备主题ETF,半导体材料设备,半导体材料设备,193.40832408533998,149.2017769,False
2026-03-31,159740.SZ,大成恒生科技ETF(QDII),恒生科技,恒生科技,182.56661546112,202.8232958,False
2026-03-31,159206.SZ,永赢国证商用卫星通信产业ETF,卫星通信,卫星通信,175.4361398495,140.8004153,False
2026-03-31,159992.SZ,银华中证创新药产业ETF,中证CS创新药,中证CS创新药,151.76708597939998,73.08091069999999,False
2026-03-31,159530.SZ,易方达国证机器人产业ETF,国证机器人产业,国证机器人产业,138.21789523009,36.2087135,False
2026-03-31,159509.SZ,景顺长城纳斯达克科技市值加权ETF(QDII),纳斯达克科技市值加权,纳斯达克科技市值加权,126.55532234795999,30.058893400000002,False
2026-03-31,159755.SZ,广发国证新能源车电池ETF,国证新能电池,国证新能电池,117.72910425918,86.172948,False
2026-03-31,159920.SZ,华夏恒生ETF(QDII),恒生指数,恒生指数,108.27176525681999,38.6521621,False
2026-03-31,159841.SZ,天弘中证全指证券公司ETF,中证证券公司,中证证券公司,104.25004687845001,20.235765100000002,False
2026-03-31,159781.SZ,易方达中证科创创业50ETF,科创创业50,科创创业50,103.04664711171999,24.377021,False
2026-03-31,159852.SZ,嘉实中证软件服务ETF,中证软件,中证软件,89.62271171328001,21.2914816,False
2026-03-31,510210.SH,富国上证综指ETF,上证综指,上证综指,89.319575184,57.71626800000001,True
2026-03-31,159869.SZ,华夏中证动漫游戏ETF,中证动漫游戏,中证动漫游戏,85.22827726401,30.394687800000003,False
2026-03-31,159770.SZ,天弘中证机器人ETF,中证机器人,中证机器人,81.14983373899999,12.967660799999999,False
2026-03-31,159566.SZ,易方达国证新能源电池ETF,国证新能源电池,国证新能源电池,75.41852299071999,90.4203949,False
2026-03-31,159796.SZ,汇添富中证电池主题ETF,中证CS电池,中证CS电池,75.25713523499999,30.1957347,False
2026-03-31,159851.SZ,华宝中证金融科技主题ETF,中证金融科技,中证金融科技,73.50396520192,15.464699900000001,False
2026-03-31,159845.SZ,华夏中证1000ETF,中证1000,中证1000,71.36466956475999,120.92382860000001,False
2026-03-31,159611.SZ,广发中证全指电力公用事业ETF,中证电力指数,中证电力指数,68.147342787,59.1143024,True
2026-03-31,159901.SZ,易方达深证100ETF,深证100,深证100,61.8651749214,25.726254,False
2026-03-31,159892.SZ,华夏恒生生物科技ETF(QDII),恒生生物科技,恒生生物科技,59.68948708764,125.1380281,False
2026-03-31,159766.SZ,富国中证旅游主题ETF,中证旅游,中证旅游,56.3083585484,18.3272227,False
2026-03-31,159883.SZ,永赢中证全指医疗器械ETF,中证医疗器械,中证医疗器械,55.94898164639999,18.872971,False
2026-03-31,159363.SZ,华宝创业板人工智能ETF,创业板人工智能,创业板人工智能,54.70035701416,53.924669900000005,False
2026-03-31,159938.SZ,广发中证全指医药卫生ETF,中证全指医药,中证全指医药,52.02204762096,5.428683,False
2026-03-31,510810.SH,汇添富中证上海国企ETF,中证上海国企,中证上海国企,51.42390519,0.6705247999999999,False
2026-03-31,159736.SZ,天弘中证食品饮料ETF,中证CS食品饮,中证CS食品饮,51.217428192220005,7.9497988,False
2026-03-31,159608.SZ,广发中证稀有金属主题ETF,中证CS稀金属,中证CS稀金属,50.84584335636,12.1074418,False
2026-04-30,510500.SH,南方中证500ETF,中证500,中证500,630.27473298,654.664085,True
2026-04-30,159792.SZ,富国中证港股通互联网ETF,港股通互联网,港股通互联网,592.5537300879,167.2657006,False
2026-04-30,510050.SH,华夏上证50ETF,上证50,上证50,527.7285594159999,535.0037813,False
2026-04-30,159352.SZ,南方中证A500ETF,中证A500,中证A500,331.92566915196005,525.0470897,False
2026-04-30,159326.SZ,华夏中证电网设备主题ETF,电网设备主题,电网设备主题,326.19020384025004,131.1444659,True
2026-04-30,159570.SZ,汇添富国证港股通创新药ETF,港股通创新药,港股通创新药,304.24815944377997,167.0629299,False
2026-04-30,159636.SZ,工银瑞信国证港股通科技ETF,国证港股通科技,国证港股通科技,293.1852067536,50.9078639,False
2026-04-30,159870.SZ,鹏华中证细分化工产业主题ETF,中证细分化工,中证细分化工,285.78954703145,85.3762902,True
2026-04-30,159995.SZ,华夏国证半导体芯片ETF,国证芯片,国证芯片,266.01073911438,128.944678,False
2026-04-30,159819.SZ,易方达中证人工智能主题ETF,中证CS人工智,中证CS人工智,237.29983418503002,66.0571652,True
2026-04-30,159206.SZ,永赢国证商用卫星通信产业ETF,卫星通信,卫星通信,232.243941916,189.2704322,False
2026-04-30,510180.SH,华安上证180ETF,上证180,上证180,225.666063199,8.337284299999999,False
2026-04-30,159516.SZ,国泰中证半导体材料设备主题ETF,半导体材料设备,半导体材料设备,224.10675885929996,185.4982265,False
2026-04-30,159949.SZ,华安创业板50ETF,深证创业板50,深证创业板50,218.25294013766995,178.44606159999998,False
2026-04-30,159740.SZ,大成恒生科技ETF(QDII),恒生科技,恒生科技,193.92725557312,134.27736370000002,False
2026-04-30,159928.SZ,汇添富中证主要消费ETF,中证800消费,中证800消费,186.5455389288,36.5906977,False
2026-04-30,159509.SZ,景顺长城纳斯达克科技市值加权ETF(QDII),纳斯达克科技市值加权,纳斯达克科技市值加权,158.65267626728,87.17623090000001,False
2026-04-30,159755.SZ,广发国证新能源车电池ETF,国证新能电池,国证新能电池,156.39015497580002,132.9289997,False
2026-04-30,159992.SZ,银华中证创新药产业ETF,中证CS创新药,中证CS创新药,152.52135497412,57.41770770000001,False
2026-04-30,159530.SZ,易方达国证机器人产业ETF,国证机器人产业,国证机器人产业,146.19829300824,45.1006133,False
2026-04-30,159781.SZ,易方达中证科创创业50ETF,科创创业50,科创创业50,121.23917980970002,28.0152051,False
2026-04-30,159920.SZ,华夏恒生ETF(QDII),恒生指数,恒生指数,111.18940927412999,35.6478549,False
2026-04-30,159841.SZ,天弘中证全指证券公司ETF,中证证券公司,中证证券公司,106.44117257234998,29.0487879,False
2026-04-30,159869.SZ,华夏中证动漫游戏ETF,中证动漫游戏,中证动漫游戏,95.87352272338,45.0170415,False
2026-04-30,159852.SZ,嘉实中证软件服务ETF,中证软件,中证软件,91.72915999931001,27.7467631,False
2026-04-30,159770.SZ,天弘中证机器人ETF,中证机器人,中证机器人,84.19537817578,17.6146042,False
2026-04-30,159845.SZ,华夏中证1000ETF,中证1000,中证1000,78.16411022366,196.5110674,False
2026-04-30,159796.SZ,汇添富中证电池主题ETF,中证CS电池,中证CS电池,77.270207209,64.59694710000001,False
2026-04-30,159566.SZ,易方达国证新能源电池ETF,国证新能源电池,国证新能源电池,74.05378718976,50.7321088,False
2026-04-30,159851.SZ,华宝中证金融科技主题ETF,中证金融科技,中证金融科技,74.04762794855999,22.3874578,False
2026-04-30,159363.SZ,华宝创业板人工智能ETF,创业板人工智能,创业板人工智能,70.27818535836,85.9490942,False
2026-04-30,159901.SZ,易方达深证100ETF,深证100,深证100,69.2296574697,33.7226829,False
2026-04-30,159611.SZ,广发中证全指电力公用事业ETF,中证电力指数,中证电力指数,68.51830893200001,44.301055,True
2026-04-30,510210.SH,富国上证综指ETF,上证综指,上证综指,67.948867632,51.5744161,True
2026-04-30,159865.SZ,国泰中证畜牧养殖ETF,中证畜牧,中证畜牧,66.79306141603,30.5627935,False
2026-04-30,159892.SZ,华夏恒生生物科技ETF(QDII),恒生生物科技,恒生生物科技,58.00355772852,42.886163,False
2026-04-30,159608.SZ,广发中证稀有金属主题ETF,中证CS稀金属,中证CS稀金属,56.28995098506,23.796309400000002,False
2026-04-30,159883.SZ,永赢中证全指医疗器械ETF,中证医疗器械,中证医疗器械,53.144220889539994,6.0701414,False
2026-04-30,510810.SH,汇添富中证上海国企ETF,中证上海国企,中证上海国企,51.955876623,0.48686850000000004,False
2026-04-30,159736.SZ,天弘中证食品饮料ETF,中证CS食品饮,中证CS食品饮,51.445371859640005,2.5925266,False
2026-05-29,588000.SH,华夏上证科创板50成份ETF,科创50,科创50,624.722641608,865.4625507999999,True
2026-05-29,512880.SH,国泰中证全指证券公司ETF,中证证券公司,中证证券公司,538.051391195,284.6651872,True
2026-05-29,513180.SH,华夏恒生科技ETF(QDII),恒生科技,恒生科技,491.8507089,431.22111670000004,True
2026-05-29,159792.SZ,富国中证港股通互联网ETF,港股通互联网,港股通互联网,486.46713128859,356.51914167999996,False
2026-05-29,588200.SH,嘉实上证科创板芯片ETF,上证科创芯片,上证科创芯片,469.941527528,715.4291675,True
2026-05-29,513050.SH,易方达中证海外中国互联网50ETF(QDII),中国互联网50,中国互联网50,372.010644027,242.00664759999998,True
2026-05-29,510500.SH,南方中证500ETF,中证500,中证500,366.001398898,279.1724835,True
2026-05-29,515880.SH,国泰中证全指通信设备ETF,中证通信设备,中证通信设备,336.8317533,492.7472186,True
2026-05-29,563360.SH,华泰柏瑞中证A500ETF,中证A500,中证A500,317.34846763200005,450.47421160000005,True
2026-05-29,513330.SH,华夏恒生互联网科技业ETF(QDII),恒生互联网科技业,恒生互联网科技业,300.743046,301.4442862,False
2026-05-29,159326.SZ,华夏中证电网设备主题ETF,电网设备主题,电网设备主题,296.89266981500003,144.08143538,True
2026-05-29,159995.SZ,华夏国证半导体芯片ETF,国证芯片,国证芯片,279.78819847946,150.5035656,False
2026-05-29,159636.SZ,工银瑞信国证港股通科技ETF,国证港股通科技,国证港股通科技,264.63508145210005,68.73698168,False
2026-05-29,512170.SH,华宝中证医疗ETF,中证医疗,中证医疗,259.896484575,57.6228914,False
2026-05-29,512400.SH,南方中证申万有色金属ETF,中证有色金属,中证有色金属,258.56529135,99.3563687,True
2026-05-29,513500.SH,博时标普500ETF(QDII),标普500,标普500,253.95199900199998,41.9622616,True
2026-05-29,159949.SZ,华安创业板50ETF,深证创业板50,深证创业板50,246.79977747045,375.371506,False
2026-05-29,159819.SZ,易方达中证人工智能主题ETF,中证CS人工智,中证CS人工智,240.67123988592002,91.56917532,True
2026-05-29,159570.SZ,汇添富国证港股通创新药ETF,港股通创新药,港股通创新药,240.61987653102,384.32526845,False
2026-05-29,159516.SZ,国泰中证半导体材料设备主题ETF,半导体材料设备,半导体材料设备,235.62257423088002,309.8796562,False
2026-05-29,513120.SH,广发中证香港创新药ETF(QDII),中证港股创新药,中证港股创新药,235.067107002,765.7051638,True
2026-05-29,510050.SH,华夏上证50ETF,上证50,上证50,234.091677996,188.98966380000002,False
2026-05-29,510180.SH,华安上证180ETF,上证180,上证180,199.583027622,23.3723511,False
2026-05-29,513090.SH,易方达中证香港证券投资主题ETF,中证香港证券,中证香港证券,197.20036439999998,871.8764348,False
2026-05-29,512480.SH,国联安中证全指半导体产品与设备ETF,中证半导体,中证半导体,190.53367776000002,251.5124035,False
2026-05-29,159206.SZ,永赢国证商用卫星通信产业ETF,卫星通信,卫星通信,188.00883518599997,265.1042737,False
2026-05-29,513750.SH,广发中证港股通非银行金融主题ETF,港股通非银CNY,港股通非银CNY,186.58139302,77.6102516,False
2026-05-29,159870.SZ,鹏华中证细分化工产业主题ETF,中证细分化工,中证细分化工,186.37935327504,112.53901239,True
2026-05-29,562500.SH,华夏中证机器人ETF,中证机器人,中证机器人,181.296974014,125.62226980000001,True
2026-05-29,159509.SZ,景顺长城纳斯达克科技市值加权ETF(QDII),纳斯达克科技市值加权,纳斯达克科技市值加权,179.4443875978,115.89607747,False
2026-05-29,513980.SH,景顺长城中证港股通科技ETF,港股通科技,港股通科技,175.3501954,97.94456530000001,False
2026-05-29,512010.SH,易方达沪深300医药卫生ETF,300医药,300医药,167.299910456,74.3099038,False
2026-05-29,159928.SZ,汇添富中证主要消费ETF,中证800消费,中证800消费,162.98039408559998,57.62475121000001,False
2026-05-29,515050.SH,华夏中证5G通信主题ETF,中证5G通信,中证5G通信,156.010048908,117.7095052,False
2026-05-29,512690.SH,鹏华中证酒ETF,中证酒,中证酒,153.469512414,181.1842936,True
2026-05-29,159530.SZ,易方达国证机器人产业ETF,国证机器人产业,国证机器人产业,149.54808893428998,130.13294229,False
2026-05-29,159781.SZ,易方达中证科创创业50ETF,科创创业50,科创创业50,146.11818692900002,73.58779094,False
2026-05-29,159992.SZ,银华中证创新药产业ETF,中证CS创新药,中证CS创新药,143.19568793439,81.21543195,False
2026-05-29,513310.SH,华泰柏瑞中证韩交所中韩半导体ETF(QDII),中证中韩半导体,中证中韩半导体,133.83555033,569.3229603,False
2026-05-29,159755.SZ,广发国证新能源车电池ETF,国证新能电池,国证新能电池,132.23578176234003,84.61323907,False
2026-05-29,512100.SH,南方中证1000ETF,中证1000,中证1000,122.50579140800001,459.115913,True
2026-05-29,515220.SH,国泰中证煤炭ETF,中证煤炭,中证煤炭,120.67901139599999,89.4593916,True
2026-05-29,512070.SH,易方达沪深300非银行金融ETF,300非银,300非银,115.48087173500001,85.49180150000001,False
2026-05-29,516650.SH,华夏中证细分有色金属产业主题ETF,中证细分有色,中证细分有色,109.986363032,37.8017418,False
2026-05-29,512760.SH,国泰CES半导体芯片行业ETF,中华半导体芯片,中华半导体芯片,107.02334561999999,92.6451223,False
2026-05-29,588170.SH,华夏上证科创板半导体材料设备主题ETF,科创半导体材料设备,科创半导体材料设备,106.31473901,278.903753,False
2026-05-29,512800.SH,华宝中证银行ETF,中证银行,中证银行,103.756476024,90.1367164,False
2026-05-29,159920.SZ,华夏恒生ETF(QDII),恒生指数,恒生指数,101.6102764412,44.56807553,False
2026-05-29,560860.SH,万家中证工业有色金属主题ETF,中证工业有色,中证工业有色,93.52311906000001,37.6265675,False
2026-05-29,159611.SZ,广发中证全指电力公用事业ETF,中证电力指数,中证电力指数,90.40390758900001,138.34396568,True
2026-05-29,515790.SH,华泰柏瑞中证光伏产业ETF,中证光伏产业,中证光伏产业,84.2100605,63.190062100000006,True
2026-05-29,159852.SZ,嘉实中证软件服务ETF,中证软件,中证软件,82.23230692908,46.353970159999996,False
2026-05-29,159869.SZ,华夏中证动漫游戏ETF,中证动漫游戏,中证动漫游戏,81.6819362478,35.280968040000005,False
2026-05-29,512710.SH,富国中证军工龙头ETF,中证军工龙头,中证军工龙头,80.89324296000001,53.7456393,False
2026-05-29,516150.SH,嘉实中证稀土产业ETF,中证稀土产业,中证稀土产业,80.04735224,30.724941700000002,False
2026-05-29,159796.SZ,汇添富中证电池主题ETF,中证CS电池,中证CS电池,79.95006824200001,50.30499742,False
2026-05-29,512660.SH,国泰中证军工ETF,中证军工,中证军工,75.8725872,43.2869044,True
2026-05-29,159566.SZ,易方达国证新能源电池ETF,国证新能源电池,国证新能源电池,75.48980897407999,76.98087606,False
2026-05-29,159363.SZ,华宝创业板人工智能ETF,创业板人工智能,创业板人工智能,75.36131083068,171.26487543,False
2026-05-29,561380.SH,国泰恒生A股电网设备ETF,恒生A股电网设备,恒生A股电网设备,72.529162968,20.3064293,False
2026-05-29,510210.SH,富国上证综指ETF,上证综指,上证综指,71.169972224,69.28019640000001,True
2026-05-29,515980.SH,华富中证人工智能产业ETF,中证人工智能,中证人工智能,70.46275899,36.3616828,False
2026-05-29,159851.SZ,华宝中证金融科技主题ETF,中证金融科技,中证金融科技,70.46245491604,28.79269611,False
2026-05-29,516160.SH,南方中证新能源ETF,中证新能,中证新能,65.44584114,31.545720799999998,False
2026-05-29,512950.SH,华夏中证央企结构调整ETF,中证结构调整,中证结构调整,63.61604376,1.3750456,False
2026-05-29,159865.SZ,国泰中证畜牧养殖ETF,中证畜牧,中证畜牧,61.109998784960005,12.11777137,False
2026-05-29,562800.SH,嘉实中证稀有金属主题ETF,中证CS稀金属,中证CS稀金属,60.22198474999999,41.5735809,False
2026-05-29,588220.SH,鹏华上证科创板100ETF,科创100,科创100,59.59360657799999,105.692452,False
2026-05-29,159967.SZ,华夏创业板动量成长ETF,深证创成长,深证创成长,58.30765310041,145.81041026,False
2026-05-29,513060.SH,博时恒生医疗保健ETF(QDII),恒生医疗保健,恒生医疗保健,57.94480836100001,75.1747648,False
2026-05-29,159892.SZ,华夏恒生生物科技ETF(QDII),恒生生物科技,恒生生物科技,52.93292087223999,97.94077339,False
2026-05-29,510810.SH,汇添富中证上海国企ETF,中证上海国企,中证上海国企,51.771928261,0.5982151,False
2026-06-30,588000.SH,华夏上证科创板50成份ETF,科创50,科创50,699.25430206888,710.042884,True
2026-06-30,588200.SH,嘉实上证科创板芯片ETF,上证科创芯片,上证科创芯片,647.00568614336,575.6028828999999,True
2026-06-30,512880.SH,国泰中证全指证券公司ETF,中证证券公司,中证证券公司,594.3849020873199,290.05298220000003,True
2026-06-30,515880.SH,国泰中证全指通信设备ETF,中证通信设备,中证通信设备,590.5766501248801,656.0285259,True
2026-06-30,159516.SZ,国泰中证半导体材料设备主题ETF,半导体材料设备,半导体材料设备,446.8868047235,756.96898487,False
2026-06-30,513180.SH,华夏恒生科技ETF(QDII),恒生科技,恒生科技,413.05246636499993,329.6857966,True
2026-06-30,510500.SH,南方中证500ETF,中证500,中证500,381.4193986469801,184.3943515,True
2026-06-30,159995.SZ,华夏国证半导体芯片ETF,国证芯片,国证芯片,373.9293059034,184.92553808,False
2026-06-30,513050.SH,易方达中证海外中国互联网50ETF(QDII),中国互联网50,中国互联网50,328.4978963288,181.98658700000001,True
2026-06-30,159792.SZ,富国中证港股通互联网ETF,港股通互联网,港股通互联网,324.35998999425,237.08399161999998,False
2026-06-30,563360.SH,华泰柏瑞中证A500ETF,中证A500,中证A500,315.83128132346,323.62642769999997,True
2026-06-30,512170.SH,华宝中证医疗ETF,中证医疗,中证医疗,256.06331065044,53.3991737,False
2026-06-30,512480.SH,国联安中证全指半导体产品与设备ETF,中证半导体,中证半导体,255.57535818,244.1278518,False
2026-06-30,159949.SZ,华安创业板50ETF,深证创业板50,深证创业板50,255.37879315943997,207.91009327,False
2026-06-30,513330.SH,华夏恒生互联网科技业ETF(QDII),恒生互联网科技业,恒生互联网科技业,252.80680519999996,225.3296451,False
2026-06-30,515050.SH,华夏中证5G通信主题ETF,中证5G通信,中证5G通信,250.27541982915997,219.0669426,False
2026-06-30,513500.SH,博时标普500ETF(QDII),标普500,标普500,246.6025856931,61.5749444,True
2026-06-30,159819.SZ,易方达中证人工智能主题ETF,中证CS人工智,中证CS人工智,245.99384621208003,111.92595345000001,True
2026-06-30,588170.SH,华夏上证科创板半导体材料设备主题ETF,科创半导体材料设备,科创半导体材料设备,245.90147667999997,612.6060218,False
2026-06-30,159326.SZ,华夏中证电网设备主题ETF,电网设备主题,电网设备主题,242.56850416200004,75.55153484,True
2026-06-30,513120.SH,广发中证香港创新药ETF(QDII),中证港股创新药,中证港股创新药,239.19936276476002,630.2476834,True
2026-06-30,512400.SH,南方中证申万有色金属ETF,中证有色金属,中证有色金属,225.48420305999997,79.5099931,True
2026-06-30,159570.SZ,汇添富国证港股通创新药ETF,港股通创新药,港股通创新药,198.67771801778,261.70325214999997,False
2026-06-30,510050.SH,华夏上证50ETF,上证50,上证50,197.07975011831002,130.6382535,False
2026-06-30,159636.SZ,工银瑞信国证港股通科技ETF,国证港股通科技,国证港股通科技,195.2088057888,129.60198455,False
2026-06-30,513090.SH,易方达中证香港证券投资主题ETF,中证香港证券,中证香港证券,188.17351151999998,689.3363294,False
2026-06-30,510180.SH,华安上证180ETF,上证180,上证180,185.90969886960997,16.0368323,False
2026-06-30,159781.SZ,易方达中证科创创业50ETF,科创创业50,科创创业50,182.28394146708,63.88208377,False
2026-06-30,159206.SZ,永赢国证商用卫星通信产业ETF,卫星通信,卫星通信,177.30683155575,180.71775796,False
2026-06-30,159509.SZ,景顺长城纳斯达克科技市值加权ETF(QDII),纳斯达克科技市值加权,纳斯达克科技市值加权,176.1336055388,60.134202789999996,False
2026-06-30,562500.SH,华夏中证机器人ETF,中证机器人,中证机器人,174.92865337499998,104.6403595,True
2026-06-30,512010.SH,易方达沪深300医药卫生ETF,300医药,300医药,171.873432276,63.607792,False
2026-06-30,159530.SZ,易方达国证机器人产业ETF,国证机器人产业,国证机器人产业,160.82941588921,152.04609956000002,False
2026-06-30,159992.SZ,银华中证创新药产业ETF,中证CS创新药,中证CS创新药,159.78520098468,112.50060978,False
2026-06-30,159870.SZ,鹏华中证细分化工产业主题ETF,中证细分化工,中证细分化工,158.95803250378,47.35445478,True
2026-06-30,513310.SH,华泰柏瑞中证韩交所中韩半导体ETF(QDII),中证中韩半导体,中证中韩半导体,153.69581349,1358.4260554,False
2026-06-30,159928.SZ,汇添富中证主要消费ETF,中证800消费,中证800消费,143.42186859600002,27.90848532,False
2026-06-30,512070.SH,易方达沪深300非银行金融ETF,300非银,300非银,137.96424077744,71.00834499999999,False
2026-06-30,512760.SH,国泰CES半导体芯片行业ETF,中华半导体芯片,中华半导体芯片,137.0303118724,72.64344009999999,False
2026-06-30,512690.SH,鹏华中证酒ETF,中证酒,中证酒,135.38673218382,70.3842954,True
2026-06-30,513750.SH,广发中证港股通非银行金融主题ETF,港股通非银CNY,港股通非银CNY,134.4070489,73.08183939999999,False
2026-06-30,513980.SH,景顺长城中证港股通科技ETF,港股通科技,港股通科技,133.46096279999998,74.999207,False
2026-06-30,515220.SH,国泰中证煤炭ETF,中证煤炭,中证煤炭,112.87448271505998,71.7833245,True
2026-06-30,512100.SH,南方中证1000ETF,中证1000,中证1000,110.07207519741999,261.83703360000004,True
2026-06-30,512800.SH,华宝中证银行ETF,中证银行,中证银行,105.86981051003998,132.48015759999998,False
2026-06-30,159755.SZ,广发国证新能源车电池ETF,国证新能电池,国证新能电池,105.02411420600002,40.579982189999996,False
2026-06-30,516650.SH,华夏中证细分有色金属产业主题ETF,中证细分有色,中证细分有色,94.82875000474999,15.986386799999998,False
2026-06-30,560860.SH,万家中证工业有色金属主题ETF,中证工业有色,中证工业有色,91.53377460000002,33.5827304,False
2026-06-30,510210.SH,富国上证综指ETF,上证综指,上证综指,87.2837957169,68.3083479,True
2026-06-30,159611.SZ,广发中证全指电力公用事业ETF,中证电力指数,中证电力指数,87.257281128,47.597394890000004,True
2026-06-30,159920.SZ,华夏恒生ETF(QDII),恒生指数,恒生指数,86.30982267993,34.60924584,False
2026-06-30,159363.SZ,华宝创业板人工智能ETF,创业板人工智能,创业板人工智能,81.53513891972,144.02193364,False
2026-06-30,159869.SZ,华夏中证动漫游戏ETF,中证动漫游戏,中证动漫游戏,79.29846175446,54.513542709999996,False
2026-06-30,516150.SH,嘉实中证稀土产业ETF,中证稀土产业,中证稀土产业,78.3320785,19.435984599999998,False
2026-06-30,159852.SZ,嘉实中证软件服务ETF,中证软件,中证软件,77.92987385885,31.76171115,False
2026-06-30,512710.SH,富国中证军工龙头ETF,中证军工龙头,中证军工龙头,77.04917661028,42.4378983,False
2026-06-30,561980.SH,招商中证半导体产业ETF,中证半导,中证半导,75.212748,91.0204583,False
2026-06-30,515980.SH,华富中证人工智能产业ETF,中证人工智能,中证人工智能,73.17686474,54.8063336,False
2026-06-30,159796.SZ,汇添富中证电池主题ETF,中证CS电池,中证CS电池,71.688099924,30.0539598,False
2026-06-30,588220.SH,鹏华上证科创板100ETF,科创100,科创100,71.26554029940002,58.8081494,False
2026-06-30,515790.SH,华泰柏瑞中证光伏产业ETF,中证光伏产业,中证光伏产业,70.45476748,32.7529779,True
2026-06-30,562800.SH,嘉实中证稀有金属主题ETF,中证CS稀金属,中证CS稀金属,69.00643489999999,43.2868408,False
2026-06-30,512660.SH,国泰中证军工ETF,中证军工,中证军工,67.457023936,33.8084805,True
2026-06-30,159566.SZ,易方达国证新能源电池ETF,国证新能源电池,国证新能源电池,65.29591551744,34.20538429,False
2026-06-30,512950.SH,华夏中证央企结构调整ETF,中证结构调整,中证结构调整,64.25922938772,1.6337423,False
2026-06-30,159851.SZ,华宝中证金融科技主题ETF,中证金融科技,中证金融科技,64.24939284204,26.33104383,False
2026-06-30,159967.SZ,华夏创业板动量成长ETF,深证创成长,深证创成长,62.174552177699994,72.59197916999999,False
2026-06-30,561380.SH,国泰恒生A股电网设备ETF,恒生A股电网设备,恒生A股电网设备,60.2470299888,17.0953993,False
2026-06-30,159732.SZ,华夏国证消费电子主题ETF,国证消费电子,国证消费电子,59.7973997568,75.72261583,False
2026-06-30,513060.SH,博时恒生医疗保健ETF(QDII),恒生医疗保健,恒生医疗保健,54.2669497356,65.842362,False
2026-06-30,159865.SZ,国泰中证畜牧养殖ETF,中证畜牧,中证畜牧,52.34998361592,14.791468799999999,False
2026-07-31,588000.SH,华夏上证科创板50成份ETF,科创50,科创50,888.7910664960001,1547.1588925,True
2026-07-31,512880.SH,国泰中证全指证券公司ETF,中证证券公司,中证证券公司,630.284746905,184.85795770000001,True
2026-07-31,588200.SH,嘉实上证科创板芯片ETF,上证科创芯片,上证科创芯片,488.483554945,659.252569,True
2026-07-31,510500.SH,南方中证500ETF,中证500,中证500,464.11264500000004,754.0981109,True
2026-07-31,159792.SZ,富国中证港股通互联网ETF,港股通互联网,港股通互联网,428.14755102177,377.15923135,False
2026-07-31,513180.SH,华夏恒生科技ETF(QDII),恒生科技,恒生科技,425.257145355,404.4001761,True
2026-07-31,563360.SH,华泰柏瑞中证A500ETF,中证A500,中证A500,420.2431997280001,494.629154,True
2026-07-31,588170.SH,华夏上证科创板半导体材料设备主题ETF,科创半导体材料设备,科创半导体材料设备,404.15091240000004,1361.8398948000001,False
2026-07-31,159516.SZ,国泰中证半导体材料设备主题ETF,半导体材料设备,半导体材料设备,390.61911181240004,749.87840367,False
2026-07-31,515880.SH,国泰中证全指通信设备ETF,中证通信设备,中证通信设备,386.53980468000003,561.3526968,True
2026-07-31,513050.SH,易方达中证海外中国互联网50ETF(QDII),中国互联网50,中国互联网50,385.915754415,371.29942170000004,True
2026-07-31,512100.SH,南方中证1000ETF,中证1000,中证1000,326.530872064,884.3934744000001,True
2026-07-31,513330.SH,华夏恒生互联网科技业ETF(QDII),恒生互联网科技业,恒生互联网科技业,273.51066959999997,335.8998035,False
2026-07-31,159949.SZ,华安创业板50ETF,深证创业板50,深证创业板50,266.35217833879,368.86663064000004,False
2026-07-31,159995.SZ,华夏国证半导体芯片ETF,国证芯片,国证芯片,265.31398881416,176.05644443,False
2026-07-31,512170.SH,华宝中证医疗ETF,中证医疗,中证医疗,260.68620765,61.082631799999994,False
2026-07-31,513120.SH,广发中证香港创新药ETF(QDII),中证港股创新药,中证港股创新药,260.47138887,567.9189258,True
2026-07-31,513500.SH,博时标普500ETF(QDII),标普500,标普500,253.47520247399999,38.738353700000005,True
2026-07-31,159570.SZ,汇添富国证港股通创新药ETF,港股通创新药,港股通创新药,238.27770444528,166.5751158,False
2026-07-31,512400.SH,南方中证申万有色金属ETF,中证有色金属,中证有色金属,230.63109888,84.5055703,True
2026-07-31,510050.SH,华夏上证50ETF,上证50,上证50,218.80567904400002,204.6505657,False
2026-07-31,159819.SZ,易方达中证人工智能主题ETF,中证CS人工智,中证CS人工智,207.30330365785002,87.56876258999999,True
2026-07-31,159326.SZ,华夏中证电网设备主题ETF,电网设备主题,电网设备主题,192.68188388175,80.32192943,True
2026-07-31,512480.SH,国联安中证全指半导体产品与设备ETF,中证半导体,中证半导体,191.674311424,301.2796933,False
2026-07-31,510210.SH,富国上证综指ETF,上证综指,上证综指,189.82462785,170.38789739999999,True
2026-07-31,513090.SH,易方达中证香港证券投资主题ETF,中证香港证券,中证香港证券,187.02657920000001,429.2846368,False
2026-07-31,562500.SH,华夏中证机器人ETF,中证机器人,中证机器人,175.991830588,123.3816873,True
2026-07-31,510180.SH,华安上证180ETF,上证180,上证180,175.015722612,7.529717600000001,False
2026-07-31,159530.SZ,易方达国证机器人产业ETF,国证机器人产业,国证机器人产业,174.11608769910998,132.68764701,False
2026-07-31,159509.SZ,景顺长城纳斯达克科技市值加权ETF(QDII),纳斯达克科技市值加权,纳斯达克科技市值加权,172.29309835036,74.15641029000001,False
2026-07-31,512010.SH,易方达沪深300医药卫生ETF,300医药,300医药,172.23506977300002,40.8887235,False
2026-07-31,159992.SZ,银华中证创新药产业ETF,中证CS创新药,中证CS创新药,170.47973165930998,85.46954324000001,False
2026-07-31,515050.SH,华夏中证5G通信主题ETF,中证5G通信,中证5G通信,167.21188968,188.9404744,False
2026-07-31,159781.SZ,易方达中证科创创业50ETF,科创创业50,科创创业50,164.70400351908998,85.58731657,False
2026-07-31,159928.SZ,汇添富中证主要消费ETF,中证800消费,中证800消费,162.01506440880001,57.39975867,False
2026-07-31,512070.SH,易方达沪深300非银行金融ETF,300非银,300非银,155.01860996099998,45.618252000000005,False
2026-07-31,513750.SH,广发中证港股通非银行金融主题ETF,港股通非银CNY,港股通非银CNY,151.83948956,53.85226949999999,False
2026-07-31,512690.SH,鹏华中证酒ETF,中证酒,中证酒,149.027714406,94.1431358,True
2026-07-31,515220.SH,国泰中证煤炭ETF,中证煤炭,中证煤炭,142.90493603099998,54.526206200000004,True
2026-07-31,159870.SZ,鹏华中证细分化工产业主题ETF,中证细分化工,中证细分化工,142.46695081839,26.36391827,True
2026-07-31,159206.SZ,永赢国证商用卫星通信产业ETF,卫星通信,卫星通信,138.44758659614996,69.11196222,False
2026-07-31,159636.SZ,工银瑞信国证港股通科技ETF,国证港股通科技,国证港股通科技,125.91859142798002,38.920848,False
2026-07-31,513980.SH,景顺长城中证港股通科技ETF,港股通科技,港股通科技,115.80259235999999,48.3198341,False
2026-07-31,159611.SZ,广发中证全指电力公用事业ETF,中证电力指数,中证电力指数,110.08971428800001,53.06177193,True
2026-07-31,512800.SH,华宝中证银行ETF,中证银行,中证银行,109.476539964,155.6291717,False
2026-07-31,513310.SH,华泰柏瑞中证韩交所中韩半导体ETF(QDII),中证中韩半导体,中证中韩半导体,108.76364199999999,1619.4606778999998,False
2026-07-31,512760.SH,国泰CES半导体芯片行业ETF,中华半导体芯片,中华半导体芯片,102.68992467000001,91.272646,False
2026-07-31,159920.SZ,华夏恒生ETF(QDII),恒生指数,恒生指数,98.43625131318,63.92487892999999,False
2026-07-31,516650.SH,华夏中证细分有色金属产业主题ETF,中证细分有色,中证细分有色,91.95260723999999,14.9780301,False
2026-07-31,159869.SZ,华夏中证动漫游戏ETF,中证动漫游戏,中证动漫游戏,89.34586571605,92.63099191,False
2026-07-31,159755.SZ,广发国证新能源车电池ETF,国证新能电池,国证新能电池,87.69266174970001,42.68255843,False
2026-07-31,560860.SH,万家中证工业有色金属主题ETF,中证工业有色,中证工业有色,86.22928121,22.319941200000002,False
2026-07-31,159852.SZ,嘉实中证软件服务ETF,中证软件,中证软件,83.32268231752,153.68853685000002,False
2026-07-31,512710.SH,富国中证军工龙头ETF,中证军工龙头,中证军工龙头,73.27553332,39.3889079,False
2026-07-31,159363.SZ,华宝创业板人工智能ETF,创业板人工智能,创业板人工智能,68.91311334423999,145.07617351,False
2026-07-31,159263.SZ,易方达国证价值100ETF,价值100,价值100,68.18819207672,37.62460359,False
2026-07-31,159851.SZ,华宝中证金融科技主题ETF,中证金融科技,中证金融科技,66.36166517388,40.057671899999995,False
2026-07-31,512660.SH,国泰中证军工ETF,中证军工,中证军工,64.0288144,38.799168699999996,True
2026-07-31,159865.SZ,国泰中证畜牧养殖ETF,中证畜牧,中证畜牧,63.60323777565,12.29323358,False
2026-07-31,159316.SZ,易方达恒生港股通创新药ETF,恒生港股通创新药,恒生港股通创新药,62.567390974560006,70.10936475,False
2026-07-31,515980.SH,华富中证人工智能产业ETF,中证人工智能,中证人工智能,61.07602032,47.104913,False
2026-07-31,159967.SZ,华夏创业板动量成长ETF,深证创成长,深证创成长,60.83459242029999,168.20660451,False
2026-07-31,516150.SH,嘉实中证稀土产业ETF,中证稀土产业,中证稀土产业,60.544732409999995,12.150205,False
2026-07-31,512950.SH,华夏中证央企结构调整ETF,中证结构调整,中证结构调整,60.372264390000005,2.7829998,False
2026-07-31,563300.SH,华泰柏瑞中证2000ETF,中证2000,中证2000,59.79345372,92.3386554,False
2026-07-31,561980.SH,招商中证半导体产业ETF,中证半导,中证半导,59.248307000000004,85.9564093,False
2026-07-31,159796.SZ,汇添富中证电池主题ETF,中证CS电池,中证CS电池,57.22960339349999,20.04015893,False
2026-07-31,513060.SH,博时恒生医疗保健ETF(QDII),恒生医疗保健,恒生医疗保健,57.039276624,48.4866506,False
2026-07-31,515230.SH,国泰中证全指软件ETF,中证软件指数,中证软件指数,53.14097448,61.347939399999994,False
2026-07-31,159262.SZ,广发恒生港股通科技主题ETF,恒生港股通科技主题,恒生港股通科技主题,51.4102182195,50.13540005,False
2026-07-31,515800.SH,汇添富中证800ETF,中证800,中证800,51.37085557999999,7.2421036999999995,False
2026-07-31,588220.SH,鹏华上证科创板100ETF,科创100,科创100,51.007637966999994,51.784148599999995,False
2026-07-31,510810.SH,汇添富中证上海国企ETF,中证上海国企,中证上海国企,50.820815386999996,0.8375412,False
2026-07-31,515790.SH,华泰柏瑞中证光伏产业ETF,中证光伏产业,中证光伏产业,50.13091104,19.519715400000003,True
2026-07-31,562800.SH,嘉实中证稀有金属主题ETF,中证CS稀金属,中证CS稀金属,50.0751822,17.3996044,False
2026-07-31,159566.SZ,易方达国证新能源电池ETF,国证新能源电池,国证新能源电池,50.06156143296,29.537240049999998,False
2026-08-14,588000.SH,华夏上证科创板50成份ETF,科创50,科创50,886.3325211480001,569.9917678999999,True
2026-08-14,512880.SH,国泰中证全指证券公司ETF,中证证券公司,中证证券公司,642.6375686050001,246.0773404,True
2026-08-14,588200.SH,嘉实上证科创板芯片ETF,上证科创芯片,上证科创芯片,512.163133716,334.1731186,True
2026-08-14,159516.SZ,国泰中证半导体材料设备主题ETF,半导体材料设备,半导体材料设备,435.89057099224004,323.45685547,False
2026-08-14,563360.SH,华泰柏瑞中证A500ETF,中证A500,中证A500,426.32935519200004,456.0919851,True
2026-08-14,513180.SH,华夏恒生科技ETF(QDII),恒生科技,恒生科技,415.34500662,202.1675837,True
2026-08-14,159792.SZ,富国中证港股通互联网ETF,港股通互联网,港股通互联网,414.42154879355996,179.23265011,False
2026-08-14,515880.SH,国泰中证全指通信设备ETF,中证通信设备,中证通信设备,413.5430406,351.979043,True
2026-08-14,510500.SH,南方中证500ETF,中证500,中证500,407.271644628,203.2474227,True
2026-08-14,588170.SH,华夏上证科创板半导体材料设备主题ETF,科创半导体材料设备,科创半导体材料设备,403.98363386999995,548.7322409,False
2026-08-14,513050.SH,易方达中证海外中国互联网50ETF(QDII),中国互联网50,中国互联网50,371.559953738,204.8082018,True
2026-08-14,159995.SZ,华夏国证半导体芯片ETF,国证芯片,国证芯片,281.87644592436004,62.02611616,False
2026-08-14,513500.SH,博时标普500ETF(QDII),标普500,标普500,281.26246030799996,70.1615727,True
2026-08-14,513120.SH,广发中证香港创新药ETF(QDII),中证港股创新药,中证港股创新药,265.856971562,682.2944024,True
2026-08-14,513330.SH,华夏恒生互联网科技业ETF(QDII),恒生互联网科技业,恒生互联网科技业,261.7520536,132.3816957,False
2026-08-14,512170.SH,华宝中证医疗ETF,中证医疗,中证医疗,257.282369955,59.4085126,False
2026-08-14,159949.SZ,华安创业板50ETF,深证创业板50,深证创业板50,256.04304113456,135.50488385999998,False
2026-08-14,159570.SZ,汇添富国证港股通创新药ETF,港股通创新药,港股通创新药,250.16154093054,209.04782194,False
2026-08-14,512400.SH,南方中证申万有色金属ETF,中证有色金属,中证有色金属,247.79863709999998,91.4315746,True
2026-08-14,159326.SZ,华夏中证电网设备主题ETF,电网设备主题,电网设备主题,217.2197710985,71.12581238,True
2026-08-14,159819.SZ,易方达中证人工智能主题ETF,中证CS人工智,中证CS人工智,214.13200428312,43.84678142,True
2026-08-14,510050.SH,华夏上证50ETF,上证50,上证50,213.94319602800002,111.73857549999998,False
2026-08-14,512100.SH,南方中证1000ETF,中证1000,中证1000,209.62109352,289.3140712,True
2026-08-14,512480.SH,国联安中证全指半导体产品与设备ETF,中证半导体,中证半导体,203.316137544,119.8162384,False
2026-08-14,159509.SZ,景顺长城纳斯达克科技市值加权ETF(QDII),纳斯达克科技市值加权,纳斯达克科技市值加权,189.97267454542,109.28882732,False
2026-08-14,513090.SH,易方达中证香港证券投资主题ETF,中证香港证券,中证香港证券,188.63144136,187.6422833,False
2026-08-14,562500.SH,华夏中证机器人ETF,中证机器人,中证机器人,183.57025987299997,52.5165383,True
2026-08-14,515050.SH,华夏中证5G通信主题ETF,中证5G通信,中证5G通信,183.23734599600002,97.0643499,False
2026-08-14,159530.SZ,易方达国证机器人产业ETF,国证机器人产业,国证机器人产业,182.90891210261998,74.25994957,False
2026-08-14,159992.SZ,银华中证创新药产业ETF,中证CS创新药,中证CS创新药,181.56553957206,139.25207437,False
2026-08-14,159781.SZ,易方达中证科创创业50ETF,科创创业50,科创创业50,180.78205752417,31.802340519999998,False
2026-08-14,510180.SH,华安上证180ETF,上证180,上证180,176.47293896099998,5.8730435,False
2026-08-14,512010.SH,易方达沪深300医药卫生ETF,300医药,300医药,162.64794485500002,56.6966255,False
2026-08-14,510210.SH,富国上证综指ETF,上证综指,上证综指,159.318451778,63.8214106,True
2026-08-14,159928.SZ,汇添富中证主要消费ETF,中证800消费,中证800消费,158.8995334392,33.33904115,False
2026-08-14,159206.SZ,永赢国证商用卫星通信产业ETF,卫星通信,卫星通信,152.46502985505,47.68039836,False
2026-08-14,512070.SH,易方达沪深300非银行金融ETF,300非银,300非银,145.502671254,46.6888033,False
2026-08-14,512690.SH,鹏华中证酒ETF,中证酒,中证酒,143.579678382,57.778524499999996,True
2026-08-14,515220.SH,国泰中证煤炭ETF,中证煤炭,中证煤炭,142.71612893999998,77.9925928,True
2026-08-14,159870.SZ,鹏华中证细分化工产业主题ETF,中证细分化工,中证细分化工,136.93834829238,22.65228097,True
2026-08-14,513750.SH,广发中证港股通非银行金融主题ETF,港股通非银CNY,港股通非银CNY,128.15113698000002,29.8599646,False
2026-08-14,513310.SH,华泰柏瑞中证韩交所中韩半导体ETF(QDII),中证中韩半导体,中证中韩半导体,118.95513336,806.3224845999999,False
2026-08-14,159636.SZ,工银瑞信国证港股通科技ETF,国证港股通科技,国证港股通科技,117.90774130738001,21.529173999999998,False
2026-08-14,512760.SH,国泰CES半导体芯片行业ETF,中华半导体芯片,中华半导体芯片,106.84668543,40.3383619,False
2026-08-14,513980.SH,景顺长城中证港股通科技ETF,港股通科技,港股通科技,105.86099256,32.0905411,False
2026-08-14,159611.SZ,广发中证全指电力公用事业ETF,中证电力指数,中证电力指数,102.10834719200001,55.5874563,True
2026-08-14,516650.SH,华夏中证细分有色金属产业主题ETF,中证细分有色,中证细分有色,97.59996696799999,24.976856599999998,False
2026-08-14,512800.SH,华宝中证银行ETF,中证银行,中证银行,97.024228803,73.5893066,False
2026-08-14,159852.SZ,嘉实中证软件服务ETF,中证软件,中证软件,94.42988231752,73.77816378,False
2026-08-14,560860.SH,万家中证工业有色金属主题ETF,中证工业有色,中证工业有色,93.58123323999999,28.0160397,False
2026-08-14,159869.SZ,华夏中证动漫游戏ETF,中证动漫游戏,中证动漫游戏,92.94235199669,73.36085844,False
2026-08-14,159920.SZ,华夏恒生ETF(QDII),恒生指数,恒生指数,87.87566084901,23.055068979999998,False
2026-08-14,159755.SZ,广发国证新能源车电池ETF,国证新能电池,国证新能电池,86.1287381108,29.08922954,False
2026-08-14,512710.SH,富国中证军工龙头ETF,中证军工龙头,中证军工龙头,72.82347133600001,21.261473600000002,False
2026-08-14,159363.SZ,华宝创业板人工智能ETF,创业板人工智能,创业板人工智能,70.12379032036,130.35475799,False
2026-08-14,516150.SH,嘉实中证稀土产业ETF,中证稀土产业,中证稀土产业,69.18355524,27.6582809,False
2026-08-14,563300.SH,华泰柏瑞中证2000ETF,中证2000,中证2000,67.91512038,98.66347979999999,False
2026-08-14,512660.SH,国泰中证军工ETF,中证军工,中证军工,67.3929216,20.3311509,True
2026-08-14,159263.SZ,易方达国证价值100ETF,价值100,价值100,65.88514107758,20.61339979,False
2026-08-14,159316.SZ,易方达恒生港股通创新药ETF,恒生港股通创新药,恒生港股通创新药,65.02789215294,78.97147733999999,False
2026-08-14,515980.SH,华富中证人工智能产业ETF,中证人工智能,中证人工智能,64.7257932,19.4006573,False
2026-08-14,159851.SZ,华宝中证金融科技主题ETF,中证金融科技,中证金融科技,64.36721900796,29.97327275,False
2026-08-14,159865.SZ,国泰中证畜牧养殖ETF,中证畜牧,中证畜牧,63.96775866247001,18.160821969999997,False
2026-08-14,588220.SH,鹏华上证科创板100ETF,科创100,科创100,62.461635423,45.543187599999996,False
2026-08-14,512950.SH,华夏中证央企结构调整ETF,中证结构调整,中证结构调整,61.27494764999999,1.1288424000000001,False
2026-08-14,159796.SZ,汇添富中证电池主题ETF,中证CS电池,中证CS电池,60.9539965195,19.39743007,False
2026-08-14,159967.SZ,华夏创业板动量成长ETF,深证创成长,深证创成长,59.32163446373999,65.07967296,False
2026-08-14,561980.SH,招商中证半导体产业ETF,中证半导,中证半导,58.413249,32.2017132,False
2026-08-14,515230.SH,国泰中证全指软件ETF,中证软件指数,中证软件指数,56.329501388999994,30.357457299999997,False
2026-08-14,562800.SH,嘉实中证稀有金属主题ETF,中证CS稀金属,中证CS稀金属,55.38589705,23.2886398,False
2026-08-14,159566.SZ,易方达国证新能源电池ETF,国证新能源电池,国证新能源电池,53.20033752831999,29.19172342,False
2026-08-14,515800.SH,汇添富中证800ETF,中证800,中证800,52.855376715999995,5.3092621,False
2026-08-14,561380.SH,国泰恒生A股电网设备ETF,恒生A股电网设备,恒生A股电网设备,52.65004374000001,10.3976778,False
2026-08-14,513060.SH,博时恒生医疗保健ETF(QDII),恒生医疗保健,恒生医疗保健,51.974818211999995,57.131778000000004,False
2026-08-14,515790.SH,华泰柏瑞中证光伏产业ETF,中证光伏产业,中证光伏产业,51.7745231,18.670607999999998,True
2026-08-14,159262.SZ,广发恒生港股通科技主题ETF,恒生港股通科技主题,恒生港股通科技主题,50.742025424350004,33.642928610000006,False
2026-08-14,510810.SH,汇添富中证上海国企ETF,中证上海国企,中证上海国企,50.206722954,0.5815086,False
