date,gross_daily_return,net_daily_return,turnover,holding_asset
2014-02-07,0.03239145416953826,0.032291454169538256,1.0,159915.SZ
2014-02-10,0.012016021361815676,0.012016021361815676,0.0,159915.SZ
2014-02-11,-0.0158311345646438,-0.0158311345646438,0.0,159915.SZ
2014-02-12,0.009383378016085908,0.009383378016085908,0.0,159915.SZ
2014-02-13,-0.037184594953519334,-0.037184594953519334,0.0,159915.SZ
2014-02-14,0.020000000000000018,0.020000000000000018,0.0,159915.SZ
2014-02-17,0.028397565922920753,0.028397565922920753,0.0,159915.SZ
2014-02-18,-0.009204470742932291,-0.009204470742932291,0.0,159915.SZ
2014-02-19,-0.0006635700066356387,-0.0006635700066356387,0.0,159915.SZ
2014-02-20,-0.0021534359376127465,-0.0023534359376127466,2.0,518880.SH
2014-02-21,0.00623538581449723,0.00623538581449723,0.0,518880.SH
2014-02-24,0.006584043377227067,0.006584043377227067,0.0,518880.SH
2014-02-25,0.005001923816852605,0.005001923816852605,0.0,518880.SH
2014-02-26,0.014931087289433265,0.014931087289433265,0.0,518880.SH
2014-02-27,-0.018483591097698926,-0.018483591097698926,0.0,518880.SH
2014-02-28,0.007302075326671931,0.007302075326671931,0.0,518880.SH
2014-03-03,0.011446012972147868,0.011446012972147868,0.0,518880.SH
2014-03-04,-0.003017729158808047,-0.003017729158808047,0.0,518880.SH
2014-03-05,-0.007188800605372525,-0.007188800605372525,0.0,518880.SH
2014-03-06,-0.0003810975609755962,-0.0003810975609755962,0.0,518880.SH
2014-03-07,0.009912314144109757,0.009912314144109757,0.0,518880.SH
2014-03-10,-0.014722536806342057,-0.014722536806342057,0.0,518880.SH
2014-03-11,0.011877394636015337,0.011877394636015337,0.0,518880.SH
2014-03-12,0.010223400227186819,0.010223400227186819,0.0,518880.SH
2014-03-13,0.009745127436281864,0.009745127436281864,0.0,518880.SH
2014-03-14,-0.0007423904974015461,-0.0007423904974015461,0.0,518880.SH
2014-03-17,0.011144130757800852,0.011144130757800852,0.0,518880.SH
2014-03-18,-0.013225569434239581,-0.013225569434239581,0.0,518880.SH
2014-03-19,-0.0022338049143707517,-0.0022338049143707517,0.0,518880.SH
2014-03-20,-0.012313432835820981,-0.012313432835820981,0.0,518880.SH
2014-03-21,0.0,0.0,0.0,518880.SH
2014-03-24,-0.0026445032111823696,-0.0026445032111823696,0.0,518880.SH
2014-03-25,-0.012121212121212088,-0.012121212121212088,0.0,518880.SH
2014-03-26,0.0025116530537916404,0.0023116530537916403,2.0,510300.SH
2014-03-27,-0.006925207756232621,-0.006925207756232621,0.0,510300.SH
2014-03-28,-0.00046490004649002437,-0.00046490004649002437,0.0,510300.SH
2014-03-31,-0.0041860465116279055,-0.0041860465116279055,0.0,510300.SH
2014-04-01,0.005604857543203945,0.005604857543203945,0.0,510300.SH
2014-04-02,0.007895959126799967,0.007895959126799967,0.0,510300.SH
2014-04-03,-0.006912442396313279,-0.006912442396313279,0.0,510300.SH
2014-04-04,0.012064965197215782,0.012064965197215782,0.0,510300.SH
2014-04-08,0.023842274186153256,0.023842274186153256,0.0,510300.SH
2014-04-09,-0.001791312136139811,-0.001791312136139811,0.0,510300.SH
2014-04-10,0.016150740242261152,0.016150740242261152,0.0,510300.SH
2014-04-11,-0.00044150110375285045,-0.00044150110375285045,0.0,510300.SH
2014-04-14,-0.0004416961130743191,-0.0004416961130743191,0.0,510300.SH
2014-04-15,-0.017675651789659796,-0.017675651789659796,0.0,510300.SH
2014-04-16,0.0,0.0,0.0,510300.SH
2014-04-17,-0.001799370220422869,-0.001799370220422869,0.0,510300.SH
2014-04-18,-0.0018026137899953554,-0.0018026137899953554,0.0,510300.SH
2014-04-21,-0.018058690744921058,-0.018058690744921058,0.0,510300.SH
2014-04-22,0.006896551724138167,0.006896551724138167,0.0,510300.SH
2014-04-23,-0.002739726027397249,-0.002739726027397249,0.0,510300.SH
2014-04-24,0.001831501831501825,0.001831501831501825,0.0,510300.SH
2014-04-25,-0.012340036563071366,-0.012340036563071366,0.0,510300.SH
2014-04-28,-0.013882461823230052,-0.013882461823230052,0.0,510300.SH
2014-04-29,-0.00951293759512939,-0.00971293759512939,2.0,518880.SH
2014-04-30,0.0034575489819439476,0.0034575489819439476,0.0,518880.SH
2014-05-05,0.004594180704440953,0.004594180704440953,0.0,518880.SH
2014-05-06,0.0007621951219511924,0.0007621951219511924,0.0,518880.SH
2014-05-07,-0.00038080731150036407,-0.00038080731150036407,0.0,518880.SH
2014-05-08,-0.01447619047619042,-0.01447619047619042,0.0,518880.SH
2014-05-09,0.00038654812524163695,0.00038654812524163695,0.0,518880.SH
2014-05-12,8.638321454523812e-05,-0.00011361678545476189,2.0,513100.SH
2014-05-13,0.018900343642611617,0.018900343642611617,0.0,513100.SH
2014-05-14,0.003372681281618828,0.003372681281618828,0.0,513100.SH
2014-05-15,-0.003361344537815114,-0.003361344537815114,0.0,513100.SH
2014-05-16,-0.005902192242832949,-0.005902192242832949,0.0,513100.SH
2014-05-19,0.0025445292620864812,0.0025445292620864812,0.0,513100.SH
2014-05-20,0.006768189509306355,0.006768189509306355,0.0,513100.SH
2014-05-21,-0.005882352941176339,-0.005882352941176339,0.0,513100.SH
2014-05-22,0.01183431952662728,0.01183431952662728,0.0,513100.SH
2014-05-23,0.004177109440267168,0.004177109440267168,0.0,513100.SH
2014-05-26,0.0074875207986688785,0.0074875207986688785,0.0,513100.SH
2014-05-27,0.004128819157720898,0.004128819157720898,0.0,513100.SH
2014-05-28,0.010690789473684292,0.010690789473684292,0.0,513100.SH
2014-05-29,-0.00406834825061031,-0.00406834825061031,0.0,513100.SH
2014-05-30,0.012254901960784492,0.012254901960784492,0.0,513100.SH
2014-06-03,-0.002421307506053405,-0.002421307506053405,0.0,513100.SH
2014-06-04,-0.0024271844660193054,-0.0024271844660193054,0.0,513100.SH
2014-06-05,0.007299270072992581,0.007299270072992581,0.0,513100.SH
2014-06-06,0.010466988727858118,0.010466988727858118,0.0,513100.SH
2014-06-09,0.0007968127490041166,0.0007968127490041166,0.0,513100.SH
2014-06-10,-0.005573248407643283,-0.005573248407643283,0.0,513100.SH
2014-06-11,0.0048038430744594685,0.0048038430744594685,0.0,513100.SH
2014-06-12,-0.005577689243027817,-0.005577689243027817,0.0,513100.SH
2014-06-13,-0.005608974358974228,-0.005608974358974228,0.0,513100.SH
2014-06-16,0.013010241788212307,0.012810241788212306,2.0,159915.SZ
2014-06-17,-0.009537784299339602,-0.009537784299339602,0.0,159915.SZ
2014-06-18,-0.009629629629629766,-0.009629629629629766,0.0,159915.SZ
2014-06-19,-0.03440538519072556,-0.03440538519072556,0.0,159915.SZ
2014-06-20,0.010844306738962084,0.010844306738962084,0.0,159915.SZ
2014-06-23,0.020689655172413834,0.020689655172413834,0.0,159915.SZ
2014-06-24,0.007507507507507505,0.007507507507507505,0.0,159915.SZ
2014-06-25,0.00245245901639346,0.00225245901639346,2.0,513100.SH
2014-06-26,0.00797448165869219,0.00797448165869219,0.0,513100.SH
2014-06-27,0.0031645569620253333,0.0031645569620253333,0.0,513100.SH
2014-06-30,0.0023659305993690705,0.0023659305993690705,0.0,513100.SH
2014-07-01,0.0015735641227379027,0.0015735641227379027,0.0,513100.SH
2014-07-02,0.010212097407698462,0.010212097407698462,0.0,513100.SH
2014-07-03,0.0015552099533437946,0.0015552099533437946,0.0,513100.SH
2014-07-04,0.008124129135866465,0.007924129135866464,2.0,518880.SH
2014-07-07,-0.006831119544591924,-0.006831119544591924,0.0,518880.SH
2014-07-08,0.004585403133358756,0.004585403133358756,0.0,518880.SH
2014-07-09,0.001521491061239999,0.001521491061239999,0.0,518880.SH
2014-07-10,0.004557538928978255,0.004557538928978255,0.0,518880.SH
2014-07-11,0.009073724007561346,0.009073724007561346,0.0,518880.SH
2014-07-14,-0.014612214312476612,-0.014612214312476612,0.0,518880.SH
2014-07-15,-0.004925376197190912,-0.005125376197190911,2.0,513100.SH
2014-07-16,-0.003843197540353449,-0.003843197540353449,0.0,513100.SH
2014-07-17,0.0030864197530864335,0.0030864197530864335,0.0,513100.SH
2014-07-18,-0.007692307692307665,-0.007692307692307665,0.0,513100.SH
2014-07-21,0.009302325581395321,0.009302325581395321,0.0,513100.SH
2014-07-22,-0.0023041474654378336,-0.0023041474654378336,0.0,513100.SH
2014-07-23,0.0038491147036181506,0.0038491147036181506,0.0,513100.SH
2014-07-24,0.021567008839072477,0.021367008839072478,2.0,510300.SH
2014-07-25,0.011403508771930193,0.011403508771930193,0.0,510300.SH
2014-07-28,0.026886383347788145,0.026886383347788145,0.0,510300.SH
2014-07-29,0.0025337837837837718,0.0025337837837837718,0.0,510300.SH
2014-07-30,-0.0033698399326030914,-0.0033698399326030914,0.0,510300.SH
2014-07-31,0.013524936601859716,0.013524936601859716,0.0,510300.SH
2014-08-01,-0.012093411175979951,-0.012093411175979951,0.0,510300.SH
2014-08-04,0.021528070915998176,0.021528070915998176,0.0,510300.SH
2014-08-05,-0.00289256198347132,-0.00289256198347132,0.0,510300.SH
2014-08-06,-0.006216328222129919,-0.006216328222129919,0.0,510300.SH
2014-08-07,-0.010842368640533784,-0.010842368640533784,0.0,510300.SH
2014-08-08,0.00042158516020252,0.00042158516020252,0.0,510300.SH
2014-08-11,0.013906447534766109,0.013906447534766109,0.0,510300.SH
2014-08-12,-0.004156275976725077,-0.004156275976725077,0.0,510300.SH
2014-08-13,0.00292153589315558,0.00292153589315558,0.0,510300.SH
2014-08-14,-0.012068248023304418,-0.012068248023304418,0.0,510300.SH
2014-08-15,0.012636899747261898,0.012636899747261898,0.0,510300.SH
2014-08-18,0.0033277870216308347,0.0033277870216308347,0.0,510300.SH
2014-08-19,0.0008291873963515162,0.0008291873963515162,0.0,510300.SH
2014-08-20,-0.0037282518641260642,-0.0037282518641260642,0.0,510300.SH
2014-08-21,0.017985611510791477,0.01778561151079148,2.0,159915.SZ
2014-08-22,0.009893992932862306,0.009893992932862306,0.0,159915.SZ
2014-08-25,-0.01469559132260334,-0.01469559132260334,0.0,159915.SZ
2014-08-26,-0.022017045454545414,-0.022017045454545414,0.0,159915.SZ
2014-08-27,0.007988380537400142,0.007988380537400142,0.0,159915.SZ
2014-08-28,-0.012968299711815456,-0.012968299711815456,0.0,159915.SZ
2014-08-29,0.017518248175182327,0.017518248175182327,0.0,159915.SZ
2014-09-01,0.016499282639885315,0.016499282639885315,0.0,159915.SZ
2014-09-02,0.00917431192660545,0.00917431192660545,0.0,159915.SZ
2014-09-03,0.0062937062937062915,0.0062937062937062915,0.0,159915.SZ
2014-09-04,-0.010977691507827458,-0.011177691507827459,2.0,513100.SH
2014-09-05,-0.001491424310216205,-0.001491424310216205,0.0,513100.SH
2014-09-09,0.006721433905900076,0.006721433905900076,0.0,513100.SH
2014-09-10,-0.005934718100890191,-0.005934718100890191,0.0,513100.SH
2014-09-11,0.0014925373134329067,0.0014925373134329067,0.0,513100.SH
2014-09-12,-0.0007451564828614421,-0.0007451564828614421,0.0,513100.SH
2014-09-15,-0.002982848620432521,-0.002982848620432521,0.0,513100.SH
2014-09-16,-0.03744399870054327,-0.03764399870054327,2.0,159915.SZ
2014-09-17,0.0013908205841446364,0.0013908205841446364,0.0,159915.SZ
2014-09-18,0.011111111111111072,0.011111111111111072,0.0,159915.SZ
2014-09-19,0.0027472527472527375,0.0027472527472527375,0.0,159915.SZ
2014-09-22,-0.012328767123287676,-0.012328767123287676,0.0,159915.SZ
2014-09-23,0.013176144244105403,0.013176144244105403,0.0,159915.SZ
2014-09-24,0.012320328542094527,0.012320328542094527,0.0,159915.SZ
2014-09-25,-0.006761325219743042,-0.006761325219743042,0.0,159915.SZ
2014-09-26,0.002042205582028611,0.002042205582028611,0.0,159915.SZ
2014-09-29,0.01154891304347827,0.01154891304347827,0.0,159915.SZ
2014-09-30,0.00738750839489577,0.00738750839489577,0.0,159915.SZ
2014-10-08,0.010000000000000009,0.010000000000000009,0.0,159915.SZ
2014-10-09,0.0026402640264027166,0.0026402640264027166,0.0,159915.SZ
2014-10-10,-0.004608294930875556,-0.004608294930875556,0.0,159915.SZ
2014-10-13,-0.004629629629629761,-0.004629629629629761,0.0,159915.SZ
2014-10-14,-0.007973421926910196,-0.007973421926910196,0.0,159915.SZ
2014-10-15,0.00602813127930335,0.00602813127930335,0.0,159915.SZ
2014-10-16,-0.013315579227696439,-0.013315579227696439,0.0,159915.SZ
2014-10-17,-0.004415897230028221,-0.00461589723002822,2.0,510300.SH
2014-10-20,0.004435483870967705,0.004435483870967705,0.0,510300.SH
2014-10-21,-0.00642312324367722,-0.00642312324367722,0.0,510300.SH
2014-10-22,-0.005656565656565693,-0.005656565656565693,0.0,510300.SH
2014-10-23,-0.010564811052417689,-0.010564811052417689,0.0,510300.SH
2014-10-24,-0.000821355236139576,-0.000821355236139576,0.0,510300.SH
2014-10-27,-0.009453349773941633,-0.009453349773941633,0.0,510300.SH
2014-10-28,0.0008350087693034247,0.0006350087693034247,2.0,518880.SH
2014-10-29,0.002477291494632494,0.002477291494632494,0.0,518880.SH
2014-10-30,-0.01317957166392092,-0.01317957166392092,0.0,518880.SH
2014-10-31,-0.01961602671118523,-0.01961602671118523,0.0,518880.SH
2014-11-03,-0.012771392081737054,-0.012771392081737054,0.0,518880.SH
2014-11-04,-0.001293661060802087,-0.001293661060802087,0.0,518880.SH
2014-11-05,-0.01899827288428324,-0.01899827288428324,0.0,518880.SH
2014-11-06,-0.0016062536461369792,-0.0018062536461369793,2.0,513100.SH
2014-11-07,0.006646971935007295,0.006646971935007295,0.0,513100.SH
2014-11-10,0.0,0.0,0.0,513100.SH
2014-11-11,0.0,0.0,0.0,513100.SH
2014-11-12,-0.0007336757153337814,-0.0007336757153337814,0.0,513100.SH
2014-11-13,0.001468428781204123,0.001468428781204123,0.0,513100.SH
2014-11-14,0.0007331378299120228,0.0007331378299120228,0.0,513100.SH
2014-11-17,0.00219780219780219,0.00219780219780219,0.0,513100.SH
2014-11-18,0.0,0.0,0.0,513100.SH
2014-11-19,0.01242690058479523,0.01242690058479523,0.0,513100.SH
2014-11-20,-0.009386281588447565,-0.009386281588447565,0.0,513100.SH
2014-11-21,0.004373177842565523,0.004373177842565523,0.0,513100.SH
2014-11-24,0.019245283018867854,0.019045283018867855,2.0,510300.SH
2014-11-25,0.010366530914476257,0.010366530914476257,0.0,510300.SH
2014-11-26,0.010993037742762723,0.010993037742762723,0.0,510300.SH
2014-11-27,0.009061254077564307,0.009061254077564307,0.0,510300.SH
2014-11-28,0.02370689655172442,0.02370689655172442,0.0,510300.SH
2014-12-01,0.001052631578947416,0.001052631578947416,0.0,510300.SH
2014-12-02,0.03960743077462325,0.03960743077462325,0.0,510300.SH
2014-12-03,0.010788941335131419,0.010788941335131419,0.0,510300.SH
2014-12-04,0.060707138092061186,0.060707138092061186,0.0,510300.SH
2014-12-05,-0.00597484276729543,-0.00597484276729543,0.0,510300.SH
2014-12-08,0.048086048718759766,0.048086048718759766,0.0,510300.SH
2014-12-09,-0.05523694536673707,-0.05523694536673707,0.0,510300.SH
2014-12-10,0.036102236421725165,0.036102236421725165,0.0,510300.SH
2014-12-11,-0.010792476102374327,-0.010792476102374327,0.0,510300.SH
2014-12-12,0.0031172069825435855,0.0031172069825435855,0.0,510300.SH
2014-12-15,0.011497824735860807,0.011497824735860807,0.0,510300.SH
2014-12-16,0.02334869431643627,0.02334869431643627,0.0,510300.SH
2014-12-17,0.017111978384869442,0.017111978384869442,0.0,510300.SH
2014-12-18,-0.0011806375442738881,-0.0011806375442738881,0.0,510300.SH
2014-12-19,0.014775413711584084,0.014775413711584084,0.0,510300.SH
2014-12-22,-0.006988934187536433,-0.006988934187536433,0.0,510300.SH
2014-12-23,-0.020234604105571763,-0.020234604105571763,0.0,510300.SH
2014-12-24,-0.027835977252319677,-0.027835977252319677,0.0,510300.SH
2014-12-25,0.03633004926108363,0.03633004926108363,0.0,510300.SH
2014-12-26,0.03891859774212714,0.03891859774212714,0.0,510300.SH
2014-12-29,-0.004861309694023319,-0.004861309694023319,0.0,510300.SH
2014-12-30,0.0,0.0,0.0,510300.SH
2014-12-31,0.027011494252873414,0.027011494252873414,0.0,510300.SH
2015-01-05,0.03189703413542255,0.03189703413542255,0.0,510300.SH
2015-01-06,-0.006778741865509863,-0.006778741865509863,0.0,510300.SH
2015-01-07,-0.00027300027300025675,-0.00027300027300025675,0.0,510300.SH
2015-01-08,-0.021845985800109213,-0.021845985800109213,0.0,510300.SH
2015-01-09,-0.007258514796203208,-0.007258514796203208,0.0,510300.SH
2015-01-12,-0.003093363329583765,-0.003093363329583765,0.0,510300.SH
2015-01-13,-0.001974612129760356,-0.001974612129760356,0.0,510300.SH
2015-01-14,-0.0022611644997172498,-0.0022611644997172498,0.0,510300.SH
2015-01-15,0.028328611898017053,0.028328611898017053,0.0,510300.SH
2015-01-16,0.008815426997245135,0.008815426997245135,0.0,510300.SH
2015-01-19,-0.09994538503549977,-0.09994538503549977,0.0,510300.SH
2015-01-20,0.0041580942673176136,0.003958094267317614,2.0,518880.SH
2015-01-21,0.01945525291828809,0.01945525291828809,0.0,518880.SH
2015-01-22,-0.011832061068702382,-0.011832061068702382,0.0,518880.SH
2015-01-23,0.006952491309385911,0.006952491309385911,0.0,518880.SH
2015-01-26,0.0007671653241272391,0.0007671653241272391,0.0,518880.SH
2015-01-27,-0.007665772326561959,-0.007665772326561959,0.0,518880.SH
2015-01-28,0.0034762456546928444,0.0034762456546928444,0.0,518880.SH
2015-01-29,-0.0048863987868893455,-0.005086398786889345,2.0,159915.SZ
2015-01-30,-0.017554479418886104,-0.017554479418886104,0.0,159915.SZ
2015-02-02,0.009858287122612497,0.009858287122612497,0.0,159915.SZ
2015-02-03,0.032946918852959195,0.032946918852959195,0.0,159915.SZ
2015-02-04,0.002953337271116352,0.002953337271116352,0.0,159915.SZ
2015-02-05,0.006478209658421719,0.006478209658421719,0.0,159915.SZ
2015-02-06,-0.02808660035108257,-0.02808660035108257,0.0,159915.SZ
2015-02-09,-0.009632751354605618,-0.009632751354605618,0.0,159915.SZ
2015-02-10,0.024316109422492405,0.024316109422492405,0.0,159915.SZ
2015-02-11,0.011869436201780381,0.011869436201780381,0.0,159915.SZ
2015-02-12,0.008797653958944274,0.008797653958944274,0.0,159915.SZ
2015-02-13,0.02383720930232558,0.02383720930232558,0.0,159915.SZ
2015-02-16,0.03918228279386726,0.03918228279386726,0.0,159915.SZ
2015-02-17,-0.005464480874316946,-0.005464480874316946,0.0,159915.SZ
2015-02-25,-0.009340659340659418,-0.009340659340659418,0.0,159915.SZ
2015-02-26,-0.004824259131633424,-0.0050242591316334234,2.0,513100.SH
2015-02-27,0.003462603878116477,0.003462603878116477,0.0,513100.SH
2015-03-02,0.0020703933747410197,0.0020703933747410197,0.0,513100.SH
2015-03-03,0.015151515151515138,0.015151515151515138,0.0,513100.SH
2015-03-04,-0.004070556309362261,-0.004070556309362261,0.0,513100.SH
2015-03-05,-0.007493188010899154,-0.007493188010899154,0.0,513100.SH
2015-03-06,0.0041180507892930596,0.0041180507892930596,0.0,513100.SH
2015-03-09,0.025322925053383294,0.025122925053383295,2.0,159915.SZ
2015-03-10,0.023352361183186288,0.023352361183186288,0.0,159915.SZ
2015-03-11,-0.006085192697768749,-0.006085192697768749,0.0,159915.SZ
2015-03-12,-0.010204081632653073,-0.010204081632653073,0.0,159915.SZ
2015-03-13,0.026804123711340333,0.026804123711340333,0.0,159915.SZ
2015-03-16,0.034638554216867457,0.034638554216867457,0.0,159915.SZ
2015-03-17,-0.0038816108685104656,-0.0038816108685104656,0.0,159915.SZ
2015-03-18,0.022406234778373335,0.022406234778373335,0.0,159915.SZ
2015-03-19,-0.0019056693663649371,-0.0019056693663649371,0.0,159915.SZ
2015-03-20,0.014797136038185998,0.014797136038185998,0.0,159915.SZ
2015-03-23,0.03762935089369712,0.03762935089369712,0.0,159915.SZ
2015-03-24,0.030371713508613007,0.030371713508613007,0.0,159915.SZ
2015-03-25,0.006599208095028564,0.006599208095028564,0.0,159915.SZ
2015-03-26,-0.04283216783216781,-0.04283216783216781,0.0,159915.SZ
2015-03-27,0.01735159817351617,0.01735159817351617,0.0,159915.SZ
2015-03-30,-0.0157091561938959,-0.0157091561938959,0.0,159915.SZ
2015-03-31,-0.02624924138487883,-0.02644924138487883,2.0,510300.SH
2015-04-01,0.016373108409823978,0.016373108409823978,0.0,510300.SH
2015-04-02,-0.0014644862094214117,-0.0014644862094214117,0.0,510300.SH
2015-04-03,0.016132974822781643,0.016132974822781643,0.0,510300.SH
2015-04-07,0.017560740918932005,0.017560740918932005,0.0,510300.SH
2015-04-08,0.008037825059101555,0.008037825059101555,0.0,510300.SH
2015-04-09,-0.007270168855534775,-0.007270168855534775,0.0,510300.SH
2015-04-10,0.023387668320340227,0.023387668320340227,0.0,510300.SH
2015-04-13,0.01662049861495829,0.01662049861495829,0.0,510300.SH
2015-04-14,0.0004541326067211138,0.0004541326067211138,0.0,510300.SH
2015-04-15,-0.008397639582387595,-0.008397639582387595,0.0,510300.SH
2015-04-16,0.03273060196841371,0.03273060196841371,0.0,510300.SH
2015-04-17,0.01728723404255339,0.01728723404255339,0.0,510300.SH
2015-04-20,-0.02178649237472763,-0.02178649237472763,0.0,510300.SH
2015-04-21,0.021158129175946394,0.021158129175946394,0.0,510300.SH
2015-04-22,0.0272628135223556,0.0272628135223556,0.0,510300.SH
2015-04-23,-0.0010615711252656146,-0.0010615711252656146,0.0,510300.SH
2015-04-24,-0.003613177470775608,-0.003613177470775608,0.0,510300.SH
2015-04-27,0.02069112627986347,0.02069112627986347,0.0,510300.SH
2015-04-28,-0.012957157784743933,-0.012957157784743933,0.0,510300.SH
2015-04-29,0.005504975651069222,0.005504975651069222,0.0,510300.SH
2015-04-30,-0.0021057064645187973,-0.0021057064645187973,0.0,510300.SH
2015-05-04,0.005486389533656766,0.005486389533656766,0.0,510300.SH
2015-05-05,-0.03798530954879331,-0.03798530954879331,0.0,510300.SH
2015-05-06,-0.010471204188481464,-0.010471204188481464,0.0,510300.SH
2015-05-07,-0.014318742393773176,-0.014518742393773177,2.0,159915.SZ
2015-05-08,0.0774385703648548,0.0774385703648548,0.0,159915.SZ
2015-05-11,0.05390463026952297,0.05390463026952297,0.0,159915.SZ
2015-05-12,0.025901639344262373,0.025901639344262373,0.0,159915.SZ
2015-05-13,-0.029721955896452545,-0.029721955896452545,0.0,159915.SZ
2015-05-14,-0.00922266139657446,-0.00922266139657446,0.0,159915.SZ
2015-05-15,0.0026595744680850686,0.0026595744680850686,0.0,159915.SZ
2015-05-18,0.046750663129973447,0.046750663129973447,0.0,159915.SZ
2015-05-19,0.008869179600886845,0.008869179600886845,0.0,159915.SZ
2015-05-20,0.024803767660910525,0.024803767660910525,0.0,159915.SZ
2015-05-21,0.04473039215686292,0.04473039215686292,0.0,159915.SZ
2015-05-22,-0.008211143695014633,-0.008211143695014633,0.0,159915.SZ
2015-05-25,-0.0162625665286813,-0.0162625665286813,0.0,159915.SZ
2015-05-26,0.04087766756837996,0.04087766756837996,0.0,159915.SZ
2015-05-27,0.0,0.0,0.0,159915.SZ
2015-05-28,-0.04995668495524108,-0.04995668495524108,0.0,159915.SZ
2015-05-29,0.02857142857142847,0.02857142857142847,0.0,159915.SZ
2015-06-01,0.05437352245862881,0.05437352245862881,0.0,159915.SZ
2015-06-02,0.056053811659192654,0.056053811659192654,0.0,159915.SZ
2015-06-03,0.0058386411889597145,0.0058386411889597145,0.0,159915.SZ
2015-06-04,-0.010290237467018515,-0.010290237467018515,0.0,159915.SZ
2015-06-05,-0.012796587576646257,-0.012796587576646257,0.0,159915.SZ
2015-06-08,-0.045908722657304835,-0.045908722657304835,0.0,159915.SZ
2015-06-09,-0.026039659929933845,-0.026239659929933844,2.0,510300.SH
2015-06-10,-0.0009500285008549048,-0.0009500285008549048,0.0,510300.SH
2015-06-11,0.00019018638265522192,0.00019018638265522192,0.0,510300.SH
2015-06-12,0.007415858528237118,0.007415858528237118,0.0,510300.SH
2015-06-15,-0.023971309928274787,-0.023971309928274787,0.0,510300.SH
2015-06-16,-0.02630052214271894,-0.02630052214271894,0.0,510300.SH
2015-06-17,0.014895729890764597,0.014895729890764597,0.0,510300.SH
2015-06-18,-0.0393346379647751,-0.0393346379647751,0.0,510300.SH
2015-06-19,-0.0623344876756976,-0.0623344876756976,0.0,510300.SH
2015-06-23,0.01651467843719656,0.016314678437196563,2.0,513100.SH
2015-06-24,-0.002693602693602748,-0.002693602693602748,0.0,513100.SH
2015-06-25,-0.006752194463200523,-0.006752194463200523,0.0,513100.SH
2015-06-26,-0.0006798096532971698,-0.0006798096532971698,0.0,513100.SH
2015-06-29,-0.00952380952380949,-0.00952380952380949,0.0,513100.SH
2015-06-30,-0.01098901098901095,-0.01098901098901095,0.0,513100.SH
2015-07-01,0.0,0.0,0.0,513100.SH
2015-07-02,0.004861111111111205,0.004861111111111205,0.0,513100.SH
2015-07-03,-0.0027643400138217533,-0.0027643400138217533,0.0,513100.SH
2015-07-06,-0.02009702009702019,-0.02009702009702019,0.0,513100.SH
2015-07-07,-0.000666167218613456,-0.0008661672186134559,2.0,518880.SH
2015-07-08,-0.03329009943795935,-0.03329009943795935,0.0,518880.SH
2015-07-09,0.03533094812164572,0.03533094812164572,0.0,518880.SH
2015-07-10,-0.006047516198704028,-0.006047516198704028,0.0,518880.SH
2015-07-13,0.003911342894393766,0.003911342894393766,0.0,518880.SH
2015-07-14,-0.0004329004329003405,-0.0004329004329003405,0.0,518880.SH
2015-07-15,-0.0008661758336943048,-0.0008661758336943048,0.0,518880.SH
2015-07-16,-0.021821303098523925,-0.022021303098523924,2.0,513100.SH
2015-07-17,0.025017373175816537,0.025017373175816537,0.0,513100.SH
2015-07-20,0.022372881355932073,0.022372881355932073,0.0,513100.SH
2015-07-21,0.011273209549071517,0.011273209549071517,0.0,513100.SH
2015-07-22,-0.011803278688524599,-0.011803278688524599,0.0,513100.SH
2015-07-23,0.001990710019907249,0.001990710019907249,0.0,513100.SH
2015-07-24,-0.007947019867549643,-0.007947019867549643,0.0,513100.SH
2015-07-27,-0.013351134846461998,-0.013351134846461998,0.0,513100.SH
2015-07-28,-0.004059539918809252,-0.004059539918809252,0.0,513100.SH
2015-07-29,0.018342391304347894,0.018342391304347894,0.0,513100.SH
2015-07-30,0.014009339559706513,0.014009339559706513,0.0,513100.SH
2015-07-31,0.003947368421052699,0.003947368421052699,0.0,513100.SH
2015-08-03,0.001310615989515096,0.001310615989515096,0.0,513100.SH
2015-08-04,-0.011125654450261813,-0.011125654450261813,0.0,513100.SH
2015-08-05,-0.025056084370388643,-0.02525608437038864,2.0,159915.SZ
2015-08-06,-0.003392705682782049,-0.003392705682782049,0.0,159915.SZ
2015-08-07,0.046382978723404245,0.046382978723404245,0.0,159915.SZ
2015-08-10,0.06628710858072373,0.06628710858072373,0.0,159915.SZ
2015-08-11,-0.021739130434782594,-0.021739130434782594,0.0,159915.SZ
2015-08-12,-0.029629629629629672,-0.029629629629629672,0.0,159915.SZ
2015-08-13,0.027721976697468786,0.027721976697468786,0.0,159915.SZ
2015-08-14,0.013170179979808516,0.012970179979808516,2.0,513100.SH
2015-08-17,0.003221649484536071,0.003221649484536071,0.0,513100.SH
2015-08-18,0.012845215157353929,0.012845215157353929,0.0,513100.SH
2015-08-19,-0.012048192771084265,-0.012048192771084265,0.0,513100.SH
2015-08-20,-0.013478818998716391,-0.013478818998716391,0.0,513100.SH
2015-08-21,-0.03253090435914108,-0.03253090435914108,0.0,513100.SH
2015-08-24,-0.07531943510423678,-0.07531943510423678,0.0,513100.SH
2015-08-25,-0.038765546250331684,-0.03896554625033168,2.0,518880.SH
2015-08-26,-0.008023648648648463,-0.008023648648648463,0.0,518880.SH
2015-08-27,-0.011494252873563315,-0.011494252873563315,0.0,518880.SH
2015-08-28,0.004737295434969813,0.004737295434969813,0.0,518880.SH
2015-08-31,0.002571795970852886,0.002571795970852886,0.0,518880.SH
2015-09-01,0.006412997007268162,0.006412997007268162,0.0,518880.SH
2015-09-02,-0.0012744265080714134,-0.0012744265080714134,0.0,518880.SH
2015-09-07,-0.0161633347511696,-0.0161633347511696,0.0,518880.SH
2015-09-08,-0.004323389537397415,-0.004323389537397415,0.0,518880.SH
2015-09-09,0.004342162396873794,0.004342162396873794,0.0,518880.SH
2015-09-10,-0.011673151750972832,-0.011673151750972832,0.0,518880.SH
2015-09-11,0.00043744531933498365,0.00043744531933498365,0.0,518880.SH
2015-09-14,-0.0021862702229995534,-0.0021862702229995534,0.0,518880.SH
2015-09-15,-0.0008764241893077784,-0.0008764241893077784,0.0,518880.SH
2015-09-16,-0.001315789473684048,-0.001315789473684048,0.0,518880.SH
2015-09-17,0.012296881862099207,0.012296881862099207,0.0,518880.SH
2015-09-18,0.00563991323210411,0.00563991323210411,0.0,518880.SH
2015-09-21,0.01251078515962023,0.01251078515962023,0.0,518880.SH
2015-09-22,-0.005965061780996983,-0.005965061780996983,0.0,518880.SH
2015-09-23,-0.008742923865971086,-0.008942923865971087,2.0,513100.SH
2015-09-24,0.0,0.0,0.0,513100.SH
2015-09-25,0.0027662517289073207,0.0027662517289073207,0.0,513100.SH
2015-09-28,-0.011034482758620734,-0.011034482758620734,0.0,513100.SH
2015-09-29,-0.028591352859135277,-0.028591352859135277,0.0,513100.SH
2015-09-30,0.00071787508973431,0.00071787508973431,0.0,513100.SH
2015-10-08,0.035150645624103305,0.035150645624103305,0.0,513100.SH
2015-10-09,0.020873786407767048,0.02067378640776705,2.0,159915.SZ
2015-10-12,0.05563480741797422,0.05563480741797422,0.0,159915.SZ
2015-10-13,0.002702702702702675,0.002702702702702675,0.0,159915.SZ
2015-10-14,-0.019766397124887702,-0.019766397124887702,0.0,159915.SZ
2015-10-15,0.05316223648029328,0.05316223648029328,0.0,159915.SZ
2015-10-16,0.013489991296779857,0.013489991296779857,0.0,159915.SZ
2015-10-19,-0.015027908973808568,-0.015027908973808568,0.0,159915.SZ
2015-10-20,0.04228421970357443,0.04228421970357443,0.0,159915.SZ
2015-10-21,-0.07151819322459219,-0.07151819322459219,0.0,159915.SZ
2015-10-22,0.05765765765765751,0.05765765765765751,0.0,159915.SZ
2015-10-23,0.033645655877342584,0.033645655877342584,0.0,159915.SZ
2015-10-26,-0.011948908117016876,-0.011948908117016876,0.0,159915.SZ
2015-10-27,0.01918265221017501,0.01918265221017501,0.0,159915.SZ
2015-10-28,-0.03436988543371522,-0.03436988543371522,0.0,159915.SZ
2015-10-29,-0.003389830508474634,-0.003389830508474634,0.0,159915.SZ
2015-10-30,-0.0012755102040814537,-0.0012755102040814537,0.0,159915.SZ
2015-11-02,-0.01617709663686684,-0.01617709663686684,0.0,159915.SZ
2015-11-03,-0.0025962786672435456,-0.0025962786672435456,0.0,159915.SZ
2015-11-04,0.00844736845720484,0.00824736845720484,2.0,513100.SH
2015-11-05,-0.0006329113924051777,-0.0006329113924051777,0.0,513100.SH
2015-11-06,-0.0031665611146294292,-0.0031665611146294292,0.0,513100.SH
2015-11-09,0.005717916137229828,0.005717916137229828,0.0,513100.SH
2015-11-10,-0.012634238787113117,-0.012634238787113117,0.0,513100.SH
2015-11-11,-0.0031989763275751537,-0.0031989763275751537,0.0,513100.SH
2015-11-12,0.0006418485237482674,0.0006418485237482674,0.0,513100.SH
2015-11-13,-0.02140764614347801,-0.02160764614347801,2.0,159915.SZ
2015-11-16,0.0348837209302324,0.0348837209302324,0.0,159915.SZ
2015-11-17,-0.0378277153558052,-0.0378277153558052,0.0,159915.SZ
2015-11-18,-0.020630595562475595,-0.020630595562475595,0.0,159915.SZ
2015-11-19,0.042925278219395846,0.042925278219395846,0.0,159915.SZ
2015-11-20,0.008003048780487854,0.008003048780487854,0.0,159915.SZ
2015-11-23,-0.009829867674858161,-0.009829867674858161,0.0,159915.SZ
2015-11-24,0.01680030546009914,0.01680030546009914,0.0,159915.SZ
2015-11-25,0.03116785580172743,0.03116785580172743,0.0,159915.SZ
2015-11-26,-0.0262199563000729,-0.0262199563000729,0.0,159915.SZ
2015-11-27,-0.0665669409124906,-0.0665669409124906,0.0,159915.SZ
2015-11-30,0.009615384615384581,0.009615384615384581,0.0,159915.SZ
2015-12-01,-0.00515873015873014,-0.00515873015873014,0.0,159915.SZ
2015-12-02,-0.02114080574391697,-0.02114080574391697,0.0,159915.SZ
2015-12-03,0.007624186700636804,0.007424186700636804,2.0,510300.SH
2015-12-04,-0.01894238358326772,-0.01894238358326772,0.0,510300.SH
2015-12-07,0.0016090104585679832,0.0016090104585679832,0.0,510300.SH
2015-12-08,-0.014457831325301318,-0.014457831325301318,0.0,510300.SH
2015-12-09,0.0013583265417005386,0.0013583265417005386,0.0,510300.SH
2015-12-10,-0.0018990775908844792,-0.0018990775908844792,0.0,510300.SH
2015-12-11,-0.0048926338678987324,-0.0048926338678987324,0.0,510300.SH
2015-12-14,-0.010449577437684265,-0.010649577437684266,2.0,513100.SH
2015-12-15,0.007692307692307665,0.007692307692307665,0.0,513100.SH
2015-12-16,0.008269720101781175,0.008269720101781175,0.0,513100.SH
2015-12-17,0.016403785488958933,0.016403785488958933,0.0,513100.SH
2015-12-18,-0.01613904407200495,-0.01613904407200495,0.0,513100.SH
2015-12-21,-0.00694006309148254,-0.00694006309148254,0.0,513100.SH
2015-12-22,0.0,0.0,0.0,513100.SH
2015-12-23,0.0016442728968966147,0.0014442728968966146,2.0,510300.SH
2015-12-24,-0.011983681795002754,-0.011983681795002754,0.0,510300.SH
2015-12-25,0.005161290322580836,0.005161290322580836,0.0,510300.SH
2015-12-28,-0.030038510911424954,-0.030038510911424954,0.0,510300.SH
2015-12-29,0.009264160931709897,0.009264160931709897,0.0,510300.SH
2015-12-30,-0.0002622606871229838,-0.0002622606871229838,0.0,510300.SH
2015-12-31,-0.008919202518362979,-0.008919202518362979,0.0,510300.SH
2016-01-04,0.006625666314930445,0.0064256663149304455,2.0,518880.SH
2016-01-05,0.008440693025322243,0.008440693025322243,0.0,518880.SH
2016-01-06,0.008370044052863568,0.008370044052863568,0.0,518880.SH
2016-01-07,0.02184359982525108,0.02184359982525108,0.0,518880.SH
2016-01-08,-0.00042753313381782565,-0.00042753313381782565,0.0,518880.SH
2016-01-11,0.0038494439692045024,0.0038494439692045024,0.0,518880.SH
2016-01-12,-0.01235619940349375,-0.01235619940349375,0.0,518880.SH
2016-01-13,-0.007765314926660993,-0.007765314926660993,0.0,518880.SH
2016-01-14,0.0073913043478262,0.0073913043478262,0.0,518880.SH
2016-01-15,-0.005610703495899982,-0.005610703495899982,0.0,518880.SH
2016-01-18,0.003906250000000222,0.003906250000000222,0.0,518880.SH
2016-01-19,-0.0008646779074795719,-0.0008646779074795719,0.0,518880.SH
2016-01-20,0.007788836001730859,0.007788836001730859,0.0,518880.SH
2016-01-21,0.009016745384285096,0.009016745384285096,0.0,518880.SH
2016-01-22,-0.00638297872340432,-0.00638297872340432,0.0,518880.SH
2016-01-25,0.0017130620985010836,0.0017130620985010836,0.0,518880.SH
2016-01-26,0.017101325352714802,0.017101325352714802,0.0,518880.SH
2016-01-27,-0.0016813787305590688,-0.0016813787305590688,0.0,518880.SH
2016-01-28,-0.005894736842105175,-0.005894736842105175,0.0,518880.SH
2016-01-29,0.0008470986869968389,0.0008470986869968389,0.0,518880.SH
2016-02-01,0.008463817181548983,0.008463817181548983,0.0,518880.SH
2016-02-02,0.0025178346621903547,0.0025178346621903547,0.0,518880.SH
2016-02-03,0.004185851820845743,0.004185851820845743,0.0,518880.SH
2016-02-04,0.009170487703209496,0.009170487703209496,0.0,518880.SH
2016-02-05,0.01239157372986388,0.01239157372986388,0.0,518880.SH
2016-02-15,0.03916768665850667,0.03916768665850667,0.0,518880.SH
2016-02-16,-0.013741656851197548,-0.013741656851197548,0.0,518880.SH
2016-02-17,0.00835987261146487,0.00835987261146487,0.0,518880.SH
2016-02-18,0.0015791551519936942,0.0015791551519936942,0.0,518880.SH
2016-02-19,0.014584154513204606,0.014584154513204606,0.0,518880.SH
2016-02-22,-0.007381507381507224,-0.007381507381507224,0.0,518880.SH
2016-02-23,0.0007827788649705791,0.0007827788649705791,0.0,518880.SH
2016-02-24,0.007821666014861117,0.007821666014861117,0.0,518880.SH
2016-02-25,0.014357780364765205,0.014357780364765205,0.0,518880.SH
2016-02-26,-0.0007651109410863333,-0.0007651109410863333,0.0,518880.SH
2016-02-29,-0.009571209800918856,-0.009571209800918856,0.0,518880.SH
2016-03-01,0.015075376884422065,0.015075376884422065,0.0,518880.SH
2016-03-02,-0.01180502665651173,-0.01180502665651173,0.0,518880.SH
2016-03-03,0.008477842003853375,0.008477842003853375,0.0,518880.SH
2016-03-04,0.012991975544516476,0.012991975544516476,0.0,518880.SH
2016-03-07,-0.0007544322897019562,-0.0007544322897019562,0.0,518880.SH
2016-03-08,0.004907512268780723,0.004907512268780723,0.0,518880.SH
2016-03-09,-0.010518407212622094,-0.010518407212622094,0.0,518880.SH
2016-03-10,-0.0060744115413818855,-0.0060744115413818855,0.0,518880.SH
2016-03-11,0.012605042016806678,0.012605042016806678,0.0,518880.SH
2016-03-14,-0.010184835910976853,-0.010184835910976853,0.0,518880.SH
2016-03-15,-0.015243902439024404,-0.015443902439024404,2.0,513100.SH
2016-03-16,-0.0026578073089701393,-0.0026578073089701393,0.0,513100.SH
2016-03-17,0.009327115256495766,0.009327115256495766,0.0,513100.SH
2016-03-18,-0.0006600660066006236,-0.0006600660066006236,0.0,513100.SH
2016-03-21,-0.0026420079260237594,-0.0026420079260237594,0.0,513100.SH
2016-03-22,0.0006622516556291647,0.0006622516556291647,0.0,513100.SH
2016-03-23,0.00794176042356054,0.00794176042356054,0.0,513100.SH
2016-03-24,-0.009192383453709763,-0.009192383453709763,0.0,513100.SH
2016-03-25,0.005460620022774698,0.0052606200227746985,2.0,510300.SH
2016-03-28,-0.009419152276295084,-0.009419152276295084,0.0,510300.SH
2016-03-29,-0.008240887480190251,-0.008240887480190251,0.0,510300.SH
2016-03-30,0.027484819431128127,0.027484819431128127,0.0,510300.SH
2016-03-31,-0.0018662519440122427,-0.0018662519440122427,0.0,510300.SH
2016-04-01,0.0031162355874103653,0.0031162355874103653,0.0,510300.SH
2016-04-05,0.009630319975147739,0.009630319975147739,0.0,510300.SH
2016-04-06,0.001972324723247043,0.001772324723247043,2.0,159915.SZ
2016-04-07,-0.016506189821182904,-0.016506189821182904,0.0,159915.SZ
2016-04-08,-0.009324009324009341,-0.009324009324009341,0.0,159915.SZ
2016-04-11,0.021176470588235352,0.021176470588235352,0.0,159915.SZ
2016-04-12,-0.0036866359447004227,-0.0036866359447004227,0.0,159915.SZ
2016-04-13,0.006938020351526353,0.006938020351526353,0.0,159915.SZ
2016-04-14,0.016077170418006492,0.016077170418006492,0.0,159915.SZ
2016-04-15,-0.007685352622061603,-0.007685352622061603,0.0,159915.SZ
2016-04-18,-0.015945330296127436,-0.015945330296127436,0.0,159915.SZ
2016-04-19,0.0004629629629628873,0.0004629629629628873,0.0,159915.SZ
2016-04-20,-0.002567288277577795,-0.002767288277577795,2.0,513100.SH
2016-04-21,0.0032341526520049957,0.0032341526520049957,0.0,513100.SH
2016-04-22,-0.0025789813023855412,-0.0025789813023855412,0.0,513100.SH
2016-04-25,-0.008403361344537785,-0.008403361344537785,0.0,513100.SH
2016-04-26,-0.0006518904823989979,-0.0006518904823989979,0.0,513100.SH
2016-04-27,-0.0071754729288975305,-0.0071754729288975305,0.0,513100.SH
2016-04-28,-0.001971090670170872,-0.001971090670170872,0.0,513100.SH
2016-04-29,0.003222657275122609,0.003022657275122609,2.0,518880.SH
2016-05-03,0.015789473684210353,0.015789473684210353,0.0,518880.SH
2016-05-04,-0.00925240562546259,-0.00925240562546259,0.0,518880.SH
2016-05-05,-0.0007471049682481468,-0.0007471049682481468,0.0,518880.SH
2016-05-06,0.0018691588785046953,0.0018691588785046953,0.0,518880.SH
2016-05-09,-0.003731343283582156,-0.003731343283582156,0.0,518880.SH
2016-05-10,-0.004868913857677848,-0.004868913857677848,0.0,518880.SH
2016-05-11,0.004516371847948841,0.004516371847948841,0.0,518880.SH
2016-05-12,-0.0033720494567253123,-0.0033720494567253123,0.0,518880.SH
2016-05-13,0.008270676691729317,0.008270676691729317,0.0,518880.SH
2016-05-16,0.004847129008202833,0.004847129008202833,0.0,518880.SH
2016-05-17,-0.0048237476808905555,-0.0048237476808905555,0.0,518880.SH
2016-05-18,-0.00037285607755399575,-0.00037285607755399575,0.0,518880.SH
2016-05-19,-0.015292801193584449,-0.015292801193584449,0.0,518880.SH
2016-05-20,-0.0007575757575758457,-0.0007575757575758457,0.0,518880.SH
2016-05-23,-0.0011372251705837888,-0.0011372251705837888,0.0,518880.SH
2016-05-24,-0.004554079696394542,-0.004554079696394542,0.0,518880.SH
2016-05-25,-0.016012199771254343,-0.016012199771254343,0.0,518880.SH
2016-05-26,0.005299619198800398,0.0050996191988003986,2.0,513100.SH
2016-05-27,0.004527813712807083,0.004527813712807083,0.0,513100.SH
2016-05-30,0.009658725048293793,0.009658725048293793,0.0,513100.SH
2016-05-31,0.005102040816326481,0.005102040816326481,0.0,513100.SH
2016-06-01,0.0006345177664974777,0.0006345177664974777,0.0,513100.SH
2016-06-02,-0.0038046924540265925,-0.0038046924540265925,0.0,513100.SH
2016-06-03,0.0,0.0,0.0,513100.SH
2016-06-06,-0.007001909611712209,-0.007001909611712209,0.0,513100.SH
2016-06-07,0.005451770451770255,0.005251770451770255,2.0,159915.SZ
2016-06-08,-0.0028598665395613843,-0.0028598665395613843,0.0,159915.SZ
2016-06-13,-0.05975143403441685,-0.05975143403441685,0.0,159915.SZ
2016-06-14,0.0,0.0,0.0,159915.SZ
2016-06-15,0.037112353838332446,0.037112353838332446,0.0,159915.SZ
2016-06-16,-0.015196078431372606,-0.015196078431372606,0.0,159915.SZ
2016-06-17,0.012444001991040343,0.012444001991040343,0.0,159915.SZ
2016-06-20,0.0020877343229612766,0.0018877343229612765,2.0,513100.SH
2016-06-21,-0.005148005148005175,-0.005148005148005175,0.0,513100.SH
2016-06-22,-0.0032341526520052177,-0.0032341526520052177,0.0,513100.SH
2016-06-23,0.0019467878001298011,0.0019467878001298011,0.0,513100.SH
2016-06-24,-0.0090673575129534,-0.0090673575129534,0.0,513100.SH
2016-06-27,-0.0032679738562092497,-0.0032679738562092497,0.0,513100.SH
2016-06-28,-0.0019672131147540073,-0.0019672131147540073,0.0,513100.SH
2016-06-29,0.008820980233176012,0.008620980233176012,2.0,518880.SH
2016-06-30,-0.004240282685512353,-0.004240282685512353,0.0,518880.SH
2016-07-01,0.01419446415897796,0.01419446415897796,0.0,518880.SH
2016-07-04,0.014345696291112597,0.014345696291112597,0.0,518880.SH
2016-07-05,-0.0031045187995860646,-0.0031045187995860646,0.0,518880.SH
2016-07-06,0.01972318339100343,0.01972318339100343,0.0,518880.SH
2016-07-07,-0.0037326094333220983,-0.0037326094333220983,0.0,518880.SH
2016-07-08,-0.006811989100817484,-0.006811989100817484,0.0,518880.SH
2016-07-11,0.008916323731138709,0.008916323731138709,0.0,518880.SH
2016-07-12,0.010242614875182632,0.010042614875182631,2.0,159915.SZ
2016-07-13,0.015313225058004809,0.015313225058004809,0.0,159915.SZ
2016-07-14,0.000914076782449591,0.000914076782449591,0.0,159915.SZ
2016-07-15,-0.011872146118721338,-0.011872146118721338,0.0,159915.SZ
2016-07-18,-0.007393715341959317,-0.007393715341959317,0.0,159915.SZ
2016-07-19,0.011638733705772841,0.011638733705772841,0.0,159915.SZ
2016-07-20,-0.0036815462494247386,-0.0036815462494247386,0.0,159915.SZ
2016-07-21,0.00014646783400484864,-5.353216599515137e-05,2.0,513100.SH
2016-07-22,-0.0042579075425790425,-0.0042579075425790425,0.0,513100.SH
2016-07-25,0.0036652412950519686,0.0036652412950519686,0.0,513100.SH
2016-07-26,0.002434570906877598,0.002434570906877598,0.0,513100.SH
2016-07-27,0.0012143290831816422,0.0012143290831816422,0.0,513100.SH
2016-07-28,0.004244996967859294,0.004244996967859294,0.0,513100.SH
2016-07-29,0.005434782608695787,0.005434782608695787,0.0,513100.SH
2016-08-01,0.0030030030030030463,0.0030030030030030463,0.0,513100.SH
2016-08-02,0.004790419161676551,0.004790419161676551,0.0,513100.SH
2016-08-03,-0.014302741358760418,-0.014302741358760418,0.0,513100.SH
2016-08-04,0.0012091898428052694,0.0012091898428052694,0.0,513100.SH
2016-08-05,0.007246376811594235,0.007246376811594235,0.0,513100.SH
2016-08-08,0.011990407673860837,0.011990407673860837,0.0,513100.SH
2016-08-09,0.004146919431279761,0.004146919431279761,0.0,513100.SH
2016-08-10,0.002949852507374562,0.002949852507374562,0.0,513100.SH
2016-08-11,-0.004117647058823448,-0.004117647058823448,0.0,513100.SH
2016-08-12,0.005316007088009389,0.005316007088009389,0.0,513100.SH
2016-08-15,-0.002350176263219761,-0.002350176263219761,0.0,513100.SH
2016-08-16,0.002355712603062443,0.002355712603062443,0.0,513100.SH
2016-08-17,-0.008225616921269108,-0.008225616921269108,0.0,513100.SH
2016-08-18,-0.0020212890719316645,-0.0022212890719316646,2.0,510300.SH
2016-08-19,-0.001168224299065268,-0.001168224299065268,0.0,510300.SH
2016-08-22,-0.007017543859649256,-0.007017543859649256,0.0,510300.SH
2016-08-23,0.0005889281507656108,0.0005889281507656108,0.0,510300.SH
2016-08-24,-0.004120070629782258,-0.004120070629782258,0.0,510300.SH
2016-08-25,-0.005319148936170248,-0.005319148936170248,0.0,510300.SH
2016-08-26,-0.0011883541295306665,-0.0011883541295306665,0.0,510300.SH
2016-08-29,-0.0002974419988100996,-0.0002974419988100996,0.0,510300.SH
2016-08-30,0.004165426956262985,0.004165426956262985,0.0,510300.SH
2016-08-31,0.004148148148148234,0.004148148148148234,0.0,510300.SH
2016-09-01,-0.010622602537621595,-0.010622602537621595,0.0,510300.SH
2016-09-02,0.004473605726215357,0.004473605726215357,0.0,510300.SH
2016-09-05,0.0020783847980998527,0.0020783847980998527,0.0,510300.SH
2016-09-06,0.008592592592592707,0.008592592592592707,0.0,510300.SH
2016-09-07,0.000587544065804968,0.000587544065804968,0.0,510300.SH
2016-09-08,-0.0014679976512039783,-0.0014679976512039783,0.0,510300.SH
2016-09-09,-0.008462623413257986,-0.008662623413257986,2.0,159915.SZ
2016-09-12,-0.023233760075865306,-0.023233760075865306,0.0,159915.SZ
2016-09-13,-0.0024271844660194164,-0.0024271844660194164,0.0,159915.SZ
2016-09-14,-0.00194647201946474,-0.00194647201946474,0.0,159915.SZ
2016-09-19,0.010238907849829282,0.010238907849829282,0.0,159915.SZ
2016-09-20,-0.0028957528957530565,-0.0028957528957530565,0.0,159915.SZ
2016-09-21,0.0009680542110359625,0.0009680542110359625,0.0,159915.SZ
2016-09-22,0.015202733238128152,0.015002733238128152,2.0,513100.SH
2016-09-23,0.02604166666666652,0.02604166666666652,0.0,513100.SH
2016-09-26,-0.01579244218838116,-0.01579244218838116,0.0,513100.SH
2016-09-27,-0.01318051575931245,-0.01318051575931245,0.0,513100.SH
2016-09-28,0.0011614401858304202,0.0011614401858304202,0.0,513100.SH
2016-09-29,0.0,0.0,0.0,513100.SH
2016-09-30,-0.009860788863109038,-0.009860788863109038,0.0,513100.SH
2016-10-10,0.00704425958853272,0.00684425958853272,2.0,518880.SH
2016-10-11,-0.002192181220314282,-0.002192181220314282,0.0,518880.SH
2016-10-12,-0.002196997436836212,-0.002196997436836212,0.0,518880.SH
2016-10-13,0.003302752293578015,0.003302752293578015,0.0,518880.SH
2016-10-14,-0.003657644476956712,-0.003657644476956712,0.0,518880.SH
2016-10-17,0.0036710719530101965,0.0036710719530101965,0.0,518880.SH
2016-10-18,0.002194586686174116,0.002194586686174116,0.0,518880.SH
2016-10-19,0.005540307436078251,0.0053403074360782515,2.0,513100.SH
2016-10-20,0.004637681159420204,0.004637681159420204,0.0,513100.SH
2016-10-21,-0.0028851702250433098,-0.0028851702250433098,0.0,513100.SH
2016-10-24,0.006365740740740922,0.006365740740740922,0.0,513100.SH
2016-10-25,0.01322599194939622,0.01322599194939622,0.0,513100.SH
2016-10-26,-0.006242905788876318,-0.006242905788876318,0.0,513100.SH
2016-10-27,-0.007424328954882875,-0.007424328954882875,0.0,513100.SH
2016-10-28,-0.0008807985907223204,-0.0010807985907223205,2.0,510300.SH
2016-10-31,-0.0020570085218925005,-0.0020570085218925005,0.0,510300.SH
2016-11-01,0.006183745583038913,0.006183745583038913,0.0,510300.SH
2016-11-02,-0.0067310506292068695,-0.0067310506292068695,0.0,510300.SH
2016-11-03,0.007660577489687848,0.007660577489687848,0.0,510300.SH
2016-11-04,-0.003216374269006006,-0.003216374269006006,0.0,510300.SH
2016-11-07,0.0008800234672925455,0.0008800234672925455,0.0,510300.SH
2016-11-08,0.009265776909008094,0.009065776909008094,2.0,518880.SH
2016-11-09,0.023945675482487605,0.023945675482487605,0.0,518880.SH
2016-11-10,-0.018150087260034864,-0.018150087260034864,0.0,518880.SH
2016-11-11,-0.01564166370423037,-0.01564166370423037,0.0,518880.SH
2016-11-14,-0.031058143734200128,-0.031058143734200128,0.0,518880.SH
2016-11-15,0.009690644800596449,0.009690644800596449,0.0,518880.SH
2016-11-16,0.0047988187523071435,0.0047988187523071435,0.0,518880.SH
2016-11-17,0.0037367059499855415,0.0035367059499855414,2.0,510300.SH
2016-11-18,-0.0034364261168384758,-0.0034364261168384758,0.0,510300.SH
2016-11-21,0.0045977011494253706,0.0045977011494253706,0.0,510300.SH
2016-11-22,0.010011441647597374,0.010011441647597374,0.0,510300.SH
2016-11-23,0.001699235344095218,0.001699235344095218,0.0,510300.SH
2016-11-24,0.0028272547356515965,0.0028272547356515965,0.0,510300.SH
2016-11-25,0.010995207217366687,0.010995207217366687,0.0,510300.SH
2016-11-28,0.004461795872838792,0.004461795872838792,0.0,510300.SH
2016-11-29,0.007773459189339249,0.007773459189339249,0.0,510300.SH
2016-11-30,-0.009090909090909038,-0.009090909090909038,0.0,510300.SH
2016-12-01,0.00945232137892682,0.00945232137892682,0.0,510300.SH
2016-12-02,-0.011016248967226638,-0.011016248967226638,0.0,510300.SH
2016-12-05,-0.020050125313283207,-0.020050125313283207,0.0,510300.SH
2016-12-06,-0.0017050298380222317,-0.0017050298380222317,0.0,510300.SH
2016-12-07,0.00455451181326505,0.00455451181326505,0.0,510300.SH
2016-12-08,0.012389814312417036,0.012189814312417035,2.0,513100.SH
2016-12-09,-0.00943920044419766,-0.00943920044419766,0.0,513100.SH
2016-12-12,0.005605381165919354,0.005605381165919354,0.0,513100.SH
2016-12-13,0.0,0.0,0.0,513100.SH
2016-12-14,0.0078037904124861335,0.0078037904124861335,0.0,513100.SH
2016-12-15,0.0011061946902655162,0.0011061946902655162,0.0,513100.SH
2016-12-16,0.0044198895027625085,0.0044198895027625085,0.0,513100.SH
2016-12-19,-0.002750275027502802,-0.002750275027502802,0.0,513100.SH
2016-12-20,0.001654715940430318,0.001654715940430318,0.0,513100.SH
2016-12-21,0.016519823788546217,0.016519823788546217,0.0,513100.SH
2016-12-22,-0.004333694474539573,-0.004333694474539573,0.0,513100.SH
2016-12-23,-0.0010881392818280489,-0.0010881392818280489,0.0,513100.SH
2016-12-26,0.015795206971677578,0.015795206971677578,0.0,513100.SH
2016-12-27,-0.016621983914209104,-0.016621983914209104,0.0,513100.SH
2016-12-28,0.004907306434023928,0.004907306434023928,0.0,513100.SH
2016-12-29,-0.009766684753119925,-0.009766684753119925,0.0,513100.SH
2016-12-30,-0.004383561643835576,-0.004383561643835576,0.0,513100.SH
2017-01-03,-0.008805723720418324,-0.008805723720418324,0.0,513100.SH
2017-01-04,0.0061077179344808386,0.0061077179344808386,0.0,513100.SH
2017-01-05,-0.0005518763796910076,-0.0005518763796910076,0.0,513100.SH
2017-01-06,0.000552181115405892,0.000552181115405892,0.0,513100.SH
2017-01-09,0.006070640176600417,0.006070640176600417,0.0,513100.SH
2017-01-10,0.004936917169500843,0.004936917169500843,0.0,513100.SH
2017-01-11,0.005458515283842891,0.005458515283842891,0.0,513100.SH
2017-01-12,-0.0010857763300760048,-0.0010857763300760048,0.0,513100.SH
2017-01-13,-0.001630434782608714,-0.001630434782608714,0.0,513100.SH
2017-01-16,0.006719151940520307,0.006519151940520307,2.0,518880.SH
2017-01-17,0.004474272930648837,0.004474272930648837,0.0,518880.SH
2017-01-18,-0.0033407572383072903,-0.0033407572383072903,0.0,518880.SH
2017-01-19,-0.008566108007448836,-0.008566108007448836,0.0,518880.SH
2017-01-20,0.002253944402704766,0.002253944402704766,0.0,518880.SH
2017-01-23,0.004872563718140821,0.004872563718140821,0.0,518880.SH
2017-01-24,-0.0014919806042521522,-0.0014919806042521522,0.0,518880.SH
2017-01-25,-0.009712364587224576,-0.009712364587224576,0.0,518880.SH
2017-01-26,-0.003772161448509892,-0.003772161448509892,0.0,518880.SH
2017-02-03,0.008022186977470369,0.007822186977470369,2.0,510300.SH
2017-02-06,-0.0002970002970001939,-0.0002970002970001939,0.0,510300.SH
2017-02-07,-0.0017825311942959443,-0.0017825311942959443,0.0,510300.SH
2017-02-08,0.006845238095238182,0.006845238095238182,0.0,510300.SH
2017-02-09,0.003547147502217074,0.003547147502217074,0.0,510300.SH
2017-02-10,0.005301914580265077,0.005301914580265077,0.0,510300.SH
2017-02-13,0.005273952534427417,0.005273952534427417,0.0,510300.SH
2017-02-14,-0.00879917184265,-0.00899917184265,2.0,513100.SH
2017-02-15,0.0073107049608354124,0.0073107049608354124,0.0,513100.SH
2017-02-16,0.00466562986003094,0.00466562986003094,0.0,513100.SH
2017-02-17,-0.00361197110423106,-0.00361197110423106,0.0,513100.SH
2017-02-20,0.0031071983428274663,0.0031071983428274663,0.0,513100.SH
2017-02-21,0.0010325245224573898,0.0010325245224573898,0.0,513100.SH
2017-02-22,0.013408973697782267,0.013408973697782267,0.0,513100.SH
2017-02-23,-0.0010178117048346147,-0.0010178117048346147,0.0,513100.SH
2017-02-24,-0.0030565461029037344,-0.0030565461029037344,0.0,513100.SH
2017-02-27,-0.005109862033725099,-0.005109862033725099,0.0,513100.SH
2017-02-28,0.004108885464817691,0.004108885464817691,0.0,513100.SH
2017-03-01,-0.004092071611253245,-0.004092071611253245,0.0,513100.SH
2017-03-02,0.02157164869029282,0.02157164869029282,0.0,513100.SH
2017-03-03,-0.005530417295123269,-0.005530417295123269,0.0,513100.SH
2017-03-06,0.021233569261880803,0.021233569261880803,0.0,513100.SH
2017-03-07,-0.013366336633663378,-0.013366336633663378,0.0,513100.SH
2017-03-08,-0.007526342197691993,-0.007526342197691993,0.0,513100.SH
2017-03-09,0.0005055611729019027,0.0005055611729019027,0.0,513100.SH
2017-03-10,0.008084891359272373,0.008084891359272373,0.0,513100.SH
2017-03-13,0.007518796992481036,0.007518796992481036,0.0,513100.SH
2017-03-14,0.007462686567164312,0.007462686567164312,0.0,513100.SH
2017-03-15,-0.002962962962962834,-0.002962962962962834,0.0,513100.SH
2017-03-16,0.010401188707280795,0.010401188707280795,0.0,513100.SH
2017-03-17,-0.002941176470588336,-0.002941176470588336,0.0,513100.SH
2017-03-20,-0.002949852507374562,-0.002949852507374562,0.0,513100.SH
2017-03-21,0.00591715976331364,0.00591715976331364,0.0,513100.SH
2017-03-22,-0.030882352941176472,-0.030882352941176472,0.0,513100.SH
2017-03-23,0.006869737380014174,0.006669737380014174,2.0,518880.SH
2017-03-24,-0.0021590500179919925,-0.0021590500179919925,0.0,518880.SH
2017-03-27,0.009736747205192797,0.009736747205192797,0.0,518880.SH
2017-03-28,-0.0024999999999998357,-0.0024999999999998357,0.0,518880.SH
2017-03-29,-0.0025062656641604564,-0.0025062656641604564,0.0,518880.SH
2017-03-30,-0.000717875089734421,-0.000717875089734421,0.0,518880.SH
2017-03-31,-0.00826149425287348,-0.00826149425287348,0.0,518880.SH
2017-04-05,0.0032886635277074028,0.0030886635277074027,2.0,513100.SH
2017-04-06,-0.010552763819095423,-0.010552763819095423,0.0,513100.SH
2017-04-07,-0.003047232097511454,-0.003047232097511454,0.0,513100.SH
2017-04-10,0.004584819154355602,0.004584819154355602,0.0,513100.SH
2017-04-11,-0.0015212981744421317,-0.0015212981744421317,0.0,513100.SH
2017-04-12,-0.000507872016251909,-0.000507872016251909,0.0,513100.SH
2017-04-13,-0.007113821138211351,-0.007113821138211351,0.0,513100.SH
2017-04-14,-0.002907609279154677,-0.003107609279154677,2.0,518880.SH
2017-04-17,-0.0024484085344526063,-0.0024484085344526063,0.0,518880.SH
2017-04-18,-0.003155680224403934,-0.003155680224403934,0.0,518880.SH
2017-04-19,-0.000703482237073394,-0.000703482237073394,0.0,518880.SH
2017-04-20,-0.0017599436818023229,-0.0017599436818023229,0.0,518880.SH
2017-04-21,-0.003173483779971731,-0.003173483779971731,0.0,518880.SH
2017-04-24,-0.0077821011673151474,-0.0077821011673151474,0.0,518880.SH
2017-04-25,0.0007130124777183777,0.0007130124777183777,0.0,518880.SH
2017-04-26,0.0003994557769169127,0.0001994557769169127,2.0,513100.SH
2017-04-27,-0.006930693069307048,-0.006930693069307048,0.0,513100.SH
2017-04-28,0.006480558325025143,0.006480558325025143,0.0,513100.SH
2017-05-02,0.011391778107973982,0.011391778107973982,0.0,513100.SH
2017-05-03,-0.0014691478942211456,-0.0014691478942211456,0.0,513100.SH
2017-05-04,-0.002942618930848573,-0.002942618930848573,0.0,513100.SH
2017-05-05,-0.002951303492375712,-0.002951303492375712,0.0,513100.SH
2017-05-08,0.017760236803157303,0.017760236803157303,0.0,513100.SH
2017-05-09,0.004362578768783321,0.004362578768783321,0.0,513100.SH
2017-05-10,-0.0004826254826254539,-0.0004826254826254539,0.0,513100.SH
2017-05-11,-0.00048285852245311123,-0.00048285852245311123,0.0,513100.SH
2017-05-12,-0.009178743961352542,-0.009178743961352542,0.0,513100.SH
2017-05-15,0.004388103364212581,0.004388103364212581,0.0,513100.SH
2017-05-16,0.006310679611650327,0.006310679611650327,0.0,513100.SH
2017-05-17,-0.004341534008682979,-0.004341534008682979,0.0,513100.SH
2017-05-18,-0.02131782945736438,-0.02131782945736438,0.0,513100.SH
2017-05-19,0.006435643564356441,0.006435643564356441,0.0,513100.SH
2017-05-22,0.008362026561731462,0.008362026561731462,0.0,513100.SH
2017-05-23,0.009756097560975618,0.009756097560975618,0.0,513100.SH
2017-05-24,-0.00048309178743954906,-0.00048309178743954906,0.0,513100.SH
2017-05-25,0.006283228612856462,0.006283228612856462,0.0,513100.SH
2017-05-26,0.012487992315081797,0.012487992315081797,0.0,513100.SH
2017-05-31,-0.0004743833017076815,-0.0004743833017076815,0.0,513100.SH
2017-06-01,-0.009492168960607561,-0.009492168960607561,0.0,513100.SH
2017-06-02,0.006604684767684166,0.006404684767684166,2.0,510300.SH
2017-06-05,-0.006594036697247674,-0.006594036697247674,0.0,510300.SH
2017-06-06,0.007792207792207906,0.007792207792207906,0.0,510300.SH
2017-06-07,0.013745704467353903,0.013745704467353903,0.0,510300.SH
2017-06-08,0.007062146892655274,0.007062146892655274,0.0,510300.SH
2017-06-09,0.006171107994390024,0.006171107994390024,0.0,510300.SH
2017-06-12,-0.0019514914970727437,-0.0019514914970727437,0.0,510300.SH
2017-06-13,0.001955307262569761,0.001955307262569761,0.0,510300.SH
2017-06-14,-0.010036241984945682,-0.010036241984945682,0.0,510300.SH
2017-06-15,-0.003379329766262984,-0.003379329766262984,0.0,510300.SH
2017-06-16,-0.0016953941791466587,-0.0016953941791466587,0.0,510300.SH
2017-06-19,0.011321822813473048,0.011321822813473048,0.0,510300.SH
2017-06-20,-0.0030786453960257587,-0.0030786453960257587,0.0,510300.SH
2017-06-21,0.012633352049410407,0.012633352049410407,0.0,510300.SH
2017-06-22,0.0011089548100915447,0.0011089548100915447,0.0,510300.SH
2017-06-23,0.00969260592633625,0.00969260592633625,0.0,510300.SH
2017-06-26,0.012342292923751996,0.012342292923751996,0.0,510300.SH
2017-06-27,0.0005418585749121796,0.0005418585749121796,0.0,510300.SH
2017-06-28,-0.006769564040075782,-0.006769564040075782,0.0,510300.SH
2017-06-29,0.005997818974918134,0.005997818974918134,0.0,510300.SH
2017-06-30,-0.001626016260162566,-0.001626016260162566,0.0,510300.SH
2017-07-03,-0.004343105320304019,-0.004343105320304019,0.0,510300.SH
2017-07-04,-0.008178844056706769,-0.008178844056706769,0.0,510300.SH
2017-07-05,0.012919186366135316,0.012919186366135316,0.0,510300.SH
2017-07-06,-0.0008141112618725854,-0.0008141112618725854,0.0,510300.SH
2017-07-07,-0.0005431830526886339,-0.0005431830526886339,0.0,510300.SH
2017-07-10,0.0010869565217390686,0.0010869565217390686,0.0,510300.SH
2017-07-11,0.008143322475569814,0.008143322475569814,0.0,510300.SH
2017-07-12,-0.005923532579429125,-0.005923532579429125,0.0,510300.SH
2017-07-13,0.010292524377031542,0.010292524377031542,0.0,510300.SH
2017-07-14,0.006702412868632601,0.006702412868632601,0.0,510300.SH
2017-07-17,-0.013581890812250252,-0.013581890812250252,0.0,510300.SH
2017-07-18,0.0005399568034556435,0.0005399568034556435,0.0,510300.SH
2017-07-19,0.02077711818672423,0.02077711818672423,0.0,510300.SH
2017-07-20,0.004758128469468659,0.004758128469468659,0.0,510300.SH
2017-07-21,-0.0049986845566956095,-0.0049986845566956095,0.0,510300.SH
2017-07-24,0.005023796932839719,0.005023796932839719,0.0,510300.SH
2017-07-25,-0.007629571165482685,-0.007629571165482685,0.0,510300.SH
2017-07-26,-0.00556733828207856,-0.00556733828207856,0.0,510300.SH
2017-07-27,0.005493641917182934,0.005293641917182935,2.0,513100.SH
2017-07-28,-0.017485822306238186,-0.017485822306238186,0.0,513100.SH
2017-07-31,-0.0009620009620010528,-0.0009620009620010528,0.0,513100.SH
2017-08-01,0.001925854597977894,0.001925854597977894,0.0,513100.SH
2017-08-02,0.008169149447381008,0.008169149447381008,0.0,513100.SH
2017-08-03,-0.007149666348903572,-0.007149666348903572,0.0,513100.SH
2017-08-04,-0.0038406144983197388,-0.0038406144983197388,0.0,513100.SH
2017-08-07,0.005783132530120527,0.005783132530120527,0.0,513100.SH
2017-08-08,0.002395783421178743,0.002395783421178743,0.0,513100.SH
2017-08-09,-0.008126195028680616,-0.008126195028680616,0.0,513100.SH
2017-08-10,0.0018341394776184572,0.001634139477618457,2.0,518880.SH
2017-08-11,0.005092761004001467,0.005092761004001467,0.0,518880.SH
2017-08-14,-0.0010857763300760048,-0.0010857763300760048,0.0,518880.SH
2017-08-15,-0.007246376811594013,-0.007246376811594013,0.0,518880.SH
2017-08-16,-0.002554744525547492,-0.002554744525547492,0.0,518880.SH
2017-08-17,0.009879253567508073,0.009879253567508073,0.0,518880.SH
2017-08-18,0.0010869565217390686,0.0010869565217390686,0.0,518880.SH
2017-08-21,-0.004343105320304019,-0.004543105320304019,2.0,159915.SZ
2017-08-22,-0.0063327576280944875,-0.0063327576280944875,0.0,159915.SZ
2017-08-23,-0.005214368482039378,-0.005214368482039378,0.0,159915.SZ
2017-08-24,-0.006988934187536433,-0.006988934187536433,0.0,159915.SZ
2017-08-25,0.010557184750733084,0.010557184750733084,0.0,159915.SZ
2017-08-28,0.01857225769007531,0.01857225769007531,0.0,159915.SZ
2017-08-29,-0.006837606837606702,-0.006837606837606702,0.0,159915.SZ
2017-08-30,0.007458405048766492,0.007458405048766492,0.0,159915.SZ
2017-08-31,0.005125284738040969,0.005125284738040969,0.0,159915.SZ
2017-09-01,0.006232294617563916,0.006232294617563916,0.0,159915.SZ
2017-09-04,0.011261261261261257,0.011261261261261257,0.0,159915.SZ
2017-09-05,0.0,0.0,0.0,159915.SZ
2017-09-06,0.009465478841870878,0.009465478841870878,0.0,159915.SZ
2017-09-07,-0.007170435741864267,-0.007170435741864267,0.0,159915.SZ
2017-09-08,-0.0050000000000001155,-0.0050000000000001155,0.0,159915.SZ
2017-09-11,0.008933556672250154,0.008933556672250154,0.0,159915.SZ
2017-09-12,-0.007747648035417831,-0.007747648035417831,0.0,159915.SZ
2017-09-13,-0.0003015885857154954,-0.0005015885857154954,2.0,510300.SH
2017-09-14,-0.003330771201639604,-0.003330771201639604,0.0,510300.SH
2017-09-15,0.0015424164524420192,0.0015424164524420192,0.0,510300.SH
2017-09-18,0.0038501026694044427,0.0038501026694044427,0.0,510300.SH
2017-09-19,-0.006392227051904786,-0.006392227051904786,0.0,510300.SH
2017-09-20,0.0046320123520329215,0.0046320123520329215,0.0,510300.SH
2017-09-21,0.00025614754098324255,0.00025614754098324255,0.0,510300.SH
2017-09-22,-0.004963661611151915,-0.005163661611151915,2.0,159915.SZ
2017-09-25,-0.012972363226170236,-0.012972363226170236,0.0,159915.SZ
2017-09-26,-0.0022857142857143353,-0.0022857142857143353,0.0,159915.SZ
2017-09-27,0.006300114547537206,0.006300114547537206,0.0,159915.SZ
2017-09-28,0.0022766078542970636,0.0022766078542970636,0.0,159915.SZ
2017-09-29,0.010789324247586718,0.010789324247586718,0.0,159915.SZ
2017-10-09,0.011235955056179803,0.011235955056179803,0.0,159915.SZ
2017-10-10,-0.0030173876166241786,-0.0032173876166241787,2.0,513100.SH
2017-10-11,0.004302103250477973,0.004302103250477973,0.0,513100.SH
2017-10-12,0.0014278914802474674,0.0014278914802474674,0.0,513100.SH
2017-10-13,-0.0009505703422054701,-0.0009505703422054701,0.0,513100.SH
2017-10-16,0.004757373929590969,0.004757373929590969,0.0,513100.SH
2017-10-17,0.004734848484848397,0.004734848484848397,0.0,513100.SH
2017-10-18,-0.001413760603204417,-0.001413760603204417,0.0,513100.SH
2017-10-19,0.0018876828692779846,0.0018876828692779846,0.0,513100.SH
2017-10-20,0.0,0.0,0.0,513100.SH
2017-10-23,0.0023551577955722713,0.0023551577955722713,0.0,513100.SH
2017-10-24,-0.004229323308270638,-0.004229323308270638,0.0,513100.SH
2017-10-25,0.004258100081278471,0.004058100081278471,2.0,510300.SH
2017-10-26,0.00718889439762016,0.00718889439762016,0.0,510300.SH
2017-10-27,0.004922471080482493,0.004922471080482493,0.0,510300.SH
2017-10-30,-0.00440852314474649,-0.00440852314474649,0.0,510300.SH
2017-10-31,-0.0007380073800736797,-0.0007380073800736797,0.0,510300.SH
2017-11-01,-0.003446578040374182,-0.003446578040374182,0.0,510300.SH
2017-11-02,0.0017292490118574477,0.0017292490118574477,0.0,510300.SH
2017-11-03,0.00039087999564824116,0.00019087999564824115,2.0,513100.SH
2017-11-06,0.0032124827902708653,0.0032124827902708653,0.0,513100.SH
2017-11-07,0.0022872827081426017,0.0022872827081426017,0.0,513100.SH
2017-11-08,0.0018256503879507946,0.0018256503879507946,0.0,513100.SH
2017-11-09,0.0031890660592255315,0.0031890660592255315,0.0,513100.SH
2017-11-10,-0.0027247956403269047,-0.0027247956403269047,0.0,513100.SH
2017-11-13,0.0004553734061929493,0.0004553734061929493,0.0,513100.SH
2017-11-14,-0.008566031135970875,-0.008766031135970876,2.0,510300.SH
2017-11-15,-0.007218479307025905,-0.007218479307025905,0.0,510300.SH
2017-11-16,0.009452253999030491,0.009452253999030491,0.0,510300.SH
2017-11-17,0.0012004801920768582,0.0012004801920768582,0.0,510300.SH
2017-11-20,0.007913669064748108,0.007913669064748108,0.0,510300.SH
2017-11-21,0.01974779919105374,0.01974779919105374,0.0,510300.SH
2017-11-22,-0.00023331777881452354,-0.00023331777881452354,0.0,510300.SH
2017-11-23,-0.03173862310385067,-0.03173862310385067,0.0,510300.SH
2017-11-24,-0.0037638011219127687,-0.003963801121912768,2.0,513100.SH
2017-11-27,0.004981884057970953,0.004981884057970953,0.0,513100.SH
2017-11-28,0.0022532672374944163,0.0022532672374944163,0.0,513100.SH
2017-11-29,0.00989208633093508,0.00989208633093508,0.0,513100.SH
2017-11-30,-0.014247551202137165,-0.014247551202137165,0.0,513100.SH
2017-12-01,0.012195121951219523,0.012195121951219523,0.0,513100.SH
2017-12-04,0.009370816599732157,0.009370816599732157,0.0,513100.SH
2017-12-05,-0.027409372236958385,-0.027409372236958385,0.0,513100.SH
2017-12-06,-0.011363636363636576,-0.011363636363636576,0.0,513100.SH
2017-12-07,0.006896551724137945,0.006896551724137945,0.0,513100.SH
2017-12-08,0.009132420091324311,0.009132420091324311,0.0,513100.SH
2017-12-11,0.00452488687782826,0.00452488687782826,0.0,513100.SH
2017-12-12,0.006756756756756577,0.006756756756756577,0.0,513100.SH
2017-12-13,0.0008948545861298118,0.0008948545861298118,0.0,513100.SH
2017-12-14,0.0026821636119802594,0.0026821636119802594,0.0,513100.SH
2017-12-15,-0.004904146232723838,-0.004904146232723838,0.0,513100.SH
2017-12-18,0.015232974910394104,0.015232974910394104,0.0,513100.SH
2017-12-19,0.0061782877316856055,0.0061782877316856055,0.0,513100.SH
2017-12-20,-0.0017543859649122862,-0.0017543859649122862,0.0,513100.SH
2017-12-21,-0.0061511423550086874,-0.0061511423550086874,0.0,513100.SH
2017-12-22,0.0030946065428825165,0.0030946065428825165,0.0,513100.SH
2017-12-25,-0.0030850594975760925,-0.0030850594975760925,0.0,513100.SH
2017-12-26,-0.0004420866489831532,-0.0004420866489831532,0.0,513100.SH
2017-12-27,-0.011941618752764338,-0.011941618752764338,0.0,513100.SH
2017-12-28,-0.003133393017009878,-0.003133393017009878,0.0,513100.SH
2017-12-29,0.0008980691513247319,0.0008980691513247319,0.0,513100.SH
2018-01-02,0.007695691137624916,0.007495691137624916,2.0,510300.SH
2018-01-03,0.005319148936170359,0.005319148936170359,0.0,510300.SH
2018-01-04,0.0031265031265028664,0.0031265031265028664,0.0,510300.SH
2018-01-05,0.0038360105490291563,0.0038360105490291563,0.0,510300.SH
2018-01-08,0.004060186290900214,0.004060186290900214,0.0,510300.SH
2018-01-09,0.008087535680304514,0.008087535680304514,0.0,510300.SH
2018-01-10,0.004247286455875132,0.004247286455875132,0.0,510300.SH
2018-01-11,-0.0014097744360901387,-0.0014097744360901387,0.0,510300.SH
2018-01-12,0.012408759124087565,0.012208759124087564,2.0,518880.SH
2018-01-15,0.0032444124008650377,0.0032444124008650377,0.0,518880.SH
2018-01-16,-0.0007186489399927387,-0.0007186489399927387,0.0,518880.SH
2018-01-17,-0.002517080186983156,-0.002517080186983156,0.0,518880.SH
2018-01-18,-0.0054073540014419885,-0.0054073540014419885,0.0,518880.SH
2018-01-19,-0.002899601304820587,-0.002899601304820587,0.0,518880.SH
2018-01-22,0.0010905125408942062,0.0010905125408942062,0.0,518880.SH
2018-01-23,0.00950454289823588,0.009304542898235879,2.0,510300.SH
2018-01-24,0.0006836827711940163,0.0006836827711940163,0.0,510300.SH
2018-01-25,-0.006376679571851285,-0.006376679571851285,0.0,510300.SH
2018-01-26,0.005042402016960601,0.005042402016960601,0.0,510300.SH
2018-01-29,-0.0189281641961232,-0.0189281641961232,0.0,510300.SH
2018-01-30,-0.010227801022779981,-0.010227801022779981,0.0,510300.SH
2018-01-31,0.0030530765617660105,0.0030530765617660105,0.0,510300.SH
2018-02-01,-0.0070241161320535594,-0.0070241161320535594,0.0,510300.SH
2018-02-02,0.0061306295684981915,0.0061306295684981915,0.0,510300.SH
2018-02-05,-0.0009374267635342548,-0.0009374267635342548,0.0,510300.SH
2018-02-06,-0.028149190710766936,-0.028149190710766936,0.0,510300.SH
2018-02-07,0.014890415235379928,0.014690415235379927,2.0,518880.SH
2018-02-08,-0.0033469691335068497,-0.0033469691335068497,0.0,518880.SH
2018-02-09,0.004477611940298498,0.004477611940298498,0.0,518880.SH
2018-02-12,0.0007429420505200568,0.0007429420505200568,0.0,518880.SH
2018-02-13,0.0051967334818114885,0.0051967334818114885,0.0,518880.SH
2018-02-14,0.008124076809453484,0.008124076809453484,0.0,518880.SH
2018-02-22,-0.00952380952380949,-0.00952380952380949,0.0,518880.SH
2018-02-23,0.00041299972967290266,0.00021299972967290265,2.0,159915.SZ
2018-02-26,0.03689567430025442,0.03689567430025442,0.0,159915.SZ
2018-02-27,0.005521472392638005,0.005521472392638005,0.0,159915.SZ
2018-02-28,0.007321537522879895,0.007321537522879895,0.0,159915.SZ
2018-03-01,0.021804966686856497,0.021804966686856497,0.0,159915.SZ
2018-03-02,-0.010669828097213951,-0.010669828097213951,0.0,159915.SZ
2018-03-05,0.012582384661473878,0.012582384661473878,0.0,159915.SZ
2018-03-06,0.0017751479289942473,0.0017751479289942473,0.0,159915.SZ
2018-03-07,-0.008269344359125852,-0.008269344359125852,0.0,159915.SZ
2018-03-08,0.004169148302560988,0.004169148302560988,0.0,159915.SZ
2018-03-09,0.040925266903914626,0.040925266903914626,0.0,159915.SZ
2018-03-12,0.012535612535612639,0.012535612535612639,0.0,159915.SZ
2018-03-13,-0.005627462014631379,-0.005627462014631379,0.0,159915.SZ
2018-03-14,-0.014714204867006142,-0.014714204867006142,0.0,159915.SZ
2018-03-15,0.0005743825387707346,0.0005743825387707346,0.0,159915.SZ
2018-03-16,-0.014925373134328401,-0.014925373134328401,0.0,159915.SZ
2018-03-19,0.011655011655011593,0.011655011655011593,0.0,159915.SZ
2018-03-20,0.01382488479262678,0.01382488479262678,0.0,159915.SZ
2018-03-21,-0.022727272727272707,-0.022727272727272707,0.0,159915.SZ
2018-03-22,-0.005232558139534826,-0.005232558139534826,0.0,159915.SZ
2018-03-23,-0.05201636469900639,-0.05201636469900639,0.0,159915.SZ
2018-03-26,0.031442663378544955,0.031442663378544955,0.0,159915.SZ
2018-03-27,0.03885236102809331,0.03885236102809331,0.0,159915.SZ
2018-03-28,-0.004602991944764101,-0.004602991944764101,0.0,159915.SZ
2018-03-29,0.005202312138728349,0.005202312138728349,0.0,159915.SZ
2018-03-30,0.029902242668200074,0.029902242668200074,0.0,159915.SZ
2018-04-02,-0.0016750418760468344,-0.0016750418760468344,0.0,159915.SZ
2018-04-03,-0.01342281879194629,-0.01342281879194629,0.0,159915.SZ
2018-04-04,-0.01814058956916098,-0.01814058956916098,0.0,159915.SZ
2018-04-09,0.0028868360277136684,0.0028868360277136684,0.0,159915.SZ
2018-04-10,-0.0028785261945883933,-0.0028785261945883933,0.0,159915.SZ
2018-04-11,0.0062088756023361835,0.006008875602336184,2.0,518880.SH
2018-04-12,0.0033015407190022383,0.0033015407190022383,0.0,518880.SH
2018-04-13,-0.00767824497257763,-0.00767824497257763,0.0,518880.SH
2018-04-16,0.00405305821665447,0.00405305821665447,0.0,518880.SH
2018-04-17,0.0014678899082569696,0.0014678899082569696,0.0,518880.SH
2018-04-18,-0.0007328691828509815,-0.0007328691828509815,0.0,518880.SH
2018-04-19,0.0025669233590026597,0.0025669233590026597,0.0,518880.SH
2018-04-20,-0.004389173372348232,-0.004389173372348232,0.0,518880.SH
2018-04-23,-0.005143277002204183,-0.005143277002204183,0.0,518880.SH
2018-04-24,-0.002954209748892156,-0.002954209748892156,0.0,518880.SH
2018-04-25,0.01150809230903449,0.01130809230903449,2.0,159915.SZ
2018-04-26,-0.019825072886297423,-0.019825072886297423,0.0,159915.SZ
2018-04-27,0.015466983938132062,0.015466983938132062,0.0,159915.SZ
2018-05-02,-0.0035149384885764245,-0.0035149384885764245,0.0,159915.SZ
2018-05-03,0.014697236919459122,0.014697236919459122,0.0,159915.SZ
2018-05-04,-0.008111239860950192,-0.008111239860950192,0.0,159915.SZ
2018-05-07,0.0216121495327104,0.0216121495327104,0.0,159915.SZ
2018-05-08,-0.00017551908073221156,-0.00037551908073221155,2.0,513100.SH
2018-05-09,-0.0008795074758136678,-0.0008795074758136678,0.0,513100.SH
2018-05-10,0.014084507042253502,0.014084507042253502,0.0,513100.SH
2018-05-11,0.0056423611111111605,0.0056423611111111605,0.0,513100.SH
2018-05-14,-0.0008631851532154844,-0.0008631851532154844,0.0,513100.SH
2018-05-15,-0.0017278617710583255,-0.0017278617710583255,0.0,513100.SH
2018-05-16,-0.009519688446559815,-0.009519688446559815,0.0,513100.SH
2018-05-17,0.008737439930100566,0.008737439930100566,0.0,513100.SH
2018-05-18,-0.00043308791684726344,-0.00043308791684726344,0.0,513100.SH
2018-05-21,-0.0009184338054289976,-0.0011184338054289976,2.0,510300.SH
2018-05-22,-0.0040837161817253165,-0.0040837161817253165,0.0,510300.SH
2018-05-23,-0.013070220399794996,-0.013070220399794996,0.0,510300.SH
2018-05-24,-0.008049857179953324,-0.008049857179953324,0.0,510300.SH
2018-05-25,-0.0023560209424083878,-0.0023560209424083878,0.0,510300.SH
2018-05-28,0.006297559695618293,0.006297559695618293,0.0,510300.SH
2018-05-29,-0.00938722294654526,-0.00938722294654526,0.0,510300.SH
2018-05-30,-0.010166241569922851,-0.010366241569922852,2.0,513100.SH
2018-05-31,0.013367830961621419,0.013367830961621419,0.0,513100.SH
2018-06-01,-0.003829787234042481,-0.003829787234042481,0.0,513100.SH
2018-06-04,0.018368218709952977,0.018368218709952977,0.0,513100.SH
2018-06-05,0.012583892617449743,0.012583892617449743,0.0,513100.SH
2018-06-06,0.0024855012427504874,0.0024855012427504874,0.0,513100.SH
2018-06-07,0.007851239669421473,0.007851239669421473,0.0,513100.SH
2018-06-08,-0.013940139401394158,-0.013940139401394158,0.0,513100.SH
2018-06-11,0.010810810810810922,0.010810810810810922,0.0,513100.SH
2018-06-12,0.002879473467708893,0.002879473467708893,0.0,513100.SH
2018-06-13,0.00533223954060702,0.00533223954060702,0.0,513100.SH
2018-06-14,-0.006119951040391758,-0.006119951040391758,0.0,513100.SH
2018-06-15,0.014778325123152802,0.014778325123152802,0.0,513100.SH
2018-06-19,-0.012135922330096971,-0.012135922330096971,0.0,513100.SH
2018-06-20,0.006552006552006606,0.006552006552006606,0.0,513100.SH
2018-06-21,0.019121236777868145,0.019121236777868145,0.0,513100.SH
2018-06-22,-0.00678642714570854,-0.00678642714570854,0.0,513100.SH
2018-06-25,-0.006832797427652748,-0.006832797427652748,0.0,513100.SH
2018-06-26,-0.016187778227438332,-0.016187778227438332,0.0,513100.SH
2018-06-27,-0.007404360345536931,-0.007404360345536931,0.0,513100.SH
2018-06-28,-0.0070451719850808114,-0.0070451719850808114,0.0,513100.SH
2018-06-29,0.02212020033388984,0.02212020033388984,0.0,513100.SH
2018-07-02,-0.004899959167006918,-0.004899959167006918,0.0,513100.SH
2018-07-03,0.02708247845711953,0.02708247845711953,0.0,513100.SH
2018-07-04,-0.017578905313623716,-0.017578905313623716,0.0,513100.SH
2018-07-05,0.0004066693777957653,0.0004066693777957653,0.0,513100.SH
2018-07-06,0.01504065040650393,0.01504065040650393,0.0,513100.SH
2018-07-09,0.03083700440528636,0.03083700440528636,0.0,513100.SH
2018-07-10,0.011655011655011815,0.011655011655011815,0.0,513100.SH
2018-07-11,-0.01920122887864828,-0.01920122887864828,0.0,513100.SH
2018-07-12,0.009397024275646038,0.009397024275646038,0.0,513100.SH
2018-07-13,0.009697439875872904,0.009697439875872904,0.0,513100.SH
2018-07-16,-0.007299270072992803,-0.007299270072992803,0.0,513100.SH
2018-07-17,-0.009674922600619196,-0.009674922600619196,0.0,513100.SH
2018-07-18,0.014067995310668158,0.014067995310668158,0.0,513100.SH
2018-07-19,0.0046242774566473965,0.0046242774566473965,0.0,513100.SH
2018-07-20,0.01237644309966246,0.01217644309966246,2.0,159915.SZ
2018-07-23,0.0032573289902280145,0.0032573289902280145,0.0,159915.SZ
2018-07-24,0.005844155844155763,0.005844155844155763,0.0,159915.SZ
2018-07-25,0.0012911555842478606,0.0012911555842478606,0.0,159915.SZ
2018-07-26,-0.010960670535138606,-0.010960670535138606,0.0,159915.SZ
2018-07-27,-0.010430247718383301,-0.010430247718383301,0.0,159915.SZ
2018-07-30,-0.022397891963109373,-0.022397891963109373,0.0,159915.SZ
2018-07-31,-0.010628827544897579,-0.01082882754489758,2.0,513100.SH
2018-08-01,0.012770897832817374,0.012770897832817374,0.0,513100.SH
2018-08-02,0.0022927015666796002,0.0022927015666796002,0.0,513100.SH
2018-08-03,0.030118185284025767,0.030118185284025767,0.0,513100.SH
2018-08-06,0.024426350851221246,0.024426350851221246,0.0,513100.SH
2018-08-07,-0.005057803468208055,-0.005057803468208055,0.0,513100.SH
2018-08-08,-0.015976761074800283,-0.015976761074800283,0.0,513100.SH
2018-08-09,-0.01365313653136524,-0.01365313653136524,0.0,513100.SH
2018-08-10,-0.002244668911335679,-0.002244668911335679,0.0,513100.SH
2018-08-13,-0.002624671916010346,-0.002624671916010346,0.0,513100.SH
2018-08-14,0.0071428571428571175,0.0071428571428571175,0.0,513100.SH
2018-08-15,0.01157148189623003,0.01157148189623003,0.0,513100.SH
2018-08-16,-0.0177121771217712,-0.0177121771217712,0.0,513100.SH
2018-08-17,0.002253944402704766,0.002253944402704766,0.0,513100.SH
2018-08-20,-0.004872563718141043,-0.004872563718141043,0.0,513100.SH
2018-08-21,-0.006403013182674111,-0.006403013182674111,0.0,513100.SH
2018-08-22,-0.0007581501137224889,-0.0007581501137224889,0.0,513100.SH
2018-08-23,0.011001517450682785,0.011001517450682785,0.0,513100.SH
2018-08-24,0.00037523452157595116,0.00037523452157595116,0.0,513100.SH
2018-08-27,0.004501125281320295,0.004501125281320295,0.0,513100.SH
2018-08-28,0.010082150858850003,0.010082150858850003,0.0,513100.SH
2018-08-29,0.0011090573012939586,0.0011090573012939586,0.0,513100.SH
2018-08-30,0.01477104874446078,0.01477104874446078,0.0,513100.SH
2018-08-31,-0.0029112081513827937,-0.0029112081513827937,0.0,513100.SH
2018-09-03,0.0007299270072991249,0.0007299270072991249,0.0,513100.SH
2018-09-04,0.01396859678022544,0.013768596780225439,2.0,510300.SH
2018-09-05,-0.020449897750511203,-0.020449897750511203,0.0,510300.SH
2018-09-06,-0.008648971070683076,-0.008648971070683076,0.0,510300.SH
2018-09-07,0.00661853188929018,0.00661853188929018,0.0,510300.SH
2018-09-10,-0.014345487148834435,-0.014345487148834435,0.0,510300.SH
2018-09-11,-0.0036385688295936802,-0.0036385688295936802,0.0,510300.SH
2018-09-12,-0.0069993913572733435,-0.0069993913572733435,0.0,510300.SH
2018-09-13,0.00452235904522702,0.0043223590452270205,2.0,513100.SH
2018-09-14,0.010018552875695752,0.010018552875695752,0.0,513100.SH
2018-09-17,-0.004775900073475392,-0.004775900073475392,0.0,513100.SH
2018-09-18,-0.013289036544850474,-0.013289036544850474,0.0,513100.SH
2018-09-19,0.008604564160119788,0.008604564160119788,0.0,513100.SH
2018-09-20,-0.0018545994065283233,-0.0018545994065283233,0.0,513100.SH
2018-09-21,0.01077666295057611,0.01077666295057611,0.0,513100.SH
2018-09-25,-0.006041272035359091,-0.006241272035359091,2.0,510300.SH
2018-09-26,0.01101768628588018,0.01101768628588018,0.0,510300.SH
2018-09-27,-0.004301691998852997,-0.004301691998852997,0.0,510300.SH
2018-09-28,0.010368663594469973,0.010368663594469973,0.0,510300.SH
2018-10-08,-0.04760547320410502,-0.04760547320410502,0.0,510300.SH
2018-10-09,0.0020951810835079243,0.0020951810835079243,0.0,510300.SH
2018-10-10,-0.0005973715651134137,-0.0005973715651134137,0.0,510300.SH
2018-10-11,-0.027961489486777125,-0.028161489486777123,2.0,518880.SH
2018-10-12,0.013883677298311525,0.013883677298311525,0.0,518880.SH
2018-10-15,0.009622501850481191,0.009622501850481191,0.0,518880.SH
2018-10-16,-0.0003665689149561224,-0.0003665689149561224,0.0,518880.SH
2018-10-17,-0.0029336266960029445,-0.0029336266960029445,0.0,518880.SH
2018-10-18,0.001103346818683404,0.001103346818683404,0.0,518880.SH
2018-10-19,0.004408523144746601,0.004408523144746601,0.0,518880.SH
2018-10-22,-0.001463057790782707,-0.001463057790782707,0.0,518880.SH
2018-10-23,0.00512820512820511,0.00512820512820511,0.0,518880.SH
2018-10-24,0.00036443148688047877,0.00036443148688047877,0.0,518880.SH
2018-10-25,0.0051001821493623645,0.0051001821493623645,0.0,518880.SH
2018-10-26,-0.0007249003262050913,-0.0007249003262050913,0.0,518880.SH
2018-10-29,-0.0014508523757708058,-0.0014508523757708058,0.0,518880.SH
2018-10-30,-0.002179440610243444,-0.002179440610243444,0.0,518880.SH
2018-10-31,-0.008372770294867049,-0.008372770294867049,0.0,518880.SH
2018-11-01,0.0022026431718060735,0.0022026431718060735,0.0,518880.SH
2018-11-02,0.000366300366300365,0.000366300366300365,0.0,518880.SH
2018-11-05,0.0003661662394729426,0.0003661662394729426,0.0,518880.SH
2018-11-06,0.0007320644216690653,0.0007320644216690653,0.0,518880.SH
2018-11-07,0.00036576444769553795,0.00036576444769553795,0.0,518880.SH
2018-11-08,-0.004021937842778711,-0.004021937842778711,0.0,518880.SH
2018-11-09,0.0024481607228037383,0.0022481607228037382,2.0,159915.SZ
2018-11-12,0.03571428571428559,0.03571428571428559,0.0,159915.SZ
2018-11-13,0.016091954022988686,0.016091954022988686,0.0,159915.SZ
2018-11-14,-0.004524886877828038,-0.004524886877828038,0.0,159915.SZ
2018-11-15,0.0121212121212122,0.0121212121212122,0.0,159915.SZ
2018-11-16,-0.0029940119760478723,-0.0029940119760478723,0.0,159915.SZ
2018-11-19,-0.005255255255255387,-0.005255255255255387,0.0,159915.SZ
2018-11-20,-0.025660377358490583,-0.025660377358490583,0.0,159915.SZ
2018-11-21,0.0023237800154920496,0.0023237800154920496,0.0,159915.SZ
2018-11-22,-0.006955177743431351,-0.006955177743431351,0.0,159915.SZ
2018-11-23,-0.028793774319066046,-0.028793774319066046,0.0,159915.SZ
2018-11-26,-0.0032051282051281937,-0.0032051282051281937,0.0,159915.SZ
2018-11-27,0.007234726688102766,0.007234726688102766,0.0,159915.SZ
2018-11-28,0.019154030327214633,0.019154030327214633,0.0,159915.SZ
2018-11-29,-0.023492560689114983,-0.023492560689114983,0.0,159915.SZ
2018-11-30,0.013632718524458687,0.013632718524458687,0.0,159915.SZ
2018-12-03,0.028893882089142675,0.028693882089142676,2.0,518880.SH
2018-12-04,0.0,0.0,0.0,518880.SH
2018-12-05,0.0018382352941175295,0.0018382352941175295,0.0,518880.SH
2018-12-06,0.003669724770642091,0.003669724770642091,0.0,518880.SH
2018-12-07,0.00109689213893982,0.00109689213893982,0.0,518880.SH
2018-12-10,0.01059167275383488,0.01059167275383488,0.0,518880.SH
2018-12-11,-0.0014456089627755686,-0.0014456089627755686,0.0,518880.SH
2018-12-12,-0.004705030763662688,-0.004705030763662688,0.0,518880.SH
2018-12-13,-0.0007272727272726875,-0.0007272727272726875,0.0,518880.SH
2018-12-14,-0.0010917030567686448,-0.0010917030567686448,0.0,518880.SH
2018-12-17,0.00036429872495435944,0.00036429872495435944,0.0,518880.SH
2018-12-18,0.005462490895848493,0.005462490895848493,0.0,518880.SH
2018-12-19,0.003259688518652659,0.003259688518652659,0.0,518880.SH
2018-12-20,0.0,0.0,0.0,518880.SH
2018-12-21,0.006498194945848246,0.006498194945848246,0.0,518880.SH
2018-12-24,0.0035868005738881603,0.0035868005738881603,0.0,518880.SH
2018-12-25,0.00786275911365264,0.00786275911365264,0.0,518880.SH
2018-12-26,-0.00035460992907798694,-0.00035460992907798694,0.0,518880.SH
2018-12-27,-0.003547357218871894,-0.003547357218871894,0.0,518880.SH
2018-12-28,0.006051975792096709,0.006051975792096709,0.0,518880.SH
2019-01-02,0.0038924274593064023,0.0038924274593064023,0.0,518880.SH
2019-01-03,0.010927035600986956,0.010927035600986956,0.0,518880.SH
2019-01-04,-0.0052301255230123855,-0.0052301255230123855,0.0,518880.SH
2019-01-07,-0.004206098843322792,-0.004206098843322792,0.0,518880.SH
2019-01-08,-0.004575853572685751,-0.004575853572685751,0.0,518880.SH
2019-01-09,-0.0038896746817538297,-0.0038896746817538297,0.0,518880.SH
2019-01-10,0.0021299254526090383,0.0021299254526090383,0.0,518880.SH
2019-01-11,-0.006376195536663021,-0.006376195536663021,0.0,518880.SH
2019-01-14,0.0007130124777183777,0.0007130124777183777,0.0,518880.SH
2019-01-15,-0.002137513359458443,-0.002137513359458443,0.0,518880.SH
2019-01-16,0.000714030703320212,0.000714030703320212,0.0,518880.SH
2019-01-17,0.0024973242953978403,0.0024973242953978403,0.0,518880.SH
2019-01-18,0.000355871886120962,0.000355871886120962,0.0,518880.SH
2019-01-21,0.0010776857364569459,0.0008776857364569459,2.0,510300.SH
2019-01-22,-0.01256676091737352,-0.01256676091737352,0.0,510300.SH
2019-01-23,-0.0025453388482342687,-0.0025453388482342687,0.0,510300.SH
2019-01-24,0.007655502392344582,0.007655502392344582,0.0,510300.SH
2019-01-25,0.007597340930674212,0.007597340930674212,0.0,510300.SH
2019-01-28,-0.0012566760917372966,-0.0012566760917372966,0.0,510300.SH
2019-01-29,0.00440390059767215,0.00440390059767215,0.0,510300.SH
2019-01-30,-0.006576886940181548,-0.006576886940181548,0.0,510300.SH
2019-01-31,0.009457755359394637,0.009457755359394637,0.0,510300.SH
2019-02-01,0.016552154903185512,0.016552154903185512,0.0,510300.SH
2019-02-11,0.003925232222294017,0.003725232222294017,2.0,513100.SH
2019-02-12,0.00820008200082012,0.00820008200082012,0.0,513100.SH
2019-02-13,0.011793411956079636,0.011793411956079636,0.0,513100.SH
2019-02-14,-0.003215434083601254,-0.003215434083601254,0.0,513100.SH
2019-02-15,-0.00887096774193541,-0.00887096774193541,0.0,513100.SH
2019-02-18,0.013425549227013889,0.013425549227013889,0.0,513100.SH
2019-02-19,0.0008028904054595554,0.0008028904054595554,0.0,513100.SH
2019-02-20,-0.0017152478496378354,-0.0019152478496378355,2.0,510300.SH
2019-02-21,-0.0011634671320535084,-0.0011634671320535084,0.0,510300.SH
2019-02-22,0.02679091438555603,0.02679091438555603,0.0,510300.SH
2019-02-25,0.07061826432217799,0.07061826432217799,0.0,510300.SH
2019-02-26,-0.02251655629139071,-0.02251655629139071,0.0,510300.SH
2019-02-27,-0.005420054200542035,-0.005420054200542035,0.0,510300.SH
2019-02-28,-0.0019073569482287445,-0.0019073569482287445,0.0,510300.SH
2019-03-01,0.0148129691447354,0.014612969144735399,2.0,159915.SZ
2019-03-04,0.03733333333333344,0.03733333333333344,0.0,159915.SZ
2019-03-05,0.03791773778920304,0.03791773778920304,0.0,159915.SZ
2019-03-06,0.01238390092879249,0.01238390092879249,0.0,159915.SZ
2019-03-07,-0.008562691131498434,-0.008562691131498434,0.0,159915.SZ
2019-03-08,-0.022825416409623656,-0.022825416409623656,0.0,159915.SZ
2019-03-11,0.04671717171717171,0.04671717171717171,0.0,159915.SZ
2019-03-12,0.022919179734619988,0.022919179734619988,0.0,159915.SZ
2019-03-13,-0.04599056603773577,-0.04599056603773577,0.0,159915.SZ
2019-03-14,-0.02163164400494444,-0.02163164400494444,0.0,159915.SZ
2019-03-15,0.0037902716361339905,0.0037902716361339905,0.0,159915.SZ
2019-03-18,0.028319697923222087,0.028319697923222087,0.0,159915.SZ
2019-03-19,-0.000611995104039087,-0.000611995104039087,0.0,159915.SZ
2019-03-20,-0.012247397428046591,-0.012247397428046591,0.0,159915.SZ
2019-03-21,0.008679479231246123,0.008679479231246123,0.0,159915.SZ
2019-03-22,-0.003687768899815591,-0.003687768899815591,0.0,159915.SZ
2019-03-25,-0.014188772362738966,-0.014188772362738966,0.0,159915.SZ
2019-03-26,-0.026282853566958697,-0.026282853566958697,0.0,159915.SZ
2019-03-27,0.010600232534151433,0.010400232534151432,2.0,513100.SH
2019-03-28,-0.010869565217391353,-0.010869565217391353,0.0,513100.SH
2019-03-29,0.008241758241758212,0.008241758241758212,0.0,513100.SH
2019-04-01,0.013623978201634968,0.013623978201634968,0.0,513100.SH
2019-04-02,0.003456221198156584,0.003456221198156584,0.0,513100.SH
2019-04-03,0.007654037504783773,0.007654037504783773,0.0,513100.SH
2019-04-04,0.0011393847322447304,0.0011393847322447304,0.0,513100.SH
2019-04-08,0.003414264036418757,0.003414264036418757,0.0,513100.SH
2019-04-09,0.008630551234719785,0.008430551234719785,2.0,510300.SH
2019-04-10,0.001477832512315258,0.001477832512315258,0.0,510300.SH
2019-04-11,-0.01721593703885882,-0.01721593703885882,0.0,510300.SH
2019-04-12,-0.00350350350350348,-0.00350350350350348,0.0,510300.SH
2019-04-15,-0.006278252134605866,-0.006278252134605866,0.0,510300.SH
2019-04-16,0.030326004548900887,0.030326004548900887,0.0,510300.SH
2019-04-17,-0.002452783909737577,-0.002452783909737577,0.0,510300.SH
2019-04-18,-0.001721170395869276,-0.001721170395869276,0.0,510300.SH
2019-04-19,0.01477832512315258,0.01477832512315258,0.0,510300.SH
2019-04-22,-0.0249999999999998,-0.0249999999999998,0.0,510300.SH
2019-04-23,-0.0017425939756037234,-0.0017425939756037234,0.0,510300.SH
2019-04-24,0.004075975995683434,0.003875975995683434,2.0,513100.SH
2019-04-25,0.00693177672382328,0.00693177672382328,0.0,513100.SH
2019-04-26,0.006521739130434856,0.006521739130434856,0.0,513100.SH
2019-04-29,0.012958963282937441,0.012958963282937441,0.0,513100.SH
2019-04-30,-0.0024875621890547706,-0.0024875621890547706,0.0,513100.SH
2019-05-06,-0.028500178126113274,-0.028500178126113274,0.0,513100.SH
2019-05-07,0.011001100110010986,0.011001100110010986,0.0,513100.SH
2019-05-08,-0.019223793978962567,-0.019223793978962567,0.0,513100.SH
2019-05-09,-0.006656804733727872,-0.006656804733727872,0.0,513100.SH
2019-05-10,0.0011169024571855424,0.0011169024571855424,0.0,513100.SH
2019-05-13,-0.0037188545927855365,-0.0037188545927855365,0.0,513100.SH
2019-05-14,-0.020530048525569167,-0.020530048525569167,0.0,513100.SH
2019-05-15,0.0038237766474933377,0.0036237766474933376,2.0,518880.SH
2019-05-16,0.004922644163150469,0.004922644163150469,0.0,518880.SH
2019-05-17,-0.0013995801259621965,-0.0013995801259621965,0.0,518880.SH
2019-05-20,-0.006657323055360931,-0.006657323055360931,0.0,518880.SH
2019-05-21,-0.0003527336860670305,-0.0003527336860670305,0.0,518880.SH
2019-05-22,0.0,0.0,0.0,518880.SH
2019-05-23,0.0024700070571630484,0.0024700070571630484,0.0,518880.SH
2019-05-24,0.0052798310454065245,0.0052798310454065245,0.0,518880.SH
2019-05-27,0.0007002801120448154,0.0007002801120448154,0.0,518880.SH
2019-05-28,-0.0013995801259621965,-0.0013995801259621965,0.0,518880.SH
2019-05-29,0.0024526979677645944,0.0024526979677645944,0.0,518880.SH
2019-05-30,-0.004893393918210531,-0.004893393918210531,0.0,518880.SH
2019-05-31,0.010888654724271252,0.010888654724271252,0.0,518880.SH
2019-06-03,0.012508686587908269,0.012508686587908269,0.0,518880.SH
2019-06-04,0.010295126973232538,0.010295126973232538,0.0,518880.SH
2019-06-05,0.006453804347826164,0.006453804347826164,0.0,518880.SH
2019-06-06,-0.0003374957813027102,-0.0003374957813027102,0.0,518880.SH
2019-06-10,-0.0030384875084403795,-0.0030384875084403795,0.0,518880.SH
2019-06-11,-0.0054182187605824605,-0.0054182187605824605,0.0,518880.SH
2019-06-12,0.01191692202928163,0.01191692202928163,0.0,518880.SH
2019-06-13,0.001682368775235421,0.001682368775235421,0.0,518880.SH
2019-06-14,0.015115888478333783,0.015115888478333783,0.0,518880.SH
2019-06-17,-0.01290536068828585,-0.01290536068828585,0.0,518880.SH
2019-06-18,0.007039892725444252,0.007039892725444252,0.0,518880.SH
2019-06-19,-0.004993342210386165,-0.004993342210386165,0.0,518880.SH
2019-06-20,0.02174640347942458,0.02174640347942458,0.0,518880.SH
2019-06-21,0.008185985592665368,0.008185985592665368,0.0,518880.SH
2019-06-24,0.007145177005521308,0.007145177005521308,0.0,518880.SH
2019-06-25,0.020960980328926127,0.020960980328926127,0.0,518880.SH
2019-06-26,-0.01831964624131388,-0.01831964624131388,0.0,518880.SH
2019-06-27,-0.002574002574002532,-0.002574002574002532,0.0,518880.SH
2019-06-28,0.002903225806451637,0.002903225806451637,0.0,518880.SH
2019-07-01,-0.024123512383403045,-0.024123512383403045,0.0,518880.SH
2019-07-02,0.007459215386970142,0.007259215386970142,2.0,510300.SH
2019-07-03,-0.008333333333333415,-0.008333333333333415,0.0,510300.SH
2019-07-04,-0.006620830150242063,-0.006620830150242063,0.0,510300.SH
2019-07-05,0.005126890540886997,0.005126890540886997,0.0,510300.SH
2019-07-08,-0.022953328232593773,-0.022953328232593773,0.0,510300.SH
2019-07-09,-0.002349256068911565,-0.002349256068911565,0.0,510300.SH
2019-07-10,0.00026164311878607016,0.00026164311878607016,0.0,510300.SH
2019-07-11,0.0057055222528368255,0.005505522252836826,2.0,513100.SH
2019-07-12,-0.0017717930545712024,-0.0017717930545712024,0.0,513100.SH
2019-07-15,0.008164714235001647,0.008164714235001647,0.0,513100.SH
2019-07-16,0.0031690140845070935,0.0031690140845070935,0.0,513100.SH
2019-07-17,-0.005265005265005285,-0.005265005265005285,0.0,513100.SH
2019-07-18,-0.011291460832745237,-0.011291460832745237,0.0,513100.SH
2019-07-19,0.011777301927194728,0.011777301927194728,0.0,513100.SH
2019-07-22,-0.010934744268077612,-0.010934744268077612,0.0,513100.SH
2019-07-23,0.011055634807418002,0.011055634807418002,0.0,513100.SH
2019-07-24,0.004232804232804144,0.004232804232804144,0.0,513100.SH
2019-07-25,0.008078679311556147,0.008078679311556147,0.0,513100.SH
2019-07-26,-0.0055749128919860835,-0.0055749128919860835,0.0,513100.SH
2019-07-29,0.0042046250875964475,0.0042046250875964475,0.0,513100.SH
2019-07-30,0.0004140838234434341,0.00021408382344343408,2.0,518880.SH
2019-07-31,0.0038071065989848663,0.0038071065989848663,0.0,518880.SH
2019-08-01,-0.01643489254108721,-0.01643489254108721,0.0,518880.SH
2019-08-02,0.02313624678663251,0.02313624678663251,0.0,518880.SH
2019-08-05,0.03297738693467345,0.03297738693467345,0.0,518880.SH
2019-08-06,0.00212830647613238,0.00212830647613238,0.0,518880.SH
2019-08-07,0.02032766990291268,0.02032766990291268,0.0,518880.SH
2019-08-08,0.006839131727624181,0.006839131727624181,0.0,518880.SH
2019-08-09,0.005020673360897732,0.005020673360897732,0.0,518880.SH
2019-08-12,-0.0061710255656772794,-0.0061710255656772794,0.0,518880.SH
2019-08-13,0.024541691306918967,0.024541691306918967,0.0,518880.SH
2019-08-14,-0.025685425685425645,-0.025685425685425645,0.0,518880.SH
2019-08-15,0.011255924170616272,0.011255924170616272,0.0,518880.SH
2019-08-16,0.0014645577035734547,0.0014645577035734547,0.0,518880.SH
2019-08-19,-0.004972214097689331,-0.004972214097689331,0.0,518880.SH
2019-08-20,-0.004115226337448652,-0.004115226337448652,0.0,518880.SH
2019-08-21,0.0008854781582054994,0.0008854781582054994,0.0,518880.SH
2019-08-22,0.0029489826010025144,0.0029489826010025144,0.0,518880.SH
2019-08-23,-0.000882093501911152,-0.000882093501911152,0.0,518880.SH
2019-08-26,0.03590347263095928,0.03590347263095928,0.0,518880.SH
2019-08-27,0.0005681818181817455,0.0005681818181817455,0.0,518880.SH
2019-08-28,0.0005678591709257219,0.0005678591709257219,0.0,518880.SH
2019-08-29,0.01163450624290574,0.01163450624290574,0.0,518880.SH
2019-08-30,-0.015988779803646547,-0.015988779803646547,0.0,518880.SH
2019-09-02,-0.0034207525655644,-0.0034207525655644,0.0,518880.SH
2019-09-03,0.005896545082391347,0.005696545082391347,2.0,159915.SZ
2019-09-04,0.007523510971786829,0.007523510971786829,0.0,159915.SZ
2019-09-05,0.012445550715619147,0.012445550715619147,0.0,159915.SZ
2019-09-06,0.0024585125998770607,0.0024585125998770607,0.0,159915.SZ
2019-09-09,0.02391171060698949,0.02391171060698949,0.0,159915.SZ
2019-09-10,-0.005389221556886148,-0.005389221556886148,0.0,159915.SZ
2019-09-11,-0.013847080072245666,-0.013847080072245666,0.0,159915.SZ
2019-09-12,0.004884004884004867,0.004884004884004867,0.0,159915.SZ
2019-09-16,0.002430133657351119,0.002430133657351119,0.0,159915.SZ
2019-09-17,-0.019393939393939297,-0.019393939393939297,0.0,159915.SZ
2019-09-18,-0.0006180469715698633,-0.0006180469715698633,0.0,159915.SZ
2019-09-19,0.015460729746443969,0.015460729746443969,0.0,159915.SZ
2019-09-20,-0.0024360535931789995,-0.0024360535931789995,0.0,159915.SZ
2019-09-23,-0.010989010989010839,-0.010989010989010839,0.0,159915.SZ
2019-09-24,0.005555555555555536,0.005555555555555536,0.0,159915.SZ
2019-09-25,-0.011049723756906049,-0.011049723756906049,0.0,159915.SZ
2019-09-26,-0.031036623215394243,-0.031036623215394243,0.0,159915.SZ
2019-09-27,0.00451088459830018,0.00431088459830018,2.0,513100.SH
2019-09-30,-0.007355516637478021,-0.007355516637478021,0.0,513100.SH
2019-10-08,0.004587155963302614,0.004587155963302614,0.0,513100.SH
2019-10-09,-0.014401123990165021,-0.014401123990165021,0.0,513100.SH
2019-10-10,0.004632929436920952,0.004632929436920952,0.0,513100.SH
2019-10-11,0.010287335934728636,0.010287335934728636,0.0,513100.SH
2019-10-14,0.0070224719101124045,0.0070224719101124045,0.0,513100.SH
2019-10-15,-0.0026456337953691955,-0.0028456337953691956,2.0,510300.SH
2019-10-16,-0.003502626970227629,-0.003502626970227629,0.0,510300.SH
2019-10-17,0.001506402209389801,0.001506402209389801,0.0,510300.SH
2019-10-18,-0.014539984958636287,-0.014539984958636287,0.0,510300.SH
2019-10-21,0.0022894937674893256,0.0022894937674893256,0.0,510300.SH
2019-10-22,0.003807106598984644,0.003807106598984644,0.0,510300.SH
2019-10-23,-0.005309734513274211,-0.005309734513274211,0.0,510300.SH
2019-10-24,0.0019889395984136193,0.0017889395984136192,2.0,513100.SH
2019-10-25,0.0027700831024930483,0.0027700831024930483,0.0,513100.SH
2019-10-28,0.012430939226519389,0.012430939226519389,0.0,513100.SH
2019-10-29,0.00716234652114589,0.00716234652114589,0.0,513100.SH
2019-10-30,-0.006434134778191547,-0.006434134778191547,0.0,513100.SH
2019-10-31,0.005453306066802943,0.005453306066802943,0.0,513100.SH
2019-11-01,0.0020338983050847137,0.0020338983050847137,0.0,513100.SH
2019-11-04,0.007104194857916024,0.007104194857916024,0.0,513100.SH
2019-11-05,0.005038629492778002,0.005038629492778002,0.0,513100.SH
2019-11-06,-0.010462929393637244,-0.010662929393637244,2.0,159915.SZ
2019-11-07,0.007936507936507908,0.007936507936507908,0.0,159915.SZ
2019-11-08,-0.00363416111447612,-0.00363416111447612,0.0,159915.SZ
2019-11-11,-0.02127659574468077,-0.02127659574468077,0.0,159915.SZ
2019-11-12,0.0006211180124222615,0.0006211180124222615,0.0,159915.SZ
2019-11-13,0.005586592178770999,0.005586592178770999,0.0,159915.SZ
2019-11-14,0.006172839506172645,0.006172839506172645,0.0,159915.SZ
2019-11-15,0.0018672712367862054,0.0016672712367862053,2.0,513100.SH
2019-11-18,0.004644990046450026,0.004644990046450026,0.0,513100.SH
2019-11-19,0.005284015852047519,0.005284015852047519,0.0,513100.SH
2019-11-20,-0.0045992115637319975,-0.0045992115637319975,0.0,513100.SH
2019-11-21,-0.00429042904290422,-0.00429042904290422,0.0,513100.SH
2019-11-22,0.001988730527013649,0.001988730527013649,0.0,513100.SH
2019-11-25,0.006285147204763364,0.006285147204763364,0.0,513100.SH
2019-11-26,0.015779092702169706,0.015779092702169706,0.0,513100.SH
2019-11-27,-0.002912621359223322,-0.002912621359223322,0.0,513100.SH
2019-11-28,0.0058422590068161195,0.0058422590068161195,0.0,513100.SH
2019-11-29,-0.001290738948047765,-0.001290738948047765,0.0,513100.SH
2019-12-02,0.008077544426494221,0.008077544426494221,0.0,513100.SH
2019-12-03,-0.011538461538461497,-0.011538461538461497,0.0,513100.SH
2019-12-04,-0.011997405966277519,-0.011997405966277519,0.0,513100.SH
2019-12-05,0.004594683295044311,0.004594683295044311,0.0,513100.SH
2019-12-06,-0.0009800718719372714,-0.0009800718719372714,0.0,513100.SH
2019-12-09,0.00915631131458472,0.00915631131458472,0.0,513100.SH
2019-12-10,-0.00550874918988975,-0.00550874918988975,0.0,513100.SH
2019-12-11,-0.010013833010523943,-0.010213833010523943,2.0,159915.SZ
2019-12-12,0.002419842710223774,0.002419842710223774,0.0,159915.SZ
2019-12-13,0.021726010863005518,0.021726010863005518,0.0,159915.SZ
2019-12-16,0.012994683992912037,0.012994683992912037,0.0,159915.SZ
2019-12-17,0.013411078717201041,0.013411078717201041,0.0,159915.SZ
2019-12-18,-0.007479861910241636,-0.007479861910241636,0.0,159915.SZ
2019-12-19,-0.0005797101449276365,-0.0005797101449276365,0.0,159915.SZ
2019-12-20,-0.009280742459396807,-0.009280742459396807,0.0,159915.SZ
2019-12-23,-0.021662763466042123,-0.021662763466042123,0.0,159915.SZ
2019-12-24,0.007420441950267032,0.007220441950267032,2.0,513100.SH
2019-12-25,-0.005337519623233922,-0.005337519623233922,0.0,513100.SH
2019-12-26,0.006628787878787845,0.006628787878787845,0.0,513100.SH
2019-12-27,0.008780181875196025,0.008780181875196025,0.0,513100.SH
2019-12-30,-0.0021759403170655833,-0.0021759403170655833,0.0,513100.SH
2019-12-31,-0.005295950155763229,-0.005295950155763229,0.0,513100.SH
2020-01-02,0.014719699342311321,0.014719699342311321,0.0,513100.SH
2020-01-03,0.0051309129148398025,0.004930912914839803,2.0,510300.SH
2020-01-06,-0.003865668035757275,-0.003865668035757275,0.0,510300.SH
2020-01-07,0.007761338830948539,0.007761338830948539,0.0,510300.SH
2020-01-08,-0.009867629362214303,-0.009867629362214303,0.0,510300.SH
2020-01-09,0.010695187165775444,0.010695187165775444,0.0,510300.SH
2020-01-10,-0.00024050024050059626,-0.00024050024050059626,0.0,510300.SH
2020-01-13,0.010825114265095248,0.010825114265095248,0.0,510300.SH
2020-01-14,-0.007510729613733891,-0.0077107296137338905,2.0,159915.SZ
2020-01-15,-0.001621621621621716,-0.001621621621621716,0.0,159915.SZ
2020-01-16,0.004872766648619464,0.004872766648619464,0.0,159915.SZ
2020-01-17,0.0010775862068965747,0.0010775862068965747,0.0,159915.SZ
2020-01-20,0.025296017222820266,0.025296017222820266,0.0,159915.SZ
2020-01-21,-0.006824146981627366,-0.006824146981627366,0.0,159915.SZ
2020-01-22,0.01374207188160681,0.01374207188160681,0.0,159915.SZ
2020-01-23,-0.03388946819603755,-0.03388946819603755,0.0,159915.SZ
2020-02-03,-0.09793945935338266,-0.09813945935338267,2.0,513100.SH
2020-02-04,0.03602785346654569,0.03602785346654569,0.0,513100.SH
2020-02-05,0.04324956165984806,0.04324956165984806,0.0,513100.SH
2020-02-06,0.031372549019607954,0.031372549019607954,0.0,513100.SH
2020-02-07,0.007332971211298167,0.007332971211298167,0.0,513100.SH
2020-02-10,0.00620113238069564,0.00620113238069564,0.0,513100.SH
2020-02-11,0.03724544480171477,0.03724544480171477,0.0,513100.SH
2020-02-12,0.025833118057349447,0.025833118057349447,0.0,513100.SH
2020-02-13,0.056912616469403154,0.056912616469403154,0.0,513100.SH
2020-02-14,-0.04455563497736481,-0.04455563497736481,0.0,513100.SH
2020-02-17,-0.008478802992518686,-0.008478802992518686,0.0,513100.SH
2020-02-18,-0.03495975855130784,-0.03495975855130784,0.0,513100.SH
2020-02-19,-0.009903570497784786,-0.009903570497784786,0.0,513100.SH
2020-02-20,0.037782672401665884,0.037582672401665886,2.0,159915.SZ
2020-02-21,0.019002375296912177,0.019002375296912177,0.0,159915.SZ
2020-02-24,0.01538461538461533,0.01538461538461533,0.0,159915.SZ
2020-02-25,0.007346189164370909,0.007346189164370909,0.0,159915.SZ
2020-02-26,-0.04193254329990892,-0.04193254329990892,0.0,159915.SZ
2020-02-27,0.00428163653663205,0.00428163653663205,0.0,159915.SZ
2020-02-28,-0.054950260540028495,-0.054950260540028495,0.0,159915.SZ
2020-03-02,0.013535811916378648,0.013335811916378648,2.0,518880.SH
2020-03-03,-0.0016939582156972888,-0.0016939582156972888,0.0,518880.SH
2020-03-04,0.02149321266968318,0.02149321266968318,0.0,518880.SH
2020-03-05,-0.00027685492801765577,-0.00027685492801765577,0.0,518880.SH
2020-03-06,0.020769869842149014,0.020769869842149014,0.0,518880.SH
2020-03-09,-0.007325013564839944,-0.007325013564839944,0.0,518880.SH
2020-03-10,-0.012845039628313626,-0.012845039628313626,0.0,518880.SH
2020-03-11,-0.019785898855666284,-0.019985898855666283,2.0,159915.SZ
2020-03-12,-0.026185770750988158,-0.026185770750988158,0.0,159915.SZ
2020-03-13,-0.00963977676306449,-0.00963977676306449,0.0,159915.SZ
2020-03-16,-0.061475409836065475,-0.061475409836065475,0.0,159915.SZ
2020-03-17,0.005458515283842891,0.005458515283842891,0.0,159915.SZ
2020-03-18,-0.013029315960912058,-0.013029315960912058,0.0,159915.SZ
2020-03-19,0.0038503850385038785,0.0038503850385038785,0.0,159915.SZ
2020-03-20,0.02090302757484297,0.02070302757484297,2.0,518880.SH
2020-03-23,-0.0026897788404064427,-0.0026897788404064427,0.0,518880.SH
2020-03-24,0.05573868744381172,0.05573868744381172,0.0,518880.SH
2020-03-25,0.01646324155549239,0.01646324155549239,0.0,518880.SH
2020-03-26,-0.002513264451270536,-0.002513264451270536,0.0,518880.SH
2020-03-27,0.011198208286674172,0.011198208286674172,0.0,518880.SH
2020-03-30,-0.008028792912513794,-0.008028792912513794,0.0,518880.SH
2020-03-31,0.0008372871895059308,0.0008372871895059308,0.0,518880.SH
2020-04-01,-0.01617401003904062,-0.01617401003904062,0.0,518880.SH
2020-04-02,0.004251700680272252,0.004251700680272252,0.0,518880.SH
2020-04-03,0.009031893875246944,0.009031893875246944,0.0,518880.SH
2020-04-07,0.028251748251748143,0.028251748251748143,0.0,518880.SH
2020-04-08,-0.00952121871599565,-0.00952121871599565,0.0,518880.SH
2020-04-09,0.0024718483932986146,0.0024718483932986146,0.0,518880.SH
2020-04-10,0.005753424657534145,0.005753424657534145,0.0,518880.SH
2020-04-13,-0.0002724053391446324,-0.0002724053391446324,0.0,518880.SH
2020-04-14,0.011444141689373355,0.011444141689373355,0.0,518880.SH
2020-04-15,-0.0026939655172414367,-0.0026939655172414367,0.0,518880.SH
2020-04-16,0.0075634792004322104,0.0075634792004322104,0.0,518880.SH
2020-04-17,-0.01635388739946375,-0.01635388739946375,0.0,518880.SH
2020-04-20,-0.004905968928863524,-0.004905968928863524,0.0,518880.SH
2020-04-21,0.009038619556286154,0.009038619556286154,0.0,518880.SH
2020-04-22,-0.002714440825190123,-0.002714440825190123,0.0,518880.SH
2020-04-23,0.006798355296789849,0.006598355296789849,2.0,159915.SZ
2020-04-24,-0.010763710917478297,-0.010763710917478297,0.0,159915.SZ
2020-04-27,0.004663212435233266,0.004663212435233266,0.0,159915.SZ
2020-04-28,0.006188757091284192,0.006188757091284192,0.0,159915.SZ
2020-04-29,0.0005125576627369455,0.0005125576627369455,0.0,159915.SZ
2020-04-30,0.021004098360655865,0.021004098360655865,0.0,159915.SZ
2020-05-06,0.018063221274460473,0.018063221274460473,0.0,159915.SZ
2020-05-07,-0.0005692407019660672,-0.0007692407019660672,2.0,513100.SH
2020-05-08,0.006641870350690748,0.006641870350690748,0.0,513100.SH
2020-05-11,-0.016627078384798155,-0.016627078384798155,0.0,513100.SH
2020-05-12,-0.018786902844873832,-0.018786902844873832,0.0,513100.SH
2020-05-13,-0.003282275711159688,-0.003282275711159688,0.0,513100.SH
2020-05-14,-0.01591657519209666,-0.01591657519209666,0.0,513100.SH
2020-05-15,0.006692693809258188,0.006692693809258188,0.0,513100.SH
2020-05-18,0.011357340720221654,0.011357340720221654,0.0,513100.SH
2020-05-19,0.026568063544234466,0.026568063544234466,0.0,513100.SH
2020-05-20,-0.007203842049092857,-0.007203842049092857,0.0,513100.SH
2020-05-21,-0.00026874496103190815,-0.00026874496103190815,0.0,513100.SH
2020-05-22,-0.033333333333333326,-0.033333333333333326,0.0,513100.SH
2020-05-25,0.032536151279199066,0.032536151279199066,0.0,513100.SH
2020-05-26,0.02262321572852133,0.02262321572852133,0.0,513100.SH
2020-05-27,-0.006584145377930062,-0.006584145377930062,0.0,513100.SH
2020-05-28,-0.003976670201484511,-0.003976670201484511,0.0,513100.SH
2020-05-29,-0.007186585041256355,-0.007186585041256355,0.0,513100.SH
2020-06-01,0.014369862663571098,0.014169862663571097,2.0,518880.SH
2020-06-02,-0.0017971758664955262,-0.0017971758664955262,0.0,518880.SH
2020-06-03,-0.009002057613168635,-0.009002057613168635,0.0,518880.SH
2020-06-04,-0.008564754736569036,-0.008564754736569036,0.0,518880.SH
2020-06-05,-0.0007853403141360182,-0.0007853403141360182,0.0,518880.SH
2020-06-08,-0.00890751899397435,-0.00890751899397435,0.0,518880.SH
2020-06-09,-0.0002643404705260366,-0.0002643404705260366,0.0,518880.SH
2020-06-10,0.0005395988894072445,0.00033959888940724456,2.0,513100.SH
2020-06-11,-0.000527983104540608,-0.000527983104540608,0.0,513100.SH
2020-06-12,-0.01637612255678811,-0.01637612255678811,0.0,513100.SH
2020-06-15,-0.01584317937701396,-0.01584317937701396,0.0,513100.SH
2020-06-16,0.03847203274215549,0.03847203274215549,0.0,513100.SH
2020-06-17,0.0036784025223330907,0.0036784025223330907,0.0,513100.SH
2020-06-18,-0.006806282722513046,-0.006806282722513046,0.0,513100.SH
2020-06-19,0.019394298158438072,0.019194298158438074,2.0,159915.SZ
2020-06-22,0.011170688114387817,0.011170688114387817,0.0,159915.SZ
2020-06-23,0.01944321696862583,0.01944321696862583,0.0,159915.SZ
2020-06-24,0.0,0.0,0.0,159915.SZ
2020-06-29,-0.005201560468140465,-0.005201560468140465,0.0,159915.SZ
2020-06-30,0.02788671023965139,0.02788671023965139,0.0,159915.SZ
2020-07-01,-0.007206443408223739,-0.007206443408223739,0.0,159915.SZ
2020-07-02,0.0034158838599487318,0.0034158838599487318,0.0,159915.SZ
2020-07-03,0.012765957446808418,0.012765957446808418,0.0,159915.SZ
2020-07-06,0.02941176470588247,0.02941176470588247,0.0,159915.SZ
2020-07-07,-0.014022495121259526,-0.014222495121259527,2.0,510300.SH
2020-07-08,0.013091216216216228,0.013091216216216228,0.0,510300.SH
2020-07-09,0.01542309295539801,0.01542309295539801,0.0,510300.SH
2020-07-10,-0.017857142857142794,-0.017857142857142794,0.0,510300.SH
2020-07-13,0.020898641588296796,0.020898641588296796,0.0,510300.SH
2020-07-14,-0.008802456499488187,-0.008802456499488187,0.0,510300.SH
2020-07-15,-0.011978521272201448,-0.011978521272201448,0.0,510300.SH
2020-07-16,-0.057686462847706954,-0.05788646284770695,2.0,159915.SZ
2020-07-17,0.009773260359656089,0.009773260359656089,0.0,159915.SZ
2020-07-20,0.01084010840108407,0.01084010840108407,0.0,159915.SZ
2020-07-21,0.01225584067407115,0.01225584067407115,0.0,159915.SZ
2020-07-22,0.01324252743094978,0.01324252743094978,0.0,159915.SZ
2020-07-23,0.010455563853622118,0.010455563853622118,0.0,159915.SZ
2020-07-24,-0.06245380635624542,-0.06245380635624542,0.0,159915.SZ
2020-07-27,0.011907987475636705,0.011707987475636705,2.0,518880.SH
2020-07-28,-0.0011896264572923698,-0.0011896264572923698,0.0,518880.SH
2020-07-29,0.0019056693663650481,0.0019056693663650481,0.0,518880.SH
2020-07-30,-0.007608178792201659,-0.007608178792201659,0.0,518880.SH
2020-07-31,0.010062290368950677,0.010062290368950677,0.0,518880.SH
2020-08-03,-0.003795066413662229,-0.003795066413662229,0.0,518880.SH
2020-08-04,0.0014285714285715567,0.0014285714285715567,0.0,518880.SH
2020-08-05,0.02710413694721825,0.02710413694721825,0.0,518880.SH
2020-08-06,0.007638888888888751,0.007638888888888751,0.0,518880.SH
2020-08-07,0.005743165632897007,0.005743165632897007,0.0,518880.SH
2020-08-10,-0.0066240292370945975,-0.0066240292370945975,0.0,518880.SH
2020-08-11,-0.02207404000919755,-0.02207404000919755,0.0,518880.SH
2020-08-12,-0.06207383023747948,-0.06207383023747948,0.0,518880.SH
2020-08-13,0.011345484052845745,0.011145484052845744,2.0,513100.SH
2020-08-14,-0.0017220172201722894,-0.0017220172201722894,0.0,513100.SH
2020-08-17,0.0012321340561853855,0.0012321340561853855,0.0,513100.SH
2020-08-18,-0.0009844942160963654,-0.0009844942160963654,0.0,513100.SH
2020-08-19,0.012811037201281072,0.012811037201281072,0.0,513100.SH
2020-08-20,-0.0012162490878131482,-0.0012162490878131482,0.0,513100.SH
2020-08-21,0.025328787140769693,0.025328787140769693,0.0,513100.SH
2020-08-24,0.04299287410926378,0.04299287410926378,0.0,513100.SH
2020-08-25,0.04554771122751089,0.04554771122751089,0.0,513100.SH
2020-08-26,-0.019167937268568913,-0.019167937268568913,0.0,513100.SH
2020-08-27,0.04308238951809895,0.04308238951809895,0.0,513100.SH
2020-08-28,0.021290185224611458,0.021290185224611458,0.0,513100.SH
2020-08-31,0.054409005628517804,0.054409005628517804,0.0,513100.SH
2020-09-01,-0.013444049031237526,-0.013444049031237526,0.0,513100.SH
2020-09-02,0.040681362725450754,0.040681362725450754,0.0,513100.SH
2020-09-03,0.021567494704409773,0.021567494704409773,0.0,513100.SH
2020-09-04,-0.08652214891611676,-0.08652214891611676,0.0,513100.SH
2020-09-07,-0.07470078415187786,-0.07470078415187786,0.0,513100.SH
2020-09-08,0.0535236396074934,0.0535236396074934,0.0,513100.SH
2020-09-09,-0.05122777307366633,-0.05122777307366633,0.0,513100.SH
2020-09-10,0.02833556448014285,0.02833556448014285,0.0,513100.SH
2020-09-11,-0.01735734432631808,-0.01735734432631808,0.0,513100.SH
2020-09-14,0.02759991168028253,0.02759991168028253,0.0,513100.SH
2020-09-15,0.03373442200257837,0.03373442200257837,0.0,513100.SH
2020-09-16,-0.001870712949490816,-0.001870712949490816,0.0,513100.SH
2020-09-17,-0.041232819658475584,-0.041232819658475584,0.0,513100.SH
2020-09-18,0.03410078192875754,0.03410078192875754,0.0,513100.SH
2020-09-21,-0.019743751312749525,-0.019743751312749525,0.0,513100.SH
2020-09-22,-0.015856010284979627,-0.015856010284979627,0.0,513100.SH
2020-09-23,0.013498802525582443,0.013498802525582443,0.0,513100.SH
2020-09-24,-0.037379162191192306,-0.037379162191192306,0.0,513100.SH
2020-09-25,-0.008033920999776734,-0.008033920999776734,0.0,513100.SH
2020-09-28,0.01687289088863886,0.01687289088863886,0.0,513100.SH
2020-09-29,0.010883818764093833,0.010683818764093833,2.0,510300.SH
2020-09-30,-0.0030042918454935563,-0.0030042918454935563,0.0,510300.SH
2020-10-09,0.020017219113215745,0.020017219113215745,0.0,510300.SH
2020-10-12,0.0312302173454313,0.0312302173454313,0.0,510300.SH
2020-10-13,0.003273992224268607,0.003273992224268607,0.0,510300.SH
2020-10-14,-0.004894962267999237,-0.004894962267999237,0.0,510300.SH
2020-10-15,-0.0024595203935231513,-0.0024595203935231513,0.0,510300.SH
2020-10-16,-0.003265273542415126,-0.003465273542415126,2.0,159915.SZ
2020-10-19,-0.012908124525436548,-0.012908124525436548,0.0,159915.SZ
2020-10-20,0.017307692307692246,0.017307692307692246,0.0,159915.SZ
2020-10-21,-0.012476370510396961,-0.012476370510396961,0.0,159915.SZ
2020-10-22,-0.011485451761102716,-0.011485451761102716,0.0,159915.SZ
2020-10-23,-0.025561580170410436,-0.025561580170410436,0.0,159915.SZ
2020-10-26,0.006756756756756799,0.006756756756756799,0.0,159915.SZ
2020-10-27,0.01065929727595738,0.01065929727595738,0.0,159915.SZ
2020-10-28,0.006640624999999956,0.006640624999999956,0.0,159915.SZ
2020-10-29,0.011641443538998875,0.011641443538998875,0.0,159915.SZ
2020-10-30,-0.016877637130801704,-0.016877637130801704,0.0,159915.SZ
2020-11-02,0.02106905969566908,0.02106905969566908,0.0,159915.SZ
2020-11-03,0.012227741688956906,0.012227741688956906,0.0,159915.SZ
2020-11-04,0.003397508493771184,0.003397508493771184,0.0,159915.SZ
2020-11-05,0.012039127163280705,0.012039127163280705,0.0,159915.SZ
2020-11-06,-0.0002981925497600457,-0.0004981925497600457,2.0,510300.SH
2020-11-09,0.019592001615835297,0.019592001615835297,0.0,510300.SH
2020-11-10,-0.005348652931854159,-0.005348652931854159,0.0,510300.SH
2020-11-11,-0.009360685122485446,-0.009360685122485446,0.0,510300.SH
2020-11-12,-0.0006031363088058184,-0.0006031363088058184,0.0,510300.SH
2020-11-13,-0.01025950512975271,-0.01025950512975271,0.0,510300.SH
2020-11-16,0.010772357723577208,0.010772357723577208,0.0,510300.SH
2020-11-17,-0.0018097727729738944,-0.0018097727729738944,0.0,510300.SH
2020-11-18,-0.0014101531023368308,-0.0014101531023368308,0.0,510300.SH
2020-11-19,0.008472866653217448,0.008472866653217448,0.0,510300.SH
2020-11-20,0.0030006001200242327,0.0030006001200242327,0.0,510300.SH
2020-11-23,0.011567610690067731,0.011567610690067731,0.0,510300.SH
2020-11-24,-0.006309148264984188,-0.006309148264984188,0.0,510300.SH
2020-11-25,-0.012301587301587369,-0.012301587301587369,0.0,510300.SH
2020-11-26,0.0014061872237847162,0.0014061872237847162,0.0,510300.SH
2020-11-27,0.014242728184553632,0.014242728184553632,0.0,510300.SH
2020-11-30,-0.0049446202531644445,-0.0049446202531644445,0.0,510300.SH
2020-12-01,0.022063208109719623,0.022063208109719623,0.0,510300.SH
2020-12-02,-0.0021392454297939345,-0.0021392454297939345,0.0,510300.SH
2020-12-03,-0.0003897875657767891,-0.0003897875657767891,0.0,510300.SH
2020-12-04,0.0021446675765255385,0.0021446675765255385,0.0,510300.SH
2020-12-07,-0.00856031128404644,-0.00856031128404644,0.0,510300.SH
2020-12-08,-0.0031397174254317317,-0.0031397174254317317,0.0,510300.SH
2020-12-09,-0.011811023622047445,-0.011811023622047445,0.0,510300.SH
2020-12-10,-0.0019920318725097363,-0.0019920318725097363,0.0,510300.SH
2020-12-11,-0.011177644710579027,-0.011177644710579027,0.0,510300.SH
2020-12-14,0.008881711748082388,0.008881711748082388,0.0,510300.SH
2020-12-15,0.012913026965438501,0.0127130269654385,2.0,159915.SZ
2020-12-16,0.0,0.0,0.0,159915.SZ
2020-12-17,0.010123734533183493,0.010123734533183493,0.0,159915.SZ
2020-12-18,-0.00222717149220486,-0.00222717149220486,0.0,159915.SZ
2020-12-21,0.033482142857142794,0.033482142857142794,0.0,159915.SZ
2020-12-22,-0.021598272138228958,-0.021598272138228958,0.0,159915.SZ
2020-12-23,0.009933774834437026,0.009933774834437026,0.0,159915.SZ
2020-12-24,-0.006921675774134828,-0.006921675774134828,0.0,159915.SZ
2020-12-25,0.00843727072633893,0.00843727072633893,0.0,159915.SZ
2020-12-28,-0.0014550745725718794,-0.0014550745725718794,0.0,159915.SZ
2020-12-29,-0.008248642391433747,-0.008448642391433748,2.0,518880.SH
2020-12-30,-0.0013031013812875303,-0.0013031013812875303,0.0,518880.SH
2020-12-31,0.0046972860125260585,0.0046972860125260585,0.0,518880.SH
2021-01-04,0.013506493506493467,0.013506493506493467,0.0,518880.SH
2021-01-05,0.0046130189646333974,0.0046130189646333974,0.0,518880.SH
2021-01-06,0.0028061224489797088,0.0028061224489797088,0.0,518880.SH
2021-01-07,-0.007122869498855211,-0.007122869498855211,0.0,518880.SH
2021-01-08,-0.012760920511640461,-0.012960920511640462,2.0,159915.SZ
2021-01-11,-0.015480895915678583,-0.015480895915678583,0.0,159915.SZ
2021-01-12,0.029106724657075977,0.029106724657075977,0.0,159915.SZ
2021-01-13,-0.016579973992197683,-0.016579973992197683,0.0,159915.SZ
2021-01-14,-0.01256198347107429,-0.01256198347107429,0.0,159915.SZ
2021-01-15,0.001004352192835567,0.001004352192835567,0.0,159915.SZ
2021-01-18,0.0187290969899665,0.0187290969899665,0.0,159915.SZ
2021-01-19,-0.022980958634274407,-0.022980958634274407,0.0,159915.SZ
2021-01-20,0.011294674294033413,0.011094674294033413,2.0,510300.SH
2021-01-21,0.017190929041696945,0.017190929041696945,0.0,510300.SH
2021-01-22,0.0005393743257822159,0.0005393743257822159,0.0,510300.SH
2021-01-25,0.011859838274932866,0.011859838274932866,0.0,510300.SH
2021-01-26,-0.021310602024507297,-0.021310602024507297,0.0,510300.SH
2021-01-27,0.0018145527127562122,0.0018145527127562122,0.0,510300.SH
2021-01-28,-0.024633218619815267,-0.024633218619815267,0.0,510300.SH
2021-01-29,-0.01541769353800726,-0.01561769353800726,2.0,159915.SZ
2021-02-01,0.008913832948167721,0.008913832948167721,0.0,159915.SZ
2021-02-02,0.020287958115183136,0.020287958115183136,0.0,159915.SZ
2021-02-03,-0.0038486209108402614,-0.0038486209108402614,0.0,159915.SZ
2021-02-04,-0.0025756600128783447,-0.0025756600128783447,0.0,159915.SZ
2021-02-05,-0.004519044544867623,-0.004519044544867623,0.0,159915.SZ
2021-02-09,-0.002857770938668014,-0.003057770938668014,2.0,513100.SH
2021-02-10,0.0037477954144622405,0.0037477954144622405,0.0,513100.SH
2021-02-18,-0.0046123435097737975,-0.0046123435097737975,0.0,513100.SH
2021-02-19,-0.0011032656663724216,-0.0011032656663724216,0.0,513100.SH
2021-02-22,-0.008835873647006887,-0.008835873647006887,0.0,513100.SH
2021-02-23,-0.015823490082460423,-0.015823490082460423,0.0,513100.SH
2021-02-24,-0.01743659420289856,-0.01743659420289856,0.0,513100.SH
2021-02-25,0.0191288315280016,0.0191288315280016,0.0,513100.SH
2021-02-26,-0.03980099502487544,-0.03980099502487544,0.0,513100.SH
2021-03-01,0.02181556273915386,0.02161556273915386,2.0,510300.SH
2021-03-02,-0.012735326688815052,-0.012735326688815052,0.0,510300.SH
2021-03-03,0.019629837352776125,0.019629837352776125,0.0,510300.SH
2021-03-04,-0.03061972863953044,-0.03061972863953044,0.0,510300.SH
2021-03-05,-0.003972006809154549,-0.003972006809154549,0.0,510300.SH
2021-03-08,-0.0353209266995822,-0.0353209266995822,0.0,510300.SH
2021-03-09,-0.01988188976377947,-0.01988188976377947,0.0,510300.SH
2021-03-10,0.009280278974549638,0.009080278974549638,2.0,513100.SH
2021-03-11,0.008448720957521694,0.008448720957521694,0.0,513100.SH
2021-03-12,0.0062834535722597895,0.0062834535722597895,0.0,513100.SH
2021-03-15,-0.004162812210915745,-0.004162812210915745,0.0,513100.SH
2021-03-16,0.018810961449140517,0.018810961449140517,0.0,513100.SH
2021-03-17,-0.001595623432869786,-0.001595623432869786,0.0,513100.SH
2021-03-18,0.007534246575342518,0.007534246575342518,0.0,513100.SH
2021-03-19,-0.025159052411248273,-0.02535905241124827,2.0,518880.SH
2021-03-22,-0.00529395374756203,-0.00529395374756203,0.0,518880.SH
2021-03-23,0.004201680672268893,0.004201680672268893,0.0,518880.SH
2021-03-24,-0.0019525801952580135,-0.0019525801952580135,0.0,518880.SH
2021-03-25,0.0030743432084963107,0.0030743432084963107,0.0,518880.SH
2021-03-26,-0.0027862914460852206,-0.0027862914460852206,0.0,518880.SH
2021-03-29,0.0,0.0,0.0,518880.SH
2021-03-30,-0.0074717394421198735,-0.007671739442119873,2.0,513100.SH
2021-03-31,-0.00046178711613964474,-0.00046178711613964474,0.0,513100.SH
2021-04-01,0.023331023331023326,0.023331023331023326,0.0,513100.SH
2021-04-02,0.011060948081264232,0.011060948081264232,0.0,513100.SH
2021-04-06,0.015628488501897797,0.015628488501897797,0.0,513100.SH
2021-04-07,-0.0008793141349747735,-0.0008793141349747735,0.0,513100.SH
2021-04-08,0.010341034103410252,0.010341034103410252,0.0,513100.SH
2021-04-09,0.0028310104529618574,0.0028310104529618574,0.0,513100.SH
2021-04-12,0.006514657980455807,0.006514657980455807,0.0,513100.SH
2021-04-13,-0.0021574973031283085,-0.0021574973031283085,0.0,513100.SH
2021-04-14,0.01297297297297284,0.01297297297297284,0.0,513100.SH
2021-04-15,-0.010032017075773725,-0.010032017075773725,0.0,513100.SH
2021-04-16,0.009271237602414883,0.009271237602414883,0.0,513100.SH
2021-04-19,0.0019226660969879905,0.0019226660969879905,0.0,513100.SH
2021-04-20,-0.014925373134328401,-0.014925373134328401,0.0,513100.SH
2021-04-21,-0.007575757575757569,-0.007575757575757569,0.0,513100.SH
2021-04-22,0.009113464536385951,0.00891346453638595,2.0,159915.SZ
2021-04-23,0.019034191046880533,0.019034191046880533,0.0,159915.SZ
2021-04-26,-0.009685230024213065,-0.009685230024213065,0.0,159915.SZ
2021-04-27,0.007334963325183352,0.007334963325183352,0.0,159915.SZ
2021-04-28,0.022538141470180184,0.022538141470180184,0.0,159915.SZ
2021-04-29,0.0010172939979653517,0.0010172939979653517,0.0,159915.SZ
2021-04-30,0.012533875338753386,0.012533875338753386,0.0,159915.SZ
2021-05-06,-0.02843760455001676,-0.02843760455001676,0.0,159915.SZ
2021-05-07,-0.029269972451790638,-0.029269972451790638,0.0,159915.SZ
2021-05-10,0.001966478045821507,0.0017664780458215069,2.0,518880.SH
2021-05-11,-0.0013404825737265424,-0.0013404825737265424,0.0,518880.SH
2021-05-12,0.0018791946308724938,0.0018791946308724938,0.0,518880.SH
2021-05-13,-0.004019292604501623,-0.004019292604501623,0.0,518880.SH
2021-05-14,0.005918751681463386,0.005918751681463386,0.0,518880.SH
2021-05-17,0.010163145225996262,0.010163145225996262,0.0,518880.SH
2021-05-18,0.006619009796134501,0.006619009796134501,0.0,518880.SH
2021-05-19,0.013981280820514197,0.013781280820514196,2.0,159915.SZ
2021-05-20,0.010292164674634785,0.010292164674634785,0.0,159915.SZ
2021-05-21,-0.010187315149523535,-0.010187315149523535,0.0,159915.SZ
2021-05-24,0.007968127490039834,0.007968127490039834,0.0,159915.SZ
2021-05-25,0.02733860342556005,0.02733860342556005,0.0,159915.SZ
2021-05-26,-0.007694773966014701,-0.007694773966014701,0.0,159915.SZ
2021-05-27,0.0074313408723747365,0.0074313408723747365,0.0,159915.SZ
2021-05-28,0.0009621552277101486,0.0009621552277101486,0.0,159915.SZ
2021-05-31,0.023710349247036078,0.023710349247036078,0.0,159915.SZ
2021-06-01,-0.0021909233176837795,-0.0021909233176837795,0.0,159915.SZ
2021-06-02,-0.005413456155462626,-0.005613456155462626,2.0,518880.SH
2021-06-03,-0.005009227524387039,-0.005009227524387039,0.0,518880.SH
2021-06-04,-0.0111287758346581,-0.0111287758346581,0.0,518880.SH
2021-06-07,0.006698821007502742,0.006698821007502742,0.0,518880.SH
2021-06-08,0.005589566143199276,0.005589566143199276,0.0,518880.SH
2021-06-09,-0.000794070937003788,-0.000794070937003788,0.0,518880.SH
2021-06-10,-0.002913907284768258,-0.002913907284768258,0.0,518880.SH
2021-06-11,0.007920451175020826,0.0077204511750208265,2.0,159915.SZ
2021-06-15,-0.012519561815336422,-0.012519561815336422,0.0,159915.SZ
2021-06-16,-0.041521394611727325,-0.041521394611727325,0.0,159915.SZ
2021-06-17,0.021164021164021163,0.021164021164021163,0.0,159915.SZ
2021-06-18,0.01586787564766845,0.01586787564766845,0.0,159915.SZ
2021-06-21,0.00924450111571562,0.00924450111571562,0.0,159915.SZ
2021-06-22,0.0025268477574225123,0.0025268477574225123,0.0,159915.SZ
2021-06-23,0.005178088153295901,0.0049780881532959015,2.0,513100.SH
2021-06-24,-0.0002108370229813028,-0.0002108370229813028,0.0,513100.SH
2021-06-25,0.002952340784479146,0.002952340784479146,0.0,513100.SH
2021-06-28,0.0023128679562658405,0.0023128679562658405,0.0,513100.SH
2021-06-29,0.007551919446192379,0.007551919446192379,0.0,513100.SH
2021-06-30,0.007078909015198809,0.007078909015198809,0.0,513100.SH
2021-07-01,-0.0020673971469918895,-0.0020673971469918895,0.0,513100.SH
2021-07-02,0.0002071680132589293,0.0002071680132589293,0.0,513100.SH
2021-07-05,0.011391880695940326,0.011391880695940326,0.0,513100.SH
2021-07-06,0.0008191685439278285,0.0008191685439278285,0.0,513100.SH
2021-07-07,0.006547984448536992,0.006547984448536992,0.0,513100.SH
2021-07-08,-0.0018296401707662557,-0.0018296401707662557,0.0,513100.SH
2021-07-09,-0.0014256619144603633,-0.0014256619144603633,0.0,513100.SH
2021-07-12,0.006322659596165625,0.006322659596165625,0.0,513100.SH
2021-07-13,0.001216051884880498,0.001216051884880498,0.0,513100.SH
2021-07-14,-0.00040485829959524544,-0.00040485829959524544,0.0,513100.SH
2021-07-15,0.0020251113811260435,0.0020251113811260435,0.0,513100.SH
2021-07-16,-0.009094583670169909,-0.009094583670169909,0.0,513100.SH
2021-07-19,-0.005914746073832355,-0.005914746073832355,0.0,513100.SH
2021-07-20,-0.0022568732047597573,-0.0022568732047597573,0.0,513100.SH
2021-07-21,0.0061690314620603814,0.0061690314620603814,0.0,513100.SH
2021-07-22,0.0003671626349464052,0.0001671626349464052,2.0,159915.SZ
2021-07-23,-0.020651541593949996,-0.020651541593949996,0.0,159915.SZ
2021-07-26,-0.028809028809028803,-0.028809028809028803,0.0,159915.SZ
2021-07-27,-0.03975535168195721,-0.03975535168195721,0.0,159915.SZ
2021-07-28,0.013694267515923508,0.013694267515923508,0.0,159915.SZ
2021-07-29,0.05497957901350925,0.05497957901350925,0.0,159915.SZ
2021-07-30,-0.008933889219773783,-0.008933889219773783,0.0,159915.SZ
2021-08-02,-0.0013568521031207537,-0.0015568521031207538,2.0,518880.SH
2021-08-03,0.00027173913043476716,0.00027173913043476716,0.0,518880.SH
2021-08-04,0.0021733224667210838,0.0021733224667210838,0.0,518880.SH
2021-08-05,-0.0010843046896177322,-0.0010843046896177322,0.0,518880.SH
2021-08-06,-0.005970149253731405,-0.005970149253731405,0.0,518880.SH
2021-08-09,-0.025935025935025835,-0.025935025935025835,0.0,518880.SH
2021-08-10,-0.004484304932735439,-0.004484304932735439,0.0,518880.SH
2021-08-11,-0.0053981806073857275,-0.005598180607385727,2.0,513100.SH
2021-08-12,-0.0027966440271673942,-0.0027966440271673942,0.0,513100.SH
2021-08-13,0.0036057692307691624,0.0036057692307691624,0.0,513100.SH
2021-08-16,0.0023952095808383866,0.0023952095808383866,0.0,513100.SH
2021-08-17,0.003385105535643085,0.003385105535643085,0.0,513100.SH
2021-08-18,-0.005953562214724983,-0.005953562214724983,0.0,513100.SH
2021-08-19,-0.0173687362747057,-0.0173687362747057,0.0,513100.SH
2021-08-20,0.009345794392523477,0.009345794392523477,0.0,513100.SH
2021-08-23,0.016505636070853535,0.016505636070853535,0.0,513100.SH
2021-08-24,0.014455445544554468,0.014455445544554468,0.0,513100.SH
2021-08-25,0.0010130251994293626,0.0008130251994293627,2.0,510300.SH
2021-08-26,-0.01709917521625426,-0.01709917521625426,0.0,510300.SH
2021-08-27,0.002660663119115947,0.002660663119115947,0.0,510300.SH
2021-08-30,-0.003674219228413933,-0.003674219228413933,0.0,510300.SH
2021-08-31,-0.00040975209997973217,-0.00040975209997973217,0.0,510300.SH
2021-09-01,0.014347202295552641,0.014347202295552641,0.0,510300.SH
2021-09-02,-0.0008082440897151377,-0.0008082440897151377,0.0,510300.SH
2021-09-03,-0.001733769986514977,-0.001933769986514977,2.0,513100.SH
2021-09-06,0.0025086839058279242,0.0025086839058279242,0.0,513100.SH
2021-09-07,0.0009624639076033503,0.0009624639076033503,0.0,513100.SH
2021-09-08,-0.0013461538461539968,-0.0013461538461539968,0.0,513100.SH
2021-09-09,-0.005391873676102388,-0.005391873676102388,0.0,513100.SH
2021-09-10,-0.0032913843175218505,-0.0032913843175218505,0.0,513100.SH
2021-09-13,-0.005050505050504972,-0.005050505050504972,0.0,513100.SH
2021-09-14,-0.005857087075361256,-0.005857087075361256,0.0,513100.SH
2021-09-15,-0.011353421690198928,-0.011553421690198929,2.0,510300.SH
2021-09-16,-0.011324570273003154,-0.011324570273003154,0.0,510300.SH
2021-09-17,0.007977091429740124,0.007977091429740124,0.0,510300.SH
2021-09-22,-0.006696428571428492,-0.006696428571428492,0.0,510300.SH
2021-09-23,0.0059244126659856455,0.0059244126659856455,0.0,510300.SH
2021-09-24,0.0014216084484157676,0.0014216084484157676,0.0,510300.SH
2021-09-27,0.00648955587102007,0.00648955587102007,0.0,510300.SH
2021-09-28,-0.0018134193028410683,-0.0018134193028410683,0.0,510300.SH
2021-09-29,-0.00666128381106168,-0.00666128381106168,0.0,510300.SH
2021-09-30,0.0028449502133709448,0.0028449502133709448,0.0,510300.SH
2021-10-08,0.014387031408308104,0.014387031408308104,0.0,510300.SH
2021-10-11,-0.00019976028765478215,-0.00019976028765478215,0.0,510300.SH
2021-10-12,-0.016209107348347906,-0.016409107348347905,2.0,159915.SZ
2021-10-13,0.022024983563445177,0.022024983563445177,0.0,159915.SZ
2021-10-14,0.0009649404953362417,0.0009649404953362417,0.0,159915.SZ
2021-10-15,0.020565552699228773,0.020565552699228773,0.0,159915.SZ
2021-10-18,-0.0012594458438287548,-0.0012594458438287548,0.0,159915.SZ
2021-10-19,0.005989911727616537,0.005989911727616537,0.0,159915.SZ
2021-10-20,-0.0018802883108742785,-0.0018802883108742785,0.0,159915.SZ
2021-10-21,-0.0034536891679749493,-0.0034536891679749493,0.0,159915.SZ
2021-10-22,0.003465658475110267,0.003465658475110267,0.0,159915.SZ
2021-10-25,0.016012558869701765,0.016012558869701765,0.0,159915.SZ
2021-10-26,-0.004635352286773808,-0.004635352286773808,0.0,159915.SZ
2021-10-27,-0.004967401428127904,-0.004967401428127904,0.0,159915.SZ
2021-10-28,-0.008424336973478996,-0.008424336973478996,0.0,159915.SZ
2021-10-29,0.022341095028319824,0.022341095028319824,0.0,159915.SZ
2021-11-01,-0.007694675284702912,-0.007694675284702912,0.0,159915.SZ
2021-11-02,0.001240694789081953,0.001240694789081953,0.0,159915.SZ
2021-11-03,-0.0036967130392568937,-0.0038967130392568937,2.0,513100.SH
2021-11-04,0.01373259584207509,0.01373259584207509,0.0,513100.SH
2021-11-05,0.012229539040451431,0.012229539040451431,0.0,513100.SH
2021-11-08,-0.0033457249070631967,-0.0033457249070631967,0.0,513100.SH
2021-11-09,0.0011189854531892252,0.0011189854531892252,0.0,513100.SH
2021-11-10,-0.009687034277198303,-0.009687034277198303,0.0,513100.SH
2021-11-11,-0.008276899924755332,-0.008276899924755332,0.0,513100.SH
2021-11-12,-0.00037936267071336793,-0.00037936267071336793,0.0,513100.SH
2021-11-15,0.012523719165085545,0.012523719165085545,0.0,513100.SH
2021-11-16,-0.005997001499250421,-0.005997001499250421,0.0,513100.SH
2021-11-17,0.008107088989441902,0.008107088989441902,0.0,513100.SH
2021-11-18,0.0022442491116512198,0.0022442491116512198,0.0,513100.SH
2021-11-19,0.013808546370591479,0.013808546370591479,0.0,513100.SH
2021-11-22,0.00276090557702946,0.00276090557702946,0.0,513100.SH
2021-11-23,-0.016336270190895785,-0.016336270190895785,0.0,513100.SH
2021-11-24,0.0016794178018286754,0.0016794178018286754,0.0,513100.SH
2021-11-25,0.005029806259314373,0.005029806259314373,0.0,513100.SH
2021-11-26,-0.005150409042902093,-0.005350409042902093,2.0,159915.SZ
2021-11-29,0.007431629013079588,0.007431629013079588,0.0,159915.SZ
2021-11-30,-0.0008852168781350311,-0.0008852168781350311,0.0,159915.SZ
2021-12-01,-0.006202008269344361,-0.006202008269344361,0.0,159915.SZ
2021-12-02,-0.002971768202080338,-0.002971768202080338,0.0,159915.SZ
2021-12-03,0.0044709388971684305,0.0044709388971684305,0.0,159915.SZ
2021-12-06,-0.022551928783382857,-0.022551928783382857,0.0,159915.SZ
2021-12-07,0.007481555629703651,0.0072815556297036515,2.0,510300.SH
2021-12-08,0.01439424230307873,0.01439424230307873,0.0,510300.SH
2021-12-09,0.01655498620417828,0.01655498620417828,0.0,510300.SH
2021-12-10,-0.0029081039162468514,-0.0029081039162468514,0.0,510300.SH
2021-12-13,0.002527707563678927,0.002527707563678927,0.0,510300.SH
2021-12-14,-0.006012412723041205,-0.006012412723041205,0.0,510300.SH
2021-12-15,-0.008975609756097569,-0.008975609756097569,0.0,510300.SH
2021-12-16,0.005316007088009389,0.005316007088009389,0.0,510300.SH
2021-12-17,-0.014296905601253296,-0.014296905601253296,0.0,510300.SH
2021-12-20,-0.01490164911583558,-0.01490164911583558,0.0,510300.SH
2021-12-21,0.004235578862444633,0.004235578862444633,0.0,510300.SH
2021-12-22,0.000602530628640352,0.000602530628640352,0.0,510300.SH
2021-12-23,0.007627458851866331,0.007627458851866331,0.0,510300.SH
2021-12-24,-0.004581673306772727,-0.004581673306772727,0.0,510300.SH
2021-12-27,0.0008004802881729223,0.0008004802881729223,0.0,510300.SH
2021-12-28,0.005198960207958514,0.005198960207958514,0.0,510300.SH
2021-12-29,-0.013328028645315348,-0.013328028645315348,0.0,510300.SH
2021-12-30,-0.0033167495854062867,-0.003516749585406287,2.0,518880.SH
2021-12-31,0.010260676650027722,0.010260676650027722,0.0,518880.SH
2022-01-04,-0.006313477902827214,-0.006313477902827214,0.0,518880.SH
2022-01-05,0.004143646408839796,0.004143646408839796,0.0,518880.SH
2022-01-06,-0.005777166437413994,-0.005777166437413994,0.0,518880.SH
2022-01-07,-0.006087437742113955,-0.006087437742113955,0.0,518880.SH
2022-01-10,0.0019487750556792527,0.0019487750556792527,0.0,518880.SH
2022-01-11,0.008335648791330863,0.008335648791330863,0.0,518880.SH
2022-01-12,0.004684486084320705,0.004684486084320705,0.0,518880.SH
2022-01-13,0.0021941854086671153,0.0021941854086671153,0.0,518880.SH
2022-01-14,-0.0010946907498631253,-0.0010946907498631253,0.0,518880.SH
2022-01-17,-0.004109589041095929,-0.004109589041095929,0.0,518880.SH
2022-01-18,-0.0016506189821182682,-0.0016506189821182682,0.0,518880.SH
2022-01-19,-0.0011022320198401658,-0.0011022320198401658,0.0,518880.SH
2022-01-20,0.013517241379310319,0.013517241379310319,0.0,518880.SH
2022-01-21,-0.0005443658138268859,-0.0005443658138268859,0.0,518880.SH
2022-01-24,-0.002723311546841023,-0.002723311546841023,0.0,518880.SH
2022-01-25,0.0024576734025123503,0.0024576734025123503,0.0,518880.SH
2022-01-26,0.0008172160174340082,0.0008172160174340082,0.0,518880.SH
2022-01-27,-0.01850843767011434,-0.01850843767011434,0.0,518880.SH
2022-01-28,-0.0033277870216306127,-0.0033277870216306127,0.0,518880.SH
2022-02-07,0.0072342793544797335,0.0072342793544797335,0.0,518880.SH
2022-02-08,0.005801104972375626,0.005801104972375626,0.0,518880.SH
2022-02-09,0.004669046965119383,0.004669046965119383,0.0,518880.SH
2022-02-10,0.001913613996719521,0.001913613996719521,0.0,518880.SH
2022-02-11,-0.00545702592087316,-0.00545702592087316,0.0,518880.SH
2022-02-14,0.016460905349794164,0.016460905349794164,0.0,518880.SH
2022-02-15,0.009986504723346723,0.009986504723346723,0.0,518880.SH
2022-02-16,-0.01336183858898976,-0.01336183858898976,0.0,518880.SH
2022-02-17,0.009209100758396538,0.009209100758396538,0.0,518880.SH
2022-02-18,0.00912506709608163,0.00912506709608163,0.0,518880.SH
2022-02-21,-0.0015957446808509967,-0.0015957446808509967,0.0,518880.SH
2022-02-22,0.012519978689397915,0.012519978689397915,0.0,518880.SH
2022-02-23,-0.007629571165482907,-0.007629571165482907,0.0,518880.SH
2022-02-24,0.02147401908801716,0.02147401908801716,0.0,518880.SH
2022-02-25,-0.011938749026732531,-0.011938749026732531,0.0,518880.SH
2022-02-28,-0.00525348043078544,-0.00525348043078544,0.0,518880.SH
2022-03-01,-0.00026406126221278914,-0.00026406126221278914,0.0,518880.SH
2022-03-02,0.01347068145800323,0.01347068145800323,0.0,518880.SH
2022-03-03,-0.0026062027625749495,-0.0026062027625749495,0.0,518880.SH
2022-03-04,0.0036582179252679925,0.0036582179252679925,0.0,518880.SH
2022-03-07,0.022129653736006283,0.022129653736006283,0.0,518880.SH
2022-03-08,0.022669383596535697,0.022669383596535697,0.0,518880.SH
2022-03-09,0.011457036114570496,0.011457036114570496,0.0,518880.SH
2022-03-10,-0.03201181974883027,-0.03201181974883027,0.0,518880.SH
2022-03-11,0.001526329178326069,0.001526329178326069,0.0,518880.SH
2022-03-14,-0.005080010160020354,-0.005080010160020354,0.0,518880.SH
2022-03-15,-0.021700280827163687,-0.021700280827163687,0.0,518880.SH
2022-03-16,-0.009394572025052228,-0.009394572025052228,0.0,518880.SH
2022-03-17,0.012908324552160177,0.012908324552160177,0.0,518880.SH
2022-03-18,0.001560468140441973,0.001560468140441973,0.0,518880.SH
2022-03-21,-0.002596728122565506,-0.002596728122565506,0.0,518880.SH
2022-03-22,0.006508721687060737,0.006508721687060737,0.0,518880.SH
2022-03-23,-0.004381567397642616,-0.004581567397642616,2.0,513100.SH
2022-03-24,-0.009424083769633662,-0.009424083769633662,0.0,513100.SH
2022-03-25,0.017970401691332016,0.017970401691332016,0.0,513100.SH
2022-03-28,-0.005192107995846351,-0.005192107995846351,0.0,513100.SH
2022-03-29,0.02087682672233826,0.02087682672233826,0.0,513100.SH
2022-03-30,0.0122699386503069,0.0122699386503069,0.0,513100.SH
2022-03-31,-0.007070707070707116,-0.007070707070707116,0.0,513100.SH
2022-04-01,-0.010172939979654072,-0.010172939979654072,0.0,513100.SH
2022-04-06,-0.006166495375128478,-0.006166495375128478,0.0,513100.SH
2022-04-07,-0.020682523267838704,-0.020682523267838704,0.0,513100.SH
2022-04-08,0.006335797254487963,0.006335797254487963,0.0,513100.SH
2022-04-11,-0.025183630640083887,-0.025183630640083887,0.0,513100.SH
2022-04-12,-0.019375672766415386,-0.019375672766415386,0.0,513100.SH
2022-04-13,0.006586169045005308,0.006586169045005308,0.0,513100.SH
2022-04-14,0.015267175572519331,0.015267175572519331,0.0,513100.SH
2022-04-15,-0.027926960257787292,-0.027926960257787292,0.0,513100.SH
2022-04-18,-0.006733277290071338,-0.0069332772900713375,2.0,518880.SH
2022-04-19,-0.007814469372321664,-0.007814469372321664,0.0,518880.SH
2022-04-20,-0.012703252032520318,-0.012703252032520318,0.0,518880.SH
2022-04-21,0.013124034997426648,0.013124034997426648,0.0,518880.SH
2022-04-22,0.0035560071120142034,0.0035560071120142034,0.0,518880.SH
2022-04-25,-0.006833712984054663,-0.006833712984054663,0.0,518880.SH
2022-04-26,-0.0086646279306829,-0.0086646279306829,0.0,518880.SH
2022-04-27,0.0005141388174807471,0.0005141388174807471,0.0,518880.SH
2022-04-28,-0.0005138746145939566,-0.0005138746145939566,0.0,518880.SH
2022-04-29,0.013367609254498758,0.013367609254498758,0.0,518880.SH
2022-05-05,-0.0032978183663116,-0.0032978183663116,0.0,518880.SH
2022-05-06,-0.001781623822855627,-0.001781623822855627,0.0,518880.SH
2022-05-09,0.004334523202447649,0.004334523202447649,0.0,518880.SH
2022-05-10,-0.007362274689007298,-0.007362274689007298,0.0,518880.SH
2022-05-11,-0.005115089514066473,-0.005115089514066473,0.0,518880.SH
2022-05-12,0.009768637532133528,0.009768637532133528,0.0,518880.SH
2022-05-13,-0.010183299389002087,-0.010183299389002087,0.0,518880.SH
2022-05-16,-0.009516460905349744,-0.009516460905349744,0.0,518880.SH
2022-05-17,0.006751493118670515,0.006751493118670515,0.0,518880.SH
2022-05-18,-0.010575187000257946,-0.010575187000257946,0.0,518880.SH
2022-05-19,0.026881752749653876,0.026681752749653877,2.0,159915.SZ
2022-05-20,0.01777970511708582,0.01777970511708582,0.0,159915.SZ
2022-05-23,-0.0063911376224968786,-0.0063911376224968786,0.0,159915.SZ
2022-05-24,-0.036878216123499064,-0.036878216123499064,0.0,159915.SZ
2022-05-25,0.003116651825467498,0.003116651825467498,0.0,159915.SZ
2022-05-26,-0.001775410563692903,-0.001775410563692903,0.0,159915.SZ
2022-05-27,0.0008892841262782003,0.0008892841262782003,0.0,159915.SZ
2022-05-30,0.011106175033318566,0.011106175033318566,0.0,159915.SZ
2022-05-31,0.01590062111801238,0.015700621118012383,2.0,510300.SH
2022-06-01,-0.0014673514306676738,-0.0014673514306676738,0.0,510300.SH
2022-06-02,0.0026940974773450588,0.0026940974773450588,0.0,510300.SH
2022-06-06,0.02002931118710327,0.02002931118710327,0.0,510300.SH
2022-06-07,0.001436781609195359,0.001436781609195359,0.0,510300.SH
2022-06-08,0.010043041606886627,0.010043041606886627,0.0,510300.SH
2022-06-09,-0.008049242424242431,-0.008049242424242431,0.0,510300.SH
2022-06-10,0.013842482100238529,0.013842482100238529,0.0,510300.SH
2022-06-13,-0.012241054613936098,-0.012241054613936098,0.0,510300.SH
2022-06-14,0.005613887970805864,0.0054138879708058646,2.0,159915.SZ
2022-06-15,0.008888888888888724,0.008888888888888724,0.0,159915.SZ
2022-06-16,0.004004805766920416,0.004004805766920416,0.0,159915.SZ
2022-06-17,0.030714000797766206,0.030714000797766206,0.0,159915.SZ
2022-06-20,0.016253869969040213,0.016253869969040213,0.0,159915.SZ
2022-06-21,-0.004188880426504116,-0.004188880426504116,0.0,159915.SZ
2022-06-22,-0.00726577437858511,-0.00726577437858511,0.0,159915.SZ
2022-06-23,0.03235747303543923,0.03235747303543923,0.0,159915.SZ
2022-06-24,0.02164179104477615,0.02164179104477615,0.0,159915.SZ
2022-06-27,0.001095690284879547,0.001095690284879547,0.0,159915.SZ
2022-06-28,0.004742794600510747,0.004742794600510747,0.0,159915.SZ
2022-06-29,-0.02578068264342781,-0.02578068264342781,0.0,159915.SZ
2022-06-30,0.017517704062616435,0.017517704062616435,0.0,159915.SZ
2022-07-01,-0.011355311355311426,-0.011355311355311426,0.0,159915.SZ
2022-07-04,0.018895887365691033,0.018895887365691033,0.0,159915.SZ
2022-07-05,-0.0040000000000000036,-0.0040000000000000036,0.0,159915.SZ
2022-07-06,-0.005111354508944843,-0.005111354508944843,0.0,159915.SZ
2022-07-07,0.016146788990825778,0.016146788990825778,0.0,159915.SZ
2022-07-08,-0.013723365836041945,-0.013723365836041945,0.0,159915.SZ
2022-07-11,-0.015012815818381542,-0.015012815818381542,0.0,159915.SZ
2022-07-12,-0.025278810408921992,-0.025278810408921992,0.0,159915.SZ
2022-07-13,0.01639969488939741,0.01639969488939741,0.0,159915.SZ
2022-07-14,0.026266416510318802,0.026266416510318802,0.0,159915.SZ
2022-07-15,-0.02010968921389389,-0.02010968921389389,0.0,159915.SZ
2022-07-18,0.010274616127993408,0.010074616127993407,2.0,513100.SH
2022-07-19,-0.014268727705113005,-0.014268727705113005,0.0,513100.SH
2022-07-20,0.03256936067551264,0.03256936067551264,0.0,513100.SH
2022-07-21,0.005841121495327117,0.005841121495327117,0.0,513100.SH
2022-07-22,0.006968641114982521,0.006968641114982521,0.0,513100.SH
2022-07-25,-0.014994232987312728,-0.014994232987312728,0.0,513100.SH
2022-07-26,-0.005854800936768156,-0.005854800936768156,0.0,513100.SH
2022-07-27,0.0,0.0,0.0,513100.SH
2022-07-28,0.0176678445229681,0.0176678445229681,0.0,513100.SH
2022-07-29,0.0277777777777779,0.0277777777777779,0.0,513100.SH
2022-08-01,-0.0022522522522523403,-0.0022522522522523403,0.0,513100.SH
2022-08-02,0.0,0.0,0.0,513100.SH
2022-08-03,0.0,0.0,0.0,513100.SH
2022-08-04,0.028216704288939187,0.028216704288939187,0.0,513100.SH
2022-08-05,0.004390779363336872,0.004390779363336872,0.0,513100.SH
2022-08-08,-0.003278688524590234,-0.003278688524590234,0.0,513100.SH
2022-08-09,-0.007675438596491113,-0.007675438596491113,0.0,513100.SH
2022-08-10,-0.014364640883978042,-0.014364640883978042,0.0,513100.SH
2022-08-11,0.034753363228699596,0.034753363228699596,0.0,513100.SH
2022-08-12,-0.009750812567713929,-0.009750812567713929,0.0,513100.SH
2022-08-15,0.018599562363238675,0.018599562363238675,0.0,513100.SH
2022-08-16,0.011815252416756072,0.011815252416756072,0.0,513100.SH
2022-08-17,-0.0031847133757960666,-0.0031847133757960666,0.0,513100.SH
2022-08-18,-0.013844515441959415,-0.013844515441959415,0.0,513100.SH
2022-08-19,0.002159827213822796,0.002159827213822796,0.0,513100.SH
2022-08-22,-0.017241379310344862,-0.017241379310344862,0.0,513100.SH
2022-08-23,-0.018640350877192846,-0.018640350877192846,0.0,513100.SH
2022-08-24,0.003351955307262511,0.003351955307262511,0.0,513100.SH
2022-08-25,0.003869527070843981,0.003669527070843981,2.0,518880.SH
2022-08-26,0.00026336581511721135,0.00026336581511721135,0.0,518880.SH
2022-08-29,-0.008162190626645693,-0.008162190626645693,0.0,518880.SH
2022-08-30,0.004247411733474982,0.004247411733474982,0.0,518880.SH
2022-08-31,-0.006608511763150915,-0.006608511763150915,0.0,518880.SH
2022-09-01,-0.007450771687067648,-0.007450771687067648,0.0,518880.SH
2022-09-02,-0.0010723860589811895,-0.0010723860589811895,0.0,518880.SH
2022-09-05,0.01046698872785834,0.01046698872785834,0.0,518880.SH
2022-09-06,0.00504648074369185,0.00504648074369185,0.0,518880.SH
2022-09-07,-0.006606765327695552,-0.006606765327695552,0.0,518880.SH
2022-09-08,0.008246874168661877,0.008246874168661877,0.0,518880.SH
2022-09-09,-0.0013192612137202797,-0.0013192612137202797,0.0,518880.SH
2022-09-13,0.0005284015852047297,0.0005284015852047297,0.0,518880.SH
2022-09-14,-0.007129654079746528,-0.007129654079746528,0.0,518880.SH
2022-09-15,-0.004255319148936065,-0.004255319148936065,0.0,518880.SH
2022-09-16,-0.004273504273504258,-0.004273504273504258,0.0,518880.SH
2022-09-19,0.0034871244635192866,0.0034871244635192866,0.0,518880.SH
2022-09-20,0.003475006682705173,0.003475006682705173,0.0,518880.SH
2022-09-21,0.0013319126265316505,0.0013319126265316505,0.0,518880.SH
2022-09-22,-0.0015961691939344602,-0.0015961691939344602,0.0,518880.SH
2022-09-23,0.004529709565680662,0.004529709565680662,0.0,518880.SH
2022-09-26,-0.009018567639257236,-0.009018567639257236,0.0,518880.SH
2022-09-27,0.002676659528907832,0.002676659528907832,0.0,518880.SH
2022-09-28,0.0013347570742123782,0.0013347570742123782,0.0,518880.SH
2022-09-29,0.007731271660890382,0.007731271660890382,0.0,518880.SH
2022-09-30,0.0007936507936507908,0.0007936507936507908,0.0,518880.SH
2022-10-10,0.007137192704202988,0.007137192704202988,0.0,518880.SH
2022-10-11,-0.0020997375328084544,-0.0020997375328084544,0.0,518880.SH
2022-10-12,0.002630194634402949,0.002630194634402949,0.0,518880.SH
2022-10-13,0.0013116474291712255,0.0013116474291712255,0.0,518880.SH
2022-10-14,-0.0010479434110558516,-0.0010479434110558516,0.0,518880.SH
2022-10-17,-0.0055074744295831035,-0.0055074744295831035,0.0,518880.SH
2022-10-18,0.002637130801687926,0.002637130801687926,0.0,518880.SH
2022-10-19,-0.002367175170962632,-0.002367175170962632,0.0,518880.SH
2022-10-20,-0.004745583970471978,-0.004745583970471978,0.0,518880.SH
2022-10-21,-0.001059602649006619,-0.001059602649006619,0.0,518880.SH
2022-10-24,0.012993900822063198,0.012993900822063198,0.0,518880.SH
2022-10-25,0.0018324607329842646,0.0018324607329842646,0.0,518880.SH
2022-10-26,-0.000783903841128808,-0.000783903841128808,0.0,518880.SH
2022-10-27,-0.0018305439330542628,-0.0018305439330542628,0.0,518880.SH
2022-10-28,0.0007859575582918055,0.0007859575582918055,0.0,518880.SH
2022-10-31,-0.003403141361256523,-0.003403141361256523,0.0,518880.SH
2022-11-01,0.0007880220646179215,0.0007880220646179215,0.0,518880.SH
2022-11-02,0.0018372703412072866,0.0018372703412072866,0.0,518880.SH
2022-11-03,-0.003143830233167444,-0.003143830233167444,0.0,518880.SH
2022-11-04,0.03294321629822283,0.032743216298222834,2.0,159915.SZ
2022-11-07,-0.0016785564414603105,-0.0016785564414603105,0.0,159915.SZ
2022-11-08,-0.006725514922236275,-0.006725514922236275,0.0,159915.SZ
2022-11-09,-0.015658061785865374,-0.015658061785865374,0.0,159915.SZ
2022-11-10,-0.016337059329320835,-0.016337059329320835,0.0,159915.SZ
2022-11-11,0.018356643356643554,0.018356643356643554,0.0,159915.SZ
2022-11-14,-0.012017167381974225,-0.012017167381974225,0.0,159915.SZ
2022-11-15,0.006064763208366797,0.005864763208366797,2.0,513100.SH
2022-11-16,0.007017543859649145,0.007017543859649145,0.0,513100.SH
2022-11-17,-0.005807200929152101,-0.005807200929152101,0.0,513100.SH
2022-11-18,-0.003504672897196137,-0.003504672897196137,0.0,513100.SH
2022-11-21,-0.003516998827667206,-0.003516998827667206,0.0,513100.SH
2022-11-22,-0.008235294117647118,-0.008235294117647118,0.0,513100.SH
2022-11-23,0.011862396204033399,0.011862396204033399,0.0,513100.SH
2022-11-24,0.009676859985505049,0.009476859985505048,2.0,518880.SH
2022-11-25,0.0030402837598175747,0.0030402837598175747,0.0,518880.SH
2022-11-28,0.0007577671129073149,0.0007577671129073149,0.0,518880.SH
2022-11-29,-0.0027763755678950064,-0.0027763755678950064,0.0,518880.SH
2022-11-30,-0.0017717033662364434,-0.0017717033662364434,0.0,518880.SH
2022-12-01,0.0030425963488844854,0.0030425963488844854,0.0,518880.SH
2022-12-02,0.005813953488372103,0.005813953488372103,0.0,518880.SH
2022-12-05,-0.009801457652676593,-0.009801457652676593,0.0,518880.SH
2022-12-06,-0.000193597855609573,-0.00039359785560957297,2.0,510300.SH
2022-12-07,-0.002979885771045465,-0.002979885771045465,0.0,510300.SH
2022-12-08,0.0022415940224160824,0.0022415940224160824,0.0,510300.SH
2022-12-09,0.008449304174950045,0.008449304174950045,0.0,510300.SH
2022-12-12,-0.010349926071956617,-0.010349926071956617,0.0,510300.SH
2022-12-13,-0.0027390438247012483,-0.0027390438247012483,0.0,510300.SH
2022-12-14,0.0024968789013732895,0.0024968789013732895,0.0,510300.SH
2022-12-15,-0.0004981320049813887,-0.0004981320049813887,0.0,510300.SH
2022-12-16,0.000996760528283236,0.000996760528283236,0.0,510300.SH
2022-12-19,-0.014438635797858979,-0.014438635797858979,0.0,510300.SH
2022-12-20,-0.01591310937105339,-0.01591310937105339,0.0,510300.SH
2022-12-21,-0.0007700205338808663,-0.0007700205338808663,0.0,510300.SH
2022-12-22,0.004394258220799863,0.004194258220799863,2.0,518880.SH
2022-12-23,-0.008289374529012794,-0.008289374529012794,0.0,518880.SH
2022-12-26,0.001266464032421366,0.001266464032421366,0.0,518880.SH
2022-12-27,0.00252972426005571,0.00252972426005571,0.0,518880.SH
2022-12-28,0.0007570022710068347,0.0007570022710068347,0.0,518880.SH
2022-12-29,-0.001512859304084735,-0.001512859304084735,0.0,518880.SH
2022-12-30,0.0065656565656566634,0.0065656565656566634,0.0,518880.SH
2023-01-03,0.00025087807325641087,0.00025087807325641087,0.0,518880.SH
2023-01-04,0.003762227238525151,0.003762227238525151,0.0,518880.SH
2023-01-05,-0.0002498750624686519,-0.0002498750624686519,0.0,518880.SH
2023-01-06,-0.007248187953011853,-0.007248187953011853,0.0,518880.SH
2023-01-09,0.010825780463242562,0.010825780463242562,0.0,518880.SH
2023-01-10,-0.0004981320049812776,-0.0004981320049812776,0.0,518880.SH
2023-01-11,0.0029902815848492637,0.0029902815848492637,0.0,518880.SH
2023-01-12,-0.0014906832298137163,-0.0014906832298137163,0.0,518880.SH
2023-01-13,0.009598234003834305,0.009398234003834305,2.0,159915.SZ
2023-01-16,0.018618121638394936,0.018618121638394936,0.0,159915.SZ
2023-01-17,0.0032493907392363575,0.0032493907392363575,0.0,159915.SZ
2023-01-18,-0.0008097165991903799,-0.0008097165991903799,0.0,159915.SZ
2023-01-19,0.011345218800648205,0.011345218800648205,0.0,159915.SZ
2023-01-20,0.004407051282051322,0.004407051282051322,0.0,159915.SZ
2023-01-30,0.01037096130833648,0.01037096130833648,0.0,159915.SZ
2023-01-31,-0.010264508487958901,-0.010264508487958901,0.0,159915.SZ
2023-02-01,0.011966493817311408,0.011966493817311408,0.0,159915.SZ
2023-02-02,-0.005124162396531351,-0.005124162396531351,0.0,159915.SZ
2023-02-03,-0.009508716323296418,-0.009508716323296418,0.0,159915.SZ
2023-02-06,-0.012800000000000034,-0.012800000000000034,0.0,159915.SZ
2023-02-07,0.0012749117189063686,0.0010749117189063685,2.0,513100.SH
2023-02-08,0.018475750577367167,0.018475750577367167,0.0,513100.SH
2023-02-09,-0.010204081632652962,-0.010204081632652962,0.0,513100.SH
2023-02-10,-0.014891179839633506,-0.014891179839633506,0.0,513100.SH
2023-02-13,-0.0011627906976744429,-0.0011627906976744429,0.0,513100.SH
2023-02-14,0.01396973224679865,0.01396973224679865,0.0,513100.SH
2023-02-15,0.0022962112514353095,0.0022962112514353095,0.0,513100.SH
2023-02-16,0.019473081328751585,0.019473081328751585,0.0,513100.SH
2023-02-17,-0.028089887640449618,-0.028089887640449618,0.0,513100.SH
2023-02-20,0.003468208092485714,0.003468208092485714,0.0,513100.SH
2023-02-21,-0.0023041474654378336,-0.0023041474654378336,0.0,513100.SH
2023-02-22,-0.018475750577367278,-0.018475750577367278,0.0,513100.SH
2023-02-23,0.008235294117647118,0.008235294117647118,0.0,513100.SH
2023-02-24,0.003500583430571691,0.003500583430571691,0.0,513100.SH
2023-02-27,-0.00930232558139521,-0.00930232558139521,0.0,513100.SH
2023-02-28,0.0035211267605632646,0.0035211267605632646,0.0,513100.SH
2023-03-01,-0.0035087719298244613,-0.0035087719298244613,0.0,513100.SH
2023-03-02,-0.014084507042253613,-0.014084507042253613,0.0,513100.SH
2023-03-03,0.007844562934237853,0.0076445629342378535,2.0,510300.SH
2023-03-06,-0.006062075654703958,-0.006062075654703958,0.0,510300.SH
2023-03-07,-0.01390583069041229,-0.01390583069041229,0.0,510300.SH
2023-03-08,-0.003958436417615063,-0.003958436417615063,0.0,510300.SH
2023-03-09,-0.0024838549428711776,-0.0024838549428711776,0.0,510300.SH
2023-03-10,-0.013695219123505908,-0.013695219123505908,0.0,510300.SH
2023-03-13,0.011108305983337452,0.011108305983337452,0.0,510300.SH
2023-03-14,0.0028676275867289824,0.0026676275867289823,2.0,518880.SH
2023-03-15,-0.0007242877836793893,-0.0007242877836793893,0.0,518880.SH
2023-03-16,0.008456148828219323,0.008456148828219323,0.0,518880.SH
2023-03-17,0.005749880210828895,0.005749880210828895,0.0,518880.SH
2023-03-20,0.030728918532634486,0.030728918532634486,0.0,518880.SH
2023-03-21,-0.00947538710422935,-0.00947538710422935,0.0,518880.SH
2023-03-22,-0.01469902006532886,-0.01469902006532886,0.0,518880.SH
2023-03-23,0.007103954534690926,0.007103954534690926,0.0,518880.SH
2023-03-24,0.005172819186456623,0.005172819186456623,0.0,518880.SH
2023-03-27,-0.006783625730994114,-0.006783625730994114,0.0,518880.SH
2023-03-28,-0.004945831370702036,-0.004945831370702036,0.0,518880.SH
2023-03-29,0.0035502958579882726,0.0035502958579882726,0.0,518880.SH
2023-03-30,0.0018867924528302993,0.0018867924528302993,0.0,518880.SH
2023-03-31,-0.0011047510489973211,-0.0013047510489973212,2.0,513100.SH
2023-04-03,0.013215859030837107,0.013215859030837107,0.0,513100.SH
2023-04-04,0.0021739130434781373,0.0021739130434781373,0.0,513100.SH
2023-04-06,-0.017353579175705014,-0.017353579175705014,0.0,513100.SH
2023-04-07,0.008830022075055233,0.008830022075055233,0.0,513100.SH
2023-04-10,-0.004376367614879584,-0.004376367614879584,0.0,513100.SH
2023-04-11,0.005494505494505475,0.005494505494505475,0.0,513100.SH
2023-04-12,-0.007650273224043769,-0.007650273224043769,0.0,513100.SH
2023-04-13,-0.0066079295154185536,-0.0066079295154185536,0.0,513100.SH
2023-04-14,0.01070849200670776,0.010508492006707759,2.0,518880.SH
2023-04-17,-0.009619789280806201,-0.009619789280806201,0.0,518880.SH
2023-04-18,-0.004394079555966712,-0.004394079555966712,0.0,518880.SH
2023-04-19,-0.0018583042973286945,-0.0018583042973286945,0.0,518880.SH
2023-04-20,0.0025599255294390666,0.0025599255294390666,0.0,518880.SH
2023-04-21,-0.004642525533890329,-0.004642525533890329,0.0,518880.SH
2023-04-24,-0.0025652985074626766,-0.0025652985074626766,0.0,518880.SH
2023-04-25,0.0054960504862084925,0.005296050486208493,2.0,513100.SH
2023-04-26,-0.002207505518763697,-0.002207505518763697,0.0,513100.SH
2023-04-27,0.0011061946902655162,0.0011061946902655162,0.0,513100.SH
2023-04-28,0.019889502762430844,0.019889502762430844,0.0,513100.SH
2023-05-04,-0.005417118093174467,-0.005417118093174467,0.0,513100.SH
2023-05-05,-0.002178649237472685,-0.002178649237472685,0.0,513100.SH
2023-05-08,0.015283842794759694,0.015283842794759694,0.0,513100.SH
2023-05-09,0.0024494284175025083,0.002249428417502508,2.0,518880.SH
2023-05-10,0.00479780671692942,0.00479780671692942,0.0,518880.SH
2023-05-11,-0.0009095043201454711,-0.0009095043201454711,0.0,518880.SH
2023-05-12,-0.006599908966772872,-0.006599908966772872,0.0,518880.SH
2023-05-15,0.0038946162657502725,0.0038946162657502725,0.0,518880.SH
2023-05-16,-0.00296668188041993,-0.00296668188041993,0.0,518880.SH
2023-05-17,-0.003662165255207128,-0.003662165255207128,0.0,518880.SH
2023-05-18,0.0017261634820369132,0.001526163482036913,2.0,513100.SH
2023-05-19,0.022727272727272707,0.022727272727272707,0.0,513100.SH
2023-05-22,-0.0060606060606061,-0.0060606060606061,0.0,513100.SH
2023-05-23,0.008130081300813163,0.008130081300813163,0.0,513100.SH
2023-05-24,-0.01512096774193561,-0.01512096774193561,0.0,513100.SH
2023-05-25,0.016376663254861867,0.016376663254861867,0.0,513100.SH
2023-05-26,0.0030211480362538623,0.0030211480362538623,0.0,513100.SH
2023-05-29,0.03614457831325302,0.03614457831325302,0.0,513100.SH
2023-05-30,0.0029069767441860517,0.0029069767441860517,0.0,513100.SH
2023-05-31,-0.0038647342995170586,-0.0038647342995170586,0.0,513100.SH
2023-06-01,-0.0009699321047524911,-0.0009699321047524911,0.0,513100.SH
2023-06-02,0.012621359223300876,0.012621359223300876,0.0,513100.SH
2023-06-05,0.004793863854266611,0.004793863854266611,0.0,513100.SH
2023-06-06,0.000954198473282375,0.000954198473282375,0.0,513100.SH
2023-06-07,0.0028598665395616063,0.0028598665395616063,0.0,513100.SH
2023-06-08,-0.020912547528517123,-0.020912547528517123,0.0,513100.SH
2023-06-09,0.0165048543689319,0.0165048543689319,0.0,513100.SH
2023-06-12,0.011461318051575908,0.011461318051575908,0.0,513100.SH
2023-06-13,0.02455146364494798,0.02455146364494798,0.0,513100.SH
2023-06-14,0.0009216589861753555,0.0009216589861753555,0.0,513100.SH
2023-06-15,0.004604051565377354,0.004604051565377354,0.0,513100.SH
2023-06-16,0.008249312557287114,0.008249312557287114,0.0,513100.SH
2023-06-19,-0.0036363636363635488,-0.0036363636363635488,0.0,513100.SH
2023-06-20,-0.0009124087591242391,-0.0009124087591242391,0.0,513100.SH
2023-06-21,0.004566210045662267,0.004566210045662267,0.0,513100.SH
2023-06-26,-0.00818181818181829,-0.00818181818181829,0.0,513100.SH
2023-06-27,-0.013748854262144672,-0.013748854262144672,0.0,513100.SH
2023-06-28,0.013011152416356753,0.013011152416356753,0.0,513100.SH
2023-06-29,0.008256880733944927,0.008256880733944927,0.0,513100.SH
2023-06-30,0.0009099181073703999,0.0009099181073703999,0.0,513100.SH
2023-07-03,0.016363636363636358,0.016363636363636358,0.0,513100.SH
2023-07-04,-0.00536672629695889,-0.00536672629695889,0.0,513100.SH
2023-07-05,-0.0017985611510792365,-0.0017985611510792365,0.0,513100.SH
2023-07-06,0.0009009009009006697,0.0009009009009006697,0.0,513100.SH
2023-07-07,-0.004500450045004323,-0.004500450045004323,0.0,513100.SH
2023-07-10,-0.009945750452079793,-0.009945750452079793,0.0,513100.SH
2023-07-11,0.005479452054794498,0.005479452054794498,0.0,513100.SH
2023-07-12,0.0009082652134424496,0.0009082652134424496,0.0,513100.SH
2023-07-13,0.014519056261343088,0.014519056261343088,0.0,513100.SH
2023-07-14,0.007155635062611632,0.007155635062611632,0.0,513100.SH
2023-07-17,0.005328596802842034,0.005328596802842034,0.0,513100.SH
2023-07-18,0.008833922261484162,0.008833922261484162,0.0,513100.SH
2023-07-19,0.01838879159369533,0.01838879159369533,0.0,513100.SH
2023-07-20,-0.013757523645743786,-0.013757523645743786,0.0,513100.SH
2023-07-21,-0.016564952048823134,-0.016564952048823134,0.0,513100.SH
2023-07-24,-0.005337477089807807,-0.005537477089807807,2.0,518880.SH
2023-07-25,-0.004952723998199016,-0.004952723998199016,0.0,518880.SH
2023-07-26,0.004298642533936636,0.004298642533936636,0.0,518880.SH
2023-07-27,0.0020274836674927244,0.0020274836674927244,0.0,518880.SH
2023-07-28,-0.009892086330935412,-0.009892086330935412,0.0,518880.SH
2023-07-31,0.0011353315168027844,0.0011353315168027844,0.0,518880.SH
2023-08-01,0.003855749603084657,0.003855749603084657,0.0,518880.SH
2023-08-02,-0.013126799979707116,-0.013326799979707116,2.0,513100.SH
2023-08-03,-0.016710642040457135,-0.016710642040457135,0.0,513100.SH
2023-08-04,0.008944543828264484,0.008944543828264484,0.0,513100.SH
2023-08-07,-0.008865248226950007,-0.008865248226950007,0.0,513100.SH
2023-08-08,0.0017889087656528524,0.0017889087656528524,0.0,513100.SH
2023-08-09,-0.0008928571428571397,-0.0008928571428571397,0.0,513100.SH
2023-08-10,-0.00893655049151032,-0.00893655049151032,0.0,513100.SH
2023-08-11,-0.021724713296425113,-0.021924713296425112,2.0,510300.SH
2023-08-14,-0.006835443037974787,-0.006835443037974787,0.0,510300.SH
2023-08-15,-0.0010196278358397537,-0.0010196278358397537,0.0,510300.SH
2023-08-16,-0.007655014034192553,-0.007655014034192553,0.0,510300.SH
2023-08-17,0.00334276163538183,0.00334276163538183,0.0,510300.SH
2023-08-18,-0.012813941568426412,-0.012813941568426412,0.0,510300.SH
2023-08-21,-0.013499480789200491,-0.013499480789200491,0.0,510300.SH
2023-08-22,0.004057047218859244,0.0038570472188592443,2.0,518880.SH
2023-08-23,0.004739336492890933,0.004739336492890933,0.0,518880.SH
2023-08-24,0.0026954177897575704,0.0026954177897575704,0.0,518880.SH
2023-08-25,-0.0035842293906810374,-0.0035842293906810374,0.0,518880.SH
2023-08-28,0.0004496402877698369,0.0004496402877698369,0.0,518880.SH
2023-08-29,0.002696629213483126,0.002696629213483126,0.0,518880.SH
2023-08-30,0.003361721201255108,0.003361721201255108,0.0,518880.SH
2023-08-31,0.003797185615367349,0.003797185615367349,0.0,518880.SH
2023-09-01,-0.001112594570538472,-0.001112594570538472,0.0,518880.SH
2023-09-04,0.00378703497438182,0.00378703497438182,0.0,518880.SH
2023-09-05,0.00044385264092317023,0.00044385264092317023,0.0,518880.SH
2023-09-06,-0.0006654835847382801,-0.0006654835847382801,0.0,518880.SH
2023-09-07,-0.00022197558268599593,-0.00022197558268599593,0.0,518880.SH
2023-09-08,0.007104795737122638,0.007104795737122638,0.0,518880.SH
2023-09-11,0.001984126984126977,0.001984126984126977,0.0,518880.SH
2023-09-12,0.00022002200220039292,0.00022002200220039292,0.0,518880.SH
2023-09-13,0.0024197096348439473,0.0024197096348439473,0.0,518880.SH
2023-09-14,0.007680491551459223,0.007680491551459223,0.0,518880.SH
2023-09-15,-0.009581881533100911,-0.009581881533100911,0.0,518880.SH
2023-09-18,-0.0006596306068601399,-0.0008596306068601398,2.0,513100.SH
2023-09-19,-0.000889679715302516,-0.000889679715302516,0.0,513100.SH
2023-09-20,0.0008904719501336977,0.0008904719501336977,0.0,513100.SH
2023-09-21,-0.01868327402135228,-0.01868327402135228,0.0,513100.SH
2023-09-22,-0.009972801450589208,-0.009972801450589208,0.0,513100.SH
2023-09-25,0.001831501831501825,0.001831501831501825,0.0,513100.SH
2023-09-26,-0.008226691042047651,-0.008226691042047651,0.0,513100.SH
2023-09-27,-0.01820443062572863,-0.018404430625728628,2.0,518880.SH
2023-09-28,-0.01662602527155843,-0.01662602527155843,0.0,518880.SH
2023-10-09,-0.0069882777276825125,-0.0069882777276825125,0.0,518880.SH
2023-10-10,-0.012939841089670945,-0.012939841089670945,0.0,518880.SH
2023-10-11,0.0016099356025760514,0.0016099356025760514,0.0,518880.SH
2023-10-12,0.008036739380022695,0.008036739380022695,0.0,518880.SH
2023-10-13,0.003416856492027387,0.003416856492027387,0.0,518880.SH
2023-10-16,0.01588470426836719,0.01568470426836719,2.0,513100.SH
2023-10-17,0.007200720072007227,0.007200720072007227,0.0,513100.SH
2023-10-18,-0.0044682752457551045,-0.0044682752457551045,0.0,513100.SH
2023-10-19,-0.012567324955116699,-0.012567324955116699,0.0,513100.SH
2023-10-20,-0.012727272727272698,-0.012727272727272698,0.0,513100.SH
2023-10-23,-0.006445672191528806,-0.006445672191528806,0.0,513100.SH
2023-10-24,0.006487488415199527,0.006487488415199527,0.0,513100.SH
2023-10-25,-0.0005708701415563233,-0.0007708701415563233,2.0,518880.SH
2023-10-26,0.007241606319947191,0.007241606319947191,0.0,518880.SH
2023-10-27,0.0019607843137254832,0.0019607843137254832,0.0,518880.SH
2023-10-30,0.0021743857360294605,0.0021743857360294605,0.0,518880.SH
2023-10-31,0.0023866348448686736,0.0023866348448686736,0.0,518880.SH
2023-11-01,-0.003679653679653727,-0.003679653679653727,0.0,518880.SH
2023-11-02,0.002172496198131757,0.002172496198131757,0.0,518880.SH
2023-11-03,-0.0006503360069369801,-0.0006503360069369801,0.0,518880.SH
2023-11-06,-0.004989154013015362,-0.004989154013015362,0.0,518880.SH
2023-11-07,-0.003924133420536213,-0.003924133420536213,0.0,518880.SH
2023-11-08,-0.003939592908732692,-0.003939592908732692,0.0,518880.SH
2023-11-09,-0.0065919578114700395,-0.0065919578114700395,0.0,518880.SH
2023-11-10,0.007299270072992803,0.007299270072992803,0.0,518880.SH
2023-11-13,-0.003513394817742599,-0.003513394817742599,0.0,518880.SH
2023-11-14,0.006162387016461324,0.005962387016461324,2.0,513100.SH
2023-11-15,0.017482517482517723,0.017482517482517723,0.0,513100.SH
2023-11-16,-0.004295532646048095,-0.004295532646048095,0.0,513100.SH
2023-11-17,0.0017256255392581465,0.0017256255392581465,0.0,513100.SH
2023-11-20,-0.013781223083548677,-0.013781223083548677,0.0,513100.SH
2023-11-21,0.011353711790393017,0.011353711790393017,0.0,513100.SH
2023-11-22,-0.006908462867012188,-0.006908462867012188,0.0,513100.SH
2023-11-23,0.00521739130434784,0.00521739130434784,0.0,513100.SH
2023-11-24,0.0008650519031143666,0.0008650519031143666,0.0,513100.SH
2023-11-27,-0.005185825410544576,-0.005185825410544576,0.0,513100.SH
2023-11-28,0.0026064291920067095,0.0026064291920067095,0.0,513100.SH
2023-11-29,0.0,0.0,0.0,513100.SH
2023-11-30,-0.0008665511265163461,-0.0008665511265163461,0.0,513100.SH
2023-12-01,-0.004336513443191636,-0.004336513443191636,0.0,513100.SH
2023-12-04,0.0017421602787455193,0.0017421602787455193,0.0,513100.SH
2023-12-05,-0.011304347826086913,-0.011304347826086913,0.0,513100.SH
2023-12-06,0.014072119613016687,0.014072119613016687,0.0,513100.SH
2023-12-07,-0.011274934952298477,-0.011274934952298477,0.0,513100.SH
2023-12-08,0.015140664570278739,0.014940664570278738,2.0,518880.SH
2023-12-11,-0.007405793944674333,-0.007405793944674333,0.0,518880.SH
2023-12-12,-0.0039499670836077305,-0.0039499670836077305,0.0,518880.SH
2023-12-13,-0.0022031284423881248,-0.0022031284423881248,0.0,518880.SH
2023-12-14,0.015235151247515955,0.015235151247515955,0.0,518880.SH
2023-12-15,-0.0017398869073510514,-0.0017398869073510514,0.0,518880.SH
2023-12-18,-0.003050108932461937,-0.003050108932461937,0.0,518880.SH
2023-12-19,0.00257751354605662,0.00237751354605662,2.0,513100.SH
2023-12-20,0.005789909015715411,0.005789909015715411,0.0,513100.SH
2023-12-21,-0.013157894736842146,-0.013157894736842146,0.0,513100.SH
2023-12-22,0.0050000000000001155,0.0050000000000001155,0.0,513100.SH
2023-12-25,0.0008291873963515162,0.0008291873963515162,0.0,513100.SH
2023-12-26,0.006628003314001818,0.006628003314001818,0.0,513100.SH
2023-12-27,0.003292181069958877,0.003292181069958877,0.0,513100.SH
2023-12-28,-0.0024610336341264194,-0.0024610336341264194,0.0,513100.SH
2023-12-29,-0.002467105263157854,-0.002467105263157854,0.0,513100.SH
2024-01-02,-0.002473206924979432,-0.002473206924979432,0.0,513100.SH
2024-01-03,-0.015702479338842945,-0.015702479338842945,0.0,513100.SH
2024-01-04,-0.005037783375314908,-0.005037783375314908,0.0,513100.SH
2024-01-05,-0.007594936708860911,-0.007594936708860911,0.0,513100.SH
2024-01-08,0.0025510204081633514,0.0025510204081633514,0.0,513100.SH
2024-01-09,0.025445292620865256,0.025445292620865256,0.0,513100.SH
2024-01-10,0.0,0.0,0.0,513100.SH
2024-01-11,0.009707526024590907,0.009507526024590906,2.0,518880.SH
2024-01-12,0.003239041243791707,0.003239041243791707,0.0,518880.SH
2024-01-15,0.005811450710288435,0.005811450710288435,0.0,518880.SH
2024-01-16,0.0008559811684141216,0.0008559811684141216,0.0,518880.SH
2024-01-17,-0.009835364549925063,-0.009835364549925063,0.0,518880.SH
2024-01-18,-0.003239041243791929,-0.003239041243791929,0.0,518880.SH
2024-01-19,0.005849220103986141,0.005849220103986141,0.0,518880.SH
2024-01-22,0.009319977521937917,0.009119977521937916,2.0,513100.SH
2024-01-23,-0.007031250000000155,-0.007031250000000155,0.0,513100.SH
2024-01-24,0.0055074744295831035,0.0055074744295831035,0.0,513100.SH
2024-01-25,-0.005477308294209782,-0.005477308294209782,0.0,513100.SH
2024-01-26,-0.007867820613689958,-0.007867820613689958,0.0,513100.SH
2024-01-29,0.008723235527359208,0.008723235527359208,0.0,513100.SH
2024-01-30,0.015723270440251458,0.015723270440251458,0.0,513100.SH
2024-01-31,-0.021671826625386914,-0.021671826625386914,0.0,513100.SH
2024-02-01,-0.009493670886076,-0.009493670886076,0.0,513100.SH
2024-02-02,0.024760383386581264,0.024760383386581264,0.0,513100.SH
2024-02-05,0.004676539360872978,0.004676539360872978,0.0,513100.SH
2024-02-06,0.0015515903801397446,0.0015515903801397446,0.0,513100.SH
2024-02-07,-0.009295120061967532,-0.009295120061967532,0.0,513100.SH
2024-02-08,0.022673964034402028,0.022673964034402028,0.0,513100.SH
2024-02-19,-0.005351681957186605,-0.005351681957186605,0.0,513100.SH
2024-02-20,-0.001537279016141535,-0.001537279016141535,0.0,513100.SH
2024-02-21,-0.013086989992301623,-0.013086989992301623,0.0,513100.SH
2024-02-22,0.01716068642745716,0.01716068642745716,0.0,513100.SH
2024-02-23,0.014678907181003842,0.014478907181003841,2.0,510300.SH
2024-02-26,-0.010063254744105965,-0.010063254744105965,0.0,510300.SH
2024-02-27,0.011908219575951229,0.011908219575951229,0.0,510300.SH
2024-02-28,-0.010332950631458004,-0.010332950631458004,0.0,510300.SH
2024-02-29,0.01595127610208813,0.01595127610208813,0.0,510300.SH
2024-03-01,0.007707679132172407,0.007707679132172407,0.0,510300.SH
2024-03-04,-0.0008498583569405138,-0.0008498583569405138,0.0,510300.SH
2024-03-05,0.0016622595362998371,0.001462259536299837,2.0,159915.SZ
2024-03-06,0.0011235955056179137,0.0011235955056179137,0.0,159915.SZ
2024-03-07,-0.02244668911335579,-0.02244668911335579,0.0,159915.SZ
2024-03-08,0.008036739380022917,0.008036739380022917,0.0,159915.SZ
2024-03-11,0.04783599088838275,0.04783599088838275,0.0,159915.SZ
2024-03-12,0.0059782608695651,0.0059782608695651,0.0,159915.SZ
2024-03-13,-0.0054024851431658805,-0.0054024851431658805,0.0,159915.SZ
2024-03-14,-0.004888647474198704,-0.004888647474198704,0.0,159915.SZ
2024-03-15,0.0005458515283842669,0.0005458515283842669,0.0,159915.SZ
2024-03-18,0.022913256955810146,0.022913256955810146,0.0,159915.SZ
2024-03-19,-0.011733333333333373,-0.011733333333333373,0.0,159915.SZ
2024-03-20,0.001618996222342295,0.001618996222342295,0.0,159915.SZ
2024-03-21,-0.0053879310344827624,-0.0053879310344827624,0.0,159915.SZ
2024-03-22,-0.0010192028781413898,-0.0012192028781413899,2.0,518880.SH
2024-03-25,0.002021835826931051,0.002021835826931051,0.0,518880.SH
2024-03-26,0.0020177562550443007,0.0020177562550443007,0.0,518880.SH
2024-03-27,0.00483286347160683,0.00483286347160683,0.0,518880.SH
2024-03-28,0.007815631262525047,0.007815631262525047,0.0,518880.SH
2024-03-29,0.01928812885265474,0.01928812885265474,0.0,518880.SH
2024-04-01,0.005657432696059228,0.005657432696059228,0.0,518880.SH
2024-04-02,0.0007759456838021261,0.0007759456838021261,0.0,518880.SH
2024-04-03,0.01395619306067064,0.01395619306067064,0.0,518880.SH
2024-04-08,0.023513668514624442,0.023513668514624442,0.0,518880.SH
2024-04-09,0.0028016436309301618,0.0028016436309301618,0.0,518880.SH
2024-04-10,0.003538834047308592,0.003538834047308592,0.0,518880.SH
2024-04-11,-0.007423904974016349,-0.007423904974016349,0.0,518880.SH
2024-04-12,0.029169783096484547,0.029169783096484547,0.0,518880.SH
2024-04-15,-0.015806686046511587,-0.015806686046511587,0.0,518880.SH
2024-04-16,0.006461140852870528,0.006461140852870528,0.0,518880.SH
2024-04-17,0.0016507703595012302,0.0016507703595012302,0.0,518880.SH
2024-04-18,-0.0029298663248489287,-0.0029298663248489287,0.0,518880.SH
2024-04-19,0.0047750229568410685,0.0047750229568410685,0.0,518880.SH
2024-04-22,-0.01955766770243106,-0.01955766770243106,0.0,518880.SH
2024-04-23,-0.02460850111856816,-0.02460850111856816,0.0,518880.SH
2024-04-24,0.010512232415902156,0.010512232415902156,0.0,518880.SH
2024-04-25,0.000189143181388296,0.000189143181388296,0.0,518880.SH
2024-04-26,0.007753403933434155,0.007753403933434155,0.0,518880.SH
2024-04-29,-0.006567836367048274,-0.006567836367048274,0.0,518880.SH
2024-04-30,-0.001511144692104227,-0.001511144692104227,0.0,518880.SH
2024-05-06,-0.006053726825577033,-0.006053726825577033,0.0,518880.SH
2024-05-07,0.005945956389357576,0.0057459563893575765,2.0,510300.SH
2024-05-08,-0.007945205479451989,-0.007945205479451989,0.0,510300.SH
2024-05-09,0.009665838166252438,0.009665838166252438,0.0,510300.SH
2024-05-10,0.000547045951859948,0.000547045951859948,0.0,510300.SH
2024-05-13,-0.0008201202843084454,-0.0008201202843084454,0.0,510300.SH
2024-05-14,-0.0016415868673052003,-0.0016415868673052003,0.0,510300.SH
2024-05-15,-0.0071252397917236365,-0.0071252397917236365,0.0,510300.SH
2024-05-16,0.003312172232955879,0.003312172232955879,0.0,510300.SH
2024-05-17,0.011279229711141703,0.011279229711141703,0.0,510300.SH
2024-05-20,0.0021762785636560977,0.0021762785636560977,0.0,510300.SH
2024-05-21,-0.0020888268445271585,-0.0022888268445271586,2.0,513100.SH
2024-05-22,0.003665689149559892,0.003665689149559892,0.0,513100.SH
2024-05-23,0.008765522279035931,0.008765522279035931,0.0,513100.SH
2024-05-24,-0.016654598117306185,-0.016654598117306185,0.0,513100.SH
2024-05-27,0.01178203240058906,0.01178203240058906,0.0,513100.SH
2024-05-28,0.004366812227073913,0.004366812227073913,0.0,513100.SH
2024-05-29,-0.004347826086956275,-0.004347826086956275,0.0,513100.SH
2024-05-30,-0.01091703056768567,-0.01091703056768567,0.0,513100.SH
2024-05-31,-0.004415011037527616,-0.004415011037527616,0.0,513100.SH
2024-06-03,0.0044345898004434225,0.0044345898004434225,0.0,513100.SH
2024-06-04,-0.0029433406916850036,-0.0029433406916850036,0.0,513100.SH
2024-06-05,0.00811808118081192,0.00811808118081192,0.0,513100.SH
2024-06-06,0.019765739385065872,0.019765739385065872,0.0,513100.SH
2024-06-07,0.00071787508973431,0.00071787508973431,0.0,513100.SH
2024-06-11,0.0007173601147776321,0.0007173601147776321,0.0,513100.SH
2024-06-12,0.009318996415770497,0.009318996415770497,0.0,513100.SH
2024-06-13,0.019886363636363757,0.019886363636363757,0.0,513100.SH
2024-06-14,-0.0006963788300835549,-0.0006963788300835549,0.0,513100.SH
2024-06-17,0.004181184668989646,0.004181184668989646,0.0,513100.SH
2024-06-18,0.013185287994448291,0.013185287994448291,0.0,513100.SH
2024-06-19,0.00136986301369868,0.00136986301369868,0.0,513100.SH
2024-06-20,0.0068399452804377425,0.0068399452804377425,0.0,513100.SH
2024-06-21,-0.014945652173913082,-0.014945652173913082,0.0,513100.SH
2024-06-24,-0.004137931034482789,-0.004137931034482789,0.0,513100.SH
2024-06-25,-0.010387811634348876,-0.010387811634348876,0.0,513100.SH
2024-06-26,0.018894331700489708,0.018894331700489708,0.0,513100.SH
2024-06-27,-0.0006868131868130734,-0.0006868131868130734,0.0,513100.SH
2024-06-28,0.013745704467353903,0.013745704467353903,0.0,513100.SH
2024-07-01,-0.0013559322033899202,-0.0013559322033899202,0.0,513100.SH
2024-07-02,0.0006788866259332949,0.0006788866259332949,0.0,513100.SH
2024-07-03,0.01831750339213034,0.01831750339213034,0.0,513100.SH
2024-07-04,0.005996002664890199,0.005996002664890199,0.0,513100.SH
2024-07-05,0.012582781456953462,0.012582781456953462,0.0,513100.SH
2024-07-08,0.015042511445389373,0.015042511445389373,0.0,513100.SH
2024-07-09,0.010309278350515427,0.010309278350515427,0.0,513100.SH
2024-07-10,-0.012755102040816424,-0.012755102040816424,0.0,513100.SH
2024-07-11,0.004521963824289266,0.004521963824289266,0.0,513100.SH
2024-07-12,-0.04051446945337611,-0.04051446945337611,0.0,513100.SH
2024-07-15,0.006862965898831286,0.006662965898831286,2.0,518880.SH
2024-07-16,0.011576626240352716,0.011576626240352716,0.0,518880.SH
2024-07-17,0.012897366030880875,0.012897366030880875,0.0,518880.SH
2024-07-18,-0.0005380200860830575,-0.0005380200860830575,0.0,518880.SH
2024-07-19,-0.026556612237574106,-0.026556612237574106,0.0,518880.SH
2024-07-22,-0.0007373271889400401,-0.0007373271889400401,0.0,518880.SH
2024-07-23,-0.004980630879911518,-0.004980630879911518,0.0,518880.SH
2024-07-24,-0.005190699816886912,-0.005390699816886912,2.0,513100.SH
2024-07-25,-0.02831491712707168,-0.02831491712707168,0.0,513100.SH
2024-07-26,0.001421464108031234,0.001421464108031234,0.0,513100.SH
2024-07-29,0.019872249822569188,0.019872249822569188,0.0,513100.SH
2024-07-30,-0.011830201809325036,-0.011830201809325036,0.0,513100.SH
2024-07-31,0.006338028169014187,0.006338028169014187,0.0,513100.SH
2024-08-01,0.02379286214135745,0.02379286214135745,0.0,513100.SH
2024-08-02,-0.03025871028754956,-0.03045871028754956,2.0,518880.SH
2024-08-05,-0.02524977293369668,-0.02524977293369668,0.0,518880.SH
2024-08-06,-0.007267983600447225,-0.007267983600447225,0.0,518880.SH
2024-08-07,0.004693073024216288,0.004693073024216288,0.0,518880.SH
2024-08-08,-0.0005605381165919576,-0.0005605381165919576,0.0,518880.SH
2024-08-09,0.00878668910076641,0.00878668910076641,0.0,518880.SH
2024-08-12,0.007598220904373676,0.007598220904373676,0.0,518880.SH
2024-08-13,0.006805223468824728,0.006805223468824728,0.0,518880.SH
2024-08-14,-0.003288271830471312,-0.003288271830471312,0.0,518880.SH
2024-08-15,-0.0023826979472142407,-0.0023826979472142407,0.0,518880.SH
2024-08-16,0.0018372221201543582,0.0018372221201543582,0.0,518880.SH
2024-08-19,0.011003117549972519,0.011003117549972519,0.0,518880.SH
2024-08-20,0.0,0.0,0.0,518880.SH
2024-08-21,0.004353346635225908,0.004353346635225908,0.0,518880.SH
2024-08-22,-0.0025284450063211006,-0.0025284450063211006,0.0,518880.SH
2024-08-23,-0.0034401593336954583,-0.0034401593336954583,0.0,518880.SH
2024-08-26,0.006177325581395499,0.006177325581395499,0.0,518880.SH
2024-08-27,-0.0007222824124233362,-0.0007222824124233362,0.0,518880.SH
2024-08-28,-0.0010842067220817597,-0.0010842067220817597,0.0,518880.SH
2024-08-29,0.0012662807525327668,0.0012662807525327668,0.0,518880.SH
2024-08-30,-0.0023486901535682003,-0.0023486901535682003,0.0,518880.SH
2024-09-02,-0.003078594712060956,-0.003278594712060956,2.0,513100.SH
2024-09-03,0.0013995801259620855,0.0013995801259620855,0.0,513100.SH
2024-09-04,-0.052410901467505155,-0.052410901467505155,0.0,513100.SH
2024-09-05,0.002949852507374562,0.002949852507374562,0.0,513100.SH
2024-09-06,0.008823529411764675,0.008823529411764675,0.0,513100.SH
2024-09-09,-0.005830903790087438,-0.005830903790087438,0.0,513100.SH
2024-09-10,0.0029325513196480912,0.0029325513196480912,0.0,513100.SH
2024-09-11,0.010597038417334392,0.010397038417334392,2.0,518880.SH
2024-09-12,-0.001984843016961446,-0.001984843016961446,0.0,518880.SH
2024-09-13,0.014463930573133332,0.014463930573133332,0.0,518880.SH
2024-09-18,-0.0003564427018356575,-0.0003564427018356575,0.0,518880.SH
2024-09-19,-0.0016045640934213568,-0.0016045640934213568,0.0,518880.SH
2024-09-20,0.011250000000000204,0.011250000000000204,0.0,518880.SH
2024-09-23,0.008476072752957808,0.008476072752957808,0.0,518880.SH
2024-09-24,-0.002451409560497275,-0.002451409560497275,0.0,518880.SH
2024-09-25,0.007547832192382087,0.007547832192382087,0.0,518880.SH
2024-09-26,0.05478464118449522,0.05458464118449522,2.0,159915.SZ
2024-09-27,0.10320284697508897,0.10320284697508897,0.0,159915.SZ
2024-09-30,0.19999999999999996,0.19999999999999996,0.0,159915.SZ
2024-10-08,0.19982078853046592,0.19982078853046592,0.0,159915.SZ
2024-10-09,-0.16280806572068707,-0.16280806572068707,0.0,159915.SZ
2024-10-10,-0.030330062444246186,-0.030330062444246186,0.0,159915.SZ
2024-10-11,-0.05243790248390057,-0.05243790248390057,0.0,159915.SZ
2024-10-14,0.027184466019417597,0.027184466019417597,0.0,159915.SZ
2024-10-15,-0.03355387523629494,-0.03355387523629494,0.0,159915.SZ
2024-10-16,-0.022004889975550057,-0.022004889975550057,0.0,159915.SZ
2024-10-17,-0.0024999999999999467,-0.0024999999999999467,0.0,159915.SZ
2024-10-18,0.08070175438596494,0.08070175438596494,0.0,159915.SZ
2024-10-21,0.005102040816326481,0.005102040816326481,0.0,159915.SZ
2024-10-22,0.00369173973234882,0.00369173973234882,0.0,159915.SZ
2024-10-23,-0.005977011494252782,-0.005977011494252782,0.0,159915.SZ
2024-10-24,-0.013876040703052595,-0.013876040703052595,0.0,159915.SZ
2024-10-25,0.030018761726078758,0.030018761726078758,0.0,159915.SZ
2024-10-28,-0.0036429872495445936,-0.0036429872495445936,0.0,159915.SZ
2024-10-29,-0.024223034734917936,-0.024223034734917936,0.0,159915.SZ
2024-10-30,-0.01124121779859466,-0.01124121779859466,0.0,159915.SZ
2024-10-31,0.005210800568450802,0.005210800568450802,0.0,159915.SZ
2024-11-01,-0.01790763430725717,-0.01790763430725717,0.0,159915.SZ
2024-11-04,-0.002270150277913552,-0.002470150277913552,2.0,518880.SH
2024-11-05,0.0,0.0,0.0,518880.SH
2024-11-06,-0.0019980019980020414,-0.0019980019980020414,0.0,518880.SH
2024-11-07,-0.02235568902235563,-0.02235568902235563,0.0,518880.SH
2024-11-08,0.006484641638225153,0.006484641638225153,0.0,518880.SH
2024-11-11,0.0011868429976265027,0.0011868429976265027,0.0,518880.SH
2024-11-12,-0.016596104995766248,-0.016596104995766248,0.0,518880.SH
2024-11-13,0.019863679541376245,0.019663679541376246,2.0,159915.SZ
2024-11-14,-0.03541315345699836,-0.03541315345699836,0.0,159915.SZ
2024-11-15,-0.03671328671328655,-0.03671328671328655,0.0,159915.SZ
2024-11-18,-0.02495462794918335,-0.02495462794918335,0.0,159915.SZ
2024-11-19,0.030711959050721216,0.030711959050721216,0.0,159915.SZ
2024-11-20,0.0036117381489841893,0.0036117381489841893,0.0,159915.SZ
2024-11-21,0.0,0.0,0.0,159915.SZ
2024-11-22,-0.0009355185198016702,-0.0011355185198016703,2.0,513100.SH
2024-11-25,0.009861932938856066,0.009861932938856066,0.0,513100.SH
2024-11-26,0.0,0.0,0.0,513100.SH
2024-11-27,0.0026041666666667407,0.0026041666666667407,0.0,513100.SH
2024-11-28,-0.005844155844155985,-0.005844155844155985,0.0,513100.SH
2024-11-29,0.0006531678641410466,0.0006531678641410466,0.0,513100.SH
2024-12-02,0.005221932114882533,0.005221932114882533,0.0,513100.SH
2024-12-03,0.0181818181818183,0.0181818181818183,0.0,513100.SH
2024-12-04,0.004464285714285587,0.004464285714285587,0.0,513100.SH
2024-12-05,0.008888888888888946,0.008888888888888946,0.0,513100.SH
2024-12-06,-0.003146633102580121,-0.003146633102580121,0.0,513100.SH
2024-12-09,0.016414141414141215,0.016414141414141215,0.0,513100.SH
2024-12-10,-0.008074534161490732,-0.008074534161490732,0.0,513100.SH
2024-12-11,-0.0025046963055729288,-0.0025046963055729288,0.0,513100.SH
2024-12-12,0.015065913370998274,0.015065913370998274,0.0,513100.SH
2024-12-13,-0.0031102382926089245,-0.0033102382926089246,2.0,518880.SH
2024-12-16,-0.008998500249958408,-0.008998500249958408,0.0,518880.SH
2024-12-17,-0.0011770640659155562,-0.0011770640659155562,0.0,518880.SH
2024-12-18,-0.0013468013468013185,-0.0013468013468013185,0.0,518880.SH
2024-12-19,-0.007923128792987288,-0.007923128792987288,0.0,518880.SH
2024-12-20,0.0011894647408667858,0.0011894647408667858,0.0,518880.SH
2024-12-23,0.010013577732518542,0.010013577732518542,0.0,518880.SH
2024-12-24,-0.01875035845136175,-0.018950358451361747,2.0,513100.SH
2024-12-25,0.011529126213592367,0.011529126213592367,0.0,513100.SH
2024-12-26,0.004199160167966509,0.004199160167966509,0.0,513100.SH
2024-12-27,-0.007168458781362075,-0.007168458781362075,0.0,513100.SH
2024-12-30,-0.013838748495788145,-0.013838748495788145,0.0,513100.SH
2024-12-31,-0.006101281269066505,-0.006101281269066505,0.0,513100.SH
2025-01-02,0.008594229588704483,0.008594229588704483,0.0,513100.SH
2025-01-03,-0.0060864272671941055,-0.0060864272671941055,0.0,513100.SH
2025-01-06,0.02204531537048382,0.02204531537048382,0.0,513100.SH
2025-01-07,-0.005991611743559,-0.005991611743559,0.0,513100.SH
2025-01-08,-0.01024713682941536,-0.01024713682941536,0.0,513100.SH
2025-01-09,-0.0036540803897686658,-0.0036540803897686658,0.0,513100.SH
2025-01-10,-0.003667481662591565,-0.003667481662591565,0.0,513100.SH
2025-01-13,-0.007998070574757876,-0.008198070574757877,2.0,518880.SH
2025-01-14,-0.008496732026143872,-0.008496732026143872,0.0,518880.SH
2025-01-15,0.005603164139749595,0.005603164139749595,0.0,518880.SH
2025-01-16,0.0032776138970829205,0.0032776138970829205,0.0,518880.SH
2025-01-17,0.002776870303822232,0.002776870303822232,0.0,518880.SH
2025-01-20,-0.0019547157517512126,-0.0019547157517512126,0.0,518880.SH
2025-01-21,0.0,0.0,0.0,518880.SH
2025-01-22,0.008813448669822144,0.008813448669822144,0.0,518880.SH
2025-01-23,0.0009707167125061478,0.0009707167125061478,0.0,518880.SH
2025-01-24,0.0050105058994665,0.0050105058994665,0.0,518880.SH
2025-01-27,-0.002573174654229682,-0.002573174654229682,0.0,518880.SH
2025-02-05,0.038213479522734684,0.038213479522734684,0.0,518880.SH
2025-02-06,-0.005746233887249597,-0.005746233887249597,0.0,518880.SH
2025-02-07,0.00281162136832247,0.00281162136832247,0.0,518880.SH
2025-02-10,0.015264797507788197,0.015264797507788197,0.0,518880.SH
2025-02-11,0.010125805461798087,0.010125805461798087,0.0,518880.SH
2025-02-12,-0.006986634264884439,-0.006986634264884439,0.0,518880.SH
2025-02-13,0.004894463138574556,0.004894463138574556,0.0,518880.SH
2025-02-14,0.0053272450532724225,0.0053272450532724225,0.0,518880.SH
2025-02-17,-0.016805450416351397,-0.016805450416351397,0.0,518880.SH
2025-02-18,-0.016539389471046606,-0.016739389471046605,2.0,159915.SZ
2025-02-19,0.02102803738317749,0.02102803738317749,0.0,159915.SZ
2025-02-20,-0.0004576659038900699,-0.0004576659038900699,0.0,159915.SZ
2025-02-21,0.025183150183150094,0.025183150183150094,0.0,159915.SZ
2025-02-24,-0.008039303260384045,-0.008039303260384045,0.0,159915.SZ
2025-02-25,-0.010805943268797802,-0.010805943268797802,0.0,159915.SZ
2025-02-26,0.011834319526627057,0.011834319526627057,0.0,159915.SZ
2025-02-27,-0.005828810979986665,-0.006028810979986665,2.0,518880.SH
2025-02-28,-0.007393715341959317,-0.007393715341959317,0.0,518880.SH
2025-03-03,0.0010862818125387808,0.0010862818125387808,0.0,518880.SH
2025-03-04,0.00744070686715248,0.00744070686715248,0.0,518880.SH
2025-03-05,0.007385751654100714,0.007385751654100714,0.0,518880.SH
2025-03-06,-0.001832900565144291,-0.001832900565144291,0.0,518880.SH
2025-03-07,-0.0013771996939556663,-0.0013771996939556663,0.0,518880.SH
2025-03-10,0.0027581979773214638,0.0027581979773214638,0.0,518880.SH
2025-03-11,0.002083236407177891,0.0018832364071778907,2.0,510300.SH
2025-03-12,-0.0024783147459724875,-0.0024783147459724875,0.0,510300.SH
2025-03-13,-0.004968944099379202,-0.004968944099379202,0.0,510300.SH
2025-03-14,0.025218476903870357,0.025218476903870357,0.0,510300.SH
2025-03-17,-0.002922552362396469,-0.002922552362396469,0.0,510300.SH
2025-03-18,0.0021983390327307006,0.0021983390327307006,0.0,510300.SH
2025-03-19,0.0014623446258836825,0.0014623446258836825,0.0,510300.SH
2025-03-20,-0.0019061583577711927,-0.0021061583577711928,2.0,518880.SH
2025-03-21,-0.004847950639048082,-0.004847950639048082,0.0,518880.SH
2025-03-24,0.0008857395925598865,0.0008857395925598865,0.0,518880.SH
2025-03-25,-0.0008849557522123686,-0.0008849557522123686,0.0,518880.SH
2025-03-26,0.003100088573959159,0.003100088573959159,0.0,518880.SH
2025-03-27,0.002501839587932375,0.002501839587932375,0.0,518880.SH
2025-03-28,0.018496770405167284,0.018496770405167284,0.0,518880.SH
2025-03-31,0.010665897953300751,0.010665897953300751,0.0,518880.SH
2025-04-01,0.0062749572162008604,0.0062749572162008604,0.0,518880.SH
2025-04-02,-0.003826530612244916,-0.003826530612244916,0.0,518880.SH
2025-04-03,0.009247403613600769,0.009247403613600769,0.0,518880.SH
2025-04-07,-0.030589230335494877,-0.030589230335494877,0.0,518880.SH
2025-04-08,0.006979787698124129,0.006979787698124129,0.0,518880.SH
2025-04-09,0.012563176895306727,0.012563176895306727,0.0,518880.SH
2025-04-10,0.02167712492869378,0.02167712492869378,0.0,518880.SH
2025-04-11,0.015214963707425921,0.015214963707425921,0.0,518880.SH
2025-04-14,0.007424721572941051,0.007424721572941051,0.0,518880.SH
2025-04-15,-0.0002729630135116512,-0.0002729630135116512,0.0,518880.SH
2025-04-16,0.024300341296928263,0.024300341296928263,0.0,518880.SH
2025-04-17,0.008263361322137897,0.008263361322137897,0.0,518880.SH
2025-04-18,0.002379378717779268,0.002379378717779268,0.0,518880.SH
2025-04-21,0.018594223921930553,0.018594223921930553,0.0,518880.SH
2025-04-22,0.03340238218539615,0.03340238218539615,0.0,518880.SH
2025-04-23,-0.060385868203457815,-0.060385868203457815,0.0,518880.SH
2025-04-24,0.01093333333333324,0.01093333333333324,0.0,518880.SH
2025-04-25,-0.006858348720654162,-0.006858348720654162,0.0,518880.SH
2025-04-28,-0.00863213811420993,-0.00863213811420993,0.0,518880.SH
2025-04-29,0.006965840589417294,0.006965840589417294,0.0,518880.SH
2025-04-30,-0.006119462551549826,-0.006119462551549826,0.0,518880.SH
2025-05-06,0.018872975505287215,0.018872975505287215,0.0,518880.SH
2025-05-07,0.007750919600630679,0.007750919600630679,0.0,518880.SH
2025-05-08,-0.014861165428236234,-0.014861165428236234,0.0,518880.SH
2025-05-09,-0.01521979621542946,-0.01541979621542946,2.0,159915.SZ
2025-05-12,0.02671370967741926,0.02671370967741926,0.0,159915.SZ
2025-05-13,-0.003436426116838587,-0.003436426116838587,0.0,159915.SZ
2025-05-14,0.011822660098522286,0.011822660098522286,0.0,159915.SZ
2025-05-15,-0.020447906523855752,-0.020447906523855752,0.0,159915.SZ
2025-05-16,-0.001988071570576566,-0.001988071570576566,0.0,159915.SZ
2025-05-19,-0.0029880478087650486,-0.0029880478087650486,0.0,159915.SZ
2025-05-20,0.0028552916731829914,0.0026552916731829913,2.0,513100.SH
2025-05-21,-0.009590792838874651,-0.009590792838874651,0.0,513100.SH
2025-05-22,-0.006455777921239636,-0.006455777921239636,0.0,513100.SH
2025-05-23,-0.0032488628979855383,-0.0032488628979855383,0.0,513100.SH
2025-05-26,0.005867014341590648,0.005867014341590648,0.0,513100.SH
2025-05-27,0.004536616979909258,0.004536616979909258,0.0,513100.SH
2025-05-28,0.011612903225806548,0.011612903225806548,0.0,513100.SH
2025-05-29,0.013392857142856984,0.013392857142856984,0.0,513100.SH
2025-05-30,-0.020767778477029486,-0.020767778477029486,0.0,513100.SH
2025-06-03,0.003856041131105492,0.003856041131105492,0.0,513100.SH
2025-06-04,0.008322663252240625,0.008322663252240625,0.0,513100.SH
2025-06-05,-0.0025396825396826195,-0.0025396825396826195,0.0,513100.SH
2025-06-06,-0.0025461489497135004,-0.0025461489497135004,0.0,513100.SH
2025-06-09,0.002552648372686539,0.002552648372686539,0.0,513100.SH
2025-06-10,0.0,0.0,0.0,513100.SH
2025-06-11,0.003819223424570417,0.003819223424570417,0.0,513100.SH
2025-06-12,-0.0038046924540267035,-0.0038046924540267035,0.0,513100.SH
2025-06-13,-0.01572621410117181,-0.015926214101171808,2.0,518880.SH
2025-06-16,-0.0032946758039009705,-0.0032946758039009705,0.0,518880.SH
2025-06-17,-0.008462250429723706,-0.008462250429723706,0.0,518880.SH
2025-06-18,0.0005334044539273552,0.0005334044539273552,0.0,518880.SH
2025-06-19,-0.0050646408103425244,-0.0050646408103425244,0.0,518880.SH
2025-06-20,-0.0038847957133288924,-0.0038847957133288924,0.0,518880.SH
2025-06-23,0.0037654653039269625,0.0037654653039269625,0.0,518880.SH
2025-06-24,0.0018600322557740245,0.0016600322557740244,2.0,513100.SH
2025-06-25,0.0,0.0,0.0,513100.SH
2025-06-26,0.005015673981191071,0.005015673981191071,0.0,513100.SH
2025-06-27,0.009981285090455483,0.009981285090455483,0.0,513100.SH
2025-06-30,0.0061766522544781655,0.0061766522544781655,0.0,513100.SH
2025-07-01,-0.0042971147943523524,-0.0042971147943523524,0.0,513100.SH
2025-07-02,0.0006165228113439447,0.0006165228113439447,0.0,513100.SH
2025-07-03,0.019068310103868447,0.018868310103868448,2.0,159915.SZ
2025-07-04,-0.0037365716954693706,-0.0037365716954693706,0.0,159915.SZ
2025-07-07,-0.010782934833567848,-0.010782934833567848,0.0,159915.SZ
2025-07-08,0.02322274881516595,0.02322274881516595,0.0,159915.SZ
2025-07-09,0.0018527095877720612,0.0018527095877720612,0.0,159915.SZ
2025-07-10,0.00277392510402219,0.00277392510402219,0.0,159915.SZ
2025-07-11,0.007376671277086189,0.007376671277086189,0.0,159915.SZ
2025-07-14,-0.0036613272311213363,-0.0036613272311213363,0.0,159915.SZ
2025-07-15,0.016077170418006492,0.016077170418006492,0.0,159915.SZ
2025-07-16,-0.002712477396021762,-0.002712477396021762,0.0,159915.SZ
2025-07-17,0.01858567543064371,0.01858567543064371,0.0,159915.SZ
2025-07-18,0.002225189141076944,0.002225189141076944,0.0,159915.SZ
2025-07-21,0.010213143872113806,0.010213143872113806,0.0,159915.SZ
2025-07-22,0.006153846153846176,0.006153846153846176,0.0,159915.SZ
2025-07-23,-0.000873743993010101,-0.000873743993010101,0.0,159915.SZ
2025-07-24,0.016615653694796784,0.016615653694796784,0.0,159915.SZ
2025-07-25,-0.0030107526881720803,-0.0030107526881720803,0.0,159915.SZ
2025-07-28,0.010353753235547991,0.010353753235547991,0.0,159915.SZ
2025-07-29,0.017506404782237306,0.017506404782237306,0.0,159915.SZ
2025-07-30,-0.01594628619387317,-0.01594628619387317,0.0,159915.SZ
2025-07-31,-0.018763326226012844,-0.018763326226012844,0.0,159915.SZ
2025-08-01,0.0008691873098651826,0.0008691873098651826,0.0,159915.SZ
2025-08-04,0.004342162396873794,0.004342162396873794,0.0,159915.SZ
2025-08-05,0.003026372676177891,0.003026372676177891,0.0,159915.SZ
2025-08-06,0.006896551724137945,0.006896551724137945,0.0,159915.SZ
2025-08-07,-0.006849315068493178,-0.006849315068493178,0.0,159915.SZ
2025-08-08,-0.0034482758620689724,-0.0034482758620689724,0.0,159915.SZ
2025-08-11,0.019463667820069475,0.019463667820069475,0.0,159915.SZ
2025-08-12,0.011879507848960413,0.011879507848960413,0.0,159915.SZ
2025-08-13,0.036897274633123756,0.036897274633123756,0.0,159915.SZ
2025-08-14,-0.010917913465426476,-0.010917913465426476,0.0,159915.SZ
2025-08-15,0.025756336876533004,0.025756336876533004,0.0,159915.SZ
2025-08-18,0.029095257074531755,0.029095257074531755,0.0,159915.SZ
2025-08-19,-0.0027110766847403545,-0.0027110766847403545,0.0,159915.SZ
2025-08-20,0.005048543689320395,0.005048543689320395,0.0,159915.SZ
2025-08-21,-0.0061823802163832875,-0.0061823802163832875,0.0,159915.SZ
2025-08-22,0.03499222395023316,0.03499222395023316,0.0,159915.SZ
2025-08-25,0.028174305033809244,0.028174305033809244,0.0,159915.SZ
2025-08-26,-0.007672634271099765,-0.007672634271099765,0.0,159915.SZ
2025-08-27,-0.007363770250368162,-0.007363770250368162,0.0,159915.SZ
2025-08-28,0.04080118694362023,0.04080118694362023,0.0,159915.SZ
2025-08-29,0.02102637205987179,0.02102637205987179,0.0,159915.SZ
2025-09-01,0.02164048865619539,0.02164048865619539,0.0,159915.SZ
2025-09-02,-0.026990092244619124,-0.026990092244619124,0.0,159915.SZ
2025-09-03,0.0077247191011236005,0.0077247191011236005,0.0,159915.SZ
2025-09-04,-0.04146341463414638,-0.04146341463414638,0.0,159915.SZ
2025-09-05,0.07015630679752816,0.07015630679752816,0.0,159915.SZ
2025-09-08,-0.012228260869565188,-0.012228260869565188,0.0,159915.SZ
2025-09-09,-0.021664374140302534,-0.021664374140302534,0.0,159915.SZ
2025-09-10,0.010544815465729274,0.010544815465729274,0.0,159915.SZ
2025-09-11,0.05217391304347818,0.05217391304347818,0.0,159915.SZ
2025-09-12,-0.009917355371900749,-0.009917355371900749,0.0,159915.SZ
2025-09-15,0.01402337228714523,0.01402337228714523,0.0,159915.SZ
2025-09-16,0.007243990780375409,0.007243990780375409,0.0,159915.SZ
2025-09-17,0.019614253023864103,0.019614253023864103,0.0,159915.SZ
2025-09-18,-0.016672010259698666,-0.016672010259698666,0.0,159915.SZ
2025-09-19,-0.0016302575806979025,-0.0016302575806979025,0.0,159915.SZ
2025-09-22,0.00653167864141091,0.00653167864141091,0.0,159915.SZ
2025-09-23,0.012946438376678637,0.012746438376678637,2.0,518880.SH
2025-09-24,0.005771828564411052,0.005771828564411052,0.0,518880.SH
2025-09-25,-0.005372405372405242,-0.005372405372405242,0.0,518880.SH
2025-09-26,0.001718634912840633,0.001718634912840633,0.0,518880.SH
2025-09-29,0.012132352941176539,0.012132352941176539,0.0,518880.SH
2025-09-30,0.009686402712192788,0.009686402712192788,0.0,518880.SH
2025-10-09,0.04676819762561446,0.04676819762561446,0.0,518880.SH
2025-10-10,-0.014549203803413735,-0.014549203803413735,0.0,518880.SH
2025-10-13,0.03194299674455703,0.03174299674455703,2.0,513100.SH
2025-10-14,-0.010388190267905828,-0.010388190267905828,0.0,513100.SH
2025-10-15,0.00828729281767937,0.00828729281767937,0.0,513100.SH
2025-10-16,0.007123287671233047,0.007123287671233047,0.0,513100.SH
2025-10-17,-0.0168661588683352,-0.0168661588683352,0.0,513100.SH
2025-10-20,0.02877697841726623,0.02877697841726623,0.0,513100.SH
2025-10-21,0.007530930607853703,0.007530930607853703,0.0,513100.SH
2025-10-22,0.011716214188078444,0.011516214188078444,2.0,518880.SH
2025-10-23,-0.011756949785737936,-0.011756949785737936,0.0,518880.SH
2025-10-24,-0.004892150322437283,-0.004892150322437283,0.0,518880.SH
2025-10-27,-0.004022346368715013,-0.004022346368715013,0.0,518880.SH
2025-10-28,-0.03556203724478346,-0.03556203724478346,0.0,518880.SH
2025-10-29,0.01105036640688617,0.01105036640688617,0.0,518880.SH
2025-10-30,0.0013805798435342354,0.0013805798435342354,0.0,518880.SH
2025-10-31,0.012689251937524126,0.012489251937524126,2.0,513100.SH
2025-11-03,-0.003027245206861817,-0.003027245206861817,0.0,513100.SH
2025-11-04,-0.01821862348178127,-0.01821862348178127,0.0,513100.SH
2025-11-05,-0.01443298969072182,-0.01443298969072182,0.0,513100.SH
2025-11-06,0.01935146443514668,0.01935146443514668,0.0,513100.SH
2025-11-07,-0.012827090815803133,-0.012827090815803133,0.0,513100.SH
2025-11-10,0.014033264033264103,0.014033264033264103,0.0,513100.SH
2025-11-11,0.004100461301896674,0.004100461301896674,0.0,513100.SH
2025-11-12,0.007656967840734774,0.007656967840734774,0.0,513100.SH
2025-11-13,0.0005065856129686797,0.0005065856129686797,0.0,513100.SH
2025-11-14,-0.026329113924050684,-0.026329113924050684,0.0,513100.SH
2025-11-17,-0.007280291211648526,-0.007280291211648526,0.0,513100.SH
2025-11-18,-0.02044644215008684,-0.02064644215008684,2.0,159915.SZ
2025-11-19,0.001966568338249708,0.001966568338249708,0.0,159915.SZ
2025-11-20,-0.010140660778541144,-0.010140660778541144,0.0,159915.SZ
2025-11-21,-0.040317250495703894,-0.040317250495703894,0.0,159915.SZ
2025-11-24,0.0013774104683195176,0.0013774104683195176,0.0,159915.SZ
2025-11-25,0.018225584594222743,0.018225584594222743,0.0,159915.SZ
2025-11-26,0.02228976697061813,0.02228976697061813,0.0,159915.SZ
2025-11-27,-0.0021980339776621616,-0.0023980339776621617,2.0,518880.SH
2025-11-28,0.0063263041065482195,0.0063263041065482195,0.0,518880.SH
2025-12-01,0.01036726590934145,0.01036726590934145,0.0,518880.SH
2025-12-02,-0.005348761052286766,-0.005348761052286766,0.0,518880.SH
2025-12-03,-0.0017559262510974394,-0.0017559262510974394,0.0,518880.SH
2025-12-04,-0.0035180299032542273,-0.0035180299032542273,0.0,518880.SH
2025-12-05,0.007943512797881747,0.007943512797881747,0.0,518880.SH
2025-12-08,-0.002845884413309907,-0.002845884413309907,0.0,518880.SH
2025-12-09,-0.007025246981339217,-0.007025246981339217,0.0,518880.SH
2025-12-10,0.009731458017993688,0.009531458017993688,2.0,159915.SZ
2025-12-11,-0.01441102756892243,-0.01441102756892243,0.0,159915.SZ
2025-12-12,0.008900190718372558,0.008900190718372558,0.0,159915.SZ
2025-12-15,-0.017013232514177634,-0.017013232514177634,0.0,159915.SZ
2025-12-16,-0.019230769230769273,-0.019230769230769273,0.0,159915.SZ
2025-12-17,0.033986928104575265,0.033986928104575265,0.0,159915.SZ
2025-12-18,-0.022756005056890016,-0.022756005056890016,0.0,159915.SZ
2025-12-19,0.010905395638872273,0.010705395638872272,2.0,518880.SH
2025-12-22,0.021260603457532223,0.021260603457532223,0.0,518880.SH
2025-12-23,0.013458101146041512,0.013458101146041512,0.0,518880.SH
2025-12-24,0.0003112356053531773,0.0003112356053531773,0.0,518880.SH
2025-12-25,-0.007882182119892,-0.007882182119892,0.0,518880.SH
2025-12-26,0.008781099728204067,0.008781099728204067,0.0,518880.SH
2025-12-29,-0.009015544041450774,-0.009015544041450774,0.0,518880.SH
2025-12-30,-0.020913939140437265,-0.020913939140437265,0.0,518880.SH
2025-12-31,-0.014043684894993635,-0.014243684894993636,2.0,159915.SZ
2026-01-05,0.029817953546767084,0.029817953546767084,0.0,159915.SZ
2026-01-06,0.006705272782688176,0.006705272782688176,0.0,159915.SZ
2026-01-07,0.0024220405691794955,0.0024220405691794955,0.0,159915.SZ
2026-01-08,-0.007248565388100259,-0.007248565388100259,0.0,159915.SZ
2026-01-09,0.00821417706115013,0.00821417706115013,0.0,159915.SZ
2026-01-12,0.017199758599879322,0.017199758599879322,0.0,159915.SZ
2026-01-13,0.0006031739201972641,0.00040317392019726414,2.0,518880.SH
2026-01-14,0.013172674359236414,0.013172674359236414,0.0,518880.SH
2026-01-15,-0.005543237250554278,-0.005543237250554278,0.0,518880.SH
2026-01-16,-0.0010134792743490273,-0.0010134792743490273,0.0,518880.SH
2026-01-19,0.01511616110378422,0.01511616110378422,0.0,518880.SH
2026-01-20,0.007595442734359414,0.007595442734359414,0.0,518880.SH
2026-01-21,0.029260067446935212,0.029260067446935212,0.0,518880.SH
2026-01-22,-0.00346921075455342,-0.00346921075455342,0.0,518880.SH
2026-01-23,0.02668987525384403,0.02668987525384403,0.0,518880.SH
2026-01-26,0.02891588961100111,0.02891588961100111,0.0,518880.SH
2026-01-27,0.0009154155986816903,0.0009154155986816903,0.0,518880.SH
2026-01-28,0.03164441192610212,0.03164441192610212,0.0,518880.SH
2026-01-29,0.05531914893617018,0.05531914893617018,0.0,518880.SH
2026-01-30,-0.075184811827957,-0.075184811827957,0.0,518880.SH
2026-02-02,-0.10000908347715509,-0.10000908347715509,0.0,518880.SH
2026-02-03,0.051877270892208394,0.051877270892208394,0.0,518880.SH
2026-02-04,0.04269813855306093,0.04269813855306093,0.0,518880.SH
2026-02-05,-0.03165547069108321,-0.03165547069108321,0.0,518880.SH
2026-02-06,-0.01577496911527132,-0.01577496911527132,0.0,518880.SH
2026-02-09,0.03495220623732753,0.03495220623732753,0.0,518880.SH
2026-02-10,-0.00466461423640252,-0.00466461423640252,0.0,518880.SH
2026-02-11,0.008341925203861456,0.008341925203861456,0.0,518880.SH
2026-02-12,-0.003532255065997303,-0.003532255065997303,0.0,518880.SH
2026-02-13,-0.013526119402985204,-0.013526119402985204,0.0,518880.SH
2026-02-24,0.03546099290780136,0.03546099290780136,0.0,518880.SH
2026-02-25,0.0008219178082191636,0.0008219178082191636,0.0,518880.SH
2026-02-26,-0.004197463272196278,-0.004197463272196278,0.0,518880.SH
2026-02-27,0.001832676624209606,0.001832676624209606,0.0,518880.SH
2026-03-02,0.04426964236714537,0.04426964236714537,0.0,518880.SH
2026-03-03,-0.013839011999649653,-0.013839011999649653,0.0,518880.SH
2026-03-04,-0.02478017585931258,-0.02478017585931258,0.0,518880.SH
2026-03-05,-0.0014571948998178819,-0.0014571948998178819,0.0,518880.SH
2026-03-06,-0.006107016379624963,-0.006307016379624963,2.0,510300.SH
2026-03-09,-0.008142275551746292,-0.008142275551746292,0.0,510300.SH
2026-03-10,0.01166558651976679,0.01166558651976679,0.0,510300.SH
2026-03-11,0.005979073243647326,0.005979073243647326,0.0,510300.SH
2026-03-12,-0.0036085756739546726,-0.0036085756739546726,0.0,510300.SH
2026-03-13,-0.0036216446527481683,-0.0036216446527481683,0.0,510300.SH
2026-03-16,0.0006414368184735064,0.0006414368184735064,0.0,510300.SH
2026-03-17,-0.027249583304792657,-0.027449583304792656,2.0,159915.SZ
2026-03-18,0.019859456156431365,0.019859456156431365,0.0,159915.SZ
2026-03-19,-0.010485320551228305,-0.010485320551228305,0.0,159915.SZ
2026-03-20,0.011504692703602881,0.011504692703602881,0.0,159915.SZ
2026-03-23,-0.033822208919485175,-0.033822208919485175,0.0,159915.SZ
2026-03-24,0.0027881040892192566,0.0027881040892192566,0.0,159915.SZ
2026-03-25,0.021624961383997388,0.021624961383997388,0.0,159915.SZ
2026-03-26,-0.013305110371938378,-0.013305110371938378,0.0,159915.SZ
2026-03-27,0.009193993257738287,0.009193993257738287,0.0,159915.SZ
2026-03-30,-0.00880655936835728,-0.00880655936835728,0.0,159915.SZ
2026-03-31,-0.025122549019607754,-0.025122549019607754,0.0,159915.SZ
2026-04-01,0.015713387806411072,0.015713387806411072,0.0,159915.SZ
2026-04-02,-0.02103960396039606,-0.02103960396039606,0.0,159915.SZ
2026-04-03,-0.007269279393173234,-0.007269279393173234,0.0,159915.SZ
2026-04-07,0.003183699458771061,0.003183699458771061,0.0,159915.SZ
2026-04-08,0.05385959083144831,0.05365959083144831,2.0,513100.SH
2026-04-09,-0.01527550463720695,-0.01527550463720695,0.0,513100.SH
2026-04-10,0.002216066481994572,0.002216066481994572,0.0,513100.SH
2026-04-13,-0.006080707573244748,-0.006080707573244748,0.0,513100.SH
2026-04-14,0.01501668520578403,0.01501668520578403,0.0,513100.SH
2026-04-15,0.02136986301369892,0.02136986301369892,0.0,513100.SH
2026-04-16,0.02306866952789699,0.02306866952789699,0.0,513100.SH
2026-04-17,0.006151060025086252,0.005951060025086253,2.0,159915.SZ
2026-04-20,0.0005449591280655142,0.0005449591280655142,0.0,159915.SZ
2026-04-21,0.002450980392156854,0.002450980392156854,0.0,159915.SZ
2026-04-22,0.020918228742189626,0.020918228742189626,0.0,159915.SZ
2026-04-23,-0.007982969664715234,-0.007982969664715234,0.0,159915.SZ
2026-04-24,-0.014484978540772575,-0.014484978540772575,0.0,159915.SZ
2026-04-27,-0.0059880239520957446,-0.0059880239520957446,0.0,159915.SZ
2026-04-28,0.003174652336853878,0.002974652336853878,2.0,513100.SH
2026-04-29,-0.0005094243504838447,-0.0005094243504838447,0.0,513100.SH
2026-04-30,-0.001529051987767538,-0.001529051987767538,0.0,513100.SH
2026-05-06,0.02603369065849903,0.02603369065849903,0.0,513100.SH
2026-05-07,0.02189054726368167,0.02189054726368167,0.0,513100.SH
2026-05-08,0.00535540408958135,0.00535540408958135,0.0,513100.SH
2026-05-11,0.020823244552058195,0.020823244552058195,0.0,513100.SH
2026-05-12,-0.012808349146110287,-0.012808349146110287,0.0,513100.SH
2026-05-13,0.005766458433445587,0.005766458433445587,0.0,513100.SH
2026-05-14,0.005733397037744892,0.005733397037744892,0.0,513100.SH
2026-05-15,-0.0023752969121138,-0.0023752969121138,0.0,513100.SH
2026-05-18,-0.01619047619047642,-0.01619047619047642,0.0,513100.SH
2026-05-19,-0.0091965150048402,-0.0091965150048402,0.0,513100.SH
2026-05-20,0.005373717635564157,0.005373717635564157,0.0,513100.SH
2026-05-21,0.02186588921282806,0.02186588921282806,0.0,513100.SH
2026-05-22,0.0204469805040417,0.0204469805040417,0.0,513100.SH
2026-05-25,0.03960857409133278,0.03960857409133278,0.0,513100.SH
2026-05-26,-0.020618556701030855,-0.020618556701030855,0.0,513100.SH
2026-05-27,0.017391304347825765,0.017391304347825765,0.0,513100.SH
2026-05-28,-0.004048582995951344,-0.004048582995951344,0.0,513100.SH
2026-05-29,0.026648599819331542,0.026648599819331542,0.0,513100.SH
2026-06-01,0.04047514298284227,0.04047514298284227,0.0,513100.SH
2026-06-02,-0.009302325581395543,-0.009302325581395543,0.0,513100.SH
2026-06-03,-0.018779342723004744,-0.018779342723004744,0.0,513100.SH
2026-06-04,-0.02566333188342751,-0.02566333188342751,0.0,513100.SH
