date,gross_daily_return,net_daily_return,turnover,holding_asset
2014-02-07,0.03239145416953826,0.032291454169538256,1.0,159915.SZ
2014-02-10,0.012016021361815676,0.012016021361815676,0.0,159915.SZ
2014-02-11,-0.0158311345646438,-0.0158311345646438,0.0,159915.SZ
2014-02-12,0.009383378016085908,0.009383378016085908,0.0,159915.SZ
2014-02-13,-0.037184594953519334,-0.037184594953519334,0.0,159915.SZ
2014-02-14,0.020000000000000018,0.020000000000000018,0.0,159915.SZ
2014-02-17,0.028397565922920753,0.028397565922920753,0.0,159915.SZ
2014-02-18,-0.009204470742932291,-0.009204470742932291,0.0,159915.SZ
2014-02-19,-0.0006635700066356387,-0.0006635700066356387,0.0,159915.SZ
2014-02-20,-0.0021534359376127465,-0.0023534359376127466,2.0,518880.SH
2014-02-21,0.00623538581449723,0.00623538581449723,0.0,518880.SH
2014-02-24,0.006584043377227067,0.006584043377227067,0.0,518880.SH
2014-02-25,-0.04484397909239313,-0.045043979092393126,2.0,159915.SZ
2014-02-26,-0.0006983240223462639,-0.0006983240223462639,0.0,159915.SZ
2014-02-27,-0.013331447944330388,-0.013531447944330388,2.0,518880.SH
2014-02-28,0.007302075326671931,0.007302075326671931,0.0,518880.SH
2014-03-03,0.011446012972147868,0.011446012972147868,0.0,518880.SH
2014-03-04,-0.003017729158808047,-0.003017729158808047,0.0,518880.SH
2014-03-05,-0.007188800605372525,-0.007188800605372525,0.0,518880.SH
2014-03-06,-0.0003810975609755962,-0.0003810975609755962,0.0,518880.SH
2014-03-07,0.009912314144109757,0.009912314144109757,0.0,518880.SH
2014-03-10,-0.014722536806342057,-0.014722536806342057,0.0,518880.SH
2014-03-11,0.011877394636015337,0.011877394636015337,0.0,518880.SH
2014-03-12,0.010223400227186819,0.010223400227186819,0.0,518880.SH
2014-03-13,0.009745127436281864,0.009745127436281864,0.0,518880.SH
2014-03-14,-0.0007423904974015461,-0.0007423904974015461,0.0,518880.SH
2014-03-17,0.011144130757800852,0.011144130757800852,0.0,518880.SH
2014-03-18,-0.013225569434239581,-0.013225569434239581,0.0,518880.SH
2014-03-19,-0.0022338049143707517,-0.0022338049143707517,0.0,518880.SH
2014-03-20,-0.012313432835820981,-0.012313432835820981,0.0,518880.SH
2014-03-21,0.0,0.0,0.0,518880.SH
2014-03-24,-0.0026445032111823696,-0.0026445032111823696,0.0,518880.SH
2014-03-25,-0.012121212121212088,-0.012121212121212088,0.0,518880.SH
2014-03-26,0.0025116530537916404,0.0023116530537916403,2.0,510300.SH
2014-03-27,-0.006925207756232621,-0.006925207756232621,0.0,510300.SH
2014-03-28,-0.00046490004649002437,-0.00046490004649002437,0.0,510300.SH
2014-03-31,-0.0041860465116279055,-0.0041860465116279055,0.0,510300.SH
2014-04-01,0.005604857543203945,0.005604857543203945,0.0,510300.SH
2014-04-02,0.007895959126799967,0.007895959126799967,0.0,510300.SH
2014-04-03,-0.006912442396313279,-0.006912442396313279,0.0,510300.SH
2014-04-04,0.012064965197215782,0.012064965197215782,0.0,510300.SH
2014-04-08,0.023842274186153256,0.023842274186153256,0.0,510300.SH
2014-04-09,-0.001791312136139811,-0.001791312136139811,0.0,510300.SH
2014-04-10,0.016150740242261152,0.016150740242261152,0.0,510300.SH
2014-04-11,-0.00044150110375285045,-0.00044150110375285045,0.0,510300.SH
2014-04-14,-0.0004416961130743191,-0.0004416961130743191,0.0,510300.SH
2014-04-15,-0.017675651789659796,-0.017675651789659796,0.0,510300.SH
2014-04-16,0.0,0.0,0.0,510300.SH
2014-04-17,-0.001799370220422869,-0.001799370220422869,0.0,510300.SH
2014-04-18,-0.0018026137899953554,-0.0018026137899953554,0.0,510300.SH
2014-04-21,-0.018058690744921058,-0.018058690744921058,0.0,510300.SH
2014-04-22,0.006896551724138167,0.006896551724138167,0.0,510300.SH
2014-04-23,-0.002739726027397249,-0.002739726027397249,0.0,510300.SH
2014-04-24,0.001831501831501825,0.001831501831501825,0.0,510300.SH
2014-04-25,-0.012340036563071366,-0.012340036563071366,0.0,510300.SH
2014-04-28,-0.013882461823230052,-0.013882461823230052,0.0,510300.SH
2014-04-29,-0.00951293759512939,-0.00971293759512939,2.0,518880.SH
2014-04-30,0.0034575489819439476,0.0034575489819439476,0.0,518880.SH
2014-05-05,0.004594180704440953,0.004594180704440953,0.0,518880.SH
2014-05-06,0.0007621951219511924,0.0007621951219511924,0.0,518880.SH
2014-05-07,-0.00038080731150036407,-0.00038080731150036407,0.0,518880.SH
2014-05-08,-0.01447619047619042,-0.01447619047619042,0.0,518880.SH
2014-05-09,0.00020675829954774905,6.7582995477490375e-06,2.0,513100.SH
2014-05-12,0.004314063848144922,0.004314063848144922,0.0,513100.SH
2014-05-13,0.014919021254931941,0.01471902125493194,2.0,518880.SH
2014-05-14,0.0011560693641616826,0.0011560693641616826,0.0,518880.SH
2014-05-15,0.009727169530668878,0.009527169530668877,2.0,513100.SH
2014-05-16,-0.005902192242832949,-0.005902192242832949,0.0,513100.SH
2014-05-19,0.0025445292620864812,0.0025445292620864812,0.0,513100.SH
2014-05-20,0.006768189509306355,0.006768189509306355,0.0,513100.SH
2014-05-21,-0.005882352941176339,-0.005882352941176339,0.0,513100.SH
2014-05-22,0.01183431952662728,0.01183431952662728,0.0,513100.SH
2014-05-23,0.004177109440267168,0.004177109440267168,0.0,513100.SH
2014-05-26,0.0074875207986688785,0.0074875207986688785,0.0,513100.SH
2014-05-27,0.004128819157720898,0.004128819157720898,0.0,513100.SH
2014-05-28,0.010690789473684292,0.010690789473684292,0.0,513100.SH
2014-05-29,-0.00406834825061031,-0.00406834825061031,0.0,513100.SH
2014-05-30,0.012254901960784492,0.012254901960784492,0.0,513100.SH
2014-06-03,-0.002421307506053405,-0.002421307506053405,0.0,513100.SH
2014-06-04,-0.0024271844660193054,-0.0024271844660193054,0.0,513100.SH
2014-06-05,0.007299270072992581,0.007299270072992581,0.0,513100.SH
2014-06-06,0.010466988727858118,0.010466988727858118,0.0,513100.SH
2014-06-09,0.0007968127490041166,0.0007968127490041166,0.0,513100.SH
2014-06-10,-0.005573248407643283,-0.005573248407643283,0.0,513100.SH
2014-06-11,0.0048038430744594685,0.0048038430744594685,0.0,513100.SH
2014-06-12,-0.005577689243027817,-0.005577689243027817,0.0,513100.SH
2014-06-13,-0.005608974358974228,-0.005608974358974228,0.0,513100.SH
2014-06-16,0.013010241788212307,0.012810241788212306,2.0,159915.SZ
2014-06-17,-0.009537784299339602,-0.009537784299339602,0.0,159915.SZ
2014-06-18,-0.009629629629629766,-0.009629629629629766,0.0,159915.SZ
2014-06-19,-0.03440538519072556,-0.03440538519072556,0.0,159915.SZ
2014-06-20,-0.0015707888816536286,-0.0017707888816536287,2.0,513100.SH
2014-06-23,0.0015948963317384823,0.0015948963317384823,0.0,513100.SH
2014-06-24,0.0,0.0,0.0,513100.SH
2014-06-25,-0.0015923566878981443,-0.0015923566878981443,0.0,513100.SH
2014-06-26,0.00797448165869219,0.00797448165869219,0.0,513100.SH
2014-06-27,0.01934984520123839,0.019149845201238393,2.0,518880.SH
2014-06-30,-0.0018982536066818323,-0.0018982536066818323,0.0,518880.SH
2014-07-01,0.007451270268118648,0.007251270268118649,2.0,159915.SZ
2014-07-02,0.005792903692976026,0.005792903692976026,0.0,159915.SZ
2014-07-03,0.0011776649968266995,0.0009776649968266994,2.0,518880.SH
2014-07-04,-0.0011372251705837888,-0.0011372251705837888,0.0,518880.SH
2014-07-07,-0.006831119544591924,-0.006831119544591924,0.0,518880.SH
2014-07-08,0.004993386437788239,0.004793386437788239,2.0,513100.SH
2014-07-09,-0.015337423312883458,-0.015337423312883458,0.0,513100.SH
2014-07-10,0.0026949045021591456,0.0024949045021591455,2.0,518880.SH
2014-07-11,0.009073724007561346,0.009073724007561346,0.0,518880.SH
2014-07-14,-0.014612214312476612,-0.014612214312476612,0.0,518880.SH
2014-07-15,-0.004925376197190912,-0.005125376197190911,2.0,513100.SH
2014-07-16,-0.003843197540353449,-0.003843197540353449,0.0,513100.SH
2014-07-17,0.0030864197530864335,0.0030864197530864335,0.0,513100.SH
2014-07-18,-0.007692307692307665,-0.007692307692307665,0.0,513100.SH
2014-07-21,0.0057448088758458304,0.005544808875845831,2.0,510300.SH
2014-07-22,0.011807447774750512,0.011807447774750512,0.0,510300.SH
2014-07-23,0.0017953321364450048,0.0017953321364450048,0.0,510300.SH
2014-07-24,0.02150537634408578,0.02150537634408578,0.0,510300.SH
2014-07-25,0.011403508771930193,0.011403508771930193,0.0,510300.SH
2014-07-28,0.026886383347788145,0.026886383347788145,0.0,510300.SH
2014-07-29,0.0025337837837837718,0.0025337837837837718,0.0,510300.SH
2014-07-30,-0.0033698399326030914,-0.0033698399326030914,0.0,510300.SH
2014-07-31,0.013524936601859716,0.013524936601859716,0.0,510300.SH
2014-08-01,-0.012093411175979951,-0.012093411175979951,0.0,510300.SH
2014-08-04,0.021528070915998176,0.021528070915998176,0.0,510300.SH
2014-08-05,-0.00289256198347132,-0.00289256198347132,0.0,510300.SH
2014-08-06,-0.006216328222129919,-0.006216328222129919,0.0,510300.SH
2014-08-07,-0.010842368640533784,-0.010842368640533784,0.0,510300.SH
2014-08-08,0.00042158516020252,0.00042158516020252,0.0,510300.SH
2014-08-11,0.013906447534766109,0.013906447534766109,0.0,510300.SH
2014-08-12,-0.004156275976725077,-0.004156275976725077,0.0,510300.SH
2014-08-13,0.00292153589315558,0.00292153589315558,0.0,510300.SH
2014-08-14,-0.012068248023304418,-0.012068248023304418,0.0,510300.SH
2014-08-15,0.012636899747261898,0.012636899747261898,0.0,510300.SH
2014-08-18,0.0033277870216308347,0.0033277870216308347,0.0,510300.SH
2014-08-19,0.0008291873963515162,0.0008291873963515162,0.0,510300.SH
2014-08-20,-0.0037282518641260642,-0.0037282518641260642,0.0,510300.SH
2014-08-21,0.017985611510791477,0.01778561151079148,2.0,159915.SZ
2014-08-22,0.009893992932862306,0.009893992932862306,0.0,159915.SZ
2014-08-25,-0.01469559132260334,-0.01469559132260334,0.0,159915.SZ
2014-08-26,-0.022017045454545414,-0.022017045454545414,0.0,159915.SZ
2014-08-27,0.007988380537400142,0.007988380537400142,0.0,159915.SZ
2014-08-28,-0.012968299711815456,-0.012968299711815456,0.0,159915.SZ
2014-08-29,0.017518248175182327,0.017518248175182327,0.0,159915.SZ
2014-09-01,0.016499282639885315,0.016499282639885315,0.0,159915.SZ
2014-09-02,0.00917431192660545,0.00917431192660545,0.0,159915.SZ
2014-09-03,0.0062937062937062915,0.0062937062937062915,0.0,159915.SZ
2014-09-04,-0.010977691507827458,-0.011177691507827459,2.0,513100.SH
2014-09-05,-0.001491424310216205,-0.001491424310216205,0.0,513100.SH
2014-09-09,0.007937531835192413,0.007737531835192413,2.0,159915.SZ
2014-09-10,0.006172839506172867,0.006172839506172867,0.0,159915.SZ
2014-09-11,0.0027266530334015826,0.0027266530334015826,0.0,159915.SZ
2014-09-12,0.008157715839564927,0.008157715839564927,0.0,159915.SZ
2014-09-15,0.0,0.0,0.0,159915.SZ
2014-09-16,-0.030343897505057393,-0.030343897505057393,0.0,159915.SZ
2014-09-17,0.0013908205841446364,0.0013908205841446364,0.0,159915.SZ
2014-09-18,0.011111111111111072,0.011111111111111072,0.0,159915.SZ
2014-09-19,0.0027472527472527375,0.0027472527472527375,0.0,159915.SZ
2014-09-22,-0.02323874755381594,-0.02343874755381594,2.0,510300.SH
2014-09-23,0.010330578512396604,0.010330578512396604,0.0,510300.SH
2014-09-24,0.009561974122960004,0.009361974122960004,2.0,159915.SZ
2014-09-25,-0.006761325219743042,-0.006761325219743042,0.0,159915.SZ
2014-09-26,0.002042205582028611,0.002042205582028611,0.0,159915.SZ
2014-09-29,0.01154891304347827,0.01154891304347827,0.0,159915.SZ
2014-09-30,0.00738750839489577,0.00738750839489577,0.0,159915.SZ
2014-10-08,0.010000000000000009,0.010000000000000009,0.0,159915.SZ
2014-10-09,0.0026402640264027166,0.0026402640264027166,0.0,159915.SZ
2014-10-10,-0.004608294930875556,-0.004608294930875556,0.0,159915.SZ
2014-10-13,-0.004629629629629761,-0.004629629629629761,0.0,159915.SZ
2014-10-14,-0.007973421926910196,-0.007973421926910196,0.0,159915.SZ
2014-10-15,0.00602813127930335,0.00602813127930335,0.0,159915.SZ
2014-10-16,-0.013315579227696439,-0.013315579227696439,0.0,159915.SZ
2014-10-17,-0.004415897230028221,-0.00461589723002822,2.0,510300.SH
2014-10-20,0.004435483870967705,0.004435483870967705,0.0,510300.SH
2014-10-21,-0.01404682274247504,-0.01424682274247504,2.0,159915.SZ
2014-10-22,-0.006784260515603768,-0.006784260515603768,0.0,159915.SZ
2014-10-23,-0.01775956284153002,-0.01775956284153002,0.0,159915.SZ
2014-10-24,-0.0009484425379761019,-0.001148442537976102,2.0,518880.SH
2014-10-27,-0.0016454134101192563,-0.0016454134101192563,0.0,518880.SH
2014-10-28,-0.0020601565718993964,-0.0020601565718993964,0.0,518880.SH
2014-10-29,0.0010852024009304628,0.0008852024009304628,2.0,159915.SZ
2014-10-30,-0.005372733378106065,-0.005372733378106065,0.0,159915.SZ
2014-10-31,0.01712465153325371,0.01692465153325371,2.0,510300.SH
2014-11-03,-0.0019577133907596744,-0.0019577133907596744,0.0,510300.SH
2014-11-04,-0.0007846214201646662,-0.0007846214201646662,0.0,510300.SH
2014-11-05,-0.0011778563015312216,-0.0011778563015312216,0.0,510300.SH
2014-11-06,0.002660279669532306,0.002460279669532306,2.0,513100.SH
2014-11-07,0.006646971935007295,0.006646971935007295,0.0,513100.SH
2014-11-10,0.0,0.0,0.0,513100.SH
2014-11-11,0.0,0.0,0.0,513100.SH
2014-11-12,-0.0007336757153337814,-0.0007336757153337814,0.0,513100.SH
2014-11-13,0.001468428781204123,0.001468428781204123,0.0,513100.SH
2014-11-14,0.0007331378299120228,0.0007331378299120228,0.0,513100.SH
2014-11-17,0.00219780219780219,0.00219780219780219,0.0,513100.SH
2014-11-18,0.0,0.0,0.0,513100.SH
2014-11-19,0.01242690058479523,0.01242690058479523,0.0,513100.SH
2014-11-20,-0.009386281588447565,-0.009386281588447565,0.0,513100.SH
2014-11-21,0.004373177842565523,0.004373177842565523,0.0,513100.SH
2014-11-24,0.019245283018867854,0.019045283018867855,2.0,510300.SH
2014-11-25,0.010366530914476257,0.010366530914476257,0.0,510300.SH
2014-11-26,0.010993037742762723,0.010993037742762723,0.0,510300.SH
2014-11-27,0.009061254077564307,0.009061254077564307,0.0,510300.SH
2014-11-28,0.02370689655172442,0.02370689655172442,0.0,510300.SH
2014-12-01,0.001052631578947416,0.001052631578947416,0.0,510300.SH
2014-12-02,0.03960743077462325,0.03960743077462325,0.0,510300.SH
2014-12-03,0.010788941335131419,0.010788941335131419,0.0,510300.SH
2014-12-04,0.060707138092061186,0.060707138092061186,0.0,510300.SH
2014-12-05,-0.00597484276729543,-0.00597484276729543,0.0,510300.SH
2014-12-08,0.048086048718759766,0.048086048718759766,0.0,510300.SH
2014-12-09,-0.05523694536673707,-0.05523694536673707,0.0,510300.SH
2014-12-10,0.036102236421725165,0.036102236421725165,0.0,510300.SH
2014-12-11,-0.010792476102374327,-0.010792476102374327,0.0,510300.SH
2014-12-12,0.0031172069825435855,0.0031172069825435855,0.0,510300.SH
2014-12-15,0.011497824735860807,0.011497824735860807,0.0,510300.SH
2014-12-16,0.02334869431643627,0.02334869431643627,0.0,510300.SH
2014-12-17,0.017111978384869442,0.017111978384869442,0.0,510300.SH
2014-12-18,-0.0011806375442738881,-0.0011806375442738881,0.0,510300.SH
2014-12-19,0.014775413711584084,0.014775413711584084,0.0,510300.SH
2014-12-22,-0.006988934187536433,-0.006988934187536433,0.0,510300.SH
2014-12-23,-0.020234604105571763,-0.020234604105571763,0.0,510300.SH
2014-12-24,-0.027835977252319677,-0.027835977252319677,0.0,510300.SH
2014-12-25,0.03633004926108363,0.03633004926108363,0.0,510300.SH
2014-12-26,0.03891859774212714,0.03891859774212714,0.0,510300.SH
2014-12-29,-0.004861309694023319,-0.004861309694023319,0.0,510300.SH
2014-12-30,0.0,0.0,0.0,510300.SH
2014-12-31,0.027011494252873414,0.027011494252873414,0.0,510300.SH
2015-01-05,0.03189703413542255,0.03189703413542255,0.0,510300.SH
2015-01-06,-0.006778741865509863,-0.006778741865509863,0.0,510300.SH
2015-01-07,-0.00027300027300025675,-0.00027300027300025675,0.0,510300.SH
2015-01-08,-0.021845985800109213,-0.021845985800109213,0.0,510300.SH
2015-01-09,-0.007258514796203208,-0.007258514796203208,0.0,510300.SH
2015-01-12,-0.003093363329583765,-0.003093363329583765,0.0,510300.SH
2015-01-13,-0.001974612129760356,-0.001974612129760356,0.0,510300.SH
2015-01-14,-0.0022611644997172498,-0.0022611644997172498,0.0,510300.SH
2015-01-15,0.028328611898017053,0.028328611898017053,0.0,510300.SH
2015-01-16,0.008815426997245135,0.008815426997245135,0.0,510300.SH
2015-01-19,-0.09994538503549977,-0.09994538503549977,0.0,510300.SH
2015-01-20,0.0041580942673176136,0.003958094267317614,2.0,518880.SH
2015-01-21,0.01945525291828809,0.01945525291828809,0.0,518880.SH
2015-01-22,0.005123603457863668,0.004923603457863668,2.0,159915.SZ
2015-01-23,-0.02673796791443861,-0.02673796791443861,0.0,159915.SZ
2015-01-26,0.0006105006105006083,0.00041050061050060835,2.0,518880.SH
2015-01-27,-0.007665772326561959,-0.007665772326561959,0.0,518880.SH
2015-01-28,0.003772863106887625,0.003572863106887625,2.0,159915.SZ
2015-01-29,-0.00959232613908878,-0.00959232613908878,0.0,159915.SZ
2015-01-30,-0.017554479418886104,-0.017554479418886104,0.0,159915.SZ
2015-02-02,0.009858287122612497,0.009858287122612497,0.0,159915.SZ
2015-02-03,0.032946918852959195,0.032946918852959195,0.0,159915.SZ
2015-02-04,0.002953337271116352,0.002953337271116352,0.0,159915.SZ
2015-02-05,0.006478209658421719,0.006478209658421719,0.0,159915.SZ
2015-02-06,-0.02808660035108257,-0.02808660035108257,0.0,159915.SZ
2015-02-09,-0.009632751354605618,-0.009632751354605618,0.0,159915.SZ
2015-02-10,0.024316109422492405,0.024316109422492405,0.0,159915.SZ
2015-02-11,0.011869436201780381,0.011869436201780381,0.0,159915.SZ
2015-02-12,0.008797653958944274,0.008797653958944274,0.0,159915.SZ
2015-02-13,0.02383720930232558,0.02383720930232558,0.0,159915.SZ
2015-02-16,0.03918228279386726,0.03918228279386726,0.0,159915.SZ
2015-02-17,-0.005464480874316946,-0.005464480874316946,0.0,159915.SZ
2015-02-25,-0.009340659340659418,-0.009340659340659418,0.0,159915.SZ
2015-02-26,-0.004824259131633424,-0.0050242591316334234,2.0,513100.SH
2015-02-27,0.003462603878116477,0.003462603878116477,0.0,513100.SH
2015-03-02,0.02674664503172064,0.02654664503172064,2.0,159915.SZ
2015-03-03,-0.016196447230929945,-0.016196447230929945,0.0,159915.SZ
2015-03-04,0.030270844397238372,0.030270844397238372,0.0,159915.SZ
2015-03-05,-0.0010309278350515427,-0.0010309278350515427,0.0,159915.SZ
2015-03-06,-0.029927760577915352,-0.029927760577915352,0.0,159915.SZ
2015-03-09,0.025000000000000133,0.025000000000000133,0.0,159915.SZ
2015-03-10,0.023352361183186288,0.023352361183186288,0.0,159915.SZ
2015-03-11,-0.006085192697768749,-0.006085192697768749,0.0,159915.SZ
2015-03-12,-0.010204081632653073,-0.010204081632653073,0.0,159915.SZ
2015-03-13,0.026804123711340333,0.026804123711340333,0.0,159915.SZ
2015-03-16,0.034638554216867457,0.034638554216867457,0.0,159915.SZ
2015-03-17,-0.0038816108685104656,-0.0038816108685104656,0.0,159915.SZ
2015-03-18,0.022406234778373335,0.022406234778373335,0.0,159915.SZ
2015-03-19,-0.0019056693663649371,-0.0019056693663649371,0.0,159915.SZ
2015-03-20,0.014797136038185998,0.014797136038185998,0.0,159915.SZ
2015-03-23,0.03762935089369712,0.03762935089369712,0.0,159915.SZ
2015-03-24,0.030371713508613007,0.030371713508613007,0.0,159915.SZ
2015-03-25,0.006599208095028564,0.006599208095028564,0.0,159915.SZ
2015-03-26,-0.04283216783216781,-0.04283216783216781,0.0,159915.SZ
2015-03-27,0.01735159817351617,0.01735159817351617,0.0,159915.SZ
2015-03-30,-0.0157091561938959,-0.0157091561938959,0.0,159915.SZ
2015-03-31,-0.02624924138487883,-0.02644924138487883,2.0,510300.SH
2015-04-01,0.016373108409823978,0.016373108409823978,0.0,510300.SH
2015-04-02,-0.0014644862094214117,-0.0014644862094214117,0.0,510300.SH
2015-04-03,0.016132974822781643,0.016132974822781643,0.0,510300.SH
2015-04-07,0.02133576041295049,0.02113576041295049,2.0,159915.SZ
2015-04-08,-0.02502050861361793,-0.02502050861361793,0.0,159915.SZ
2015-04-09,-0.02433566109278995,-0.02453566109278995,2.0,510300.SH
2015-04-10,0.023387668320340227,0.023387668320340227,0.0,510300.SH
2015-04-13,0.01662049861495829,0.01662049861495829,0.0,510300.SH
2015-04-14,0.0004541326067211138,0.0004541326067211138,0.0,510300.SH
2015-04-15,-0.008397639582387595,-0.008397639582387595,0.0,510300.SH
2015-04-16,0.03273060196841371,0.03273060196841371,0.0,510300.SH
2015-04-17,0.01728723404255339,0.01728723404255339,0.0,510300.SH
2015-04-20,-0.02178649237472763,-0.02178649237472763,0.0,510300.SH
2015-04-21,0.021158129175946394,0.021158129175946394,0.0,510300.SH
2015-04-22,0.0272628135223556,0.0272628135223556,0.0,510300.SH
2015-04-23,-0.0010615711252656146,-0.0010615711252656146,0.0,510300.SH
2015-04-24,-0.003613177470775608,-0.003613177470775608,0.0,510300.SH
2015-04-27,0.02069112627986347,0.02069112627986347,0.0,510300.SH
2015-04-28,-0.012957157784743933,-0.012957157784743933,0.0,510300.SH
2015-04-29,0.005504975651069222,0.005504975651069222,0.0,510300.SH
2015-04-30,-0.0021057064645187973,-0.0021057064645187973,0.0,510300.SH
2015-05-04,0.005486389533656766,0.005486389533656766,0.0,510300.SH
2015-05-05,-0.03798530954879331,-0.03798530954879331,0.0,510300.SH
2015-05-06,-0.010471204188481464,-0.010471204188481464,0.0,510300.SH
2015-05-07,-0.014318742393773176,-0.014518742393773177,2.0,159915.SZ
2015-05-08,0.0774385703648548,0.0774385703648548,0.0,159915.SZ
2015-05-11,0.05390463026952297,0.05390463026952297,0.0,159915.SZ
2015-05-12,0.025901639344262373,0.025901639344262373,0.0,159915.SZ
2015-05-13,-0.029721955896452545,-0.029721955896452545,0.0,159915.SZ
2015-05-14,-0.00922266139657446,-0.00922266139657446,0.0,159915.SZ
2015-05-15,0.0026595744680850686,0.0026595744680850686,0.0,159915.SZ
2015-05-18,0.046750663129973447,0.046750663129973447,0.0,159915.SZ
2015-05-19,0.008869179600886845,0.008869179600886845,0.0,159915.SZ
2015-05-20,0.024803767660910525,0.024803767660910525,0.0,159915.SZ
2015-05-21,0.04473039215686292,0.04473039215686292,0.0,159915.SZ
2015-05-22,-0.008211143695014633,-0.008211143695014633,0.0,159915.SZ
2015-05-25,-0.0162625665286813,-0.0162625665286813,0.0,159915.SZ
2015-05-26,0.04087766756837996,0.04087766756837996,0.0,159915.SZ
2015-05-27,0.0,0.0,0.0,159915.SZ
2015-05-28,-0.04995668495524108,-0.04995668495524108,0.0,159915.SZ
2015-05-29,0.02857142857142847,0.02857142857142847,0.0,159915.SZ
2015-06-01,0.05437352245862881,0.05437352245862881,0.0,159915.SZ
2015-06-02,0.056053811659192654,0.056053811659192654,0.0,159915.SZ
2015-06-03,0.0058386411889597145,0.0058386411889597145,0.0,159915.SZ
2015-06-04,-0.010290237467018515,-0.010290237467018515,0.0,159915.SZ
2015-06-05,-0.012796587576646257,-0.012796587576646257,0.0,159915.SZ
2015-06-08,-0.045908722657304835,-0.045908722657304835,0.0,159915.SZ
2015-06-09,-0.026039659929933845,-0.026239659929933844,2.0,510300.SH
2015-06-10,-0.0009500285008549048,-0.0009500285008549048,0.0,510300.SH
2015-06-11,0.00383351588170866,0.00363351588170866,2.0,159915.SZ
2015-06-12,0.010365521003818934,0.010365521003818934,0.0,159915.SZ
2015-06-15,-0.05183585313174954,-0.05183585313174954,0.0,159915.SZ
2015-06-16,-0.03940312182165073,-0.03960312182165073,2.0,510300.SH
2015-06-17,0.014895729890764597,0.014895729890764597,0.0,510300.SH
2015-06-18,-0.0393346379647751,-0.0393346379647751,0.0,510300.SH
2015-06-19,-0.0623344876756976,-0.0623344876756976,0.0,510300.SH
2015-06-23,0.01651467843719656,0.016314678437196563,2.0,513100.SH
2015-06-24,-0.002693602693602748,-0.002693602693602748,0.0,513100.SH
2015-06-25,-0.006752194463200523,-0.006752194463200523,0.0,513100.SH
2015-06-26,-0.0006798096532971698,-0.0006798096532971698,0.0,513100.SH
2015-06-29,-0.00952380952380949,-0.00952380952380949,0.0,513100.SH
2015-06-30,-0.01098901098901095,-0.01098901098901095,0.0,513100.SH
2015-07-01,0.0,0.0,0.0,513100.SH
2015-07-02,0.004861111111111205,0.004861111111111205,0.0,513100.SH
2015-07-03,-0.0027643400138217533,-0.0027643400138217533,0.0,513100.SH
2015-07-06,-0.02009702009702019,-0.02009702009702019,0.0,513100.SH
2015-07-07,-0.000666167218613456,-0.0008661672186134559,2.0,518880.SH
2015-07-08,-0.03329009943795935,-0.03329009943795935,0.0,518880.SH
2015-07-09,0.008759124087591053,0.008559124087591052,2.0,513100.SH
2015-07-10,0.0028943560057888007,0.0028943560057888007,0.0,513100.SH
2015-07-13,0.014776184267709658,0.014576184267709657,2.0,518880.SH
2015-07-14,-0.0004329004329003405,-0.0004329004329003405,0.0,518880.SH
2015-07-15,0.005835494047055745,0.005635494047055745,2.0,513100.SH
2015-07-16,-0.015731874145006763,-0.015731874145006763,0.0,513100.SH
2015-07-17,0.025017373175816537,0.025017373175816537,0.0,513100.SH
2015-07-20,0.022372881355932073,0.022372881355932073,0.0,513100.SH
2015-07-21,0.011273209549071517,0.011273209549071517,0.0,513100.SH
2015-07-22,-0.011803278688524599,-0.011803278688524599,0.0,513100.SH
2015-07-23,0.001990710019907249,0.001990710019907249,0.0,513100.SH
2015-07-24,-0.007947019867549643,-0.007947019867549643,0.0,513100.SH
2015-07-27,-0.013351134846461998,-0.013351134846461998,0.0,513100.SH
2015-07-28,-0.004059539918809252,-0.004059539918809252,0.0,513100.SH
2015-07-29,0.018342391304347894,0.018342391304347894,0.0,513100.SH
2015-07-30,0.014009339559706513,0.014009339559706513,0.0,513100.SH
2015-07-31,0.003947368421052699,0.003947368421052699,0.0,513100.SH
2015-08-03,0.001310615989515096,0.001310615989515096,0.0,513100.SH
2015-08-04,-0.011125654450261813,-0.011125654450261813,0.0,513100.SH
2015-08-05,-0.025056084370388643,-0.02525608437038864,2.0,159915.SZ
2015-08-06,-0.003392705682782049,-0.003392705682782049,0.0,159915.SZ
2015-08-07,0.0012732318560255695,0.0010732318560255695,2.0,513100.SH
2015-08-10,-0.004676018704074858,-0.004676018704074858,0.0,513100.SH
2015-08-11,0.04966442953020134,0.04966442953020134,0.0,513100.SH
2015-08-12,-0.022378516624041,-0.022378516624041,0.0,513100.SH
2015-08-13,0.009810333551340866,0.009810333551340866,0.0,513100.SH
2015-08-14,0.005181347150259086,0.005181347150259086,0.0,513100.SH
2015-08-17,0.003221649484536071,0.003221649484536071,0.0,513100.SH
2015-08-18,0.012845215157353929,0.012845215157353929,0.0,513100.SH
2015-08-19,-0.0009496560909968421,-0.0011496560909968422,2.0,518880.SH
2015-08-20,0.01558441558441559,0.01558441558441559,0.0,518880.SH
2015-08-21,0.018755328218243772,0.018755328218243772,0.0,518880.SH
2015-08-24,-0.003765690376569153,-0.003765690376569153,0.0,518880.SH
2015-08-25,-0.005459890802183898,-0.005459890802183898,0.0,518880.SH
2015-08-26,-0.008023648648648463,-0.008023648648648463,0.0,518880.SH
2015-08-27,-0.011494252873563315,-0.011494252873563315,0.0,518880.SH
2015-08-28,0.004737295434969813,0.004737295434969813,0.0,518880.SH
2015-08-31,0.002571795970852886,0.002571795970852886,0.0,518880.SH
2015-09-01,0.006412997007268162,0.006412997007268162,0.0,518880.SH
2015-09-02,-0.0012744265080714134,-0.0012744265080714134,0.0,518880.SH
2015-09-07,-0.0161633347511696,-0.0161633347511696,0.0,518880.SH
2015-09-08,-0.004323389537397415,-0.004323389537397415,0.0,518880.SH
2015-09-09,0.004342162396873794,0.004342162396873794,0.0,518880.SH
2015-09-10,-0.011673151750972832,-0.011673151750972832,0.0,518880.SH
2015-09-11,0.00043744531933498365,0.00043744531933498365,0.0,518880.SH
2015-09-14,-0.0021862702229995534,-0.0021862702229995534,0.0,518880.SH
2015-09-15,-0.0008764241893077784,-0.0008764241893077784,0.0,518880.SH
2015-09-16,-0.001315789473684048,-0.001315789473684048,0.0,518880.SH
2015-09-17,0.012296881862099207,0.012296881862099207,0.0,518880.SH
2015-09-18,0.00563991323210411,0.00563991323210411,0.0,518880.SH
2015-09-21,0.01251078515962023,0.01251078515962023,0.0,518880.SH
2015-09-22,-0.005965061780996983,-0.005965061780996983,0.0,518880.SH
2015-09-23,-0.008742923865971086,-0.008942923865971087,2.0,513100.SH
2015-09-24,0.0,0.0,0.0,513100.SH
2015-09-25,-0.022239307155697663,-0.02243930715569766,2.0,510300.SH
2015-09-28,0.005858772741289098,0.005858772741289098,0.0,510300.SH
2015-09-29,-0.00296611042194439,-0.00316611042194439,2.0,159915.SZ
2015-09-30,-0.00870901639344257,-0.00870901639344257,0.0,159915.SZ
2015-10-08,0.07493540051679592,0.07493540051679592,0.0,159915.SZ
2015-10-09,0.01105769230769238,0.01105769230769238,0.0,159915.SZ
2015-10-12,0.05563480741797422,0.05563480741797422,0.0,159915.SZ
2015-10-13,0.002702702702702675,0.002702702702702675,0.0,159915.SZ
2015-10-14,-0.019766397124887702,-0.019766397124887702,0.0,159915.SZ
2015-10-15,0.05316223648029328,0.05316223648029328,0.0,159915.SZ
2015-10-16,0.013489991296779857,0.013489991296779857,0.0,159915.SZ
2015-10-19,-0.015027908973808568,-0.015027908973808568,0.0,159915.SZ
2015-10-20,0.04228421970357443,0.04228421970357443,0.0,159915.SZ
2015-10-21,-0.07151819322459219,-0.07151819322459219,0.0,159915.SZ
2015-10-22,0.05765765765765751,0.05765765765765751,0.0,159915.SZ
2015-10-23,0.033645655877342584,0.033645655877342584,0.0,159915.SZ
2015-10-26,-0.011948908117016876,-0.011948908117016876,0.0,159915.SZ
2015-10-27,0.01918265221017501,0.01918265221017501,0.0,159915.SZ
2015-10-28,-0.03436988543371522,-0.03436988543371522,0.0,159915.SZ
2015-10-29,-0.003389830508474634,-0.003389830508474634,0.0,159915.SZ
2015-10-30,-0.0012755102040814537,-0.0012755102040814537,0.0,159915.SZ
2015-11-02,-0.01617709663686684,-0.01617709663686684,0.0,159915.SZ
2015-11-03,-0.0025962786672435456,-0.0025962786672435456,0.0,159915.SZ
2015-11-04,0.00844736845720484,0.00824736845720484,2.0,513100.SH
2015-11-05,-0.0006329113924051777,-0.0006329113924051777,0.0,513100.SH
2015-11-06,-0.0031665611146294292,-0.0031665611146294292,0.0,513100.SH
2015-11-09,0.025244364113996554,0.025044364113996555,2.0,159915.SZ
2015-11-10,0.010065814943863716,0.010065814943863716,0.0,159915.SZ
2015-11-11,0.027213491759294772,0.027213491759294772,0.0,159915.SZ
2015-11-12,-0.011940298507462699,-0.011940298507462699,0.0,159915.SZ
2015-11-13,-0.025679758308157163,-0.025679758308157163,0.0,159915.SZ
2015-11-16,0.0348837209302324,0.0348837209302324,0.0,159915.SZ
2015-11-17,-0.0378277153558052,-0.0378277153558052,0.0,159915.SZ
2015-11-18,-0.020630595562475595,-0.020630595562475595,0.0,159915.SZ
2015-11-19,0.042925278219395846,0.042925278219395846,0.0,159915.SZ
2015-11-20,0.008003048780487854,0.008003048780487854,0.0,159915.SZ
2015-11-23,-0.009829867674858161,-0.009829867674858161,0.0,159915.SZ
2015-11-24,0.01680030546009914,0.01680030546009914,0.0,159915.SZ
2015-11-25,0.03116785580172743,0.03116785580172743,0.0,159915.SZ
2015-11-26,-0.0262199563000729,-0.0262199563000729,0.0,159915.SZ
2015-11-27,-0.0665669409124906,-0.0665669409124906,0.0,159915.SZ
2015-11-30,0.009615384615384581,0.009615384615384581,0.0,159915.SZ
2015-12-01,-0.00515873015873014,-0.00515873015873014,0.0,159915.SZ
2015-12-02,-0.02114080574391697,-0.02114080574391697,0.0,159915.SZ
2015-12-03,0.007624186700636804,0.007424186700636804,2.0,510300.SH
2015-12-04,-0.01894238358326772,-0.01894238358326772,0.0,510300.SH
2015-12-07,0.0033065164923573587,0.0031065164923573586,2.0,513100.SH
2015-12-08,-0.0037406483790524137,-0.0037406483790524137,0.0,513100.SH
2015-12-09,0.0012515644555695093,0.0012515644555695093,0.0,513100.SH
2015-12-10,-0.011249999999999982,-0.011249999999999982,0.0,513100.SH
2015-12-11,0.0018963337547408532,0.0018963337547408532,0.0,513100.SH
2015-12-14,-0.01577287066246047,-0.01577287066246047,0.0,513100.SH
2015-12-15,0.007692307692307665,0.007692307692307665,0.0,513100.SH
2015-12-16,0.008269720101781175,0.008269720101781175,0.0,513100.SH
2015-12-17,0.016403785488958933,0.016403785488958933,0.0,513100.SH
2015-12-18,-0.01613904407200495,-0.01613904407200495,0.0,513100.SH
2015-12-21,-0.006104707138085641,-0.006304707138085641,2.0,159915.SZ
2015-12-22,-0.002628614344723834,-0.002628614344723834,0.0,159915.SZ
2015-12-23,-0.0007756330822270563,-0.0009756330822270563,2.0,510300.SH
2015-12-24,-0.011983681795002754,-0.011983681795002754,0.0,510300.SH
2015-12-25,0.00391920410009039,0.00371920410009039,2.0,518880.SH
2015-12-28,-0.002666666666666595,-0.002666666666666595,0.0,518880.SH
2015-12-29,0.009335244910143148,0.009135244910143147,2.0,510300.SH
2015-12-30,-0.0002622606871229838,-0.0002622606871229838,0.0,510300.SH
2015-12-31,-0.028521335460423236,-0.028721335460423235,2.0,159915.SZ
2016-01-04,-0.09176841276092951,-0.09176841276092951,0.0,159915.SZ
2016-01-05,-0.023025983343330947,-0.023225983343330946,2.0,518880.SH
2016-01-06,0.008370044052863568,0.008370044052863568,0.0,518880.SH
2016-01-07,0.02184359982525108,0.02184359982525108,0.0,518880.SH
2016-01-08,-0.00042753313381782565,-0.00042753313381782565,0.0,518880.SH
2016-01-11,0.0038494439692045024,0.0038494439692045024,0.0,518880.SH
2016-01-12,-0.01235619940349375,-0.01235619940349375,0.0,518880.SH
2016-01-13,-0.007765314926660993,-0.007765314926660993,0.0,518880.SH
2016-01-14,0.0073913043478262,0.0073913043478262,0.0,518880.SH
2016-01-15,-0.005610703495899982,-0.005610703495899982,0.0,518880.SH
2016-01-18,0.003906250000000222,0.003906250000000222,0.0,518880.SH
2016-01-19,-0.0008646779074795719,-0.0008646779074795719,0.0,518880.SH
2016-01-20,0.007788836001730859,0.007788836001730859,0.0,518880.SH
2016-01-21,0.009016745384285096,0.009016745384285096,0.0,518880.SH
2016-01-22,-0.00638297872340432,-0.00638297872340432,0.0,518880.SH
2016-01-25,0.0017130620985010836,0.0017130620985010836,0.0,518880.SH
2016-01-26,0.017101325352714802,0.017101325352714802,0.0,518880.SH
2016-01-27,-0.0016813787305590688,-0.0016813787305590688,0.0,518880.SH
2016-01-28,-0.005894736842105175,-0.005894736842105175,0.0,518880.SH
2016-01-29,0.0008470986869968389,0.0008470986869968389,0.0,518880.SH
2016-02-01,0.008463817181548983,0.008463817181548983,0.0,518880.SH
2016-02-02,0.0025178346621903547,0.0025178346621903547,0.0,518880.SH
2016-02-03,0.004185851820845743,0.004185851820845743,0.0,518880.SH
2016-02-04,0.009170487703209496,0.009170487703209496,0.0,518880.SH
2016-02-05,0.01239157372986388,0.01239157372986388,0.0,518880.SH
2016-02-15,0.03916768665850667,0.03916768665850667,0.0,518880.SH
2016-02-16,-0.013741656851197548,-0.013741656851197548,0.0,518880.SH
2016-02-17,0.00835987261146487,0.00835987261146487,0.0,518880.SH
2016-02-18,0.0015791551519936942,0.0015791551519936942,0.0,518880.SH
2016-02-19,0.014584154513204606,0.014584154513204606,0.0,518880.SH
2016-02-22,-0.007381507381507224,-0.007381507381507224,0.0,518880.SH
2016-02-23,0.0007827788649705791,0.0007827788649705791,0.0,518880.SH
2016-02-24,0.007821666014861117,0.007821666014861117,0.0,518880.SH
2016-02-25,0.014357780364765205,0.014357780364765205,0.0,518880.SH
2016-02-26,-0.0007651109410863333,-0.0007651109410863333,0.0,518880.SH
2016-02-29,-0.009571209800918856,-0.009571209800918856,0.0,518880.SH
2016-03-01,0.015075376884422065,0.015075376884422065,0.0,518880.SH
2016-03-02,-0.01180502665651173,-0.01180502665651173,0.0,518880.SH
2016-03-03,0.008477842003853375,0.008477842003853375,0.0,518880.SH
2016-03-04,0.012991975544516476,0.012991975544516476,0.0,518880.SH
2016-03-07,-0.0007544322897019562,-0.0007544322897019562,0.0,518880.SH
2016-03-08,0.004907512268780723,0.004907512268780723,0.0,518880.SH
2016-03-09,-0.010518407212622094,-0.010518407212622094,0.0,518880.SH
2016-03-10,-0.0060744115413818855,-0.0060744115413818855,0.0,518880.SH
2016-03-11,0.012605042016806678,0.012605042016806678,0.0,518880.SH
2016-03-14,-0.010184835910976853,-0.010184835910976853,0.0,518880.SH
2016-03-15,-0.015243902439024404,-0.015443902439024404,2.0,513100.SH
2016-03-16,-0.0026578073089701393,-0.0026578073089701393,0.0,513100.SH
2016-03-17,0.009327115256495766,0.009327115256495766,0.0,513100.SH
2016-03-18,-0.0006600660066006236,-0.0006600660066006236,0.0,513100.SH
2016-03-21,-0.0026420079260237594,-0.0026420079260237594,0.0,513100.SH
2016-03-22,0.0006622516556291647,0.0006622516556291647,0.0,513100.SH
2016-03-23,0.00794176042356054,0.00794176042356054,0.0,513100.SH
2016-03-24,-0.009192383453709763,-0.009192383453709763,0.0,513100.SH
2016-03-25,0.005460620022774698,0.0052606200227746985,2.0,510300.SH
2016-03-28,-0.009419152276295084,-0.009419152276295084,0.0,510300.SH
2016-03-29,-0.01499091348536663,-0.015190913485366631,2.0,159915.SZ
2016-03-30,0.04659146640510037,0.04659146640510037,0.0,159915.SZ
2016-03-31,-0.007029053420805842,-0.007029053420805842,0.0,159915.SZ
2016-04-01,-0.010382255781028915,-0.010382255781028915,0.0,159915.SZ
2016-04-05,0.03385789222699098,0.03385789222699098,0.0,159915.SZ
2016-04-06,0.005996309963099522,0.005996309963099522,0.0,159915.SZ
2016-04-07,-0.016506189821182904,-0.016506189821182904,0.0,159915.SZ
2016-04-08,-0.009324009324009341,-0.009324009324009341,0.0,159915.SZ
2016-04-11,0.021176470588235352,0.021176470588235352,0.0,159915.SZ
2016-04-12,-0.0036866359447004227,-0.0036866359447004227,0.0,159915.SZ
2016-04-13,0.006938020351526353,0.006938020351526353,0.0,159915.SZ
2016-04-14,0.016077170418006492,0.016077170418006492,0.0,159915.SZ
2016-04-15,-0.007685352622061603,-0.007685352622061603,0.0,159915.SZ
2016-04-18,-0.015945330296127436,-0.015945330296127436,0.0,159915.SZ
2016-04-19,0.0004629629629628873,0.0004629629629628873,0.0,159915.SZ
2016-04-20,-0.002567288277577795,-0.002767288277577795,2.0,513100.SH
2016-04-21,0.0032341526520049957,0.0032341526520049957,0.0,513100.SH
2016-04-22,0.001164709235734973,0.0009647092357349731,2.0,518880.SH
2016-04-25,-0.005401234567901314,-0.005401234567901314,0.0,518880.SH
2016-04-26,0.003999846257015882,0.003799846257015882,2.0,513100.SH
2016-04-27,-0.0071754729288975305,-0.0071754729288975305,0.0,513100.SH
2016-04-28,0.007669837742984464,0.007469837742984465,2.0,518880.SH
2016-04-29,0.017986988136242,0.017986988136242,0.0,518880.SH
2016-05-03,0.015789473684210353,0.015789473684210353,0.0,518880.SH
2016-05-04,-0.00925240562546259,-0.00925240562546259,0.0,518880.SH
2016-05-05,-0.0007471049682481468,-0.0007471049682481468,0.0,518880.SH
2016-05-06,0.0018691588785046953,0.0018691588785046953,0.0,518880.SH
2016-05-09,-0.003731343283582156,-0.003731343283582156,0.0,518880.SH
2016-05-10,-0.004868913857677848,-0.004868913857677848,0.0,518880.SH
2016-05-11,0.004516371847948841,0.004516371847948841,0.0,518880.SH
2016-05-12,-0.0033720494567253123,-0.0033720494567253123,0.0,518880.SH
2016-05-13,0.008270676691729317,0.008270676691729317,0.0,518880.SH
2016-05-16,0.004847129008202833,0.004847129008202833,0.0,518880.SH
2016-05-17,-0.0048237476808905555,-0.0048237476808905555,0.0,518880.SH
2016-05-18,-0.00037285607755399575,-0.00037285607755399575,0.0,518880.SH
2016-05-19,-0.015292801193584449,-0.015292801193584449,0.0,518880.SH
2016-05-20,-0.0007575757575758457,-0.0007575757575758457,0.0,518880.SH
2016-05-23,-0.0011372251705837888,-0.0011372251705837888,0.0,518880.SH
2016-05-24,-0.004554079696394542,-0.004554079696394542,0.0,518880.SH
2016-05-25,-0.016012199771254343,-0.016012199771254343,0.0,518880.SH
2016-05-26,0.005299619198800398,0.0050996191988003986,2.0,513100.SH
2016-05-27,0.004527813712807083,0.004527813712807083,0.0,513100.SH
2016-05-30,0.009658725048293793,0.009658725048293793,0.0,513100.SH
2016-05-31,0.005102040816326481,0.005102040816326481,0.0,513100.SH
2016-06-01,0.0006345177664974777,0.0006345177664974777,0.0,513100.SH
2016-06-02,-0.0038046924540265925,-0.0038046924540265925,0.0,513100.SH
2016-06-03,0.0,0.0,0.0,513100.SH
2016-06-06,-0.007001909611712209,-0.007001909611712209,0.0,513100.SH
2016-06-07,0.005451770451770255,0.005251770451770255,2.0,159915.SZ
2016-06-08,-0.0028598665395613843,-0.0028598665395613843,0.0,159915.SZ
2016-06-13,-0.05975143403441685,-0.05975143403441685,0.0,159915.SZ
2016-06-14,-0.0064039756645936086,-0.006603975664593608,2.0,518880.SH
2016-06-15,0.004784688995215225,0.004784688995215225,0.0,518880.SH
2016-06-16,0.0073260073260073,0.0071260073260073,2.0,513100.SH
2016-06-17,0.0012919896640826156,0.0012919896640826156,0.0,513100.SH
2016-06-20,0.002580645161290418,0.002580645161290418,0.0,513100.SH
2016-06-21,-0.005148005148005175,-0.005148005148005175,0.0,513100.SH
2016-06-22,-0.0032341526520052177,-0.0032341526520052177,0.0,513100.SH
2016-06-23,0.0019467878001298011,0.0019467878001298011,0.0,513100.SH
2016-06-24,0.0045099488446380676,0.004309948844638068,2.0,159915.SZ
2016-06-27,0.03230543318649026,0.03230543318649026,0.0,159915.SZ
2016-06-28,-0.010502071341049746,-0.010702071341049746,2.0,518880.SH
2016-06-29,0.004614838480653249,0.004614838480653249,0.0,518880.SH
2016-06-30,-0.004240282685512353,-0.004240282685512353,0.0,518880.SH
2016-07-01,0.01419446415897796,0.01419446415897796,0.0,518880.SH
2016-07-04,0.014345696291112597,0.014345696291112597,0.0,518880.SH
2016-07-05,-0.0031045187995860646,-0.0031045187995860646,0.0,518880.SH
2016-07-06,0.01972318339100343,0.01972318339100343,0.0,518880.SH
2016-07-07,-0.0037326094333220983,-0.0037326094333220983,0.0,518880.SH
2016-07-08,-0.006811989100817484,-0.006811989100817484,0.0,518880.SH
2016-07-11,0.008916323731138709,0.008916323731138709,0.0,518880.SH
2016-07-12,0.010242614875182632,0.010042614875182631,2.0,159915.SZ
2016-07-13,0.015313225058004809,0.015313225058004809,0.0,159915.SZ
2016-07-14,-0.0015042117930204046,-0.0017042117930204047,2.0,510300.SH
2016-07-15,0.001205182283820383,0.001205182283820383,0.0,510300.SH
2016-07-18,-0.0036111947035810665,-0.0036111947035810665,0.0,510300.SH
2016-07-19,-0.0051344004832376555,-0.0051344004832376555,0.0,510300.SH
2016-07-20,-0.005349136368485663,-0.005549136368485663,2.0,159915.SZ
2016-07-21,0.0009237875288683473,0.0009237875288683473,0.0,159915.SZ
2016-07-22,-0.007303577746614498,-0.007503577746614498,2.0,513100.SH
2016-07-25,0.0036652412950519686,0.0036652412950519686,0.0,513100.SH
2016-07-26,0.002434570906877598,0.002434570906877598,0.0,513100.SH
2016-07-27,0.0012143290831816422,0.0012143290831816422,0.0,513100.SH
2016-07-28,0.004244996967859294,0.004244996967859294,0.0,513100.SH
2016-07-29,0.005434782608695787,0.005434782608695787,0.0,513100.SH
2016-08-01,0.0030030030030030463,0.0030030030030030463,0.0,513100.SH
2016-08-02,0.004790419161676551,0.004790419161676551,0.0,513100.SH
2016-08-03,-0.014302741358760418,-0.014302741358760418,0.0,513100.SH
2016-08-04,0.0012091898428052694,0.0012091898428052694,0.0,513100.SH
2016-08-05,0.007246376811594235,0.007246376811594235,0.0,513100.SH
2016-08-08,0.011990407673860837,0.011990407673860837,0.0,513100.SH
2016-08-09,0.004146919431279761,0.004146919431279761,0.0,513100.SH
2016-08-10,0.002949852507374562,0.002949852507374562,0.0,513100.SH
2016-08-11,-0.004117647058823448,-0.004117647058823448,0.0,513100.SH
2016-08-12,0.005316007088009389,0.005316007088009389,0.0,513100.SH
2016-08-15,-0.002350176263219761,-0.002350176263219761,0.0,513100.SH
2016-08-16,0.002355712603062443,0.002355712603062443,0.0,513100.SH
2016-08-17,-0.008225616921269108,-0.008225616921269108,0.0,513100.SH
2016-08-18,-0.0020212890719316645,-0.0022212890719316646,2.0,510300.SH
2016-08-19,-0.001168224299065268,-0.001168224299065268,0.0,510300.SH
2016-08-22,-0.007017543859649256,-0.007017543859649256,0.0,510300.SH
2016-08-23,0.0005889281507656108,0.0005889281507656108,0.0,510300.SH
2016-08-24,0.001173020527859281,0.0009730205278592809,2.0,513100.SH
2016-08-25,-0.00702987697715296,-0.00702987697715296,0.0,513100.SH
2016-08-26,-0.0017814726840854611,-0.001981472684085461,2.0,510300.SH
2016-08-29,-0.0002974419988100996,-0.0002974419988100996,0.0,510300.SH
2016-08-30,0.004165426956262985,0.004165426956262985,0.0,510300.SH
2016-08-31,0.004148148148148234,0.004148148148148234,0.0,510300.SH
2016-09-01,-0.010622602537621595,-0.010622602537621595,0.0,510300.SH
2016-09-02,0.004473605726215357,0.004473605726215357,0.0,510300.SH
2016-09-05,0.0020783847980998527,0.0020783847980998527,0.0,510300.SH
2016-09-06,0.008592592592592707,0.008592592592592707,0.0,510300.SH
2016-09-07,0.000587544065804968,0.000587544065804968,0.0,510300.SH
2016-09-08,-0.0014679976512039783,-0.0014679976512039783,0.0,510300.SH
2016-09-09,-0.008462623413257986,-0.008662623413257986,2.0,159915.SZ
2016-09-12,-0.023233760075865306,-0.023233760075865306,0.0,159915.SZ
2016-09-13,0.0036151871184941786,0.0034151871184941785,2.0,518880.SH
2016-09-14,-0.004900245012250726,-0.004900245012250726,0.0,518880.SH
2016-09-19,-0.005979599015124792,-0.005979599015124792,0.0,518880.SH
2016-09-20,-0.003976698855441385,-0.004176698855441385,2.0,513100.SH
2016-09-21,0.0,0.0,0.0,513100.SH
2016-09-22,0.015873015873015817,0.015873015873015817,0.0,513100.SH
2016-09-23,0.02604166666666652,0.02604166666666652,0.0,513100.SH
2016-09-26,-0.01579244218838116,-0.01579244218838116,0.0,513100.SH
2016-09-27,-0.01318051575931245,-0.01318051575931245,0.0,513100.SH
2016-09-28,0.0011614401858304202,0.0011614401858304202,0.0,513100.SH
2016-09-29,0.0,0.0,0.0,513100.SH
2016-09-30,-0.009860788863109038,-0.009860788863109038,0.0,513100.SH
2016-10-10,0.00704425958853272,0.00684425958853272,2.0,518880.SH
2016-10-11,-0.002192181220314282,-0.002192181220314282,0.0,518880.SH
2016-10-12,0.010146211030970909,0.009946211030970908,2.0,513100.SH
2016-10-13,-0.002873563218390718,-0.002873563218390718,0.0,513100.SH
2016-10-14,-0.0005763688760807018,-0.0005763688760807018,0.0,513100.SH
2016-10-17,-0.009803921568627416,-0.009803921568627416,0.0,513100.SH
2016-10-18,0.0,0.0,0.0,513100.SH
2016-10-19,0.004659289458357696,0.004659289458357696,0.0,513100.SH
2016-10-20,0.004637681159420204,0.004637681159420204,0.0,513100.SH
2016-10-21,-0.0028851702250433098,-0.0028851702250433098,0.0,513100.SH
2016-10-24,0.012676529375143408,0.012476529375143408,2.0,510300.SH
2016-10-25,-0.002622377622377714,-0.002622377622377714,0.0,510300.SH
2016-10-26,-0.0029214139643587433,-0.0029214139643587433,0.0,510300.SH
2016-10-27,-0.0014649868151187517,-0.0014649868151187517,0.0,510300.SH
2016-10-28,-0.001467136150234638,-0.001467136150234638,0.0,510300.SH
2016-10-31,-0.0020570085218925005,-0.0020570085218925005,0.0,510300.SH
2016-11-01,0.006183745583038913,0.006183745583038913,0.0,510300.SH
2016-11-02,-0.0067310506292068695,-0.0067310506292068695,0.0,510300.SH
2016-11-03,0.007660577489687848,0.007660577489687848,0.0,510300.SH
2016-11-04,-0.003216374269006006,-0.003216374269006006,0.0,510300.SH
2016-11-07,0.0008800234672925455,0.0008800234672925455,0.0,510300.SH
2016-11-08,0.009265776909008094,0.009065776909008094,2.0,518880.SH
2016-11-09,0.023945675482487605,0.023945675482487605,0.0,518880.SH
2016-11-10,-0.018150087260034864,-0.018150087260034864,0.0,518880.SH
2016-11-11,-0.0026343952306097096,-0.0028343952306097097,2.0,510300.SH
2016-11-14,0.0014359563469270586,0.0014359563469270586,0.0,510300.SH
2016-11-15,-0.0011471178663607917,-0.0011471178663607917,0.0,510300.SH
2016-11-16,0.0002871088142404332,0.0002871088142404332,0.0,510300.SH
2016-11-17,0.0022962112514350874,0.0022962112514350874,0.0,510300.SH
2016-11-18,-0.0034364261168384758,-0.0034364261168384758,0.0,510300.SH
2016-11-21,0.0045977011494253706,0.0045977011494253706,0.0,510300.SH
2016-11-22,0.010011441647597374,0.010011441647597374,0.0,510300.SH
2016-11-23,0.001699235344095218,0.001699235344095218,0.0,510300.SH
2016-11-24,0.0028272547356515965,0.0028272547356515965,0.0,510300.SH
2016-11-25,0.010995207217366687,0.010995207217366687,0.0,510300.SH
2016-11-28,0.004461795872838792,0.004461795872838792,0.0,510300.SH
2016-11-29,0.007773459189339249,0.007773459189339249,0.0,510300.SH
2016-11-30,-0.009090909090909038,-0.009090909090909038,0.0,510300.SH
2016-12-01,0.00945232137892682,0.00945232137892682,0.0,510300.SH
2016-12-02,-0.011016248967226638,-0.011016248967226638,0.0,510300.SH
2016-12-05,-0.020050125313283207,-0.020050125313283207,0.0,510300.SH
2016-12-06,-0.0017050298380222317,-0.0017050298380222317,0.0,510300.SH
2016-12-07,0.00455451181326505,0.00455451181326505,0.0,510300.SH
2016-12-08,0.012389814312417036,0.012189814312417035,2.0,513100.SH
2016-12-09,-0.00943920044419766,-0.00943920044419766,0.0,513100.SH
2016-12-12,0.005605381165919354,0.005605381165919354,0.0,513100.SH
2016-12-13,0.0,0.0,0.0,513100.SH
2016-12-14,0.0078037904124861335,0.0078037904124861335,0.0,513100.SH
2016-12-15,0.0011061946902655162,0.0011061946902655162,0.0,513100.SH
2016-12-16,0.0044198895027625085,0.0044198895027625085,0.0,513100.SH
2016-12-19,-0.002750275027502802,-0.002750275027502802,0.0,513100.SH
2016-12-20,0.001654715940430318,0.001654715940430318,0.0,513100.SH
2016-12-21,0.016519823788546217,0.016519823788546217,0.0,513100.SH
2016-12-22,-0.004333694474539573,-0.004333694474539573,0.0,513100.SH
2016-12-23,-0.0010881392818280489,-0.0010881392818280489,0.0,513100.SH
2016-12-26,0.015795206971677578,0.015795206971677578,0.0,513100.SH
2016-12-27,-0.016621983914209104,-0.016621983914209104,0.0,513100.SH
2016-12-28,0.004907306434023928,0.004907306434023928,0.0,513100.SH
2016-12-29,-0.009766684753119925,-0.009766684753119925,0.0,513100.SH
2016-12-30,-0.004383561643835576,-0.004383561643835576,0.0,513100.SH
2017-01-03,-0.008805723720418324,-0.008805723720418324,0.0,513100.SH
2017-01-04,0.0061077179344808386,0.0061077179344808386,0.0,513100.SH
2017-01-05,-0.0005518763796910076,-0.0005518763796910076,0.0,513100.SH
2017-01-06,0.000552181115405892,0.000552181115405892,0.0,513100.SH
2017-01-09,0.006070640176600417,0.006070640176600417,0.0,513100.SH
2017-01-10,0.004936917169500843,0.004936917169500843,0.0,513100.SH
2017-01-11,0.005458515283842891,0.005458515283842891,0.0,513100.SH
2017-01-12,-0.0010857763300760048,-0.0010857763300760048,0.0,513100.SH
2017-01-13,-0.001630434782608714,-0.001630434782608714,0.0,513100.SH
2017-01-16,0.006719151940520307,0.006519151940520307,2.0,518880.SH
2017-01-17,0.004474272930648837,0.004474272930648837,0.0,518880.SH
2017-01-18,-0.0033407572383072903,-0.0033407572383072903,0.0,518880.SH
2017-01-19,-0.008566108007448836,-0.008566108007448836,0.0,518880.SH
2017-01-20,0.002253944402704766,0.002253944402704766,0.0,518880.SH
2017-01-23,0.004872563718140821,0.004872563718140821,0.0,518880.SH
2017-01-24,-0.0014919806042521522,-0.0014919806042521522,0.0,518880.SH
2017-01-25,-0.009712364587224576,-0.009712364587224576,0.0,518880.SH
2017-01-26,-0.003772161448509892,-0.003772161448509892,0.0,518880.SH
2017-02-03,0.008022186977470369,0.007822186977470369,2.0,510300.SH
2017-02-06,-0.0002970002970001939,-0.0002970002970001939,0.0,510300.SH
2017-02-07,0.00017615826439354443,-2.384173560645558e-05,2.0,513100.SH
2017-02-08,0.008004268943436532,0.008004268943436532,0.0,513100.SH
2017-02-09,0.0026469031233455897,0.0026469031233455897,0.0,513100.SH
2017-02-10,0.010031678986272441,0.010031678986272441,0.0,513100.SH
2017-02-13,0.001568217459487764,0.001568217459487764,0.0,513100.SH
2017-02-14,-0.0005219206680584509,-0.0005219206680584509,0.0,513100.SH
2017-02-15,0.0073107049608354124,0.0073107049608354124,0.0,513100.SH
2017-02-16,0.00466562986003094,0.00466562986003094,0.0,513100.SH
2017-02-17,-0.00361197110423106,-0.00361197110423106,0.0,513100.SH
2017-02-20,0.0031071983428274663,0.0031071983428274663,0.0,513100.SH
2017-02-21,0.0010325245224573898,0.0010325245224573898,0.0,513100.SH
2017-02-22,0.013408973697782267,0.013408973697782267,0.0,513100.SH
2017-02-23,-0.0010178117048346147,-0.0010178117048346147,0.0,513100.SH
2017-02-24,-0.0030565461029037344,-0.0030565461029037344,0.0,513100.SH
2017-02-27,-0.005109862033725099,-0.005109862033725099,0.0,513100.SH
2017-02-28,0.004108885464817691,0.004108885464817691,0.0,513100.SH
2017-03-01,-0.004092071611253245,-0.004092071611253245,0.0,513100.SH
2017-03-02,0.02157164869029282,0.02157164869029282,0.0,513100.SH
2017-03-03,-0.005530417295123269,-0.005530417295123269,0.0,513100.SH
2017-03-06,0.021233569261880803,0.021233569261880803,0.0,513100.SH
2017-03-07,-0.013366336633663378,-0.013366336633663378,0.0,513100.SH
2017-03-08,-0.007526342197691993,-0.007526342197691993,0.0,513100.SH
2017-03-09,0.0005055611729019027,0.0005055611729019027,0.0,513100.SH
2017-03-10,0.008084891359272373,0.008084891359272373,0.0,513100.SH
2017-03-13,0.007518796992481036,0.007518796992481036,0.0,513100.SH
2017-03-14,0.007462686567164312,0.007462686567164312,0.0,513100.SH
2017-03-15,-0.002962962962962834,-0.002962962962962834,0.0,513100.SH
2017-03-16,0.010401188707280795,0.010401188707280795,0.0,513100.SH
2017-03-17,-0.002941176470588336,-0.002941176470588336,0.0,513100.SH
2017-03-20,-0.002949852507374562,-0.002949852507374562,0.0,513100.SH
2017-03-21,0.00591715976331364,0.00591715976331364,0.0,513100.SH
2017-03-22,-0.030882352941176472,-0.030882352941176472,0.0,513100.SH
2017-03-23,0.006869737380014174,0.006669737380014174,2.0,518880.SH
2017-03-24,-0.0021590500179919925,-0.0021590500179919925,0.0,518880.SH
2017-03-27,0.0007776954636733446,0.0005776954636733447,2.0,159915.SZ
2017-03-28,-0.0005364806866953176,-0.0005364806866953176,0.0,159915.SZ
2017-03-29,-0.009661835748792313,-0.009661835748792313,0.0,159915.SZ
2017-03-30,-0.009131953732298914,-0.009331953732298915,2.0,513100.SH
2017-03-31,0.0075301204819278045,0.0075301204819278045,0.0,513100.SH
2017-04-05,-0.008470353761833693,-0.008470353761833693,0.0,513100.SH
2017-04-06,-0.00961003363927071,-0.00981003363927071,2.0,510300.SH
2017-04-07,0.001996007984031767,0.001996007984031767,0.0,510300.SH
2017-04-10,0.004071907134896469,0.0038719071348964685,2.0,518880.SH
2017-04-11,0.002136752136752129,0.002136752136752129,0.0,518880.SH
2017-04-12,0.00995024875621886,0.00995024875621886,0.0,518880.SH
2017-04-13,0.0038705137227306174,0.0038705137227306174,0.0,518880.SH
2017-04-14,0.002103049421661396,0.002103049421661396,0.0,518880.SH
2017-04-17,-0.0024484085344526063,-0.0024484085344526063,0.0,518880.SH
2017-04-18,-0.003155680224403934,-0.003155680224403934,0.0,518880.SH
2017-04-19,-0.000703482237073394,-0.000703482237073394,0.0,518880.SH
2017-04-20,-0.0017599436818023229,-0.0017599436818023229,0.0,518880.SH
2017-04-21,-0.003173483779971731,-0.003173483779971731,0.0,518880.SH
2017-04-24,-0.0077821011673151474,-0.0077821011673151474,0.0,518880.SH
2017-04-25,0.0007130124777183777,0.0007130124777183777,0.0,518880.SH
2017-04-26,0.0003994557769169127,0.0001994557769169127,2.0,513100.SH
2017-04-27,-0.006930693069307048,-0.006930693069307048,0.0,513100.SH
2017-04-28,0.006480558325025143,0.006480558325025143,0.0,513100.SH
2017-05-02,0.011391778107973982,0.011391778107973982,0.0,513100.SH
2017-05-03,-0.0014691478942211456,-0.0014691478942211456,0.0,513100.SH
2017-05-04,-0.002942618930848573,-0.002942618930848573,0.0,513100.SH
2017-05-05,-0.002951303492375712,-0.002951303492375712,0.0,513100.SH
2017-05-08,0.017760236803157303,0.017760236803157303,0.0,513100.SH
2017-05-09,0.004362578768783321,0.004362578768783321,0.0,513100.SH
2017-05-10,-0.0004826254826254539,-0.0004826254826254539,0.0,513100.SH
2017-05-11,-0.00048285852245311123,-0.00048285852245311123,0.0,513100.SH
2017-05-12,-0.009178743961352542,-0.009178743961352542,0.0,513100.SH
2017-05-15,0.004388103364212581,0.004388103364212581,0.0,513100.SH
2017-05-16,0.006310679611650327,0.006310679611650327,0.0,513100.SH
2017-05-17,-0.004341534008682979,-0.004341534008682979,0.0,513100.SH
2017-05-18,-0.02131782945736438,-0.02131782945736438,0.0,513100.SH
2017-05-19,0.006435643564356441,0.006435643564356441,0.0,513100.SH
2017-05-22,0.008362026561731462,0.008362026561731462,0.0,513100.SH
2017-05-23,0.009756097560975618,0.009756097560975618,0.0,513100.SH
2017-05-24,-0.00048309178743954906,-0.00048309178743954906,0.0,513100.SH
2017-05-25,0.006283228612856462,0.006283228612856462,0.0,513100.SH
2017-05-26,0.012487992315081797,0.012487992315081797,0.0,513100.SH
2017-05-31,-0.0004743833017076815,-0.0004743833017076815,0.0,513100.SH
2017-06-01,-0.009492168960607561,-0.009492168960607561,0.0,513100.SH
2017-06-02,0.006604684767684166,0.006404684767684166,2.0,510300.SH
2017-06-05,-0.006594036697247674,-0.006594036697247674,0.0,510300.SH
2017-06-06,0.0009429514380010495,0.0007429514380010495,2.0,513100.SH
2017-06-07,-0.005181347150259086,-0.005181347150259086,0.0,513100.SH
2017-06-08,0.012402412337050528,0.012202412337050527,2.0,510300.SH
2017-06-09,0.006171107994390024,0.006171107994390024,0.0,510300.SH
2017-06-12,-0.0019514914970727437,-0.0019514914970727437,0.0,510300.SH
2017-06-13,0.001955307262569761,0.001955307262569761,0.0,510300.SH
2017-06-14,-0.010036241984945682,-0.010036241984945682,0.0,510300.SH
2017-06-15,-0.003379329766262984,-0.003379329766262984,0.0,510300.SH
2017-06-16,-0.0016953941791466587,-0.0016953941791466587,0.0,510300.SH
2017-06-19,0.011321822813473048,0.011321822813473048,0.0,510300.SH
2017-06-20,-0.0030786453960257587,-0.0030786453960257587,0.0,510300.SH
2017-06-21,0.012633352049410407,0.012633352049410407,0.0,510300.SH
2017-06-22,0.0011089548100915447,0.0011089548100915447,0.0,510300.SH
2017-06-23,0.00969260592633625,0.00969260592633625,0.0,510300.SH
2017-06-26,0.012342292923751996,0.012342292923751996,0.0,510300.SH
2017-06-27,0.0005418585749121796,0.0005418585749121796,0.0,510300.SH
2017-06-28,-0.006769564040075782,-0.006769564040075782,0.0,510300.SH
2017-06-29,0.005997818974918134,0.005997818974918134,0.0,510300.SH
2017-06-30,-0.001626016260162566,-0.001626016260162566,0.0,510300.SH
2017-07-03,-0.004343105320304019,-0.004343105320304019,0.0,510300.SH
2017-07-04,-0.008178844056706769,-0.008178844056706769,0.0,510300.SH
2017-07-05,0.012919186366135316,0.012919186366135316,0.0,510300.SH
2017-07-06,-0.0008141112618725854,-0.0008141112618725854,0.0,510300.SH
2017-07-07,-0.0005431830526886339,-0.0005431830526886339,0.0,510300.SH
2017-07-10,0.0010869565217390686,0.0010869565217390686,0.0,510300.SH
2017-07-11,0.008143322475569814,0.008143322475569814,0.0,510300.SH
2017-07-12,-0.005923532579429125,-0.005923532579429125,0.0,510300.SH
2017-07-13,0.010292524377031542,0.010292524377031542,0.0,510300.SH
2017-07-14,0.006702412868632601,0.006702412868632601,0.0,510300.SH
2017-07-17,-0.013581890812250252,-0.013581890812250252,0.0,510300.SH
2017-07-18,0.0005399568034556435,0.0005399568034556435,0.0,510300.SH
2017-07-19,0.02077711818672423,0.02077711818672423,0.0,510300.SH
2017-07-20,0.004758128469468659,0.004758128469468659,0.0,510300.SH
2017-07-21,-0.0049986845566956095,-0.0049986845566956095,0.0,510300.SH
2017-07-24,0.005023796932839719,0.005023796932839719,0.0,510300.SH
2017-07-25,-0.007629571165482685,-0.007629571165482685,0.0,510300.SH
2017-07-26,-0.00556733828207856,-0.00556733828207856,0.0,510300.SH
2017-07-27,0.005493641917182934,0.005293641917182935,2.0,513100.SH
2017-07-28,-0.017485822306238186,-0.017485822306238186,0.0,513100.SH
2017-07-31,-0.0009620009620010528,-0.0009620009620010528,0.0,513100.SH
2017-08-01,0.005489193745291443,0.005289193745291443,2.0,510300.SH
2017-08-02,0.0,0.0,0.0,510300.SH
2017-08-03,-0.006815533786385108,-0.007015533786385108,2.0,513100.SH
2017-08-04,-0.0038406144983197388,-0.0038406144983197388,0.0,513100.SH
2017-08-07,0.005783132530120527,0.005783132530120527,0.0,513100.SH
2017-08-08,0.002395783421178743,0.002395783421178743,0.0,513100.SH
2017-08-09,-0.008126195028680616,-0.008126195028680616,0.0,513100.SH
2017-08-10,0.0018341394776184572,0.001634139477618457,2.0,518880.SH
2017-08-11,0.005092761004001467,0.005092761004001467,0.0,518880.SH
2017-08-14,-0.0010857763300760048,-0.0010857763300760048,0.0,518880.SH
2017-08-15,-0.006081173028509079,-0.006281173028509079,2.0,159915.SZ
2017-08-16,0.016998827667057625,0.016998827667057625,0.0,159915.SZ
2017-08-17,0.006340057636887497,0.006340057636887497,0.0,159915.SZ
2017-08-18,-0.0074455899198166975,-0.0074455899198166975,0.0,159915.SZ
2017-08-21,0.002308136180034559,0.002308136180034559,0.0,159915.SZ
2017-08-22,-0.0063327576280944875,-0.0063327576280944875,0.0,159915.SZ
2017-08-23,-0.005214368482039378,-0.005214368482039378,0.0,159915.SZ
2017-08-24,-0.006988934187536433,-0.006988934187536433,0.0,159915.SZ
2017-08-25,0.010557184750733084,0.010557184750733084,0.0,159915.SZ
2017-08-28,0.01857225769007531,0.01857225769007531,0.0,159915.SZ
2017-08-29,-0.006837606837606702,-0.006837606837606702,0.0,159915.SZ
2017-08-30,0.007458405048766492,0.007458405048766492,0.0,159915.SZ
2017-08-31,0.005125284738040969,0.005125284738040969,0.0,159915.SZ
2017-09-01,0.006232294617563916,0.006232294617563916,0.0,159915.SZ
2017-09-04,0.011261261261261257,0.011261261261261257,0.0,159915.SZ
2017-09-05,0.0,0.0,0.0,159915.SZ
2017-09-06,0.009465478841870878,0.009465478841870878,0.0,159915.SZ
2017-09-07,-0.007170435741864267,-0.007170435741864267,0.0,159915.SZ
2017-09-08,-0.0050000000000001155,-0.0050000000000001155,0.0,159915.SZ
2017-09-11,0.008933556672250154,0.008933556672250154,0.0,159915.SZ
2017-09-12,-0.007747648035417831,-0.007747648035417831,0.0,159915.SZ
2017-09-13,-0.0003015885857154954,-0.0005015885857154954,2.0,510300.SH
2017-09-14,-0.003330771201639604,-0.003330771201639604,0.0,510300.SH
2017-09-15,0.0015424164524420192,0.0015424164524420192,0.0,510300.SH
2017-09-18,0.0038501026694044427,0.0038501026694044427,0.0,510300.SH
2017-09-19,-0.006392227051904786,-0.006392227051904786,0.0,510300.SH
2017-09-20,0.006752283479616317,0.006552283479616317,2.0,159915.SZ
2017-09-21,-0.011660188784008874,-0.011660188784008874,0.0,159915.SZ
2017-09-22,-0.003932584269663031,-0.003932584269663031,0.0,159915.SZ
2017-09-25,-0.012972363226170236,-0.012972363226170236,0.0,159915.SZ
2017-09-26,-0.003023412308986395,-0.003223412308986395,2.0,513100.SH
2017-09-27,0.0054107230693556385,0.0054107230693556385,0.0,513100.SH
2017-09-28,0.008806262230919737,0.008806262230919737,0.0,513100.SH
2017-09-29,0.0038797284190106307,0.0038797284190106307,0.0,513100.SH
2017-10-09,0.009004091442026407,0.008804091442026407,2.0,510300.SH
2017-10-10,0.001268069997464094,0.001268069997464094,0.0,510300.SH
2017-10-11,0.003342884431709603,0.003142884431709603,2.0,513100.SH
2017-10-12,0.0014278914802474674,0.0014278914802474674,0.0,513100.SH
2017-10-13,-0.0009505703422054701,-0.0009505703422054701,0.0,513100.SH
2017-10-16,0.004757373929590969,0.004757373929590969,0.0,513100.SH
2017-10-17,0.004734848484848397,0.004734848484848397,0.0,513100.SH
2017-10-18,-0.001413760603204417,-0.001413760603204417,0.0,513100.SH
2017-10-19,0.0018876828692779846,0.0018876828692779846,0.0,513100.SH
2017-10-20,0.0,0.0,0.0,513100.SH
2017-10-23,0.0023551577955722713,0.0023551577955722713,0.0,513100.SH
2017-10-24,-0.004229323308270638,-0.004229323308270638,0.0,513100.SH
2017-10-25,0.004258100081278471,0.004058100081278471,2.0,510300.SH
2017-10-26,0.00718889439762016,0.00718889439762016,0.0,510300.SH
2017-10-27,0.004922471080482493,0.004922471080482493,0.0,510300.SH
2017-10-30,-0.00440852314474649,-0.00440852314474649,0.0,510300.SH
2017-10-31,-0.0013589139581432486,-0.0015589139581432486,2.0,513100.SH
2017-11-01,0.005064456721915134,0.005064456721915134,0.0,513100.SH
2017-11-02,-0.0032065964269352154,-0.0032065964269352154,0.0,513100.SH
2017-11-03,0.0013786764705880916,0.0013786764705880916,0.0,513100.SH
2017-11-06,0.0032124827902708653,0.0032124827902708653,0.0,513100.SH
2017-11-07,0.0022872827081426017,0.0022872827081426017,0.0,513100.SH
2017-11-08,0.0018256503879507946,0.0018256503879507946,0.0,513100.SH
2017-11-09,0.0031890660592255315,0.0031890660592255315,0.0,513100.SH
2017-11-10,-0.0027247956403269047,-0.0027247956403269047,0.0,513100.SH
2017-11-13,0.0004553734061929493,0.0004553734061929493,0.0,513100.SH
2017-11-14,-0.008566031135970875,-0.008766031135970876,2.0,510300.SH
2017-11-15,-0.007218479307025905,-0.007218479307025905,0.0,510300.SH
2017-11-16,-0.0016181787456588381,-0.0018181787456588382,2.0,513100.SH
2017-11-17,0.011943040881947642,0.011943040881947642,0.0,513100.SH
2017-11-20,0.009445993558567345,0.009245993558567344,2.0,510300.SH
2017-11-21,0.01974779919105374,0.01974779919105374,0.0,510300.SH
2017-11-22,-0.00023331777881452354,-0.00023331777881452354,0.0,510300.SH
2017-11-23,-0.03173862310385067,-0.03173862310385067,0.0,510300.SH
2017-11-24,-0.0037638011219127687,-0.003963801121912768,2.0,513100.SH
2017-11-27,0.004981884057970953,0.004981884057970953,0.0,513100.SH
2017-11-28,0.0022532672374944163,0.0022532672374944163,0.0,513100.SH
2017-11-29,0.00989208633093508,0.00989208633093508,0.0,513100.SH
2017-11-30,-0.014247551202137165,-0.014247551202137165,0.0,513100.SH
2017-12-01,0.012195121951219523,0.012195121951219523,0.0,513100.SH
2017-12-04,0.009370816599732157,0.009370816599732157,0.0,513100.SH
2017-12-05,-0.027409372236958385,-0.027409372236958385,0.0,513100.SH
2017-12-06,-0.011363636363636576,-0.011363636363636576,0.0,513100.SH
2017-12-07,0.006896551724137945,0.006896551724137945,0.0,513100.SH
2017-12-08,0.009132420091324311,0.009132420091324311,0.0,513100.SH
2017-12-11,0.00452488687782826,0.00452488687782826,0.0,513100.SH
2017-12-12,0.006756756756756577,0.006756756756756577,0.0,513100.SH
2017-12-13,0.0008948545861298118,0.0008948545861298118,0.0,513100.SH
2017-12-14,0.0026821636119802594,0.0026821636119802594,0.0,513100.SH
2017-12-15,-0.004904146232723838,-0.004904146232723838,0.0,513100.SH
2017-12-18,0.015232974910394104,0.015232974910394104,0.0,513100.SH
2017-12-19,0.0061782877316856055,0.0061782877316856055,0.0,513100.SH
2017-12-20,-0.0017543859649122862,-0.0017543859649122862,0.0,513100.SH
2017-12-21,-0.0061511423550086874,-0.0061511423550086874,0.0,513100.SH
2017-12-22,0.0030946065428825165,0.0030946065428825165,0.0,513100.SH
2017-12-25,-0.0030850594975760925,-0.0030850594975760925,0.0,513100.SH
2017-12-26,-0.0004420866489831532,-0.0004420866489831532,0.0,513100.SH
2017-12-27,-0.011941618752764338,-0.011941618752764338,0.0,513100.SH
2017-12-28,-0.003133393017009878,-0.003133393017009878,0.0,513100.SH
2017-12-29,0.0008980691513247319,0.0008980691513247319,0.0,513100.SH
2018-01-02,0.007695691137624916,0.007495691137624916,2.0,510300.SH
2018-01-03,0.005319148936170359,0.005319148936170359,0.0,510300.SH
2018-01-04,0.004151838671411667,0.003951838671411668,2.0,159915.SZ
2018-01-05,0.0017720023626697223,0.0017720023626697223,0.0,159915.SZ
2018-01-08,0.003115731684230294,0.002915731684230294,2.0,510300.SH
2018-01-09,0.008087535680304514,0.008087535680304514,0.0,510300.SH
2018-01-10,-0.001309796071476299,-0.0015097960714762992,2.0,518880.SH
2018-01-11,0.0018321729571271206,0.0018321729571271206,0.0,518880.SH
2018-01-12,0.014630577907827291,0.014630577907827291,0.0,518880.SH
2018-01-15,0.0032444124008650377,0.0032444124008650377,0.0,518880.SH
2018-01-16,0.010082063305978828,0.009882063305978827,2.0,510300.SH
2018-01-17,-0.003017641597028664,-0.003017641597028664,0.0,510300.SH
2018-01-18,0.006519208381839503,0.006519208381839503,0.0,510300.SH
2018-01-19,0.002775850104094202,0.002775850104094202,0.0,510300.SH
2018-01-22,0.012687427912341231,0.012687427912341231,0.0,510300.SH
2018-01-23,0.009706146131141624,0.009706146131141624,0.0,510300.SH
2018-01-24,0.0006836827711940163,0.0006836827711940163,0.0,510300.SH
2018-01-25,-0.006376679571851285,-0.006376679571851285,0.0,510300.SH
2018-01-26,0.005042402016960601,0.005042402016960601,0.0,510300.SH
2018-01-29,-0.0189281641961232,-0.0189281641961232,0.0,510300.SH
2018-01-30,-0.010227801022779981,-0.010227801022779981,0.0,510300.SH
2018-01-31,-0.00022026939354713448,-0.00042026939354713447,2.0,513100.SH
2018-02-01,-0.0017323516673884987,-0.0017323516673884987,0.0,513100.SH
2018-02-02,0.008262632612156873,0.008062632612156872,2.0,510300.SH
2018-02-05,-0.0009374267635342548,-0.0009374267635342548,0.0,510300.SH
2018-02-06,-0.028149190710766936,-0.028149190710766936,0.0,510300.SH
2018-02-07,0.014890415235379928,0.014690415235379927,2.0,518880.SH
2018-02-08,-0.0033469691335068497,-0.0033469691335068497,0.0,518880.SH
2018-02-09,0.004477611940298498,0.004477611940298498,0.0,518880.SH
2018-02-12,0.0007429420505200568,0.0007429420505200568,0.0,518880.SH
2018-02-13,2.9248568603534864e-05,-0.00017075143139646515,2.0,159915.SZ
2018-02-14,-0.005138086062941527,-0.005138086062941527,0.0,159915.SZ
2018-02-22,0.007919834835110606,0.007719834835110607,2.0,518880.SH
2018-02-23,0.002958579881656709,0.002958579881656709,0.0,518880.SH
2018-02-26,0.005530973451327359,0.005530973451327359,0.0,518880.SH
2018-02-27,-0.004953731131471573,-0.005153731131471572,2.0,513100.SH
2018-02-28,-0.014655172413792994,-0.014655172413792994,0.0,513100.SH
2018-03-01,0.0008748906386699673,0.0008748906386699673,0.0,513100.SH
2018-03-02,-0.017402649433899464,-0.017602649433899463,2.0,159915.SZ
2018-03-05,0.012582384661473878,0.012582384661473878,0.0,159915.SZ
2018-03-06,0.0017751479289942473,0.0017751479289942473,0.0,159915.SZ
2018-03-07,-0.008269344359125852,-0.008269344359125852,0.0,159915.SZ
2018-03-08,0.004169148302560988,0.004169148302560988,0.0,159915.SZ
2018-03-09,0.040925266903914626,0.040925266903914626,0.0,159915.SZ
2018-03-12,0.012535612535612639,0.012535612535612639,0.0,159915.SZ
2018-03-13,-0.005627462014631379,-0.005627462014631379,0.0,159915.SZ
2018-03-14,-0.014714204867006142,-0.014714204867006142,0.0,159915.SZ
2018-03-15,0.0005743825387707346,0.0005743825387707346,0.0,159915.SZ
2018-03-16,-0.014925373134328401,-0.014925373134328401,0.0,159915.SZ
2018-03-19,0.011655011655011593,0.011655011655011593,0.0,159915.SZ
2018-03-20,0.01382488479262678,0.01382488479262678,0.0,159915.SZ
2018-03-21,-0.022727272727272707,-0.022727272727272707,0.0,159915.SZ
2018-03-22,-0.005232558139534826,-0.005232558139534826,0.0,159915.SZ
2018-03-23,-0.05201636469900639,-0.05201636469900639,0.0,159915.SZ
2018-03-26,0.031442663378544955,0.031442663378544955,0.0,159915.SZ
2018-03-27,0.03885236102809331,0.03885236102809331,0.0,159915.SZ
2018-03-28,-0.004602991944764101,-0.004602991944764101,0.0,159915.SZ
2018-03-29,0.005202312138728349,0.005202312138728349,0.0,159915.SZ
2018-03-30,0.029902242668200074,0.029902242668200074,0.0,159915.SZ
2018-04-02,-0.0016750418760468344,-0.0016750418760468344,0.0,159915.SZ
2018-04-03,-0.01342281879194629,-0.01342281879194629,0.0,159915.SZ
2018-04-04,-0.01814058956916098,-0.01814058956916098,0.0,159915.SZ
2018-04-09,0.0028868360277136684,0.0028868360277136684,0.0,159915.SZ
2018-04-10,-0.0028785261945883933,-0.0028785261945883933,0.0,159915.SZ
2018-04-11,0.0062088756023361835,0.006008875602336184,2.0,518880.SH
2018-04-12,0.0033015407190022383,0.0033015407190022383,0.0,518880.SH
2018-04-13,-0.00767824497257763,-0.00767824497257763,0.0,518880.SH
2018-04-16,0.00405305821665447,0.00405305821665447,0.0,518880.SH
2018-04-17,0.0014678899082569696,0.0014678899082569696,0.0,518880.SH
2018-04-18,-0.0007328691828509815,-0.0007328691828509815,0.0,518880.SH
2018-04-19,0.0025669233590026597,0.0025669233590026597,0.0,518880.SH
2018-04-20,-0.004389173372348232,-0.004389173372348232,0.0,518880.SH
2018-04-23,-0.005143277002204183,-0.005143277002204183,0.0,518880.SH
2018-04-24,-0.002954209748892156,-0.002954209748892156,0.0,518880.SH
2018-04-25,0.01150809230903449,0.01130809230903449,2.0,159915.SZ
2018-04-26,-0.019825072886297423,-0.019825072886297423,0.0,159915.SZ
2018-04-27,0.005132449562525121,0.004932449562525121,2.0,518880.SH
2018-05-02,-0.002971768202080227,-0.002971768202080227,0.0,518880.SH
2018-05-03,0.003138791187609735,0.002938791187609735,2.0,513100.SH
2018-05-04,0.0031517334533994745,0.0031517334533994745,0.0,513100.SH
2018-05-07,0.018850987432674993,0.018850987432674993,0.0,513100.SH
2018-05-08,0.0017621145374449032,0.0017621145374449032,0.0,513100.SH
2018-05-09,-0.0008795074758136678,-0.0008795074758136678,0.0,513100.SH
2018-05-10,0.014084507042253502,0.014084507042253502,0.0,513100.SH
2018-05-11,0.0056423611111111605,0.0056423611111111605,0.0,513100.SH
2018-05-14,-0.0008631851532154844,-0.0008631851532154844,0.0,513100.SH
2018-05-15,-0.0017278617710583255,-0.0017278617710583255,0.0,513100.SH
2018-05-16,-0.009519688446559815,-0.009519688446559815,0.0,513100.SH
2018-05-17,0.008737439930100566,0.008737439930100566,0.0,513100.SH
2018-05-18,-0.00043308791684726344,-0.00043308791684726344,0.0,513100.SH
2018-05-21,-0.0009184338054289976,-0.0011184338054289976,2.0,510300.SH
2018-05-22,-0.0040837161817253165,-0.0040837161817253165,0.0,510300.SH
2018-05-23,-0.013306159641372384,-0.013506159641372384,2.0,159915.SZ
2018-05-24,-0.004584527220630408,-0.004584527220630408,0.0,159915.SZ
2018-05-25,0.0011452147692805337,0.0009452147692805337,2.0,513100.SH
2018-05-28,0.004297378599054769,0.004297378599054769,0.0,513100.SH
2018-05-29,-0.0008557980316645786,-0.0008557980316645786,0.0,513100.SH
2018-05-30,-0.006852248394004334,-0.006852248394004334,0.0,513100.SH
2018-05-31,0.013367830961621419,0.013367830961621419,0.0,513100.SH
2018-06-01,-0.003829787234042481,-0.003829787234042481,0.0,513100.SH
2018-06-04,0.018368218709952977,0.018368218709952977,0.0,513100.SH
2018-06-05,0.012583892617449743,0.012583892617449743,0.0,513100.SH
2018-06-06,0.0024855012427504874,0.0024855012427504874,0.0,513100.SH
2018-06-07,0.007851239669421473,0.007851239669421473,0.0,513100.SH
2018-06-08,-0.013940139401394158,-0.013940139401394158,0.0,513100.SH
2018-06-11,0.010810810810810922,0.010810810810810922,0.0,513100.SH
2018-06-12,0.002879473467708893,0.002879473467708893,0.0,513100.SH
2018-06-13,0.00533223954060702,0.00533223954060702,0.0,513100.SH
2018-06-14,-0.006119951040391758,-0.006119951040391758,0.0,513100.SH
2018-06-15,0.014778325123152802,0.014778325123152802,0.0,513100.SH
2018-06-19,-0.012135922330096971,-0.012135922330096971,0.0,513100.SH
2018-06-20,0.006552006552006606,0.006552006552006606,0.0,513100.SH
2018-06-21,0.019121236777868145,0.019121236777868145,0.0,513100.SH
2018-06-22,-0.00678642714570854,-0.00678642714570854,0.0,513100.SH
2018-06-25,-0.006832797427652748,-0.006832797427652748,0.0,513100.SH
2018-06-26,-0.016187778227438332,-0.016187778227438332,0.0,513100.SH
2018-06-27,-0.007404360345536931,-0.007404360345536931,0.0,513100.SH
2018-06-28,-0.0070451719850808114,-0.0070451719850808114,0.0,513100.SH
2018-06-29,0.02212020033388984,0.02212020033388984,0.0,513100.SH
2018-07-02,-0.004899959167006918,-0.004899959167006918,0.0,513100.SH
2018-07-03,0.02708247845711953,0.02708247845711953,0.0,513100.SH
2018-07-04,-0.017578905313623716,-0.017578905313623716,0.0,513100.SH
2018-07-05,0.0004066693777957653,0.0004066693777957653,0.0,513100.SH
2018-07-06,0.01504065040650393,0.01504065040650393,0.0,513100.SH
2018-07-09,0.03083700440528636,0.03083700440528636,0.0,513100.SH
2018-07-10,0.011655011655011815,0.011655011655011815,0.0,513100.SH
2018-07-11,-0.01920122887864828,-0.01920122887864828,0.0,513100.SH
2018-07-12,0.009397024275646038,0.009397024275646038,0.0,513100.SH
2018-07-13,0.009697439875872904,0.009697439875872904,0.0,513100.SH
2018-07-16,-0.007299270072992803,-0.007299270072992803,0.0,513100.SH
2018-07-17,-0.009674922600619196,-0.009674922600619196,0.0,513100.SH
2018-07-18,0.014067995310668158,0.014067995310668158,0.0,513100.SH
2018-07-19,0.0046242774566473965,0.0046242774566473965,0.0,513100.SH
2018-07-20,0.01237644309966246,0.01217644309966246,2.0,159915.SZ
2018-07-23,0.0032573289902280145,0.0032573289902280145,0.0,159915.SZ
2018-07-24,0.005844155844155763,0.005844155844155763,0.0,159915.SZ
2018-07-25,0.0064565134827192505,0.006256513482719251,2.0,513100.SH
2018-07-26,0.0022641509433962703,0.0022641509433962703,0.0,513100.SH
2018-07-27,0.0007530120481926694,0.0007530120481926694,0.0,513100.SH
2018-07-30,-0.004514672686230292,-0.004514672686230292,0.0,513100.SH
2018-07-31,-0.023431594860166216,-0.023431594860166216,0.0,513100.SH
2018-08-01,-0.02066800294526716,-0.02086800294526716,2.0,510300.SH
2018-08-02,-0.022317596566523545,-0.022317596566523545,0.0,510300.SH
2018-08-03,0.0166387835446955,0.016438783544695502,2.0,513100.SH
2018-08-06,0.024426350851221246,0.024426350851221246,0.0,513100.SH
2018-08-07,-0.005057803468208055,-0.005057803468208055,0.0,513100.SH
2018-08-08,-0.015976761074800283,-0.015976761074800283,0.0,513100.SH
2018-08-09,-0.01365313653136524,-0.01365313653136524,0.0,513100.SH
2018-08-10,-0.002244668911335679,-0.002244668911335679,0.0,513100.SH
2018-08-13,-0.002624671916010346,-0.002624671916010346,0.0,513100.SH
2018-08-14,0.0071428571428571175,0.0071428571428571175,0.0,513100.SH
2018-08-15,0.01157148189623003,0.01157148189623003,0.0,513100.SH
2018-08-16,-0.0177121771217712,-0.0177121771217712,0.0,513100.SH
2018-08-17,0.002253944402704766,0.002253944402704766,0.0,513100.SH
2018-08-20,-0.004872563718141043,-0.004872563718141043,0.0,513100.SH
2018-08-21,-0.006403013182674111,-0.006403013182674111,0.0,513100.SH
2018-08-22,-0.0007581501137224889,-0.0007581501137224889,0.0,513100.SH
2018-08-23,0.011001517450682785,0.011001517450682785,0.0,513100.SH
2018-08-24,0.00037523452157595116,0.00037523452157595116,0.0,513100.SH
2018-08-27,0.004501125281320295,0.004501125281320295,0.0,513100.SH
2018-08-28,0.010082150858850003,0.010082150858850003,0.0,513100.SH
2018-08-29,0.0011090573012939586,0.0011090573012939586,0.0,513100.SH
2018-08-30,0.01477104874446078,0.01477104874446078,0.0,513100.SH
2018-08-31,-0.0029112081513827937,-0.0029112081513827937,0.0,513100.SH
2018-09-03,0.0007299270072991249,0.0007299270072991249,0.0,513100.SH
2018-09-04,0.01396859678022544,0.013768596780225439,2.0,510300.SH
2018-09-05,-0.020449897750511203,-0.020449897750511203,0.0,510300.SH
2018-09-06,-0.0028256335945061606,-0.0030256335945061607,2.0,513100.SH
2018-09-07,-0.00819672131147553,-0.00819672131147553,0.0,513100.SH
2018-09-10,0.0067618332081142984,0.0067618332081142984,0.0,513100.SH
2018-09-11,0.004850746268656669,0.004850746268656669,0.0,513100.SH
2018-09-12,0.010768659487560228,0.010768659487560228,0.0,513100.SH
2018-09-13,-0.009919177075679686,-0.009919177075679686,0.0,513100.SH
2018-09-14,0.008967153215656776,0.008767153215656775,2.0,518880.SH
2018-09-17,-0.005271084337349463,-0.005271084337349463,0.0,518880.SH
2018-09-18,0.006034698164177232,0.005834698164177233,2.0,513100.SH
2018-09-19,0.008604564160119788,0.008604564160119788,0.0,513100.SH
2018-09-20,-0.0018545994065283233,-0.0018545994065283233,0.0,513100.SH
2018-09-21,0.012663272058442754,0.012463272058442753,2.0,518880.SH
2018-09-25,-0.0030109145652992275,-0.0030109145652992275,0.0,518880.SH
2018-09-26,0.005929672951716647,0.005729672951716647,2.0,513100.SH
2018-09-27,-0.0018341892883345645,-0.0018341892883345645,0.0,513100.SH
2018-09-28,0.01781465792375103,0.017614657923751033,2.0,510300.SH
2018-10-08,-0.04760547320410502,-0.04760547320410502,0.0,510300.SH
2018-10-09,0.002473187564490109,0.002273187564490109,2.0,518880.SH
2018-10-10,0.0,0.0,0.0,518880.SH
2018-10-11,0.004901960784313708,0.004901960784313708,0.0,518880.SH
2018-10-12,0.013883677298311525,0.013883677298311525,0.0,518880.SH
2018-10-15,0.009622501850481191,0.009622501850481191,0.0,518880.SH
2018-10-16,-0.0003665689149561224,-0.0003665689149561224,0.0,518880.SH
2018-10-17,-0.0029336266960029445,-0.0029336266960029445,0.0,518880.SH
2018-10-18,0.001103346818683404,0.001103346818683404,0.0,518880.SH
2018-10-19,0.004408523144746601,0.004408523144746601,0.0,518880.SH
2018-10-22,-0.001463057790782707,-0.001463057790782707,0.0,518880.SH
2018-10-23,0.00512820512820511,0.00512820512820511,0.0,518880.SH
2018-10-24,0.00036443148688047877,0.00036443148688047877,0.0,518880.SH
2018-10-25,0.0051001821493623645,0.0051001821493623645,0.0,518880.SH
2018-10-26,-0.0007249003262050913,-0.0007249003262050913,0.0,518880.SH
2018-10-29,-0.0014508523757708058,-0.0014508523757708058,0.0,518880.SH
2018-10-30,-0.002179440610243444,-0.002179440610243444,0.0,518880.SH
2018-10-31,-0.008372770294867049,-0.008372770294867049,0.0,518880.SH
2018-11-01,0.0022026431718060735,0.0022026431718060735,0.0,518880.SH
2018-11-02,0.000366300366300365,0.000366300366300365,0.0,518880.SH
2018-11-05,0.0003661662394729426,0.0003661662394729426,0.0,518880.SH
2018-11-06,0.0007320644216690653,0.0007320644216690653,0.0,518880.SH
2018-11-07,0.00036576444769553795,0.00036576444769553795,0.0,518880.SH
2018-11-08,-0.004021937842778711,-0.004021937842778711,0.0,518880.SH
2018-11-09,0.0024481607228037383,0.0022481607228037382,2.0,159915.SZ
2018-11-12,0.03571428571428559,0.03571428571428559,0.0,159915.SZ
2018-11-13,0.016091954022988686,0.016091954022988686,0.0,159915.SZ
2018-11-14,-0.004524886877828038,-0.004524886877828038,0.0,159915.SZ
2018-11-15,0.0121212121212122,0.0121212121212122,0.0,159915.SZ
2018-11-16,-0.0029940119760478723,-0.0029940119760478723,0.0,159915.SZ
2018-11-19,-0.005255255255255387,-0.005255255255255387,0.0,159915.SZ
2018-11-20,-0.025660377358490583,-0.025660377358490583,0.0,159915.SZ
2018-11-21,0.0023237800154920496,0.0023237800154920496,0.0,159915.SZ
2018-11-22,-0.006955177743431351,-0.006955177743431351,0.0,159915.SZ
2018-11-23,-0.028793774319066046,-0.028793774319066046,0.0,159915.SZ
2018-11-26,-0.0032051282051281937,-0.0032051282051281937,0.0,159915.SZ
2018-11-27,0.007234726688102766,0.007234726688102766,0.0,159915.SZ
2018-11-28,0.019154030327214633,0.019154030327214633,0.0,159915.SZ
2018-11-29,-0.023492560689114983,-0.023492560689114983,0.0,159915.SZ
2018-11-30,0.013632718524458687,0.013632718524458687,0.0,159915.SZ
2018-12-03,0.028893882089142675,0.028693882089142676,2.0,518880.SH
2018-12-04,0.0,0.0,0.0,518880.SH
2018-12-05,0.014623679078416219,0.014423679078416218,2.0,159915.SZ
2018-12-06,-0.026615969581748944,-0.026615969581748944,0.0,159915.SZ
2018-12-07,-0.003906250000000111,-0.003906250000000111,0.0,159915.SZ
2018-12-10,-0.0014580045216056048,-0.0016580045216056049,2.0,518880.SH
2018-12-11,-0.0014456089627755686,-0.0014456089627755686,0.0,518880.SH
2018-12-12,-0.004705030763662688,-0.004705030763662688,0.0,518880.SH
2018-12-13,-0.0007272727272726875,-0.0007272727272726875,0.0,518880.SH
2018-12-14,-0.0010917030567686448,-0.0010917030567686448,0.0,518880.SH
2018-12-17,0.00036429872495435944,0.00036429872495435944,0.0,518880.SH
2018-12-18,0.005462490895848493,0.005462490895848493,0.0,518880.SH
2018-12-19,0.003259688518652659,0.003259688518652659,0.0,518880.SH
2018-12-20,0.0,0.0,0.0,518880.SH
2018-12-21,0.006498194945848246,0.006498194945848246,0.0,518880.SH
2018-12-24,0.0035868005738881603,0.0035868005738881603,0.0,518880.SH
2018-12-25,0.00786275911365264,0.00786275911365264,0.0,518880.SH
2018-12-26,-0.00035460992907798694,-0.00035460992907798694,0.0,518880.SH
2018-12-27,-0.003547357218871894,-0.003547357218871894,0.0,518880.SH
2018-12-28,0.006051975792096709,0.006051975792096709,0.0,518880.SH
2019-01-02,0.0038924274593064023,0.0038924274593064023,0.0,518880.SH
2019-01-03,0.010927035600986956,0.010927035600986956,0.0,518880.SH
2019-01-04,-0.0052301255230123855,-0.0052301255230123855,0.0,518880.SH
2019-01-07,-0.004206098843322792,-0.004206098843322792,0.0,518880.SH
2019-01-08,-0.004575853572685751,-0.004575853572685751,0.0,518880.SH
2019-01-09,-0.0038896746817538297,-0.0038896746817538297,0.0,518880.SH
2019-01-10,0.0021299254526090383,0.0021299254526090383,0.0,518880.SH
2019-01-11,-0.006376195536663021,-0.006376195536663021,0.0,518880.SH
2019-01-14,0.0007130124777183777,0.0007130124777183777,0.0,518880.SH
2019-01-15,-0.002137513359458443,-0.002137513359458443,0.0,518880.SH
2019-01-16,0.000714030703320212,0.000714030703320212,0.0,518880.SH
2019-01-17,0.0024973242953978403,0.0024973242953978403,0.0,518880.SH
2019-01-18,0.000355871886120962,0.000355871886120962,0.0,518880.SH
2019-01-21,0.0010776857364569459,0.0008776857364569459,2.0,510300.SH
2019-01-22,-0.01256676091737352,-0.01256676091737352,0.0,510300.SH
2019-01-23,-0.0025453388482342687,-0.0025453388482342687,0.0,510300.SH
2019-01-24,0.00042629812855121685,0.00022629812855121684,2.0,513100.SH
2019-01-25,0.006794055201698512,0.006794055201698512,0.0,513100.SH
2019-01-28,-0.000421762969211259,-0.000421762969211259,0.0,513100.SH
2019-01-29,-0.0022989927690072465,-0.0024989927690072466,2.0,510300.SH
2019-01-30,-0.006576886940181548,-0.006576886940181548,0.0,510300.SH
2019-01-31,0.009457755359394637,0.009457755359394637,0.0,510300.SH
2019-02-01,0.016552154903185512,0.016552154903185512,0.0,510300.SH
2019-02-11,0.003925232222294017,0.003725232222294017,2.0,513100.SH
2019-02-12,0.00820008200082012,0.00820008200082012,0.0,513100.SH
2019-02-13,0.027100256767306874,0.026900256767306875,2.0,510300.SH
2019-02-14,0.001178897730621964,0.001178897730621964,0.0,510300.SH
2019-02-15,-0.016485133941713248,-0.016485133941713248,0.0,510300.SH
2019-02-18,0.029033223585752888,0.029033223585752888,0.0,510300.SH
2019-02-19,-0.007549266497754337,-0.007749266497754336,2.0,159915.SZ
2019-02-20,0.0014858841010401136,0.0014858841010401136,0.0,159915.SZ
2019-02-21,-0.0044169557950649585,-0.004616955795064958,2.0,510300.SH
2019-02-22,0.02679091438555603,0.02679091438555603,0.0,510300.SH
2019-02-25,0.057855927396483375,0.05765592739648338,2.0,159915.SZ
2019-02-26,-0.00871313672922247,-0.00871313672922247,0.0,159915.SZ
2019-02-27,-0.014198782961460488,-0.014198782961460488,0.0,159915.SZ
2019-02-28,0.008230452674897082,0.008230452674897082,0.0,159915.SZ
2019-03-01,0.020408163265306145,0.020408163265306145,0.0,159915.SZ
2019-03-04,0.03733333333333344,0.03733333333333344,0.0,159915.SZ
2019-03-05,0.03791773778920304,0.03791773778920304,0.0,159915.SZ
2019-03-06,0.01238390092879249,0.01238390092879249,0.0,159915.SZ
2019-03-07,-0.008562691131498434,-0.008562691131498434,0.0,159915.SZ
2019-03-08,-0.022825416409623656,-0.022825416409623656,0.0,159915.SZ
2019-03-11,0.04671717171717171,0.04671717171717171,0.0,159915.SZ
2019-03-12,0.022919179734619988,0.022919179734619988,0.0,159915.SZ
2019-03-13,-0.04599056603773577,-0.04599056603773577,0.0,159915.SZ
2019-03-14,-0.02163164400494444,-0.02163164400494444,0.0,159915.SZ
2019-03-15,0.0037902716361339905,0.0037902716361339905,0.0,159915.SZ
2019-03-18,0.028319697923222087,0.028319697923222087,0.0,159915.SZ
2019-03-19,-0.000611995104039087,-0.000611995104039087,0.0,159915.SZ
2019-03-20,-0.012247397428046591,-0.012247397428046591,0.0,159915.SZ
2019-03-21,0.008679479231246123,0.008679479231246123,0.0,159915.SZ
2019-03-22,-0.003687768899815591,-0.003687768899815591,0.0,159915.SZ
2019-03-25,-0.014188772362738966,-0.014188772362738966,0.0,159915.SZ
2019-03-26,-0.026282853566958697,-0.026282853566958697,0.0,159915.SZ
2019-03-27,0.010600232534151433,0.010400232534151432,2.0,513100.SH
2019-03-28,-0.010869565217391353,-0.010869565217391353,0.0,513100.SH
2019-03-29,0.042438380034288015,0.042238380034288016,2.0,159915.SZ
2019-04-01,0.04310344827586188,0.04310344827586188,0.0,159915.SZ
2019-04-02,-0.00708382526564344,-0.00708382526564344,0.0,159915.SZ
2019-04-03,-0.0004154904648228097,-0.0006154904648228097,2.0,513100.SH
2019-04-04,0.0011393847322447304,0.0011393847322447304,0.0,513100.SH
2019-04-08,0.003414264036418757,0.003414264036418757,0.0,513100.SH
2019-04-09,0.008630551234719785,0.008430551234719785,2.0,510300.SH
2019-04-10,0.001477832512315258,0.001477832512315258,0.0,510300.SH
2019-04-11,-0.01721593703885882,-0.01721593703885882,0.0,510300.SH
2019-04-12,-0.00350350350350348,-0.00350350350350348,0.0,510300.SH
2019-04-15,-0.006278252134605866,-0.006278252134605866,0.0,510300.SH
2019-04-16,-0.0010700898930466884,-0.0012700898930466885,2.0,513100.SH
2019-04-17,0.0007471049682479247,0.0007471049682479247,0.0,513100.SH
2019-04-18,-0.001348539253799741,-0.001548539253799741,2.0,510300.SH
2019-04-19,0.01477832512315258,0.01477832512315258,0.0,510300.SH
2019-04-22,-0.0249999999999998,-0.0249999999999998,0.0,510300.SH
2019-04-23,-0.0017425939756037234,-0.0017425939756037234,0.0,510300.SH
2019-04-24,0.004075975995683434,0.003875975995683434,2.0,513100.SH
2019-04-25,0.00693177672382328,0.00693177672382328,0.0,513100.SH
2019-04-26,0.006521739130434856,0.006521739130434856,0.0,513100.SH
2019-04-29,0.012958963282937441,0.012958963282937441,0.0,513100.SH
2019-04-30,-0.0024875621890547706,-0.0024875621890547706,0.0,513100.SH
2019-05-06,-0.028500178126113274,-0.028500178126113274,0.0,513100.SH
2019-05-07,0.011001100110010986,0.011001100110010986,0.0,513100.SH
2019-05-08,-0.019223793978962567,-0.019223793978962567,0.0,513100.SH
2019-05-09,-0.006656804733727872,-0.006656804733727872,0.0,513100.SH
2019-05-10,0.0011169024571855424,0.0011169024571855424,0.0,513100.SH
2019-05-13,-0.0037188545927855365,-0.0037188545927855365,0.0,513100.SH
2019-05-14,-0.020530048525569167,-0.020530048525569167,0.0,513100.SH
2019-05-15,0.0038237766474933377,0.0036237766474933376,2.0,518880.SH
2019-05-16,0.004922644163150469,0.004922644163150469,0.0,518880.SH
2019-05-17,-0.0013995801259621965,-0.0013995801259621965,0.0,518880.SH
2019-05-20,-0.006657323055360931,-0.006657323055360931,0.0,518880.SH
2019-05-21,-0.0003527336860670305,-0.0003527336860670305,0.0,518880.SH
2019-05-22,0.0,0.0,0.0,518880.SH
2019-05-23,0.0024700070571630484,0.0024700070571630484,0.0,518880.SH
2019-05-24,0.0052798310454065245,0.0052798310454065245,0.0,518880.SH
2019-05-27,0.0007002801120448154,0.0007002801120448154,0.0,518880.SH
2019-05-28,-0.0013995801259621965,-0.0013995801259621965,0.0,518880.SH
2019-05-29,0.0024526979677645944,0.0024526979677645944,0.0,518880.SH
2019-05-30,-0.004893393918210531,-0.004893393918210531,0.0,518880.SH
2019-05-31,0.010888654724271252,0.010888654724271252,0.0,518880.SH
2019-06-03,0.012508686587908269,0.012508686587908269,0.0,518880.SH
2019-06-04,0.010295126973232538,0.010295126973232538,0.0,518880.SH
2019-06-05,0.006453804347826164,0.006453804347826164,0.0,518880.SH
2019-06-06,-0.0003374957813027102,-0.0003374957813027102,0.0,518880.SH
2019-06-10,-0.0030384875084403795,-0.0030384875084403795,0.0,518880.SH
2019-06-11,-0.0054182187605824605,-0.0054182187605824605,0.0,518880.SH
2019-06-12,0.01191692202928163,0.01191692202928163,0.0,518880.SH
2019-06-13,0.001682368775235421,0.001682368775235421,0.0,518880.SH
2019-06-14,0.015115888478333783,0.015115888478333783,0.0,518880.SH
2019-06-17,-0.01290536068828585,-0.01290536068828585,0.0,518880.SH
2019-06-18,0.007039892725444252,0.007039892725444252,0.0,518880.SH
2019-06-19,-0.004993342210386165,-0.004993342210386165,0.0,518880.SH
2019-06-20,0.02174640347942458,0.02174640347942458,0.0,518880.SH
2019-06-21,0.008185985592665368,0.008185985592665368,0.0,518880.SH
2019-06-24,0.007145177005521308,0.007145177005521308,0.0,518880.SH
2019-06-25,0.020960980328926127,0.020960980328926127,0.0,518880.SH
2019-06-26,-0.01831964624131388,-0.01831964624131388,0.0,518880.SH
2019-06-27,-0.002574002574002532,-0.002574002574002532,0.0,518880.SH
2019-06-28,0.002903225806451637,0.002903225806451637,0.0,518880.SH
2019-07-01,-0.024123512383403045,-0.024123512383403045,0.0,518880.SH
2019-07-02,0.007459215386970142,0.007259215386970142,2.0,510300.SH
2019-07-03,-0.008333333333333415,-0.008333333333333415,0.0,510300.SH
2019-07-04,-0.003923097603457659,-0.004123097603457659,2.0,513100.SH
2019-07-05,0.004297994269341077,0.004297994269341077,0.0,513100.SH
2019-07-08,-0.02299805592318438,-0.02319805592318438,2.0,510300.SH
2019-07-09,-0.002349256068911565,-0.002349256068911565,0.0,510300.SH
2019-07-10,0.0017745749402227062,0.0015745749402227061,2.0,518880.SH
2019-07-11,0.017213380967846748,0.017213380967846748,0.0,518880.SH
2019-07-12,-0.006771578737059247,-0.006971578737059247,2.0,513100.SH
2019-07-15,0.008164714235001647,0.008164714235001647,0.0,513100.SH
2019-07-16,0.0031690140845070935,0.0031690140845070935,0.0,513100.SH
2019-07-17,-0.005265005265005285,-0.005265005265005285,0.0,513100.SH
2019-07-18,-0.017399278706649035,-0.017599278706649034,2.0,159915.SZ
2019-07-19,0.010884353741496655,0.010884353741496655,0.0,159915.SZ
2019-07-22,0.002060631561958459,0.0018606315619584591,2.0,513100.SH
2019-07-23,0.011055634807418002,0.011055634807418002,0.0,513100.SH
2019-07-24,0.004232804232804144,0.004232804232804144,0.0,513100.SH
2019-07-25,0.008078679311556147,0.008078679311556147,0.0,513100.SH
2019-07-26,-0.0055749128919860835,-0.0055749128919860835,0.0,513100.SH
2019-07-29,0.0042046250875964475,0.0042046250875964475,0.0,513100.SH
2019-07-30,0.0004140838234434341,0.00021408382344343408,2.0,518880.SH
2019-07-31,0.0038071065989848663,0.0038071065989848663,0.0,518880.SH
2019-08-01,-0.0130278914879427,-0.0132278914879427,2.0,513100.SH
2019-08-02,0.00177746178457161,0.00177746178457161,0.0,513100.SH
2019-08-05,0.007869732594964374,0.007669732594964374,2.0,518880.SH
2019-08-06,0.00212830647613238,0.00212830647613238,0.0,518880.SH
2019-08-07,0.02032766990291268,0.02032766990291268,0.0,518880.SH
2019-08-08,0.006839131727624181,0.006839131727624181,0.0,518880.SH
2019-08-09,0.005020673360897732,0.005020673360897732,0.0,518880.SH
2019-08-12,-0.0061710255656772794,-0.0061710255656772794,0.0,518880.SH
2019-08-13,0.024541691306918967,0.024541691306918967,0.0,518880.SH
2019-08-14,-0.025685425685425645,-0.025685425685425645,0.0,518880.SH
2019-08-15,0.011255924170616272,0.011255924170616272,0.0,518880.SH
2019-08-16,0.0014645577035734547,0.0014645577035734547,0.0,518880.SH
2019-08-19,-0.004972214097689331,-0.004972214097689331,0.0,518880.SH
2019-08-20,-0.004115226337448652,-0.004115226337448652,0.0,518880.SH
2019-08-21,0.0008854781582054994,0.0008854781582054994,0.0,518880.SH
2019-08-22,0.0029489826010025144,0.0029489826010025144,0.0,518880.SH
2019-08-23,-0.000882093501911152,-0.000882093501911152,0.0,518880.SH
2019-08-26,0.03590347263095928,0.03590347263095928,0.0,518880.SH
2019-08-27,0.0005681818181817455,0.0005681818181817455,0.0,518880.SH
2019-08-28,0.0005678591709257219,0.0005678591709257219,0.0,518880.SH
2019-08-29,0.01163450624290574,0.01163450624290574,0.0,518880.SH
2019-08-30,-0.015988779803646547,-0.015988779803646547,0.0,518880.SH
2019-09-02,-0.0034207525655644,-0.0034207525655644,0.0,518880.SH
2019-09-03,0.005896545082391347,0.005696545082391347,2.0,159915.SZ
2019-09-04,0.007523510971786829,0.007523510971786829,0.0,159915.SZ
2019-09-05,0.012445550715619147,0.012445550715619147,0.0,159915.SZ
2019-09-06,0.0024585125998770607,0.0024585125998770607,0.0,159915.SZ
2019-09-09,0.02391171060698949,0.02391171060698949,0.0,159915.SZ
2019-09-10,-0.005389221556886148,-0.005389221556886148,0.0,159915.SZ
2019-09-11,-0.013847080072245666,-0.013847080072245666,0.0,159915.SZ
2019-09-12,0.004884004884004867,0.004884004884004867,0.0,159915.SZ
2019-09-16,0.002430133657351119,0.002430133657351119,0.0,159915.SZ
2019-09-17,-0.019393939393939297,-0.019393939393939297,0.0,159915.SZ
2019-09-18,-0.0006180469715698633,-0.0006180469715698633,0.0,159915.SZ
2019-09-19,0.015460729746443969,0.015460729746443969,0.0,159915.SZ
2019-09-20,-0.0024360535931789995,-0.0024360535931789995,0.0,159915.SZ
2019-09-23,-0.010989010989010839,-0.010989010989010839,0.0,159915.SZ
2019-09-24,0.005555555555555536,0.005555555555555536,0.0,159915.SZ
2019-09-25,-0.011049723756906049,-0.011049723756906049,0.0,159915.SZ
2019-09-26,-0.031036623215394243,-0.031036623215394243,0.0,159915.SZ
2019-09-27,0.00451088459830018,0.00431088459830018,2.0,513100.SH
2019-09-30,-0.007355516637478021,-0.007355516637478021,0.0,513100.SH
2019-10-08,-0.007451124317025326,-0.007651124317025326,2.0,159915.SZ
2019-10-09,0.0032133676092545027,0.0032133676092545027,0.0,159915.SZ
2019-10-10,0.012205168152817913,0.012005168152817913,2.0,510300.SH
2019-10-11,0.012204424103737566,0.012204424103737566,0.0,510300.SH
2019-10-14,0.007284601858829509,0.007284601858829509,0.0,510300.SH
2019-10-15,-0.0032418952618453734,-0.0032418952618453734,0.0,510300.SH
2019-10-16,0.0012509382036527406,0.0010509382036527405,2.0,513100.SH
2019-10-17,-0.0003443526170798794,-0.0003443526170798794,0.0,513100.SH
2019-10-18,-0.0013778849466069554,-0.0013778849466069554,0.0,513100.SH
2019-10-21,-0.005864091065884702,-0.005864091065884702,0.0,513100.SH
2019-10-22,0.008674531575294964,0.008674531575294964,0.0,513100.SH
2019-10-23,-0.01203990368077057,-0.01203990368077057,0.0,513100.SH
2019-10-24,0.0055710306406684396,0.0055710306406684396,0.0,513100.SH
2019-10-25,0.0027700831024930483,0.0027700831024930483,0.0,513100.SH
2019-10-28,0.012430939226519389,0.012430939226519389,0.0,513100.SH
2019-10-29,0.00716234652114589,0.00716234652114589,0.0,513100.SH
2019-10-30,-0.006434134778191547,-0.006434134778191547,0.0,513100.SH
2019-10-31,0.005453306066802943,0.005453306066802943,0.0,513100.SH
2019-11-01,0.0020338983050847137,0.0020338983050847137,0.0,513100.SH
2019-11-04,0.007104194857916024,0.007104194857916024,0.0,513100.SH
2019-11-05,0.005038629492778002,0.005038629492778002,0.0,513100.SH
2019-11-06,-0.010462929393637244,-0.010662929393637244,2.0,159915.SZ
2019-11-07,0.007936507936507908,0.007936507936507908,0.0,159915.SZ
2019-11-08,-0.0009512507438654838,-0.001151250743865484,2.0,513100.SH
2019-11-11,0.005741303613644222,0.005741303613644222,0.0,513100.SH
2019-11-12,0.005036937541974318,0.005036937541974318,0.0,513100.SH
2019-11-13,0.00033411293017060473,0.00033411293017060473,0.0,513100.SH
2019-11-14,0.002338009352037318,0.002338009352037318,0.0,513100.SH
2019-11-15,0.004331889370210007,0.004331889370210007,0.0,513100.SH
2019-11-18,0.004644990046450026,0.004644990046450026,0.0,513100.SH
2019-11-19,0.005284015852047519,0.005284015852047519,0.0,513100.SH
2019-11-20,-0.0045992115637319975,-0.0045992115637319975,0.0,513100.SH
2019-11-21,-0.00429042904290422,-0.00429042904290422,0.0,513100.SH
2019-11-22,0.001988730527013649,0.001988730527013649,0.0,513100.SH
2019-11-25,0.006285147204763364,0.006285147204763364,0.0,513100.SH
2019-11-26,0.015779092702169706,0.015779092702169706,0.0,513100.SH
2019-11-27,-0.002912621359223322,-0.002912621359223322,0.0,513100.SH
2019-11-28,0.0058422590068161195,0.0058422590068161195,0.0,513100.SH
2019-11-29,-0.001290738948047765,-0.001290738948047765,0.0,513100.SH
2019-12-02,0.008077544426494221,0.008077544426494221,0.0,513100.SH
2019-12-03,-0.011538461538461497,-0.011538461538461497,0.0,513100.SH
2019-12-04,-0.011997405966277519,-0.011997405966277519,0.0,513100.SH
2019-12-05,0.004594683295044311,0.004594683295044311,0.0,513100.SH
2019-12-06,-0.0009800718719372714,-0.0009800718719372714,0.0,513100.SH
2019-12-09,0.00915631131458472,0.00915631131458472,0.0,513100.SH
2019-12-10,-0.00550874918988975,-0.00550874918988975,0.0,513100.SH
2019-12-11,-0.010013833010523943,-0.010213833010523943,2.0,159915.SZ
2019-12-12,0.002419842710223774,0.002419842710223774,0.0,159915.SZ
2019-12-13,0.008169778537913563,0.007969778537913563,2.0,513100.SH
2019-12-16,0.006432936635574205,0.006432936635574205,0.0,513100.SH
2019-12-17,0.01664984854371787,0.016449848543717872,2.0,159915.SZ
2019-12-18,-0.007479861910241636,-0.007479861910241636,0.0,159915.SZ
2019-12-19,-0.0005797101449276365,-0.0005797101449276365,0.0,159915.SZ
2019-12-20,-0.009280742459396807,-0.009280742459396807,0.0,159915.SZ
2019-12-23,-0.021662763466042123,-0.021662763466042123,0.0,159915.SZ
2019-12-24,0.007420441950267032,0.007220441950267032,2.0,513100.SH
2019-12-25,-0.005337519623233922,-0.005337519623233922,0.0,513100.SH
2019-12-26,0.007414986108168042,0.007214986108168043,2.0,159915.SZ
2019-12-27,-0.016222479721900385,-0.016222479721900385,0.0,159915.SZ
2019-12-30,0.015426947917346778,0.015226947917346778,2.0,510300.SH
2019-12-31,0.005153374233128893,0.005153374233128893,0.0,510300.SH
2020-01-02,0.012939453125,0.012939453125,0.0,510300.SH
2020-01-03,-0.002410219329959107,-0.002410219329959107,0.0,510300.SH
2020-01-06,-0.003865668035757275,-0.003865668035757275,0.0,510300.SH
2020-01-07,0.000935239093720508,0.000735239093720508,2.0,518880.SH
2020-01-08,0.018753606462781347,0.018753606462781347,0.0,518880.SH
2020-01-09,-0.034834324553950746,-0.034834324553950746,0.0,518880.SH
2020-01-10,-0.007208269468825246,-0.007408269468825245,2.0,159915.SZ
2020-01-13,0.016930638995084735,0.016930638995084735,0.0,159915.SZ
2020-01-14,-0.0064446831364124435,-0.0064446831364124435,0.0,159915.SZ
2020-01-15,0.0027416878167541014,0.0025416878167541014,2.0,513100.SH
2020-01-16,0.009090909090909038,0.009090909090909038,0.0,513100.SH
2020-01-17,0.012205754141238145,0.012205754141238145,0.0,513100.SH
2020-01-20,-0.01693942004019533,-0.01693942004019533,0.0,513100.SH
2020-01-21,-0.004210526315789442,-0.004410526315789442,2.0,159915.SZ
2020-01-22,0.01374207188160681,0.01374207188160681,0.0,159915.SZ
2020-01-23,-0.03388946819603755,-0.03388946819603755,0.0,159915.SZ
2020-02-03,-0.09793945935338266,-0.09813945935338267,2.0,513100.SH
2020-02-04,0.03602785346654569,0.03602785346654569,0.0,513100.SH
2020-02-05,0.04324956165984806,0.04324956165984806,0.0,513100.SH
2020-02-06,0.031372549019607954,0.031372549019607954,0.0,513100.SH
2020-02-07,0.007332971211298167,0.007332971211298167,0.0,513100.SH
2020-02-10,0.00620113238069564,0.00620113238069564,0.0,513100.SH
2020-02-11,0.03724544480171477,0.03724544480171477,0.0,513100.SH
2020-02-12,0.025833118057349447,0.025833118057349447,0.0,513100.SH
2020-02-13,0.056912616469403154,0.056912616469403154,0.0,513100.SH
2020-02-14,-0.04455563497736481,-0.04455563497736481,0.0,513100.SH
2020-02-17,-0.008478802992518686,-0.008478802992518686,0.0,513100.SH
2020-02-18,-0.03495975855130784,-0.03495975855130784,0.0,513100.SH
2020-02-19,-0.009903570497784786,-0.009903570497784786,0.0,513100.SH
2020-02-20,0.037782672401665884,0.037582672401665886,2.0,159915.SZ
2020-02-21,0.019002375296912177,0.019002375296912177,0.0,159915.SZ
2020-02-24,0.01538461538461533,0.01538461538461533,0.0,159915.SZ
2020-02-25,0.007346189164370909,0.007346189164370909,0.0,159915.SZ
2020-02-26,-0.04193254329990892,-0.04193254329990892,0.0,159915.SZ
2020-02-27,0.005377714721119586,0.005177714721119587,2.0,518880.SH
2020-02-28,-0.012537476151539884,-0.012537476151539884,0.0,518880.SH
2020-03-02,-0.022357162572453904,-0.022357162572453904,0.0,518880.SH
2020-03-03,-0.007094844191050775,-0.007294844191050775,2.0,159915.SZ
2020-03-04,-0.0019120458891013214,-0.0019120458891013214,0.0,159915.SZ
2020-03-05,0.015804597701149392,0.015804597701149392,0.0,159915.SZ
2020-03-06,-0.025493519217189786,-0.025693519217189785,2.0,510300.SH
2020-03-09,-0.03178840087357426,-0.03178840087357426,0.0,510300.SH
2020-03-10,-0.00910048634061178,-0.00930048634061178,2.0,518880.SH
2020-03-11,0.009966777408637828,0.009966777408637828,0.0,518880.SH
2020-03-12,-0.010964912280701733,-0.010964912280701733,0.0,518880.SH
2020-03-13,-0.029379157427937952,-0.029379157427937952,0.0,518880.SH
2020-03-16,-0.02512849800114214,-0.02512849800114214,0.0,518880.SH
2020-03-17,-0.046572934973638014,-0.046572934973638014,0.0,518880.SH
2020-03-18,0.02181259600614438,0.02181259600614438,0.0,518880.SH
2020-03-19,-0.004209260372820323,-0.004209260372820323,0.0,518880.SH
2020-03-20,0.010265700483091944,0.010265700483091944,0.0,518880.SH
2020-03-23,-0.0026897788404064427,-0.0026897788404064427,0.0,518880.SH
2020-03-24,0.05573868744381172,0.05573868744381172,0.0,518880.SH
2020-03-25,0.01646324155549239,0.01646324155549239,0.0,518880.SH
2020-03-26,-0.002513264451270536,-0.002513264451270536,0.0,518880.SH
2020-03-27,0.011198208286674172,0.011198208286674172,0.0,518880.SH
2020-03-30,-0.008028792912513794,-0.008028792912513794,0.0,518880.SH
2020-03-31,0.0008372871895059308,0.0008372871895059308,0.0,518880.SH
2020-04-01,-0.01617401003904062,-0.01617401003904062,0.0,518880.SH
2020-04-02,0.004251700680272252,0.004251700680272252,0.0,518880.SH
2020-04-03,0.009031893875246944,0.009031893875246944,0.0,518880.SH
2020-04-07,0.028251748251748143,0.028251748251748143,0.0,518880.SH
2020-04-08,-0.00952121871599565,-0.00952121871599565,0.0,518880.SH
2020-04-09,0.0024718483932986146,0.0024718483932986146,0.0,518880.SH
2020-04-10,0.005753424657534145,0.005753424657534145,0.0,518880.SH
2020-04-13,-0.0002724053391446324,-0.0002724053391446324,0.0,518880.SH
2020-04-14,0.011444141689373355,0.011444141689373355,0.0,518880.SH
2020-04-15,-0.0026939655172414367,-0.0026939655172414367,0.0,518880.SH
2020-04-16,0.0075634792004322104,0.0075634792004322104,0.0,518880.SH
2020-04-17,-0.01635388739946375,-0.01635388739946375,0.0,518880.SH
2020-04-20,-0.004905968928863524,-0.004905968928863524,0.0,518880.SH
2020-04-21,0.009038619556286154,0.009038619556286154,0.0,518880.SH
2020-04-22,-0.002714440825190123,-0.002714440825190123,0.0,518880.SH
2020-04-23,0.006798355296789849,0.006598355296789849,2.0,159915.SZ
2020-04-24,-0.010763710917478297,-0.010763710917478297,0.0,159915.SZ
2020-04-27,0.026299567973632865,0.026099567973632866,2.0,513100.SH
2020-04-28,0.024950939164564145,0.024950939164564145,0.0,513100.SH
2020-04-29,0.018052516411378505,0.018052516411378505,0.0,513100.SH
2020-04-30,0.004030091348737219,0.004030091348737219,0.0,513100.SH
2020-05-06,0.002943537597003054,0.002943537597003054,0.0,513100.SH
2020-05-07,0.004268943436499306,0.004268943436499306,0.0,513100.SH
2020-05-08,0.006641870350690748,0.006641870350690748,0.0,513100.SH
2020-05-11,-0.016627078384798155,-0.016627078384798155,0.0,513100.SH
2020-05-12,-0.018786902844873832,-0.018786902844873832,0.0,513100.SH
2020-05-13,-0.003282275711159688,-0.003282275711159688,0.0,513100.SH
2020-05-14,-0.01591657519209666,-0.01591657519209666,0.0,513100.SH
2020-05-15,0.006692693809258188,0.006692693809258188,0.0,513100.SH
2020-05-18,0.011357340720221654,0.011357340720221654,0.0,513100.SH
2020-05-19,0.026568063544234466,0.026568063544234466,0.0,513100.SH
2020-05-20,-0.007203842049092857,-0.007203842049092857,0.0,513100.SH
2020-05-21,-0.00026874496103190815,-0.00026874496103190815,0.0,513100.SH
2020-05-22,-0.033333333333333326,-0.033333333333333326,0.0,513100.SH
2020-05-25,0.032536151279199066,0.032536151279199066,0.0,513100.SH
2020-05-26,0.02262321572852133,0.02262321572852133,0.0,513100.SH
2020-05-27,-0.006584145377930062,-0.006584145377930062,0.0,513100.SH
2020-05-28,-0.003976670201484511,-0.003976670201484511,0.0,513100.SH
2020-05-29,-0.007186585041256355,-0.007186585041256355,0.0,513100.SH
2020-06-01,0.014369862663571098,0.014169862663571097,2.0,518880.SH
2020-06-02,-0.0017971758664955262,-0.0017971758664955262,0.0,518880.SH
2020-06-03,-0.009002057613168635,-0.009002057613168635,0.0,518880.SH
2020-06-04,-0.008564754736569036,-0.008564754736569036,0.0,518880.SH
2020-06-05,-0.0007853403141360182,-0.0007853403141360182,0.0,518880.SH
2020-06-08,-0.024442245087827663,-0.024642245087827662,2.0,159915.SZ
2020-06-09,0.013989387361312167,0.013989387361312167,0.0,159915.SZ
2020-06-10,-0.010190749934674725,-0.010390749934674726,2.0,513100.SH
2020-06-11,-0.000527983104540608,-0.000527983104540608,0.0,513100.SH
2020-06-12,-0.01637612255678811,-0.01637612255678811,0.0,513100.SH
2020-06-15,-0.00468916107347217,-0.00488916107347217,2.0,159915.SZ
2020-06-16,0.01961700140121425,0.01961700140121425,0.0,159915.SZ
2020-06-17,0.0022904260192397885,0.0022904260192397885,0.0,159915.SZ
2020-06-18,0.002742230347348995,0.002742230347348995,0.0,159915.SZ
2020-06-19,0.020054694621695512,0.020054694621695512,0.0,159915.SZ
2020-06-22,0.011170688114387817,0.011170688114387817,0.0,159915.SZ
2020-06-23,0.01944321696862583,0.01944321696862583,0.0,159915.SZ
2020-06-24,0.0,0.0,0.0,159915.SZ
2020-06-29,-0.005201560468140465,-0.005201560468140465,0.0,159915.SZ
2020-06-30,0.02788671023965139,0.02788671023965139,0.0,159915.SZ
2020-07-01,-0.007206443408223739,-0.007206443408223739,0.0,159915.SZ
2020-07-02,0.0034158838599487318,0.0034158838599487318,0.0,159915.SZ
2020-07-03,0.012765957446808418,0.012765957446808418,0.0,159915.SZ
2020-07-06,0.02941176470588247,0.02941176470588247,0.0,159915.SZ
2020-07-07,-0.014022495121259526,-0.014222495121259527,2.0,510300.SH
2020-07-08,0.013091216216216228,0.013091216216216228,0.0,510300.SH
2020-07-09,0.03761077985392469,0.03741077985392469,2.0,159915.SZ
2020-07-10,0.004113687359760698,0.004113687359760698,0.0,159915.SZ
2020-07-13,0.043575418994413306,0.043575418994413306,0.0,159915.SZ
2020-07-14,-0.012491077801570327,-0.012491077801570327,0.0,159915.SZ
2020-07-15,-0.016263100831225175,-0.016263100831225175,0.0,159915.SZ
2020-07-16,-0.0602498163115357,-0.0602498163115357,0.0,159915.SZ
2020-07-17,0.009773260359656089,0.009773260359656089,0.0,159915.SZ
2020-07-20,0.01084010840108407,0.01084010840108407,0.0,159915.SZ
2020-07-21,0.01225584067407115,0.01225584067407115,0.0,159915.SZ
2020-07-22,0.01324252743094978,0.01324252743094978,0.0,159915.SZ
2020-07-23,0.010455563853622118,0.010455563853622118,0.0,159915.SZ
2020-07-24,-0.06245380635624542,-0.06245380635624542,0.0,159915.SZ
2020-07-27,0.011907987475636705,0.011707987475636705,2.0,518880.SH
2020-07-28,-0.0011896264572923698,-0.0011896264572923698,0.0,518880.SH
2020-07-29,0.0019056693663650481,0.0019056693663650481,0.0,518880.SH
2020-07-30,-0.008330317031107093,-0.008530317031107093,2.0,159915.SZ
2020-07-31,0.02111613876319751,0.02111613876319751,0.0,159915.SZ
2020-08-03,0.006724825040925531,0.006524825040925531,2.0,518880.SH
2020-08-04,0.0014285714285715567,0.0014285714285715567,0.0,518880.SH
2020-08-05,0.02710413694721825,0.02710413694721825,0.0,518880.SH
2020-08-06,0.007638888888888751,0.007638888888888751,0.0,518880.SH
2020-08-07,0.005743165632897007,0.005743165632897007,0.0,518880.SH
2020-08-10,-0.0066240292370945975,-0.0066240292370945975,0.0,518880.SH
2020-08-11,-0.02207404000919755,-0.02207404000919755,0.0,518880.SH
2020-08-12,-0.06207383023747948,-0.06207383023747948,0.0,518880.SH
2020-08-13,0.011345484052845745,0.011145484052845744,2.0,513100.SH
2020-08-14,-0.0017220172201722894,-0.0017220172201722894,0.0,513100.SH
2020-08-17,0.0012321340561853855,0.0012321340561853855,0.0,513100.SH
2020-08-18,-0.0009844942160963654,-0.0009844942160963654,0.0,513100.SH
2020-08-19,-0.005336919517038408,-0.005536919517038407,2.0,518880.SH
2020-08-20,-0.02130715824754592,-0.02130715824754592,0.0,518880.SH
2020-08-21,0.015929998418390268,0.01572999841839027,2.0,513100.SH
2020-08-24,0.04299287410926378,0.04299287410926378,0.0,513100.SH
2020-08-25,0.04554771122751089,0.04554771122751089,0.0,513100.SH
2020-08-26,-0.019167937268568913,-0.019167937268568913,0.0,513100.SH
2020-08-27,0.04308238951809895,0.04308238951809895,0.0,513100.SH
2020-08-28,0.021290185224611458,0.021290185224611458,0.0,513100.SH
2020-08-31,0.054409005628517804,0.054409005628517804,0.0,513100.SH
2020-09-01,-0.013444049031237526,-0.013444049031237526,0.0,513100.SH
2020-09-02,0.040681362725450754,0.040681362725450754,0.0,513100.SH
2020-09-03,0.021567494704409773,0.021567494704409773,0.0,513100.SH
2020-09-04,-0.08652214891611676,-0.08652214891611676,0.0,513100.SH
2020-09-07,-0.07470078415187786,-0.07470078415187786,0.0,513100.SH
2020-09-08,0.0535236396074934,0.0535236396074934,0.0,513100.SH
2020-09-09,-0.05122777307366633,-0.05122777307366633,0.0,513100.SH
2020-09-10,0.02833556448014285,0.02833556448014285,0.0,513100.SH
2020-09-11,-0.01735734432631808,-0.01735734432631808,0.0,513100.SH
2020-09-14,0.02759991168028253,0.02759991168028253,0.0,513100.SH
2020-09-15,0.03373442200257837,0.03373442200257837,0.0,513100.SH
2020-09-16,-0.001870712949490816,-0.001870712949490816,0.0,513100.SH
2020-09-17,-0.041232819658475584,-0.041232819658475584,0.0,513100.SH
2020-09-18,0.03410078192875754,0.03410078192875754,0.0,513100.SH
2020-09-21,-0.019743751312749525,-0.019743751312749525,0.0,513100.SH
2020-09-22,-0.015856010284979627,-0.015856010284979627,0.0,513100.SH
2020-09-23,0.013498802525582443,0.013498802525582443,0.0,513100.SH
2020-09-24,-0.037379162191192306,-0.037379162191192306,0.0,513100.SH
2020-09-25,-0.008033920999776734,-0.008033920999776734,0.0,513100.SH
2020-09-28,0.01687289088863886,0.01687289088863886,0.0,513100.SH
2020-09-29,0.010883818764093833,0.010683818764093833,2.0,510300.SH
2020-09-30,-0.0030042918454935563,-0.0030042918454935563,0.0,510300.SH
2020-10-09,0.018451168581072652,0.018251168581072653,2.0,518880.SH
2020-10-12,0.010828506673381977,0.010828506673381977,0.0,518880.SH
2020-10-13,0.002859532509676299,0.002659532509676299,2.0,159915.SZ
2020-10-14,-0.007440476190476164,-0.007440476190476164,0.0,159915.SZ
2020-10-15,-0.006746626686656709,-0.006746626686656709,0.0,159915.SZ
2020-10-16,-0.006037735849056647,-0.006037735849056647,0.0,159915.SZ
2020-10-19,-0.012908124525436548,-0.012908124525436548,0.0,159915.SZ
2020-10-20,0.017307692307692246,0.017307692307692246,0.0,159915.SZ
2020-10-21,-0.012476370510396961,-0.012476370510396961,0.0,159915.SZ
2020-10-22,-0.011485451761102716,-0.011485451761102716,0.0,159915.SZ
2020-10-23,-0.025561580170410436,-0.025561580170410436,0.0,159915.SZ
2020-10-26,-0.007821458327832542,-0.008021458327832543,2.0,510300.SH
2020-10-27,0.0029473684210525875,0.0029473684210525875,0.0,510300.SH
2020-10-28,0.009372310352723678,0.009172310352723678,2.0,159915.SZ
2020-10-29,0.011641443538998875,0.011641443538998875,0.0,159915.SZ
2020-10-30,-0.016877637130801704,-0.016877637130801704,0.0,159915.SZ
2020-11-02,0.02106905969566908,0.02106905969566908,0.0,159915.SZ
2020-11-03,0.012227741688956906,0.012227741688956906,0.0,159915.SZ
2020-11-04,0.003397508493771184,0.003397508493771184,0.0,159915.SZ
2020-11-05,0.012039127163280705,0.012039127163280705,0.0,159915.SZ
2020-11-06,-0.0002981925497600457,-0.0004981925497600457,2.0,510300.SH
2020-11-09,0.019592001615835297,0.019592001615835297,0.0,510300.SH
2020-11-10,-0.005348652931854159,-0.005348652931854159,0.0,510300.SH
2020-11-11,-0.009360685122485446,-0.009360685122485446,0.0,510300.SH
2020-11-12,-0.0006031363088058184,-0.0006031363088058184,0.0,510300.SH
2020-11-13,-0.01025950512975271,-0.01025950512975271,0.0,510300.SH
2020-11-16,0.010772357723577208,0.010772357723577208,0.0,510300.SH
2020-11-17,-0.0018097727729738944,-0.0018097727729738944,0.0,510300.SH
2020-11-18,-0.0014101531023368308,-0.0014101531023368308,0.0,510300.SH
2020-11-19,0.008472866653217448,0.008472866653217448,0.0,510300.SH
2020-11-20,0.0030006001200242327,0.0030006001200242327,0.0,510300.SH
2020-11-23,0.011567610690067731,0.011567610690067731,0.0,510300.SH
2020-11-24,-0.006309148264984188,-0.006309148264984188,0.0,510300.SH
2020-11-25,-0.012301587301587369,-0.012301587301587369,0.0,510300.SH
2020-11-26,0.0014061872237847162,0.0014061872237847162,0.0,510300.SH
2020-11-27,0.014242728184553632,0.014242728184553632,0.0,510300.SH
2020-11-30,-0.0049446202531644445,-0.0049446202531644445,0.0,510300.SH
2020-12-01,0.022063208109719623,0.022063208109719623,0.0,510300.SH
2020-12-02,-0.0021392454297939345,-0.0021392454297939345,0.0,510300.SH
2020-12-03,-0.0003897875657767891,-0.0003897875657767891,0.0,510300.SH
2020-12-04,0.0021446675765255385,0.0021446675765255385,0.0,510300.SH
2020-12-07,-0.00856031128404644,-0.00856031128404644,0.0,510300.SH
2020-12-08,-0.0031397174254317317,-0.0031397174254317317,0.0,510300.SH
2020-12-09,-0.011811023622047445,-0.011811023622047445,0.0,510300.SH
2020-12-10,-0.0019920318725097363,-0.0019920318725097363,0.0,510300.SH
2020-12-11,-0.011177644710579027,-0.011177644710579027,0.0,510300.SH
2020-12-14,0.008881711748082388,0.008881711748082388,0.0,510300.SH
2020-12-15,0.012913026965438501,0.0127130269654385,2.0,159915.SZ
2020-12-16,0.0,0.0,0.0,159915.SZ
2020-12-17,0.010123734533183493,0.010123734533183493,0.0,159915.SZ
2020-12-18,-0.00222717149220486,-0.00222717149220486,0.0,159915.SZ
2020-12-21,0.033482142857142794,0.033482142857142794,0.0,159915.SZ
2020-12-22,-0.021598272138228958,-0.021598272138228958,0.0,159915.SZ
2020-12-23,0.009933774834437026,0.009933774834437026,0.0,159915.SZ
2020-12-24,-0.006921675774134828,-0.006921675774134828,0.0,159915.SZ
2020-12-25,0.00843727072633893,0.00843727072633893,0.0,159915.SZ
2020-12-28,-0.0014550745725718794,-0.0014550745725718794,0.0,159915.SZ
2020-12-29,-0.008248642391433747,-0.008448642391433748,2.0,518880.SH
2020-12-30,-0.0013031013812875303,-0.0013031013812875303,0.0,518880.SH
2020-12-31,0.029610869030427978,0.02941086903042798,2.0,159915.SZ
2021-01-04,0.03838101884159095,0.03838101884159095,0.0,159915.SZ
2021-01-05,0.0040322580645162365,0.0040322580645162365,0.0,159915.SZ
2021-01-06,0.005020080321285203,0.005020080321285203,0.0,159915.SZ
2021-01-07,0.017649017649017607,0.017649017649017607,0.0,159915.SZ
2021-01-08,-0.00654450261780104,-0.00654450261780104,0.0,159915.SZ
2021-01-11,-0.015480895915678583,-0.015480895915678583,0.0,159915.SZ
2021-01-12,0.029106724657075977,0.029106724657075977,0.0,159915.SZ
2021-01-13,-0.016579973992197683,-0.016579973992197683,0.0,159915.SZ
2021-01-14,-0.023111220406167865,-0.023311220406167864,2.0,510300.SH
2021-01-15,-0.0030669312646581792,-0.0030669312646581792,0.0,510300.SH
2021-01-18,0.02543235297075941,0.02523235297075941,2.0,159915.SZ
2021-01-19,-0.022980958634274407,-0.022980958634274407,0.0,159915.SZ
2021-01-20,0.011294674294033413,0.011094674294033413,2.0,510300.SH
2021-01-21,0.017190929041696945,0.017190929041696945,0.0,510300.SH
2021-01-22,0.021478384758223168,0.02127838475822317,2.0,159915.SZ
2021-01-25,0.000308546744831828,0.000308546744831828,0.0,159915.SZ
2021-01-26,-0.02776064157927205,-0.02776064157927205,0.0,159915.SZ
2021-01-27,0.004441624365482122,0.004441624365482122,0.0,159915.SZ
2021-01-28,-0.03442830069488312,-0.03442830069488312,0.0,159915.SZ
2021-01-29,-0.009159306509650023,-0.009159306509650023,0.0,159915.SZ
2021-02-01,0.008913832948167721,0.008913832948167721,0.0,159915.SZ
2021-02-02,0.015088700952454293,0.014888700952454292,2.0,510300.SH
2021-02-03,-0.0010926971407757557,-0.0010926971407757557,0.0,510300.SH
2021-02-04,-0.005898547922249087,-0.006098547922249086,2.0,513100.SH
2021-02-05,0.013261407057765906,0.013261407057765906,0.0,513100.SH
2021-02-08,0.006433007985803041,0.006433007985803041,0.0,513100.SH
2021-02-09,-0.0002204099625303657,-0.0002204099625303657,0.0,513100.SH
2021-02-10,0.01995416100163272,0.01975416100163272,2.0,159915.SZ
2021-02-18,-0.02763437594898277,-0.02763437594898277,0.0,159915.SZ
2021-02-19,-0.002994882342182592,-0.003194882342182592,2.0,513100.SH
2021-02-22,-0.008835873647006887,-0.008835873647006887,0.0,513100.SH
2021-02-23,-0.015823490082460423,-0.015823490082460423,0.0,513100.SH
2021-02-24,-0.01743659420289856,-0.01743659420289856,0.0,513100.SH
2021-02-25,0.0191288315280016,0.0191288315280016,0.0,513100.SH
2021-02-26,-0.03980099502487544,-0.03980099502487544,0.0,513100.SH
2021-03-01,0.02181556273915386,0.02161556273915386,2.0,510300.SH
2021-03-02,-0.012735326688815052,-0.012735326688815052,0.0,510300.SH
2021-03-03,0.0029679196670127084,0.0027679196670127083,2.0,513100.SH
2021-03-04,-0.032449725776965366,-0.032449725776965366,0.0,513100.SH
2021-03-05,-0.006106895044364569,-0.006306895044364568,2.0,510300.SH
2021-03-08,-0.0353209266995822,-0.0353209266995822,0.0,510300.SH
2021-03-09,0.003274701702896232,0.003074701702896232,2.0,513100.SH
2021-03-10,0.02600529737539148,0.02600529737539148,0.0,513100.SH
2021-03-11,0.008448720957521694,0.008448720957521694,0.0,513100.SH
2021-03-12,0.0062834535722597895,0.0062834535722597895,0.0,513100.SH
2021-03-15,-0.004162812210915745,-0.004162812210915745,0.0,513100.SH
2021-03-16,0.009705980717028773,0.009505980717028772,2.0,518880.SH
2021-03-17,0.004211117349803617,0.004211117349803617,0.0,518880.SH
2021-03-18,0.011159527828215055,0.010959527828215054,2.0,513100.SH
2021-03-19,-0.03308406979379108,-0.03308406979379108,0.0,513100.SH
2021-03-22,-0.001436310051611711,-0.0016363100516117112,2.0,518880.SH
2021-03-23,0.004201680672268893,0.004201680672268893,0.0,518880.SH
2021-03-24,-0.003876213783847837,-0.004076213783847837,2.0,513100.SH
2021-03-25,-0.015168926683520989,-0.015168926683520989,0.0,513100.SH
2021-03-26,-0.0005585032113933908,-0.0007585032113933907,2.0,518880.SH
2021-03-29,0.0,0.0,0.0,518880.SH
2021-03-30,-0.0074717394421198735,-0.007671739442119873,2.0,513100.SH
2021-03-31,-0.00046178711613964474,-0.00046178711613964474,0.0,513100.SH
2021-04-01,0.023331023331023326,0.023331023331023326,0.0,513100.SH
2021-04-02,0.011060948081264232,0.011060948081264232,0.0,513100.SH
2021-04-06,0.015628488501897797,0.015628488501897797,0.0,513100.SH
2021-04-07,-0.0008793141349747735,-0.0008793141349747735,0.0,513100.SH
2021-04-08,0.010341034103410252,0.010341034103410252,0.0,513100.SH
2021-04-09,0.0028310104529618574,0.0028310104529618574,0.0,513100.SH
2021-04-12,0.006514657980455807,0.006514657980455807,0.0,513100.SH
2021-04-13,-0.0021574973031283085,-0.0021574973031283085,0.0,513100.SH
2021-04-14,0.01297297297297284,0.01297297297297284,0.0,513100.SH
2021-04-15,-0.010032017075773725,-0.010032017075773725,0.0,513100.SH
2021-04-16,0.009271237602414883,0.009271237602414883,0.0,513100.SH
2021-04-19,0.0019226660969879905,0.0019226660969879905,0.0,513100.SH
2021-04-20,-0.014925373134328401,-0.014925373134328401,0.0,513100.SH
2021-04-21,-0.007575757575757569,-0.007575757575757569,0.0,513100.SH
2021-04-22,0.009113464536385951,0.00891346453638595,2.0,159915.SZ
2021-04-23,0.019034191046880533,0.019034191046880533,0.0,159915.SZ
2021-04-26,-0.009685230024213065,-0.009685230024213065,0.0,159915.SZ
2021-04-27,-0.00037814047467732426,-0.0005781404746773242,2.0,513100.SH
2021-04-28,-0.0034364261168384758,-0.0034364261168384758,0.0,513100.SH
2021-04-29,0.003116440761289363,0.002916440761289363,2.0,159915.SZ
2021-04-30,0.012533875338753386,0.012533875338753386,0.0,159915.SZ
2021-05-06,-0.02843760455001676,-0.02843760455001676,0.0,159915.SZ
2021-05-07,-0.029269972451790638,-0.029269972451790638,0.0,159915.SZ
2021-05-10,0.001966478045821507,0.0017664780458215069,2.0,518880.SH
2021-05-11,-0.0013404825737265424,-0.0013404825737265424,0.0,518880.SH
2021-05-12,0.0018791946308724938,0.0018791946308724938,0.0,518880.SH
2021-05-13,-0.0003209576158319516,-0.0005209576158319516,2.0,159915.SZ
2021-05-14,0.032337434094903195,0.032337434094903195,0.0,159915.SZ
2021-05-17,0.02383384405856326,0.02383384405856326,0.0,159915.SZ
2021-05-18,-0.006318589956767595,-0.006318589956767595,0.0,159915.SZ
2021-05-19,0.008032128514056325,0.008032128514056325,0.0,159915.SZ
2021-05-20,0.010292164674634785,0.010292164674634785,0.0,159915.SZ
2021-05-21,-0.010187315149523535,-0.010187315149523535,0.0,159915.SZ
2021-05-24,-0.0027481315613460122,-0.0029481315613460123,2.0,518880.SH
2021-05-25,-0.004179728317659337,-0.004179728317659337,0.0,518880.SH
2021-05-26,0.0036974163908845004,0.0034974163908845003,2.0,159915.SZ
2021-05-27,0.0074313408723747365,0.0074313408723747365,0.0,159915.SZ
2021-05-28,0.0009621552277101486,0.0009621552277101486,0.0,159915.SZ
2021-05-31,0.023710349247036078,0.023710349247036078,0.0,159915.SZ
2021-06-01,-0.0021909233176837795,-0.0021909233176837795,0.0,159915.SZ
2021-06-02,-0.005413456155462626,-0.005613456155462626,2.0,518880.SH
2021-06-03,-0.005009227524387039,-0.005009227524387039,0.0,518880.SH
2021-06-04,0.004841035571885088,0.004641035571885089,2.0,159915.SZ
2021-06-07,-0.006049028971665149,-0.006049028971665149,0.0,159915.SZ
2021-06-08,-0.005445227418321541,-0.005445227418321541,0.0,159915.SZ
2021-06-09,-0.0016103059581320522,-0.0016103059581320522,0.0,159915.SZ
2021-06-10,0.02548387096774185,0.02548387096774185,0.0,159915.SZ
2021-06-11,0.005033029254482457,0.005033029254482457,0.0,159915.SZ
2021-06-15,-0.012519561815336422,-0.012519561815336422,0.0,159915.SZ
2021-06-16,-0.0014340675543077497,-0.0016340675543077498,2.0,513100.SH
2021-06-17,-0.0032587442971974134,-0.0032587442971974134,0.0,513100.SH
2021-06-18,0.020924149956408122,0.020924149956408122,0.0,513100.SH
2021-06-21,-0.0091801878736123,-0.0091801878736123,0.0,513100.SH
2021-06-22,0.006464124111182912,0.006464124111182912,0.0,513100.SH
2021-06-23,0.015414258188824581,0.015414258188824581,0.0,513100.SH
2021-06-24,-0.0002108370229813028,-0.0002108370229813028,0.0,513100.SH
2021-06-25,0.002952340784479146,0.002952340784479146,0.0,513100.SH
2021-06-28,0.0023128679562658405,0.0023128679562658405,0.0,513100.SH
2021-06-29,0.007551919446192379,0.007551919446192379,0.0,513100.SH
2021-06-30,0.007078909015198809,0.007078909015198809,0.0,513100.SH
2021-07-01,-0.0020673971469918895,-0.0020673971469918895,0.0,513100.SH
2021-07-02,0.0002071680132589293,0.0002071680132589293,0.0,513100.SH
2021-07-05,0.011391880695940326,0.011391880695940326,0.0,513100.SH
2021-07-06,0.0008191685439278285,0.0008191685439278285,0.0,513100.SH
2021-07-07,0.006547984448536992,0.006547984448536992,0.0,513100.SH
2021-07-08,-0.0018296401707662557,-0.0018296401707662557,0.0,513100.SH
2021-07-09,-0.0014256619144603633,-0.0014256619144603633,0.0,513100.SH
2021-07-12,0.006322659596165625,0.006322659596165625,0.0,513100.SH
2021-07-13,0.001216051884880498,0.001216051884880498,0.0,513100.SH
2021-07-14,-0.00040485829959524544,-0.00040485829959524544,0.0,513100.SH
2021-07-15,0.0020251113811260435,0.0020251113811260435,0.0,513100.SH
2021-07-16,-0.009094583670169909,-0.009094583670169909,0.0,513100.SH
2021-07-19,-0.005914746073832355,-0.005914746073832355,0.0,513100.SH
2021-07-20,-0.0022568732047597573,-0.0022568732047597573,0.0,513100.SH
2021-07-21,0.0061690314620603814,0.0061690314620603814,0.0,513100.SH
2021-07-22,0.0003671626349464052,0.0001671626349464052,2.0,159915.SZ
2021-07-23,-0.020651541593949996,-0.020651541593949996,0.0,159915.SZ
2021-07-26,-0.002080187472324635,-0.002280187472324635,2.0,513100.SH
2021-07-27,-0.002182106724856192,-0.002182106724856192,0.0,513100.SH
2021-07-28,-0.00994035785288272,-0.00994035785288272,0.0,513100.SH
2021-07-29,0.0003892792494697428,0.00018927924946974278,2.0,518880.SH
2021-07-30,0.003236245954692629,0.003236245954692629,0.0,518880.SH
2021-08-02,-0.010752688172043001,-0.010752688172043001,0.0,518880.SH
2021-08-03,-0.007425452096960439,-0.007625452096960438,2.0,159915.SZ
2021-08-04,0.024680344930122056,0.024680344930122056,0.0,159915.SZ
2021-08-05,-0.007835171213000591,-0.007835171213000591,0.0,159915.SZ
2021-08-06,0.004081232267190815,0.003881232267190815,2.0,513100.SH
2021-08-09,-0.004967216371945193,-0.004967216371945193,0.0,513100.SH
2021-08-10,0.004592651757188371,0.004592651757188371,0.0,513100.SH
2021-08-11,-0.00496919101570259,-0.00496919101570259,0.0,513100.SH
2021-08-12,-0.0027966440271673942,-0.0027966440271673942,0.0,513100.SH
2021-08-13,0.0036057692307691624,0.0036057692307691624,0.0,513100.SH
2021-08-16,0.0023952095808383866,0.0023952095808383866,0.0,513100.SH
2021-08-17,0.003385105535643085,0.003385105535643085,0.0,513100.SH
2021-08-18,-0.005953562214724983,-0.005953562214724983,0.0,513100.SH
2021-08-19,-0.0173687362747057,-0.0173687362747057,0.0,513100.SH
2021-08-20,0.009345794392523477,0.009345794392523477,0.0,513100.SH
2021-08-23,0.016505636070853535,0.016505636070853535,0.0,513100.SH
2021-08-24,0.014455445544554468,0.014455445544554468,0.0,513100.SH
2021-08-25,0.0010130251994293626,0.0008130251994293627,2.0,510300.SH
2021-08-26,-0.01709917521625426,-0.01709917521625426,0.0,510300.SH
2021-08-27,0.004261093151941342,0.004061093151941342,2.0,513100.SH
2021-08-30,0.007624633431084993,0.007624633431084993,0.0,513100.SH
2021-08-31,0.013581684128832094,0.013581684128832094,0.0,513100.SH
2021-09-01,-0.004594180704441064,-0.004594180704441064,0.0,513100.SH
2021-09-02,-0.0013461538461539968,-0.0013461538461539968,0.0,513100.SH
2021-09-03,-0.002118236087040093,-0.002118236087040093,0.0,513100.SH
2021-09-06,0.0025086839058279242,0.0025086839058279242,0.0,513100.SH
2021-09-07,-0.0044254666238213725,-0.004625466623821372,2.0,518880.SH
2021-09-08,-0.011634199134199164,-0.011634199134199164,0.0,518880.SH
2021-09-09,-0.005838538012135408,-0.006038538012135408,2.0,513100.SH
2021-09-10,-0.0032913843175218505,-0.0032913843175218505,0.0,513100.SH
2021-09-13,-0.005050505050504972,-0.005050505050504972,0.0,513100.SH
2021-09-14,-0.005857087075361256,-0.005857087075361256,0.0,513100.SH
2021-09-15,-0.011353421690198928,-0.011553421690198929,2.0,510300.SH
2021-09-16,-0.011324570273003154,-0.011324570273003154,0.0,510300.SH
2021-09-17,0.004097336781097027,0.0038973367810970273,2.0,513100.SH
2021-09-22,-0.02453748782862697,-0.02453748782862697,0.0,513100.SH
2021-09-23,0.009820476487857777,0.009620476487857776,2.0,510300.SH
2021-09-24,0.0014216084484157676,0.0014216084484157676,0.0,510300.SH
2021-09-27,0.00648955587102007,0.00648955587102007,0.0,510300.SH
2021-09-28,-0.0018134193028410683,-0.0018134193028410683,0.0,510300.SH
2021-09-29,-0.00666128381106168,-0.00666128381106168,0.0,510300.SH
2021-09-30,0.0028449502133709448,0.0028449502133709448,0.0,510300.SH
2021-10-08,0.014387031408308104,0.014387031408308104,0.0,510300.SH
2021-10-11,-0.00019976028765478215,-0.00019976028765478215,0.0,510300.SH
2021-10-12,-0.016209107348347906,-0.016409107348347905,2.0,159915.SZ
2021-10-13,0.022024983563445177,0.022024983563445177,0.0,159915.SZ
2021-10-14,-0.0070801520374360605,-0.00728015203743606,2.0,510300.SH
2021-10-15,0.004817342432757776,0.004817342432757776,0.0,510300.SH
2021-10-18,-0.0024861292943119118,-0.002686129294311912,2.0,159915.SZ
2021-10-19,0.005989911727616537,0.005989911727616537,0.0,159915.SZ
2021-10-20,-0.0018802883108742785,-0.0018802883108742785,0.0,159915.SZ
2021-10-21,-0.0034536891679749493,-0.0034536891679749493,0.0,159915.SZ
2021-10-22,0.003465658475110267,0.003465658475110267,0.0,159915.SZ
2021-10-25,0.016012558869701765,0.016012558869701765,0.0,159915.SZ
2021-10-26,-0.004635352286773808,-0.004635352286773808,0.0,159915.SZ
2021-10-27,-0.004967401428127904,-0.004967401428127904,0.0,159915.SZ
2021-10-28,-0.008424336973478996,-0.008424336973478996,0.0,159915.SZ
2021-10-29,0.022341095028319824,0.022341095028319824,0.0,159915.SZ
2021-11-01,-0.007694675284702912,-0.007694675284702912,0.0,159915.SZ
2021-11-02,0.001240694789081953,0.001240694789081953,0.0,159915.SZ
2021-11-03,-0.0036967130392568937,-0.0038967130392568937,2.0,513100.SH
2021-11-04,0.01373259584207509,0.01373259584207509,0.0,513100.SH
2021-11-05,0.012229539040451431,0.012229539040451431,0.0,513100.SH
2021-11-08,-0.0033457249070631967,-0.0033457249070631967,0.0,513100.SH
2021-11-09,0.0011189854531892252,0.0011189854531892252,0.0,513100.SH
2021-11-10,-0.009687034277198303,-0.009687034277198303,0.0,513100.SH
2021-11-11,-0.008276899924755332,-0.008276899924755332,0.0,513100.SH
2021-11-12,-0.00037936267071336793,-0.00037936267071336793,0.0,513100.SH
2021-11-15,0.012523719165085545,0.012523719165085545,0.0,513100.SH
2021-11-16,-0.005997001499250421,-0.005997001499250421,0.0,513100.SH
2021-11-17,0.008107088989441902,0.008107088989441902,0.0,513100.SH
2021-11-18,0.0022442491116512198,0.0022442491116512198,0.0,513100.SH
2021-11-19,0.013808546370591479,0.013808546370591479,0.0,513100.SH
2021-11-22,0.00276090557702946,0.00276090557702946,0.0,513100.SH
2021-11-23,-0.016336270190895785,-0.016336270190895785,0.0,513100.SH
2021-11-24,0.0016794178018286754,0.0016794178018286754,0.0,513100.SH
2021-11-25,0.005029806259314373,0.005029806259314373,0.0,513100.SH
2021-11-26,-0.005150409042902093,-0.005350409042902093,2.0,159915.SZ
2021-11-29,0.007431629013079588,0.007431629013079588,0.0,159915.SZ
2021-11-30,-0.0008852168781350311,-0.0008852168781350311,0.0,159915.SZ
2021-12-01,-0.006202008269344361,-0.006202008269344361,0.0,159915.SZ
2021-12-02,-0.002971768202080338,-0.002971768202080338,0.0,159915.SZ
2021-12-03,0.0044709388971684305,0.0044709388971684305,0.0,159915.SZ
2021-12-06,-0.022551928783382857,-0.022551928783382857,0.0,159915.SZ
2021-12-07,0.007481555629703651,0.0072815556297036515,2.0,510300.SH
2021-12-08,0.01439424230307873,0.01439424230307873,0.0,510300.SH
2021-12-09,0.01655498620417828,0.01655498620417828,0.0,510300.SH
2021-12-10,-0.0029081039162468514,-0.0029081039162468514,0.0,510300.SH
2021-12-13,0.002527707563678927,0.002527707563678927,0.0,510300.SH
2021-12-14,-0.006012412723041205,-0.006012412723041205,0.0,510300.SH
2021-12-15,-0.008975609756097569,-0.008975609756097569,0.0,510300.SH
2021-12-16,0.005316007088009389,0.005316007088009389,0.0,510300.SH
2021-12-17,-0.014296905601253296,-0.014296905601253296,0.0,510300.SH
2021-12-20,-0.01490164911583558,-0.01490164911583558,0.0,510300.SH
2021-12-21,0.004235578862444633,0.004235578862444633,0.0,510300.SH
2021-12-22,0.000602530628640352,0.000602530628640352,0.0,510300.SH
2021-12-23,0.007627458851866331,0.007627458851866331,0.0,510300.SH
2021-12-24,-0.004581673306772727,-0.004581673306772727,0.0,510300.SH
2021-12-27,0.0008004802881729223,0.0008004802881729223,0.0,510300.SH
2021-12-28,0.005198960207958514,0.005198960207958514,0.0,510300.SH
2021-12-29,-0.013328028645315348,-0.013328028645315348,0.0,510300.SH
2021-12-30,-0.0033167495854062867,-0.003516749585406287,2.0,518880.SH
2021-12-31,0.010260676650027722,0.010260676650027722,0.0,518880.SH
2022-01-04,-0.006313477902827214,-0.006313477902827214,0.0,518880.SH
2022-01-05,-0.002335439079763524,-0.002535439079763524,2.0,513100.SH
2022-01-06,-0.027562771380026385,-0.027562771380026385,0.0,513100.SH
2022-01-07,0.004146806466933217,0.0039468064669332175,2.0,518880.SH
2022-01-10,0.0019487750556792527,0.0019487750556792527,0.0,518880.SH
2022-01-11,0.008335648791330863,0.008335648791330863,0.0,518880.SH
2022-01-12,0.004684486084320705,0.004684486084320705,0.0,518880.SH
2022-01-13,0.0021941854086671153,0.0021941854086671153,0.0,518880.SH
2022-01-14,-0.0010946907498631253,-0.0010946907498631253,0.0,518880.SH
2022-01-17,-0.004109589041095929,-0.004109589041095929,0.0,518880.SH
2022-01-18,-0.0016506189821182682,-0.0016506189821182682,0.0,518880.SH
2022-01-19,-0.0011022320198401658,-0.0011022320198401658,0.0,518880.SH
2022-01-20,0.013517241379310319,0.013517241379310319,0.0,518880.SH
2022-01-21,-0.0005443658138268859,-0.0005443658138268859,0.0,518880.SH
2022-01-24,-0.002723311546841023,-0.002723311546841023,0.0,518880.SH
2022-01-25,0.0024576734025123503,0.0024576734025123503,0.0,518880.SH
2022-01-26,0.0008172160174340082,0.0008172160174340082,0.0,518880.SH
2022-01-27,-0.01850843767011434,-0.01850843767011434,0.0,518880.SH
2022-01-28,-0.0033277870216306127,-0.0033277870216306127,0.0,518880.SH
2022-02-07,0.0072342793544797335,0.0072342793544797335,0.0,518880.SH
2022-02-08,0.005801104972375626,0.005801104972375626,0.0,518880.SH
2022-02-09,0.004669046965119383,0.004669046965119383,0.0,518880.SH
2022-02-10,0.001913613996719521,0.001913613996719521,0.0,518880.SH
2022-02-11,-0.00545702592087316,-0.00545702592087316,0.0,518880.SH
2022-02-14,0.016460905349794164,0.016460905349794164,0.0,518880.SH
2022-02-15,0.009986504723346723,0.009986504723346723,0.0,518880.SH
2022-02-16,-0.01336183858898976,-0.01336183858898976,0.0,518880.SH
2022-02-17,0.009209100758396538,0.009209100758396538,0.0,518880.SH
2022-02-18,0.00912506709608163,0.00912506709608163,0.0,518880.SH
2022-02-21,-0.0015957446808509967,-0.0015957446808509967,0.0,518880.SH
2022-02-22,0.012519978689397915,0.012519978689397915,0.0,518880.SH
2022-02-23,-0.007629571165482907,-0.007629571165482907,0.0,518880.SH
2022-02-24,0.02147401908801716,0.02147401908801716,0.0,518880.SH
2022-02-25,-0.011938749026732531,-0.011938749026732531,0.0,518880.SH
2022-02-28,-0.00525348043078544,-0.00525348043078544,0.0,518880.SH
2022-03-01,-0.00026406126221278914,-0.00026406126221278914,0.0,518880.SH
2022-03-02,0.01347068145800323,0.01347068145800323,0.0,518880.SH
2022-03-03,-0.0026062027625749495,-0.0026062027625749495,0.0,518880.SH
2022-03-04,0.0036582179252679925,0.0036582179252679925,0.0,518880.SH
2022-03-07,0.022129653736006283,0.022129653736006283,0.0,518880.SH
2022-03-08,0.022669383596535697,0.022669383596535697,0.0,518880.SH
2022-03-09,0.011457036114570496,0.011457036114570496,0.0,518880.SH
2022-03-10,-0.03201181974883027,-0.03201181974883027,0.0,518880.SH
2022-03-11,0.001526329178326069,0.001526329178326069,0.0,518880.SH
2022-03-14,-0.005080010160020354,-0.005080010160020354,0.0,518880.SH
2022-03-15,-0.021700280827163687,-0.021700280827163687,0.0,518880.SH
2022-03-16,-0.009394572025052228,-0.009394572025052228,0.0,518880.SH
2022-03-17,0.012908324552160177,0.012908324552160177,0.0,518880.SH
2022-03-18,0.001560468140441973,0.001560468140441973,0.0,518880.SH
2022-03-21,-0.002596728122565506,-0.002596728122565506,0.0,518880.SH
2022-03-22,0.006508721687060737,0.006508721687060737,0.0,518880.SH
2022-03-23,-0.004381567397642616,-0.004581567397642616,2.0,513100.SH
2022-03-24,-0.009424083769633662,-0.009424083769633662,0.0,513100.SH
2022-03-25,0.017970401691332016,0.017970401691332016,0.0,513100.SH
2022-03-28,-0.005192107995846351,-0.005192107995846351,0.0,513100.SH
2022-03-29,0.02087682672233826,0.02087682672233826,0.0,513100.SH
2022-03-30,0.0122699386503069,0.0122699386503069,0.0,513100.SH
2022-03-31,-0.007070707070707116,-0.007070707070707116,0.0,513100.SH
2022-04-01,-0.010172939979654072,-0.010172939979654072,0.0,513100.SH
2022-04-06,-0.006166495375128478,-0.006166495375128478,0.0,513100.SH
2022-04-07,-0.020682523267838704,-0.020682523267838704,0.0,513100.SH
2022-04-08,0.006335797254487963,0.006335797254487963,0.0,513100.SH
2022-04-11,-0.025183630640083887,-0.025183630640083887,0.0,513100.SH
2022-04-12,-0.019375672766415386,-0.019375672766415386,0.0,513100.SH
2022-04-13,0.006586169045005308,0.006586169045005308,0.0,513100.SH
2022-04-14,0.015267175572519331,0.015267175572519331,0.0,513100.SH
2022-04-15,-0.027926960257787292,-0.027926960257787292,0.0,513100.SH
2022-04-18,-0.006733277290071338,-0.0069332772900713375,2.0,518880.SH
2022-04-19,-0.007814469372321664,-0.007814469372321664,0.0,518880.SH
2022-04-20,-0.012703252032520318,-0.012703252032520318,0.0,518880.SH
2022-04-21,0.013124034997426648,0.013124034997426648,0.0,518880.SH
2022-04-22,0.0035560071120142034,0.0035560071120142034,0.0,518880.SH
2022-04-25,-0.006833712984054663,-0.006833712984054663,0.0,518880.SH
2022-04-26,-0.0086646279306829,-0.0086646279306829,0.0,518880.SH
2022-04-27,0.0005141388174807471,0.0005141388174807471,0.0,518880.SH
2022-04-28,-0.0005138746145939566,-0.0005138746145939566,0.0,518880.SH
2022-04-29,0.013367609254498758,0.013367609254498758,0.0,518880.SH
2022-05-05,-0.0032978183663116,-0.0032978183663116,0.0,518880.SH
2022-05-06,-0.001781623822855627,-0.001781623822855627,0.0,518880.SH
2022-05-09,0.004334523202447649,0.004334523202447649,0.0,518880.SH
2022-05-10,-0.007362274689007298,-0.007362274689007298,0.0,518880.SH
2022-05-11,-0.005115089514066473,-0.005115089514066473,0.0,518880.SH
2022-05-12,0.009768637532133528,0.009768637532133528,0.0,518880.SH
2022-05-13,-0.010183299389002087,-0.010183299389002087,0.0,518880.SH
2022-05-16,-0.009516460905349744,-0.009516460905349744,0.0,518880.SH
2022-05-17,0.006751493118670515,0.006751493118670515,0.0,518880.SH
2022-05-18,-0.010575187000257946,-0.010575187000257946,0.0,518880.SH
2022-05-19,0.026881752749653876,0.026681752749653877,2.0,159915.SZ
2022-05-20,0.01777970511708582,0.01777970511708582,0.0,159915.SZ
2022-05-23,-0.0063911376224968786,-0.0063911376224968786,0.0,159915.SZ
2022-05-24,-0.036878216123499064,-0.036878216123499064,0.0,159915.SZ
2022-05-25,0.003116651825467498,0.003116651825467498,0.0,159915.SZ
2022-05-26,-0.001775410563692903,-0.001775410563692903,0.0,159915.SZ
2022-05-27,0.0008892841262782003,0.0008892841262782003,0.0,159915.SZ
2022-05-30,0.011106175033318566,0.011106175033318566,0.0,159915.SZ
2022-05-31,0.01590062111801238,0.015700621118012383,2.0,510300.SH
2022-06-01,-0.0014673514306676738,-0.0014673514306676738,0.0,510300.SH
2022-06-02,0.014978914144069044,0.014778914144069044,2.0,159915.SZ
2022-06-06,0.038139145012573206,0.038139145012573206,0.0,159915.SZ
2022-06-07,0.00040371417036744184,0.00040371417036744184,0.0,159915.SZ
2022-06-08,0.006456820016142117,0.006456820016142117,0.0,159915.SZ
2022-06-09,-0.028468323977546173,-0.028468323977546173,0.0,159915.SZ
2022-06-10,0.015076225603852356,0.014876225603852355,2.0,510300.SH
2022-06-13,-0.012241054613936098,-0.012241054613936098,0.0,510300.SH
2022-06-14,0.005613887970805864,0.0054138879708058646,2.0,159915.SZ
2022-06-15,0.008888888888888724,0.008888888888888724,0.0,159915.SZ
2022-06-16,0.004004805766920416,0.004004805766920416,0.0,159915.SZ
2022-06-17,0.030714000797766206,0.030714000797766206,0.0,159915.SZ
2022-06-20,0.016253869969040213,0.016253869969040213,0.0,159915.SZ
2022-06-21,-0.004188880426504116,-0.004188880426504116,0.0,159915.SZ
2022-06-22,-0.00726577437858511,-0.00726577437858511,0.0,159915.SZ
2022-06-23,0.03235747303543923,0.03235747303543923,0.0,159915.SZ
2022-06-24,0.02164179104477615,0.02164179104477615,0.0,159915.SZ
2022-06-27,0.001095690284879547,0.001095690284879547,0.0,159915.SZ
2022-06-28,0.004742794600510747,0.004742794600510747,0.0,159915.SZ
2022-06-29,-0.02578068264342781,-0.02578068264342781,0.0,159915.SZ
2022-06-30,0.017517704062616435,0.017517704062616435,0.0,159915.SZ
2022-07-01,-0.011355311355311426,-0.011355311355311426,0.0,159915.SZ
2022-07-04,0.018895887365691033,0.018895887365691033,0.0,159915.SZ
2022-07-05,-0.0040000000000000036,-0.0040000000000000036,0.0,159915.SZ
2022-07-06,-0.005111354508944843,-0.005111354508944843,0.0,159915.SZ
2022-07-07,0.016146788990825778,0.016146788990825778,0.0,159915.SZ
2022-07-08,-0.013723365836041945,-0.013723365836041945,0.0,159915.SZ
2022-07-11,-0.015012815818381542,-0.015012815818381542,0.0,159915.SZ
2022-07-12,-0.025278810408921992,-0.025278810408921992,0.0,159915.SZ
2022-07-13,0.01639969488939741,0.01639969488939741,0.0,159915.SZ
2022-07-14,0.026266416510318802,0.026266416510318802,0.0,159915.SZ
2022-07-15,-0.02010968921389389,-0.02010968921389389,0.0,159915.SZ
2022-07-18,0.010274616127993408,0.010074616127993407,2.0,513100.SH
2022-07-19,-0.014268727705113005,-0.014268727705113005,0.0,513100.SH
2022-07-20,0.03256936067551264,0.03256936067551264,0.0,513100.SH
2022-07-21,0.005841121495327117,0.005841121495327117,0.0,513100.SH
2022-07-22,0.006968641114982521,0.006968641114982521,0.0,513100.SH
2022-07-25,-0.014994232987312728,-0.014994232987312728,0.0,513100.SH
2022-07-26,-0.005854800936768156,-0.005854800936768156,0.0,513100.SH
2022-07-27,0.0,0.0,0.0,513100.SH
2022-07-28,0.0176678445229681,0.0176678445229681,0.0,513100.SH
2022-07-29,0.0277777777777779,0.0277777777777779,0.0,513100.SH
2022-08-01,-0.0022522522522523403,-0.0022522522522523403,0.0,513100.SH
2022-08-02,0.0,0.0,0.0,513100.SH
2022-08-03,0.0,0.0,0.0,513100.SH
2022-08-04,0.028216704288939187,0.028216704288939187,0.0,513100.SH
2022-08-05,0.004390779363336872,0.004390779363336872,0.0,513100.SH
2022-08-08,-0.003278688524590234,-0.003278688524590234,0.0,513100.SH
2022-08-09,-0.007675438596491113,-0.007675438596491113,0.0,513100.SH
2022-08-10,-0.014364640883978042,-0.014364640883978042,0.0,513100.SH
2022-08-11,0.034753363228699596,0.034753363228699596,0.0,513100.SH
2022-08-12,-0.009750812567713929,-0.009750812567713929,0.0,513100.SH
2022-08-15,0.018599562363238675,0.018599562363238675,0.0,513100.SH
2022-08-16,0.011815252416756072,0.011815252416756072,0.0,513100.SH
2022-08-17,-0.0031847133757960666,-0.0031847133757960666,0.0,513100.SH
2022-08-18,-0.013844515441959415,-0.013844515441959415,0.0,513100.SH
2022-08-19,0.002159827213822796,0.002159827213822796,0.0,513100.SH
2022-08-22,-0.017241379310344862,-0.017241379310344862,0.0,513100.SH
2022-08-23,-0.018640350877192846,-0.018640350877192846,0.0,513100.SH
2022-08-24,0.003351955307262511,0.003351955307262511,0.0,513100.SH
2022-08-25,0.003869527070843981,0.003669527070843981,2.0,518880.SH
2022-08-26,0.00026336581511721135,0.00026336581511721135,0.0,518880.SH
2022-08-29,-0.0033851109468528984,-0.0035851109468528985,2.0,513100.SH
2022-08-30,0.004550625711035261,0.004550625711035261,0.0,513100.SH
2022-08-31,-0.014210521729541292,-0.014410521729541293,2.0,518880.SH
2022-09-01,-0.007450771687067648,-0.007450771687067648,0.0,518880.SH
2022-09-02,-0.0010723860589811895,-0.0010723860589811895,0.0,518880.SH
2022-09-05,0.01046698872785834,0.01046698872785834,0.0,518880.SH
2022-09-06,0.00504648074369185,0.00504648074369185,0.0,518880.SH
2022-09-07,-0.006606765327695552,-0.006606765327695552,0.0,518880.SH
2022-09-08,0.008246874168661877,0.008246874168661877,0.0,518880.SH
2022-09-09,-0.0013192612137202797,-0.0013192612137202797,0.0,518880.SH
2022-09-13,0.0005284015852047297,0.0005284015852047297,0.0,518880.SH
2022-09-14,-0.007129654079746528,-0.007129654079746528,0.0,518880.SH
2022-09-15,-0.004255319148936065,-0.004255319148936065,0.0,518880.SH
2022-09-16,-0.004273504273504258,-0.004273504273504258,0.0,518880.SH
2022-09-19,0.0034871244635192866,0.0034871244635192866,0.0,518880.SH
2022-09-20,0.003475006682705173,0.003475006682705173,0.0,518880.SH
2022-09-21,0.0013319126265316505,0.0013319126265316505,0.0,518880.SH
2022-09-22,-0.0015961691939344602,-0.0015961691939344602,0.0,518880.SH
2022-09-23,0.004529709565680662,0.004529709565680662,0.0,518880.SH
2022-09-26,-0.009018567639257236,-0.009018567639257236,0.0,518880.SH
2022-09-27,0.002676659528907832,0.002676659528907832,0.0,518880.SH
2022-09-28,0.0013347570742123782,0.0013347570742123782,0.0,518880.SH
2022-09-29,0.007731271660890382,0.007731271660890382,0.0,518880.SH
2022-09-30,0.0007936507936507908,0.0007936507936507908,0.0,518880.SH
2022-10-10,0.007137192704202988,0.007137192704202988,0.0,518880.SH
2022-10-11,-0.0020997375328084544,-0.0020997375328084544,0.0,518880.SH
2022-10-12,0.002630194634402949,0.002630194634402949,0.0,518880.SH
2022-10-13,0.0013116474291712255,0.0013116474291712255,0.0,518880.SH
2022-10-14,-0.0010479434110558516,-0.0010479434110558516,0.0,518880.SH
2022-10-17,-0.0055074744295831035,-0.0055074744295831035,0.0,518880.SH
2022-10-18,0.002637130801687926,0.002637130801687926,0.0,518880.SH
2022-10-19,-0.002367175170962632,-0.002367175170962632,0.0,518880.SH
2022-10-20,-0.004745583970471978,-0.004745583970471978,0.0,518880.SH
2022-10-21,-0.001059602649006619,-0.001059602649006619,0.0,518880.SH
2022-10-24,0.012993900822063198,0.012993900822063198,0.0,518880.SH
2022-10-25,0.0018324607329842646,0.0018324607329842646,0.0,518880.SH
2022-10-26,-0.000783903841128808,-0.000783903841128808,0.0,518880.SH
2022-10-27,-0.0018305439330542628,-0.0018305439330542628,0.0,518880.SH
2022-10-28,0.0007859575582918055,0.0007859575582918055,0.0,518880.SH
2022-10-31,-0.003403141361256523,-0.003403141361256523,0.0,518880.SH
2022-11-01,0.0007880220646179215,0.0007880220646179215,0.0,518880.SH
2022-11-02,0.0018372703412072866,0.0018372703412072866,0.0,518880.SH
2022-11-03,-0.003143830233167444,-0.003143830233167444,0.0,518880.SH
2022-11-04,0.03294321629822283,0.032743216298222834,2.0,159915.SZ
2022-11-07,-0.0016785564414603105,-0.0016785564414603105,0.0,159915.SZ
2022-11-08,-0.006725514922236275,-0.006725514922236275,0.0,159915.SZ
2022-11-09,-0.015658061785865374,-0.015658061785865374,0.0,159915.SZ
2022-11-10,-0.00861996478937066,-0.00881996478937066,2.0,518880.SH
2022-11-11,0.006878980891719788,0.006878980891719788,0.0,518880.SH
2022-11-14,-0.009868421052631637,-0.009868421052631637,0.0,518880.SH
2022-11-15,0.011862068383569069,0.011662068383569068,2.0,513100.SH
2022-11-16,0.007017543859649145,0.007017543859649145,0.0,513100.SH
2022-11-17,-0.009451902453123662,-0.009651902453123662,2.0,518880.SH
2022-11-18,-0.0015159171298636531,-0.0015159171298636531,0.0,518880.SH
2022-11-21,-0.004048582995951455,-0.004048582995951455,0.0,518880.SH
2022-11-22,-0.00101626016260159,-0.00101626016260159,0.0,518880.SH
2022-11-23,0.0,0.0,0.0,518880.SH
2022-11-24,0.0038148524923702354,0.0038148524923702354,0.0,518880.SH
2022-11-25,0.0030402837598175747,0.0030402837598175747,0.0,518880.SH
2022-11-28,0.009111151765833103,0.008911151765833103,2.0,510300.SH
2022-11-29,0.030590717299578074,0.030590717299578074,0.0,510300.SH
2022-11-30,0.0007676560900717888,0.0007676560900717888,0.0,510300.SH
2022-12-01,0.0204800797464757,0.0202800797464757,2.0,518880.SH
2022-12-02,0.005813953488372103,0.005813953488372103,0.0,518880.SH
2022-12-05,-0.009801457652676593,-0.009801457652676593,0.0,518880.SH
2022-12-06,-0.000193597855609573,-0.00039359785560957297,2.0,510300.SH
2022-12-07,-0.002979885771045465,-0.002979885771045465,0.0,510300.SH
2022-12-08,0.0022415940224160824,0.0022415940224160824,0.0,510300.SH
2022-12-09,0.008449304174950045,0.008449304174950045,0.0,510300.SH
2022-12-12,-0.010349926071956617,-0.010349926071956617,0.0,510300.SH
2022-12-13,-0.0027390438247012483,-0.0027390438247012483,0.0,510300.SH
2022-12-14,0.0024968789013732895,0.0024968789013732895,0.0,510300.SH
2022-12-15,-0.0004981320049813887,-0.0004981320049813887,0.0,510300.SH
2022-12-16,0.000996760528283236,0.000996760528283236,0.0,510300.SH
2022-12-19,-0.014438635797858979,-0.014438635797858979,0.0,510300.SH
2022-12-20,-0.01591310937105339,-0.01591310937105339,0.0,510300.SH
2022-12-21,-0.0007700205338808663,-0.0007700205338808663,0.0,510300.SH
2022-12-22,0.004394258220799863,0.004194258220799863,2.0,518880.SH
2022-12-23,-0.008289374529012794,-0.008289374529012794,0.0,518880.SH
2022-12-26,0.0030785819770120515,0.0028785819770120514,2.0,510300.SH
2022-12-27,0.012051282051282142,0.012051282051282142,0.0,510300.SH
2022-12-28,-0.003293640739802428,-0.003293640739802428,0.0,510300.SH
2022-12-29,-0.006322200438212966,-0.006522200438212966,2.0,518880.SH
2022-12-30,0.0065656565656566634,0.0065656565656566634,0.0,518880.SH
2023-01-03,0.00025087807325641087,0.00025087807325641087,0.0,518880.SH
2023-01-04,0.003762227238525151,0.003762227238525151,0.0,518880.SH
2023-01-05,-0.0002498750624686519,-0.0002498750624686519,0.0,518880.SH
2023-01-06,-0.007248187953011853,-0.007248187953011853,0.0,518880.SH
2023-01-09,0.010825780463242562,0.010825780463242562,0.0,518880.SH
2023-01-10,-0.0004981320049812776,-0.0004981320049812776,0.0,518880.SH
2023-01-11,0.0029902815848492637,0.0029902815848492637,0.0,518880.SH
2023-01-12,-0.0014906832298137163,-0.0014906832298137163,0.0,518880.SH
2023-01-13,0.009598234003834305,0.009398234003834305,2.0,159915.SZ
2023-01-16,0.018618121638394936,0.018618121638394936,0.0,159915.SZ
2023-01-17,0.0032493907392363575,0.0032493907392363575,0.0,159915.SZ
2023-01-18,-0.0008097165991903799,-0.0008097165991903799,0.0,159915.SZ
2023-01-19,0.007751930362609016,0.007551930362609017,2.0,510300.SH
2023-01-20,0.005531505531505498,0.005531505531505498,0.0,510300.SH
2023-01-30,0.0014982685406204066,0.0012982685406204065,2.0,159915.SZ
2023-01-31,-0.010264508487958901,-0.010264508487958901,0.0,159915.SZ
2023-02-01,0.011966493817311408,0.011966493817311408,0.0,159915.SZ
2023-02-02,-0.005124162396531351,-0.005124162396531351,0.0,159915.SZ
2023-02-03,-0.009508716323296418,-0.009508716323296418,0.0,159915.SZ
2023-02-06,-0.012800000000000034,-0.012800000000000034,0.0,159915.SZ
2023-02-07,0.0012749117189063686,0.0010749117189063685,2.0,513100.SH
2023-02-08,0.018475750577367167,0.018475750577367167,0.0,513100.SH
2023-02-09,-0.010204081632652962,-0.010204081632652962,0.0,513100.SH
2023-02-10,-0.014891179839633506,-0.014891179839633506,0.0,513100.SH
2023-02-13,-0.0011627906976744429,-0.0011627906976744429,0.0,513100.SH
2023-02-14,0.01396973224679865,0.01396973224679865,0.0,513100.SH
2023-02-15,0.0022962112514353095,0.0022962112514353095,0.0,513100.SH
2023-02-16,0.019473081328751585,0.019473081328751585,0.0,513100.SH
2023-02-17,-0.028089887640449618,-0.028089887640449618,0.0,513100.SH
2023-02-20,0.003468208092485714,0.003468208092485714,0.0,513100.SH
2023-02-21,-0.0023041474654378336,-0.0023041474654378336,0.0,513100.SH
2023-02-22,-0.018475750577367278,-0.018475750577367278,0.0,513100.SH
2023-02-23,0.008235294117647118,0.008235294117647118,0.0,513100.SH
2023-02-24,0.003500583430571691,0.003500583430571691,0.0,513100.SH
2023-02-27,-0.00930232558139521,-0.00930232558139521,0.0,513100.SH
2023-02-28,0.0035211267605632646,0.0035211267605632646,0.0,513100.SH
2023-03-01,-0.0035087719298244613,-0.0035087719298244613,0.0,513100.SH
2023-03-02,-0.014084507042253613,-0.014084507042253613,0.0,513100.SH
2023-03-03,0.007844562934237853,0.0076445629342378535,2.0,510300.SH
2023-03-06,-0.006062075654703958,-0.006062075654703958,0.0,510300.SH
2023-03-07,5.511910279309973e-06,-0.00019448808972069004,2.0,518880.SH
2023-03-08,-0.010549558390578806,-0.010549558390578806,0.0,518880.SH
2023-03-09,0.0,0.0,0.0,518880.SH
2023-03-10,0.006942722539052815,0.006942722539052815,0.0,518880.SH
2023-03-13,0.006894853484363583,0.006894853484363583,0.0,518880.SH
2023-03-14,0.012961604304230878,0.012961604304230878,0.0,518880.SH
2023-03-15,-0.0007242877836793893,-0.0007242877836793893,0.0,518880.SH
2023-03-16,0.008456148828219323,0.008456148828219323,0.0,518880.SH
2023-03-17,0.005749880210828895,0.005749880210828895,0.0,518880.SH
2023-03-20,0.030728918532634486,0.030728918532634486,0.0,518880.SH
2023-03-21,-0.00947538710422935,-0.00947538710422935,0.0,518880.SH
2023-03-22,-0.01469902006532886,-0.01469902006532886,0.0,518880.SH
2023-03-23,0.007103954534690926,0.007103954534690926,0.0,518880.SH
2023-03-24,0.005172819186456623,0.005172819186456623,0.0,518880.SH
2023-03-27,-0.006783625730994114,-0.006783625730994114,0.0,518880.SH
2023-03-28,-0.004945831370702036,-0.004945831370702036,0.0,518880.SH
2023-03-29,0.0035502958579882726,0.0035502958579882726,0.0,518880.SH
2023-03-30,0.0018867924528302993,0.0018867924528302993,0.0,518880.SH
2023-03-31,-0.0011047510489973211,-0.0013047510489973212,2.0,513100.SH
2023-04-03,0.013215859030837107,0.013215859030837107,0.0,513100.SH
2023-04-04,0.0021739130434781373,0.0021739130434781373,0.0,513100.SH
2023-04-06,-0.017353579175705014,-0.017353579175705014,0.0,513100.SH
2023-04-07,0.010868033645569986,0.010668033645569985,2.0,518880.SH
2023-04-10,-0.00947319778188549,-0.00947319778188549,0.0,518880.SH
2023-04-11,-0.000933053417307983,-0.001133053417307983,2.0,513100.SH
2023-04-12,-0.007650273224043769,-0.007650273224043769,0.0,513100.SH
2023-04-13,-0.0066079295154185536,-0.0066079295154185536,0.0,513100.SH
2023-04-14,0.01070849200670776,0.010508492006707759,2.0,518880.SH
2023-04-17,-0.009619789280806201,-0.009619789280806201,0.0,518880.SH
2023-04-18,-0.008688093393625973,-0.008888093393625974,2.0,159915.SZ
2023-04-19,-0.006372132540356845,-0.006372132540356845,0.0,159915.SZ
2023-04-20,-0.004494496575062845,-0.004694496575062845,2.0,510300.SH
2023-04-21,-0.017791859614915806,-0.017791859614915806,0.0,510300.SH
2023-04-24,-0.002450235568041803,-0.002650235568041803,2.0,513100.SH
2023-04-25,0.0,0.0,0.0,513100.SH
2023-04-26,-5.2790393066382e-05,-0.000252790393066382,2.0,518880.SH
2023-04-27,0.0023132084200785386,0.0023132084200785386,0.0,518880.SH
2023-04-28,-0.008077544426494332,-0.008077544426494332,0.0,518880.SH
2023-05-04,0.028298934611609816,0.028098934611609817,2.0,513100.SH
2023-05-05,-0.002178649237472685,-0.002178649237472685,0.0,513100.SH
2023-05-08,0.017613544132058623,0.017413544132058624,2.0,518880.SH
2023-05-09,0.002060439560439331,0.002060439560439331,0.0,518880.SH
2023-05-10,0.006903547744794292,0.006703547744794292,2.0,513100.SH
2023-05-11,0.012903225806451424,0.012903225806451424,0.0,513100.SH
2023-05-12,0.00424628450106157,0.00424628450106157,0.0,513100.SH
2023-05-15,-0.002114164904862492,-0.002114164904862492,0.0,513100.SH
2023-05-16,0.0031779661016948513,0.0031779661016948513,0.0,513100.SH
2023-05-17,0.006335797254487963,0.006335797254487963,0.0,513100.SH
2023-05-18,0.015739769150052485,0.015739769150052485,0.0,513100.SH
2023-05-19,0.022727272727272707,0.022727272727272707,0.0,513100.SH
2023-05-22,-0.0060606060606061,-0.0060606060606061,0.0,513100.SH
2023-05-23,0.008130081300813163,0.008130081300813163,0.0,513100.SH
2023-05-24,-0.01512096774193561,-0.01512096774193561,0.0,513100.SH
2023-05-25,0.016376663254861867,0.016376663254861867,0.0,513100.SH
2023-05-26,0.0030211480362538623,0.0030211480362538623,0.0,513100.SH
2023-05-29,0.03614457831325302,0.03614457831325302,0.0,513100.SH
2023-05-30,0.0029069767441860517,0.0029069767441860517,0.0,513100.SH
2023-05-31,-0.0038647342995170586,-0.0038647342995170586,0.0,513100.SH
2023-06-01,-0.0009699321047524911,-0.0009699321047524911,0.0,513100.SH
2023-06-02,0.012621359223300876,0.012621359223300876,0.0,513100.SH
2023-06-05,0.004793863854266611,0.004793863854266611,0.0,513100.SH
2023-06-06,0.000954198473282375,0.000954198473282375,0.0,513100.SH
2023-06-07,0.0028598665395616063,0.0028598665395616063,0.0,513100.SH
2023-06-08,-0.020912547528517123,-0.020912547528517123,0.0,513100.SH
2023-06-09,0.0165048543689319,0.0165048543689319,0.0,513100.SH
2023-06-12,0.011461318051575908,0.011461318051575908,0.0,513100.SH
2023-06-13,0.02455146364494798,0.02455146364494798,0.0,513100.SH
2023-06-14,0.0009216589861753555,0.0009216589861753555,0.0,513100.SH
2023-06-15,0.004604051565377354,0.004604051565377354,0.0,513100.SH
2023-06-16,0.008249312557287114,0.008249312557287114,0.0,513100.SH
2023-06-19,-0.0036363636363635488,-0.0036363636363635488,0.0,513100.SH
2023-06-20,-0.0009124087591242391,-0.0009124087591242391,0.0,513100.SH
2023-06-21,0.004566210045662267,0.004566210045662267,0.0,513100.SH
2023-06-26,-0.00818181818181829,-0.00818181818181829,0.0,513100.SH
2023-06-27,-0.013748854262144672,-0.013748854262144672,0.0,513100.SH
2023-06-28,0.013011152416356753,0.013011152416356753,0.0,513100.SH
2023-06-29,0.008256880733944927,0.008256880733944927,0.0,513100.SH
2023-06-30,0.0009099181073703999,0.0009099181073703999,0.0,513100.SH
2023-07-03,0.016363636363636358,0.016363636363636358,0.0,513100.SH
2023-07-04,-0.00536672629695889,-0.00536672629695889,0.0,513100.SH
2023-07-05,-0.0017985611510792365,-0.0017985611510792365,0.0,513100.SH
2023-07-06,0.0009009009009006697,0.0009009009009006697,0.0,513100.SH
2023-07-07,-0.004500450045004323,-0.004500450045004323,0.0,513100.SH
2023-07-10,-0.009945750452079793,-0.009945750452079793,0.0,513100.SH
2023-07-11,0.005479452054794498,0.005479452054794498,0.0,513100.SH
2023-07-12,0.0009082652134424496,0.0009082652134424496,0.0,513100.SH
2023-07-13,0.014519056261343088,0.014519056261343088,0.0,513100.SH
2023-07-14,0.007155635062611632,0.007155635062611632,0.0,513100.SH
2023-07-17,0.005328596802842034,0.005328596802842034,0.0,513100.SH
2023-07-18,0.008833922261484162,0.008833922261484162,0.0,513100.SH
2023-07-19,0.01838879159369533,0.01838879159369533,0.0,513100.SH
2023-07-20,-0.013757523645743786,-0.013757523645743786,0.0,513100.SH
2023-07-21,-0.016564952048823134,-0.016564952048823134,0.0,513100.SH
2023-07-24,-0.005337477089807807,-0.005537477089807807,2.0,518880.SH
2023-07-25,-0.004952723998199016,-0.004952723998199016,0.0,518880.SH
2023-07-26,0.0020171785528371178,0.0018171785528371177,2.0,513100.SH
2023-07-27,0.008841732979664174,0.008841732979664174,0.0,513100.SH
2023-07-28,-0.006134969325153561,-0.006134969325153561,0.0,513100.SH
2023-07-31,0.006638275906568625,0.006438275906568625,2.0,510300.SH
2023-08-01,-0.004407443682663992,-0.004407443682663992,0.0,510300.SH
2023-08-02,-0.012147477842748833,-0.012347477842748833,2.0,513100.SH
2023-08-03,-0.016710642040457135,-0.016710642040457135,0.0,513100.SH
2023-08-04,-0.0024336114872721692,-0.0026336114872721693,2.0,510300.SH
2023-08-07,-0.007572056668295413,-0.007572056668295413,0.0,510300.SH
2023-08-08,-0.0036918533103618145,-0.0036918533103618145,0.0,510300.SH
2023-08-09,-0.0019762845849801147,-0.0019762845849801147,0.0,510300.SH
2023-08-10,0.0012376237623761277,0.0012376237623761277,0.0,510300.SH
2023-08-11,-0.023485784919653807,-0.023485784919653807,0.0,510300.SH
2023-08-14,-0.0064997634645984625,-0.006699763464598462,2.0,518880.SH
2023-08-15,0.0022619316896628217,0.0022619316896628217,0.0,518880.SH
2023-08-16,0.0004513653802753481,0.0004513653802753481,0.0,518880.SH
2023-08-17,0.005507005390339659,0.005307005390339659,2.0,510300.SH
2023-08-18,-0.012813941568426412,-0.012813941568426412,0.0,510300.SH
2023-08-21,-0.013499480789200491,-0.013499480789200491,0.0,510300.SH
2023-08-22,0.004057047218859244,0.0038570472188592443,2.0,518880.SH
2023-08-23,0.004739336492890933,0.004739336492890933,0.0,518880.SH
2023-08-24,0.0026954177897575704,0.0026954177897575704,0.0,518880.SH
2023-08-25,-0.0035842293906810374,-0.0035842293906810374,0.0,518880.SH
2023-08-28,0.0004496402877698369,0.0004496402877698369,0.0,518880.SH
2023-08-29,0.002696629213483126,0.002696629213483126,0.0,518880.SH
2023-08-30,0.003361721201255108,0.003361721201255108,0.0,518880.SH
2023-08-31,0.003797185615367349,0.003797185615367349,0.0,518880.SH
2023-09-01,-0.001112594570538472,-0.001112594570538472,0.0,518880.SH
2023-09-04,0.00378703497438182,0.00378703497438182,0.0,518880.SH
2023-09-05,0.00044385264092317023,0.00044385264092317023,0.0,518880.SH
2023-09-06,-0.0006654835847382801,-0.0006654835847382801,0.0,518880.SH
2023-09-07,-0.00022197558268599593,-0.00022197558268599593,0.0,518880.SH
2023-09-08,0.007104795737122638,0.007104795737122638,0.0,518880.SH
2023-09-11,0.001984126984126977,0.001984126984126977,0.0,518880.SH
2023-09-12,0.00022002200220039292,0.00022002200220039292,0.0,518880.SH
2023-09-13,0.0024197096348439473,0.0024197096348439473,0.0,518880.SH
2023-09-14,0.007680491551459223,0.007680491551459223,0.0,518880.SH
2023-09-15,-0.009581881533100911,-0.009581881533100911,0.0,518880.SH
2023-09-18,-0.0006596306068601399,-0.0008596306068601398,2.0,513100.SH
2023-09-19,-0.000889679715302516,-0.000889679715302516,0.0,513100.SH
2023-09-20,0.0034781748712477967,0.0032781748712477966,2.0,518880.SH
2023-09-21,-0.0030474531998259113,-0.0030474531998259113,0.0,518880.SH
2023-09-22,-0.004148471615720517,-0.004148471615720517,0.0,518880.SH
2023-09-25,0.004385003288752465,0.004385003288752465,0.0,518880.SH
2023-09-26,-0.0006548788474132206,-0.0006548788474132206,0.0,518880.SH
2023-09-27,-0.014635211882918386,-0.014635211882918386,0.0,518880.SH
2023-09-28,-0.01662602527155843,-0.01662602527155843,0.0,518880.SH
2023-10-09,-0.0069882777276825125,-0.0069882777276825125,0.0,518880.SH
2023-10-10,-0.012939841089670945,-0.012939841089670945,0.0,518880.SH
2023-10-11,0.0027137265763852447,0.0025137265763852446,2.0,513100.SH
2023-10-12,0.008944543828264484,0.008944543828264484,0.0,513100.SH
2023-10-13,-0.005319148936169915,-0.005319148936169915,0.0,513100.SH
2023-10-16,-0.009803921568627638,-0.009803921568627638,0.0,513100.SH
2023-10-17,0.0090017044599906,0.0088017044599906,2.0,518880.SH
2023-10-18,0.009598214285714057,0.009598214285714057,0.0,518880.SH
2023-10-19,0.00530621269069198,0.00530621269069198,0.0,518880.SH
2023-10-20,0.01099626127116804,0.01099626127116804,0.0,518880.SH
2023-10-23,-0.005438329345225257,-0.005438329345225257,0.0,518880.SH
2023-10-24,0.0006561679790026975,0.0006561679790026975,0.0,518880.SH
2023-10-25,-0.003934426229508126,-0.003934426229508126,0.0,518880.SH
2023-10-26,0.007241606319947191,0.007241606319947191,0.0,518880.SH
2023-10-27,0.0019607843137254832,0.0019607843137254832,0.0,518880.SH
2023-10-30,0.0021743857360294605,0.0021743857360294605,0.0,518880.SH
2023-10-31,0.0023866348448686736,0.0023866348448686736,0.0,518880.SH
2023-11-01,-0.003679653679653727,-0.003679653679653727,0.0,518880.SH
2023-11-02,0.002172496198131757,0.002172496198131757,0.0,518880.SH
2023-11-03,-0.0006503360069369801,-0.0006503360069369801,0.0,518880.SH
2023-11-06,-0.004989154013015362,-0.004989154013015362,0.0,518880.SH
2023-11-07,-0.003924133420536213,-0.003924133420536213,0.0,518880.SH
2023-11-08,-0.003939592908732692,-0.003939592908732692,0.0,518880.SH
2023-11-09,-0.0065919578114700395,-0.0065919578114700395,0.0,518880.SH
2023-11-10,0.007299270072992803,0.007299270072992803,0.0,518880.SH
2023-11-13,-0.003513394817742599,-0.003513394817742599,0.0,518880.SH
2023-11-14,0.006162387016461324,0.005962387016461324,2.0,513100.SH
2023-11-15,0.017482517482517723,0.017482517482517723,0.0,513100.SH
2023-11-16,-0.004295532646048095,-0.004295532646048095,0.0,513100.SH
2023-11-17,0.0017256255392581465,0.0017256255392581465,0.0,513100.SH
2023-11-20,-0.013781223083548677,-0.013781223083548677,0.0,513100.SH
2023-11-21,0.002878645638452859,0.002678645638452859,2.0,159915.SZ
2023-11-22,-0.016571724495080264,-0.016571724495080264,0.0,159915.SZ
2023-11-23,-0.002252799173458442,-0.002452799173458442,2.0,513100.SH
2023-11-24,0.0008650519031143666,0.0008650519031143666,0.0,513100.SH
2023-11-27,-0.005185825410544576,-0.005185825410544576,0.0,513100.SH
2023-11-28,0.0026064291920067095,0.0026064291920067095,0.0,513100.SH
2023-11-29,0.0,0.0,0.0,513100.SH
2023-11-30,-0.0008665511265163461,-0.0008665511265163461,0.0,513100.SH
2023-12-01,-0.004336513443191636,-0.004336513443191636,0.0,513100.SH
2023-12-04,0.0017421602787455193,0.0017421602787455193,0.0,513100.SH
2023-12-05,-0.011304347826086913,-0.011304347826086913,0.0,513100.SH
2023-12-06,0.014072119613016687,0.014072119613016687,0.0,513100.SH
2023-12-07,-0.011274934952298477,-0.011274934952298477,0.0,513100.SH
2023-12-08,0.015140664570278739,0.014940664570278738,2.0,518880.SH
2023-12-11,-0.007405793944674333,-0.007405793944674333,0.0,518880.SH
2023-12-12,-0.0022251891410772773,-0.0024251891410772774,2.0,513100.SH
2023-12-13,0.011035653650254718,0.011035653650254718,0.0,513100.SH
2023-12-14,0.010915197313182023,0.010915197313182023,0.0,513100.SH
2023-12-15,-0.009136212624584639,-0.009136212624584639,0.0,513100.SH
2023-12-18,0.007544006705783479,0.007544006705783479,0.0,513100.SH
2023-12-19,0.005823627287853794,0.005823627287853794,0.0,513100.SH
2023-12-20,0.005789909015715411,0.005789909015715411,0.0,513100.SH
2023-12-21,-0.013157894736842146,-0.013157894736842146,0.0,513100.SH
2023-12-22,0.0050000000000001155,0.0050000000000001155,0.0,513100.SH
2023-12-25,0.0008291873963515162,0.0008291873963515162,0.0,513100.SH
2023-12-26,0.006628003314001818,0.006628003314001818,0.0,513100.SH
2023-12-27,0.003292181069958877,0.003292181069958877,0.0,513100.SH
2023-12-28,-0.0024610336341264194,-0.0024610336341264194,0.0,513100.SH
2023-12-29,-0.002467105263157854,-0.002467105263157854,0.0,513100.SH
2024-01-02,-0.002473206924979432,-0.002473206924979432,0.0,513100.SH
2024-01-03,-0.015702479338842945,-0.015702479338842945,0.0,513100.SH
2024-01-04,-0.005037783375314908,-0.005037783375314908,0.0,513100.SH
2024-01-05,-0.007594936708860911,-0.007594936708860911,0.0,513100.SH
2024-01-08,0.0025510204081633514,0.0025510204081633514,0.0,513100.SH
2024-01-09,0.025445292620865256,0.025445292620865256,0.0,513100.SH
2024-01-10,0.0,0.0,0.0,513100.SH
2024-01-11,0.009707526024590907,0.009507526024590906,2.0,518880.SH
2024-01-12,0.003239041243791707,0.003239041243791707,0.0,518880.SH
2024-01-15,0.005811450710288435,0.005811450710288435,0.0,518880.SH
2024-01-16,0.0008559811684141216,0.0008559811684141216,0.0,518880.SH
2024-01-17,-0.009835364549925063,-0.009835364549925063,0.0,518880.SH
2024-01-18,-0.003239041243791929,-0.003239041243791929,0.0,518880.SH
2024-01-19,0.005849220103986141,0.005849220103986141,0.0,518880.SH
2024-01-22,0.009319977521937917,0.009119977521937916,2.0,513100.SH
2024-01-23,-0.007031250000000155,-0.007031250000000155,0.0,513100.SH
2024-01-24,0.0055074744295831035,0.0055074744295831035,0.0,513100.SH
2024-01-25,-0.005477308294209782,-0.005477308294209782,0.0,513100.SH
2024-01-26,-0.007867820613689958,-0.007867820613689958,0.0,513100.SH
2024-01-29,0.008723235527359208,0.008723235527359208,0.0,513100.SH
2024-01-30,0.015723270440251458,0.015723270440251458,0.0,513100.SH
2024-01-31,-0.021671826625386914,-0.021671826625386914,0.0,513100.SH
2024-02-01,-0.009493670886076,-0.009493670886076,0.0,513100.SH
2024-02-02,0.024760383386581264,0.024760383386581264,0.0,513100.SH
2024-02-05,0.004676539360872978,0.004676539360872978,0.0,513100.SH
2024-02-06,0.0015515903801397446,0.0015515903801397446,0.0,513100.SH
2024-02-07,-0.009295120061967532,-0.009295120061967532,0.0,513100.SH
2024-02-08,0.022673964034402028,0.022673964034402028,0.0,513100.SH
2024-02-19,-0.005351681957186605,-0.005351681957186605,0.0,513100.SH
2024-02-20,-0.001537279016141535,-0.001537279016141535,0.0,513100.SH
2024-02-21,-0.013086989992301623,-0.013086989992301623,0.0,513100.SH
2024-02-22,0.01716068642745716,0.01716068642745716,0.0,513100.SH
2024-02-23,0.014678907181003842,0.014478907181003841,2.0,510300.SH
2024-02-26,-0.010063254744105965,-0.010063254744105965,0.0,510300.SH
2024-02-27,0.011908219575951229,0.011908219575951229,0.0,510300.SH
2024-02-28,-0.010332950631458004,-0.010332950631458004,0.0,510300.SH
2024-02-29,0.01595127610208813,0.01595127610208813,0.0,510300.SH
2024-03-01,0.007707679132172407,0.007707679132172407,0.0,510300.SH
2024-03-04,-0.0008498583569405138,-0.0008498583569405138,0.0,510300.SH
2024-03-05,0.0016622595362998371,0.001462259536299837,2.0,159915.SZ
2024-03-06,0.0011235955056179137,0.0011235955056179137,0.0,159915.SZ
2024-03-07,-0.02244668911335579,-0.02244668911335579,0.0,159915.SZ
2024-03-08,0.008036739380022917,0.008036739380022917,0.0,159915.SZ
2024-03-11,0.04783599088838275,0.04783599088838275,0.0,159915.SZ
2024-03-12,0.0059782608695651,0.0059782608695651,0.0,159915.SZ
2024-03-13,-0.0054024851431658805,-0.0054024851431658805,0.0,159915.SZ
2024-03-14,-0.004888647474198704,-0.004888647474198704,0.0,159915.SZ
2024-03-15,0.0005458515283842669,0.0005458515283842669,0.0,159915.SZ
2024-03-18,0.022913256955810146,0.022913256955810146,0.0,159915.SZ
2024-03-19,-0.011733333333333373,-0.011733333333333373,0.0,159915.SZ
2024-03-20,0.001618996222342295,0.001618996222342295,0.0,159915.SZ
2024-03-21,-0.0053879310344827624,-0.0053879310344827624,0.0,159915.SZ
2024-03-22,-0.0010192028781413898,-0.0012192028781413899,2.0,518880.SH
2024-03-25,0.002021835826931051,0.002021835826931051,0.0,518880.SH
2024-03-26,0.0020177562550443007,0.0020177562550443007,0.0,518880.SH
2024-03-27,0.00483286347160683,0.00483286347160683,0.0,518880.SH
2024-03-28,0.007815631262525047,0.007815631262525047,0.0,518880.SH
2024-03-29,0.01928812885265474,0.01928812885265474,0.0,518880.SH
2024-04-01,0.005657432696059228,0.005657432696059228,0.0,518880.SH
2024-04-02,0.0007759456838021261,0.0007759456838021261,0.0,518880.SH
2024-04-03,0.01395619306067064,0.01395619306067064,0.0,518880.SH
2024-04-08,0.023513668514624442,0.023513668514624442,0.0,518880.SH
2024-04-09,0.0028016436309301618,0.0028016436309301618,0.0,518880.SH
2024-04-10,0.003538834047308592,0.003538834047308592,0.0,518880.SH
2024-04-11,-0.007423904974016349,-0.007423904974016349,0.0,518880.SH
2024-04-12,0.029169783096484547,0.029169783096484547,0.0,518880.SH
2024-04-15,-0.015806686046511587,-0.015806686046511587,0.0,518880.SH
2024-04-16,0.006461140852870528,0.006461140852870528,0.0,518880.SH
2024-04-17,0.0016507703595012302,0.0016507703595012302,0.0,518880.SH
2024-04-18,-0.0029298663248489287,-0.0029298663248489287,0.0,518880.SH
2024-04-19,0.0047750229568410685,0.0047750229568410685,0.0,518880.SH
2024-04-22,-0.01955766770243106,-0.01955766770243106,0.0,518880.SH
2024-04-23,-0.02460850111856816,-0.02460850111856816,0.0,518880.SH
2024-04-24,0.010512232415902156,0.010512232415902156,0.0,518880.SH
2024-04-25,0.000189143181388296,0.000189143181388296,0.0,518880.SH
2024-04-26,0.007753403933434155,0.007753403933434155,0.0,518880.SH
2024-04-29,-0.006567836367048274,-0.006567836367048274,0.0,518880.SH
2024-04-30,-0.001511144692104227,-0.001511144692104227,0.0,518880.SH
2024-05-06,-0.006053726825577033,-0.006053726825577033,0.0,518880.SH
2024-05-07,0.005945956389357576,0.0057459563893575765,2.0,510300.SH
2024-05-08,-0.007945205479451989,-0.007945205479451989,0.0,510300.SH
2024-05-09,0.009665838166252438,0.009665838166252438,0.0,510300.SH
2024-05-10,-0.007791724472562933,-0.007991724472562934,2.0,159915.SZ
2024-05-13,-0.012500000000000067,-0.012500000000000067,0.0,159915.SZ
2024-05-14,0.000556230222695353,0.00035623022269535307,2.0,510300.SH
2024-05-15,-0.0071252397917236365,-0.0071252397917236365,0.0,510300.SH
2024-05-16,0.003312172232955879,0.003312172232955879,0.0,510300.SH
2024-05-17,0.011279229711141703,0.011279229711141703,0.0,510300.SH
2024-05-20,0.0021762785636560977,0.0021762785636560977,0.0,510300.SH
2024-05-21,-0.0020888268445271585,-0.0022888268445271586,2.0,513100.SH
2024-05-22,0.003665689149559892,0.003665689149559892,0.0,513100.SH
2024-05-23,0.008765522279035931,0.008765522279035931,0.0,513100.SH
2024-05-24,-0.016654598117306185,-0.016654598117306185,0.0,513100.SH
2024-05-27,0.01178203240058906,0.01178203240058906,0.0,513100.SH
2024-05-28,0.004366812227073913,0.004366812227073913,0.0,513100.SH
2024-05-29,-0.004347826086956275,-0.004347826086956275,0.0,513100.SH
2024-05-30,-0.01091703056768567,-0.01091703056768567,0.0,513100.SH
2024-05-31,-0.004415011037527616,-0.004415011037527616,0.0,513100.SH
2024-06-03,0.0044345898004434225,0.0044345898004434225,0.0,513100.SH
2024-06-04,-0.0029433406916850036,-0.0029433406916850036,0.0,513100.SH
2024-06-05,0.00811808118081192,0.00811808118081192,0.0,513100.SH
2024-06-06,0.019765739385065872,0.019765739385065872,0.0,513100.SH
2024-06-07,0.00071787508973431,0.00071787508973431,0.0,513100.SH
2024-06-11,0.0007173601147776321,0.0007173601147776321,0.0,513100.SH
2024-06-12,0.009318996415770497,0.009318996415770497,0.0,513100.SH
2024-06-13,0.019886363636363757,0.019886363636363757,0.0,513100.SH
2024-06-14,-0.0006963788300835549,-0.0006963788300835549,0.0,513100.SH
2024-06-17,0.004181184668989646,0.004181184668989646,0.0,513100.SH
2024-06-18,0.013185287994448291,0.013185287994448291,0.0,513100.SH
2024-06-19,0.00136986301369868,0.00136986301369868,0.0,513100.SH
2024-06-20,0.0068399452804377425,0.0068399452804377425,0.0,513100.SH
2024-06-21,-0.014945652173913082,-0.014945652173913082,0.0,513100.SH
2024-06-24,-0.004137931034482789,-0.004137931034482789,0.0,513100.SH
2024-06-25,-0.010387811634348876,-0.010387811634348876,0.0,513100.SH
2024-06-26,0.018894331700489708,0.018894331700489708,0.0,513100.SH
2024-06-27,-0.0006868131868130734,-0.0006868131868130734,0.0,513100.SH
2024-06-28,0.013745704467353903,0.013745704467353903,0.0,513100.SH
2024-07-01,-0.0013559322033899202,-0.0013559322033899202,0.0,513100.SH
2024-07-02,0.0006788866259332949,0.0006788866259332949,0.0,513100.SH
2024-07-03,0.01831750339213034,0.01831750339213034,0.0,513100.SH
2024-07-04,0.005996002664890199,0.005996002664890199,0.0,513100.SH
2024-07-05,0.012582781456953462,0.012582781456953462,0.0,513100.SH
2024-07-08,0.015042511445389373,0.015042511445389373,0.0,513100.SH
2024-07-09,0.010309278350515427,0.010309278350515427,0.0,513100.SH
2024-07-10,-0.012755102040816424,-0.012755102040816424,0.0,513100.SH
2024-07-11,0.004521963824289266,0.004521963824289266,0.0,513100.SH
2024-07-12,-0.04051446945337611,-0.04051446945337611,0.0,513100.SH
2024-07-15,0.006862965898831286,0.006662965898831286,2.0,518880.SH
2024-07-16,0.011576626240352716,0.011576626240352716,0.0,518880.SH
2024-07-17,0.012897366030880875,0.012897366030880875,0.0,518880.SH
2024-07-18,-0.0005380200860830575,-0.0005380200860830575,0.0,518880.SH
2024-07-19,-0.026556612237574106,-0.026556612237574106,0.0,518880.SH
2024-07-22,-0.006309736385020193,-0.006509736385020192,2.0,510300.SH
2024-07-23,-0.019602352282273805,-0.019602352282273805,0.0,510300.SH
2024-07-24,-0.013298004568173427,-0.013498004568173428,2.0,513100.SH
2024-07-25,-0.02831491712707168,-0.02831491712707168,0.0,513100.SH
2024-07-26,-0.0007203654704106555,-0.0009203654704106554,2.0,518880.SH
2024-07-29,0.006915887850467373,0.006915887850467373,0.0,518880.SH
2024-07-30,0.0012994245405606453,0.0012994245405606453,0.0,518880.SH
2024-07-31,0.007786429365962189,0.007786429365962189,0.0,518880.SH
2024-08-01,0.008094186902134037,0.008094186902134037,0.0,518880.SH
2024-08-02,0.0045620437956204185,0.0045620437956204185,0.0,518880.SH
2024-08-05,-0.02524977293369668,-0.02524977293369668,0.0,518880.SH
2024-08-06,-0.007267983600447225,-0.007267983600447225,0.0,518880.SH
2024-08-07,0.004693073024216288,0.004693073024216288,0.0,518880.SH
2024-08-08,-0.0005605381165919576,-0.0005605381165919576,0.0,518880.SH
2024-08-09,0.00878668910076641,0.00878668910076641,0.0,518880.SH
2024-08-12,0.007598220904373676,0.007598220904373676,0.0,518880.SH
2024-08-13,0.006805223468824728,0.006805223468824728,0.0,518880.SH
2024-08-14,-0.003288271830471312,-0.003288271830471312,0.0,518880.SH
2024-08-15,-0.0023826979472142407,-0.0023826979472142407,0.0,518880.SH
2024-08-16,0.0018372221201543582,0.0018372221201543582,0.0,518880.SH
2024-08-19,0.011003117549972519,0.011003117549972519,0.0,518880.SH
2024-08-20,0.0,0.0,0.0,518880.SH
2024-08-21,0.004353346635225908,0.004353346635225908,0.0,518880.SH
2024-08-22,-0.0025284450063211006,-0.0025284450063211006,0.0,518880.SH
2024-08-23,-0.0034401593336954583,-0.0034401593336954583,0.0,518880.SH
2024-08-26,0.006177325581395499,0.006177325581395499,0.0,518880.SH
2024-08-27,-0.0007222824124233362,-0.0007222824124233362,0.0,518880.SH
2024-08-28,-0.0010842067220817597,-0.0010842067220817597,0.0,518880.SH
2024-08-29,0.0012662807525327668,0.0012662807525327668,0.0,518880.SH
2024-08-30,-0.0023486901535682003,-0.0023486901535682003,0.0,518880.SH
2024-09-02,-0.003078594712060956,-0.003278594712060956,2.0,513100.SH
2024-09-03,0.0013995801259620855,0.0013995801259620855,0.0,513100.SH
2024-09-04,-0.052410901467505155,-0.052410901467505155,0.0,513100.SH
2024-09-05,0.010865442502086209,0.010665442502086208,2.0,518880.SH
2024-09-06,0.0027262813522357376,0.0027262813522357376,0.0,518880.SH
2024-09-09,-0.007250317201377587,-0.007250317201377587,0.0,518880.SH
2024-09-10,0.006572941391272513,0.006572941391272513,0.0,518880.SH
2024-09-11,0.005260293850897879,0.005260293850897879,0.0,518880.SH
2024-09-12,-0.001984843016961446,-0.001984843016961446,0.0,518880.SH
2024-09-13,0.014463930573133332,0.014463930573133332,0.0,518880.SH
2024-09-18,-0.0003564427018356575,-0.0003564427018356575,0.0,518880.SH
2024-09-19,-0.0016045640934213568,-0.0016045640934213568,0.0,518880.SH
2024-09-20,0.011250000000000204,0.011250000000000204,0.0,518880.SH
2024-09-23,0.008476072752957808,0.008476072752957808,0.0,518880.SH
2024-09-24,-0.002451409560497275,-0.002451409560497275,0.0,518880.SH
2024-09-25,0.007547832192382087,0.007547832192382087,0.0,518880.SH
2024-09-26,0.05478464118449522,0.05458464118449522,2.0,159915.SZ
2024-09-27,0.10320284697508897,0.10320284697508897,0.0,159915.SZ
2024-09-30,0.19999999999999996,0.19999999999999996,0.0,159915.SZ
2024-10-08,0.19982078853046592,0.19982078853046592,0.0,159915.SZ
2024-10-09,-0.16280806572068707,-0.16280806572068707,0.0,159915.SZ
2024-10-10,-0.030330062444246186,-0.030330062444246186,0.0,159915.SZ
2024-10-11,-0.05243790248390057,-0.05243790248390057,0.0,159915.SZ
2024-10-14,0.027184466019417597,0.027184466019417597,0.0,159915.SZ
2024-10-15,-0.03355387523629494,-0.03355387523629494,0.0,159915.SZ
2024-10-16,-0.022004889975550057,-0.022004889975550057,0.0,159915.SZ
2024-10-17,-0.0024999999999999467,-0.0024999999999999467,0.0,159915.SZ
2024-10-18,0.08070175438596494,0.08070175438596494,0.0,159915.SZ
2024-10-21,0.005102040816326481,0.005102040816326481,0.0,159915.SZ
2024-10-22,0.00369173973234882,0.00369173973234882,0.0,159915.SZ
2024-10-23,-0.005977011494252782,-0.005977011494252782,0.0,159915.SZ
2024-10-24,-0.013876040703052595,-0.013876040703052595,0.0,159915.SZ
2024-10-25,0.030018761726078758,0.030018761726078758,0.0,159915.SZ
2024-10-28,-0.0036429872495445936,-0.0036429872495445936,0.0,159915.SZ
2024-10-29,-0.024223034734917936,-0.024223034734917936,0.0,159915.SZ
2024-10-30,-0.01124121779859466,-0.01124121779859466,0.0,159915.SZ
2024-10-31,0.005210800568450802,0.005210800568450802,0.0,159915.SZ
2024-11-01,-0.01790763430725717,-0.01790763430725717,0.0,159915.SZ
2024-11-04,-0.002270150277913552,-0.002470150277913552,2.0,518880.SH
2024-11-05,0.0,0.0,0.0,518880.SH
2024-11-06,-0.0019980019980020414,-0.0019980019980020414,0.0,518880.SH
2024-11-07,-0.02235568902235563,-0.02235568902235563,0.0,518880.SH
2024-11-08,0.011092150170648463,0.010892150170648462,2.0,513100.SH
2024-11-11,0.005901639344262355,0.005901639344262355,0.0,513100.SH
2024-11-12,-0.007810281952970177,-0.008010281952970178,2.0,159915.SZ
2024-11-13,0.011513859275053218,0.011513859275053218,0.0,159915.SZ
2024-11-14,-0.03541315345699836,-0.03541315345699836,0.0,159915.SZ
2024-11-15,-0.03671328671328655,-0.03671328671328655,0.0,159915.SZ
2024-11-18,0.005821681449860616,0.0056216814498606165,2.0,513100.SH
2024-11-19,0.0033355570380253496,0.0033355570380253496,0.0,513100.SH
2024-11-20,0.011303191489361541,0.011303191489361541,0.0,513100.SH
2024-11-21,-0.007232084155160967,-0.007232084155160967,0.0,513100.SH
2024-11-22,0.007284768211920367,0.007284768211920367,0.0,513100.SH
2024-11-25,0.009861932938856066,0.009861932938856066,0.0,513100.SH
2024-11-26,0.0,0.0,0.0,513100.SH
2024-11-27,0.0026041666666667407,0.0026041666666667407,0.0,513100.SH
2024-11-28,-0.005844155844155985,-0.005844155844155985,0.0,513100.SH
2024-11-29,0.0006531678641410466,0.0006531678641410466,0.0,513100.SH
2024-12-02,0.005221932114882533,0.005221932114882533,0.0,513100.SH
2024-12-03,0.0181818181818183,0.0181818181818183,0.0,513100.SH
2024-12-04,0.004464285714285587,0.004464285714285587,0.0,513100.SH
2024-12-05,0.008888888888888946,0.008888888888888946,0.0,513100.SH
2024-12-06,-0.003146633102580121,-0.003146633102580121,0.0,513100.SH
2024-12-09,0.016414141414141215,0.016414141414141215,0.0,513100.SH
2024-12-10,-0.008074534161490732,-0.008074534161490732,0.0,513100.SH
2024-12-11,-0.0025046963055729288,-0.0025046963055729288,0.0,513100.SH
2024-12-12,0.015065913370998274,0.015065913370998274,0.0,513100.SH
2024-12-13,-0.0031102382926089245,-0.0033102382926089246,2.0,518880.SH
2024-12-16,-0.008998500249958408,-0.008998500249958408,0.0,518880.SH
2024-12-17,-0.006088085968617651,-0.006288085968617651,2.0,513100.SH
2024-12-18,0.00661455201443184,0.00661455201443184,0.0,513100.SH
2024-12-19,-0.02628434886499409,-0.02628434886499409,0.0,513100.SH
2024-12-20,-0.02024539877300613,-0.02024539877300613,0.0,513100.SH
2024-12-23,0.03443957420162813,0.03443957420162813,0.0,513100.SH
2024-12-24,-0.002421307506053405,-0.002421307506053405,0.0,513100.SH
2024-12-25,0.011529126213592367,0.011529126213592367,0.0,513100.SH
2024-12-26,0.004199160167966509,0.004199160167966509,0.0,513100.SH
2024-12-27,-0.007168458781362075,-0.007168458781362075,0.0,513100.SH
2024-12-30,-0.013838748495788145,-0.013838748495788145,0.0,513100.SH
2024-12-31,-0.006101281269066505,-0.006101281269066505,0.0,513100.SH
2025-01-02,0.008594229588704483,0.008594229588704483,0.0,513100.SH
2025-01-03,-0.0060864272671941055,-0.0060864272671941055,0.0,513100.SH
2025-01-06,0.02204531537048382,0.02204531537048382,0.0,513100.SH
2025-01-07,-0.005991611743559,-0.005991611743559,0.0,513100.SH
2025-01-08,-0.01024713682941536,-0.01024713682941536,0.0,513100.SH
2025-01-09,-0.0036540803897686658,-0.0036540803897686658,0.0,513100.SH
2025-01-10,-0.003667481662591565,-0.003667481662591565,0.0,513100.SH
2025-01-13,-0.007998070574757876,-0.008198070574757877,2.0,518880.SH
2025-01-14,-0.008496732026143872,-0.008496732026143872,0.0,518880.SH
2025-01-15,0.005603164139749595,0.005603164139749595,0.0,518880.SH
2025-01-16,0.0032776138970829205,0.0032776138970829205,0.0,518880.SH
2025-01-17,0.002776870303822232,0.002776870303822232,0.0,518880.SH
2025-01-20,-0.0019547157517512126,-0.0019547157517512126,0.0,518880.SH
2025-01-21,0.0,0.0,0.0,518880.SH
2025-01-22,0.008813448669822144,0.008813448669822144,0.0,518880.SH
2025-01-23,0.0009707167125061478,0.0009707167125061478,0.0,518880.SH
2025-01-24,0.0050105058994665,0.0050105058994665,0.0,518880.SH
2025-01-27,-0.002573174654229682,-0.002573174654229682,0.0,518880.SH
2025-02-05,0.038213479522734684,0.038213479522734684,0.0,518880.SH
2025-02-06,-0.005746233887249597,-0.005746233887249597,0.0,518880.SH
2025-02-07,0.00281162136832247,0.00281162136832247,0.0,518880.SH
2025-02-10,0.015264797507788197,0.015264797507788197,0.0,518880.SH
2025-02-11,0.010125805461798087,0.010125805461798087,0.0,518880.SH
2025-02-12,-0.006986634264884439,-0.006986634264884439,0.0,518880.SH
2025-02-13,0.004894463138574556,0.004894463138574556,0.0,518880.SH
2025-02-14,0.0053272450532724225,0.0053272450532724225,0.0,518880.SH
2025-02-17,-0.016805450416351397,-0.016805450416351397,0.0,518880.SH
2025-02-18,-0.016539389471046606,-0.016739389471046605,2.0,159915.SZ
2025-02-19,0.02102803738317749,0.02102803738317749,0.0,159915.SZ
2025-02-20,-0.0013881609239174697,-0.0015881609239174698,2.0,518880.SH
2025-02-21,-0.007705091403535258,-0.007705091403535258,0.0,518880.SH
2025-02-24,-0.007806872356030392,-0.008006872356030393,2.0,159915.SZ
2025-02-25,-0.010805943268797802,-0.010805943268797802,0.0,159915.SZ
2025-02-26,-0.005648513246500064,-0.005848513246500064,2.0,518880.SH
2025-02-27,-0.004141739530602928,-0.004141739530602928,0.0,518880.SH
2025-02-28,-0.03334603760070509,-0.03354603760070509,2.0,159915.SZ
2025-03-03,0.012218045112781795,0.012218045112781795,0.0,159915.SZ
2025-03-04,-0.009305867322486061,-0.009505867322486062,2.0,518880.SH
2025-03-05,0.007385751654100714,0.007385751654100714,0.0,518880.SH
2025-03-06,0.010782067246764893,0.010582067246764892,2.0,159915.SZ
2025-03-07,-0.014148790506617881,-0.014148790506617881,0.0,159915.SZ
2025-03-10,0.004773813777029234,0.004573813777029235,2.0,518880.SH
2025-03-11,-0.005959657701711474,-0.005959657701711474,0.0,518880.SH
2025-03-12,-0.007698296595670784,-0.007898296595670784,2.0,159915.SZ
2025-03-13,-0.01116798510935324,-0.01116798510935324,0.0,159915.SZ
2025-03-14,-0.0029881966233377133,-0.0031881966233377134,2.0,518880.SH
2025-03-17,0.0005994305409859901,0.0005994305409859901,0.0,518880.SH
2025-03-18,0.007488392990864234,0.007488392990864234,0.0,518880.SH
2025-03-19,0.010851791288835955,0.010851791288835955,0.0,518880.SH
2025-03-20,0.0010294117647060563,0.0010294117647060563,0.0,518880.SH
2025-03-21,-0.004847950639048082,-0.004847950639048082,0.0,518880.SH
2025-03-24,0.0008857395925598865,0.0008857395925598865,0.0,518880.SH
2025-03-25,-0.0008849557522123686,-0.0008849557522123686,0.0,518880.SH
2025-03-26,0.003100088573959159,0.003100088573959159,0.0,518880.SH
2025-03-27,0.002501839587932375,0.002501839587932375,0.0,518880.SH
2025-03-28,0.018496770405167284,0.018496770405167284,0.0,518880.SH
2025-03-31,0.010665897953300751,0.010665897953300751,0.0,518880.SH
2025-04-01,0.0062749572162008604,0.0062749572162008604,0.0,518880.SH
2025-04-02,-0.003826530612244916,-0.003826530612244916,0.0,518880.SH
2025-04-03,0.009247403613600769,0.009247403613600769,0.0,518880.SH
2025-04-07,-0.030589230335494877,-0.030589230335494877,0.0,518880.SH
2025-04-08,0.006979787698124129,0.006979787698124129,0.0,518880.SH
2025-04-09,0.012563176895306727,0.012563176895306727,0.0,518880.SH
2025-04-10,0.02167712492869378,0.02167712492869378,0.0,518880.SH
2025-04-11,0.015214963707425921,0.015214963707425921,0.0,518880.SH
2025-04-14,0.007424721572941051,0.007424721572941051,0.0,518880.SH
2025-04-15,-0.0002729630135116512,-0.0002729630135116512,0.0,518880.SH
2025-04-16,0.024300341296928263,0.024300341296928263,0.0,518880.SH
2025-04-17,0.008263361322137897,0.008263361322137897,0.0,518880.SH
2025-04-18,0.002379378717779268,0.002379378717779268,0.0,518880.SH
2025-04-21,0.018594223921930553,0.018594223921930553,0.0,518880.SH
2025-04-22,0.03340238218539615,0.03340238218539615,0.0,518880.SH
2025-04-23,-0.060385868203457815,-0.060385868203457815,0.0,518880.SH
2025-04-24,0.01093333333333324,0.01093333333333324,0.0,518880.SH
2025-04-25,-0.006858348720654162,-0.006858348720654162,0.0,518880.SH
2025-04-28,-0.00863213811420993,-0.00863213811420993,0.0,518880.SH
2025-04-29,0.006965840589417294,0.006965840589417294,0.0,518880.SH
2025-04-30,-0.006119462551549826,-0.006119462551549826,0.0,518880.SH
2025-05-06,0.018872975505287215,0.018872975505287215,0.0,518880.SH
2025-05-07,0.007750919600630679,0.007750919600630679,0.0,518880.SH
2025-05-08,-0.014861165428236234,-0.014861165428236234,0.0,518880.SH
2025-05-09,-0.01521979621542946,-0.01541979621542946,2.0,159915.SZ
2025-05-12,0.02671370967741926,0.02671370967741926,0.0,159915.SZ
2025-05-13,0.0017421524935634647,0.0015421524935634646,2.0,513100.SH
2025-05-14,0.02890932982917227,0.02890932982917227,0.0,513100.SH
2025-05-15,-0.004469987228607919,-0.004469987228607919,0.0,513100.SH
2025-05-16,0.0012828736369467908,0.0012828736369467908,0.0,513100.SH
2025-05-19,-0.008968609865470767,-0.008968609865470767,0.0,513100.SH
2025-05-20,0.01098901098901095,0.01098901098901095,0.0,513100.SH
2025-05-21,-0.009590792838874651,-0.009590792838874651,0.0,513100.SH
2025-05-22,-0.006455777921239636,-0.006455777921239636,0.0,513100.SH
2025-05-23,-0.0032488628979855383,-0.0032488628979855383,0.0,513100.SH
2025-05-26,0.005867014341590648,0.005867014341590648,0.0,513100.SH
2025-05-27,0.004536616979909258,0.004536616979909258,0.0,513100.SH
2025-05-28,0.011612903225806548,0.011612903225806548,0.0,513100.SH
2025-05-29,0.013392857142856984,0.013392857142856984,0.0,513100.SH
2025-05-30,-0.020767778477029486,-0.020767778477029486,0.0,513100.SH
2025-06-03,0.003856041131105492,0.003856041131105492,0.0,513100.SH
2025-06-04,0.008322663252240625,0.008322663252240625,0.0,513100.SH
2025-06-05,-0.0025396825396826195,-0.0025396825396826195,0.0,513100.SH
2025-06-06,-0.0025461489497135004,-0.0025461489497135004,0.0,513100.SH
2025-06-09,0.002552648372686539,0.002552648372686539,0.0,513100.SH
2025-06-10,0.0,0.0,0.0,513100.SH
2025-06-11,0.003819223424570417,0.003819223424570417,0.0,513100.SH
2025-06-12,-0.0038046924540267035,-0.0038046924540267035,0.0,513100.SH
2025-06-13,-0.01572621410117181,-0.015926214101171808,2.0,518880.SH
2025-06-16,-0.0032946758039009705,-0.0032946758039009705,0.0,518880.SH
2025-06-17,-0.008462250429723706,-0.008462250429723706,0.0,518880.SH
2025-06-18,0.0005334044539273552,0.0005334044539273552,0.0,518880.SH
2025-06-19,-0.0050646408103425244,-0.0050646408103425244,0.0,518880.SH
2025-06-20,0.001253229202603512,0.0010532292026035118,2.0,513100.SH
2025-06-23,-0.001920614596671033,-0.001920614596671033,0.0,513100.SH
2025-06-24,0.02309172546504179,0.02309172546504179,0.0,513100.SH
2025-06-25,0.0,0.0,0.0,513100.SH
2025-06-26,-0.005097722702078422,-0.005297722702078422,2.0,159915.SZ
2025-06-27,0.003822264691830002,0.003822264691830002,0.0,159915.SZ
2025-06-30,0.015230842455973281,0.015230842455973281,0.0,159915.SZ
2025-07-01,-0.003281762775433683,-0.003281762775433683,0.0,159915.SZ
2025-07-02,-0.010348071495766553,-0.010348071495766553,0.0,159915.SZ
2025-07-03,0.017585551330798532,0.017585551330798532,0.0,159915.SZ
2025-07-04,-0.0037365716954693706,-0.0037365716954693706,0.0,159915.SZ
2025-07-07,-0.0020610423379264775,-0.0022610423379264776,2.0,513100.SH
2025-07-08,0.0006116207951070152,0.0006116207951070152,0.0,513100.SH
2025-07-09,0.0009427995280051338,0.0007427995280051338,2.0,159915.SZ
2025-07-10,0.00277392510402219,0.00277392510402219,0.0,159915.SZ
2025-07-11,0.007376671277086189,0.007376671277086189,0.0,159915.SZ
2025-07-14,-0.0036613272311213363,-0.0036613272311213363,0.0,159915.SZ
2025-07-15,0.016077170418006492,0.016077170418006492,0.0,159915.SZ
2025-07-16,-0.002712477396021762,-0.002712477396021762,0.0,159915.SZ
2025-07-17,0.01858567543064371,0.01858567543064371,0.0,159915.SZ
2025-07-18,0.002225189141076944,0.002225189141076944,0.0,159915.SZ
2025-07-21,0.010213143872113806,0.010213143872113806,0.0,159915.SZ
2025-07-22,0.006153846153846176,0.006153846153846176,0.0,159915.SZ
2025-07-23,-0.000873743993010101,-0.000873743993010101,0.0,159915.SZ
2025-07-24,0.016615653694796784,0.016615653694796784,0.0,159915.SZ
2025-07-25,-0.0030107526881720803,-0.0030107526881720803,0.0,159915.SZ
2025-07-28,0.010353753235547991,0.010353753235547991,0.0,159915.SZ
2025-07-29,0.017506404782237306,0.017506404782237306,0.0,159915.SZ
2025-07-30,-0.01594628619387317,-0.01594628619387317,0.0,159915.SZ
2025-07-31,-0.018763326226012844,-0.018763326226012844,0.0,159915.SZ
2025-08-01,0.0008691873098651826,0.0008691873098651826,0.0,159915.SZ
2025-08-04,0.004342162396873794,0.004342162396873794,0.0,159915.SZ
2025-08-05,0.003026372676177891,0.003026372676177891,0.0,159915.SZ
2025-08-06,0.006896551724137945,0.006896551724137945,0.0,159915.SZ
2025-08-07,-0.006849315068493178,-0.006849315068493178,0.0,159915.SZ
2025-08-08,-0.0034482758620689724,-0.0034482758620689724,0.0,159915.SZ
2025-08-11,0.019463667820069475,0.019463667820069475,0.0,159915.SZ
2025-08-12,0.011879507848960413,0.011879507848960413,0.0,159915.SZ
2025-08-13,0.036897274633123756,0.036897274633123756,0.0,159915.SZ
2025-08-14,-0.010917913465426476,-0.010917913465426476,0.0,159915.SZ
2025-08-15,0.025756336876533004,0.025756336876533004,0.0,159915.SZ
2025-08-18,0.029095257074531755,0.029095257074531755,0.0,159915.SZ
2025-08-19,-0.0027110766847403545,-0.0027110766847403545,0.0,159915.SZ
2025-08-20,0.005048543689320395,0.005048543689320395,0.0,159915.SZ
2025-08-21,-0.0061823802163832875,-0.0061823802163832875,0.0,159915.SZ
2025-08-22,0.03499222395023316,0.03499222395023316,0.0,159915.SZ
2025-08-25,0.028174305033809244,0.028174305033809244,0.0,159915.SZ
2025-08-26,-0.007672634271099765,-0.007672634271099765,0.0,159915.SZ
2025-08-27,-0.007363770250368162,-0.007363770250368162,0.0,159915.SZ
2025-08-28,0.04080118694362023,0.04080118694362023,0.0,159915.SZ
2025-08-29,0.02102637205987179,0.02102637205987179,0.0,159915.SZ
2025-09-01,0.02164048865619539,0.02164048865619539,0.0,159915.SZ
2025-09-02,-0.026990092244619124,-0.026990092244619124,0.0,159915.SZ
2025-09-03,0.0077247191011236005,0.0077247191011236005,0.0,159915.SZ
2025-09-04,-0.04146341463414638,-0.04146341463414638,0.0,159915.SZ
2025-09-05,0.07015630679752816,0.07015630679752816,0.0,159915.SZ
2025-09-08,-0.012228260869565188,-0.012228260869565188,0.0,159915.SZ
2025-09-09,-0.021664374140302534,-0.021664374140302534,0.0,159915.SZ
2025-09-10,0.010544815465729274,0.010544815465729274,0.0,159915.SZ
2025-09-11,0.05217391304347818,0.05217391304347818,0.0,159915.SZ
2025-09-12,-0.009917355371900749,-0.009917355371900749,0.0,159915.SZ
2025-09-15,0.01402337228714523,0.01402337228714523,0.0,159915.SZ
2025-09-16,0.007243990780375409,0.007243990780375409,0.0,159915.SZ
2025-09-17,0.019614253023864103,0.019614253023864103,0.0,159915.SZ
2025-09-18,-0.016672010259698666,-0.016672010259698666,0.0,159915.SZ
2025-09-19,-0.0016302575806979025,-0.0016302575806979025,0.0,159915.SZ
2025-09-22,0.00653167864141091,0.00653167864141091,0.0,159915.SZ
2025-09-23,0.012946438376678637,0.012746438376678637,2.0,518880.SH
2025-09-24,0.005771828564411052,0.005771828564411052,0.0,518880.SH
2025-09-25,0.01563114134542709,0.01543114134542709,2.0,159915.SZ
2025-09-26,-0.025537215820616632,-0.025537215820616632,0.0,159915.SZ
2025-09-29,0.009059740208575695,0.008859740208575695,2.0,518880.SH
2025-09-30,0.009686402712192788,0.009686402712192788,0.0,518880.SH
2025-10-09,0.05128017833866427,0.051080178338664274,2.0,513100.SH
2025-10-10,0.004862236628849326,0.004862236628849326,0.0,513100.SH
2025-10-13,-0.01666666666666672,-0.01666666666666672,0.0,513100.SH
2025-10-14,0.0003953400344873792,0.0001953400344873792,2.0,518880.SH
2025-10-15,0.02350713012477712,0.02350713012477712,0.0,518880.SH
2025-10-16,0.006204419288124541,0.006204419288124541,0.0,518880.SH
2025-10-17,0.035049762007788754,0.035049762007788754,0.0,518880.SH
2025-10-20,-0.031354515050167064,-0.031354515050167064,0.0,518880.SH
2025-10-21,0.023953388001726417,0.023953388001726417,0.0,518880.SH
2025-10-22,-0.04099051633298201,-0.04099051633298201,0.0,518880.SH
2025-10-23,-0.011756949785737936,-0.011756949785737936,0.0,518880.SH
2025-10-24,-0.004892150322437283,-0.004892150322437283,0.0,518880.SH
2025-10-27,-0.004022346368715013,-0.004022346368715013,0.0,518880.SH
2025-10-28,-0.02139619794727654,-0.02159619794727654,2.0,513100.SH
2025-10-29,0.019887812340642297,0.019887812340642297,0.0,513100.SH
2025-10-30,-0.007499999999999951,-0.007499999999999951,0.0,513100.SH
2025-10-31,-0.0015113350125943725,-0.0015113350125943725,0.0,513100.SH
2025-11-03,-0.003027245206861817,-0.003027245206861817,0.0,513100.SH
2025-11-04,-0.01821862348178127,-0.01821862348178127,0.0,513100.SH
2025-11-05,-0.01443298969072182,-0.01443298969072182,0.0,513100.SH
2025-11-06,0.01935146443514668,0.01935146443514668,0.0,513100.SH
2025-11-07,-0.012827090815803133,-0.012827090815803133,0.0,513100.SH
2025-11-10,0.014033264033264103,0.014033264033264103,0.0,513100.SH
2025-11-11,0.004100461301896674,0.004100461301896674,0.0,513100.SH
2025-11-12,0.007656967840734774,0.007656967840734774,0.0,513100.SH
2025-11-13,0.0005065856129686797,0.0005065856129686797,0.0,513100.SH
2025-11-14,-0.026329113924050684,-0.026329113924050684,0.0,513100.SH
2025-11-17,-0.007280291211648526,-0.007280291211648526,0.0,513100.SH
2025-11-18,-0.02044644215008684,-0.02064644215008684,2.0,159915.SZ
2025-11-19,0.001966568338249708,0.001966568338249708,0.0,159915.SZ
2025-11-20,-0.010140660778541144,-0.010140660778541144,0.0,159915.SZ
2025-11-21,-0.004354121784231113,-0.004554121784231113,2.0,513100.SH
2025-11-24,0.0043290043290042934,0.0043290043290042934,0.0,513100.SH
2025-11-25,0.023824364236124218,0.02362436423612422,2.0,518880.SH
2025-11-26,0.00011098779134299797,0.00011098779134299797,0.0,518880.SH
2025-11-27,-0.00011097547442007194,-0.00011097547442007194,0.0,518880.SH
2025-11-28,0.0063263041065482195,0.0063263041065482195,0.0,518880.SH
2025-12-01,0.01036726590934145,0.01036726590934145,0.0,518880.SH
2025-12-02,-0.005348761052286766,-0.005348761052286766,0.0,518880.SH
2025-12-03,-0.0017559262510974394,-0.0017559262510974394,0.0,518880.SH
2025-12-04,-0.0035180299032542273,-0.0035180299032542273,0.0,518880.SH
2025-12-05,0.007943512797881747,0.007943512797881747,0.0,518880.SH
2025-12-08,-0.002845884413309907,-0.002845884413309907,0.0,518880.SH
2025-12-09,-0.007025246981339217,-0.007025246981339217,0.0,518880.SH
2025-12-10,0.009731458017993688,0.009531458017993688,2.0,159915.SZ
2025-12-11,-0.01441102756892243,-0.01441102756892243,0.0,159915.SZ
2025-12-12,0.004738352813167035,0.004538352813167035,2.0,518880.SH
2025-12-15,0.013438820851847888,0.013438820851847888,0.0,518880.SH
2025-12-16,-0.011870388193776171,-0.011870388193776171,0.0,518880.SH
2025-12-17,0.007575757575757569,0.007575757575757569,0.0,518880.SH
2025-12-18,0.0008592910848548296,0.0008592910848548296,0.0,518880.SH
2025-12-19,-0.0005365958360161738,-0.0005365958360161738,0.0,518880.SH
2025-12-22,0.021260603457532223,0.021260603457532223,0.0,518880.SH
2025-12-23,0.013458101146041512,0.013458101146041512,0.0,518880.SH
2025-12-24,0.0003112356053531773,0.0003112356053531773,0.0,518880.SH
2025-12-25,-0.007882182119892,-0.007882182119892,0.0,518880.SH
2025-12-26,0.008781099728204067,0.008781099728204067,0.0,518880.SH
2025-12-29,-0.009015544041450774,-0.009015544041450774,0.0,518880.SH
2025-12-30,-0.020913939140437265,-0.020913939140437265,0.0,518880.SH
2025-12-31,-0.014043684894993635,-0.014243684894993636,2.0,159915.SZ
2026-01-05,0.029817953546767084,0.029817953546767084,0.0,159915.SZ
2026-01-06,0.006705272782688176,0.006705272782688176,0.0,159915.SZ
2026-01-07,0.0024220405691794955,0.0024220405691794955,0.0,159915.SZ
2026-01-08,-0.010617574167645416,-0.010817574167645417,2.0,518880.SH
2026-01-09,0.008516454631479542,0.008516454631479542,0.0,518880.SH
2026-01-12,0.019286905754795525,0.019286905754795525,0.0,518880.SH
2026-01-13,0.0016364938120077,0.0016364938120077,0.0,518880.SH
2026-01-14,0.013172674359236414,0.013172674359236414,0.0,518880.SH
2026-01-15,-0.005543237250554278,-0.005543237250554278,0.0,518880.SH
2026-01-16,-0.012248894927011866,-0.012448894927011867,2.0,159915.SZ
2026-01-19,-0.008368200836820106,-0.008368200836820106,0.0,159915.SZ
2026-01-20,0.007999857816721523,0.007799857816721523,2.0,518880.SH
2026-01-21,0.029260067446935212,0.029260067446935212,0.0,518880.SH
2026-01-22,-0.00346921075455342,-0.00346921075455342,0.0,518880.SH
2026-01-23,0.02668987525384403,0.02668987525384403,0.0,518880.SH
2026-01-26,0.02891588961100111,0.02891588961100111,0.0,518880.SH
2026-01-27,0.0009154155986816903,0.0009154155986816903,0.0,518880.SH
2026-01-28,0.03164441192610212,0.03164441192610212,0.0,518880.SH
2026-01-29,0.05531914893617018,0.05531914893617018,0.0,518880.SH
2026-01-30,-0.075184811827957,-0.075184811827957,0.0,518880.SH
2026-02-02,-0.10000908347715509,-0.10000908347715509,0.0,518880.SH
2026-02-03,0.051877270892208394,0.051877270892208394,0.0,518880.SH
2026-02-04,0.04269813855306093,0.04269813855306093,0.0,518880.SH
2026-02-05,-0.03165547069108321,-0.03165547069108321,0.0,518880.SH
2026-02-06,-0.01577496911527132,-0.01577496911527132,0.0,518880.SH
2026-02-09,0.03495220623732753,0.03495220623732753,0.0,518880.SH
2026-02-10,-0.00466461423640252,-0.00466461423640252,0.0,518880.SH
2026-02-11,0.008341925203861456,0.008341925203861456,0.0,518880.SH
2026-02-12,-0.003532255065997303,-0.003532255065997303,0.0,518880.SH
2026-02-13,-0.013526119402985204,-0.013526119402985204,0.0,518880.SH
2026-02-24,0.03546099290780136,0.03546099290780136,0.0,518880.SH
2026-02-25,0.0008219178082191636,0.0008219178082191636,0.0,518880.SH
2026-02-26,-0.004197463272196278,-0.004197463272196278,0.0,518880.SH
2026-02-27,0.001832676624209606,0.001832676624209606,0.0,518880.SH
2026-03-02,0.04426964236714537,0.04426964236714537,0.0,518880.SH
2026-03-03,-0.013839011999649653,-0.013839011999649653,0.0,518880.SH
2026-03-04,-0.02478017585931258,-0.02478017585931258,0.0,518880.SH
2026-03-05,-0.0014571948998178819,-0.0014571948998178819,0.0,518880.SH
2026-03-06,-0.006107016379624963,-0.006307016379624963,2.0,510300.SH
2026-03-09,-0.008142275551746292,-0.008142275551746292,0.0,510300.SH
2026-03-10,0.0021680773998016267,0.0019680773998016266,2.0,518880.SH
2026-03-11,0.0016429353778752986,0.0016429353778752986,0.0,518880.SH
2026-03-12,-0.0032804811372334486,-0.0032804811372334486,0.0,518880.SH
2026-03-13,-0.012433717315779913,-0.012433717315779913,0.0,518880.SH
2026-03-16,-0.012775411960748051,-0.012775411960748051,0.0,518880.SH
2026-03-17,-0.031410345907937454,-0.03161034590793745,2.0,159915.SZ
2026-03-18,0.019859456156431365,0.019859456156431365,0.0,159915.SZ
2026-03-19,-0.010485320551228305,-0.010485320551228305,0.0,159915.SZ
2026-03-20,0.011504692703602881,0.011504692703602881,0.0,159915.SZ
2026-03-23,-0.033822208919485175,-0.033822208919485175,0.0,159915.SZ
2026-03-24,0.0027881040892192566,0.0027881040892192566,0.0,159915.SZ
2026-03-25,0.021624961383997388,0.021624961383997388,0.0,159915.SZ
2026-03-26,-0.013305110371938378,-0.013305110371938378,0.0,159915.SZ
2026-03-27,0.009193993257738287,0.009193993257738287,0.0,159915.SZ
2026-03-30,-0.00880655936835728,-0.00880655936835728,0.0,159915.SZ
2026-03-31,-0.025122549019607754,-0.025122549019607754,0.0,159915.SZ
2026-04-01,0.015713387806411072,0.015713387806411072,0.0,159915.SZ
2026-04-02,-0.02103960396039606,-0.02103960396039606,0.0,159915.SZ
2026-04-03,-0.007269279393173234,-0.007269279393173234,0.0,159915.SZ
2026-04-07,0.003183699458771061,0.003183699458771061,0.0,159915.SZ
2026-04-08,0.05385959083144831,0.05365959083144831,2.0,513100.SH
2026-04-09,-0.01527550463720695,-0.01527550463720695,0.0,513100.SH
2026-04-10,0.002216066481994572,0.002216066481994572,0.0,513100.SH
2026-04-13,0.006048474827031081,0.005848474827031081,2.0,159915.SZ
2026-04-14,0.023644752018454396,0.023644752018454396,0.0,159915.SZ
2026-04-15,-0.010985915492957687,-0.010985915492957687,0.0,159915.SZ
2026-04-16,0.032184562802620276,0.032184562802620276,0.0,159915.SZ
2026-04-17,0.012693156732891842,0.012693156732891842,0.0,159915.SZ
2026-04-20,0.0005449591280655142,0.0005449591280655142,0.0,159915.SZ
2026-04-21,0.002450980392156854,0.002450980392156854,0.0,159915.SZ
2026-04-22,0.020918228742189626,0.020918228742189626,0.0,159915.SZ
2026-04-23,-0.007982969664715234,-0.007982969664715234,0.0,159915.SZ
2026-04-24,-0.014484978540772575,-0.014484978540772575,0.0,159915.SZ
2026-04-27,0.00941781063403102,0.00921781063403102,2.0,513100.SH
2026-04-28,0.009254498714653003,0.009254498714653003,0.0,513100.SH
2026-04-29,-0.0005094243504838447,-0.0005094243504838447,0.0,513100.SH
2026-04-30,-0.001529051987767538,-0.001529051987767538,0.0,513100.SH
2026-05-06,0.02603369065849903,0.02603369065849903,0.0,513100.SH
2026-05-07,0.02189054726368167,0.02189054726368167,0.0,513100.SH
2026-05-08,-0.0037430724416097627,-0.003943072441609762,2.0,159915.SZ
2026-05-11,0.037046768260641016,0.037046768260641016,0.0,159915.SZ
2026-05-12,-0.00684643499678661,-0.00704643499678661,2.0,513100.SH
2026-05-13,0.005766458433445587,0.005766458433445587,0.0,513100.SH
2026-05-14,0.005733397037744892,0.005733397037744892,0.0,513100.SH
2026-05-15,-0.0023752969121138,-0.0023752969121138,0.0,513100.SH
2026-05-18,-0.01619047619047642,-0.01619047619047642,0.0,513100.SH
2026-05-19,-0.0091965150048402,-0.0091965150048402,0.0,513100.SH
2026-05-20,0.005373717635564157,0.005373717635564157,0.0,513100.SH
2026-05-21,0.02186588921282806,0.02186588921282806,0.0,513100.SH
2026-05-22,0.0204469805040417,0.0204469805040417,0.0,513100.SH
2026-05-25,0.03960857409133278,0.03960857409133278,0.0,513100.SH
2026-05-26,-0.020618556701030855,-0.020618556701030855,0.0,513100.SH
2026-05-27,0.017391304347825765,0.017391304347825765,0.0,513100.SH
2026-05-28,-0.004048582995951344,-0.004048582995951344,0.0,513100.SH
2026-05-29,0.026648599819331542,0.026648599819331542,0.0,513100.SH
2026-06-01,0.04047514298284227,0.04047514298284227,0.0,513100.SH
2026-06-02,-0.009302325581395543,-0.009302325581395543,0.0,513100.SH
2026-06-03,-0.018779342723004744,-0.018779342723004744,0.0,513100.SH
2026-06-04,-0.02566333188342751,-0.02566333188342751,0.0,513100.SH
