date,nav,cash,deposit,return,cash_weight,positions
2013-01-04,0.0,0.0,0.0,,,{}
2013-01-07,0.0,0.0,0.0,,,{}
2013-01-08,0.0,0.0,0.0,,,{}
2013-01-09,0.0,0.0,0.0,,,{}
2013-01-10,0.0,0.0,0.0,,,{}
2013-01-11,0.0,0.0,0.0,,,{}
2013-01-14,0.0,0.0,0.0,,,{}
2013-01-15,0.0,0.0,0.0,,,{}
2013-01-16,0.0,0.0,0.0,,,{}
2013-01-17,0.0,0.0,0.0,,,{}
2013-01-18,0.0,0.0,0.0,,,{}
2013-01-21,0.0,0.0,0.0,,,{}
2013-01-22,0.0,0.0,0.0,,,{}
2013-01-23,0.0,0.0,0.0,,,{}
2013-01-24,0.0,0.0,0.0,,,{}
2013-01-25,0.0,0.0,0.0,,,{}
2013-01-28,0.0,0.0,0.0,,,{}
2013-01-29,0.0,0.0,0.0,,,{}
2013-01-30,0.0,0.0,0.0,,,{}
2013-01-31,0.0,0.0,0.0,,,{}
2013-02-01,0.0,0.0,0.0,,,{}
2013-02-04,0.0,0.0,0.0,,,{}
2013-02-05,0.0,0.0,0.0,,,{}
2013-02-06,0.0,0.0,0.0,,,{}
2013-02-07,0.0,0.0,0.0,,,{}
2013-02-08,0.0,0.0,0.0,,,{}
2013-02-18,0.0,0.0,0.0,,,{}
2013-02-19,0.0,0.0,0.0,,,{}
2013-02-20,0.0,0.0,0.0,,,{}
2013-02-21,0.0,0.0,0.0,,,{}
2013-02-22,0.0,0.0,0.0,,,{}
2013-02-25,0.0,0.0,0.0,,,{}
2013-02-26,0.0,0.0,0.0,,,{}
2013-02-27,0.0,0.0,0.0,,,{}
2013-02-28,0.0,0.0,0.0,,,{}
2013-03-01,0.0,0.0,0.0,,,{}
2013-03-04,0.0,0.0,0.0,,,{}
2013-03-05,0.0,0.0,0.0,,,{}
2013-03-06,0.0,0.0,0.0,,,{}
2013-03-07,0.0,0.0,0.0,,,{}
2013-03-08,0.0,0.0,0.0,,,{}
2013-03-11,0.0,0.0,0.0,,,{}
2013-03-12,0.0,0.0,0.0,,,{}
2013-03-13,0.0,0.0,0.0,,,{}
2013-03-14,0.0,0.0,0.0,,,{}
2013-03-15,0.0,0.0,0.0,,,{}
2013-03-18,0.0,0.0,0.0,,,{}
2013-03-19,0.0,0.0,0.0,,,{}
2013-03-20,0.0,0.0,0.0,,,{}
2013-03-21,0.0,0.0,0.0,,,{}
2013-03-22,0.0,0.0,0.0,,,{}
2013-03-25,0.0,0.0,0.0,,,{}
2013-03-26,0.0,0.0,0.0,,,{}
2013-03-27,0.0,0.0,0.0,,,{}
2013-03-28,0.0,0.0,0.0,,,{}
2013-03-29,0.0,0.0,0.0,,,{}
2013-04-01,0.0,0.0,0.0,,,{}
2013-04-02,0.0,0.0,0.0,,,{}
2013-04-03,0.0,0.0,0.0,,,{}
2013-04-08,0.0,0.0,0.0,,,{}
2013-04-09,0.0,0.0,0.0,,,{}
2013-04-10,0.0,0.0,0.0,,,{}
2013-04-11,0.0,0.0,0.0,,,{}
2013-04-12,0.0,0.0,0.0,,,{}
2013-04-15,0.0,0.0,0.0,,,{}
2013-04-16,0.0,0.0,0.0,,,{}
2013-04-17,0.0,0.0,0.0,,,{}
2013-04-18,19989.0924,9979.7924,20000.0,,0.49926190745909,{'511880.SH': 0.50073809254091}
2013-04-19,19993.0924,9979.7924,0.0,0.00020010913552037657,0.49916202057866743,{'511880.SH': 0.5008379794213325}
2013-04-22,19988.1924,9979.7924,0.0,-0.00024508464733552504,0.4992843875167021,{'511880.SH': 0.5007156124832979}
2013-04-23,19982.6924,9979.7924,0.0,-0.00027516245040748455,0.49942180964563115,{'511880.SH': 0.5005781903543689}
2013-04-24,19988.5924,9979.7924,0.0,0.00029525550821185576,0.49927439613006463,{'511880.SH': 0.5007256038699353}
2013-04-25,19992.0803,9963.1803,0.0,0.00017449452818896205,0.4983563566418848,{'511010.SH': 0.5016436433581151}
2013-04-26,19998.8803,9963.1803,0.0,0.0003401346882345724,0.49818690599393206,{'511010.SH': 0.501813094006068}
2013-05-02,40012.880300000004,29963.1803,20000.0,0.0007000391916942572,0.7488383759266637,{'511010.SH': 0.2511616240733362}
2013-05-03,39985.821200000006,9834.921200000004,0.0,-0.0006762597392919734,0.2459602155175946,{'511010.SH': 0.7540397844824054}
2013-05-06,39979.2212,9834.921200000004,0.0,-0.00016505850828962831,0.2460008200459894,{'511010.SH': 0.7539991799540107}
2013-05-07,39993.921200000004,9834.921200000004,0.0,0.00036769100444611347,0.24591040100364062,{'511010.SH': 0.7540895989963594}
2013-05-08,39990.921200000004,9834.921200000004,0.0,-7.501139948240532e-05,0.24592884847073748,{'511010.SH': 0.7540711515292625}
2013-05-09,39990.62120000001,9834.921200000004,0.0,-7.501702661394383e-06,0.24593069336967444,{'511010.SH': 0.7540693066303255}
2013-05-10,40000.5212,9834.921200000004,0.0,0.00024755804493459266,0.2458698263161632,{'511010.SH': 0.754130173683837}
2013-05-13,39991.2212,9834.921200000004,0.0,-0.00023249697056459961,0.24592700359948008,{'511010.SH': 0.7540729964005201}
2013-05-14,39988.821200000006,9834.921200000004,0.0,-6.001317109050053e-05,0.245941763344602,{'511010.SH': 0.7540582366553981}
2013-05-15,39977.12120000001,9834.921200000004,0.0,-0.00029258176782653855,0.2460137424802865,{'511010.SH': 0.7539862575197134}
2013-05-16,39940.2212,9834.921200000004,0.0,-0.000923027944293553,0.24624102983185292,{'511010.SH': 0.7537589701681472}
2013-05-17,39971.7212,9834.921200000004,0.0,0.0007886786565918236,0.24604697783191795,{'511010.SH': 0.7539530221680821}
2013-05-20,39963.321200000006,9834.921200000004,0.0,-0.00021014856873347032,0.24609869512046467,{'511010.SH': 0.7539013048795352}
2013-05-21,39939.921200000004,9834.921200000004,0.0,-0.0005855369197893534,0.24624287941759893,{'511010.SH': 0.7537571205824011}
2013-05-22,39946.2212,9834.921200000004,0.0,0.00015773691611586926,0.24620404395097087,{'511010.SH': 0.7537959560490293}
2013-05-23,39944.12120000001,9834.921200000004,0.0,-5.257067970154683e-05,0.2462169877453707,{'511010.SH': 0.7537830122546292}
2013-05-24,39948.921200000004,9834.921200000004,0.0,0.00012016787091062575,0.24618740392919555,{'511010.SH': 0.7538125960708044}
2013-05-27,39980.1212,9834.921200000004,0.0,0.0007809973101351453,0.24599528227543252,{'511010.SH': 0.7540047177245675}
2013-05-28,39981.921200000004,9834.921200000004,0.0,4.502237476966542e-05,0.24598420748225583,{'511010.SH': 0.7540157925177442}
2013-05-29,39980.421200000004,9834.921200000004,0.0,-3.751695653886333e-05,0.24599343640731838,{'511010.SH': 0.7540065635926816}
2013-05-30,39988.2212,9834.921200000004,0.0,0.00019509549339113974,0.24594545355770925,{'511010.SH': 0.7540545464422909}
2013-05-31,39985.821200000006,9834.921200000004,0.0,-6.0017673404133554e-05,0.2459602155175946,{'511010.SH': 0.7540397844824054}
2013-06-03,59981.79676,29834.921200000004,20000.0,-0.00010064667622755596,0.4973995914023034,{'511010.SH': 0.5026004085976966}
2013-06-04,59751.96818474001,32.968184740013385,0.0,-0.003831638724988151,0.0005517506074123444,{'510880.SH': 0.9994482493925877}
2013-06-05,59202.968184740006,32.968184740013385,0.0,-0.009187981863670536,0.0005568670921555445,{'510880.SH': 0.9994431329078445}
2013-06-06,58592.96818474001,32.968184740013385,0.0,-0.010303537452658107,0.000562664527184674,{'510880.SH': 0.9994373354728153}
2013-06-07,57952.468184740006,32.968184740013385,0.0,-0.010931345856734054,0.000568883186043395,{'510880.SH': 0.9994311168139566}
2013-06-13,55969.96818474001,32.968184740013385,0.0,-0.03420906929589629,0.0005890334729366887,{'510880.SH': 0.9994109665270633}
2013-06-14,56152.96818474001,32.968184740013385,0.0,0.0032696105775149586,0.0005871138393174509,{'510880.SH': 0.9994128861606826}
2013-06-17,55756.46818474001,32.968184740013385,0.0,-0.007061069304396095,0.0005912889717257315,{'510880.SH': 0.9994087110282742}
2013-06-18,56091.96818474001,32.968184740013385,0.0,0.00601723909212426,0.0005877523254565076,{'510880.SH': 0.9994122476745435}
2013-06-19,55451.46818474001,32.968184740013385,0.0,-0.01141874711706492,0.0005945412415443687,{'510880.SH': 0.9994054587584557}
2013-06-20,53865.46818474001,32.968184740013385,0.0,-0.028601587152140673,0.0006120467500058453,{'510880.SH': 0.9993879532499942}
2013-06-21,53743.46818474001,32.968184740013385,0.0,-0.00226490187705386,0.0006134361226314459,{'510880.SH': 0.9993865638773686}
2013-06-24,50723.96818474001,32.968184740013385,0.0,-0.05618357173416211,0.0006499527919412988,{'510880.SH': 0.9993500472080588}
2013-06-25,50052.96818474001,32.968184740013385,0.0,-0.013228460312020074,0.0006586659280291117,{'510880.SH': 0.9993413340719709}
2013-06-26,49412.46818474001,32.968184740013385,0.0,-0.01279644391189716,0.0006672037635674087,{'510880.SH': 0.9993327962364326}
2013-06-27,49961.46818474001,32.968184740013385,0.0,0.01111055610392575,0.000659872216286931,{'510880.SH': 0.9993401277837131}
2013-06-28,51730.46818474001,32.968184740013385,0.0,0.03540728614016819,0.0006373069082281896,{'510880.SH': 0.9993626930917718}
2013-07-01,71699.96818474002,20032.968184740013,20000.0,-0.0005895945091985988,0.279399959189991,{'510880.SH': 0.720600040810009}
2013-07-02,71688.26533474003,1161.165334740028,0.0,-0.00016321973769684028,0.0161974254687026,{'511880.SH': 0.9838025745312974}
2013-07-03,71703.66533474003,1161.165334740028,0.0,0.00021481897948127937,0.016193946701598388,{'511880.SH': 0.9838060532984017}
2013-07-04,71714.16533474003,1161.165334740028,0.0,0.00014643602877173478,0.016191575671557486,{'511880.SH': 0.9838084243284425}
2013-07-05,71735.16533474003,1161.165334740028,0.0,0.0002928291768018454,0.01618683569378625,{'511880.SH': 0.9838131643062138}
2013-07-08,71768.76533474002,1161.165334740028,0.0,0.00046838952476369045,0.016179257499055237,{'511880.SH': 0.9838207425009448}
2013-07-09,71779.96533474003,1161.165334740028,0.0,0.0001560567462428608,0.01617673301073674,{'511880.SH': 0.9838232669892633}
2013-07-10,71793.96533474003,1161.165334740028,0.0,0.00019504049541829716,0.016173578507971857,{'511880.SH': 0.9838264214920281}
2013-07-11,71786.96533474003,1161.165334740028,0.0,-9.750123102081343e-05,0.016175155605555352,{'511880.SH': 0.9838248443944446}
2013-07-12,71833.86533474002,1161.165334740028,0.0,0.0006533219475333141,0.016164594920920528,{'511880.SH': 0.9838354050790795}
2013-07-15,71855.56533474004,1161.165334740028,0.0,0.0003020859297893086,0.016159713298903502,{'511880.SH': 0.9838402867010965}
2013-07-16,71869.56533474002,1161.165334740028,0.0,0.00019483529125086108,0.01615656542977238,{'511880.SH': 0.9838434345702276}
2013-07-17,71882.86533474002,1161.165334740028,0.0,0.00018505747096231318,0.0161535760898342,{'511880.SH': 0.9838464239101659}
2013-07-18,71896.16533474003,1161.165334740028,0.0,0.0001850232310309785,0.01615058785588605,{'511880.SH': 0.9838494121441139}
2013-07-19,71936.06533474002,1161.165334740028,0.0,0.00055496701130342,0.016141629783847342,{'511880.SH': 0.9838583702161526}
2013-07-22,71948.66533474003,1161.165334740028,0.0,0.00017515553486791013,0.016138802983178695,{'511880.SH': 0.9838611970168213}
2013-07-23,71957.06533474002,1161.165334740028,0.0,0.0001167499071861311,0.016136918999383246,{'511880.SH': 0.9838630810006167}
2013-07-24,71961.26533474003,1161.165334740028,0.0,5.836813911841432e-05,0.016135977172422836,{'511880.SH': 0.9838640228275771}
2013-07-25,71959.86533474002,1161.165334740028,0.0,-1.9454910825889016e-05,0.016136291102527296,{'511880.SH': 0.9838637088974727}
2013-07-26,71988.56533474004,1161.165334740028,0.0,0.0003988334311981756,0.016129857975926018,{'511880.SH': 0.983870142024074}
2013-07-29,71994.16533474003,1161.165334740028,0.0,7.779013200148732e-05,0.016128603329743998,{'511880.SH': 0.983871396670256}
2013-07-30,72000.46533474003,1161.165334740028,0.0,8.750709131377654e-05,0.016127192086073487,{'511880.SH': 0.9838728079139265}
2013-07-31,72019.36533474002,1161.165334740028,0.0,0.0002624983034780204,0.016122959836469372,{'511880.SH': 0.9838770401635306}
2013-08-01,92029.16533474003,21161.165334740028,20000.0,0.00013607451210462251,0.22993977243811767,{'511880.SH': 0.7700602275618823}
2013-08-02,92060.93933474002,899.0393347400277,0.0,0.0003452601127524879,0.009765698039111438,{'511880.SH': 0.9902343019608886}
2013-08-05,92061.83933474003,899.0393347400277,0.0,9.776133140793064e-06,0.00976560256928052,{'511880.SH': 0.9902343974307195}
2013-08-06,92069.03933474002,899.0393347400277,0.0,7.820830055127459e-05,0.009764838877826728,{'511880.SH': 0.9902351611221734}
2013-08-07,92078.93933474003,899.0393347400277,0.0,0.00010752800367574977,0.00976378899708756,{'511880.SH': 0.9902362110029125}
2013-08-08,92080.73933474002,899.0393347400277,0.0,1.9548444117445385e-05,0.009763598133935052,{'511880.SH': 0.990236401866065}
2013-08-09,92111.33933474001,899.0393347400277,0.0,0.0003323170537190556,0.009760354601650579,{'511880.SH': 0.9902396453983494}
2013-08-12,92118.53933474002,899.0393347400277,0.0,7.816627194889847e-05,0.009759591730749244,{'511880.SH': 0.9902404082692507}
2013-08-13,92132.03933474002,899.0393347400277,0.0,0.00014655030461296903,0.009758161669184163,{'511880.SH': 0.9902418383308159}
2013-08-14,92141.03933474002,899.0393347400277,0.0,9.768588717862237e-05,0.009757208527612755,{'511880.SH': 0.9902427914723873}
2013-08-15,92167.13933474003,899.0393347400277,0.0,0.00028326140217704854,0.009754445469711546,{'511880.SH': 0.9902455545302885}
2013-08-16,92184.23933474002,899.0393347400277,0.0,0.0001855325024018306,0.009752636038742263,{'511880.SH': 0.9902473639612578}
2013-08-19,92195.93933474003,899.0393347400277,0.0,0.00012691974337952772,0.009751398393760536,{'511880.SH': 0.9902486016062395}
2013-08-20,92206.73933474002,899.0393347400277,0.0,0.00011714181858679673,0.009750256231013946,{'511880.SH': 0.9902497437689861}
2013-08-21,92221.13933474002,899.0393347400277,0.0,0.0001561707973178894,0.009748733763489262,{'511880.SH': 0.9902512662365108}
2013-08-22,92240.93933474002,899.0393347400277,0.0,0.0002147013162365763,0.009746641146806158,{'511880.SH': 0.9902533588531939}
2013-08-23,92265.23933474002,899.0393347400277,0.0,0.0002634405089025904,0.009744074162949885,{'511880.SH': 0.9902559258370501}
2013-08-26,92267.03933474002,899.0393347400277,0.0,1.950897231695059e-05,0.009743884069785307,{'511880.SH': 0.9902561159302148}
2013-08-27,92281.43933474002,899.0393347400277,0.0,0.00015606873379514496,0.009742363591435422,{'511880.SH': 0.9902576364085646}
2013-08-28,92304.83933474003,899.0393347400277,0.0,0.0002535721177379102,0.009739893825931437,{'511880.SH': 0.9902601061740686}
2013-08-29,92328.23933474002,899.0393347400277,0.0,0.00025350783521904674,0.009737425312319904,{'511880.SH': 0.9902625746876801}
2013-08-30,92344.43933474002,899.0393347400277,0.0,0.00017546094365838982,0.00973571707421487,{'511880.SH': 0.9902642829257852}
2013-09-02,112366.93933474002,20899.039334740028,20000.0,0.00024365300349526997,0.18598921941338986,{'511880.SH': 0.8140107805866101}
2013-09-03,113593.21493474003,86.01493474002928,0.0,0.010913135191365608,0.0007572189482395173,{'510880.SH': 0.9992427810517605}
2013-09-04,113530.01493474003,86.01493474002928,0.0,-0.0005563712589374825,0.000757640477625876,{'510880.SH': 0.9992423595223742}
2013-09-05,113403.61493474002,86.01493474002928,0.0,-0.0011133619604707379,0.0007584849459122444,{'510880.SH': 0.9992415150540878}
2013-09-06,114225.21493474003,86.01493474002928,0.0,0.0072449189602361574,0.0007530293095895853,{'510880.SH': 0.9992469706904105}
2013-09-09,120924.41493474004,86.01493474002928,0.0,0.058649047006192445,0.0007113115642233989,{'510880.SH': 0.9992886884357766}
2013-09-10,121682.81493474002,86.01493474002928,0.0,0.0062716863290945835,0.0007068782455941715,{'510880.SH': 0.9992931217544059}
2013-09-11,122125.21493474001,86.01493474002928,0.0,0.0036356818359046805,0.0007043175709945979,{'510880.SH': 0.9992956824290053}
2013-09-12,124021.21493474004,86.01493474002928,0.0,0.015525049442190797,0.0006935501703098969,{'510880.SH': 0.9993064498296901}
2013-09-13,121998.81493474005,86.01493474002928,0.0,-0.016306887503595102,0.0007050472972712123,{'510880.SH': 0.9992949527027288}
2013-09-16,121303.61493474,86.01493474002928,0.0,-0.005698416008154794,0.0007090879755422322,{'510880.SH': 0.9992909120244577}
2013-09-17,119470.81493474003,86.01493474002928,0.0,-0.015109195228732442,0.0007199660836582913,{'510880.SH': 0.9992800339163417}
2013-09-18,119470.81493474003,86.01493474002928,0.0,0.0,0.0007199660836582913,{'510880.SH': 0.9992800339163417}
2013-09-23,119976.41493474004,86.01493474002928,0.0,0.004231995908592356,0.0007169320302395786,{'510880.SH': 0.9992830679697604}
2013-09-24,117258.81493474003,86.01493474002928,0.0,-0.022651118567580286,0.0007335477063101872,{'510880.SH': 0.9992664522936898}
2013-09-25,117006.01493474003,86.01493474002928,0.0,-0.0021559146759303482,0.0007351325894485339,{'510880.SH': 0.9992648674105514}
2013-09-26,115046.81493474003,86.01493474002928,0.0,-0.01674443831877137,0.0007476515954728603,{'510880.SH': 0.9992523484045271}
2013-09-27,114794.01493474003,86.01493474002928,0.0,-0.002197366351631702,0.0007492980778564845,{'510880.SH': 0.9992507019221435}
2013-09-30,115742.01493474003,86.01493474002928,0.0,0.008258270263819423,0.0007431608546691358,{'510880.SH': 0.9992568391453308}
2013-10-08,136500.41493474005,20086.01493474003,20000.0,0.006552503863248349,0.1471498452538992,{'510880.SH': 0.8528501547461007}
2013-10-09,137104.98693474004,19.986934740030847,0.0,0.004429085437498648,0.00014577832059124395,{'510880.SH': 0.9998542216794087}
2013-10-10,134956.08693474004,19.986934740030847,0.0,-0.01567339050200145,0.0001480995425548743,{'510880.SH': 0.9998519004574451}
2013-10-11,137104.98693474004,19.986934740030847,0.0,0.01592295722859194,0.00014577832059124395,{'510880.SH': 0.9998542216794087}
2013-10-14,136734.48693474004,19.986934740030847,0.0,-0.0027023087072416407,0.00014617332604297637,{'510880.SH': 0.999853826673957}
2013-10-15,135622.98693474004,19.986934740030847,0.0,-0.008128892899788243,0.00014737129148798567,{'510880.SH': 0.999852628708512}
2013-10-16,133844.58693474004,19.986934740030847,0.0,-0.013112821360111604,0.00014932942151613557,{'510880.SH': 0.9998506705784838}
2013-10-17,133770.48693474004,19.986934740030847,0.0,-0.0005536271708629359,0.00014941214013657197,{'510880.SH': 0.9998505878598634}
2013-10-18,134066.88693474003,19.986934740030847,0.0,0.0022157353747587205,0.00014908181428692323,{'510880.SH': 0.999850918185713}
2013-10-21,135548.88693474003,19.986934740030847,0.0,0.011054183727868594,0.00014745185439739945,{'510880.SH': 0.9998525481456025}
2013-10-22,134215.08693474004,19.986934740030847,0.0,-0.009839992272619336,0.0001489171984796998,{'510880.SH': 0.9998510828015202}
2013-10-23,134437.38693474003,19.986934740030847,0.0,0.001656296658423262,0.0001486709552732761,{'510880.SH': 0.9998513290447266}
2013-10-24,132733.08693474004,19.986934740030847,0.0,-0.012677277049629843,0.00015057989836292804,{'510880.SH': 0.999849420101637}
2013-10-25,131917.98693474004,19.986934740030847,0.0,-0.006140895377508726,0.00015151030730872512,{'510880.SH': 0.9998484896926912}
2013-10-28,131917.98693474004,19.986934740030847,0.0,0.0,0.00015151030730872512,{'510880.SH': 0.9998484896926912}
2013-10-29,133548.18693474005,19.986934740030847,0.0,0.012357677962494096,0.00014966084676086024,{'510880.SH': 0.9998503391532391}
2013-10-30,135474.78693474006,19.986934740030847,0.0,0.014426253506095721,0.0001475325054370361,{'510880.SH': 0.9998524674945629}
2013-10-31,134066.88693474003,19.986934740030847,0.0,-0.010392339651201898,0.00014908181428692323,{'510880.SH': 0.999850918185713}
2013-11-01,155178.38693474003,20019.98693474003,20000.0,0.008290637795901334,0.12901272741776468,{'510880.SH': 0.8709872725822353}
2013-11-04,155506.89293474006,1893.3929347400554,0.0,0.0021169571774075635,0.012175620636537543,{'511880.SH': 0.9878243793634625}
2013-11-05,155518.89293474006,1893.3929347400554,0.0,7.716699738224975e-05,0.012174681152948886,{'511880.SH': 0.9878253188470512}
2013-11-06,155539.89293474006,1893.3929347400554,0.0,0.00013503182541829695,0.012173037405487138,{'511880.SH': 0.9878269625945129}
2013-11-07,155560.89293474006,1893.3929347400554,0.0,0.00013501359428613746,0.012171394101821978,{'511880.SH': 0.987828605898178}
2013-11-08,155605.89293474006,1893.3929347400554,0.0,0.00028927578873494397,0.01216787423040675,{'511880.SH': 0.9878321257695932}
2013-11-11,155640.39293474006,1893.3929347400554,0.0,0.00022171396821368816,0.012165177040731027,{'511880.SH': 0.9878348229592689}
2013-11-12,155655.39293474006,1893.3929347400554,0.0,9.637600957668191e-05,0.012164004722495401,{'511880.SH': 0.9878359952775047}
2013-11-13,155674.89293474006,1893.3929347400554,0.0,0.00012527673877760215,0.012162481046534447,{'511880.SH': 0.9878375189534655}
2013-11-14,155694.39293474006,1893.3929347400554,0.0,0.0001252610464821391,0.012160957752240176,{'511880.SH': 0.9878390422477599}
2013-11-15,155737.89293474006,1893.3929347400554,0.0,0.00027939349118510926,0.012157561008825625,{'511880.SH': 0.9878424389911744}
2013-11-18,155767.89293474006,1893.3929347400554,0.0,0.00019263134639024848,0.012155219532521406,{'511880.SH': 0.9878447804674786}
2013-11-19,155788.89293474006,1893.3929347400554,0.0,0.00013481597269082712,0.012153581035672404,{'511880.SH': 0.9878464189643276}
2013-11-20,155808.39293474006,1893.3929347400554,0.0,0.00012516938552331602,0.012152059969793143,{'511880.SH': 0.9878479400302068}
2013-11-21,155832.39293474006,1893.3929347400554,0.0,0.00015403534782665318,0.012150188411295051,{'511880.SH': 0.987849811588705}
2013-11-22,155875.89293474006,1893.3929347400554,0.0,0.00027914606957368804,0.012146797680464642,{'511880.SH': 0.9878532023195353}
2013-11-25,155908.89293474006,1893.3929347400554,0.0,0.0002117068866691607,0.012144226664046591,{'511880.SH': 0.9878557733359534}
2013-11-26,155926.89293474006,1893.3929347400554,0.0,0.00011545204164553624,0.012142824750137844,{'511880.SH': 0.9878571752498622}
2013-11-27,155946.39293474006,1893.3929347400554,0.0,0.00012505860684441927,0.01214130637527728,{'511880.SH': 0.9878586936247227}
2013-11-28,155967.39293474006,1893.3929347400554,0.0,0.0001346616590791605,0.012139671626955319,{'511880.SH': 0.9878603283730447}
2013-11-29,156006.39293474006,1893.3929347400554,0.0,0.00025005226583685314,0.012136636833415485,{'511880.SH': 0.9878633631665845}
2013-12-02,176043.89293474006,21893.392934740055,20000.0,0.00024037476474236819,0.12436326287590103,{'511880.SH': 0.875636737124099}
2013-12-03,176058.41503474006,1327.3150347400588,0.0,8.249135915994188e-05,0.007539060456031888,{'511880.SH': 0.9924609395439682}
2013-12-04,176082.21503474005,1327.3150347400588,0.0,0.00013518240519938551,0.007538041445458798,{'511880.SH': 0.9924619585545412}
2013-12-05,176106.01503474006,1327.3150347400588,0.0,0.00013516413338687805,0.007537022710315841,{'511880.SH': 0.9924629772896842}
2013-12-06,176150.21503474005,1327.3150347400588,0.0,0.0002509851806666852,0.007535131503973969,{'511880.SH': 0.9924648684960261}
2013-12-09,176196.11503474007,1327.3150347400588,0.0,0.00026057305687055,0.00753316856321353,{'511880.SH': 0.9924668314367865}
2013-12-10,176218.21503474005,1327.3150347400588,0.0,0.0001254284181897436,0.0075322238082958055,{'511880.SH': 0.9924677761917042}
2013-12-11,176240.31503474005,1327.3150347400588,0.0,0.00012541268787469306,0.0075312792903168705,{'511880.SH': 0.9924687207096832}
2013-12-12,176264.11503474004,1327.3150347400588,0.0,0.00013504288162047295,0.00753026238198545,{'511880.SH': 0.9924697376180146}
2013-12-13,176313.41503474006,1327.3150347400588,0.0,0.00027969391268500843,0.007528156802354093,{'511880.SH': 0.9924718431976459}
2013-12-16,176347.41503474006,1327.3150347400588,0.0,0.00019283841784423217,0.007526705364400043,{'511880.SH': 0.9924732946356}
2013-12-17,176372.91503474006,1327.3150347400588,0.0,0.00014460092876888986,0.007525617153170136,{'511880.SH': 0.9924743828468299}
2013-12-18,176398.41503474006,1327.3150347400588,0.0,0.00014458002236317213,0.007524529256561949,{'511880.SH': 0.9924754707434381}
2013-12-19,176415.41503474006,1327.3150347400588,0.0,9.637274800144979e-05,0.007523804166878962,{'511880.SH': 0.9924761958331211}
2013-12-20,176466.41503474006,1327.3150347400588,0.0,0.0002890903835697234,0.007521629736053497,{'511880.SH': 0.9924783702639466}
2013-12-23,176507.21503474005,1327.3150347400588,0.0,0.000231205467578377,0.007519891096116481,{'511880.SH': 0.9924801089038836}
2013-12-24,176534.41503474006,1327.3150347400588,0.0,0.00015410134931115316,0.007518732449300934,{'511880.SH': 0.9924812675506991}
2013-12-25,176566.71503474005,1327.3150347400588,0.0,0.00018296715682120102,0.007517357019860201,{'511880.SH': 0.9924826429801399}
2013-12-26,176585.41503474006,1327.3150347400588,0.0,0.00010590897608486749,0.007516560948586456,{'511880.SH': 0.9924834390514136}
2013-12-27,176502.11503474004,1327.3150347400588,0.0,-0.00047172638795578425,0.007520108382150604,{'511880.SH': 0.9924798916178494}
2013-12-30,176685.71503474005,1327.3150347400588,0.0,0.0010402141638012896,0.007512293987542124,{'511880.SH': 0.992487706012458}
2013-12-31,176721.41503474006,1327.3150347400588,0.0,0.00020205368607761898,0.0075107764074836885,{'511880.SH': 0.9924892235925163}
2014-01-02,196746.91503474006,21327.31503474006,20000.0,0.00014429490616629792,0.10839974304539537,{'511880.SH': 0.8916002569546047}
2014-01-03,196923.08973474006,666.3897347400598,0.0,0.0008954381824430868,0.003384010151565782,{'511880.SH': 0.9966159898484342}
2014-01-06,196949.68973474007,666.3897347400598,0.0,0.00013507811621193966,0.003383553107585906,{'511880.SH': 0.9966164468924141}
2014-01-07,197033.28973474004,666.3897347400598,0.0,0.0004244738852474672,0.003382117487035821,{'511880.SH': 0.9966178825129642}
2014-01-08,197016.18973474004,666.3897347400598,0.0,-8.678736483069827e-05,0.0033824110375765466,{'511880.SH': 0.9966175889624235}
2014-01-09,197040.88973474005,666.3897347400598,0.0,0.00012537040754501128,0.0033819870364834707,{'511880.SH': 0.9966180129635166}
2014-01-10,197092.18973474007,666.3897347400598,0.0,0.0002603520521506919,0.0033811067584003807,{'511880.SH': 0.9966188932415997}
2014-01-13,197141.58973474006,666.3897347400598,0.0,0.0002506441278393723,0.003380259516202072,{'511880.SH': 0.996619740483798}
2014-01-14,197198.58973474006,666.3897347400598,0.0,0.0002891322935798524,0.0033792824565147656,{'511880.SH': 0.9966207175434852}
2014-01-15,197227.08973474006,666.3897347400598,0.0,0.0001445243601303492,0.0033787941384538934,{'511880.SH': 0.9966212058615461}
2014-01-16,197306.88973474005,666.3897347400598,0.0,0.0004046097324019726,0.003377427598377107,{'511880.SH': 0.996622572401623}
2014-01-17,197301.29613474006,666.3897347400598,0.0,-2.8349744945588284e-05,0.003377523350302636,{'511880.SH': 0.9966224766496974}
2014-01-20,197238.55053474006,666.3897347400598,0.0,-0.00031801919819696156,0.00337859780926897,{'511880.SH': 0.996621402190731}
2014-01-21,197281.68813474005,666.3897347400598,0.0,0.00021870775202437187,0.0033778590453105153,{'511880.SH': 0.9966221409546896}
2014-01-22,197389.53213474006,666.3897347400598,0.0,0.0005466498235069395,0.003376013548100289,{'511880.SH': 0.9966239864518998}
2014-01-23,197469.92493474006,666.3897347400598,0.0,0.00040727995618894397,0.0033746391252252135,{'511880.SH': 0.9966253608747748}
2014-01-24,197550.31773474006,666.3897347400598,0.0,0.0004071141467572037,0.003373265820988717,{'511880.SH': 0.9966267341790114}
2014-01-27,197579.72973474005,666.3897347400598,0.0,0.00014888358741838026,0.00337276367183374,{'511880.SH': 0.9966272363281663}
2014-01-28,197622.86733474006,666.3897347400598,0.0,0.0002183300891136497,0.003372027456778608,{'511880.SH': 0.9966279725432214}
2014-01-29,197883.65373474004,666.3897347400598,0.0,0.0013196165176485586,0.003367583537917411,{'511880.SH': 0.9966324164620827}
2014-01-30,198191.49933474005,666.3897347400598,0.0,0.0015556898924691254,0.003362352759714208,{'511880.SH': 0.9966376472402858}
2014-02-07,218101.30253474007,20666.38973474006,20000.0,-0.0004550992363584472,0.0947559207329733,{'511880.SH': 0.9052440792670268}
2014-02-10,217924.1837945401,3772.23259454011,0.0,-0.0008120939129730997,0.01730983927004902,{'511010.SH': 0.982690160729951}
2014-02-11,218038.90411454008,3772.23259454011,0.0,0.0005264230798183167,0.017300731765549887,{'511010.SH': 0.9826992682344501}
2014-02-12,218041.11027454011,3772.23259454011,0.0,1.0118194314845397e-05,0.017300556715155287,{'511010.SH': 0.9826994432848447}
2014-02-13,218144.7997945401,3772.23259454011,0.0,0.00047555032108137496,0.01729233334048298,{'511010.SH': 0.982707666659517}
2014-02-14,218453.66219454008,3772.23259454011,0.0,0.0014158595588382727,0.017267884441235937,{'511010.SH': 0.982732115558764}
2014-02-17,218376.44659454012,3772.23259454011,0.0,-0.00035346443371231384,0.017273990182393707,{'511010.SH': 0.9827260098176063}
2014-02-18,218475.72379454007,3772.23259454011,0.0,0.0004546149621358353,0.01726614073647656,{'511010.SH': 0.9827338592635234}
2014-02-19,219020.64531454007,3772.23259454011,0.0,0.0024941971150647113,0.01722318272381459,{'511010.SH': 0.9827768172761854}
2014-02-20,218872.83259454012,3772.23259454011,0.0,-0.000674880305405412,0.017234814160458807,{'511010.SH': 0.9827651858395412}
2014-02-21,218566.1763545401,3772.23259454011,0.0,-0.0014010703675045866,0.017258995227244604,{'511010.SH': 0.9827410047727554}
2014-02-24,218927.9865945401,3772.23259454011,0.0,0.0016553807457064806,0.017230472235266914,{'511010.SH': 0.9827695277647331}
2014-02-25,219386.8678745401,3772.23259454011,0.0,0.0020960375470397974,0.01719443206006898,{'511010.SH': 0.982805567939931}
2014-02-26,219386.8678745401,3772.23259454011,0.0,0.0,0.01719443206006898,{'511010.SH': 0.982805567939931}
2014-02-27,219907.52163454008,3772.23259454011,0.0,0.0023732220850052332,0.01715372246707008,{'511010.SH': 0.98284627753293}
2014-02-28,219828.09987454012,3772.23259454011,0.0,-0.0003611598157700069,0.017159919940594452,{'511010.SH': 0.9828400800594056}
2014-03-03,239669.2563545401,23772.23259454011,20000.0,-0.0007225805986162959,0.09918765951096417,{'511010.SH': 0.9008123404890358}
2014-03-04,238798.4426843801,4143.242684380111,0.0,-0.0036333974720220708,0.017350375646528964,{'511010.SH': 0.982649624353471}
2014-03-05,238675.6999643801,4143.242684380111,0.0,-0.0005140013419695499,0.01735929834917609,{'511010.SH': 0.9826407016508238}
2014-03-06,238853.7972443801,4143.242684380111,0.0,0.0007461894110987188,0.017346354682990478,{'511010.SH': 0.9826536453170095}
2014-03-07,238726.2410843801,4143.242684380111,0.0,-0.000534034465734301,0.017355623183945002,{'511010.SH': 0.982644376816055}
2014-03-10,238716.61420438008,4143.242684380111,0.0,-4.032602346648595e-05,0.01735632309543744,{'511010.SH': 0.9826436769045626}
2014-03-11,238882.6778843801,4143.242684380111,0.0,0.000695651957671739,0.017344257528733215,{'511010.SH': 0.9826557424712667}
2014-03-12,238899.5249243801,4143.242684380111,0.0,7.052432662435493e-05,0.01734303442290892,{'511010.SH': 0.982656965577091}
2014-03-13,239544.5258843801,4143.242684380111,0.0,0.002699883811841719,0.017296336324462334,{'511010.SH': 0.9827036636755376}
2014-03-14,239643.2014043801,4143.242684380111,0.0,0.00041192976393711334,0.017289214382463107,{'511010.SH': 0.9827107856175369}
2014-03-17,239886.2801243801,4143.242684380111,0.0,0.0010143359735452773,0.01727169508081853,{'511010.SH': 0.9827283049191814}
2014-03-18,239433.81676438008,4143.242684380111,0.0,-0.0018861577234239313,0.017304333783633233,{'511010.SH': 0.9826956662163667}
2014-03-19,239250.90604438013,4143.242684380111,0.0,-0.0007639301852668812,0.017317563192891548,{'511010.SH': 0.9826824368071084}
2014-03-20,239130.57004438012,4143.242684380111,0.0,-0.0005029698820772088,0.01732627778878781,{'511010.SH': 0.9826737222112122}
2014-03-21,239638.38796438012,4143.242684380111,0.0,0.0021236010097152036,0.01728956165819294,{'511010.SH': 0.982710438341807}
2014-03-24,239657.6417243801,4143.242684380111,0.0,8.034505724863195e-05,0.017288172638972536,{'511010.SH': 0.9827118273610275}
2014-03-25,239530.0855643801,4143.242684380111,0.0,-0.0005322432411594136,0.01729737905206277,{'511010.SH': 0.9827026209479371}
2014-03-26,239518.0519643801,4143.242684380111,0.0,-5.023836555495542e-05,0.017298248087773666,{'511010.SH': 0.9827017519122263}
2014-03-27,239457.8839643801,4143.242684380111,0.0,-0.0002512044478758524,0.01730259457649107,{'511010.SH': 0.9826974054235089}
2014-03-28,239067.99532438008,4143.242684380111,0.0,-0.0016282138367931243,0.017330812845769424,{'511010.SH': 0.9826691871542306}
2014-03-31,238940.4391643801,4143.242684380111,0.0,-0.000533555986140688,0.01734006474111211,{'511010.SH': 0.9826599352588878}
2014-04-01,258817.69644438007,24143.24268438011,20000.0,-0.0005136958834983663,0.09328281263630092,{'511010.SH': 0.906717187363699}
2014-04-02,258471.82849878015,7559.604498780129,0.0,-0.0013363380879725106,0.02924730537438747,{'511880.SH': 0.9707526946256125}
2014-04-03,258508.98049878015,7559.604498780129,0.0,0.00014373713458737392,0.029243102054691678,{'511880.SH': 0.9707568979453083}
2014-04-04,258647.68129878014,7559.604498780129,0.0,0.0005365415148532726,0.0292274203303124,{'511880.SH': 0.9707725796696876}
2014-04-08,258640.25089878016,7559.604498780129,0.0,-2.8727881737355965e-05,0.029228259996308962,{'511880.SH': 0.970771740003691}
2014-04-09,258655.11169878015,7559.604498780129,0.0,5.745741410456695e-05,0.029226580712558098,{'511880.SH': 0.9707734192874419}
2014-04-10,258699.69409878014,7559.604498780129,0.0,0.00017236233881945395,0.029221544018887092,{'511880.SH': 0.9707784559811129}
2014-04-11,258821.05729878013,7559.604498780129,0.0,0.00046912772905582933,0.029207841810387963,{'511880.SH': 0.9707921581896121}
2014-04-14,258823.53409878016,7559.604498780129,0.0,9.569545947663016e-06,0.029207562307278445,{'511880.SH': 0.9707924376927216}
2014-04-15,258838.39489878016,7559.604498780129,0.0,5.74167262330505e-05,0.029205885400951988,{'511880.SH': 0.970794114599048}
2014-04-16,258873.07009878012,7559.604498780129,0.0,0.0001339646693974128,0.02920197336824396,{'511880.SH': 0.9707980266317561}
2014-04-17,258885.45409878014,7559.604498780129,0.0,4.783811616748679e-05,0.02920057646767474,{'511880.SH': 0.9707994235323253}
2014-04-18,258952.3276987801,7559.604498780129,0.0,0.00025831347007398975,0.029193035513369287,{'511880.SH': 0.9708069644866307}
2014-04-21,258987.00289878016,7559.604498780129,0.0,0.0001339057281630751,0.02918912692207434,{'511880.SH': 0.9708108730779257}
2014-04-22,259026.63169878014,7559.604498780129,0.0,0.0001530146283652556,0.029184661241980433,{'511880.SH': 0.9708153387580196}
2014-04-23,259053.87649878016,7559.604498780129,0.0,0.0001051814626986669,0.029181591879462673,{'511880.SH': 0.9708184081205373}
2014-04-24,259076.16769878013,7559.604498780129,0.0,8.604850968163547e-05,0.02917908106302332,{'511880.SH': 0.9708209189369766}
2014-04-25,259180.19329878013,7559.604498780129,0.0,0.00040152516120639525,0.02916736963023057,{'511880.SH': 0.9708326303697694}
2014-04-28,259053.87649878016,7559.604498780129,0.0,-0.00048737057563019714,0.029181591879462673,{'511880.SH': 0.9708184081205373}
2014-04-29,259113.31969878013,7559.604498780129,0.0,0.00022946269248458329,0.029174897328968604,{'511880.SH': 0.9708251026710314}
2014-04-30,259356.04609878015,7559.604498780129,0.0,0.0009367577100327651,0.02914759309640665,{'511880.SH': 0.9708524069035933}
2014-05-05,279380.81409878016,27559.60449878013,20000.0,9.549806288533524e-05,0.09864530099420474,{'511880.SH': 0.9013546990057951}
2014-05-06,279266.64005718014,1731.3109371801838,0.0,-0.0004086681541405346,0.00619949069758456,{'511010.SH': 0.9938005093024155}
2014-05-07,278865.1189371802,1731.3109371801838,0.0,-0.001437769724008997,0.006208416971540264,{'511010.SH': 0.9937915830284597}
2014-05-08,279303.14197718014,1731.3109371801838,0.0,0.0015707344169444415,0.006198680490753795,{'511010.SH': 0.9938013195092462}
2014-05-09,280302.7330171802,1731.3109371801838,0.0,0.003578875027770767,0.0061765752996567076,{'511010.SH': 0.9938234247003432}
2014-05-12,280044.4117371802,1731.3109371801838,0.0,-0.0009215795979561348,0.006182272756097728,{'511010.SH': 0.9938177272439023}
2014-05-13,279951.7530171802,1731.3109371801838,0.0,-0.00033087151936084247,0.006184318971111912,{'511010.SH': 0.9938156810288881}
2014-05-14,279595.15733718016,1731.3109371801838,0.0,-0.0012737754850856708,0.0061922064518889165,{'511010.SH': 0.9938077935481111}
2014-05-15,279833.82373718015,1731.3109371801838,0.0,0.0008536142123241053,0.0061869252046036815,{'511010.SH': 0.9938130747953963}
2014-05-16,279853.4786171802,1731.3109371801838,0.0,7.023768512892659e-05,0.00618649067981926,{'511010.SH': 0.9938135093201808}
2014-05-19,279673.7768571801,1731.3109371801838,0.0,-0.0006421280195909596,0.006190465751332508,{'511010.SH': 0.9938095342486675}
2014-05-20,279715.89445718017,1731.3109371801838,0.0,0.00015059545615381253,0.006189533635691262,{'511010.SH': 0.9938104663643087}
2014-05-21,279567.07893718017,1731.3109371801838,0.0,-0.0005320238247054077,0.00619282836792531,{'511010.SH': 0.9938071716320747}
2014-05-22,279915.2510971801,1731.3109371801838,0.0,0.0012453975672801487,0.006185125427764251,{'511010.SH': 0.9938148745722357}
2014-05-23,280111.7998971802,1731.3109371801838,0.0,0.00070217252982685,0.0061807854500085,{'511010.SH': 0.9938192145499914}
2014-05-26,280459.9720571802,1731.3109371801838,0.0,0.0012429756980170126,0.006173112421287713,{'511010.SH': 0.9938268875787123}
2014-05-27,281243.3594171801,1731.3109371801838,0.0,0.00279322341171806,0.006155917568215566,{'511010.SH': 0.9938440824317845}
2014-05-28,281251.78293718013,1731.3109371801838,0.0,2.9951000505290537e-05,0.006155733197847447,{'511010.SH': 0.9938442668021525}
2014-05-29,281726.30789718014,1731.3109371801838,0.0,0.001687189162125291,0.006145364804951228,{'511010.SH': 0.9938546351950488}
2014-05-30,282029.55461718014,1731.3109371801838,0.0,0.0010763876553221419,0.006138757122565477,{'511010.SH': 0.9938612428774345}
2014-06-03,302487.2325371801,21731.310937180184,20000.0,0.0016228012720909124,0.07184207662222268,{'511010.SH': 0.9281579233777774}
2014-06-04,303713.65793998016,1667.2895399801891,0.0,0.0040544699771725146,0.005489675871967795,{'511010.SH': 0.9945103241280322}
2014-06-05,301878.53393998015,1667.2895399801891,0.0,-0.006042283420664152,0.005523047691465474,{'511010.SH': 0.9944769523085346}
2014-06-06,302092.1303399801,1667.2895399801891,0.0,0.0007075574311701249,0.0055191425811185165,{'511010.SH': 0.9944808574188815}
2014-06-09,302197.4243399801,1667.2895399801891,0.0,0.0003485492981281091,0.005517219558113917,{'511010.SH': 0.9944827804418861}
2014-06-10,302140.26473998016,1667.2895399801891,0.0,-0.00018914654922952412,0.005518263318578367,{'511010.SH': 0.9944817366814217}
2014-06-11,302386.9535399801,1667.2895399801891,0.0,0.0008164711188436424,0.0055137614915643125,{'511010.SH': 0.9944862385084358}
2014-06-12,301842.43313998013,1667.2895399801891,0.0,-0.0018007403878553818,0.005523708256111823,{'511010.SH': 0.9944762917438882}
2014-06-13,301713.07193998015,1667.2895399801891,0.0,-0.00042857194945811194,0.005526076577523507,{'511010.SH': 0.9944739234224765}
2014-06-16,302913.42353998014,1667.2895399801891,0.0,0.003978454073208848,0.005504178456324275,{'511010.SH': 0.9944958215436758}
2014-06-17,302275.6427399802,1667.2895399801891,0.0,-0.0021054887318844306,0.0055157918940045205,{'511010.SH': 0.9944842081059955}
2014-06-18,302314.7519399802,1667.2895399801891,0.0,0.0001293825716339736,0.00551507833898626,{'511010.SH': 0.9944849216610138}
2014-06-19,302206.4495399802,1667.2895399801891,0.0,-0.00035824384786053987,0.00551705478992306,{'511010.SH': 0.994482945210077}
2014-06-20,302474.19713998016,1667.2895399801891,0.0,0.0008859757970338666,0.005512171139704173,{'511010.SH': 0.9944878288602959}
2014-06-23,302504.2811399801,1667.2895399801891,0.0,9.945972345559717e-05,0.005511622955209257,{'511010.SH': 0.9944883770447908}
2014-06-24,303241.33913998015,1667.2895399801891,0.0,0.0024365208889687295,0.005498226411704859,{'511010.SH': 0.9945017735882952}
2014-06-25,303151.08713998017,1667.2895399801891,0.0,-0.0002976243287143854,0.005499863304828979,{'511010.SH': 0.994500136695171}
2014-06-26,302567.4575399801,1667.2895399801891,0.0,-0.0019252103151143896,0.0055104721226005605,{'511010.SH': 0.9944895278773995}
2014-06-27,302329.79393998015,1667.2895399801891,0.0,-0.0007854896290971913,0.005514803943905002,{'511010.SH': 0.9944851960560951}
2014-06-30,302164.33193998015,1667.2895399801891,0.0,-0.0005472897587884828,0.005517823792357359,{'511010.SH': 0.9944821762076427}
2014-07-01,321863.49193998013,21667.28953998019,20000.0,-0.000995617179792685,0.06731825784087567,{'511010.SH': 0.9326817421591244}
2014-07-02,323312.5417617506,80.5147783557768,0.0,0.004502063322051608,0.0002490307920535549,{'510880.SH': 0.9997509692079465}
2014-07-03,323899.16975990555,80.5147783557768,0.0,0.0018144300711577799,0.000248579761459282,{'510880.SH': 0.9997514202385407}
2014-07-04,324094.71242595726,80.5147783557768,0.0,0.0006037146257480419,0.00024842978076716147,{'510880.SH': 0.9997515702192329}
2014-07-07,323508.08442780224,80.5147783557768,0.0,-0.0018100511229075522,0.00024888026677350437,{'510880.SH': 0.9997511197332265}
2014-07-08,324681.3404241122,80.5147783557768,0.0,0.003626666697944092,0.00024798092261971405,{'510880.SH': 0.9997520190773803}
2014-07-09,321552.65776728565,80.5147783557768,0.0,-0.00963616403930001,0.00025039375794569553,{'510880.SH': 0.9997496062420543}
2014-07-10,321357.115101234,80.5147783557768,0.0,-0.0006081201984440288,0.0002505461201019713,{'510880.SH': 0.999749453879898}
2014-07-11,322725.9137635956,80.5147783557768,0.0,0.004259431635520006,0.00024948346234989914,{'510880.SH': 0.9997505165376501}
2014-07-14,326832.3097506805,80.5147783557768,0.0,0.012724097483206576,0.0002463488949951012,{'510880.SH': 0.9997536511050049}
2014-07-15,326636.7670846288,80.5147783557768,0.0,-0.000598296619452543,0.00024649637294173963,{'510880.SH': 0.9997535036270583}
2014-07-16,326441.22441857716,80.5147783557768,0.0,-0.0005986547925910246,0.0002466440275709089,{'510880.SH': 0.9997533559724291}
2014-07-17,325659.05375437054,80.5147783557768,0.0,-0.00239605357932271,0.0002472364192782595,{'510880.SH': 0.9997527635807217}
2014-07-18,326245.6817525255,80.5147783557768,0.0,0.0018013563307759384,0.00024679185920030504,{'510880.SH': 0.9997532081407997}
2014-07-21,325854.5964204222,80.5147783557768,0.0,-0.0011987448538858247,0.0002470880547343745,{'510880.SH': 0.9997529119452656}
2014-07-22,329765.4497414554,80.5147783557768,0.0,0.012001835677614148,0.0002441577139718623,{'510880.SH': 0.9997558422860281}
2014-07-23,330547.62040566205,80.5147783557768,0.0,0.002371899981698844,0.00024357996665341487,{'510880.SH': 0.9997564200333466}
2014-07-24,335631.7297230052,80.5147783557768,0.0,0.01538086800051297,0.0002398902464383363,{'510880.SH': 0.9997601097535617}
2014-07-25,338760.4123798318,80.5147783557768,0.0,0.009321772585114685,0.00023767469696400179,{'510880.SH': 0.999762325303036}
2014-07-28,346191.0336897949,80.5147783557768,0.0,0.021934739238750334,0.0002325732630843415,{'510880.SH': 0.9997674267369157}
2014-07-29,348146.46035031154,80.5147783557768,0.0,0.005648403540886582,0.00023126697389013034,{'510880.SH': 0.9997687330261099}
2014-07-30,346386.57635584654,80.5147783557768,0.0,-0.005055010447884922,0.00023244197047943085,{'510880.SH': 0.9997675580295206}
2014-07-31,351275.1430071381,80.5147783557768,0.0,0.014113037239265047,0.0002292071612768248,{'510880.SH': 0.9997707928387232}
2014-08-01,369710.8016787248,20080.514778355777,20000.0,-0.004453322017099026,0.05431411440287199,{'510880.SH': 0.945685885597128}
2014-08-04,374467.15679855866,49.84005501629508,0.0,0.012865069395421758,0.00013309593140929608,{'510880.SH': 0.9998669040685908}
2014-08-05,374260.410626972,49.84005501629508,0.0,-0.0005521076223459209,0.00013316945528062016,{'510880.SH': 0.9998668305447195}
2014-08-06,373846.91828379856,49.84005501629508,0.0,-0.0011048252271211867,0.0001333167469858879,{'510880.SH': 0.9998666832530142}
2014-08-07,369918.741023651,49.84005501629508,0.0,-0.010507448551884457,0.00013473244117985503,{'510880.SH': 0.9998652675588202}
2014-08-08,370125.48719523766,49.84005501629508,0.0,0.0005588961808600246,0.0001346571817952243,{'510880.SH': 0.9998653428182048}
2014-08-11,376534.6185144259,49.84005501629508,0.0,0.0173161037024383,0.00013236513341836483,{'510880.SH': 0.9998676348665817}
2014-08-12,376327.8723428392,49.84005501629508,0.0,-0.0005490761311731651,0.00013243785188169692,{'510880.SH': 0.9998675621481183}
2014-08-13,375707.633828079,49.84005501629508,0.0,-0.001648133344200331,0.00013265648746200754,{'510880.SH': 0.999867343512538}
2014-08-14,374053.66445538524,49.84005501629508,0.0,-0.004402277792020071,0.00013324306042786994,{'510880.SH': 0.9998667569395722}
2014-08-15,376327.8723428392,49.84005501629508,0.0,0.006079897361158437,0.00013243785188169692,{'510880.SH': 0.9998675621481183}
2014-08-18,377568.3493723594,49.84005501629508,0.0,0.003296266688400218,0.0001320027356613587,{'510880.SH': 0.9998679972643387}
2014-08-19,377775.09554394614,49.84005501629508,0.0,0.0005475728353037113,0.0001319304941066377,{'510880.SH': 0.9998680695058935}
2014-08-20,376534.6185144259,49.84005501629508,0.0,-0.003283638980314807,0.00013236513341836483,{'510880.SH': 0.9998676348665817}
2014-08-21,373846.91828379856,49.84005501629508,0.0,-0.007137989705252923,0.0001333167469858879,{'510880.SH': 0.9998666832530142}
2014-08-22,375294.14148490556,49.84005501629508,0.0,0.0038711652559575427,0.00013280264599680586,{'510880.SH': 0.9998671973540032}
2014-08-25,373019.9335974517,49.84005501629508,0.0,-0.006059801196084735,0.0001336123100329552,{'510880.SH': 0.999866387689967}
2014-08-26,369505.24868047755,49.84005501629508,0.0,-0.00942224422989435,0.00013488321260462878,{'510880.SH': 0.9998651167873954}
2014-08-27,369711.99485206424,49.84005501629508,0.0,0.0005595216098417399,0.00013480778473589416,{'510880.SH': 0.9998651922152642}
2014-08-28,368058.02547937055,49.84005501629508,0.0,-0.004473669763826571,0.0001354135803760339,{'510880.SH': 0.9998645864196241}
2014-08-29,371572.7103963446,49.84005501629508,0.0,0.0095492685219849,0.0001341327111001567,{'510880.SH': 0.9998658672888999}
2014-09-01,393019.9335974517,20049.840055016295,20000.0,0.0038948586928340134,0.051014817165869815,{'510880.SH': 0.9489851828341302}
2014-09-02,392502.19051377964,9457.640113779576,0.0,-0.0013173456087404167,0.024095763902361064,{'511880.SH': 0.975904236097639}
2014-09-03,392531.9121137796,9457.640113779576,0.0,7.57233990491546e-05,0.02409393942737114,{'511880.SH': 0.9759060605726289}
2014-09-04,392528.19691377954,9457.640113779576,0.0,-9.464708181416981e-06,0.02409416747163513,{'511880.SH': 0.9759058325283648}
2014-09-05,392517.05131377955,9457.640113779576,0.0,-2.839439328850002e-05,0.02409485163032855,{'511880.SH': 0.9759051483696715}
2014-09-09,392535.6273137796,9457.640113779576,0.0,4.7325332588332714e-05,0.02409371138742385,{'511880.SH': 0.9759062886125761}
2014-09-10,392576.4945137796,9457.640113779576,0.0,0.00010411080461580902,0.024091203232871117,{'511880.SH': 0.9759087967671289}
2014-09-11,392743.6785137796,9457.640113779576,0.0,0.0004258635000728983,0.024080948036055407,{'511880.SH': 0.9759190519639446}
2014-09-12,392825.41291377955,9457.640113779576,0.0,0.00020811130635944863,0.024075937561237704,{'511880.SH': 0.9759240624387623}
2014-09-15,392881.1409137796,9457.640113779576,0.0,0.0001418645489015269,0.024072522523688963,{'511880.SH': 0.975927477476311}
2014-09-16,393000.0273137796,9457.640113779576,0.0,0.00030260144257221455,0.024065240347244037,{'511880.SH': 0.975934759652756}
2014-09-17,392974.0209137796,9457.640113779576,0.0,-6.617404120223824e-05,0.02406683294683907,{'511880.SH': 0.9759331670531609}
2014-09-18,393137.4897137796,9457.640113779576,0.0,0.00041597864311704313,0.024056825821076315,{'511880.SH': 0.9759431741789237}
2014-09-19,393182.07211377955,9457.640113779576,0.0,0.00011340154822780946,0.024054098049116318,{'511880.SH': 0.9759459019508837}
2014-09-22,393196.93291377963,9457.640113779576,0.0,3.7796229925168845e-05,0.024053188929257115,{'511880.SH': 0.9759468110707429}
2014-09-23,393211.79371377965,9457.640113779576,0.0,3.7794801424073654e-05,0.024052279878115326,{'511880.SH': 0.9759477201218847}
2014-09-24,393137.4897137796,9457.640113779576,0.0,-0.00018896686515501582,0.024056825821076315,{'511880.SH': 0.9759431741789237}
2014-09-25,393189.50251377956,9457.640113779576,0.0,0.0001323018062657777,0.024053643480596555,{'511880.SH': 0.9759463565194034}
2014-09-26,393523.8705137796,9457.640113779576,0.0,0.000850399102372501,0.024033205664072695,{'511880.SH': 0.9759667943359273}
2014-09-29,394237.1889137796,9457.640113779576,0.0,0.0018126432815086524,0.023989720857734653,{'511880.SH': 0.9760102791422653}
2014-09-30,395726.98411377956,9457.640113779576,0.0,0.0037789311660441083,0.02389940664511347,{'511880.SH': 0.9761005933548865}
2014-10-08,414552.9809137796,29457.640113779576,20000.0,-0.0029666998893924656,0.07105880664239222,{'511880.SH': 0.9289411933576078}
2014-10-09,414377.6163142498,56.421203548670746,0.0,-0.00042302095896940006,0.0001361589075455341,{'510880.SH': 0.9998638410924545}
2014-10-10,411559.1047828844,56.421203548670746,0.0,-0.006801794837363873,0.00013709137495192925,{'510880.SH': 0.9998629086250481}
2014-10-13,408523.78467218333,56.421203548670746,0.0,-0.0073751742469707615,0.00013810995997196466,{'510880.SH': 0.999861890040028}
2014-10-14,408957.40183085494,56.421203548670746,0.0,0.0010614245117197552,0.00013796352210787615,{'510880.SH': 0.9998620364778921}
2014-10-15,410258.25330686965,56.421203548670746,0.0,0.00318089725284576,0.00013752606582290538,{'510880.SH': 0.999862473934177}
2014-10-16,409391.01898952655,56.421203548670746,0.0,-0.0021138741520805304,0.00013781739445074188,{'510880.SH': 0.9998621826055493}
2014-10-17,408523.78467218333,56.421203548670746,0.0,-0.0021183520817915635,0.00013810995997196466,{'510880.SH': 0.999861890040028}
2014-10-20,410475.06188620545,56.421203548670746,0.0,0.004776410302739009,0.00013745342601181504,{'510880.SH': 0.9998625465739882}
2014-10-21,407222.93319616857,56.421203548670746,0.0,-0.007922841098050637,0.00013855114471534777,{'510880.SH': 0.9998614488552846}
2014-10-22,405271.65598214645,56.421203548670746,0.0,-0.004791668285248907,0.00013921823230380633,{'510880.SH': 0.9998607817676962}
2014-10-23,400068.2500780874,56.421203548670746,0.0,-0.012839303778718447,0.00014102894578027166,{'510880.SH': 0.9998589710542197}
2014-10-24,399851.44149875164,56.421203548670746,0.0,-0.000541928981601103,0.0001411054148940636,{'510880.SH': 0.9998588945851059}
2014-10-27,396816.12138805055,56.421203548670746,0.0,-0.0075911195901254835,0.00014218475638366485,{'510880.SH': 0.9998578152436164}
2014-10-28,403537.1873474601,56.421203548670746,0.0,0.01693748211614854,0.0001398166149681022,{'510880.SH': 0.9998601833850319}
2014-10-29,410041.4447275339,56.421203548670746,0.0,0.01611811150002751,0.00013759878245030022,{'510880.SH': 0.9998624012175497}
2014-10-30,416112.08494893607,56.421203548670746,0.0,0.014804943011153426,0.00013559136009134312,{'510880.SH': 0.9998644086399087}
2014-10-31,425868.4710190468,56.421203548670746,0.0,0.023446533813859194,0.00013248504500383015,{'510880.SH': 0.9998675149549962}
2014-11-03,446085.27959838265,20056.42120354867,20000.0,0.0005090975127064468,0.044960957289614606,{'510880.SH': 0.9550390427103854}
2014-11-04,446827.16122770077,362.85166770080104,0.0,0.0016630937250070588,0.0008120626926613661,{'511010.SH': 0.9991879373073387}
2014-11-05,447991.41202770075,362.85166770080104,0.0,0.002605595409198136,0.0008099522847066648,{'511010.SH': 0.9991900477152933}
2014-11-06,446878.90570770076,362.85166770080104,0.0,-0.0024833206399305086,0.0008119686632470831,{'511010.SH': 0.9991880313367529}
2014-11-07,448724.45882770076,362.85166770080104,0.0,0.004129872984443672,0.0008086291276583326,{'511010.SH': 0.9991913708723417}
2014-11-10,449957.70226770075,362.85166770080104,0.0,0.002748331221395617,0.0008064128380781084,{'511010.SH': 0.9991935871619219}
2014-11-11,449638.61130770075,362.85166770080104,0.0,-0.0007091576794704402,0.0008069851177715944,{'511010.SH': 0.9991930148822284}
2014-11-12,449492.00194770074,362.85166770080104,0.0,-0.00032606043234062465,0.0008072483295109209,{'511010.SH': 0.999192751670489}
2014-11-13,448547.66518770077,362.85166770080104,0.0,-0.0021008978044282367,0.0008089478462650361,{'511010.SH': 0.9991910521537349}
2014-11-14,447965.53978770075,362.85166770080104,0.0,-0.0012978005353264654,0.0008099990634832386,{'511010.SH': 0.9991900009365168}
2014-11-17,446516.69434770074,362.85166770080104,0.0,-0.003234278781101385,0.0008126273268032615,{'511010.SH': 0.9991873726731967}
2014-11-18,448129.3973077007,362.85166770080104,0.0,0.0036117416894252408,0.0008097028891225694,{'511010.SH': 0.9991902971108775}
2014-11-19,447094.5077077008,362.85166770080104,0.0,-0.002309354410171327,0.0008115771082968087,{'511010.SH': 0.9991884228917032}
2014-11-20,447068.6354677008,362.85166770080104,0.0,-5.786749681324643e-05,0.0008116240749503795,{'511010.SH': 0.9991883759250496}
2014-11-21,447275.61338770075,362.85166770080104,0.0,0.00046296676523382985,0.0008112484938593766,{'511010.SH': 0.9991887515061406}
2014-11-24,448194.07790770073,362.85166770080104,0.0,0.002053464334984545,0.0008095860378046433,{'511010.SH': 0.9991904139621953}
2014-11-25,448776.20330770075,362.85166770080104,0.0,0.0012988243903568897,0.0008085358916680659,{'511010.SH': 0.9991914641083319}
2014-11-26,448685.65046770073,362.85166770080104,0.0,-0.00020177727636316867,0.0008086990687635584,{'511010.SH': 0.9991913009312364}
2014-11-27,449000.4293877008,362.85166770080104,0.0,0.0007015578048283899,0.0008081321173692855,{'511010.SH': 0.9991918678826307}
2014-11-28,449224.65546770074,362.85166770080104,0.0,0.0004993894556084566,0.0008077287461504661,{'511010.SH': 0.9991922712538496}
2014-12-01,469763.6604677008,20362.8516677008,20000.0,0.0011998562265886914,0.04334701336290544,{'511010.SH': 0.9566529866370945}
2014-12-02,484285.37889725534,79.82834374991944,0.0,0.030912817766909795,0.00016483740213609795,{'510880.SH': 0.9998351625978639}
2014-12-03,484714.6391371079,79.82834374991944,0.0,0.0008863786902466586,0.0001646914231681353,{'510880.SH': 0.9998353085768319}
2014-12-04,504889.8704101705,79.82834374991944,0.0,0.04162290478574926,0.00015811040868193138,{'510880.SH': 0.999841889591318}
2014-12-05,508109.32220906357,79.82834374991944,0.0,0.006376542663210083,0.0001571085989976656,{'510880.SH': 0.9998428914010024}
2014-12-08,522060.2800042665,79.82834374991944,0.0,0.02745660665021754,0.00015291020368235456,{'510880.SH': 0.9998470897963176}
2014-12-09,501670.4186112776,79.82834374991944,0.0,-0.03905652694516859,0.00015912507652115506,{'510880.SH': 0.9998408749234788}
2014-12-10,519699.3486850782,79.82834374991944,0.0,0.03593779781496442,0.0001536048562537125,{'510880.SH': 0.9998463951437463}
2014-12-11,518626.19808544725,79.82834374991944,0.0,-0.002064945053993572,0.00015392269816799184,{'510880.SH': 0.9998460773018321}
2014-12-12,516265.26676625904,79.82834374991944,0.0,-0.0045522793254636484,0.00015462660164984916,{'510880.SH': 0.9998453733983501}
2014-12-15,517767.6776057425,79.82834374991944,0.0,0.0029101528539661192,0.00015417792033496777,{'510880.SH': 0.999845822079665}
2014-12-16,527855.2932422739,79.82834374991944,0.0,0.0194828995181362,0.00015123149236523806,{'510880.SH': 0.9998487685076348}
2014-12-17,536440.498039322,79.82834374991944,0.0,0.016264315063158286,0.00014881118044161515,{'510880.SH': 0.9998511888195583}
2014-12-18,535581.977559617,79.82834374991944,0.0,-0.0016004020629367677,0.00014904971992085663,{'510880.SH': 0.9998509502800792}
2014-12-19,555971.8389526061,79.82834374991944,0.0,0.038070477064772845,0.00014358343023327918,{'510880.SH': 0.9998564165697666}
2014-12-22,564771.67386958,79.82834374991944,0.0,0.015827842887783605,0.00014134622440068376,{'510880.SH': 0.9998586537755995}
2014-12-23,543308.6618769602,79.82834374991944,0.0,-0.038002989501162876,0.00014693000379220473,{'510880.SH': 0.9998530699962079}
2014-12-24,527426.0330024215,79.82834374991944,0.0,-0.029233159691710475,0.00015135457629099043,{'510880.SH': 0.9998486454237091}
2014-12-25,546742.7437957795,79.82834374991944,0.0,0.03662449250636324,0.0001460071389255366,{'510880.SH': 0.9998539928610743}
2014-12-26,558762.0305116468,79.82834374991944,0.0,0.021983440753914563,0.00014286644294141156,{'510880.SH': 0.9998571335570585}
2014-12-29,556401.0991924584,79.82834374991944,0.0,-0.0042252894618241,0.00014347265644474745,{'510880.SH': 0.9998565273435551}
2014-12-30,550391.4558345249,79.82834374991944,0.0,-0.010800919276859222,0.00014503921327935695,{'510880.SH': 0.9998549607867205}
2014-12-31,563483.893150023,79.82834374991944,0.0,0.02378750101715643,0.00014166925571493808,{'510880.SH': 0.999858330744285}
2015-01-05,609454.1376610931,20079.82834374992,20000.0,0.04608870781716523,0.03294723442326675,{'510880.SH': 0.9670527655767331}
2015-01-06,608450.9519161669,245.93572612999196,0.0,-0.0016460397640027935,0.0004041997557165089,{'510880.SH': 0.9995958002442834}
2015-01-07,606232.0354032518,245.93572612999196,0.0,-0.003646828895455312,0.0004056791983392978,{'510880.SH': 0.9995943208016607}
2015-01-08,592252.8613718865,245.93572612999196,0.0,-0.023059114687112636,0.00041525460182718205,{'510880.SH': 0.9995847453981728}
2015-01-09,588480.7032999308,245.93572612999196,0.0,-0.006369168167829398,0.0004179163815413094,{'510880.SH': 0.9995820836184586}
2015-01-12,576498.554130189,245.93572612999196,0.0,-0.020361159002413087,0.0004266025029343838,{'510880.SH': 0.9995733974970655}
2015-01-13,577164.2290840636,245.93572612999196,0.0,0.0011546862504778765,0.00042611047902307126,{'510880.SH': 0.9995738895209768}
2015-01-14,575167.20422244,245.93572612999196,0.0,-0.003460063463726293,0.00042758996744689015,{'510880.SH': 0.999572410032553}
2015-01-15,592030.9697205949,245.93572612999196,0.0,0.029319761930711508,0.0004154102381604457,{'510880.SH': 0.9995845897618395}
2015-01-16,597578.2610028828,245.93572612999196,0.0,0.00936993428723154,0.00041155400418557984,{'510880.SH': 0.9995884459958143}
2015-01-19,542992.9147851706,245.93572612999196,0.0,-0.09134426363854786,0.0004529262158554939,{'510880.SH': 0.9995470737841444}
2015-01-20,556746.0533460563,245.93572612999196,0.0,0.02532839413996224,0.000441737709054088,{'510880.SH': 0.9995582622909458}
2015-01-21,579914.442414322,245.93572612999196,0.0,0.04161392600634217,0.00042408967279052907,{'510880.SH': 0.9995759103272094}
2015-01-22,580143.8324050967,245.93572612999196,0.0,0.0003955583341219704,0.0004239219869155871,{'510880.SH': 0.9995760780130843}
2015-01-23,579455.6624327721,245.93572612999196,0.0,-0.0011862057887811472,0.0004244254428327813,{'510880.SH': 0.9995755745571672}
2015-01-26,586566.7521467942,245.93572612999196,0.0,0.012272016954959275,0.0004192800311812492,{'510880.SH': 0.9995807199688187}
2015-01-27,582208.342322071,245.93572612999196,0.0,-0.007430373114009292,0.0004224187601797419,{'510880.SH': 0.9995775812398202}
2015-01-28,578079.3224881227,245.93572612999196,0.0,-0.007091997028898844,0.00042543595067793654,{'510880.SH': 0.999574564049322}
2015-01-29,572573.9627095249,245.93572612999196,0.0,-0.009523536934173849,0.00042952656276261505,{'510880.SH': 0.9995704734372373}
2015-01-30,568444.9428755766,245.93572612999196,0.0,-0.007211330068885857,0.0004326465196187405,{'510880.SH': 0.9995673534803812}
2015-02-02,572158.2535305581,20245.935726129992,20000.0,-0.02865130484340217,0.0353852026099431,{'510880.SH': 0.9646147973900568}
2015-02-03,573818.979008854,1587.0032488540746,0.0,0.0029025631773171856,0.0027656862301683946,{'511010.SH': 0.9972343137698316}
2015-02-04,574674.567968854,1587.0032488540746,0.0,0.0014910433277717239,0.0027615686117157118,{'511010.SH': 0.9972384313882843}
2015-02-05,575768.422208854,1587.0032488540746,0.0,0.001903432483302936,0.0027563221386226106,{'511010.SH': 0.9972436778613774}
2015-02-06,578037.357488854,1587.0032488540746,0.0,0.003940708091102918,0.002745502913078894,{'511010.SH': 0.9972544970869212}
2015-02-09,578811.719648854,1587.0032488540746,0.0,0.001339640336334158,0.002741829847220193,{'511010.SH': 0.9972581701527798}
2015-02-10,575264.816048854,1587.0032488540746,0.0,-0.006127905637694719,0.0027587351156885273,{'511010.SH': 0.9972412648843114}
2015-02-11,578226.886688854,1587.0032488540746,0.0,0.005149055804150482,0.0027446030016726754,{'511010.SH': 0.9972553969983273}
2015-02-12,579775.611008854,1587.0032488540746,0.0,0.0026784024673578433,0.002737271486968152,{'511010.SH': 0.9972627285130319}
2015-02-13,580799.068688854,1587.0032488540746,0.0,0.0017652651483892612,0.0027324479917585145,{'511010.SH': 0.9972675520082415}
2015-02-16,579255.7594888541,1587.0032488540746,0.0,-0.0026572170707571674,0.0027397280438859607,{'511010.SH': 0.997260271956114}
2015-02-17,580452.501008854,1587.0032488540746,0.0,0.002065998482355891,0.0027340794399124606,{'511010.SH': 0.9972659205600876}
2015-02-25,580484.991728854,1587.0032488540746,0.0,5.597481265651183e-05,0.002733926408893906,{'511010.SH': 0.9972660735911061}
2015-02-26,579418.213088854,1587.0032488540746,0.0,-0.0018377368152496798,0.002738959896330886,{'511010.SH': 0.9972610401036691}
2015-02-27,579537.345728854,1587.0032488540746,0.0,0.00020560734424424076,0.002738396861824639,{'511010.SH': 0.9972616031381754}
2015-03-02,597793.677088854,21587.003248854075,20000.0,-0.003008725240660759,0.03611112675861484,{'511010.SH': 0.9638888732413852}
2015-03-03,597028.1966531042,504.810403104173,0.0,-0.0012805094217082091,0.0008455386293881977,{'511880.SH': 0.9991544613706118}
2015-03-04,597099.1796531042,504.810403104173,0.0,0.00011889388206109963,0.0008454381119690233,{'511880.SH': 0.999154561888031}
2015-03-05,597164.2474031041,504.810403104173,0.0,0.00010897310232071966,0.0008453459919937413,{'511880.SH': 0.9991546540080063}
2015-03-06,597211.5694031041,504.810403104173,0.0,7.924452980212493e-05,0.0008452790082561806,{'511880.SH': 0.9991547209917438}
2015-03-09,597229.3151531041,504.810403104173,0.0,2.9714343976472435e-05,0.0008452538920912835,{'511880.SH': 0.9991547461079087}
2015-03-10,597389.0269031042,504.810403104173,0.0,0.00026742114954458884,0.0008450279137551897,{'511880.SH': 0.9991549720862448}
2015-03-11,597359.4506531041,504.810403104173,0.0,-4.9509195295005526e-05,0.0008450697524786031,{'511880.SH': 0.9991549302475214}
2015-03-12,597566.4844031042,504.810403104173,0.0,0.0003465815260370597,0.0008447769683877383,{'511880.SH': 0.9991552230316123}
2015-03-13,598004.2129031041,504.810403104173,0.0,0.0007325184919586558,0.000844158606598259,{'511880.SH': 0.9991558413934017}
2015-03-16,598441.9414031041,504.810403104173,0.0,0.0007319823013871574,0.0008435411494064018,{'511880.SH': 0.9991564588505936}
2015-03-17,598607.5684031041,504.810403104173,0.0,0.0002767636900777859,0.0008433077524409652,{'511880.SH': 0.999156692247559}
2015-03-18,598512.9244031041,504.810403104173,0.0,-0.00015810692178930275,0.0008434411063179956,{'511880.SH': 0.999156558893682}
2015-03-19,598441.9414031041,504.810403104173,0.0,-0.00011859894265575655,0.0008435411494064018,{'511880.SH': 0.9991564588505936}
2015-03-20,598530.6701531041,504.810403104173,0.0,0.00014826626254160757,0.000843416099253598,{'511880.SH': 0.9991565839007464}
2015-03-23,598601.6531531041,504.810403104173,0.0,0.000118595426332746,0.0008433160858228667,{'511880.SH': 0.9991566839141771}
2015-03-24,598654.8904031041,504.810403104173,0.0,8.893602234394393e-05,0.0008432410913143281,{'511880.SH': 0.9991567589086857}
2015-03-25,598767.2801531041,504.810403104173,0.0,0.00018773712835495893,0.0008430828133679809,{'511880.SH': 0.999156917186632}
2015-03-26,598826.4326531042,504.810403104173,0.0,9.879046828498161e-05,0.0008429995330493469,{'511880.SH': 0.9991570004669507}
2015-03-27,598986.1444031041,504.810403104173,0.0,0.0002667079161691177,0.0008427747583497475,{'511880.SH': 0.9991572252416503}
2015-03-30,598980.229153104,504.810403104173,0.0,-9.875437112061292e-06,0.000842783081201065,{'511880.SH': 0.9991572169187989}
2015-03-31,598992.0596531042,504.810403104173,0.0,1.9751069274764887e-05,0.0008427664356628119,{'511880.SH': 0.9991572335643372}
2015-04-01,619145.8561531041,20504.810403104173,20000.0,0.00025675882930564775,0.03311789976356345,{'511880.SH': 0.9668821002364365}
2015-04-02,623289.9088773407,193.55509505292866,0.0,0.006693176871092277,0.00031053782885969843,{'510880.SH': 0.9996894621711403}
2015-04-03,634008.0730839829,193.55509505292866,0.0,0.01719611380512731,0.00030528806062583006,{'510880.SH': 0.9996947119393742}
2015-04-07,655856.6385821378,193.55509505292866,0.0,0.03446102096441406,0.0002951179932726843,{'510880.SH': 0.9997048820067274}
2015-04-08,666162.5657039089,193.55509505292866,0.0,0.015713688808656423,0.00029055234415402236,{'510880.SH': 0.999709447655846}
2015-04-09,664101.3802795549,193.55509505292866,0.0,-0.0030941177581421675,0.00029145413757678267,{'510880.SH': 0.9997085458624232}
2015-04-10,678735.7967924699,193.55509505292866,0.0,0.022036419359277026,0.00028517001161220616,{'510880.SH': 0.9997148299883878}
2015-04-13,686568.3014050161,193.55509505292866,0.0,0.01153984311651235,0.0002819167366987831,{'510880.SH': 0.9997180832633012}
2015-04-14,689866.1980839828,193.55509505292866,0.0,0.004803450249913688,0.00028056903728651116,{'510880.SH': 0.9997194309627135}
2015-04-15,684713.2345230973,193.55509505292866,0.0,-0.007469511588185096,0.000282680522726773,{'510880.SH': 0.9997173194772733}
2015-04-16,699553.7695784477,193.55509505292866,0.0,0.021674088227149335,0.0002766836567395889,{'510880.SH': 0.9997233163432604}
2015-04-17,712333.1192094442,193.55509505292866,0.0,0.0182678590077463,0.00027171991563124066,{'510880.SH': 0.9997282800843688}
2015-04-20,690690.6722537247,193.55509505292866,0.0,-0.030382480291999525,0.0002802341233614146,{'510880.SH': 0.9997197658766386}
2015-04-21,703470.0218847208,193.55509505292866,0.0,0.018502276263985262,0.0002751433451767572,{'510880.SH': 0.9997248566548232}
2015-04-22,725112.4688404404,193.55509505292866,0.0,0.030765272552390588,0.00026693113602425185,{'510880.SH': 0.9997330688639757}
2015-04-23,727173.6542647948,193.55509505292866,0.0,0.0028425734116122037,0.0002661745154238592,{'510880.SH': 0.9997338254845761}
2015-04-24,715631.0158884109,193.55509505292866,0.0,-0.01587329011259908,0.00027046772813870036,{'510880.SH': 0.9997295322718613}
2015-04-27,730265.432401326,193.55509505292866,0.0,0.0204496677589463,0.0002650475929231142,{'510880.SH': 0.9997349524070769}
2015-04-28,716455.4900581526,193.55509505292866,0.0,-0.01891085313700569,0.00027015648248744433,{'510880.SH': 0.9997298435175126}
2015-04-29,717073.8456854589,193.55509505292866,0.0,0.0008630761238999085,0.00026992351794382795,{'510880.SH': 0.9997300764820561}
2015-04-30,716867.7271430234,193.55509505292866,0.0,-0.00028744395528523814,0.00027000112813603083,{'510880.SH': 0.999729998871864}
2015-05-04,747173.6542647948,20193.55509505293,20000.0,0.014376330153463845,0.027026588771954248,{'510880.SH': 0.9729734112280457}
2015-05-05,714757.8709489505,136.73395633060136,0.0,-0.043384537357303854,0.00019130108514799017,{'510880.SH': 0.999808698914852}
2015-05-06,698872.6945190611,136.73395633060136,0.0,-0.022224556140668206,0.00019564930409063516,{'510880.SH': 0.9998043506959094}
2015-05-07,675998.0404600207,136.73395633060136,0.0,-0.032730788079768924,0.00020226975249447926,{'510880.SH': 0.9997977302475055}
2015-05-08,690188.7980707217,136.73395633060136,0.0,0.020992305837224112,0.00019811094690729917,{'510880.SH': 0.9998018890530928}
2015-05-11,713698.8591869579,136.73395633060136,0.0,0.034063231947481176,0.00019158494450498067,{'510880.SH': 0.9998084150554951}
2015-05-12,722806.3603400943,136.73395633060136,0.0,0.01276098600397324,0.0001891709368277631,{'510880.SH': 0.9998108290631723}
2015-05-13,716664.0921205373,136.73395633060136,0.0,-0.008497805991451113,0.0001907922523731017,{'510880.SH': 0.9998092077476269}
2015-05-14,719841.1274065152,136.73395633060136,0.0,0.004433088417444386,0.00018995018640187216,{'510880.SH': 0.9998100498135982}
2015-05-15,709462.8121389875,136.73395633060136,0.0,-0.014417508075593388,0.00019272885624315776,{'510880.SH': 0.9998072711437569}
2015-05-18,700567.1133382494,136.73395633060136,0.0,-0.012538640008372126,0.0001951760990878588,{'510880.SH': 0.9998048239009122}
2015-05-19,723018.162692493,136.73395633060136,0.0,0.03204696441895871,0.00018911552072413943,{'510880.SH': 0.9998108844792759}
2015-05-20,726830.6050356664,136.73395633060136,0.0,0.005272955148147407,0.00018812355366336242,{'510880.SH': 0.9998118764463366}
2015-05-21,747163.6308659248,136.73395633060136,0.0,0.027974916974307318,0.0001830040310877199,{'510880.SH': 0.9998169959689123}
2015-05-22,766014.0402293934,136.73395633060136,0.0,0.025229291931168962,0.00017850058765196328,{'510880.SH': 0.9998214994123481}
2015-05-25,792701.1366316073,136.73395633060136,0.0,0.034838912866691274,0.00017249118237879586,{'510880.SH': 0.9998275088176213}
2015-05-26,803714.8589563307,136.73395633060136,0.0,0.013893915141239166,0.00017012744607976783,{'510880.SH': 0.9998298725539203}
2015-05-27,803714.8589563307,136.73395633060136,0.0,0.0,0.00017012744607976783,{'510880.SH': 0.9998298725539203}
2015-05-28,756271.1320190611,136.73395633060136,0.0,-0.059030545981043514,0.0001808001793821678,{'510880.SH': 0.9998191998206178}
2015-05-29,748434.4449803159,136.73395633060136,0.0,-0.010362271818868951,0.00018269329698501185,{'510880.SH': 0.999817306703015}
2015-06-01,821808.6377847439,20136.7339563306,20000.0,0.07131445267171244,0.024502947560408838,{'510880.SH': 0.9754970524395912}
2015-06-02,833710.5513975207,210.9204012106784,0.0,0.014482585197521658,0.0002529899625920767,{'510880.SH': 0.999747010037408}
2015-06-03,829803.5218772255,210.9204012106784,0.0,-0.004686314109550338,0.0002541811352324983,{'510880.SH': 0.9997458188647675}
2015-06-04,841090.4960469672,210.9204012106784,0.0,0.0136019839301329,0.00025077016349843575,{'510880.SH': 0.9997492298365016}
2015-06-05,859757.4148661552,210.9204012106784,0.0,0.022193710316452897,0.00024532548084335386,{'510880.SH': 0.9997546745191567}
2015-06-08,879943.7340543472,210.9204012106784,0.0,0.023479087053101422,0.00023969760002592565,{'510880.SH': 0.999760302399974}
2015-06-09,882982.5347923546,210.9204012106784,0.0,0.0034534034625215426,0.00023887267629849464,{'510880.SH': 0.9997611273237015}
2015-06-10,880377.848445491,210.9204012106784,0.0,-0.002949873009069237,0.00023957940511918458,{'510880.SH': 0.9997604205948808}
2015-06-11,878424.3336853437,210.9204012106784,0.0,-0.0022189503786319564,0.00024011220218112856,{'510880.SH': 0.9997598877978189}
2015-06-12,901866.5108071149,210.9204012106784,0.0,0.02668662083098461,0.00023387097611809275,{'510880.SH': 0.999766129023882}
2015-06-15,897091.2525045315,210.9204012106784,0.0,-0.005294861540329099,0.0002351158821600626,{'510880.SH': 0.9997648841178399}
2015-06-16,863013.2727997346,210.9204012106784,0.0,-0.03798719429005337,0.00024439995056672,{'510880.SH': 0.9997556000494333}
2015-06-17,883416.6491834986,210.9204012106784,0.0,0.02364201922129494,0.0002387552933325656,{'510880.SH': 0.9997612447066675}
2015-06-18,864098.5587775944,210.9204012106784,0.0,-0.021867473772153923,0.00024409299039806183,{'510880.SH': 0.9997559070096019}
2015-06-19,803105.4868218749,210.9204012106784,0.0,-0.07058578137429594,0.00026263100510663,{'510880.SH': 0.9997373689948934}
2015-06-23,815260.6897739044,210.9204012106784,0.0,0.01513525078770317,0.0002587152843947042,{'510880.SH': 0.9997412847156053}
2015-06-24,839136.9812868196,210.9204012106784,0.0,0.029286695424425302,0.0002513539575948985,{'510880.SH': 0.9997486460424051}
2015-06-25,811570.7174491812,210.9204012106784,0.0,-0.03285073170695607,0.0002598915863716901,{'510880.SH': 0.9997401084136284}
2015-06-26,731259.5550875575,210.9204012106784,0.0,-0.09895768863377286,0.0002884343865912614,{'510880.SH': 0.9997115656134088}
2015-06-29,724964.8964159708,210.9204012106784,0.0,-0.008607967756172563,0.0002909387782131404,{'510880.SH': 0.9997090612217869}
2015-06-30,769895.7358993656,210.9204012106784,0.0,0.06197657252857436,0.0002739596952882048,{'510880.SH': 0.9997260403047118}
2015-07-01,739538.466526672,20210.92040121068,20000.0,-0.06540790788231599,0.027329099588468474,{'510880.SH': 0.9726709004115316}
2015-07-02,738875.8796283844,3259.47652838449,0.0,-0.0008959464967380759,0.0044113992867433095,{'511880.SH': 0.9955886007132567}
2015-07-03,739005.5849283844,3259.47652838449,0.0,0.0001755440982391665,0.004410625027550177,{'511880.SH': 0.9955893749724498}
2015-07-06,739502.7885783844,3259.47652838449,0.0,0.0006728009370162713,0.004407659550074838,{'511880.SH': 0.9955923404499252}
2015-07-07,740093.6682783844,3259.47652838449,0.0,0.0007990229504555302,0.004404140540705783,{'511880.SH': 0.9955958594592942}
2015-07-08,739574.8470783845,3259.47652838449,0.0,-0.0007010209953650648,0.004407230101538366,{'511880.SH': 0.9955927698984617}
2015-07-09,739661.3172783843,3259.47652838449,0.0,0.00011691879509090342,0.004406714873745019,{'511880.SH': 0.995593285126255}
2015-07-10,739776.6108783844,3259.47652838449,0.0,0.0001558735022459956,0.004406028090715525,{'511880.SH': 0.9955939719092844}
2015-07-13,739841.4635283845,3259.47652838449,0.0,8.766518033476167e-05,0.0044056418693265605,{'511880.SH': 0.9955943581306734}
2015-07-14,739913.5220283845,3259.47652838449,0.0,9.73972175828397e-05,0.004405212813855631,{'511880.SH': 0.9955947871861444}
2015-07-15,740014.4039283844,3259.47652838449,0.0,0.00013634282520391672,0.004404612276573915,{'511880.SH': 0.995595387723426}
2015-07-16,740129.6975283844,3259.47652838449,0.0,0.00015579912956820152,0.004403926148713263,{'511880.SH': 0.9955960738512868}
2015-07-17,740389.1081283845,3259.47652838449,0.0,0.0003504934349565225,0.004402383142323715,{'511880.SH': 0.9955976168576763}
2015-07-20,740389.1081283845,3259.47652838449,0.0,0.0,0.004402383142323715,{'511880.SH': 0.9955976168576763}
2015-07-21,740417.9315283844,3259.47652838449,0.0,3.8930070261011807e-05,0.0044022117639104415,{'511880.SH': 0.9955977882360896}
2015-07-22,740417.9315283844,3259.47652838449,0.0,0.0,0.0044022117639104415,{'511880.SH': 0.9955977882360896}
2015-07-23,740468.3724783844,3259.47652838449,0.0,6.812497084696112e-05,0.004401911883791687,{'511880.SH': 0.9955980881162083}
2015-07-24,740576.4602283845,3259.47652838449,0.0,0.00014597213603906312,0.004401269421093007,{'511880.SH': 0.995598730578907}
2015-07-27,740706.1655283844,3259.47652838449,0.0,0.00017514099754123436,0.004400498713358671,{'511880.SH': 0.9955995012866413}
2015-07-28,740763.8123283845,3259.47652838449,0.0,7.782681268619918e-05,0.004400156263221383,{'511880.SH': 0.9955998437367786}
2015-07-29,740785.4298783845,3259.47652838449,0.0,2.9182783554126956e-05,0.0044000278581607655,{'511880.SH': 0.9955999721418393}
2015-07-30,741001.6053783844,3259.47652838449,0.0,0.0002918193194423324,0.004398744219616196,{'511880.SH': 0.9956012557803838}
2015-07-31,741080.8697283844,3259.47652838449,0.0,0.00010696920144948052,0.004398273739786495,{'511880.SH': 0.9956017262602135}
2015-08-03,761297.0452283843,23259.47652838449,20000.0,0.0002917029825355577,0.030552432423282025,{'511880.SH': 0.969447567576718}
2015-08-04,763108.7190037596,3714.3518037595786,0.0,0.0023797199617814346,0.004867395315059006,{'511010.SH': 0.995132604684941}
2015-08-05,764800.4426037596,3714.3518037595786,0.0,0.002216884118698914,0.004856628731952723,{'511010.SH': 0.9951433712680473}
2015-08-06,766197.3430037595,3714.3518037595786,0.0,0.0018264900517632743,0.00484777432038335,{'511010.SH': 0.9951522256796167}
2015-08-07,766667.6562037594,3714.3518037595786,0.0,0.0006138277615999055,0.004844800447369343,{'511010.SH': 0.9951551995526307}
2015-08-10,766485.1466037595,3714.3518037595786,0.0,-0.00023805569274126803,0.004845954054318736,{'511010.SH': 0.9951540459456812}
2015-08-11,765993.7746037596,3714.3518037595786,0.0,-0.0006410717835526603,0.00484906265156133,{'511010.SH': 0.9951509373484386}
2015-08-12,765495.3830037595,3714.3518037595786,0.0,-0.0006506470633627082,0.004852219734082101,{'511010.SH': 0.9951477802659179}
2015-08-13,764695.1486037595,3714.3518037595786,0.0,-0.0010453810927768536,0.004857297461009834,{'511010.SH': 0.9951427025389902}
2015-08-14,764344.1686037596,3714.3518037595786,0.0,-0.0004589802886034722,0.004859527888522585,{'511010.SH': 0.9951404721114774}
2015-08-17,761957.5046037595,3714.3518037595786,0.0,-0.0031224991280562886,0.004874749288926752,{'511010.SH': 0.9951252507110733}
2015-08-18,759268.9978037595,3714.3518037595786,0.0,-0.003528420920794084,0.0048920103606279325,{'511010.SH': 0.9951079896393721}
2015-08-19,759711.2326037594,3714.3518037595786,0.0,0.0005824481195453313,0.004889162677020551,{'511010.SH': 0.9951108373229794}
2015-08-20,759626.9974037596,3714.3518037595786,0.0,-0.000110877918325758,0.004889704837314139,{'511010.SH': 0.9951102951626859}
2015-08-21,759816.5266037595,3714.3518037595786,0.0,0.00024950298060444354,0.0048884851456996465,{'511010.SH': 0.9951115148543004}
2015-08-24,761009.8586037594,3714.3518037595786,0.0,0.0015705528350822284,0.004880819560701063,{'511010.SH': 0.9951191804392989}
2015-08-25,761831.1518037595,3714.3518037595786,0.0,0.0010792149283149755,0.004875557785954597,{'511010.SH': 0.9951244422140454}
2015-08-26,762533.1118037595,3714.3518037595786,0.0,0.0009214115205684603,0.004871069526375505,{'511010.SH': 0.9951289304736245}
2015-08-27,764484.5606037596,3714.3518037595786,0.0,0.0025591659821617707,0.004858635471756461,{'511010.SH': 0.9951413645282435}
2015-08-28,765565.5790037595,3714.3518037595786,0.0,0.0014140487011879976,0.00485177482586549,{'511010.SH': 0.9951482251741345}
2015-08-31,767208.1654037596,3714.3518037595786,0.0,0.0021455854926726303,0.0048413872156910925,{'511010.SH': 0.995158612784309}
2015-09-01,789763.2998037594,23714.35180375958,20000.0,0.0033304317070910194,0.030027163594018774,{'511010.SH': 0.9699728364059812}
2015-09-02,789650.0736557596,1822.3152557595822,0.0,-0.00014336719372498585,0.0023077503777375738,{'511010.SH': 0.9976922496222623}
2015-09-07,788956.9382957596,1822.3152557595822,0.0,-0.0008777753376137953,0.002309777843764197,{'511010.SH': 0.9976902221562357}
2015-09-08,786213.2774957595,1822.3152557595822,0.0,-0.0034775799119363127,0.0023178383117161373,{'511010.SH': 0.9976821616882838}
2015-09-09,786415.4419757596,1822.3152557595822,0.0,0.0002571369446264793,0.002317242463069225,{'511010.SH': 0.9976827575369307}
2015-09-10,784848.6672557596,1822.3152557595822,0.0,-0.001992299027170241,0.0023218683190625107,{'511010.SH': 0.9976781316809374}
2015-09-11,783144.7094957596,1822.3152557595822,0.0,-0.0021710653672356583,0.0023269202149535165,{'511010.SH': 0.9976730797850464}
2015-09-14,784408.2374957595,1822.3152557595822,0.0,0.001613402969693034,0.002323172002345824,{'511010.SH': 0.9976768279976541}
2015-09-15,784689.8237357595,1822.3152557595822,0.0,0.0003589791979989876,0.00232233833119421,{'511010.SH': 0.9976776616688057}
2015-09-16,784487.6592557596,1822.3152557595822,0.0,-0.0002576361689482498,0.0023229368037330322,{'511010.SH': 0.9976770631962669}
2015-09-17,784285.4947757595,1822.3152557595822,0.0,-0.00025770256244928014,0.002323535584807179,{'511010.SH': 0.9976764644151928}
2015-09-18,784184.4125357596,1822.3152557595822,0.0,-0.00012888449508907662,0.0023238350911195683,{'511010.SH': 0.9976761649088803}
2015-09-21,784321.5955757595,1822.3152557595822,0.0,0.00017493721860173395,0.002323428636976196,{'511010.SH': 0.9976765713630238}
2015-09-22,783801.7440557596,1822.3152557595822,0.0,-0.0006628040371862154,0.0023249696362374296,{'511010.SH': 0.9976750303637625}
2015-09-23,783917.2666157596,1822.3152557595822,0.0,0.00014738747505482763,0.0023246270153311956,{'511010.SH': 0.9976753729846687}
2015-09-24,783873.9456557595,1822.3152557595822,0.0,-5.5262158195623634e-05,0.0023247554863366476,{'511010.SH': 0.9976752445136633}
2015-09-25,783606.7997357596,1822.3152557595822,0.0,-0.000340802142334784,0.0023255480380901315,{'511010.SH': 0.9976744519619098}
2015-09-28,783772.8634157596,1822.3152557595822,0.0,0.0002119222039114188,0.002325055307245204,{'511010.SH': 0.9976749446927548}
2015-09-29,784697.0438957596,1822.3152557595822,0.0,0.0011791432481755848,0.0023223169628783023,{'511010.SH': 0.9976776830371217}
2015-09-30,786588.7258157596,1822.3152557595822,0.0,0.0024107162563127282,0.0023167319794339613,{'511010.SH': 0.997683268020566}
2015-10-08,805780.0678957596,21822.315255759582,20000.0,-0.0010280568402012413,0.027082222712144135,{'511010.SH': 0.9729177772878558}
2015-10-09,805851.5644393597,9739.792039359803,0.0,8.872960060535284e-05,0.01208633508844261,{'511880.SH': 0.9879136649115574}
2015-10-12,805843.8208393598,9739.792039359803,0.0,-9.609213832417751e-06,0.012086451229736951,{'511880.SH': 0.987913548770263}
2015-10-13,806037.4108393597,9739.792039359803,0.0,0.0002402326542609856,0.012083548366839895,{'511880.SH': 0.9879164516331601}
2015-10-14,806215.5136393597,9739.792039359803,0.0,0.00022096095988222153,0.012080878964227739,{'511880.SH': 0.9879191210357723}
2015-10-15,806261.9752393597,9739.792039359803,0.0,5.7629255718616434e-05,0.012080182792284474,{'511880.SH': 0.9879198172077155}
2015-10-16,806378.1292393596,9739.792039359803,0.0,0.00014406483694773264,0.012078442713404386,{'511880.SH': 0.9879215572865956}
2015-10-19,806463.3088393598,9739.792039359803,0.0,0.0001056323291908079,0.012077166974126882,{'511880.SH': 0.9879228330258731}
2015-10-20,806509.7704393598,9739.792039359803,0.0,5.761154846206651e-05,0.012076471229919368,{'511880.SH': 0.9879235287700806}
2015-10-21,806571.7192393597,9739.792039359803,0.0,7.68109727500299e-05,0.012075543695661618,{'511880.SH': 0.9879244563043383}
2015-10-22,806525.2576393597,9739.792039359803,0.0,-5.760380495845041e-05,0.012076239332996787,{'511880.SH': 0.9879237606670032}
2015-10-23,806656.8988393596,9739.792039359803,0.0,0.00016322018281900164,0.012074268568673604,{'511880.SH': 0.9879257314313264}
2015-10-26,806773.0528393597,9739.792039359803,0.0,0.000143994305592976,0.012072530193071704,{'511880.SH': 0.9879274698069282}
2015-10-27,806850.4888393597,9739.792039359803,0.0,9.598238281194327e-05,0.012071371554066136,{'511880.SH': 0.9879286284459339}
2015-10-28,806912.4376393597,9739.792039359803,0.0,7.677853686272051e-05,0.012070444802974882,{'511880.SH': 0.9879295551970251}
2015-10-29,806974.3864393596,9739.792039359803,0.0,7.677264237138104e-05,0.012069518194170967,{'511880.SH': 0.987930481805829}
2015-10-30,807237.6688393597,9739.792039359803,0.0,0.00032625868233782107,0.012065581693386044,{'511880.SH': 0.987934418306614}
2015-11-02,827299.6176393597,29739.792039359803,20000.0,7.674171113580819e-05,0.03594803068351485,{'511880.SH': 0.9640519693164852}
2015-11-03,815960.7500386739,14.33283387683332,0.0,-0.013705877966002755,1.7565592310848272e-05,{'510880.SH': 0.9999824344076892}
2015-11-04,842262.098055279,14.33283387683332,0.0,0.03223359458816932,1.7017070944931245e-05,{'510880.SH': 0.9999829829290551}
2015-11-05,858284.758341257,14.33283387683332,0.0,0.019023366150481058,1.6699392290891104e-05,{'510880.SH': 0.9999833006077091}
2015-11-06,872493.5325571242,14.33283387683332,0.0,0.01655484858350209,1.6427438533356598e-05,{'510880.SH': 0.9999835725614666}
2015-11-09,890330.0789132125,14.33283387683332,0.0,0.020443184608844645,1.6098337252998115e-05,{'510880.SH': 0.999983901662747}
2015-11-10,887306.9354630281,14.33283387683332,0.0,-0.0033955310752553647,1.6153185897678056e-05,{'510880.SH': 0.9999838468141024}
2015-11-11,886399.9924279727,14.33283387683332,0.0,-0.0010221299967436703,1.6169713446830813e-05,{'510880.SH': 0.9999838302865531}
2015-11-12,876725.9333873823,14.33283387683332,0.0,-0.01091387536465549,1.6348134954165136e-05,{'510880.SH': 0.9999836518650458}
2015-11-13,869772.7034519579,14.33283387683332,0.0,-0.007930904825136587,1.6478826962434095e-05,{'510880.SH': 0.9999835211730376}
2015-11-16,872493.5325571242,14.33283387683332,0.0,0.003128207052679244,1.6427438533356598e-05,{'510880.SH': 0.9999835725614666}
2015-11-17,877330.5620774193,14.33283387683332,0.0,0.005543914470195199,1.633686833260977e-05,{'510880.SH': 0.9999836631316674}
2015-11-18,869772.7034519579,14.33283387683332,0.0,-0.008614607711334266,1.6478826962434095e-05,{'510880.SH': 0.9999835211730376}
2015-11-19,878539.8194574931,14.33283387683332,0.0,0.010079778280854601,1.631438161298595e-05,{'510880.SH': 0.999983685618387}
2015-11-20,876121.3046973455,14.33283387683332,0.0,-0.002752880070525543,1.6359417126358513e-05,{'510880.SH': 0.9999836405828736}
2015-11-23,874609.7329722532,14.33283387683332,0.0,-0.0017252995869270205,1.6387690802530807e-05,{'510880.SH': 0.9999836123091975}
2015-11-24,873400.4755921793,14.33283387683332,0.0,-0.00138262511207643,1.6410380206302762e-05,{'510880.SH': 0.9999835896197937}
2015-11-25,882167.5915977145,14.33283387683332,0.0,0.010037910730001487,1.6247291346165626e-05,{'510880.SH': 0.9999837527086538}
2015-11-26,881260.6485626593,14.33283387683332,0.0,-0.0010280847354782185,1.6264012128772852e-05,{'510880.SH': 0.9999837359878713}
2015-11-27,856168.5579261277,14.33283387683332,0.0,-0.02847295028713348,1.6740668346372504e-05,{'510880.SH': 0.9999832593316537}
2015-11-30,846192.1845405189,14.33283387683332,0.0,-0.011652347301533972,1.69380362270966e-05,{'510880.SH': 0.999983061963773}
2015-12-01,859843.5832951315,20014.332833876833,20000.0,-0.0075025524477453365,0.02327671360548741,{'510880.SH': 0.9767232863945126}
2015-12-02,882419.8806031342,36.69564003458436,0.0,0.026256283987704743,4.1585237188335876e-05,{'510880.SH': 0.9999584147628117}
2015-12-03,891395.3672267505,36.69564003458436,0.0,0.01017144651986035,4.116651419083473e-05,{'510880.SH': 0.9999588334858092}
2015-12-04,876229.8898282265,36.69564003458436,0.0,-0.01701318848639044,4.18790096760772e-05,{'510880.SH': 0.9999581209903239}
2015-12-07,874372.8925957544,36.69564003458436,0.0,-0.0021193036827769074,4.1967952512395326e-05,{'510880.SH': 0.9999580320474876}
2015-12-08,863540.4087396656,36.69564003458436,0.0,-0.012388860574039873,4.249440983096729e-05,{'510880.SH': 0.9999575055901689}
2015-12-09,861992.9110459388,36.69564003458436,0.0,-0.0017920385404840422,4.2570698162770286e-05,{'510880.SH': 0.9999574293018372}
2015-12-10,857659.9175035033,36.69564003458436,0.0,-0.005026715982127894,4.278577007702411e-05,{'510880.SH': 0.9999572142299229}
2015-12-11,852088.9258060863,36.69564003458436,0.0,-0.00649557194375272,4.306550516411165e-05,{'510880.SH': 0.9999569344948358}
2015-12-14,868492.4013595919,36.69564003458436,0.0,0.019250896305204046,4.225211409695551e-05,{'510880.SH': 0.999957747885903}
2015-12-15,862921.4096621749,36.69564003458436,0.0,-0.006414554334264522,4.252489232936095e-05,{'510880.SH': 0.9999574751076706}
2015-12-16,860445.4133522117,36.69564003458436,0.0,-0.0028693184364639857,4.2647260901329824e-05,{'510880.SH': 0.9999573527390986}
2015-12-17,877158.3884444627,36.69564003458436,0.0,0.019423632031622784,4.183467948093133e-05,{'510880.SH': 0.9999581653205191}
2015-12-18,877467.887983208,36.69564003458436,0.0,0.00035284338931562687,4.181992359734832e-05,{'510880.SH': 0.9999581800764026}
2015-12-21,900680.353389112,36.69564003458436,0.0,0.02645392010784131,4.074213442816278e-05,{'510880.SH': 0.9999592578655718}
2015-12-22,900370.8538503665,36.69564003458436,0.0,-0.0003436286109504971,4.075613940373378e-05,{'510880.SH': 0.9999592438605962}
2015-12-23,905941.8455477838,36.69564003458436,0.0,0.006187441178924669,4.050551391893825e-05,{'510880.SH': 0.999959494486081}
2015-12-24,896347.3598466766,36.69564003458436,0.0,-0.010590619859606742,4.093908419706985e-05,{'510880.SH': 0.9999590609158029}
2015-12-25,897275.8584629128,36.69564003458436,0.0,0.001035869192937744,4.089672054416596e-05,{'510880.SH': 0.9999591032794558}
2015-12-28,877777.3875219533,36.69564003458436,0.0,-0.021730742844638162,4.180517811945411e-05,{'510880.SH': 0.9999581948218805}
2015-12-29,881800.8815256435,36.69564003458436,0.0,0.004583729383880408,4.1614428839190516e-05,{'510880.SH': 0.9999583855711608}
2015-12-30,882110.3810643889,36.69564003458436,0.0,0.0003509857443211306,4.1599827892633984e-05,{'510880.SH': 0.9999584001721074}
2015-12-31,883038.8796806252,36.69564003458436,0.0,0.0010525877896550018,4.1556086463436725e-05,{'510880.SH': 0.9999584439135365}
2016-01-04,863732.4382599609,20036.695640034584,20000.0,-0.044512696241507,0.023197803801834362,{'510880.SH': 0.9768021961981656}
2016-01-05,860224.98153414,7340.456734139938,0.0,-0.004060813940121144,0.008533182471693442,{'511010.SH': 0.9914668175283066}
2016-01-06,860497.7424841399,7340.456734139938,0.0,0.00031708094493310135,0.008530477619789029,{'511010.SH': 0.991469522380211}
2016-01-07,861401.7502041399,7340.456734139938,0.0,0.001050563732323484,0.008521525214454644,{'511010.SH': 0.9914784747855454}
2016-01-08,863420.1812341398,7340.456734139938,0.0,0.0023431935557614025,0.008501604310021766,{'511010.SH': 0.9914983956899782}
2016-01-11,863809.83973414,7340.456734139938,0.0,0.00045129649325903465,0.008497769296537713,{'511010.SH': 0.9915022307034623}
2016-01-12,866085.4453741398,7340.456734139938,0.0,0.002634382632987986,0.008475441740010926,{'511010.SH': 0.9915245582599891}
2016-01-13,867114.1438141399,7340.456734139938,0.0,0.0011877562952875564,0.008465386923400613,{'511010.SH': 0.9915346130765994}
2016-01-14,866030.8931841399,7340.456734139938,0.0,-0.0012492595556511388,0.008475975616933532,{'511010.SH': 0.9915240243830664}
2016-01-15,866833.5896941399,7340.456734139938,0.0,0.000926868217193455,0.008468126779362576,{'511010.SH': 0.9915318732206374}
2016-01-18,865906.2024641399,7340.456734139938,0.0,-0.001069856130433533,0.008477196159642857,{'511010.SH': 0.9915228038403572}
2016-01-19,863653.9763341399,7340.456734139938,0.0,-0.0026010047319106055,0.008499302886669025,{'511010.SH': 0.991500697113331}
2016-01-20,863365.6290441399,7340.456734139938,0.0,-0.0003338690006662315,0.008502141488151198,{'511010.SH': 0.9914978585118488}
2016-01-21,865345.0942241399,7340.456734139938,0.0,0.002292731043962881,0.008482692954677603,{'511010.SH': 0.9915173070453224}
2016-01-22,865461.9917741398,7340.456734139938,0.0,0.0001350877826431507,0.0084815472012728,{'511010.SH': 0.9915184527987272}
2016-01-25,864331.98212414,7340.456734139938,0.0,-0.0013056721851912867,0.008492635799615317,{'511010.SH': 0.9915073642003847}
2016-01-26,864807.36549414,7340.456734139938,0.0,0.0005500009022363361,0.00848796740988173,{'511010.SH': 0.9915120325901182}
2016-01-27,863256.52466414,7340.456734139938,0.0,-0.001793278933411746,0.008503216048087014,{'511010.SH': 0.991496783951913}
2016-01-28,862687.62325414,7340.456734139938,0.0,-0.0006590177933740726,0.00850882351418354,{'511010.SH': 0.9914911764858164}
2016-01-29,863077.2817541399,7340.456734139938,0.0,0.00045167971522541706,0.008504981986341953,{'511010.SH': 0.991495018013658}
2016-02-01,883061.69541414,27340.456734139938,20000.0,-1.805903171059331e-05,0.030960981408346286,{'511010.SH': 0.9690390185916538}
2016-02-02,882256.5381448499,1046.0911648500478,0.0,-0.0009117791808560538,0.0011856995325301848,{'511880.SH': 0.9988143004674698}
2016-02-03,882300.43449485,1046.0911648500478,0.0,4.9754632697185386e-05,0.0011856405414205357,{'511880.SH': 0.9988143594585794}
2016-02-04,882528.69551485,1046.0911648500478,0.0,0.0002587112179432971,0.0011853338822481899,{'511880.SH': 0.9988146661177518}
2016-02-05,882897.42485485,1046.0911648500478,0.0,0.00041781002915142196,0.0011848388446959476,{'511880.SH': 0.998815161155304}
2016-02-15,882923.76266485,1046.0911648500478,0.0,2.9831109773947873e-05,0.001184803500692658,{'511880.SH': 0.9988151964993074}
2016-02-16,882897.42485485,1046.0911648500478,0.0,-2.983021990532464e-05,0.0011848388446959476,{'511880.SH': 0.998815161155304}
2016-02-17,882906.2041248499,1046.0911648500478,0.0,9.943703257686565e-06,0.00118482706312722,{'511880.SH': 0.9988151729368728}
2016-02-18,883037.8931748499,1046.0911648500478,0.0,0.00014915406572613144,0.0011846503677084125,{'511880.SH': 0.9988153496322916}
2016-02-19,883213.47857485,1046.0911648500478,0.0,0.0001988424294780966,0.001184414855780979,{'511880.SH': 0.998815585144219}
2016-02-22,883318.82981485,1046.0911648500478,0.0,0.00011928173941599951,0.001184273593566794,{'511880.SH': 0.9988157264064332}
2016-02-23,883424.1810548501,1046.0911648500478,0.0,0.00011926751297974825,0.0011841323650445764,{'511880.SH': 0.9988158676349554}
2016-02-24,883424.1810548501,1046.0911648500478,0.0,0.0,0.0011841323650445764,{'511880.SH': 0.9988158676349554}
2016-02-25,883257.37492485,1046.0911648500478,0.0,-0.00018881770906586937,0.0011843559924297855,{'511880.SH': 0.9988156440075702}
2016-02-26,883485.63594485,1046.0911648500478,0.0,0.00025843092453037286,0.0011840499972942946,{'511880.SH': 0.9988159500027057}
2016-02-29,883661.22134485,1046.0911648500478,0.0,0.0001987416578790313,0.0011838147239934265,{'511880.SH': 0.9988161852760066}
2016-03-01,903810.4689348501,21046.091164850048,20000.0,0.00016889684235876778,0.023285956390451067,{'511880.SH': 0.9767140436095489}
2016-03-02,903840.10986184,9865.937861840048,0.0,3.279551190082941e-05,0.010915578711535765,{'511880.SH': 0.9890844212884643}
2016-03-03,903973.4658618399,9865.937861840048,0.0,0.00014754379513015614,0.010913968423214673,{'511880.SH': 0.9890860315767853}
2016-03-04,904177.94506184,9865.937861840048,0.0,0.00022620044472776435,0.010911500237008414,{'511880.SH': 0.9890884997629916}
2016-03-07,904213.5066618399,9865.937861840048,0.0,3.9330311244700766e-05,0.010911071101185991,{'511880.SH': 0.9890889288988141}
2016-03-08,904391.31466184,9865.937861840048,0.0,0.00019664382216144638,0.010908925928295773,{'511880.SH': 0.9890910740717043}
2016-03-09,904489.10906184,9865.937861840048,0.0,0.00010813283853416955,0.010907746442710912,{'511880.SH': 0.9890922535572891}
2016-03-10,904649.13626184,9865.937861840048,0.0,0.00017692551341608187,0.010905816925452155,{'511880.SH': 0.9890941830745479}
2016-03-11,904613.5746618399,9865.937861840048,0.0,-3.93098258480995e-05,0.010906245648069237,{'511880.SH': 0.9890937543519308}
2016-03-14,904569.1226618399,9865.937861840048,0.0,-4.913921396387799e-05,0.010906781598743876,{'511880.SH': 0.9890932184012562}
2016-03-15,904649.13626184,9865.937861840048,0.0,8.845493174103325e-05,0.010905816925452155,{'511880.SH': 0.9890941830745479}
2016-03-16,904684.69786184,9865.937861840048,0.0,3.930982584798848e-05,0.010905388236539772,{'511880.SH': 0.9890946117634603}
2016-03-17,904586.9034618399,9865.937861840048,0.0,-0.00010809777177755997,0.010906567212153148,{'511880.SH': 0.9890934327878469}
2016-03-18,904604.68426184,9865.937861840048,0.0,1.9656265121792416e-05,0.010906352833990333,{'511880.SH': 0.9890936471660097}
2016-03-21,904675.80746184,9865.937861840048,0.0,7.86235150418424e-05,0.01090549540560827,{'511880.SH': 0.9890945045943917}
2016-03-22,904871.3962618401,9865.937861840048,0.0,0.0002161976681447353,0.010903138172559904,{'511880.SH': 0.9890968618274402}
2016-03-23,905084.7658618399,9865.937861840048,0.0,0.0002358010219807305,0.010900567807530716,{'511880.SH': 0.9890994321924693}
2016-03-24,905209.2314618401,9865.937861840048,0.0,0.00013751816923113225,0.01089906898751723,{'511880.SH': 0.9891009310124829}
2016-03-25,905360.36826184,9865.937861840048,0.0,0.00016696338785204823,0.010897249545814792,{'511880.SH': 0.9891027504541853}
2016-03-28,905378.1490618399,9865.937861840048,0.0,1.96394724392146e-05,0.010897035533785758,{'511880.SH': 0.9891029644662143}
2016-03-29,905369.25866184,9865.937861840048,0.0,-9.819543368871919e-06,0.010897142538749514,{'511880.SH': 0.9891028574612505}
2016-03-30,905298.1354618398,9865.937861840048,0.0,-7.855711834670043e-05,0.010897998654119527,{'511880.SH': 0.9891020013458806}
2016-03-31,905493.72426184,9865.937861840048,0.0,0.00021604904764371824,0.010895644660467168,{'511880.SH': 0.9891043553395329}
2016-04-01,925804.88826184,29865.937861840048,20000.0,0.00034364015085097677,0.03225942986530574,{'511880.SH': 0.9677405701346943}
2016-04-05,923581.7558401251,8864.196060125134,0.0,-0.0024012969146108842,0.009597630100501416,{'511010.SH': 0.9904023698994986}
2016-04-06,923844.0921601251,8864.196060125134,0.0,0.00028404233663259504,0.009594904741338919,{'511010.SH': 0.990405095258661}
2016-04-07,923130.8652901251,8864.196060125134,0.0,-0.0007720208161231534,0.009602317930664425,{'511010.SH': 0.9903976820693355}
2016-04-08,923106.2712601251,8864.196060125134,0.0,-2.664197561230708e-05,0.009602573762200412,{'511010.SH': 0.9903974262377996}
2016-04-11,923130.8652901251,8864.196060125134,0.0,2.66426854260704e-05,0.009602317930664425,{'511010.SH': 0.9903976820693355}
2016-04-12,922909.519020125,8864.196060125134,0.0,-0.00023977778051065268,0.009604620905347755,{'511010.SH': 0.9903953790946523}
2016-04-13,921368.2931401252,8864.196060125134,0.0,-0.0016699642253513725,0.009620687108642487,{'511010.SH': 0.9903793128913575}
2016-04-14,920073.0075601252,8864.196060125134,0.0,-0.0014058282552632528,0.009634231183057366,{'511010.SH': 0.9903657688169426}
2016-04-15,920023.8195001252,8864.196060125134,0.0,-5.346104015202524e-05,0.00963474626661438,{'511010.SH': 0.9903652537333856}
2016-04-18,920597.6802001251,8864.196060125134,0.0,0.000623745481189486,0.009628740383310744,{'511010.SH': 0.9903712596166893}
2016-04-19,920974.7886601251,8864.196060125134,0.0,0.00040963438004548713,0.0096247977352574,{'511010.SH': 0.9903752022647426}
2016-04-20,919900.8493501252,8864.196060125134,0.0,-0.0011660898031338185,0.009636034216499908,{'511010.SH': 0.9903639657835}
2016-04-21,915998.5965901252,8864.196060125134,0.0,-0.004242036261578375,0.009677084760962278,{'511010.SH': 0.9903229152390377}
2016-04-22,915769.0523101251,8864.196060125134,0.0,-0.0002505945760775674,0.009679510393766041,{'511010.SH': 0.990320489606234}
2016-04-25,910891.2363601251,8864.196060125134,0.0,-0.005326469526017674,0.009731344101570248,{'511010.SH': 0.9902686558984297}
2016-04-26,912276.7000501251,8864.196060125134,0.0,0.001520997935534174,0.009716565225921138,{'511010.SH': 0.9902834347740789}
2016-04-27,913080.1050301251,8864.196060125134,0.0,0.0008806593218437797,0.009708015771335505,{'511010.SH': 0.9902919842286645}
2016-04-28,915924.8145001252,8864.196060125134,0.0,0.003115509202674227,0.009677864296058901,{'511010.SH': 0.9903221357039411}
2016-04-29,916293.7249501251,8864.196060125134,0.0,0.0004027737257028541,0.009673967875975166,{'511010.SH': 0.9903260321240248}
2016-05-03,936810.199580125,28864.196060125134,20000.0,0.0005636561900803638,0.030811146241855568,{'511010.SH': 0.9691888537581445}
2016-05-04,935792.1720417452,4336.962681745295,0.0,-0.0010866956175713538,0.004634536183694242,{'511880.SH': 0.9953654638163058}
2016-05-05,935893.6337317453,4336.962681745295,0.0,0.00010842331559457463,0.0046340337463908815,{'511880.SH': 0.9953659662536091}
2016-05-06,936078.1095317453,4336.962681745295,0.0,0.00019711192955162993,0.004633120503068676,{'511880.SH': 0.9953668794969314}
2016-05-09,936198.0188017453,4336.962681745295,0.0,0.00012809750466225012,0.004632527087908435,{'511880.SH': 0.9953674729120916}
2016-05-10,936410.1659717453,4336.962681745295,0.0,0.0002266050191725988,0.0046314775718444695,{'511880.SH': 0.9953685224281555}
2016-05-11,936327.1518617453,4336.962681745295,0.0,-8.865144038017192e-05,0.004631888195404671,{'511880.SH': 0.9953681118045953}
2016-05-12,936345.5994417452,4336.962681745295,0.0,1.9702066700988397e-05,0.004631796939432426,{'511880.SH': 0.9953682030605676}
2016-05-13,936493.1800817453,4336.962681745295,0.0,0.00015761342829834213,0.004631067021082553,{'511880.SH': 0.9953689329789175}
2016-05-16,936576.1941917452,4336.962681745295,0.0,8.864358199889288e-05,0.0046306565430995665,{'511880.SH': 0.9953693434569004}
2016-05-17,936640.7607217452,4336.962681745295,0.0,6.8938897230586e-05,0.004630337332750041,{'511880.SH': 0.9953696626672499}
2016-05-18,936696.1034617452,4336.962681745295,0.0,5.90864099885291e-05,0.00463006375890451,{'511880.SH': 0.9953699362410955}
2016-05-19,936760.6699917453,4336.962681745295,0.0,6.8930072156137e-05,0.00462974463027308,{'511880.SH': 0.9953702553697269}
2016-05-20,936751.4462017452,4336.962681745295,0.0,-9.84647444701725e-06,0.0046297902173841506,{'511880.SH': 0.9953702097826158}
2016-05-23,936963.5933717453,4336.962681745295,0.0,0.00022647114222285047,0.004628741940909739,{'511880.SH': 0.9953712580590902}
2016-05-24,937074.2788517453,4336.962681745295,0.0,0.0001181321032994731,0.00462819520247599,{'511880.SH': 0.995371804797524}
2016-05-25,937120.3978017453,4336.962681745295,0.0,4.9215895730814196e-05,0.004627967432913366,{'511880.SH': 0.9953720325670866}
2016-05-26,937148.0691717453,4336.962681745295,0.0,2.9528084187324666e-05,0.004627830781936432,{'511880.SH': 0.9953721692180636}
2016-05-27,937240.3070717453,4336.962681745295,0.0,9.842404101778612e-05,0.004627375336956462,{'511880.SH': 0.9953726246630435}
2016-05-30,937378.6639217453,4336.962681745295,0.0,0.00014762153201908212,0.004626692337545413,{'511880.SH': 0.9953733076624546}
2016-05-31,937378.6639217453,4336.962681745295,0.0,0.0,0.004626692337545413,{'511880.SH': 0.9953733076624546}
2016-06-01,957397.1115017453,24336.962681745295,20000.0,1.9679965749253014e-05,0.025419924908245278,{'511880.SH': 0.9745800750917547}
2016-06-02,957470.2171498153,1841.6767998152936,0.0,7.635875144362814e-05,0.0019234820747715505,{'511880.SH': 0.9980765179252284}
2016-06-03,957611.9078998152,1841.6767998152936,0.0,0.00014798449859010354,0.0019231974713580615,{'511880.SH': 0.998076802528642}
2016-06-06,957725.2604998152,1841.6767998152936,0.0,0.00011837008193493759,0.0019229698492594463,{'511880.SH': 0.9980770301507406}
2016-06-07,957848.0591498152,1841.6767998152936,0.0,0.00012821907812687883,0.001922723319447934,{'511880.SH': 0.9980772766805521}
2016-06-08,958244.7932498151,1841.6767998152936,0.0,0.0004141931449461733,0.0019219272703474707,{'511880.SH': 0.9980780727296525}
2016-06-13,958244.7932498151,1841.6767998152936,0.0,0.0,0.0019219272703474707,{'511880.SH': 0.9980780727296525}
2016-06-14,958282.5774498152,1841.6767998152936,0.0,3.943063428701876e-05,0.0019218514905241938,{'511880.SH': 0.9980781485094758}
2016-06-15,958292.0234998153,1841.6767998152936,0.0,9.857269893442933e-06,0.0019218325465020932,{'511880.SH': 0.998078167453498}
2016-06-16,958339.2537498152,1841.6767998152936,0.0,4.928586364250087e-05,0.001921737831993349,{'511880.SH': 0.9980782621680067}
2016-06-17,958575.4049998153,1841.6767998152936,0.0,0.00024641717332984925,0.0019212643994508168,{'511880.SH': 0.9980787356005492}
2016-06-20,958650.9733998151,1841.6767998152936,0.0,7.883406939690474e-05,0.0019211129502991738,{'511880.SH': 0.9980788870497008}
2016-06-21,958688.7575998153,1841.6767998152936,0.0,3.941392753836759e-05,0.0019210372346768077,{'511880.SH': 0.9980789627653233}
2016-06-22,958717.0957498152,1841.6767998152936,0.0,2.9559280606328286e-05,0.0019209804518765916,{'511880.SH': 0.9980790195481234}
2016-06-23,958773.7720498153,1841.6767998152936,0.0,5.9116813762249976e-05,0.0019208668963460185,{'511880.SH': 0.998079133103654}
2016-06-24,958915.4627998152,1841.6767998152936,0.0,0.00014778329792752842,0.0019205830662465447,{'511880.SH': 0.9980794169337535}
2016-06-27,958717.0957498152,1841.6767998152936,0.0,-0.00020686604575215206,0.0019209804518765916,{'511880.SH': 0.9980790195481234}
2016-06-28,958877.6785998152,1841.6767998152936,0.0,0.00016749763899270853,0.001920658746071314,{'511880.SH': 0.9980793412539287}
2016-06-29,958868.2325498152,1841.6767998152936,0.0,-9.851152248940842e-06,0.0019206776669594325,{'511880.SH': 0.9980793223330406}
2016-06-30,959293.3047998153,1841.6767998152936,0.0,0.00044330621827959327,0.0019198265958914552,{'511880.SH': 0.9980801734041086}
2016-07-01,979595.5783998152,21841.676799815294,20000.0,0.0003151002915244838,0.02229662656858253,{'511880.SH': 0.9777033734314174}
2016-07-04,978020.3380514154,4471.227051415364,0.0,-0.001608051713517411,0.00457171172976191,{'511010.SH': 0.9954282882702381}
2016-07-05,978081.2664714154,4471.227051415364,0.0,6.229770243981747e-05,0.004571426940366653,{'511010.SH': 0.9954285730596334}
2016-07-06,979256.3145714154,4471.227051415364,0.0,0.0012013808466440068,0.0045659415056948155,{'511010.SH': 0.9954340584943052}
2016-07-07,980205.0571114154,4471.227051415364,0.0,0.0009688398490594885,0.004561522121291342,{'511010.SH': 0.9954384778787086}
2016-07-08,979308.5389314154,4471.227051415364,0.0,-0.000914623091868072,0.0045656980141255575,{'511010.SH': 0.9954343019858745}
2016-07-11,978995.1927714153,4471.227051415364,0.0,-0.000319966739330213,0.004567159353211806,{'511010.SH': 0.9954328406467882}
2016-07-12,978603.5100714155,4471.227051415364,0.0,-0.0004000864385156344,0.004568987343085524,{'511010.SH': 0.9954310126569145}
2016-07-13,978116.0827114154,4471.227051415364,0.0,-0.0004980846226113611,0.00457126421949915,{'511010.SH': 0.9954287357805008}
2016-07-14,978377.2045114153,4471.227051415364,0.0,0.00026696401849979345,0.004570044182139564,{'511010.SH': 0.9954299558178604}
2016-07-15,979552.2526114153,4471.227051415364,0.0,0.001201017454803388,0.0045645620634278536,{'511010.SH': 0.9954354379365722}
2016-07-18,979787.2622314153,4471.227051415364,0.0,0.0002399153484393679,0.004563467217600251,{'511010.SH': 0.9954365327823997}
2016-07-19,980448.7707914154,4471.227051415364,0.0,0.0006751552969708197,0.004560388247318831,{'511010.SH': 0.9954396117526811}
2016-07-20,981031.9428114153,4471.227051415364,0.0,0.0005948011128915631,0.004557677335767315,{'511010.SH': 0.9954423226642327}
2016-07-21,981589.0026514154,4471.227051415364,0.0,0.0005678304810379231,0.004555090816357891,{'511010.SH': 0.9954449091836421}
2016-07-22,981414.9214514153,4471.227051415364,0.0,-0.00017734632267674133,0.004555898788254476,{'511010.SH': 0.9954441012117455}
2016-07-25,981301.7686714154,4471.227051415364,0.0,-0.00011529555698275296,0.004556424123711668,{'511010.SH': 0.9954435758762883}
2016-07-26,981911.0528714154,4471.227051415364,0.0,0.0006208938162060029,0.004553596823602399,{'511010.SH': 0.9954464031763977}
2016-07-27,982093.8381314153,4471.227051415364,0.0,0.00018615256388598844,0.00455274931764419,{'511010.SH': 0.9954472506823558}
2016-07-28,982346.2558714154,4471.227051415364,0.0,0.0002570199813902718,0.004551579470773315,{'511010.SH': 0.9954484205292267}
2016-07-29,982981.6522514153,4471.227051415364,0.0,0.0006468150880631907,0.004548637343509406,{'511010.SH': 0.9954513626564906}
2016-08-01,1004974.8819914154,24471.227051415364,20000.0,0.002027738498917797,0.024350088235960906,{'511010.SH': 0.9756499117640391}
2016-08-02,1000723.4009111025,18.902617744519375,0.0,-0.0042304351645966465,1.888895345837781e-05,{'510880.SH': 0.9999811110465416}
2016-08-03,999527.8160863792,18.902617744519375,0.0,-0.0011947205627796942,1.891154747301781e-05,{'510880.SH': 0.999981088452527}
2016-08-04,999527.8160863792,18.902617744519375,0.0,0.0,1.891154747301781e-05,{'510880.SH': 0.999981088452527}
2016-08-05,1004310.1553852721,18.902617744519375,0.0,0.004784598509342208,1.882149418002049e-05,{'510880.SH': 0.99998117850582}
2016-08-08,1009092.4946841652,18.902617744519375,0.0,0.004761815135742031,1.8732294456749165e-05,{'510880.SH': 0.9999812677055433}
2016-08-09,1019055.701556859,18.902617744519375,0.0,0.009873432738009003,1.8549150665308054e-05,{'510880.SH': 0.9999814508493347}
2016-08-10,1017860.1167321358,18.902617744519375,0.0,-0.0011732281394398747,1.8570938613064713e-05,{'510880.SH': 0.999981429061387}
2016-08-11,1014273.362257966,18.902617744519375,0.0,-0.0035238186615319522,1.863661064945898e-05,{'510880.SH': 0.9999813633893505}
2016-08-12,1035395.3608280766,18.902617744519375,0.0,0.020824759237577872,1.8256424994411465e-05,{'510880.SH': 0.9999817435750056}
2016-08-15,1058908.5290476335,18.902617744519375,0.0,0.022709362152010915,1.7851039278642986e-05,{'510880.SH': 0.9999821489607215}
2016-08-16,1049343.850449848,18.902617744519375,0.0,-0.009032582452034754,1.8013749960430917e-05,{'510880.SH': 0.9999819862500394}
2016-08-17,1053727.661473833,18.902617744519375,0.0,0.004177668761393916,1.793880756445225e-05,{'510880.SH': 0.9999820611924357}
2016-08-18,1048546.7939000323,18.902617744519375,0.0,-0.004916704536876537,1.8027443176104486e-05,{'510880.SH': 0.9999819725568239}
2016-08-19,1052532.0766491098,18.902617744519375,0.0,0.0038007676646021338,1.795918448841828e-05,{'510880.SH': 0.9999820408155117}
2016-08-22,1047749.7373502168,18.902617744519375,0.0,-0.0045436518325582265,1.804115722550743e-05,{'510880.SH': 0.9999819588427745}
2016-08-23,1046554.1525254935,18.902617744519375,0.0,-0.0011410977088355256,1.8061767466981522e-05,{'510880.SH': 0.999981938232533}
2016-08-24,1043764.4546011395,18.902617744519375,0.0,-0.002665603034130659,1.8110041648949193e-05,{'510880.SH': 0.999981889958351}
2016-08-25,1038583.5870273386,18.902617744519375,0.0,-0.004963636719915621,1.8200381732030783e-05,{'510880.SH': 0.9999817996182679}
2016-08-26,1037388.0022026154,18.902617744519375,0.0,-0.0011511686104583863,1.822135758692479e-05,{'510880.SH': 0.9999817786424131}
2016-08-29,1038982.1153022465,18.902617744519375,0.0,0.0015366604358701963,1.8193400508169943e-05,{'510880.SH': 0.9999818065994919}
2016-08-30,1037786.5304775232,18.902617744519375,0.0,-0.0011507270501720512,1.8214360265228723e-05,{'510880.SH': 0.9999817856397347}
2016-08-31,1042967.3980513237,18.902617744519375,0.0,0.004992228576542246,1.8123881705062838e-05,{'510880.SH': 0.9999818761182949}
2016-09-01,1056989.4739277076,20018.90261774452,20000.0,-0.00573165003506837,0.0189395477547714,{'510880.SH': 0.9810604522452286}
2016-09-02,1059807.5055596263,57.33826257846522,0.0,0.0026660924270578423,5.4102525484746426e-05,{'510880.SH': 0.9999458974745152}
2016-09-05,1065087.9778382243,57.33826257846522,0.0,0.004982482432797752,5.383429704543553e-05,{'510880.SH': 0.9999461657029546}
2016-09-06,1068743.689415715,57.33826257846522,0.0,0.0034323094932595666,5.365015311558209e-05,{'510880.SH': 0.9999463498468845}
2016-09-07,1071587.0206426522,57.33826257846522,0.0,0.002660442587961942,5.350779868916135e-05,{'510880.SH': 0.9999464922013108}
2016-09-08,1071180.8304673755,57.33826257846522,0.0,-0.00037905477338939786,5.352808876671878e-05,{'510880.SH': 0.9999464719112333}
2016-09-09,1068337.4992404382,57.33826257846522,0.0,-0.002654389572763982,5.367055131850311e-05,{'510880.SH': 0.9999463294486814}
2016-09-12,1043559.8985485563,57.33826257846522,0.0,-0.023192671519532193,5.49448696315512e-05,{'510880.SH': 0.9999450551303685}
2016-09-13,1043153.7083732797,57.33826257846522,0.0,-0.00038923513239785823,5.49662644327651e-05,{'510880.SH': 0.9999450337355672}
2016-09-14,1038685.6164452353,57.33826257846522,0.0,-0.00428325364917892,5.5202711648879736e-05,{'510880.SH': 0.9999447972883511}
2016-09-19,1044372.27889911,57.33826257846522,0.0,0.005474863966381527,5.490212995590655e-05,{'510880.SH': 0.999945097870044}
2016-09-20,1045184.6592496632,57.33826257846522,0.0,0.000777864720240995,5.485945671995252e-05,{'510880.SH': 0.99994514054328}
2016-09-21,1047621.8003013239,57.33826257846522,0.0,0.002331780351053192,5.473183410461028e-05,{'510880.SH': 0.9999452681658954}
2016-09-22,1056151.7939821356,57.33826257846522,0.0,0.00814224530107932,5.42897932902958e-05,{'510880.SH': 0.9999457102067097}
2016-09-23,1052496.082404645,57.33826257846522,0.0,-0.0034613505353308094,5.4478361997760695e-05,{'510880.SH': 0.9999455216380022}
2016-09-26,1038685.6164452353,57.33826257846522,0.0,-0.01312163170038294,5.5202711648879736e-05,{'510880.SH': 0.9999447972883511}
2016-09-27,1037467.0459194051,57.33826257846522,0.0,-0.0011731851356531209,5.526755071786589e-05,{'510880.SH': 0.9999447324492822}
2016-09-28,1036248.4753935749,57.33826257846522,0.0,-0.0011745631156411251,5.5332542281123954e-05,{'510880.SH': 0.9999446674577188}
2016-09-29,1040310.3771463423,57.33826257846522,0.0,0.0039198144549497105,5.511649584400843e-05,{'510880.SH': 0.999944883504156}
2016-09-30,1043966.0887238329,57.33826257846522,0.0,0.0035140585519473078,5.4923491479073594e-05,{'510880.SH': 0.9999450765085209}
2016-10-10,1076151.7939821356,20057.338262578465,20000.0,0.011672510620722276,0.018638019631374996,{'510880.SH': 0.981361980368625}
2016-10-11,1075486.1386612153,9198.678381215315,0.0,-0.0006185515134971009,0.008553042248100006,{'511880.SH': 0.9914469577519}
2016-10-12,1075726.401721215,9198.678381215315,0.0,0.000223399494761356,0.008551131929547307,{'511880.SH': 0.9914488680704527}
2016-10-13,1075830.8639212153,9198.678381215315,0.0,9.71085211194378e-05,0.008550301622401632,{'511880.SH': 0.9914496983775983}
2016-10-14,1076102.4656412152,9198.678381215315,0.0,0.00025245763912185026,0.00854814357825499,{'511880.SH': 0.991451856421745}
2016-10-17,1076081.5732012154,9198.678381215315,0.0,-1.941491694978925e-05,0.008548309542974829,{'511880.SH': 0.9914516904570252}
2016-10-18,1075966.6647812154,9198.678381215315,0.0,-0.00010678411642917052,0.008549222464141817,{'511880.SH': 0.9914507775358582}
2016-10-19,1076112.9118612153,9198.678381215315,0.0,0.00013592157153818896,0.008548060598311692,{'511880.SH': 0.9914519394016883}
2016-10-20,1076050.2345412152,9198.678381215315,0.0,-5.8244185446643115e-05,0.008548558502138391,{'511880.SH': 0.9914514414978616}
2016-10-21,1076280.0513812152,9198.678381215315,0.0,0.00021357445277447873,0.008546733138285372,{'511880.SH': 0.9914532668617146}
2016-10-24,1076269.6051612152,9198.678381215315,0.0,-9.705856748531971e-06,0.008546816092458023,{'511880.SH': 0.991453183907542}
2016-10-25,1076332.2824812152,9198.678381215315,0.0,5.823570571861225e-05,0.008546318391575193,{'511880.SH': 0.9914536816084248}
2016-10-26,1076415.8522412153,9198.678381215315,0.0,7.764308602498105e-05,0.008545654880558163,{'511880.SH': 0.9914543451194419}
2016-10-27,1076426.2984612153,9198.678381215315,0.0,9.704632255580492e-06,0.008545571948924986,{'511880.SH': 0.991454428051075}
2016-10-28,1076708.3464012153,9198.678381215315,0.0,0.0002620225280662858,0.008543333403108588,{'511880.SH': 0.9914566665968915}
2016-10-31,1076917.2708012154,9198.678381215315,0.0,0.00019403991870081683,0.008541675976996444,{'511880.SH': 0.9914583240230036}
2016-11-01,1097042.6254412152,29198.678381215315,20000.0,0.00011640136470880691,0.026615810273982757,{'511880.SH': 0.9733841897260173}
2016-11-02,1088189.3023577426,77.6257433516439,0.0,-0.008070172369019857,7.133477896121094e-05,{'510880.SH': 0.9999286652210387}
2016-11-03,1095198.737182466,77.6257433516439,0.0,0.006441374501234609,7.087822576507503e-05,{'510880.SH': 0.9999291217742349}
2016-11-04,1093961.7780957501,77.6257433516439,0.0,-0.0011294380140522975,7.095836884426288e-05,{'510880.SH': 0.9999290416311557}
2016-11-07,1098909.6144426137,77.6257433516439,0.0,0.004522860346616753,7.063887905923641e-05,{'510880.SH': 0.9999293611209408}
2016-11-08,1103857.450789477,77.6257433516439,0.0,0.004502496185159854,7.032225338165368e-05,{'510880.SH': 0.9999296777466183}
2016-11-09,1096023.3765736101,77.6257433516439,0.0,-0.007096998086359774,7.082489754399e-05,{'510880.SH': 0.999929175102456}
2016-11-10,1109629.9265274846,77.6257433516439,0.0,0.012414470571249447,6.995642555763494e-05,{'510880.SH': 0.9999300435744424}
2016-11-11,1116639.3613522078,77.6257433516439,0.0,0.006316912203926384,6.951729093414912e-05,{'510880.SH': 0.9999304827090658}
2016-11-14,1119113.2795256395,77.6257433516439,0.0,0.002215503285175169,6.936361561588052e-05,{'510880.SH': 0.9999306363843842}
2016-11-15,1115402.402265492,77.6257433516439,0.0,-0.0033159085215399564,6.959438422759211e-05,{'510880.SH': 0.9999304056157724}
2016-11-16,1117876.3204389235,77.6257433516439,0.0,0.0022179602342677907,6.944036825215591e-05,{'510880.SH': 0.9999305596317478}
2016-11-17,1119525.5992212114,77.6257433516439,0.0,0.0014753678489587418,6.93380690943053e-05,{'510880.SH': 0.9999306619309057}
2016-11-18,1116227.0416566357,77.6257433516439,0.0,-0.0029463886907724612,6.954296971379276e-05,{'510880.SH': 0.9999304570302862}
2016-11-21,1126535.034045935,77.6257433516439,0.0,0.009234673596511866,6.890663939038995e-05,{'510880.SH': 0.9999310933606096}
2016-11-22,1137667.6658263775,77.6257433516439,0.0,0.009882188697194705,6.823235438906338e-05,{'510880.SH': 0.999931767645611}
2016-11-23,1139729.2643042372,77.6257433516439,0.0,0.0018121271613729117,6.810893234283281e-05,{'510880.SH': 0.9999318910676571}
2016-11-24,1142203.182477669,77.6257433516439,0.0,0.0021706191557187005,6.796141399576388e-05,{'510880.SH': 0.9999320385860042}
2016-11-25,1154572.7733448276,77.6257433516439,0.0,0.010829588865552298,6.723330494513576e-05,{'510880.SH': 0.9999327666950548}
2016-11-28,1162819.1672562668,77.6257433516439,0.0,0.007142376904964776,6.675650482680462e-05,{'510880.SH': 0.9999332434951732}
2016-11-29,1167767.0036031303,77.6257433516439,0.0,0.004255035078702951,6.64736570841021e-05,{'510880.SH': 0.9999335263429159}
2016-11-30,1152923.49456254,77.6257433516439,0.0,-0.01271101940266417,6.732948345466571e-05,{'510880.SH': 0.9999326705165453}
2016-12-01,1186117.7248208425,20077.625743351644,20000.0,0.011444150735525405,0.016927177904186765,{'510880.SH': 0.9830728220958133}
2016-12-02,1177763.3742953811,299.16285626677563,0.0,-0.007043441262732375,0.000254009305091318,{'510880.SH': 0.9997459906949087}
2016-12-05,1162667.679276931,299.16285626677563,0.0,-0.0128172562909602,0.00025730727842441316,{'510880.SH': 0.9997426927215756}
2016-12-06,1159732.4052455658,299.16285626677563,0.0,-0.0025246027593979203,0.0002579585212188926,{'510880.SH': 0.9997420414787811}
2016-12-07,1164764.3035850492,299.16285626677563,0.0,0.004338844302982148,0.00025684411459552534,{'510880.SH': 0.9997431558854044}
2016-12-08,1167699.5776164143,299.16285626677563,0.0,0.0025200583691744605,0.0002561984794731592,{'510880.SH': 0.9997438015205268}
2016-12-09,1177763.3742953811,299.16285626677563,0.0,0.008618481047590887,0.000254009305091318,{'510880.SH': 0.9997459906949087}
2016-12-12,1157216.456075824,299.16285626677563,0.0,-0.017445709951584787,0.00025851935884255487,{'510880.SH': 0.9997414806411574}
2016-12-13,1150087.9334282225,299.16285626677563,0.0,-0.0061600598662195916,0.0002601217242363551,{'510880.SH': 0.9997398782757636}
2016-12-14,1143798.0605038684,299.16285626677563,0.0,-0.005469036533237159,0.000261552162568791,{'510880.SH': 0.9997384478374312}
2016-12-15,1121993.1676994404,299.16285626677563,0.0,-0.019063586097376684,0.000266635185381909,{'510880.SH': 0.999733364814618}
2016-12-16,1124089.7920075585,299.16285626677563,0.0,0.0018686604949806895,0.0002661378640691046,{'510880.SH': 0.9997338621359309}
2016-12-19,1122412.492561064,299.16285626677563,0.0,-0.001492140092740235,0.00026653557248294786,{'510880.SH': 0.999733464427517}
2016-12-20,1113606.6704669679,299.16285626677563,0.0,-0.007845441985417922,0.0002686431971005776,{'510880.SH': 0.9997313568028994}
2016-12-21,1124928.4417308057,299.16285626677563,0.0,0.010166759560707561,0.0002659394546078737,{'510880.SH': 0.999734060545392}
2016-12-22,1127025.0660389236,299.16285626677563,0.0,0.001863784602060603,0.00026544472282078206,{'510880.SH': 0.9997345552771791}
2016-12-23,1115283.9699134624,299.16285626677563,0.0,-0.010417777278660556,0.00026823917884338317,{'510880.SH': 0.9997317608211566}
2016-12-26,1119477.2185296987,299.16285626677563,0.0,0.0037598035382520045,0.00026723442988834626,{'510880.SH': 0.9997327655701116}
2016-12-27,1119057.893668075,299.16285626677563,0.0,-0.00037457203655677507,0.00026733456594115287,{'510880.SH': 0.9997326654340588}
2016-12-28,1114025.9953285917,299.16285626677563,0.0,-0.004496548720093196,0.00026854207848043524,{'510880.SH': 0.9997314579215195}
2016-12-29,1114445.320190215,299.16285626677563,0.0,0.00037640491638590845,0.0002684410359547421,{'510880.SH': 0.9997315589640452}
2016-12-30,1116961.2693599567,299.16285626677563,0.0,0.002257579734205706,0.0002678363739847511,{'510880.SH': 0.9997321636260152}
2017-01-03,1147025.0660389236,20299.162856266776,20000.0,0.009009978192649148,0.017697226902256672,{'510880.SH': 0.9823027730977433}
2017-01-04,1147125.7737074106,6178.608707410749,0.0,8.779901282784941e-05,0.005386165012614113,{'511880.SH': 0.9946138349873859}
2017-01-05,1147125.7737074106,6178.608707410749,0.0,0.0,0.005386165012614113,{'511880.SH': 0.9946138349873859}
2017-01-06,1147444.8337074106,6178.608707410749,0.0,0.0002781386377266326,0.005384667328578731,{'511880.SH': 0.9946153326714212}
2017-01-09,1147479.0187074107,6178.608707410749,0.0,2.979228194321948e-05,0.005384506911830689,{'511880.SH': 0.9946154930881693}
2017-01-10,1147695.5237074108,6178.608707410749,0.0,0.00018867883113360406,0.005383491161011011,{'511880.SH': 0.994616508838989}
2017-01-11,1147741.1037074106,6178.608707410749,0.0,3.9714365925647144e-05,0.005383277367563756,{'511880.SH': 0.9946167226324363}
2017-01-12,1147695.5237074108,6178.608707410749,0.0,-3.9712788757473305e-05,0.005383491161011011,{'511880.SH': 0.994616508838989}
2017-01-13,1147866.4487074106,6178.608707410749,0.0,0.00014892887222184292,0.005382689523130811,{'511880.SH': 0.9946173104768692}
2017-01-16,1147877.8437074106,6178.608707410749,0.0,9.927113047814018e-06,0.0053826360890938596,{'511880.SH': 0.9946173639109062}
2017-01-17,1147775.2887074107,6178.608707410749,0.0,-8.934313051001119e-05,0.005383117033621545,{'511880.SH': 0.9946168829663784}
2017-01-18,1147843.6587074106,6178.608707410749,0.0,5.956740894541568e-05,0.00538279639438745,{'511880.SH': 0.9946172036056126}
2017-01-19,1147638.5487074107,6178.608707410749,0.0,-0.00017869158264183227,0.005383758426701279,{'511880.SH': 0.9946162415732988}
2017-01-20,1148117.1387074105,6178.608707410749,0.0,0.00041702154440437234,0.005381514219330301,{'511880.SH': 0.9946184857806697}
2017-01-23,1148538.7537074108,6178.608707410749,0.0,0.0003672229825564255,0.005379538729073433,{'511880.SH': 0.9946204612709265}
2017-01-24,1148698.2837074106,6178.608707410749,0.0,0.00013889823002033452,0.00537879162443715,{'511880.SH': 0.9946212083755629}
2017-01-25,1149188.2687074107,6178.608707410749,0.0,0.0004265567442294227,0.0053764982428513245,{'511880.SH': 0.9946235017571486}
2017-01-26,1149461.7487074106,6178.608707410749,0.0,0.00023797667227110075,0.005375219066105244,{'511880.SH': 0.9946247809338947}
2017-02-03,1169723.8337074108,26178.60870741075,20000.0,0.0002280067173134892,0.022380161840798177,{'511880.SH': 0.9776198381592018}
2017-02-06,1171252.996262697,145.0930892652832,0.0,0.0013072851139910302,0.00012387852131713197,{'510880.SH': 0.9998761214786829}
2017-02-07,1170813.0609121434,145.0930892652832,0.0,-0.0003756108645676104,0.00012392506891941037,{'510880.SH': 0.9998760749310805}
2017-02-08,1173892.6083660182,145.0930892652832,0.0,0.0026302640077107142,0.0001235999683712493,{'510880.SH': 0.9998764000316287}
2017-02-09,1178291.9618715532,145.0930892652832,0.0,0.003747662668784235,0.00012313848686094995,{'510880.SH': 0.999876861513139}
2017-02-10,1185330.9274804092,145.0930892652832,0.0,0.005973872212176934,0.00012240724164153834,{'510880.SH': 0.9998775927583584}
2017-02-13,1189730.2809859442,145.0930892652832,0.0,0.0037114981171431083,0.00012195460734599674,{'510880.SH': 0.999878045392654}
2017-02-14,1187970.5395837303,145.0930892652832,0.0,-0.0014791095346043948,0.00012213525877175744,{'510880.SH': 0.9998778647412282}
2017-02-15,1190170.2163364976,145.0930892652832,0.0,0.001851625675446611,0.00012190952795970567,{'510880.SH': 0.9998780904720403}
2017-02-16,1195449.4405431398,145.0930892652832,0.0,0.004435688386567493,0.00012137116330019083,{'510880.SH': 0.9998786288366998}
2017-02-17,1187530.6042331767,145.0930892652832,0.0,-0.006624149915002042,0.00012218050528388198,{'510880.SH': 0.9998778194947161}
2017-02-20,1203368.2768531027,145.0930892652832,0.0,0.01333664375761745,0.00012057247316234094,{'510880.SH': 0.9998794275268377}
2017-02-21,1206007.888956424,145.0930892652832,0.0,0.0021935197678837337,0.00012030857392718578,{'510880.SH': 0.9998796914260728}
2017-02-22,1212166.983864173,145.0930892652832,0.0,0.005107010463321737,0.0001196972786725738,{'510880.SH': 0.9998803027213274}
2017-02-23,1206447.8243069774,145.0930892652832,0.0,-0.004718128470191374,0.00012026470299171814,{'510880.SH': 0.9998797352970082}
2017-02-24,1205128.018255317,145.0930892652832,0.0,-0.001093960323082066,0.00012039641188936656,{'510880.SH': 0.9998796035881107}
2017-02-27,1197649.1172959073,145.0930892652832,0.0,-0.00620589750310252,0.00012114824548351798,{'510880.SH': 0.9998788517545165}
2017-02-28,1201168.6001003354,145.0930892652832,0.0,0.0029386593732683153,0.00012079327519314387,{'510880.SH': 0.9998792067248069}
2017-03-01,1221608.5354508888,20145.093089265283,20000.0,0.00036625611967933125,0.016490628957360587,{'510880.SH': 0.9835093710426395}
2017-03-02,1214434.420479671,31.150368970080308,0.0,-0.005872679146408988,2.56501038218076e-05,{'510880.SH': 0.9999743498961782}
2017-03-03,1213092.5384132508,31.150368970080308,0.0,-0.001104944033034183,2.5678477101858702e-05,{'510880.SH': 0.9999743215228981}
2017-03-06,1217118.1846125126,31.150368970080308,0.0,0.003318498854611107,2.559354495224922e-05,{'510880.SH': 0.9999744064550478}
2017-03-07,1215776.3025460918,31.150368970080308,0.0,-0.0011025076146142787,2.5621793174323985e-05,{'510880.SH': 0.9999743782068257}
2017-03-08,1213539.8324353907,31.150368970080308,0.0,-0.0018395407987616963,2.566901236984223e-05,{'510880.SH': 0.9999743309876301}
2017-03-09,1205041.2460147266,31.150368970080308,0.0,-0.007003137592615061,2.585004378323132e-05,{'510880.SH': 0.9999741499562167}
2017-03-10,1205041.2460147266,31.150368970080308,0.0,0.0,2.585004378323132e-05,{'510880.SH': 0.9999741499562167}
2017-03-13,1216670.8905903725,31.150368970080308,0.0,0.00965082698547226,2.5602954102867563e-05,{'510880.SH': 0.9999743970458971}
2017-03-14,1218460.0666789333,31.150368970080308,0.0,0.001470550583891006,2.556535894933723e-05,{'510880.SH': 0.9999744346410506}
2017-03-15,1220696.5367896343,31.150368970080308,0.0,0.0018354890503688992,2.5518519985322553e-05,{'510880.SH': 0.9999744814800147}
2017-03-16,1224722.1829888963,31.150368970080308,0.0,0.003297827165012812,2.543464093551307e-05,{'510880.SH': 0.9999745653590645}
2017-03-17,1211750.6563468298,31.150368970080308,0.0,-0.010591403358441553,2.570691322255359e-05,{'510880.SH': 0.9999742930867774}
2017-03-20,1220249.2427674942,31.150368970080308,0.0,0.007013477876946839,2.5527874042709558e-05,{'510880.SH': 0.9999744721259572}
2017-03-21,1223827.5949446158,31.150368970080308,0.0,0.002932476457847333,2.5453233036055224e-05,{'510880.SH': 0.999974546766964}
2017-03-22,1214434.420479671,31.150368970080308,0.0,-0.007675243231764051,2.56501038218076e-05,{'510880.SH': 0.9999743498961782}
2017-03-23,1215329.0085239518,31.150368970080308,0.0,0.0007366293553565662,2.563122311045075e-05,{'510880.SH': 0.9999743687768895}
2017-03-24,1228300.5351660182,31.150368970080308,0.0,0.010673263413518486,2.536054335095604e-05,{'510880.SH': 0.999974639456649}
2017-03-27,1230537.005276719,31.150368970080308,0.0,0.0018207841213702114,2.5314451200169568e-05,{'510880.SH': 0.9999746855487998}
2017-03-28,1224722.1829888963,31.150368970080308,0.0,-0.004725434719060062,2.543464093551307e-05,{'510880.SH': 0.9999745653590645}
2017-03-29,1223827.5949446158,31.150368970080308,0.0,-0.0007304416109269463,2.5453233036055224e-05,{'510880.SH': 0.999974546766964}
2017-03-30,1221143.8308117746,31.150368970080308,0.0,-0.002192926637646808,2.5509172780550026e-05,{'510880.SH': 0.9999744908272195}
2017-03-31,1230537.005276719,31.150368970080308,0.0,0.007692111467901608,2.5314451200169568e-05,{'510880.SH': 0.9999746855487998}
2017-04-05,1264850.4139852063,20031.15036897008,20000.0,0.011631839308455794,0.015836774173048074,{'510880.SH': 0.9841632258269519}
2017-04-06,1266651.0587332505,165.03570742026568,0.0,0.0014236029242151726,0.000130292953440006,{'510880.SH': 0.9998697070465601}
2017-04-07,1268923.190098564,165.03570742026568,0.0,0.0017938100234058396,0.00013005965113416085,{'510880.SH': 0.9998699403488659}
2017-04-10,1268014.3375524387,165.03570742026568,0.0,-0.0007162392122840311,0.0001301528717244813,{'510880.SH': 0.9998698471282755}
2017-04-11,1268923.190098564,165.03570742026568,0.0,0.0007167525785862772,0.00013005965113416085,{'510880.SH': 0.9998699403488659}
2017-04-12,1263470.0748218114,165.03570742026568,0.0,-0.004297435273705519,0.0001306209863684669,{'510880.SH': 0.9998693790136316}
2017-04-13,1267105.485006313,165.03570742026568,0.0,0.002877321953995926,0.0001302462260428487,{'510880.SH': 0.9998697537739571}
2017-04-14,1256199.2544528076,165.03570742026568,0.0,-0.008607200175959395,0.0001313770143034786,{'510880.SH': 0.9998686229856966}
2017-04-17,1251654.9917221805,165.03570742026568,0.0,-0.0036174696924227145,0.00013185399212381146,{'510880.SH': 0.9998681460078762}
2017-04-18,1245293.0238993024,165.03570742026568,0.0,-0.005082844605704517,0.00013252760936819548,{'510880.SH': 0.9998674723906319}
2017-04-19,1237113.350984173,165.03570742026568,0.0,-0.00656847244636205,0.0001334038690059995,{'510880.SH': 0.999866596130994}
2017-04-20,1240748.7611686748,165.03570742026568,0.0,0.0029386233538015727,0.0001330129939157197,{'510880.SH': 0.9998669870060843}
2017-04-21,1249382.8603568666,165.03570742026568,0.0,0.006958781228247446,0.00013209378218389023,{'510880.SH': 0.9998679062178162}
2017-04-24,1238931.0560764237,165.03570742026568,0.0,-0.008365573606042176,0.00013320814472349898,{'510880.SH': 0.9998667918552766}
2017-04-25,1242112.039987863,165.03570742026568,0.0,0.0025675229431354474,0.00013286700563813734,{'510880.SH': 0.9998671329943619}
2017-04-26,1243475.3188070513,165.03570742026568,0.0,0.0010975489934077487,0.00013272133746779585,{'510880.SH': 0.9998672786625322}
2017-04-27,1242566.4662609259,165.03570742026568,0.0,-0.0007308971335252545,0.00013281841406591598,{'510880.SH': 0.9998671815859341}
2017-04-28,1236204.4984380477,165.03570742026568,0.0,-0.005120022144185388,0.00013350194699080075,{'510880.SH': 0.9998664980530092}
2017-05-02,1249388.1043421065,20165.035707420266,20000.0,-0.005513969658380802,0.01613992932807586,{'510880.SH': 0.9838600706719242}
2017-05-03,1247746.0769330633,2810.420933063375,0.0,-0.0013142652818098899,0.002252398132135456,{'511880.SH': 0.9977476018678646}
2017-05-04,1247906.0627330632,2810.420933063375,0.0,0.00012821983812050242,0.0022521093670369845,{'511880.SH': 0.997747890632963}
2017-05-05,1248226.0343330633,2810.420933063375,0.0,0.0002564067998029884,0.0022515320589071067,{'511880.SH': 0.9977484679410928}
2017-05-08,1248422.9399330632,2810.420933063375,0.0,0.00015774835212845062,0.002251176939454558,{'511880.SH': 0.9977488230605455}
2017-05-09,1248816.7511330633,2810.420933063375,0.0,0.0003154469430217688,0.0022504670365075204,{'511880.SH': 0.9977495329634924}
2017-05-10,1248755.2181330633,2810.420933063375,0.0,-4.92730418167886e-05,0.002250577929327944,{'511880.SH': 0.9977494220706721}
2017-05-11,1248779.8313330633,2810.420933063375,0.0,1.9710187907584498e-05,0.0022505335708883694,{'511880.SH': 0.9977494664291117}
2017-05-12,1249075.1897330633,2810.420933063375,0.0,0.00023651759308496167,0.0022500014059713912,{'511880.SH': 0.9977499985940286}
2017-05-15,1249222.8689330632,2810.420933063375,0.0,0.00011823083287043623,0.0022497354178791975,{'511880.SH': 0.9977502645821208}
2017-05-16,1249185.9491330634,2810.420933063375,0.0,-2.9554213998084222e-05,0.0022498019090062696,{'511880.SH': 0.9977501980909937}
2017-05-17,1249333.6283330633,2810.420933063375,0.0,0.0001182203499026091,0.002249535968077005,{'511880.SH': 0.997750464031923}
2017-05-18,1249592.0669330633,2810.420933063375,0.0,0.0002068611571313106,0.0022490707227048362,{'511880.SH': 0.9977509292772951}
2017-05-19,1249641.2933330634,2810.420933063375,0.0,3.939397608432316e-05,0.0022489821263567363,{'511880.SH': 0.9977510178736433}
2017-05-22,1250022.7979330632,2810.420933063375,0.0,0.0003052912880161518,0.0022482957412540473,{'511880.SH': 0.9977517042587459}
2017-05-23,1250145.8639330633,2810.420933063375,0.0,9.845100441663313e-05,0.0022480744160697824,{'511880.SH': 0.9977519255839302}
2017-05-24,1250293.5431330632,2810.420933063375,0.0,0.00011812957532431057,0.0022478088833609807,{'511880.SH': 0.997752191116639}
2017-05-25,1250564.2883330632,2810.420933063375,0.0,0.0002165453076894419,0.0022473222362758487,{'511880.SH': 0.9977526777637241}
2017-05-26,1250748.8873330632,2810.420933063375,0.0,0.0001476125631620917,0.002246990552241031,{'511880.SH': 0.997753009447759}
2017-05-31,1250748.8873330632,2810.420933063375,0.0,0.0,0.002246990552241031,{'511880.SH': 0.997753009447759}
2017-06-01,1271290.3777330632,22810.420933063375,20000.0,0.00043293294560076134,0.01794273073453007,{'511880.SH': 0.9820572692654699}
2017-06-02,1271096.2546616895,153.5937022799626,0.0,-0.00015269766433678722,0.00012083561863758505,{'510880.SH': 0.9998791643813624}
2017-06-05,1260233.4968757117,153.5937022799626,0.0,-0.008545975763943225,0.00012187717804735554,{'510880.SH': 0.9998781228219527}
2017-06-06,1263854.4161377042,153.5937022799626,0.0,0.0028732129966146935,0.00012152800221194756,{'510880.SH': 0.999878471997788}
2017-06-07,1275169.7888314314,153.5937022799626,0.0,0.00895306654725836,0.00012044960884833716,{'510880.SH': 0.9998795503911516}
2017-06-08,1289200.8509716527,153.5937022799626,0.0,0.011003289336927624,0.0001191386913561228,{'510880.SH': 0.9998808613086438}
2017-06-09,1291011.3106026489,153.5937022799626,0.0,0.0014043270523997897,0.00011897161629688936,{'510880.SH': 0.9998810283837031}
2017-06-12,1293274.3851413943,153.5937022799626,0.0,0.0017529471044595013,0.00011876343028565444,{'510880.SH': 0.9998812365697144}
2017-06-13,1296895.3044033872,153.5937022799626,0.0,0.0027998074527679773,0.00011843184392638429,{'510880.SH': 0.9998815681560737}
2017-06-14,1280601.1677244203,153.5937022799626,0.0,-0.012563956877353899,0.0001199387491992474,{'510880.SH': 0.9998800612508008}
2017-06-15,1273811.9441081842,153.5937022799626,0.0,-0.005301590992846217,0.00012057800446163658,{'510880.SH': 0.9998794219955384}
2017-06-16,1269285.7950306933,153.5937022799626,0.0,-0.003553231776814325,0.00012100797383953113,{'510880.SH': 0.9998789920261605}
2017-06-19,1276980.2484624276,153.5937022799626,0.0,0.0060620338318275735,0.00012027883944555918,{'510880.SH': 0.9998797211605545}
2017-06-20,1272001.4844771877,153.5937022799626,0.0,-0.003898857473508044,0.00012074962502350537,{'510880.SH': 0.9998792503749765}
2017-06-21,1286485.1615251582,153.5937022799626,0.0,0.011386525271174008,0.00011939018565738735,{'510880.SH': 0.9998806098143426}
2017-06-22,1290558.6956949,153.5937022799626,0.0,0.0031664058720368704,0.00011901334111522936,{'510880.SH': 0.9998809866588848}
2017-06-23,1300063.6087576305,153.5937022799626,0.0,0.007364959915761693,0.00011814322102803889,{'510880.SH': 0.999881856778972}
2017-06-26,1310926.3665436083,153.5937022799626,0.0,0.008355558691746312,0.00011716424827500276,{'510880.SH': 0.999882835751725}
2017-06-27,1311378.9814513575,153.5937022799626,0.0,0.00034526341013529915,0.00011712380970905458,{'510880.SH': 0.9998828761902909}
2017-06-28,1307758.0621893646,153.5937022799626,0.0,-0.002761153955651685,0.00011744810200047697,{'510880.SH': 0.9998825518979996}
2017-06-29,1314094.670897852,153.5937022799626,0.0,0.0048453983131091505,0.00011688176330174148,{'510880.SH': 0.9998831182366983}
2017-06-30,1317715.5901598446,153.5937022799626,0.0,0.0027554477939695232,0.00011656058669028195,{'510880.SH': 0.9998834394133097}
2017-07-03,1338620.8199753426,20153.593702279963,20000.0,0.0006869690411632767,0.015055490996062045,{'510880.SH': 0.9849445090039379}
2017-07-04,1332246.5641332024,95.94464980763587,0.0,-0.004761808382942712,7.20171869011801e-05,{'510880.SH': 0.9999279828130988}
2017-07-05,1340058.4166793278,95.94464980763587,0.0,0.00586366875054245,7.15973636771651e-05,{'510880.SH': 0.9999284026363229}
2017-07-06,1345572.6655354165,95.94464980763587,0.0,0.0041149316980919615,7.130395278166456e-05,{'510880.SH': 0.9999286960472183}
2017-07-07,1350627.3936534978,95.94464980763587,0.0,0.003756562724221313,7.103709746927463e-05,{'510880.SH': 0.9999289629025307}
2017-07-10,1350167.8729154903,95.94464980763587,0.0,-0.0003402276158226414,7.106127447726735e-05,{'510880.SH': 0.9999289387255227}
2017-07-11,1357979.725461616,95.94464980763587,0.0,0.0057858379708422,7.065249061433635e-05,{'510880.SH': 0.9999293475093857}
2017-07-12,1350167.8729154903,95.94464980763587,0.0,-0.0057525546218815116,7.106127447726735e-05,{'510880.SH': 0.9999289387255227}
2017-07-13,1361655.891365675,95.94464980763587,0.0,0.008508585251238543,7.046174471540531e-05,{'510880.SH': 0.9999295382552846}
2017-07-14,1374981.9927678888,95.94464980763587,0.0,0.009786688022073164,6.977884096830664e-05,{'510880.SH': 0.9999302211590317}
2017-07-17,1367170.1402217634,95.94464980763587,0.0,-0.005681421711130841,7.017754922007956e-05,{'510880.SH': 0.9999298224507799}
2017-07-18,1367170.1402217634,95.94464980763587,0.0,0.0,7.017754922007956e-05,{'510880.SH': 0.9999298224507799}
2017-07-19,1380496.2416239774,95.94464980763587,0.0,0.009747215075990745,6.95001166354276e-05,{'510880.SH': 0.9999304998833646}
2017-07-20,1387389.052694088,95.94464980763587,0.0,0.004992995172520054,6.915482691846722e-05,{'510880.SH': 0.9999308451730815}
2017-07-21,1387848.5734320953,95.94464980763587,0.0,0.0003312126019121564,6.913192955220504e-05,{'510880.SH': 0.9999308680704478}
2017-07-24,1394281.8637641987,95.94464980763587,0.0,0.004635441110260485,6.881295116943589e-05,{'510880.SH': 0.9999311870488305}
2017-07-25,1387848.5734320953,95.94464980763587,0.0,-0.004614052939579394,6.913192955220504e-05,{'510880.SH': 0.9999308680704478}
2017-07-26,1380955.7623619847,95.94464980763587,0.0,-0.004966544046707488,6.947699008368833e-05,{'510880.SH': 0.9999305230099164}
2017-07-27,1380955.7623619847,95.94464980763587,0.0,0.0,6.947699008368833e-05,{'510880.SH': 0.9999305230099164}
2017-07-28,1380036.72088597,95.94464980763587,0.0,-0.0006655111634009669,6.952325858839492e-05,{'510880.SH': 0.9999304767414116}
2017-07-31,1381874.8038379995,95.94464980763587,0.0,0.0013319087269283436,6.943078312243668e-05,{'510880.SH': 0.9999305692168775}
2017-08-01,1410605.6978601397,20095.944649807636,20000.0,0.006318151252118653,0.014246323178966864,{'510880.SH': 0.9857536768210331}
2017-08-02,1407786.1026123168,203.5520588113286,0.0,-0.0019988542879842974,0.00014459018911581328,{'510880.SH': 0.9998554098108842}
2017-08-03,1397066.1030551211,203.5520588113286,0.0,-0.007614792856175723,0.00014569966186009272,{'510880.SH': 0.9998543003381399}
2017-08-04,1391473.0598078887,203.5520588113286,0.0,-0.004003420621974563,0.00014628530346065893,{'510880.SH': 0.9998537146965394}
2017-08-07,1395667.8422433133,203.5520588113286,0.0,0.0030146343156680633,0.00014584563221299932,{'510880.SH': 0.999854154367787}
2017-08-08,1389142.625121542,203.5520588113286,0.0,-0.004675336727170687,0.0001465307126354423,{'510880.SH': 0.9998534692873646}
2017-08-09,1386812.190435195,203.5520588113286,0.0,-0.0016776064920929201,0.00014677694659393786,{'510880.SH': 0.9998532230534061}
2017-08-10,1383083.4949370401,203.5520588113286,0.0,-0.0026886809359418784,0.00014717264688390673,{'510880.SH': 0.9998528273531161}
2017-08-11,1361177.4088853793,203.5520588113286,0.0,-0.015838585401279803,0.0001495411674353384,{'510880.SH': 0.9998504588325647}
2017-08-14,1367236.5390698814,203.5520588113286,0.0,0.00445138902904918,0.00014887845152953798,{'510880.SH': 0.9998511215484704}
2017-08-15,1375160.0170034608,203.5520588113286,0.0,0.005795250278323838,0.0001480206349039134,{'510880.SH': 0.9998519793650961}
2017-08-16,1371897.4084425753,203.5520588113286,0.0,-0.002372530120527294,0.000148372653493389,{'510880.SH': 0.9998516273465067}
2017-08-17,1378422.6255643463,203.5520588113286,0.0,0.004756344812385516,0.0001476702827102765,{'510880.SH': 0.9998523297172898}
2017-08-18,1380286.9733134238,203.5520588113286,0.0,0.0013525225968444854,0.00014747082508697105,{'510880.SH': 0.9998525291749131}
2017-08-21,1384481.7557488482,203.5520588113286,0.0,0.003039065438221744,0.00014702400950110747,{'510880.SH': 0.9998529759904989}
2017-08-22,1385880.0165606565,203.5520588113286,0.0,0.001009952501000555,0.00014687567204878566,{'510880.SH': 0.9998531243279513}
2017-08-23,1391006.9728706195,203.5520588113286,0.0,0.0036994229288958014,0.00014633431951189895,{'510880.SH': 0.9998536656804882}
2017-08-24,1388210.4512470032,203.5520588113286,0.0,-0.002010429622682053,0.00014662910701218368,{'510880.SH': 0.9998533708929879}
2017-08-25,1411514.7981104718,203.5520588113286,0.0,0.01678732993440213,0.00014420823577890513,{'510880.SH': 0.9998557917642211}
2017-08-28,1415709.580545896,203.5520588113286,0.0,0.0029718302925618723,0.00014378094321636163,{'510880.SH': 0.9998562190567837}
2017-08-29,1416641.7544204348,203.5520588113286,0.0,0.0006584499302317859,0.00014368633296044857,{'510880.SH': 0.9998563136670395}
2017-08-30,1413379.1458595493,203.5520588113286,0.0,-0.0023030583072291,0.0001440180148459301,{'510880.SH': 0.9998559819851541}
2017-08-31,1405455.66792597,203.5520588113286,0.0,-0.005606052669441808,0.00014482993911270803,{'510880.SH': 0.9998551700608873}
2017-09-01,1424989.5809887005,20203.55205881133,20000.0,-0.00033162692207666655,0.01417803493327544,{'510880.SH': 0.9858219650667246}
2017-09-04,1424291.2833085863,55.53020858648233,0.0,-0.0004900370426776934,3.898795789684769e-05,{'511880.SH': 0.9999610120421032}
2017-09-05,1424472.0080085865,55.53020858648233,0.0,0.00012688745772582166,3.8983011441631364e-05,{'511880.SH': 0.9999610169885583}
2017-09-06,1424624.9289085865,55.53020858648233,0.0,0.00010735268867367864,3.897882695975589e-05,{'511880.SH': 0.9999610211730402}
2017-09-07,1424777.8498085863,55.53020858648233,0.0,0.00010734116531074811,3.897464337611833e-05,{'511880.SH': 0.9999610253566239}
2017-09-08,1425000.2802085865,55.53020858648233,0.0,0.00015611584643182574,3.896855976642616e-05,{'511880.SH': 0.9999610314402336}
2017-09-11,1425167.1030085864,55.53020858648233,0.0,0.00011706860855875689,3.8963998305360666e-05,{'511880.SH': 0.9999610360016946}
2017-09-12,1425417.3372085863,55.53020858648233,0.0,0.00017558235765591235,3.895715811569114e-05,{'511880.SH': 0.9999610428418844}
2017-09-13,1425542.4543085864,55.53020858648233,0.0,8.777576695195854e-05,3.895373892138167e-05,{'511880.SH': 0.9999610462610786}
2017-09-14,1425834.3942085865,55.53020858648233,0.0,0.00020479214710000804,3.894576313492882e-05,{'511880.SH': 0.9999610542368651}
2017-09-15,1425945.6094085863,55.53020858648233,0.0,7.80000822335758e-05,3.8942725599129684e-05,{'511880.SH': 0.9999610572744009}
2017-09-18,1426126.3341085864,55.53020858648233,0.0,0.0001267402478801749,3.893779061389537e-05,{'511880.SH': 0.9999610622093861}
2017-09-19,1426154.1379085865,55.53020858648233,0.0,1.9496028742516103e-05,3.893703149641017e-05,{'511880.SH': 0.9999610629685036}
2017-09-20,1426543.3911085865,55.53020858648233,0.0,0.00027293908116465815,3.892640695866184e-05,{'511880.SH': 0.9999610735930413}
2017-09-21,1427224.5842085863,55.53020858648233,0.0,0.00047751306006227345,3.8907827962671004e-05,{'511880.SH': 0.9999610921720373}
2017-09-22,1427725.0526085864,55.53020858648233,0.0,0.0003506584776757915,3.8894189385430675e-05,{'511880.SH': 0.9999611058106146}
2017-09-25,1427544.3279085865,55.53020858648233,0.0,-0.00012658228534245808,3.889911332409303e-05,{'511880.SH': 0.9999611008866759}
2017-09-26,1427655.5431085865,55.53020858648233,0.0,7.790665258222695e-05,3.889608306046323e-05,{'511880.SH': 0.9999611039169395}
2017-09-27,1427085.5652085864,55.53020858648233,0.0,-0.00039924049099338,3.8911618154000386e-05,{'511880.SH': 0.999961088381846}
2017-09-28,1427043.8595085866,55.53020858648233,0.0,-2.922438641139724e-05,3.8912755355399224e-05,{'511880.SH': 0.9999610872446446}
2017-09-29,1428795.4989085863,55.53020858648233,0.0,0.0012274601010531239,3.8865050057128664e-05,{'511880.SH': 0.9999611349499429}
2017-10-09,1449045.7331085864,20055.530208586482,20000.0,0.00017513646997846521,0.01384050879164598,{'511880.SH': 0.986159491208354}
2017-10-10,1444069.883883247,60.77687217690982,0.0,-0.003433880043706372,4.208720980557727e-05,{'510880.SH': 0.9999579127901944}
2017-10-11,1449751.2311895199,60.77687217690982,0.0,0.003934260640485965,4.192227664262264e-05,{'510880.SH': 0.9999580777233574}
2017-10-12,1452591.9048426566,60.77687217690982,0.0,0.0019594214455715964,4.1840293873517845e-05,{'510880.SH': 0.9999581597061264}
2017-10-13,1453065.3504515125,60.77687217690982,0.0,0.00032593160355465223,4.182666124274766e-05,{'510880.SH': 0.9999581733387573}
2017-10-16,1451171.568016088,60.77687217690982,0.0,-0.0013033016270299624,4.1881245137677634e-05,{'510880.SH': 0.9999581187548623}
2017-10-17,1449277.785580664,60.77687217690982,0.0,-0.0013050024388316928,4.193597168299872e-05,{'510880.SH': 0.999958064028317}
2017-10-18,1456379.4697135054,60.77687217690982,0.0,0.004900153858355072,4.1731481005335555e-05,{'510880.SH': 0.9999582685189947}
2017-10-19,1459693.588975498,60.77687217690982,0.0,0.002275587737201823,4.1636732966380115e-05,{'510880.SH': 0.9999583632670336}
2017-10-20,1464428.0450640586,60.77687217690982,0.0,0.003243458849390146,4.1502122539760054e-05,{'510880.SH': 0.9999584978774603}
2017-10-23,1462534.2626286345,60.77687217690982,0.0,-0.0012931891340153268,4.155586212912007e-05,{'510880.SH': 0.9999584441378708}
2017-10-24,1470582.837979188,60.77687217690982,0.0,0.005503170459806972,4.132842476281499e-05,{'510880.SH': 0.9999586715752372}
2017-10-25,1472950.0660234685,60.77687217690982,0.0,0.0016097209780669974,4.126200444865689e-05,{'510880.SH': 0.9999587379955513}
2017-10-26,1469635.9467614759,60.77687217690982,0.0,-0.00224998751718708,4.135505280123227e-05,{'510880.SH': 0.9999586449471988}
2017-10-27,1476737.6308943173,60.77687217690982,0.0,0.00483227437957745,4.115617487183769e-05,{'510880.SH': 0.9999588438251281}
2017-10-30,1473423.5116323247,60.77687217690982,0.0,-0.0022442167062443064,4.124874599671514e-05,{'510880.SH': 0.9999587512540032}
2017-10-31,1467742.1643260515,60.77687217690982,0.0,-0.0038558820742442546,4.140841195007637e-05,{'510880.SH': 0.9999585915880499}
2017-11-01,1475906.0241046492,20060.77687217691,20000.0,-0.00806418219022631,0.013592177648537398,{'510880.SH': 0.9864078223514626}
2017-11-02,1474227.2284387313,5867.5284387313295,0.0,-0.0011374678594027188,0.0039800705926082295,{'511880.SH': 0.9960199294073918}
2017-11-03,1474882.4409387312,5867.5284387313295,0.0,0.00044444471473625846,0.003978302457107546,{'511880.SH': 0.9960216975428925}
2017-11-06,1474811.2221887314,5867.5284387313295,0.0,-4.82877468894749e-05,0.003978494569646327,{'511880.SH': 0.9960215054303537}
2017-11-07,1474868.1971887313,5867.5284387313295,0.0,3.8632062966836855e-05,0.003978340878131019,{'511880.SH': 0.996021659121869}
2017-11-08,1475010.6346887313,5867.5284387313295,0.0,9.65764264708735e-05,0.003977956701288152,{'511880.SH': 0.9960220432987118}
2017-11-09,1475110.3409387313,5867.5284387313295,0.0,6.759697025571221e-05,0.003977687821642786,{'511880.SH': 0.9960223121783572}
2017-11-10,1475281.2659387314,5867.5284387313295,0.0,0.00011587268779589266,0.003977226969663837,{'511880.SH': 0.9960227730303362}
2017-11-13,1475409.4596887315,5867.5284387313295,0.0,8.689444715370698e-05,0.003976881400753122,{'511880.SH': 0.9960231185992469}
2017-11-14,1475452.1909387312,5867.5284387313295,0.0,2.8962299054802187e-05,0.0039767662244604585,{'511880.SH': 0.9960232337755396}
2017-11-15,1475794.0409387313,5867.5284387313295,0.0,0.00023169168211589763,0.003975845054232012,{'511880.SH': 0.996024154945768}
2017-11-16,1476050.4284387312,5867.5284387313295,0.0,0.00017372851013597312,0.003975154456570711,{'511880.SH': 0.9960248455434293}
2017-11-17,1476449.2534387312,5867.5284387313295,0.0,0.0002701974081074088,0.003974080670273993,{'511880.SH': 0.9960259193297261}
2017-11-20,1476534.7159387313,5867.5284387313295,0.0,5.788380454063713e-05,0.0039738506486797715,{'511880.SH': 0.9960261493513203}
2017-11-21,1476734.1284387312,5867.5284387313295,0.0,0.0001350543931322168,0.003973314035164028,{'511880.SH': 0.996026685964836}
2017-11-22,1476819.5909387313,5867.5284387313295,0.0,5.7872638245637376e-05,0.003973084102305056,{'511880.SH': 0.996026915897695}
2017-11-23,1477175.6846887313,5867.5284387313295,0.0,0.00024112203832138412,0.003972126335106666,{'511880.SH': 0.9960278736648933}
2017-11-24,1477546.0221887312,5867.5284387313295,0.0,0.0002507064689993843,0.003971130746939166,{'511880.SH': 0.9960288692530609}
2017-11-27,1477745.434688731,5867.5284387313295,0.0,0.00013496195516427,0.0039705948676926565,{'511880.SH': 0.9960294051323073}
2017-11-28,1477773.9221887314,5867.5284387313295,0.0,1.9277677556273076e-05,0.00397051832532065,{'511880.SH': 0.9960294816746793}
2017-11-29,1477845.1409387311,5867.5284387313295,0.0,4.819326483596065e-05,0.003970326982300906,{'511880.SH': 0.9960296730176991}
2017-11-30,1478400.6471887312,5867.5284387313295,0.0,0.00037588935038712634,0.003968835139438549,{'511880.SH': 0.9960311648605614}
2017-12-01,1498657.0346887314,25867.52843873133,20000.0,0.00017342220492655436,0.017260472436312936,{'511880.SH': 0.9827395275636871}
2017-12-04,1499047.9504192313,2288.6058692313345,0.0,0.0002608440233164977,0.0015267062461819794,{'511880.SH': 0.9984732937538181}
2017-12-05,1499351.855069231,2288.6058692313345,0.0,0.0002027317738000356,0.0015263967970517904,{'511880.SH': 0.9984736032029482}
2017-12-06,1499424.2133192313,2288.6058692313345,0.0,4.825968618082932e-05,0.0015263231371761797,{'511880.SH': 0.9984736768628238}
2017-12-07,1499728.1179692314,2288.6058692313345,0.0,0.00020268090064212707,0.0015260138433160241,{'511880.SH': 0.998473986156684}
2017-12-08,1499916.2494192312,2288.6058692313345,0.0,0.00012544370392575388,0.0015258224384978058,{'511880.SH': 0.9984741775615023}
2017-12-11,1499930.7210692314,2288.6058692313345,0.0,9.648305367537802e-06,0.0015258077170390196,{'511880.SH': 0.998474192282961}
2017-12-12,1500075.4375692313,2288.6058692313345,0.0,9.648212278534629e-05,0.0015256605180735858,{'511880.SH': 0.9984743394819264}
2017-12-13,1500249.0973692313,2288.6058692313345,0.0,0.00011576737786023195,0.00152548391680057,{'511880.SH': 0.9984745160831995}
2017-12-14,1500524.0587192313,2288.6058692313345,0.0,0.00018327713076593533,0.001525204381717657,{'511880.SH': 0.9984747956182823}
2017-12-15,1500943.7365692311,2288.6058692313345,0.0,0.0002796875182116132,0.0015247779203652863,{'511880.SH': 0.9984752220796348}
2017-12-18,1500856.9066692314,2288.6058692313345,0.0,-5.785020309834188e-05,0.0015248661341808465,{'511880.SH': 0.9984751338658192}
2017-12-19,1500929.2649192314,2288.6058692313345,0.0,4.821129161514115e-05,0.0015247926219590967,{'511880.SH': 0.998475207378041}
2017-12-20,1501204.226269231,2288.6058692313345,0.0,0.00018319407611411265,0.001524513340146225,{'511880.SH': 0.9984754866598539}
2017-12-21,1501652.8474192312,2288.6058692313345,0.0,0.00029884085199727295,0.001524057889388067,{'511880.SH': 0.998475942110612}
2017-12-22,1501840.9788692312,2288.6058692313345,0.0,0.0001252829176352499,0.001523866974887365,{'511880.SH': 0.9984761330251126}
2017-12-25,1502130.4118692314,2288.6058692313345,0.0,0.00019271880583393575,0.0015235733536500492,{'511880.SH': 0.99847642664635}
2017-12-26,1501667.3190692314,2288.6058692313345,0.0,-0.00030829067592319515,0.0015240432019589174,{'511880.SH': 0.9984759567980411}
2017-12-27,1501696.262369231,2288.6058692313345,0.0,1.9274109273270668e-05,0.0015240138279498635,{'511880.SH': 0.9984759861720501}
2017-12-28,1499713.6463192313,2288.6058692313345,0.0,-0.0013202510385634803,0.0015260285687526368,{'511880.SH': 0.9984739714312474}
2017-12-29,1503338.199649231,2288.6058692313345,0.0,0.0024168302654947738,0.0015223493088683088,{'511880.SH': 0.9984776506911317}
2018-01-02,1523967.7716692311,22288.605869231335,20000.0,0.0004187826931738581,0.014625378753789654,{'511880.SH': 0.9853746212462103}
2018-01-03,1529526.2211666815,273.80965376645327,0.0,0.003647353704443468,0.00017901599199626576,{'510880.SH': 0.9998209840080038}
2018-01-04,1530009.8557054268,273.80965376645327,0.0,0.0003161989196736048,0.00017895940522566798,{'510880.SH': 0.9998210405947743}
2018-01-05,1545486.1609452793,273.80965376645327,0.0,0.010115167024670635,0.0001771673281105155,{'510880.SH': 0.9998228326718895}
2018-01-08,1556126.120797678,273.80965376645327,0.0,0.006884539066911444,0.00017595595248160034,{'510880.SH': 0.9998240440475183}
2018-01-09,1555642.4862589326,273.80965376645327,0.0,-0.00031079392105914927,0.00017601065552337862,{'510880.SH': 0.9998239893444766}
2018-01-10,1560478.8316463863,273.80965376645327,0.0,0.0031089054395039284,0.00017546515096111226,{'510880.SH': 0.9998245348490389}
2018-01-11,1556609.7553364232,273.80965376645327,0.0,-0.002479416081460739,0.00017590128343200316,{'510880.SH': 0.999824098716568}
2018-01-12,1560478.8316463863,273.80965376645327,0.0,0.0024855788656721334,0.00017546515096111226,{'510880.SH': 0.9998245348490389}
2018-01-15,1558060.6589526595,273.80965376645327,0.0,-0.0015496350509128787,0.000175737479919755,{'510880.SH': 0.9998242625200803}
2018-01-16,1569184.2533438033,273.80965376645327,0.0,0.007139384674933913,0.00017449171643354647,{'510880.SH': 0.9998255082835664}
2018-01-17,1574020.5987312573,273.80965376645327,0.0,0.0030820761661023433,0.00017395557211078314,{'510880.SH': 0.9998260444278892}
2018-01-18,1587562.365816128,273.80965376645327,0.0,0.008603297247689268,0.00017247174640959334,{'510880.SH': 0.9998275282535904}
2018-01-19,1595300.5184360545,273.80965376645327,0.0,0.004874235360163848,0.00017163515626189435,{'510880.SH': 0.9998283648437382}
2018-01-22,1605456.8437497073,273.80965376645327,0.0,0.0063664025657119705,0.00017054937031315214,{'510880.SH': 0.9998294506296869}
2018-01-23,1629868.0921629912,273.80965376645327,0.0,0.015205172601381767,0.00016799497768134206,{'510880.SH': 0.9998320050223186}
2018-01-24,1634868.3814618846,273.80965376645327,0.0,0.003067910417374753,0.00016748116048437804,{'510880.SH': 0.9998325188395156}
2018-01-25,1627867.9764434344,273.80965376645327,0.0,-0.004281937982182127,0.00016820138839801526,{'510880.SH': 0.999831798611602}
2018-01-26,1645869.017919449,273.80965376645327,0.0,0.011058047542247929,0.00016636175223261532,{'510880.SH': 0.9998336382477674}
2018-01-29,1629868.0921629912,273.80965376645327,0.0,-0.009721870684876621,0.00016799497768134206,{'510880.SH': 0.9998320050223186}
2018-01-30,1614367.195336423,273.80965376645327,0.0,-0.009510522293860513,0.0001696080387147567,{'510880.SH': 0.9998303919612852}
2018-01-31,1612867.108546755,273.80965376645327,0.0,-0.0009292104014511082,0.000169765786849708,{'510880.SH': 0.9998302342131503}
2018-02-01,1631367.0217570872,20273.809653766453,20000.0,-0.0009300746364773183,0.012427497542478367,{'510880.SH': 0.9875725024575216}
2018-02-02,1647112.3009343569,338.0684620321372,0.0,0.009651586042429106,0.0002052491878303387,{'510880.SH': 0.9997947508121696}
2018-02-05,1672423.924550593,338.0684620321372,0.0,0.015367272530159237,0.00020214280426715468,{'510880.SH': 0.9997978571957329}
2018-02-06,1627875.4669860173,338.0684620321372,0.0,-0.026637060682175084,0.0002076746464261575,{'510880.SH': 0.9997923253535739}
2018-02-07,1595982.8212295598,338.0684620321372,0.0,-0.019591575893398105,0.00021182462463580036,{'510880.SH': 0.9997881753753642}
2018-02-08,1566621.3378347256,338.0684620321372,0.0,-0.01839711744028283,0.0002157946236704472,{'510880.SH': 0.9997842053763295}
2018-02-09,1507898.371045058,338.0684620321372,0.0,-0.03748382929012728,0.000224198439711714,{'510880.SH': 0.9997758015602883}
2018-02-12,1510935.7658790061,338.0684620321372,0.0,0.0020143233073746103,0.00022374773942521742,{'510880.SH': 0.9997762522605748}
2018-02-13,1530678.8322996702,338.0684620321372,0.0,0.013066780776864073,0.0002208617868741465,{'510880.SH': 0.9997791382131258}
2018-02-14,1535234.924550593,338.0684620321372,0.0,0.002976517447541571,0.00022020633886445716,{'510880.SH': 0.9997797936611356}
2018-02-22,1564596.4079454266,338.0684620321372,0.0,0.01912507520855722,0.0002160739091022693,{'510880.SH': 0.9997839260908977}
2018-02-23,1571683.6625579728,338.0684620321372,0.0,0.0045297653609297495,0.00021509955857269546,{'510880.SH': 0.9997849004414273}
2018-02-26,1581302.0795321427,338.0684620321372,0.0,0.006119817367392866,0.00021379119550146987,{'510880.SH': 0.9997862088044985}
2018-02-27,1561559.0131114784,338.0684620321372,0.0,-0.012485322492275297,0.0002164941953480965,{'510880.SH': 0.9997835058046519}
2018-02-28,1547384.503886386,338.0684620321372,0.0,-0.009077152452182435,0.00021847734753905696,{'510880.SH': 0.9997815226524609}
2018-03-01,1564347.1090524376,20338.068462032137,20000.0,-0.001962921837668552,0.013000994692508743,{'510880.SH': 0.9869990053074913}
2018-03-02,1561886.069327346,3001.6693273459096,0.0,-0.0015732056593131816,0.0019218234839873,{'511260.SH': 0.9980781765160127}
2018-03-05,1560457.3693273459,3001.6693273459096,0.0,-0.0009147274106974246,0.00192358303811902,{'511260.SH': 0.998076416961881}
2018-03-06,1561305.169327346,3001.6693273459096,0.0,0.0005433022501379892,0.0019225385186158789,{'511260.SH': 0.9980774614813841}
2018-03-07,1560441.669327346,3001.6693273459096,0.0,-0.0005530629225880546,0.0019236023917765723,{'511260.SH': 0.9980763976082234}
2018-03-08,1558432.069327346,3001.6693273459096,0.0,-0.0012878405130427595,0.0019260828793400645,{'511260.SH': 0.99807391712066}
2018-03-09,1558557.669327346,3001.6693273459096,0.0,8.059382405689597e-05,0.00192592766146497,{'511260.SH': 0.9980740723385351}
2018-03-12,1558746.0693273458,3001.6693273459096,0.0,0.00012088099382379092,0.0019256948815538867,{'511260.SH': 0.9980743051184461}
2018-03-13,1558086.669327346,3001.6693273459096,0.0,-0.00042303234181340077,0.0019265098575304443,{'511260.SH': 0.9980734901424696}
2018-03-14,1556956.2693273458,3001.6693273459096,0.0,-0.0007255052124206518,0.001927908565243599,{'511260.SH': 0.9980720914347564}
2018-03-15,1557599.969327346,3001.6693273459096,0.0,0.00041343486177569666,0.001927111830030524,{'511260.SH': 0.9980728881699695}
2018-03-16,1557772.669327346,3001.6693273459096,0.0,0.0001108757083980727,0.001926898183829381,{'511260.SH': 0.9980731018161706}
2018-03-19,1559970.669327346,3001.6693273459096,0.0,0.0014109889352142968,0.0019241831826493374,{'511260.SH': 0.9980758168173507}
2018-03-20,1560441.669327346,3001.6693273459096,0.0,0.00030192875370094185,0.0019236023917765723,{'511260.SH': 0.9980763976082234}
2018-03-21,1560190.469327346,3001.6693273459096,0.0,-0.00016098006413034494,0.0019239121032703377,{'511260.SH': 0.9980760878967296}
2018-03-22,1563424.669327346,3001.6693273459096,0.0,0.0020729520296289827,0.0019199321759694118,{'511260.SH': 0.9980800678240306}
2018-03-23,1572844.669327346,3001.6693273459096,0.0,0.006025234336396235,0.0019084334174140826,{'511260.SH': 0.9980915665825859}
2018-03-26,1568291.669327346,3001.6693273459096,0.0,-0.0028947550185913773,0.001913973902975173,{'511260.SH': 0.9980860260970248}
2018-03-27,1566093.669327346,3001.6693273459096,0.0,-0.0014015250115705369,0.0019166601501142387,{'511260.SH': 0.9980833398498857}
2018-03-28,1567789.269327346,3001.6693273459096,0.0,0.0010826938600221325,0.0019145872382668905,{'511260.SH': 0.9980854127617331}
2018-03-29,1562498.3693273459,3001.6693273459096,0.0,-0.003374752017705873,0.0019210703743890148,{'511260.SH': 0.998078929625611}
2018-03-30,1566172.169327346,3001.6693273459096,0.0,0.002351234453819906,0.0019165640828843831,{'511260.SH': 0.9980834359171156}
2018-04-02,1589374.969327346,23001.66932734591,20000.0,0.0020449858979270097,0.014472147712934386,{'511260.SH': 0.9855278522870656}
2018-04-03,1588707.5200110662,11376.789651066298,0.0,-0.00041994452483562483,0.007161034682448694,{'511880.SH': 0.9928389653175513}
2018-04-04,1589299.558491066,11376.789651066298,0.0,0.0003726541685884488,0.007158367087113395,{'511880.SH': 0.9928416329128866}
2018-04-09,1589860.437051066,11376.789651066298,0.0,0.00035290927818065754,0.0071558417241757415,{'511880.SH': 0.9928441582758243}
2018-04-10,1590249.9360510663,11376.789651066298,0.0,0.0002449894285831977,0.007154089047987841,{'511880.SH': 0.9928459109520121}
2018-04-11,1589704.6374510662,11376.789651066298,0.0,-0.0003429011928490766,0.007156543035131263,{'511880.SH': 0.9928434569648688}
2018-04-12,1589689.0574910662,11376.789651066298,0.0,-9.800537554616184e-06,0.007156613173787437,{'511880.SH': 0.9928433868262125}
2018-04-13,1590062.9765310662,11376.789651066298,0.0,0.00023521520654501415,0.007154930225396655,{'511880.SH': 0.9928450697746033}
2018-04-16,1590062.9765310662,11376.789651066298,0.0,0.0,0.007154930225396655,{'511880.SH': 0.9928450697746033}
2018-04-17,1590125.296371066,11376.789651066298,0.0,3.919331556012651e-05,0.007154649810948891,{'511880.SH': 0.9928453501890511}
2018-04-18,1590203.1961710663,11376.789651066298,0.0,4.89897243809434e-05,0.007154299323796881,{'511880.SH': 0.9928457006762031}
2018-04-19,1590016.2366510662,11376.789651066298,0.0,-0.00011756957881248198,0.007155140550657765,{'511880.SH': 0.9928448594493422}
2018-04-20,1590436.8955710663,11376.789651066298,0.0,0.00026456265684804414,0.00715324806834371,{'511880.SH': 0.9928467519316563}
2018-04-23,1590249.9360510663,11376.789651066298,0.0,-0.00011755230309395959,0.007154089047987841,{'511880.SH': 0.9928459109520121}
2018-04-24,1590312.255891066,11376.789651066298,0.0,3.918870775398986e-05,0.007153808699469389,{'511880.SH': 0.9928461913005306}
2018-04-25,1590951.0342510664,11376.789651066298,0.0,0.00040166851361056466,0.007150936393477298,{'511880.SH': 0.9928490636065227}
2018-04-26,1591434.0130110662,11376.789651066298,0.0,0.00030357864547814195,0.007148766180723315,{'511880.SH': 0.9928512338192766}
2018-04-27,1592695.9897710662,11376.789651066298,0.0,0.0007929808899913571,0.007143101837470938,{'511880.SH': 0.9928568981625291}
2018-05-02,1613350.3480910663,31376.789651066298,20000.0,0.0004108494805050711,0.019448218229965772,{'511880.SH': 0.9805517817700342}
2018-05-03,1612087.9248619464,4438.924861946376,0.0,-0.0007824854847018337,0.00275352528450116,{'511260.SH': 0.9972464747154989}
2018-05-04,1613296.3248619465,4438.924861946376,0.0,0.0007495869061258098,0.002751462823995601,{'511260.SH': 0.9972485371760044}
2018-05-07,1613566.6248619463,4438.924861946376,0.0,0.00016754516565509192,0.0027510019069253875,{'511260.SH': 0.9972489980930747}
2018-05-08,1610513.8248619463,4438.924861946376,0.0,-0.0018919578237194257,0.0027562165523955574,{'511260.SH': 0.9972437834476044}
2018-05-09,1606681.9248619464,4438.924861946376,0.0,-0.0023793027671329403,0.002762790066445659,{'511260.SH': 0.9972372099335544}
2018-05-10,1603978.9248619464,4438.924861946376,0.0,-0.0016823491682912417,0.002767445876714641,{'511260.SH': 0.9972325541232854}
2018-05-11,1605568.9248619464,4438.924861946376,0.0,0.0009912848450530642,0.0027647052662831363,{'511260.SH': 0.9972352947337169}
2018-05-14,1597714.3248619465,4438.924861946376,0.0,-0.004892097672278495,0.0027782969664053862,{'511260.SH': 0.9972217030335946}
2018-05-15,1600814.8248619463,4438.924861946376,0.0,0.0019405847163995738,0.002772915888212859,{'511260.SH': 0.9972270841117872}
2018-05-16,1602388.9248619464,4438.924861946376,0.0,0.0009833117332205266,0.0027701919259887613,{'511260.SH': 0.9972298080740113}
2018-05-17,1603978.9248619464,4438.924861946376,0.0,0.000992268465745294,0.002767445876714641,{'511260.SH': 0.9972325541232854}
2018-05-18,1603978.9248619464,4438.924861946376,0.0,0.0,0.002767445876714641,{'511260.SH': 0.9972325541232854}
2018-05-21,1605568.9248619464,4438.924861946376,0.0,0.0009912848450530642,0.0027647052662831363,{'511260.SH': 0.9972352947337169}
2018-05-22,1608748.9248619464,4438.924861946376,0.0,0.0019806063450520384,0.002759240297442498,{'511260.SH': 0.9972407597025575}
2018-05-23,1608748.9248619464,4438.924861946376,0.0,0.0,0.002759240297442498,{'511260.SH': 0.9972407597025575}
2018-05-24,1612612.6248619463,4438.924861946376,0.0,0.0024016799267365663,0.002752629362756221,{'511260.SH': 0.9972473706372438}
2018-05-25,1611626.8248619465,4438.924861946376,0.0,-0.0006113061406077813,0.002754313091262066,{'511260.SH': 0.9972456869087379}
2018-05-28,1619227.0248619462,4438.924861946376,0.0,0.004715855980276906,0.00274138511387854,{'511260.SH': 0.9972586148861214}
2018-05-29,1620419.5248619465,4438.924861946376,0.0,0.0007364625106240918,0.0027393676722850865,{'511260.SH': 0.9972606323277149}
2018-05-30,1623058.9248619464,4438.924861946376,0.0,0.001628837445799558,0.0027349129436714326,{'511260.SH': 0.9972650870563285}
2018-05-31,1622915.8248619463,4438.924861946376,0.0,-8.816685445489636e-05,0.002735154093604315,{'511260.SH': 0.9972648459063956}
2018-06-01,1641532.5248619462,24438.924861946376,20000.0,-0.0008523547425004496,0.014887871237276704,{'511260.SH': 0.9851121287627232}
2018-06-04,1637508.851527267,2957.6492872668896,0.0,-0.0024511688155662847,0.0018061882746516808,{'511880.SH': 0.9981938117253483}
2018-06-05,1637685.4244072668,2957.6492872668896,0.0,0.0001078301835346629,0.001805993534037443,{'511880.SH': 0.9981940064659626}
2018-06-06,1637845.9452072668,2957.6492872668896,0.0,9.801687039989737e-05,0.0018058165335523078,{'511880.SH': 0.9981941834664477}
2018-06-07,1638038.570167267,2957.6492872668896,0.0,0.0001176087168417439,0.0018056041787617196,{'511880.SH': 0.9981943958212383}
2018-06-08,1638439.8721672667,2957.6492872668896,0.0,0.00024498934720362797,0.001805161933318079,{'511880.SH': 0.998194838066682}
2018-06-11,1638728.8096072667,2957.6492872668896,0.0,0.00017634912632935595,0.001804843650717114,{'511880.SH': 0.9981951563492829}
2018-06-12,1638809.070007267,2957.6492872668896,0.0,4.8977231333013904e-05,0.001804755258801304,{'511880.SH': 0.9981952447411987}
2018-06-13,1638809.070007267,2957.6492872668896,0.0,0.0,0.001804755258801304,{'511880.SH': 0.9981952447411987}
2018-06-14,1639114.0595272668,2957.6492872668896,0.0,0.0001861043641884219,0.001804419448467118,{'511880.SH': 0.9981955805515329}
2018-06-15,1639595.6219272667,2957.6492872668896,0.0,0.00029379431968190595,0.0018038894759857395,{'511880.SH': 0.9981961105240142}
2018-06-19,1639675.8823272667,2957.6492872668896,0.0,4.8951338321945315e-05,0.0018038011775040339,{'511880.SH': 0.998196198822496}
2018-06-20,1640221.6530472666,2957.6492872668896,0.0,0.0003328528069981296,0.0018032009769972585,{'511880.SH': 0.9981967990230027}
2018-06-21,1640398.2259272668,2957.6492872668896,0.0,0.00010765184063510347,0.00180300687998795,{'511880.SH': 0.9981969931200121}
2018-06-22,1640478.4863272668,2957.6492872668896,0.0,4.892738771089533e-05,0.0018029186678872754,{'511880.SH': 0.9981970813321127}
2018-06-25,1640735.3196072667,2957.6492872668896,0.0,0.00015655998060348786,0.0018026364471600727,{'511880.SH': 0.99819736355284}
2018-06-26,1640927.9445672666,2957.6492872668896,0.0,0.00011740160505957498,0.0018024248395909054,{'511880.SH': 0.9981975751604091}
2018-06-27,1640863.7362472669,2957.6492872668896,0.0,-3.912927451343862e-05,0.0018024953699270444,{'511880.SH': 0.998197504630073}
2018-06-28,1641056.3612072668,2957.6492872668896,0.0,0.00011739241702080072,0.001802283795476136,{'511880.SH': 0.9981977162045239}
2018-06-29,1641826.8610472665,2957.6492872668896,0.0,0.00046951455063548586,0.0018014379941258263,{'511880.SH': 0.9981985620058742}
2018-07-02,1662629.4650472668,22957.64928726689,20000.0,0.0004888481355995733,0.013808037070132296,{'511880.SH': 0.9861919629298677}
2018-07-03,1663593.1710860017,10894.73831600189,0.0,0.0005796276674956413,0.0065489198353042965,{'511880.SH': 0.9934510801646957}
2018-07-04,1665194.0119760016,10894.73831600189,0.0,0.0009622790702819017,0.006542624005159408,{'511880.SH': 0.9934573759948406}
2018-07-05,1666374.4300060018,10894.73831600189,0.0,0.0007088771767798097,0.006537989373710355,{'511880.SH': 0.9934620106262897}
2018-07-06,1667069.7447360016,10894.73831600189,0.0,0.0004172620015521211,0.006535262457016871,{'511880.SH': 0.9934647375429831}
2018-07-09,1666843.3631960019,10894.73831600189,0.0,-0.00013579608214631111,0.006536150040584703,{'511880.SH': 0.9934638499594153}
2018-07-10,1666503.7908860017,10894.73831600189,0.0,-0.00020372178784044959,0.006537481868078843,{'511880.SH': 0.9934625181319212}
2018-07-11,1666293.5794560018,10894.73831600189,0.0,-0.00012613918501092058,0.006538306604745316,{'511880.SH': 0.9934616933952547}
2018-07-12,1663819.5526260016,10894.73831600189,0.0,-0.0014847484623974339,0.006548028780408763,{'511880.SH': 0.9934519712195913}
2018-07-13,1664531.0374660017,10894.73831600189,0.0,0.00042762139612873007,0.006545229900060916,{'511880.SH': 0.9934547700999391}
2018-07-16,1664741.2488960018,10894.73831600189,0.0,0.00012628868147768202,0.006544403415982454,{'511880.SH': 0.9934555965840176}
2018-07-17,1665096.9913160016,10894.73831600189,0.0,0.00021369232019430306,0.006543005226014663,{'511880.SH': 0.9934569947739854}
2018-07-18,1665129.3315360018,10894.73831600189,0.0,1.9422424140325134e-05,0.006542878147460185,{'511880.SH': 0.9934571218525399}
2018-07-19,1665404.2234060017,10894.73831600189,0.0,0.00016508739879461665,0.006541798179015372,{'511880.SH': 0.9934582018209847}
2018-07-20,1665598.2647260018,10894.73831600189,0.0,0.00011651304666626672,0.0065410360629753195,{'511880.SH': 0.9934589639370247}
2018-07-23,1665759.9658260015,10894.73831600189,0.0,9.708289413135063e-05,0.006540401101907567,{'511880.SH': 0.9934595988980924}
2018-07-24,1665614.4348360016,10894.73831600189,0.0,-8.736612296222912e-05,0.006540972561320651,{'511880.SH': 0.9934590274386794}
2018-07-25,1665889.3267060018,10894.73831600189,0.0,0.0001650393177741183,0.006539893221805009,{'511880.SH': 0.9934601067781951}
2018-07-26,1666245.0691260016,10894.73831600189,0.0,0.00021354505026049964,0.006538496958143454,{'511880.SH': 0.9934615030418565}
2018-07-27,1666536.1311060016,10894.73831600189,0.0,0.00017468137514287108,0.0065373550039815615,{'511880.SH': 0.9934626449960184}
2018-07-30,1666843.3631960019,10894.73831600189,0.0,0.00018435369282787661,0.006536150040584703,{'511880.SH': 0.9934638499594153}
2018-07-31,1667134.4251760016,10894.73831600189,0.0,0.00017461867529156017,0.006535008905986521,{'511880.SH': 0.9934649910940135}
2018-08-01,1687360.8067160016,30894.73831600189,20000.0,0.00013579081361481116,0.01830950333386626,{'511880.SH': 0.9816904966661337}
2018-08-02,1654346.4123675614,256.6817402553279,0.0,-0.019565699414752835,0.0001551559808371613,{'510880.SH': 0.9998448440191628}
2018-08-03,1646319.8477919155,256.6817402553279,0.0,-0.004851804020996386,0.0001559124374279978,{'510880.SH': 0.999844087562572}
2018-08-06,1636440.9990834284,256.6817402553279,0.0,-0.006000564666542085,0.00015685364788531667,{'510880.SH': 0.9998431463521147}
2018-08-07,1671016.9695631335,256.6817402553279,0.0,0.02112876082857329,0.0001536080990981403,{'510880.SH': 0.9998463919009019}
2018-08-08,1649406.9880133178,256.6817402553279,0.0,-0.012932233450307473,0.0001556206213025062,{'510880.SH': 0.9998443793786975}
2018-08-09,1676573.8219616571,256.6817402553279,0.0,0.01647066742518244,0.00015309897893729497,{'510880.SH': 0.9998469010210627}
2018-08-10,1670399.5415188528,256.6817402553279,0.0,-0.003682677351827035,0.0001536648770999623,{'510880.SH': 0.9998463351229}
2018-08-13,1657433.5525889636,256.6817402553279,0.0,-0.007762208146979921,0.00015486698688727695,{'510880.SH': 0.9998451330131127}
2018-08-14,1653728.9843232809,256.6817402553279,0.0,-0.0022351232481665484,0.000155213909103954,{'510880.SH': 0.999844786090896}
2018-08-15,1625327.2942863805,256.6817402553279,0.0,-0.017174331650553043,0.00015792618579510602,{'510880.SH': 0.9998420738142049}
2018-08-16,1619153.013843576,256.6817402553279,0.0,-0.003798792073762214,0.00015852840223297486,{'510880.SH': 0.999841471597767}
2018-08-17,1603717.3127365652,256.6817402553279,0.0,-0.009533194809284384,0.00016005423039134562,{'510880.SH': 0.9998399457696087}
2018-08-20,1619770.441887857,256.6817402553279,0.0,0.01000994939931088,0.00015846797399029152,{'510880.SH': 0.9998415320260097}
2018-08-21,1635823.5710391481,256.6817402553279,0.0,0.009910743359769603,0.00015691285099423785,{'510880.SH': 0.9998430871490057}
2018-08-22,1629031.8625520633,256.6817402553279,0.0,-0.004151858799033237,0.00015756704712528263,{'510880.SH': 0.9998424329528747}
2018-08-23,1634588.7149505871,256.6817402553279,0.0,0.0034111379441150724,0.00015703139138770284,{'510880.SH': 0.9998429686086123}
2018-08-24,1640762.9953933917,256.6817402553279,0.0,0.003777268487376695,0.0001564404737161844,{'510880.SH': 0.9998435595262838}
2018-08-27,1672869.2536959748,256.6817402553279,0.0,0.01956788298658907,0.00015343801656239711,{'510880.SH': 0.9998465619834376}
2018-08-28,1671634.3976074136,256.6817402553279,0.0,-0.0007381665278580751,0.0001535513630388994,{'510880.SH': 0.9998464486369611}
2018-08-29,1669782.1134745725,256.6817402553279,0.0,-0.0011080677302957032,0.00015372169709089212,{'510880.SH': 0.9998462783029091}
2018-08-30,1658668.4086775244,256.6817402553279,0.0,-0.00665578143840706,0.0001547516905202187,{'510880.SH': 0.9998452483094797}
2018-08-31,1652494.12823472,256.6817402553279,0.0,-0.003722432048806623,0.0001553298955013708,{'510880.SH': 0.9998446701044986}
2018-09-03,1670024.4160575985,20256.681740255328,20000.0,-0.001494536128706092,0.012129572205941139,{'510880.SH': 0.9878704277940589}
2018-09-04,1669018.3170198882,7636.535179888364,0.0,-0.0006024457056055255,0.004575465171361188,{'511880.SH': 0.9954245348286388}
2018-09-05,1668888.9561398881,7636.535179888364,0.0,-7.75071661472948e-05,0.004575819830189026,{'511880.SH': 0.9954241801698109}
2018-09-06,1669163.848009888,7636.535179888364,0.0,0.00016471549469398994,0.0045750662458890765,{'511880.SH': 0.9954249337541109}
2018-09-07,1669002.1469098881,7636.535179888364,0.0,-9.687551056936083e-05,0.004575509500708073,{'511880.SH': 0.9954244904992919}
2018-09-10,1669648.9513098882,7636.535179888364,0.0,0.0003875395853729646,0.004573736996568818,{'511880.SH': 0.9954262630034312}
2018-09-11,1669390.229549888,7636.535179888364,0.0,-0.00015495578264945742,0.00457444583340312,{'511880.SH': 0.9954255541665968}
2018-09-12,1669810.6524098883,7636.535179888364,0.0,0.00025184217120610697,0.004573294085091166,{'511880.SH': 0.9954267059149088}
2018-09-13,1669810.6524098883,7636.535179888364,0.0,0.0,0.004573294085091166,{'511880.SH': 0.9954267059149088}
2018-09-14,1670150.224719888,7636.535179888364,0.0,0.00020335976986940452,0.004572364250149496,{'511880.SH': 0.9954276357498505}
2018-09-17,1670408.9464798882,7636.535179888364,0.0,0.0001549092747290537,0.004571656058225205,{'511880.SH': 0.9954283439417748}
2018-09-18,1670408.9464798882,7636.535179888364,0.0,0.0,0.004571656058225205,{'511880.SH': 0.9954283439417748}
2018-09-19,1670408.9464798882,7636.535179888364,0.0,0.0,0.004571656058225205,{'511880.SH': 0.9954283439417748}
2018-09-20,1670586.8176898882,7636.535179888364,0.0,0.00010648363107423897,0.0045711693035195115,{'511880.SH': 0.9954288306964805}
2018-09-21,1670457.4568098884,7636.535179888364,0.0,-7.743439528551388e-05,0.004571523296661523,{'511880.SH': 0.9954284767033384}
2018-09-25,1670926.3899998881,7636.535179888364,0.0,0.00028072142040369563,0.004570240332303852,{'511880.SH': 0.9954297596676962}
2018-09-26,1670991.0704398882,7636.535179888364,0.0,3.870932937988236e-05,0.004570063428213322,{'511880.SH': 0.9954299365717867}
2018-09-27,1671314.472639888,7636.535179888364,0.0,0.0001935391551282084,0.004569179113148134,{'511880.SH': 0.9954308208868519}
2018-09-28,1672769.7825398883,7636.535179888364,0.0,0.0008707576723736565,0.0045652039268029194,{'511880.SH': 0.9954347960731971}
2018-10-08,1693448.9271598882,27636.535179888364,20000.0,0.000406000052779909,0.01631967444464833,{'511880.SH': 0.9836803255553517}
2018-10-09,1693584.1872973181,3305.710707318369,0.0,7.987258148767218e-05,0.0019519022036889348,{'511880.SH': 0.9980480977963111}
2018-10-10,1693666.218147318,3305.710707318369,0.0,4.843623990780088e-05,0.0019518076654645965,{'511880.SH': 0.9980481923345355}
2018-10-11,1693534.968787318,3305.710707318369,0.0,-7.749423032332725e-05,0.0019519589310195787,{'511880.SH': 0.9980480410689805}
2018-10-12,1693977.9353773182,3305.710707318369,0.0,0.0002615632969877879,0.001951448503715045,{'511880.SH': 0.998048551496285}
2018-10-15,1694158.403247318,3305.710707318369,0.0,0.00010653495906343124,0.0019512406283745782,{'511880.SH': 0.9980487593716255}
2018-10-16,1694092.778567318,3305.710707318369,0.0,-3.873585839087035e-05,0.0019513162142831306,{'511880.SH': 0.9980486837857169}
2018-10-17,1694224.0279273181,3305.710707318369,0.0,7.747471783159376e-05,0.001951165048321569,{'511880.SH': 0.9980488349516785}
2018-10-18,1694470.1204773183,3305.710707318369,0.0,0.00014525384243380124,0.0019508816752621034,{'511880.SH': 0.998049118324738}
2018-10-19,1694552.1513273183,3305.710707318369,0.0,4.8410915606478255e-05,0.0019507872358658618,{'511880.SH': 0.9980492127641342}
2018-10-22,1694273.2464373182,3305.710707318369,0.0,-0.00016458914515060652,0.001951108367124103,{'511880.SH': 0.9980488916328759}
2018-10-23,1694732.619197318,3305.710707318369,0.0,0.00027113262926503623,0.0019505795013753046,{'511880.SH': 0.9980494204986248}
2018-10-24,1695027.930257318,3305.710707318369,0.0,0.00017425230189993535,0.0019502396676239647,{'511880.SH': 0.9980497603323761}
2018-10-25,1695175.585787318,3305.710707318369,0.0,8.711097166247406e-05,0.0019500697951492995,{'511880.SH': 0.9980499302048508}
2018-10-26,1695438.084507318,3305.710707318369,0.0,0.00015485046044849682,0.0019497678726964449,{'511880.SH': 0.9980502321273036}
2018-10-29,1695667.770887318,3305.710707318369,0.0,0.00013547317480888665,0.001949503767231796,{'511880.SH': 0.9980504962327683}
2018-10-30,1695749.8017373183,3305.710707318369,0.0,4.837672296931217e-05,0.0019494094611903383,{'511880.SH': 0.9980505905388097}
2018-10-31,1695881.0510973183,3305.710707318369,0.0,7.739901244008252e-05,0.0019492585905004432,{'511880.SH': 0.9980507414094996}
2018-11-01,1715815.4264173182,23305.71070731837,20000.0,-3.869651114840611e-05,0.013582877475336317,{'511880.SH': 0.9864171225246637}
2018-11-02,1711339.185996578,4909.185996578075,0.0,-0.002608812318517617,0.0028686224430250914,{'511260.SH': 0.9971313775569749}
2018-11-05,1709243.685996578,4909.185996578075,0.0,-0.0012244796456172269,0.002872139319160781,{'511260.SH': 0.9971278606808393}
2018-11-06,1712015.685996578,4909.185996578075,0.0,0.0016217699223992632,0.0028674889118906633,{'511260.SH': 0.9971325110881093}
2018-11-07,1714028.685996578,4909.185996578075,0.0,0.0011758069838174734,0.002864121258112874,{'511260.SH': 0.9971358787418871}
2018-11-08,1719259.185996578,4909.185996578075,0.0,0.0030515825334387348,0.0028554077457102187,{'511260.SH': 0.9971445922542898}
2018-11-09,1718104.185996578,4909.185996578075,0.0,-0.0006718009764946631,0.002857327300981183,{'511260.SH': 0.9971426726990188}
2018-11-12,1718780.685996578,4909.185996578075,0.0,0.00039374794934654567,0.0028562026770341826,{'511260.SH': 0.9971437973229658}
2018-11-13,1718846.685996578,4909.185996578075,0.0,3.8399314431281084e-05,0.0028560930050208376,{'511260.SH': 0.9971439069949791}
2018-11-14,1724258.685996578,4909.185996578075,0.0,0.0031486228784052273,0.0028471284711787254,{'511260.SH': 0.9971528715288213}
2018-11-15,1729340.685996578,4909.185996578075,0.0,0.0029473535736099787,0.0028387616369235117,{'511260.SH': 0.9971612383630765}
2018-11-16,1732591.185996578,4909.185996578075,0.0,0.0018796180685050068,0.002833435859685697,{'511260.SH': 0.9971665641403143}
2018-11-19,1734818.685996578,4909.185996578075,0.0,0.0012856466187773918,0.0028297977397897123,{'511260.SH': 0.9971702022602102}
2018-11-20,1733053.185996578,4909.185996578075,0.0,-0.0010176856026805625,0.002832680517969844,{'511260.SH': 0.9971673194820302}
2018-11-21,1733168.685996578,4909.185996578075,0.0,6.664538684275634e-05,0.0028324917454617383,{'511260.SH': 0.9971675082545383}
2018-11-22,1732030.185996578,4909.185996578075,0.0,-0.0006568893202367754,0.0028343536020727146,{'511260.SH': 0.9971656463979273}
2018-11-23,1732195.185996578,4909.185996578075,0.0,9.526392861625155e-05,0.002834083616133415,{'511260.SH': 0.9971659163838665}
2018-11-26,1729126.185996578,4909.185996578075,0.0,-0.0017717402893221434,0.0028391137884183257,{'511260.SH': 0.9971608862115817}
2018-11-27,1729274.685996578,4909.185996578075,0.0,8.588152860244946e-05,0.002838869981924774,{'511260.SH': 0.9971611300180753}
2018-11-28,1729901.685996578,4909.185996578075,0.0,0.00036257975963982503,0.002837841038203246,{'511260.SH': 0.9971621589617967}
2018-11-29,1733317.185996578,4909.185996578075,0.0,0.001974389659047171,0.002832249074917882,{'511260.SH': 0.9971677509250821}
2018-11-30,1730594.685996578,4909.185996578075,0.0,-0.0015706877090904126,0.0028367046520491753,{'511260.SH': 0.9971632953479508}
2018-12-03,1753069.685996578,24909.185996578075,20000.0,0.0014301442273150222,0.01420889665456613,{'511260.SH': 0.9857911033454339}
2018-12-04,1756875.308196578,3943.1081965780722,0.0,0.00217083338466173,0.0022443870536410747,{'511260.SH': 0.997755612946359}
2018-12-05,1761167.208196578,3943.1081965780722,0.0,0.0024429166828041637,0.00223891756457116,{'511260.SH': 0.9977610824354289}
2018-12-06,1763104.408196578,3943.1081965780722,0.0,0.001099952344663313,0.0022364575678256904,{'511260.SH': 0.9977635424321744}
2018-12-07,1763789.108196578,3943.1081965780722,0.0,0.0003883490942548917,0.0022355893787153404,{'511260.SH': 0.9977644106212847}
2018-12-10,1765776.4081965778,3943.1081965780722,0.0,0.0011267220047819215,0.0022330733258608014,{'511260.SH': 0.9977669266741392}
2018-12-11,1768364.908196578,3943.1081965780722,0.0,0.0014659273892123625,0.0022298045942335232,{'511260.SH': 0.9977701954057665}
2018-12-12,1768882.608196578,3943.1081965780722,0.0,0.00029275631833702853,0.0022291519959021892,{'511260.SH': 0.9977708480040979}
2018-12-13,1763037.608196578,3943.1081965780722,0.0,-0.003304345903405781,0.0022365423053065225,{'511260.SH': 0.9977634576946935}
2018-12-14,1757142.508196578,3943.1081965780722,0.0,-0.0033437176680707337,0.0022440457607647507,{'511260.SH': 0.9977559542392352}
2018-12-17,1755940.108196578,3943.1081965780722,0.0,-0.0006842928188186548,0.00224558239667286,{'511260.SH': 0.9977544176033272}
2018-12-18,1753201.308196578,3943.1081965780722,0.0,-0.001559734291172843,0.0022490903800625904,{'511260.SH': 0.9977509096199375}
2018-12-19,1755522.608196578,3943.1081965780722,0.0,0.0013240350604049045,0.0022461164431421183,{'511260.SH': 0.9977538835568579}
2018-12-20,1760699.608196578,3943.1081965780722,0.0,0.002948979395553497,0.002239512167902881,{'511260.SH': 0.9977604878320971}
2018-12-21,1764490.508196578,3943.1081965780722,0.0,0.0021530646013392385,0.0022347007129033414,{'511260.SH': 0.9977652992870967}
2018-12-24,1761618.108196578,3943.1081965780722,0.0,-0.0016278920099920269,0.002238344496024029,{'511260.SH': 0.997761655503976}
2018-12-25,1762553.308196578,3943.1081965780722,0.0,0.0005308755601731718,0.0022371568441312056,{'511260.SH': 0.9977628431558688}
2018-12-26,1766394.308196578,3943.1081965780722,0.0,0.002179224867774332,0.0022322921775058463,{'511260.SH': 0.9977677078224942}
2018-12-27,1768431.708196578,3943.1081965780722,0.0,0.0011534231006893325,0.0022297203665270168,{'511260.SH': 0.997770279633473}
2018-12-28,1776380.908196578,3943.1081965780722,0.0,0.0044950562485144285,0.002219742499136182,{'511260.SH': 0.9977802575008639}
2019-01-02,1795479.108196578,23943.108196578072,20000.0,-0.000507661389423264,0.01333521960087138,{'511260.SH': 0.9866647803991286}
2019-01-03,1794498.9752312978,5041.400831297971,0.0,-0.0005458893733744086,0.00280936400682434,{'511010.SH': 0.9971906359931757}
2019-01-04,1797683.446671298,5041.400831297971,0.0,0.0017745741201049547,0.0028043874134975996,{'511010.SH': 0.9971956125865024}
2019-01-07,1799391.061791298,5041.400831297971,0.0,0.0009498975601971438,0.002801726060748154,{'511010.SH': 0.9971982739392519}
2019-01-08,1799144.9190712979,5041.400831297971,0.0,-0.00013679223223161951,0.0028021093675434975,{'511010.SH': 0.9971978906324565}
2019-01-09,1799175.686911298,5041.400831297971,0.0,1.7101368363414693e-05,0.0028020614484584906,{'511010.SH': 0.9971979385515415}
2019-01-10,1799067.999471298,5041.400831297971,0.0,-5.985376569028755e-05,0.0028022291724267875,{'511010.SH': 0.9971977708275732}
2019-01-11,1798360.339151298,5041.400831297971,0.0,-0.00039334828934090016,0.0028033318582176723,{'511010.SH': 0.9971966681417823}
2019-01-14,1796806.563231298,5041.400831297971,0.0,-0.0008639958778968726,0.0028057560198532097,{'511010.SH': 0.9971942439801468}
2019-01-15,1797329.6165112979,5041.400831297971,0.0,0.00029110160809930896,0.0028049394974548796,{'511010.SH': 0.9971950605025451}
2019-01-16,1798791.088911298,5041.400831297971,0.0,0.0008131354352447495,0.0028026605548447728,{'511010.SH': 0.9971973394451552}
2019-01-17,1799898.7311512982,5041.400831297971,0.0,0.0006157703620104371,0.0028009358215799504,{'511010.SH': 0.9971990641784201}
2019-01-18,1798852.624591298,5041.400831297971,0.0,-0.0005812030098666376,0.0028025646806076653,{'511010.SH': 0.9971974353193923}
2019-01-21,1796960.402431298,5041.400831297971,0.0,-0.0010519050499925298,0.0028055158168632578,{'511010.SH': 0.9971944841831367}
2019-01-22,1797498.8396312979,5041.400831297971,0.0,0.0002996377656798721,0.0028046754301838998,{'511010.SH': 0.9971953245698161}
2019-01-23,1797083.4737912978,5041.400831297971,0.0,-0.00023107989326176526,0.002805323684081382,{'511010.SH': 0.9971946763159186}
2019-01-24,1797652.6788312981,5041.400831297971,0.0,0.00031673823075095697,0.0028044354121706757,{'511010.SH': 0.9971955645878293}
2019-01-25,1797591.1431512982,5041.400831297971,0.0,-3.423112858480515e-05,0.002804531414446144,{'511010.SH': 0.9971954685855539}
2019-01-28,1797237.312991298,5041.400831297971,0.0,-0.00019683572727213772,0.002805083555107773,{'511010.SH': 0.9971949164448922}
2019-01-29,1798344.955231298,5041.400831297971,0.0,0.0006163027175061231,0.0028033558392858843,{'511010.SH': 0.9971966441607141}
2019-01-30,1799637.2045112979,5041.400831297971,0.0,0.0007185769761473004,0.0028013428588052522,{'511010.SH': 0.9971986571411947}
2019-01-31,1800714.078911298,5041.400831297971,0.0,0.0005983841617080987,0.0027996675820660963,{'511010.SH': 0.9972003324179339}
2019-02-01,1822344.7744312978,25041.40083129797,20000.0,0.0009055827013835227,0.01374130800200126,{'511010.SH': 0.9862586919979988}
2019-02-11,1831009.2865305725,277.68012835853733,0.0,0.004754595409630191,0.00015165413436252437,{'510880.SH': 0.9998483458656374}
2019-02-12,1844275.457591458,277.68012835853733,0.0,0.0072452778685916375,0.00015056326169474448,{'510880.SH': 0.9998494367383053}
2019-02-13,1865920.2630065873,277.68012835853733,0.0,0.011736210730362684,0.00014881671733984328,{'510880.SH': 0.9998511832826602}
2019-02-14,1869411.3606541888,277.68012835853733,0.0,0.001870979010633711,0.00014853880435463114,{'510880.SH': 0.9998514611956454}
2019-02-15,1842180.7990028972,277.68012835853733,0.0,-0.014566382886301965,0.00015073446021630183,{'510880.SH': 0.9998492655397837}
2019-02-18,1884073.970774115,277.68012835853733,0.0,0.022741075031230906,0.00014738281652733947,{'510880.SH': 0.9998526171834726}
2019-02-19,1881281.0926560336,277.68012835853733,0.0,-0.0014823611818881588,0.0001476016154324405,{'510880.SH': 0.9998523983845675}
2019-02-20,1883375.7512445948,277.68012835853733,0.0,0.0011134213790475744,0.00014743745541750627,{'510880.SH': 0.9998525625445825}
2019-02-21,1870807.7997132293,277.68012835853733,0.0,-0.00667309830396845,0.0001484279295826659,{'510880.SH': 0.9998515720704173}
2019-02-22,1890357.9465397976,277.68012835853733,0.0,0.010450109749149616,0.00014689288283566425,{'510880.SH': 0.9998531071171644}
2019-02-25,1972747.8510231925,277.68012835853733,0.0,0.04358428763938882,0.00014075804376850024,{'510880.SH': 0.9998592419562315}
2019-02-26,1960878.1190213475,277.68012835853733,0.0,-0.006016852075488854,0.00014161009073686048,{'510880.SH': 0.9998583899092631}
2019-02-27,1959481.679962307,277.68012835853733,0.0,-0.0007121498503627199,0.0001417110102115774,{'510880.SH': 0.9998582889897885}
2019-02-28,1960179.899491827,277.68012835853733,0.0,0.0003563286846006708,0.00014166053250037173,{'510880.SH': 0.9998583394674996}
2019-03-01,1999730.0463183953,20277.680128358537,20000.0,0.009973649271496354,0.010140208757522435,{'510880.SH': 0.9898597912424776}
2019-03-04,2023663.9905394288,241.42272577551557,0.0,0.011968587592658952,0.000119299808122376,{'510880.SH': 0.9998807001918776}
2019-03-05,2034243.0558992072,241.42272577551557,0.0,0.0052276788089502535,0.00011867939038818457,{'510880.SH': 0.9998813206096118}
2019-03-06,2058927.5417386908,241.42272577551557,0.0,0.012134482046233241,0.00011725654297267922,{'510880.SH': 0.9998827434570273}
2019-03-07,2052580.1025228237,241.42272577551557,0.0,-0.0030828861565992405,0.00011761914942017766,{'510880.SH': 0.9998823808505798}
2019-03-08,1970063.3927165505,241.42272577551557,0.0,-0.04020145654966256,0.00012254566359035487,{'510880.SH': 0.9998774543364096}
2019-03-11,1996158.4206040045,241.42272577551557,0.0,0.013245780812906283,0.00012094367024359973,{'510880.SH': 0.9998790563297564}
2019-03-12,2015906.0092755912,241.42272577551557,0.0,0.009892796317043429,0.00011975891964440841,{'510880.SH': 0.9998802410803556}
2019-03-13,2001095.3177719011,241.42272577551557,0.0,-0.007346915697231449,0.00012064529042240987,{'510880.SH': 0.9998793547095776}
2019-03-14,1978526.6450043733,241.42272577551557,0.0,-0.011278159799332665,0.00012202146803789036,{'510880.SH': 0.9998779785319621}
2019-03-15,1997568.9626519748,241.42272577551557,0.0,0.00962449391100284,0.00012085826836987019,{'510880.SH': 0.9998791417316302}
2019-03-18,2050464.2894508676,241.42272577551557,0.0,0.026479850151790885,0.00011774051711974497,{'510880.SH': 0.9998822594828802}
2019-03-19,2048348.476378912,241.42272577551557,0.0,-0.0010318702368242727,0.00011786213554946701,{'510880.SH': 0.9998821378644506}
2019-03-20,2046937.9343309416,241.42272577551557,0.0,-0.0006886240618900752,0.00011794335418109615,{'510880.SH': 0.9998820566458189}
2019-03-21,2057516.99969072,241.42272577551557,0.0,0.005168239438210653,0.00011733692883791751,{'510880.SH': 0.9998826630711621}
2019-03-22,2058927.5417386908,241.42272577551557,0.0,0.0006855554769087391,0.00011725654297267922,{'510880.SH': 0.9998827434570273}
2019-03-25,2028600.8877073252,241.42272577551557,0.0,-0.01472934497041889,0.00011900947457849415,{'510880.SH': 0.9998809905254215}
2019-03-26,1996158.4206040045,241.42272577551557,0.0,-0.015992533228153305,0.00012094367024359973,{'510880.SH': 0.9998790563297564}
2019-03-27,2027895.61668334,241.42272577551557,0.0,0.015899136938105407,0.00011905086425028465,{'510880.SH': 0.9998809491357498}
2019-03-28,2018727.093371532,241.42272577551557,0.0,-0.004521200813483284,0.00011959156171640259,{'510880.SH': 0.9998804084382836}
2019-03-29,2058927.5417386908,241.42272577551557,0.0,0.01991376075506035,0.00011725654297267922,{'510880.SH': 0.9998827434570273}
2019-04-01,2133233.4105855543,20241.422725775516,20000.0,0.026375803784238094,0.00948861133776234,{'510880.SH': 0.9905113886622375}
2019-04-02,2138861.614064831,56.014064830727875,0.0,0.0026383439577442047,2.6188727901977318e-05,{'512890.SH': 0.9999738112720981}
2019-04-03,2162187.5140648307,56.014064830727875,0.0,0.010905754653135258,2.5906201227396578e-05,{'512890.SH': 0.9999740937987726}
2019-04-04,2194484.914064831,56.014064830727875,0.0,0.014937372355500411,2.5524925904809873e-05,{'512890.SH': 0.9999744750740952}
2019-04-08,2194484.914064831,56.014064830727875,0.0,0.0,2.5524925904809873e-05,{'512890.SH': 0.9999744750740952}
2019-04-09,2199867.8140648305,56.014064830727875,0.0,0.0024529218521847085,2.5462468459514962e-05,{'512890.SH': 0.9999745375315405}
2019-04-10,2210633.614064831,56.014064830727875,0.0,0.004893839498523178,2.5338466073412906e-05,{'512890.SH': 0.9999746615339266}
2019-04-11,2180130.5140648307,56.014064830727875,0.0,-0.013798351660776587,2.569298694246072e-05,{'512890.SH': 0.9999743070130576}
2019-04-12,2171159.0140648307,56.014064830727875,0.0,-0.004115120604991973,2.5799153570911733e-05,{'512890.SH': 0.9999742008464291}
2019-04-15,2169364.714064831,56.014064830727875,0.0,-0.0008264249593771256,2.582049227018722e-05,{'512890.SH': 0.9999741795077298}
2019-04-16,2187307.714064831,56.014064830727875,0.0,0.008271085024877722,2.56086806947857e-05,{'512890.SH': 0.9999743913193052}
2019-04-17,2198073.5140648307,56.014064830727875,0.0,0.004921941220603632,2.548325361836637e-05,{'512890.SH': 0.9999745167463816}
2019-04-18,2176541.914064831,56.014064830727875,0.0,-0.00979566873547455,2.57353485677278e-05,{'512890.SH': 0.9999742646514322}
2019-04-19,2190896.314064831,56.014064830727875,0.0,0.006595048736365516,2.5566734706309956e-05,{'512890.SH': 0.9999744332652937}
2019-04-22,2138861.614064831,56.014064830727875,0.0,-0.02375041651490062,2.6188727901977318e-05,{'512890.SH': 0.9999738112720981}
2019-04-23,2117330.0140648307,56.014064830727875,0.0,-0.010066850449047982,2.6455046902770056e-05,{'512890.SH': 0.9999735449530972}
2019-04-24,2128095.8140648305,56.014064830727875,0.0,0.005084611245524062,2.6321213763273468e-05,{'512890.SH': 0.9999736787862368}
2019-04-25,2070678.2140648307,56.014064830727875,0.0,-0.02698074006843132,2.705107169731112e-05,{'512890.SH': 0.9999729489283027}
2019-04-26,2045558.0140648305,56.014064830727875,0.0,-0.0121313875953174,2.73832687440722e-05,{'512890.SH': 0.9999726167312559}
2019-04-29,2045558.0140648305,56.014064830727875,0.0,0.0,2.73832687440722e-05,{'512890.SH': 0.9999726167312559}
2019-04-30,2068883.9140648309,56.014064830727875,0.0,0.011403196506584612,2.7074532529316487e-05,{'512890.SH': 0.9999729254674706}
2019-05-06,2011729.014064831,20056.014064830728,20000.0,-0.03729300589340956,0.009969540591506522,{'512890.SH': 0.9900304594084934}
2019-05-07,2009990.461867231,9763.877707231091,0.0,-0.0008642079452277907,0.004857673651924046,{'511880.SH': 0.995142326348076}
2019-05-08,2010089.411467231,9763.877707231091,0.0,4.922889032421551e-05,0.004857434525812517,{'511880.SH': 0.9951425654741874}
2019-05-09,2010287.310667231,9763.877707231091,0.0,9.845293391963494e-05,0.00485695634421051,{'511880.SH': 0.9951430436557895}
2019-05-10,2010386.2602672311,9763.877707231091,0.0,4.9221620946893196e-05,0.004856717288713078,{'511880.SH': 0.9951432827112869}
2019-05-13,2010683.1090672312,9763.877707231091,0.0,0.00014765759489443475,0.004856000263393378,{'511880.SH': 0.9951439997366066}
2019-05-14,2010821.638507231,9763.877707231091,0.0,6.889670449550245e-05,0.0048556657240268605,{'511880.SH': 0.9951443342759732}
2019-05-15,2010920.588107231,9763.877707231091,0.0,4.920854147649756e-05,0.004855426795556006,{'511880.SH': 0.995144573204444}
2019-05-16,2010920.588107231,9763.877707231091,0.0,0.0,0.004855426795556006,{'511880.SH': 0.995144573204444}
2019-05-17,2011514.2857072311,9763.877707231091,0.0,0.0002952367206896511,0.004853993718368347,{'511880.SH': 0.9951460062816316}
2019-05-20,2011474.7058672311,9763.877707231091,0.0,-1.96766387796643e-05,0.00485408923052874,{'511880.SH': 0.9951459107694712}
2019-05-21,2011731.9748272311,9763.877707231091,0.0,0.00012790066872314654,0.004853468468665971,{'511880.SH': 0.995146531531334}
2019-05-22,2011771.554667231,9763.877707231091,0.0,1.967450957440775e-05,0.00485337298093279,{'511880.SH': 0.9951466270190672}
2019-05-23,2011830.924427231,9763.877707231091,0.0,2.95111837436135e-05,0.004853229756377699,{'511880.SH': 0.9951467702436223}
2019-05-24,2012167.3530672314,9763.877707231091,0.0,0.00016722510620326148,0.004852418310210432,{'511880.SH': 0.9951475816897896}
2019-05-27,2012345.462347231,9763.877707231091,0.0,8.851613645766143e-05,0.004851988830904984,{'511880.SH': 0.995148011169095}
2019-05-28,2012582.941387231,9763.877707231091,0.0,0.00011801106939302031,0.004851416310078161,{'511880.SH': 0.9951485836899219}
2019-05-29,2012582.941387231,9763.877707231091,0.0,0.0,0.004851416310078161,{'511880.SH': 0.9951485836899219}
2019-05-30,2012899.5801072312,9763.877707231091,0.0,0.00015732952589875282,0.004850653159116338,{'511880.SH': 0.9951493468408836}
2019-05-31,2013236.008747231,9763.877707231091,0.0,0.0001671363257882419,0.004849842574247827,{'511880.SH': 0.9951501574257522}
2019-06-03,2033374.5381872312,29763.87770723109,20000.0,6.880933949049428e-05,0.014637676015047289,{'511880.SH': 0.9853623239849527}
2019-06-04,2033232.7509509013,8306.974040901288,0.0,-6.973001464660733e-05,0.0040855991705899325,{'511010.SH': 0.9959144008294101}
2019-06-05,2034184.6310009013,8306.974040901288,0.0,0.00046816088790357924,0.00408368734789522,{'511010.SH': 0.9959163126521048}
2019-06-06,2033076.9887609014,8306.974040901288,0.0,-0.000544514112986394,0.004085912184744237,{'511010.SH': 0.9959140878152558}
2019-06-10,2031969.3465209012,8306.974040901288,0.0,-0.0005448107701396809,0.004088139447144874,{'511010.SH': 0.9959118605528551}
2019-06-11,2028577.1921609014,8306.974040901288,0.0,-0.0016693924865588405,0.004094975568591723,{'511010.SH': 0.9959050244314083}
2019-06-12,2029650.2205809013,8306.974040901288,0.0,0.0005289561689574285,0.004092810651149423,{'511010.SH': 0.9959071893488506}
2019-06-13,2029650.2205809013,8306.974040901288,0.0,0.0,0.004092810651149423,{'511010.SH': 0.9959071893488506}
2019-06-14,2032246.2570809014,8306.974040901288,0.0,0.0012790561022171243,0.004087582403932358,{'511010.SH': 0.9959124175960676}
2019-06-17,2033267.3647709014,8306.974040901288,0.0,0.0005024527349686281,0.004085529618401797,{'511010.SH': 0.9959144703815982}
2019-06-18,2033717.3444309013,8306.974040901288,0.0,0.00022130865217051543,0.004084625655403378,{'511010.SH': 0.9959153743445966}
2019-06-19,2034271.1655509013,8306.974040901288,0.0,0.0002723196129081895,0.004083513634551113,{'511010.SH': 0.9959164863654489}
2019-06-20,2034773.0659409012,8306.974040901288,0.0,0.0002467224618325492,0.004082506388524488,{'511010.SH': 0.9959174936114755}
2019-06-21,2036728.7467709014,8306.974040901288,0.0,0.0009611297017517728,0.004078586338053826,{'511010.SH': 0.9959214136619462}
2019-06-24,2035932.6289109013,8306.974040901288,0.0,-0.0003908806517619601,0.004080181201941348,{'511010.SH': 0.9959198187980587}
2019-06-25,2036486.4500309012,8306.974040901288,0.0,0.00027202330378495176,0.004079071599408501,{'511010.SH': 0.9959209284005915}
2019-06-26,2036244.153290901,8306.974040901288,0.0,-0.00011897783066339152,0.0040795569762476025,{'511010.SH': 0.9959204430237524}
2019-06-27,2035759.5598109015,8306.974040901288,0.0,-0.00023798397614371858,0.0040805280765440245,{'511010.SH': 0.995919471923456}
2019-06-28,2036036.4703709013,8306.974040901288,0.0,0.00013602321485617352,0.004079973105485689,{'511010.SH': 0.9959200268945143}
2019-07-01,2056399.9154809013,28306.97404090129,20000.0,0.00017850618851333877,0.013765305973707714,{'511010.SH': 0.9862346940262923}
2019-07-02,2064487.0374546838,94.07102479459718,0.0,0.003932660137214272,4.5566294720153735e-05,{'510880.SH': 0.9999544337052798}
2019-07-03,2065941.3473993337,94.07102479459718,0.0,0.0007044413058863164,4.553421853578587e-05,{'510880.SH': 0.9999544657814642}
2019-07-04,2063759.8824823592,94.07102479459718,0.0,-0.0010559181264853112,4.558234976515069e-05,{'510880.SH': 0.9999544176502349}
2019-07-05,2067395.6573439827,94.07102479459718,0.0,0.0017617237802152186,4.550218747941638e-05,{'510880.SH': 0.9999544978125205}
2019-07-08,2023039.2040321745,94.07102479459718,0.0,-0.021455231926332696,4.649985260152233e-05,{'510880.SH': 0.9999535001473985}
2019-07-09,2020857.7391152005,94.07102479459718,0.0,-0.0010783107478224974,4.6550048018612456e-05,{'510880.SH': 0.9999534499519814}
2019-07-10,2009223.2595580046,94.07102479459718,0.0,-0.005757198704293698,4.681959774609181e-05,{'510880.SH': 0.9999531804022539}
2019-07-11,2009950.4145303294,94.07102479459718,0.0,0.0003619084981549836,4.680265946589484e-05,{'510880.SH': 0.9999531973405341}
2019-07-12,2019403.429170551,94.07102479459718,0.0,0.004703108381124199,4.658357187857004e-05,{'510880.SH': 0.9999534164281214}
2019-07-15,2020130.5841428759,94.07102479459718,0.0,0.0003600840534492278,4.656680391506013e-05,{'510880.SH': 0.999953433196085}
2019-07-16,2021584.894087525,94.07102479459718,0.0,0.0007199088791907116,4.6533304176205596e-05,{'510880.SH': 0.9999534666958237}
2019-07-17,2019403.429170551,94.07102479459718,0.0,-0.0010790864748515538,4.658357187857004e-05,{'510880.SH': 0.9999534164281214}
2019-07-18,2000497.3998901083,94.07102479459718,0.0,-0.009362185389676259,4.702381757645109e-05,{'510880.SH': 0.9999529761824235}
2019-07-19,2012859.0344196283,94.07102479459718,0.0,0.006179280478044724,4.673502872580487e-05,{'510880.SH': 0.9999532649712742}
2019-07-22,1997588.7800008093,94.07102479459718,0.0,-0.00758635063742652,4.709228732980722e-05,{'510880.SH': 0.9999529077126702}
2019-07-23,2005587.4846963813,94.07102479459718,0.0,0.004004179827025611,4.6904473383687e-05,{'510880.SH': 0.9999530955266163}
2019-07-24,2020857.7391152005,94.07102479459718,0.0,0.007613856057309354,4.6550048018612456e-05,{'510880.SH': 0.9999534499519814}
2019-07-25,2031765.0637000713,94.07102479459718,0.0,0.005397373785275272,4.630014880917547e-05,{'510880.SH': 0.9999536998511909}
2019-07-26,2039763.7683956432,94.07102479459718,0.0,0.0039368255899652205,4.611858797187473e-05,{'510880.SH': 0.9999538814120281}
2019-07-29,2043399.543257267,94.07102479459718,0.0,0.0017824489864741722,4.603653020526955e-05,{'510880.SH': 0.9999539634697947}
2019-07-30,2055034.0228144627,94.07102479459718,0.0,0.005693688048226564,4.5775896530298135e-05,{'510880.SH': 0.9999542241034697}
2019-07-31,2041945.2333126175,94.07102479459718,0.0,-0.006369135185372521,4.606931824610553e-05,{'510880.SH': 0.9999539306817539}
2019-08-01,2046674.978893798,20094.071024794597,20000.0,-0.0074782879431328775,0.009817910138157446,{'510880.SH': 0.9901820898618425}
2019-08-02,2017216.0405614388,5669.622161438689,0.0,-0.014393559620434426,0.002810617230597026,{'511880.SH': 0.9971893827694029}
2019-08-05,2017374.3599214389,5669.622161438689,0.0,7.848408738420076e-05,0.0028103966591800427,{'511880.SH': 0.99718960334082}
2019-08-06,2017532.6792814387,5669.622161438689,0.0,7.84779281155501e-05,0.0028101761223803187,{'511880.SH': 0.9971898238776197}
2019-08-07,2017730.5784814388,5669.622161438689,0.0,9.808971226710206e-05,0.00280990050004877,{'511880.SH': 0.9971900994999512}
2019-08-08,2017809.7381614388,5669.622161438689,0.0,3.923203664757402e-05,0.002809790266254072,{'511880.SH': 0.997190209733746}
2019-08-09,2018205.5365614386,5669.622161438689,0.0,0.0001961524877762688,0.002809239226990939,{'511880.SH': 0.997190760773009}
2019-08-12,2018383.6458414386,5669.622161438689,0.0,8.825130878564735e-05,0.0028089913298297137,{'511880.SH': 0.9971910086701703}
2019-08-13,2018502.3853614386,5669.622161438689,0.0,5.8829014119687884e-05,0.002808826089360043,{'511880.SH': 0.9971911739106399}
2019-08-14,2018561.7551214385,5669.622161438689,0.0,2.941277673507159e-05,0.002808743476415265,{'511880.SH': 0.9971912565235848}
2019-08-15,2018581.5450414387,5669.622161438689,0.0,9.803970549837615e-06,0.0028087159398469085,{'511880.SH': 0.9971912840601531}
2019-08-16,2018878.3938414387,5669.622161438689,0.0,0.00014705811649240452,0.0028083029561036437,{'511880.SH': 0.9971916970438963}
2019-08-19,2018779.444241439,5669.622161438689,0.0,-4.901216452735113e-05,0.002808440603856585,{'511880.SH': 0.9971915593961435}
2019-08-20,2019016.9232814389,5669.622161438689,0.0,0.00011763496040995136,0.0028081102719159216,{'511880.SH': 0.997191889728084}
2019-08-21,2019333.5620014386,5669.622161438689,0.0,0.00015682816540496525,0.002807669950188571,{'511880.SH': 0.9971923300498114}
2019-08-22,2019571.0410414387,5669.622161438689,0.0,0.00011760268064131552,0.0028073397995026787,{'511880.SH': 0.9971926602004973}
2019-08-23,2019749.1503214387,5669.622161438689,0.0,8.819163890771975e-05,0.002807092237437694,{'511880.SH': 0.9971929077625623}
2019-08-26,2019927.2596014387,5669.622161438689,0.0,8.818386182829485e-05,0.0028068447190308173,{'511880.SH': 0.9971931552809692}
2019-08-27,2019947.0495214388,5669.622161438689,0.0,9.797342902295725e-06,0.0028068172196800516,{'511880.SH': 0.99719318278032}
2019-08-28,2020125.1588014388,5669.622161438689,0.0,8.817522223769636e-05,0.0028065697497686405,{'511880.SH': 0.9971934302502313}
2019-08-29,2020461.5874414388,5669.622161438689,0.0,0.00016653851298986666,0.0028061024256433764,{'511880.SH': 0.9971938975743566}
2019-08-30,2020798.0160814386,5669.622161438689,0.0,0.00016651078253149265,0.0028056352571212153,{'511880.SH': 0.9971943647428788}
2019-09-02,2040936.5455214386,25669.62216143869,20000.0,6.855184877330167e-05,0.012577373959894653,{'511880.SH': 0.9874226260401053}
2019-09-03,2044914.4551506445,162.4539329323452,0.0,0.0019490609043848472,7.944289919960371e-05,{'510880.SH': 0.9999205571008004}
2019-09-04,2071402.786220755,162.4539329323452,0.0,0.012953270980794684,7.842701284994412e-05,{'510880.SH': 0.99992157298715}
2019-09-05,2088325.8866266592,162.4539329323452,0.0,0.008169874308598502,7.779146634760264e-05,{'510880.SH': 0.9999222085336524}
2019-09-06,2097155.3303166963,162.4539329323452,0.0,0.004228000881749239,7.74639487041776e-05,{'510880.SH': 0.9999225360512957}
2019-09-09,2107456.3479550723,162.4539329323452,0.0,0.004911900177093864,7.708531333993185e-05,{'510880.SH': 0.9999229146866602}
2019-09-10,2100834.2651875447,162.4539329323452,0.0,-0.0031422158631913,7.732829553684126e-05,{'510880.SH': 0.9999226717044633}
2019-09-11,2096419.5433425265,162.4539329323452,0.0,-0.002101413670832386,7.749113647038846e-05,{'510880.SH': 0.9999225088635296}
2019-09-12,2108927.921903412,162.4539329323452,0.0,0.0059665435769320485,7.703152452252729e-05,{'510880.SH': 0.9999229684754776}
2019-09-16,2115550.0046709394,162.4539329323452,0.0,0.003140023278534132,7.679040087620803e-05,{'510880.SH': 0.999923209599124}
2019-09-17,2089797.4605749988,162.4539329323452,0.0,-0.012172978203815243,7.773668788345006e-05,{'510880.SH': 0.9999222633121165}
2019-09-18,2092004.821497508,162.4539329323452,0.0,0.0010562559119495774,7.76546646847863e-05,{'510880.SH': 0.9999223453353152}
2019-09-19,2094212.182420017,162.4539329323452,0.0,0.0010551414125943293,7.757281439582577e-05,{'510880.SH': 0.9999224271856042}
2019-09-20,2094947.969394187,162.4539329323452,0.0,0.00035134308755657706,7.754556929608295e-05,{'510880.SH': 0.9999224544307039}
2019-09-23,2074345.934117434,162.4539329323452,0.0,-0.009834151290502247,7.831573811311468e-05,{'510880.SH': 0.9999216842618869}
2019-09-24,2076553.2950399434,162.4539329323452,0.0,0.0010641238214919024,7.823248905789357e-05,{'510880.SH': 0.9999217675109421}
2019-09-25,2056687.0467373605,162.4539329323452,0.0,-0.00956693399106845,7.898816360518003e-05,{'510880.SH': 0.9999210118363948}
2019-09-26,2056687.0467373605,162.4539329323452,0.0,0.0,7.898816360518003e-05,{'510880.SH': 0.9999210118363948}
2019-09-27,2046386.029098984,162.4539329323452,0.0,-0.005008548896497156,7.938577112152835e-05,{'510880.SH': 0.9999206142288785}
2019-09-30,2033141.8635639283,162.4539329323452,0.0,-0.006471978085624053,7.990290094542492e-05,{'510880.SH': 0.9999200970990546}
2019-10-08,2060499.733305626,20162.453932932345,20000.0,0.003618965244658323,0.009785225208734217,{'510880.SH': 0.9902147747912657}
2019-10-09,2054379.1266646069,9464.215624606702,0.0,-0.0029704476744580877,0.004606849583782696,{'511880.SH': 0.9953931504162173}
2019-10-10,2054519.3663446067,9464.215624606702,0.0,6.826377769297842e-05,0.004606535124293036,{'511880.SH': 0.995393464875707}
2019-10-11,2054859.9484246066,9464.215624606702,0.0,0.00016577214387902828,0.004605771615658091,{'511880.SH': 0.9953942283843419}
2019-10-14,2054920.051144607,9464.215624606702,0.0,2.924905906431796e-05,0.004605636905112225,{'511880.SH': 0.9953943630948878}
2019-10-15,2055420.9071446068,9464.215624606702,0.0,0.000243735029847425,0.004604514623603008,{'511880.SH': 0.995395485376397}
2019-10-16,2055581.1810646066,9464.215624606702,0.0,7.797620401861494e-05,0.004604155609025905,{'511880.SH': 0.9953958443909741}
2019-10-17,2055541.112584607,9464.215624606702,0.0,-1.949253105093529e-05,0.0046042453574215,{'511880.SH': 0.9953957546425785}
2019-10-18,2056402.5849046067,9464.215624606702,0.0,0.0004190975868716418,0.0046023165376665445,{'511880.SH': 0.9953976834623335}
2019-10-21,2056282.3794646068,9464.215624606702,0.0,-5.8454235023042145e-05,0.004602585578285651,{'511880.SH': 0.9953974144217144}
2019-10-22,2056282.3794646068,9464.215624606702,0.0,0.0,0.004602585578285651,{'511880.SH': 0.9953974144217144}
2019-10-23,2056182.2082646068,9464.215624606702,0.0,-4.871471010026163e-05,0.004602809802830843,{'511880.SH': 0.9953971901971691}
2019-10-24,2056342.4821846066,9464.215624606702,0.0,7.79473333420988e-05,0.004602451054044342,{'511880.SH': 0.9953975489459557}
2019-10-25,2056482.721864607,9464.215624606702,0.0,6.819860077555973e-05,0.004602137194727085,{'511880.SH': 0.9953978628052729}
2019-10-28,2056582.8930646065,9464.215624606702,0.0,4.870996431649566e-05,0.004601913035707328,{'511880.SH': 0.9953980869642927}
2019-10-29,2056903.4409046068,9464.215624606702,0.0,0.00015586429366942767,0.00460119587356246,{'511880.SH': 0.9953988041264376}
2019-10-30,2057163.8860246066,9464.215624606702,0.0,0.0001266200030689557,0.0046006133438867385,{'511880.SH': 0.9953993866561133}
2019-10-31,2057384.2626646068,9464.215624606702,0.0,0.0001071264382470627,0.004600120549356779,{'511880.SH': 0.9953998794506432}
2019-11-01,2077544.5365846066,29464.215624606702,20000.0,7.790179156530463e-05,0.014182230563896647,{'511880.SH': 0.9858177694361033}
2019-11-04,2072056.3152800468,64.61528004682623,0.0,-0.002641686475507443,3.1184133158124716e-05,{'512890.SH': 0.9999688158668418}
2019-11-05,2090089.3152800468,64.61528004682623,0.0,0.008702948789093501,3.091508079317106e-05,{'512890.SH': 0.9999690849192068}
2019-11-06,2075662.9152800469,64.61528004682623,0.0,-0.006902288765620046,3.112994868827648e-05,{'512890.SH': 0.9999688700513117}
2019-11-07,2086482.715280047,64.61528004682623,0.0,0.0052126961079999035,3.096851920872663e-05,{'512890.SH': 0.9999690314807913}
2019-11-08,2072056.3152800468,64.61528004682623,0.0,-0.006914219750947637,3.1184133158124716e-05,{'512890.SH': 0.9999688158668418}
2019-11-11,2041400.2152800467,64.61528004682623,0.0,-0.014795012941459018,3.165243128866922e-05,{'512890.SH': 0.9999683475687113}
2019-11-12,2041400.2152800467,64.61528004682623,0.0,0.0,3.165243128866922e-05,{'512890.SH': 0.9999683475687113}
2019-11-13,2032383.715280047,64.61528004682623,0.0,-0.004416821323183218,3.179285464699895e-05,{'512890.SH': 0.999968207145353}
2019-11-14,2030580.4152800466,64.61528004682623,0.0,-0.0008872832361539462,3.182108896579446e-05,{'512890.SH': 0.9999681789110342}
2019-11-15,2025170.5152800467,64.61528004682623,0.0,-0.0026642136205444755,3.1906093614981865e-05,{'512890.SH': 0.999968093906385}
2019-11-18,2046810.1152800468,64.61528004682623,0.0,0.010685322463826141,3.156877111582258e-05,{'512890.SH': 0.9999684312288841}
2019-11-19,2072056.3152800468,64.61528004682623,0.0,0.012334412367581038,3.1184133158124716e-05,{'512890.SH': 0.9999688158668418}
2019-11-20,2061236.515280047,64.61528004682623,0.0,-0.005221769273455967,3.1347824263654364e-05,{'512890.SH': 0.9999686521757364}
2019-11-21,2055826.6152800466,64.61528004682623,0.0,-0.0026245896382567357,3.14303159452113e-05,{'512890.SH': 0.9999685696840548}
2019-11-22,2054023.3152800468,64.61528004682623,0.0,-0.0008771654120034444,3.145790973556527e-05,{'512890.SH': 0.9999685420902644}
2019-11-25,2082876.1152800468,64.61528004682623,0.0,0.014046968106623536,3.1022142686646815e-05,{'512890.SH': 0.9999689778573133}
2019-11-26,2082876.1152800468,64.61528004682623,0.0,0.0,3.1022142686646815e-05,{'512890.SH': 0.9999689778573133}
2019-11-27,2075662.9152800469,64.61528004682623,0.0,-0.0034630960272113986,3.112994868827648e-05,{'512890.SH': 0.9999688700513117}
2019-11-28,2068449.715280047,64.61528004682623,0.0,-0.0034751307386665653,3.123850658273217e-05,{'512890.SH': 0.9999687614934173}
2019-11-29,2066646.4152800466,64.61528004682623,0.0,-0.0008718123465506489,3.1265764462214674e-05,{'512890.SH': 0.9999687342355378}
2019-12-02,2090253.0152800467,20064.615280046826,20000.0,0.001745146133046438,0.009599132321958938,{'512890.SH': 0.990400867678041}
2019-12-03,2083370.290380047,5300.690380047075,0.0,-0.003292771185921528,0.0025442862483558443,{'511260.SH': 0.9974557137516441}
2019-12-04,2086284.590380047,5300.690380047075,0.0,0.0013988391854566906,0.0025407321726330146,{'511260.SH': 0.9974592678273669}
2019-12-05,2087307.4903800471,5300.690380047075,0.0,0.0004902974429839002,0.002539487068616781,{'511260.SH': 0.9974605129313833}
2019-12-06,2086709.190380047,5300.690380047075,0.0,-0.0002866372121775873,0.0025402151888168347,{'511260.SH': 0.9974597848111831}
2019-12-09,2086593.390380047,5300.690380047075,0.0,-5.549407676641582e-05,0.002540356163536788,{'511260.SH': 0.9974596438364632}
2019-12-10,2084296.690380047,5300.690380047075,0.0,-0.0011006936045080407,0.0025431553984190977,{'511260.SH': 0.9974568446015809}
2019-12-11,2084837.0903800472,5300.690380047075,0.0,0.00025927210962550795,0.002542496200065592,{'511260.SH': 0.9974575037999344}
2019-12-12,2085744.190380047,5300.690380047075,0.0,0.00043509394771690246,0.0025413904564592013,{'511260.SH': 0.9974586095435408}
2019-12-13,2084354.590380047,5300.690380047075,0.0,-0.0006662370229336689,0.002543084753674558,{'511260.SH': 0.9974569152463254}
2019-12-16,2083814.1903800468,5300.690380047075,0.0,-0.00025926490746552844,0.002543744257294041,{'511260.SH': 0.9974562557427059}
2019-12-17,2080050.690380047,5300.690380047075,0.0,-0.0018060631400698135,0.002548346732395538,{'511260.SH': 0.9974516532676044}
2019-12-18,2080050.690380047,5300.690380047075,0.0,0.0,0.002548346732395538,{'511260.SH': 0.9974516532676044}
2019-12-19,2080629.690380047,5300.690380047075,0.0,0.0002783586009118544,0.0025476375755643732,{'511260.SH': 0.9974523624244356}
2019-12-20,2084007.190380047,5300.690380047075,0.0,0.0016233066439530486,0.0025435086810235152,{'511260.SH': 0.9974564913189765}
2019-12-23,2092209.690380047,5300.690380047075,0.0,0.003935926918996913,0.0025335368650759916,{'511260.SH': 0.997466463134924}
2019-12-24,2093753.6903800468,5300.690380047075,0.0,0.0007379757426317912,0.0025316685550939486,{'511260.SH': 0.9974683314449061}
2019-12-25,2095683.690380047,5300.690380047075,0.0,0.0009217894200581611,0.0025293370389716627,{'511260.SH': 0.9974706629610284}
2019-12-26,2098366.3903800473,5300.690380047075,0.0,0.0012801073045110023,0.0025261033556141913,{'511260.SH': 0.9974738966443857}
2019-12-27,2098404.990380047,5300.690380047075,0.0,1.8395262227022258e-05,0.0025260568881353336,{'511260.SH': 0.9974739431118647}
2019-12-30,2098269.8903800473,5300.690380047075,0.0,-6.438223346727501e-05,0.002526219531791019,{'511260.SH': 0.9974737804682089}
2019-12-31,2098771.690380047,5300.690380047075,0.0,0.0002391494069948763,0.002525615532334164,{'511260.SH': 0.9974743844676658}
2020-01-02,2116474.990380047,25300.690380047075,20000.0,-0.0010943067369011406,0.011954164587366058,{'511260.SH': 0.988045835412634}
2020-01-03,2106518.593330047,23.393330046907067,0.0,-0.004704235625393349,1.1105209382427618e-05,{'512890.SH': 0.9999888947906176}
2020-01-06,2104796.1933300467,23.393330046907067,0.0,-0.00081765240784204,1.1114297014142704e-05,{'512890.SH': 0.9999888857029858}
2020-01-07,2111685.793330047,23.393330046907067,0.0,0.0032732860415809473,1.1078035435383922e-05,{'512890.SH': 0.9999889219645646}
2020-01-08,2084127.393330047,23.393330046907067,0.0,-0.013050426387791969,1.1224520210124434e-05,{'512890.SH': 0.9999887754797899}
2020-01-09,2103073.7933300473,23.393330046907067,0.0,0.009090807049816352,1.1123399531247841e-05,{'512890.SH': 0.9999888766004688}
2020-01-10,2097906.5933300466,23.393330046907067,0.0,-0.002456975126782779,1.1150796761534742e-05,{'512890.SH': 0.9999888492032385}
2020-01-13,2104796.1933300467,23.393330046907067,0.0,0.003284035629567361,1.1114297014142704e-05,{'512890.SH': 0.9999888857029858}
2020-01-14,2106518.593330047,23.393330046907067,0.0,0.0008183215103954034,1.1105209382427618e-05,{'512890.SH': 0.9999888947906176}
2020-01-15,2094461.7933300468,23.393330046907067,0.0,-0.0057235668548932805,1.1169136682943888e-05,{'512890.SH': 0.999988830863317}
2020-01-16,2080682.5933300469,23.393330046907067,0.0,-0.0065788738872586405,1.1243103643918608e-05,{'512890.SH': 0.9999887568963561}
2020-01-17,2077237.7933300468,23.393330046907067,0.0,-0.0016556105246628983,1.1261748713614977e-05,{'512890.SH': 0.9999887382512864}
2020-01-20,2075515.3933300471,23.393330046907067,0.0,-0.0008291780582513342,1.1271094457831889e-05,{'512890.SH': 0.9999887289055421}
2020-01-21,2042789.7933300468,23.393330046907067,0.0,-0.015767457136270147,1.145165798423758e-05,{'512890.SH': 0.9999885483420158}
2020-01-22,2044512.193330047,23.393330046907067,0.0,0.000843160664706577,1.1442010531032655e-05,{'512890.SH': 0.999988557989469}
2020-01-23,1991117.7933300468,23.393330046907067,0.0,-0.026115960655158865,1.1748842848610614e-05,{'512890.SH': 0.9999882511571514}
2020-02-03,1823376.1933300467,20023.393330046907,20000.0,-0.09428954963333003,0.010981493233976045,{'512890.SH': 0.989018506766024}
2020-02-04,1840679.8459300469,652.8459300468676,0.0,0.009489897182653362,0.0003546765242692174,{'511260.SH': 0.9996453234757308}
2020-02-05,1841144.645930047,652.8459300468676,0.0,0.00025251539588899696,0.00035458698559617243,{'511260.SH': 0.9996454130144038}
2020-02-06,1841177.8459300469,652.8459300468676,0.0,1.8032260568734415e-05,0.0003545805917065502,{'511260.SH': 0.9996454194082934}
2020-02-07,1843750.8459300469,652.8459300468676,0.0,0.001397474994437653,0.0003540857657030938,{'511260.SH': 0.9996459142342969}
2020-02-10,1846938.0459300468,652.8459300468676,0.0,0.0017286500543365335,0.0003534747315891257,{'511260.SH': 0.9996465252684109}
2020-02-11,1848299.245930047,652.8459300468676,0.0,0.0007370036060494467,0.0003532144112942932,{'511260.SH': 0.9996467855887057}
2020-02-12,1848249.445930047,652.8459300468676,0.0,-2.6943688966829527e-05,0.000353223928449957,{'511260.SH': 0.9996467760715501}
2020-02-13,1846390.2459300468,652.8459300468676,0.0,-0.0010059248247547004,0.0003535796029500914,{'511260.SH': 0.9996464203970499}
2020-02-14,1846191.045930047,652.8459300468676,0.0,-0.00010788618518686732,0.00035361775342052234,{'511260.SH': 0.9996463822465794}
2020-02-17,1843186.4459300467,652.8459300468676,0.0,-0.0016274588735678552,0.00035419418989783775,{'511260.SH': 0.9996458058101022}
2020-02-18,1839600.8459300469,652.8459300468676,0.0,-0.001945326805064762,0.0003548845563379855,{'511260.SH': 0.999645115443662}
2020-02-19,1839169.245930047,652.8459300468676,0.0,-0.0002346161130305502,0.00035496783751227354,{'511260.SH': 0.9996450321624877}
2020-02-20,1836612.8459300469,652.8459300468676,0.0,-0.001389975395498455,0.0003554619208362726,{'511260.SH': 0.9996445380791638}
2020-02-21,1840115.445930047,652.8459300468676,0.0,0.0019070976268960038,0.00035478531061234616,{'511260.SH': 0.9996452146893876}
2020-02-24,1843950.0459300468,652.8459300468676,0.0,0.002083890990905557,0.00035404751418717897,{'511260.SH': 0.9996459524858128}
2020-02-25,1844082.8459300469,652.8459300468676,0.0,7.20193045864459e-05,0.00035402201776765107,{'511260.SH': 0.9996459779822323}
2020-02-26,1845593.445930047,652.8459300468676,0.0,0.0008191605942944324,0.0003537322542440434,{'511260.SH': 0.9996462677457559}
2020-02-27,1849046.245930047,652.8459300468676,0.0,0.0018708345587237218,0.0003530717154770211,{'511260.SH': 0.999646928284523}
2020-02-28,1854872.8459300469,652.8459300468676,0.0,0.0031511380598645555,0.00035196263262969157,{'511260.SH': 0.9996480373673703}
2020-03-02,1875038.8459300469,20652.845930046868,20000.0,8.949400513591499e-05,0.011014622963612657,{'511260.SH': 0.9889853770363873}
2020-03-03,1857149.534730047,105.53473004722036,0.0,-0.009540768309323489,5.682618877674854e-05,{'512890.SH': 0.9999431738112232}
2020-03-04,1881163.0347300472,105.53473004722036,0.0,0.012930299661352063,5.610078876675616e-05,{'512890.SH': 0.9999438992112333}
2020-03-05,1903575.6347300473,105.53473004722036,0.0,0.011914225182091398,5.544026101289462e-05,{'512890.SH': 0.9999445597389871}
2020-03-06,1874759.4347300474,105.53473004722036,0.0,-0.015137932779900498,5.629241175810733e-05,{'512890.SH': 0.9999437075882419}
2020-03-09,1826732.4347300471,105.53473004722036,0.0,-0.025617686787060112,5.777240719044669e-05,{'512890.SH': 0.9999422275928096}
2020-03-10,1849145.0347300472,105.53473004722036,0.0,0.01226922978641487,5.707217555416207e-05,{'512890.SH': 0.9999429278244458}
2020-03-11,1833136.0347300472,105.53473004722036,0.0,-0.00865751452661856,5.757059380634657e-05,{'512890.SH': 0.9999424294061936}
2020-03-12,1807521.6347300473,105.53473004722036,0.0,-0.01397299464672408,5.838642703880108e-05,{'512890.SH': 0.9999416135729612}
2020-03-13,1775503.6347300473,105.53473004722036,0.0,-0.017713757547793807,5.9439320755469004e-05,{'512890.SH': 0.9999405606792445}
2020-03-16,1732279.3347300473,105.53473004722036,0.0,-0.02434481076495909,6.092246667808142e-05,{'512890.SH': 0.9999390775333219}
2020-03-17,1730678.4347300471,105.53473004722036,0.0,-0.000924158112322937,6.097882074995738e-05,{'512890.SH': 0.99993902117925}
2020-03-18,1701862.2347300472,105.53473004722036,0.0,-0.016650233470144715,6.201132376849557e-05,{'512890.SH': 0.9999379886762315}
2020-03-19,1671445.1347300473,105.53473004722036,0.0,-0.017872833287721823,6.313981108585124e-05,{'512890.SH': 0.9999368601889141}
2020-03-20,1705064.0347300472,105.53473004722036,0.0,0.020113672475064348,6.189487778617597e-05,{'512890.SH': 0.9999381051222138}
2020-03-23,1655436.1347300473,105.53473004722036,0.0,-0.02910617958571693,6.375040862837633e-05,{'512890.SH': 0.9999362495913716}
2020-03-24,1697059.5347300472,105.53473004722036,0.0,0.02514346468991846,6.218681660099088e-05,{'512890.SH': 0.999937813183399}
2020-03-25,1733880.2347300472,105.53473004722036,0.0,0.021696763870960423,6.0866216670179285e-05,{'512890.SH': 0.9999391337833298}
2020-03-26,1721073.0347300472,105.53473004722036,0.0,-0.007386438661372674,6.131914678668685e-05,{'512890.SH': 0.9999386808532134}
2020-03-27,1733880.2347300472,105.53473004722036,0.0,0.007441404136582008,6.0866216670179285e-05,{'512890.SH': 0.9999391337833298}
2020-03-30,1721073.0347300472,105.53473004722036,0.0,-0.007386438661372674,6.131914678668685e-05,{'512890.SH': 0.9999386808532134}
2020-03-31,1714669.4347300471,105.53473004722036,0.0,-0.003720702068291115,6.15481491123888e-05,{'512890.SH': 0.9999384518508876}
2020-04-01,1726664.9347300474,20105.53473004722,20000.0,-0.004668246740666904,0.011644143762721739,{'512890.SH': 0.9883558562372783}
2020-04-02,1719634.3087218073,10386.975051807472,0.0,-0.004071795208686058,0.0060402232027622444,{'511010.SH': 0.9939597767972378}
2020-04-03,1718830.0940618073,10386.975051807472,0.0,-0.00046766609384396585,0.006043049332038265,{'511010.SH': 0.9939569506679617}
2020-04-07,1727828.9787918073,10386.975051807472,0.0,0.005235470778111928,0.0060115759020725615,{'511010.SH': 0.9939884240979274}
2020-04-08,1735080.7765018076,10386.975051807472,0.0,0.004197057578621655,0.005986450424947493,{'511010.SH': 0.9940135495750525}
2020-04-09,1737021.9843018076,10386.975051807472,0.0,0.001118799669900028,0.005979760271130072,{'511010.SH': 0.9940202397288699}
2020-04-10,1733680.3337318075,10386.975051807472,0.0,-0.0019237813914849689,0.005991286196025045,{'511010.SH': 0.9940087138039749}
2020-04-13,1736092.9777118075,10386.975051807472,0.0,0.001391631394241255,0.005982960120890321,{'511010.SH': 0.9940170398791097}
2020-04-14,1736647.6085118076,10386.975051807472,0.0,0.00031947067761950443,0.0059810493510012806,{'511010.SH': 0.9940189506489987}
2020-04-15,1744814.5470418076,10386.975051807472,0.0,0.004702703352120086,0.0059530539044494735,{'511010.SH': 0.9940469460955506}
2020-04-16,1743095.1915618074,10386.975051807472,0.0,-0.0009854087260535715,0.0059589258820115145,{'511010.SH': 0.9940410741179885}
2020-04-17,1741999.7957318074,10386.975051807472,0.0,-0.0006284199711540372,0.005962672944771469,{'511010.SH': 0.9940373270552285}
2020-04-20,1741875.0038018075,10386.975051807472,0.0,-7.163716683866728e-05,0.005963100124369954,{'511010.SH': 0.99403689987563}
2020-04-21,1742762.4130818073,10386.975051807472,0.0,0.0005094563490852799,0.005960063732060703,{'511010.SH': 0.9940399362679393}
2020-04-22,1749057.4726618074,10386.975051807472,0.0,0.003612115761016499,0.005938612775256624,{'511010.SH': 0.9940613872247434}
2020-04-23,1754534.4518118075,10386.975051807472,0.0,0.003131388896938203,0.005920074719012463,{'511010.SH': 0.9940799252809875}
2020-04-24,1755588.2503318076,10386.975051807472,0.0,0.0006006143218857396,0.005916521171661023,{'511010.SH': 0.994083478828339}
2020-04-27,1756031.9549718073,10386.975051807472,0.0,0.0002527384424655388,0.005915026217147758,{'511010.SH': 0.9940849737828522}
2020-04-28,1757876.1023818073,10386.975051807472,0.0,0.0010501787309613597,0.005908820899114448,{'511010.SH': 0.9940911791008855}
2020-04-29,1762992.5715118074,10386.975051807472,0.0,0.002910597125171499,0.0058916726137424385,{'511010.SH': 0.9941083273862575}
2020-04-30,1763505.6050018077,10386.975051807472,0.0,0.0002910015040848979,0.005889958626923006,{'511010.SH': 0.994110041373077}
2020-05-06,1779914.3705718075,30386.975051807472,20000.0,-0.002036417927912648,0.017072155579060517,{'511010.SH': 0.9829278444209395}
2020-05-07,1769647.5099585275,4835.279028527475,0.0,-0.0057681767072770285,0.002732340198439175,{'511010.SH': 0.9972676598015608}
2020-05-08,1767368.4631785273,4835.279028527475,0.0,-0.001287853522905058,0.0027358635900017465,{'511010.SH': 0.9972641364099982}
2020-05-11,1763541.9154985275,4835.279028527475,0.0,-0.0021651103093227597,0.0027417998892079708,{'511010.SH': 0.997258200110792}
2020-05-12,1766003.8487485275,4835.279028527475,0.0,0.0013960162944604004,0.0027379776278256577,{'511010.SH': 0.9972620223721743}
2020-05-13,1765047.2118285275,4835.279028527475,0.0,-0.0005416958296426966,0.0027394615827404946,{'511010.SH': 0.9972605384172595}
2020-05-14,1767917.1225885274,4835.279028527475,0.0,0.0016259682691586175,0.002735014535889451,{'511010.SH': 0.9972649854641106}
2020-05-15,1770899.5788685274,4835.279028527475,0.0,0.0016869887405317474,0.0027304083677160604,{'511010.SH': 0.997269591632284}
2020-05-18,1764793.9844085276,4835.279028527475,0.0,-0.0034477361296233466,0.002739854663629774,{'511010.SH': 0.9972601453363702}
2020-05-19,1762092.8919285273,4835.279028527475,0.0,-0.0015305426604259598,0.00274405455619056,{'511010.SH': 0.9972559454438095}
2020-05-20,1756437.4795485274,4835.279028527475,0.0,-0.0032094859504315787,0.002752889917704517,{'511010.SH': 0.9972471100822955}
2020-05-21,1756803.2524885277,4835.279028527475,0.0,0.00020824705932276366,0.00275231675583379,{'511010.SH': 0.9972476832441662}
2020-05-22,1764484.4842285274,4835.279028527475,0.0,0.004372277731794494,0.0027403352490467316,{'511010.SH': 0.9972596647509533}
2020-05-25,1759954.5270485275,4835.279028527475,0.0,-0.002567297825789905,0.0027473886138616984,{'511010.SH': 0.9972526113861383}
2020-05-26,1750402.2260385272,4835.279028527475,0.0,-0.005427583987649753,0.0027623816723945645,{'511010.SH': 0.9972376183276055}
2020-05-27,1746294.3145585274,4835.279028527475,0.0,-0.002346838583093369,0.002768879786309022,{'511010.SH': 0.997231120213691}
2020-05-28,1749684.7483485274,4835.279028527475,0.0,0.001941501934544787,0.0027635144177208743,{'511010.SH': 0.9972364855822792}
2020-05-29,1747771.4745085274,4835.279028527475,0.0,-0.0010934963237267947,0.0027665396186232834,{'511010.SH': 0.9972334603813767}
2020-06-01,1765365.8140185275,24835.279028527475,20000.0,-0.0013764159245569507,0.014068063871699527,{'511010.SH': 0.9859319361283005}
2020-06-02,1755516.6384770279,66.63847702788189,0.0,-0.005579113101255695,3.795946763893568e-05,{'512890.SH': 0.999962040532361}
2020-06-03,1757077.0384770278,66.63847702788189,0.0,0.0008888551471397665,3.7925757134497507e-05,{'512890.SH': 0.9999620742428655}
2020-06-04,1761758.238477028,66.63847702788189,0.0,0.002664197355886966,3.7824983912371705e-05,{'512890.SH': 0.9999621750160876}
2020-06-05,1755516.6384770279,66.63847702788189,0.0,-0.0035428243578958796,3.795946763893568e-05,{'512890.SH': 0.999962040532361}
2020-06-08,1766439.4384770277,66.63847702788189,0.0,0.006221986029979032,3.7724744803782024e-05,{'512890.SH': 0.9999622752551962}
2020-06-09,1774241.438477028,66.63847702788189,0.0,0.0044167945020108235,3.7558855059254496e-05,{'512890.SH': 0.9999624411449407}
2020-06-10,1774241.438477028,66.63847702788189,0.0,0.0,3.7558855059254496e-05,{'512890.SH': 0.9999624411449407}
2020-06-11,1757077.0384770278,66.63847702788189,0.0,-0.009674218867717133,3.7925757134497507e-05,{'512890.SH': 0.9999620742428655}
2020-06-12,1760197.8384770276,66.63847702788189,0.0,0.0017761315705910885,3.785851543002653e-05,{'512890.SH': 0.99996214148457}
2020-06-15,1744593.838477028,66.63847702788189,0.0,-0.008864912601813324,3.819712964597826e-05,{'512890.SH': 0.999961802870354}
2020-06-16,1763318.6384770276,66.63847702788189,0.0,0.010733042606837273,3.779151174029291e-05,{'512890.SH': 0.9999622084882597}
2020-06-17,1771120.6384770279,66.63847702788189,0.0,0.004424611541983481,3.762503557362629e-05,{'512890.SH': 0.9999623749644264}
2020-06-18,1778922.6384770276,66.63847702788189,0.0,0.004405120594556777,3.7460019669507644e-05,{'512890.SH': 0.9999625399803305}
2020-06-19,1785164.2384770277,66.63847702788189,0.0,0.003508640491159065,3.7329045469078516e-05,{'512890.SH': 0.999962670954531}
2020-06-22,1772681.0384770278,66.63847702788189,0.0,-0.006992745950730961,3.759191618878788e-05,{'512890.SH': 0.9999624080838112}
2020-06-23,1766439.4384770277,66.63847702788189,0.0,-0.0035209943946613587,3.7724744803782024e-05,{'512890.SH': 0.9999622752551962}
2020-06-24,1774241.438477028,66.63847702788189,0.0,0.0044167945020108235,3.7558855059254496e-05,{'512890.SH': 0.9999624411449407}
2020-06-29,1764879.0384770278,66.63847702788189,0.0,-0.005276846655118517,3.775809875638074e-05,{'512890.SH': 0.9999622419012436}
2020-06-30,1782043.4384770277,66.63847702788189,0.0,0.009725539045900566,3.739441788514008e-05,{'512890.SH': 0.9999626055821148}
2020-07-01,1850415.8384770278,20066.638477027882,20000.0,0.02714434393436571,0.010844394032826476,{'512890.SH': 0.9891556059671736}
2020-07-02,1902443.0594770277,98.65947702788253,0.0,0.028116502203537452,5.185935870007249e-05,{'512890.SH': 0.9999481406413}
2020-07-03,1929258.859477028,98.65947702788253,0.0,0.01409545471882434,5.1138537756735535e-05,{'512890.SH': 0.9999488614622433}
2020-07-06,2057028.259477028,98.65947702788253,0.0,0.06622719360461304,4.7962139836117464e-05,{'512890.SH': 0.999952037860164}
2020-07-07,2052296.0594770277,98.65947702788253,0.0,-0.0023005031545864085,4.807273130613681e-05,{'512890.SH': 0.9999519272686939}
2020-07-08,2057028.259477028,98.65947702788253,0.0,0.002305807672410509,4.7962139836117464e-05,{'512890.SH': 0.999952037860164}
2020-07-09,2074379.6594770278,98.65947702788253,0.0,0.008435178233482832,4.7560954706215924e-05,{'512890.SH': 0.9999524390452939}
2020-07-10,2028635.059477028,98.65947702788253,0.0,-0.022052183066398,4.8633427962798026e-05,{'512890.SH': 0.9999513665720372}
2020-07-13,2080689.2594770277,98.65947702788253,0.0,0.025659716249515574,4.741672817241349e-05,{'512890.SH': 0.9999525832718276}
2020-07-14,2069647.4594770279,98.65947702788253,0.0,-0.005306799153072528,4.766970170504906e-05,{'512890.SH': 0.999952330298295}
2020-07-15,2047563.8594770278,98.65947702788253,0.0,-0.010670223036719606,4.818383396016832e-05,{'512890.SH': 0.9999518161660399}
2020-07-16,2020748.0594770277,98.65947702788253,0.0,-0.013096441351943544,4.882324472127205e-05,{'512890.SH': 0.9999511767552788}
2020-07-17,2012861.059477028,98.65947702788253,0.0,-0.0039030100575927484,4.901454899898345e-05,{'512890.SH': 0.999950985451001}
2020-07-20,2094885.859477028,98.65947702788253,0.0,0.04075035363906898,4.7095394998041615e-05,{'512890.SH': 0.999952904605002}
2020-07-21,2090153.6594770278,98.65947702788253,0.0,-0.0022589297543789133,4.720202104785343e-05,{'512890.SH': 0.9999527979789522}
2020-07-22,2091731.059477028,98.65947702788253,0.0,0.0007546813569652144,4.71664254259098e-05,{'512890.SH': 0.9999528335745741}
2020-07-23,2072802.259477028,98.65947702788253,0.0,-0.009049346910177114,4.759714853493768e-05,{'512890.SH': 0.9999524028514651}
2020-07-24,2009706.259477028,98.65947702788253,0.0,-0.030439951380562102,4.9091491138389555e-05,{'512890.SH': 0.9999509085088616}
2020-07-27,1995509.6594770276,98.65947702788253,0.0,-0.0070640174070486506,4.944074139622991e-05,{'512890.SH': 0.9999505592586038}
2020-07-28,2008128.8594770278,98.65947702788253,0.0,0.006323798003216474,4.9130052866017864e-05,{'512890.SH': 0.999950869947134}
2020-07-29,2034944.6594770278,98.65947702788253,0.0,0.01335362512890903,4.848263394702714e-05,{'512890.SH': 0.999951517366053}
2020-07-30,2052296.0594770277,98.65947702788253,0.0,0.008526718365136743,4.807273130613681e-05,{'512890.SH': 0.9999519272686939}
2020-07-31,2068070.0594770277,98.65947702788253,0.0,0.007686025574701771,4.770606129892499e-05,{'512890.SH': 0.9999522939387011}
2020-08-03,2143279.059477028,20098.659477027883,20000.0,0.026695904109728996,0.009377528039644109,{'512890.SH': 0.9906224719603558}
2020-08-04,2148045.931777028,33.231777027882345,0.0,0.002224102493290303,1.5470701318006957e-05,{'512890.SH': 0.9999845292986821}
2020-08-05,2135307.5317770275,33.231777027882345,0.0,-0.005930227008443034,1.5562993401810594e-05,{'512890.SH': 0.9999844370065982}
2020-08-06,2130530.6317770276,33.231777027882345,0.0,-0.002237101648784323,1.5597887461568422e-05,{'512890.SH': 0.9999844021125385}
2020-08-07,2135307.5317770275,33.231777027882345,0.0,0.0022421174935258747,1.5562993401810594e-05,{'512890.SH': 0.9999844370065982}
2020-08-10,2154415.1317770276,33.231777027882345,0.0,0.008948406595137293,1.5424964547325545e-05,{'512890.SH': 0.9999845750354528}
2020-08-11,2146453.6317770276,33.231777027882345,0.0,-0.00369543449754417,1.5482177921714568e-05,{'512890.SH': 0.9999845178220783}
2020-08-12,2133715.2317770277,33.231777027882345,0.0,-0.0059346262185285825,1.5574607395104845e-05,{'512890.SH': 0.999984425392605}
2020-08-13,2152822.831777028,33.231777027882345,0.0,0.008955084406500946,1.5436373368658245e-05,{'512890.SH': 0.9999845636266315}
2020-08-14,2165561.2317770277,33.231777027882345,0.0,0.005917068423826111,1.5345572565783715e-05,{'512890.SH': 0.9999846544274343}
2020-08-17,2224476.331777028,33.231777027882345,0.0,0.02720546486309927,1.4939146150112132e-05,{'512890.SH': 0.99998506085385}
2020-08-18,2226068.6317770276,33.231777027882345,0.0,0.0007158089197234485,1.492846022512525e-05,{'512890.SH': 0.9999850715397749}
2020-08-19,2214922.5317770275,33.231777027882345,0.0,-0.00500707832673708,1.5003584347133153e-05,{'512890.SH': 0.999984996415653}
2020-08-20,2189445.7317770277,33.231777027882345,0.0,-0.011502343596441644,1.5178168860531802e-05,{'512890.SH': 0.9999848218311396}
2020-08-21,2186261.1317770276,33.231777027882345,0.0,-0.0014545233772089716,1.5200278020252335e-05,{'512890.SH': 0.9999847997219798}
2020-08-24,2200591.8317770273,33.231777027882345,0.0,0.006554889437361711,1.5101290729161226e-05,{'512890.SH': 0.9999848987092709}
2020-08-25,2191038.0317770275,33.231777027882345,0.0,-0.004341468445915764,1.5167138381860913e-05,{'512890.SH': 0.9999848328616182}
2020-08-26,2160784.331777028,33.231777027882345,0.0,-0.01380793010492043,1.5379497407107053e-05,{'512890.SH': 0.999984620502593}
2020-08-27,2157599.7317770277,33.231777027882345,0.0,-0.001473816684602225,1.540219742264809e-05,{'512890.SH': 0.9999845978025774}
2020-08-28,2191038.0317770275,33.231777027882345,0.0,0.01549791627590702,1.5167138381860913e-05,{'512890.SH': 0.9999848328616182}
2020-08-31,2176707.331777028,33.231777027882345,0.0,-0.006540598470751724,1.5266993657228357e-05,{'512890.SH': 0.9999847330063428}
2020-09-01,2185561.2317770277,20033.231777027882,20000.0,-0.005120624090010573,0.009166172736665602,{'512890.SH': 0.9908338272633345}
2020-09-02,2168363.906127028,29.50612702826038,0.0,-0.007868608483696748,1.3607553116377983e-05,{'515450.SH': 0.9999863924468836}
2020-09-03,2168363.906127028,29.50612702826038,0.0,0.0,1.3607553116377983e-05,{'515450.SH': 0.9999863924468836}
2020-09-04,2158250.406127028,29.50612702826038,0.0,-0.004664115636412669,1.367131772314085e-05,{'515450.SH': 0.9999863286822769}
2020-09-07,2144091.5061270283,29.50612702826038,0.0,-0.006560360169424406,1.3761598767563173e-05,{'515450.SH': 0.9999862384012325}
2020-09-08,2172409.3061270285,29.50612702826038,0.0,0.013207365412846617,1.3582213510613203e-05,{'515450.SH': 0.9999864177864893}
2020-09-09,2154205.0061270283,29.50612702826038,0.0,-0.008379774450724908,1.3696991207586339e-05,{'515450.SH': 0.9999863030087924}
2020-09-10,2144091.5061270283,29.50612702826038,0.0,-0.004694771375628126,1.3761598767563173e-05,{'515450.SH': 0.9999862384012325}
2020-09-11,2146114.206127028,29.50612702826038,0.0,0.0009433832437746315,1.3748628541771984e-05,{'515450.SH': 0.9999862513714582}
2020-09-14,2150159.6061270284,29.50612702826038,0.0,0.0018849882212470526,1.3722761298361587e-05,{'515450.SH': 0.9999862772387016}
2020-09-15,2154205.0061270283,29.50612702826038,0.0,0.0018814417257548843,1.3696991207586339e-05,{'515450.SH': 0.9999863030087924}
2020-09-16,2160273.1061270284,29.50612702826038,0.0,0.0028168628253768535,1.3658517038690274e-05,{'515450.SH': 0.9999863414829613}
2020-09-17,2154205.0061270283,29.50612702826038,0.0,-0.002808950397424126,1.3696991207586339e-05,{'515450.SH': 0.9999863030087924}
2020-09-18,2186568.206127028,29.50612702826038,0.0,0.01502326840200996,1.3494263268614559e-05,{'515450.SH': 0.9999865057367314}
2020-09-21,2174432.0061270283,29.50612702826038,0.0,-0.00555034138244237,1.3569579064840466e-05,{'515450.SH': 0.9999864304209352}
2020-09-22,2146114.206127028,29.50612702826038,0.0,-0.01302307909385414,1.3748628541771984e-05,{'515450.SH': 0.9999862513714582}
2020-09-23,2140046.1061270284,29.50612702826038,0.0,-0.0028274823318701348,1.3787612773287121e-05,{'515450.SH': 0.9999862123872267}
2020-09-24,2105660.206127028,29.50612702826038,0.0,-0.016067831389965037,1.4012767559743856e-05,{'515450.SH': 0.9999859872324403}
2020-09-25,2099592.1061270284,29.50612702826038,0.0,-0.002881803997787813,1.405326631880336e-05,{'515450.SH': 0.9999859467336812}
2020-09-28,2105660.206127028,29.50612702826038,0.0,0.002890132794027833,1.4012767559743856e-05,{'515450.SH': 0.9999859872324403}
2020-09-29,2107682.906127028,29.50612702826038,0.0,0.0009606013325960117,1.3999319794493827e-05,{'515450.SH': 0.9999860006802055}
2020-09-30,2095546.7061270282,29.50612702826038,0.0,-0.0057580767793485865,1.4080395794562535e-05,{'515450.SH': 0.9999859196042055}
2020-10-09,2135773.7061270284,20029.50612702826,20000.0,0.009652373741353415,0.009378103152767709,{'515450.SH': 0.9906218968472323}
2020-10-12,2135633.0182173084,10326.248937308323,0.0,-6.587210495023754e-05,0.004835216935317859,{'511880.SH': 0.9951647830646821}
2020-10-13,2135612.1031373083,10326.248937308323,0.0,-9.793386701595352e-06,0.004835264288930845,{'511880.SH': 0.9951647357110691}
2020-10-14,2136030.404737308,10326.248937308323,0.0,0.00019586965225815156,0.004834317392864199,{'511880.SH': 0.9951656826071358}
2020-10-15,2136051.3198173083,10326.248937308323,0.0,9.79156474256726e-06,0.004834270057795944,{'511880.SH': 0.9951657299422041}
2020-10-16,2136595.1118973084,10326.248937308323,0.0,0.0002545781905869404,0.004833039671301389,{'511880.SH': 0.9951669603286986}
2020-10-19,2136804.2626973083,10326.248937308323,0.0,9.78897680872226e-05,0.004832566612476428,{'511880.SH': 0.9951674333875236}
2020-10-20,2136908.8380973083,10326.248937308323,0.0,4.8940093309246535e-05,0.004832330117789562,{'511880.SH': 0.9951676698822104}
2020-10-21,2136971.5833373084,10326.248937308323,0.0,2.9362618976236377e-05,0.004832188232087682,{'511880.SH': 0.9951678117679124}
2020-10-22,2136992.498417308,10326.248937308323,0.0,9.787252279291891e-06,0.004832140938705266,{'511880.SH': 0.9951678590612947}
2020-10-23,2137013.4134973083,10326.248937308323,0.0,9.787156490137505e-06,0.0048320936462485755,{'511880.SH': 0.9951679063537514}
2020-10-26,2137159.819057308,10326.248937308323,0.0,6.850942491753997e-05,0.004831762624969801,{'511880.SH': 0.9951682373750302}
2020-10-27,2137285.3095373083,10326.248937308323,0.0,5.871834145532162e-05,0.004831478928540339,{'511880.SH': 0.9951685210714597}
2020-10-28,2137410.800017308,10326.248937308323,0.0,5.871489381403805e-05,0.004831195265423336,{'511880.SH': 0.9951688047345767}
2020-10-29,2137619.9508173084,10326.248937308323,0.0,9.785241096316177e-05,0.004830722567573405,{'511880.SH': 0.9951692774324266}
2020-10-30,2138100.997657308,10326.248937308323,0.0,0.00022503852465249885,0.004829635713477835,{'511880.SH': 0.9951703642865222}
2020-11-02,2158707.5349773085,30326.248937308323,20000.0,0.00028368038772019766,0.014048336074218178,{'511880.SH': 0.9859516639257818}
2020-11-03,2166735.6790118283,22.779011828359216,0.0,0.003718958638185388,1.0513055214352644e-05,{'515450.SH': 0.9999894869447856}
2020-11-04,2181003.7790118284,22.779011828359216,0.0,0.00658506717649443,1.0444278935949371e-05,{'515450.SH': 0.9999895557210641}
2020-11-05,2197310.1790118287,22.779011828359216,0.0,0.007476557425952102,1.036677117593082e-05,{'515450.SH': 0.9999896332288241}
2020-11-06,2213616.5790118286,22.779011828359216,0.0,0.0074210733449262545,1.0290405323277755e-05,{'515450.SH': 0.9999897095946767}
2020-11-09,2231961.2790118284,22.779011828359216,0.0,0.008287207538077324,1.020582751258316e-05,{'515450.SH': 0.9999897941724875}
2020-11-10,2231961.2790118284,22.779011828359216,0.0,0.0,1.020582751258316e-05,{'515450.SH': 0.9999897941724875}
2020-11-11,2248267.6790118283,22.779011828359216,0.0,0.007305861509935951,1.0131805941528804e-05,{'515450.SH': 0.9999898681940584}
2020-11-12,2231961.2790118284,22.779011828359216,0.0,-0.007252873024072959,1.020582751258316e-05,{'515450.SH': 0.9999897941724875}
2020-11-13,2211578.2790118284,22.779011828359216,0.0,-0.00913232688741994,1.029988947012867e-05,{'515450.SH': 0.9999897001105299}
2020-11-16,2231961.2790118284,22.779011828359216,0.0,0.009216494931894248,1.020582751258316e-05,{'515450.SH': 0.9999897941724875}
2020-11-17,2233999.5790118286,22.779011828359216,0.0,0.000913232688742216,1.0196515721115364e-05,{'515450.SH': 0.9999898034842789}
2020-11-18,2244191.079011828,22.779011828359216,0.0,0.004561997278669017,1.0150210488488961e-05,{'515450.SH': 0.9999898497895116}
2020-11-19,2250305.9790118285,22.779011828359216,0.0,0.002724767983077747,1.0122628673973532e-05,{'515450.SH': 0.999989877371326}
2020-11-20,2254382.5790118286,22.779011828359216,0.0,0.0018115758648031832,1.0104323924621535e-05,{'515450.SH': 0.9999898956760753}
2020-11-23,2284957.079011828,22.779011828359216,0.0,0.013562249941357019,9.969120224442212e-06,{'515450.SH': 0.9999900308797756}
2020-11-24,2284957.079011828,22.779011828359216,0.0,0.0,9.969120224442212e-06,{'515450.SH': 0.9999900308797756}
2020-11-25,2274765.5790118286,22.779011828359216,0.0,-0.0044602588353244155,1.0013784294315967e-05,{'515450.SH': 0.9999899862157057}
2020-11-26,2291071.9790118285,22.779011828359216,0.0,0.007168386997961962,9.942512516863012e-06,{'515450.SH': 0.9999900574874832}
2020-11-27,2317569.8790118285,22.779011828359216,0.0,0.011565721305460075,9.828834951061666e-06,{'515450.SH': 0.999990171165049}
2020-11-30,2317569.8790118285,22.779011828359216,0.0,0.0,9.828834951061666e-06,{'515450.SH': 0.999990171165049}
2020-12-01,2353876.2790118284,20022.77901182836,20000.0,0.0070359906502377445,0.008506300518153844,{'515450.SH': 0.9914936994818462}
2020-12-02,2351758.3914118283,37.59141182836174,0.0,-0.000899744654756951,1.5984385116106477e-05,{'515450.SH': 0.9999840156148838}
2020-12-03,2329145.6914118286,37.59141182836174,0.0,-0.009615230919373774,1.6139570816446193e-05,{'515450.SH': 0.9999838604291835}
2020-12-04,2316811.4914118284,37.59141182836174,0.0,-0.005295589728663064,1.6225494377815837e-05,{'515450.SH': 0.9999837745056221}
2020-12-07,2281864.5914118285,37.59141182836174,0.0,-0.01508404983726308,1.6473988846596413e-05,{'515450.SH': 0.9999835260111534}
2020-12-08,2267474.6914118286,37.59141182836174,0.0,-0.006306202416286544,1.6578536453236304e-05,{'515450.SH': 0.9999834214635467}
2020-12-09,2261307.5914118285,37.59141182836174,0.0,-0.0027198098498555368,1.6623749891933922e-05,{'515450.SH': 0.999983376250108}
2020-12-10,2255140.4914118284,37.59141182836174,0.0,-0.002727227389773046,1.6669210619701868e-05,{'515450.SH': 0.9999833307893802}
2020-12-11,2242806.2914118282,37.59141182836174,0.0,-0.00546937099793654,1.6760882102171318e-05,{'515450.SH': 0.9999832391178978}
2020-12-14,2230472.0914118285,37.59141182836174,0.0,-0.005499449527687661,1.685356744570043e-05,{'515450.SH': 0.9999831464325543}
2020-12-15,2218137.8914118283,37.59141182836174,0.0,-0.005529860717599422,1.6947283563347403e-05,{'515450.SH': 0.9999830527164366}
2020-12-16,2226360.6914118286,37.59141182836174,0.0,0.0037070734113677783,1.68846907751158e-05,{'515450.SH': 0.9999831153092248}
2020-12-17,2242806.2914118282,37.59141182836174,0.0,0.007386763547990505,1.6760882102171318e-05,{'515450.SH': 0.9999832391178978}
2020-12-18,2251029.0914118285,37.59141182836174,0.0,0.0036662996851253293,1.6699656158057332e-05,{'515450.SH': 0.9999833003438419}
2020-12-21,2261307.5914118285,37.59141182836174,0.0,0.004566133791524374,1.6623749891933922e-05,{'515450.SH': 0.999983376250108}
2020-12-22,2203747.9914118284,37.59141182836174,0.0,-0.025454122304548243,1.7057944907883433e-05,{'515450.SH': 0.9999829420550921}
2020-12-23,2216082.1914118286,37.59141182836174,0.0,0.0055969194518010745,1.6963004338937846e-05,{'515450.SH': 0.9999830369956609}
2020-12-24,2220193.5914118285,37.59141182836174,0.0,0.0018552560983220445,1.6931591899811422e-05,{'515450.SH': 0.9999830684081001}
2020-12-25,2236639.1914118286,37.59141182836174,0.0,0.007407281988208281,1.6807096992981243e-05,{'515450.SH': 0.999983192903007}
2020-12-28,2242806.2914118282,37.59141182836174,0.0,0.0027573065980779354,1.6760882102171318e-05,{'515450.SH': 0.9999832391178978}
2020-12-29,2228416.391411829,37.59141182836174,0.0,-0.006416024448968827,1.6869114754871032e-05,{'515450.SH': 0.999983130885245}
2020-12-30,2226360.6914118286,37.59141182836174,0.0,-0.0009224936631783143,1.68846907751158e-05,{'515450.SH': 0.9999831153092248}
2020-12-31,2240750.5914118285,37.59141182836174,0.0,0.006463418104491803,1.677625880026056e-05,{'515450.SH': 0.9999832237411996}
2021-01-04,2256639.1914118286,20037.59141182836,20000.0,-0.0018348316031948642,0.008879395291939504,{'515450.SH': 0.9911206047080604}
2021-01-05,2242871.711561829,8583.811561828945,0.0,-0.0061008777576828654,0.003827152269824469,{'511360.SH': 0.9961728477301756}
2021-01-06,2242849.6115618288,8583.811561828945,0.0,-9.853439180695922e-06,0.003827189980808178,{'511360.SH': 0.9961728100191918}
2021-01-07,2243556.811561829,8583.811561828945,0.0,0.00031531316070165794,0.0038259835978271543,{'511360.SH': 0.9961740164021728}
2021-01-08,2243799.911561829,8583.811561828945,0.0,0.00010835473331782808,0.0038255690793097766,{'511360.SH': 0.9961744309206902}
2021-01-11,2244352.411561829,8583.811561828945,0.0,0.00024623407691271026,0.003824627325730691,{'511360.SH': 0.9961753726742693}
2021-01-12,2244794.411561829,8583.811561828945,0.0,0.00019693876849413705,0.0038238742566437107,{'511360.SH': 0.9961761257433563}
2021-01-13,2245059.6115618288,8583.811561828945,0.0,0.00011813999475140946,0.003823422557522833,{'511360.SH': 0.9961765774424771}
2021-01-14,2245258.5115618287,8583.811561828945,0.0,8.859452950638058e-05,0.0038230838532075945,{'511360.SH': 0.9961769161467924}
2021-01-15,2245590.0115618287,8583.811561828945,0.0,0.00014764446868498204,0.003822519479350028,{'511360.SH': 0.99617748052065}
2021-01-18,2244551.311561829,8583.811561828945,0.0,-0.0004625510421100154,0.003824288407938449,{'511360.SH': 0.9961757115920615}
2021-01-19,2245037.511561829,8583.811561828945,0.0,0.0002166134485301896,0.0038234601950402837,{'511360.SH': 0.9961765398049597}
2021-01-20,2245148.011561829,8583.811561828945,0.0,4.921966756943341e-05,0.003823272014862685,{'511360.SH': 0.9961767279851373}
2021-01-21,2245081.711561829,8583.811561828945,0.0,-2.9530347067874274e-05,0.003823384920746369,{'511360.SH': 0.9961766150792536}
2021-01-22,2245103.811561829,8583.811561828945,0.0,9.843739711801192e-06,0.0038233472847108707,{'511360.SH': 0.9961766527152891}
2021-01-25,2245899.411561829,8583.811561828945,0.0,0.0003543711412821171,0.0038219928807317533,{'511360.SH': 0.9961780071192683}
2021-01-26,2246429.811561829,8583.811561828945,0.0,0.00023616373790802392,0.0038210904777216496,{'511360.SH': 0.9961789095222784}
2021-01-27,2245766.811561829,8583.811561828945,0.0,-0.00029513497220690077,0.003822218548086608,{'511360.SH': 0.9961777814519134}
2021-01-28,2244219.811561829,8583.811561828945,0.0,-0.0006888515726725108,0.003824853304300517,{'511360.SH': 0.9961751466956995}
2021-01-29,2244109.311561829,8583.811561828945,0.0,-4.9237601161267186e-05,0.0038250416401752214,{'511360.SH': 0.9961749583598247}
2021-02-01,2263844.1115618288,28583.811561828945,20000.0,-0.00011817606149300275,0.012626227846628953,{'511360.SH': 0.9873737721533711}
2021-02-02,2262419.072563109,6490.229043108877,0.0,-0.0006294775295886401,0.002868712132874682,{'511880.SH': 0.9971312878671253}
2021-02-03,2262913.759283109,6490.229043108877,0.0,0.00021865388512654071,0.002868085014943292,{'511880.SH': 0.9971319149850567}
2021-02-04,2262981.216563109,6490.229043108877,0.0,2.9809920825796254e-05,0.0028679995201046694,{'511880.SH': 0.9971320004798954}
2021-02-05,2263610.817843109,6490.229043108877,0.0,0.00027821763406254973,0.0028672018139995984,{'511880.SH': 0.9971327981860004}
2021-02-08,2263543.3605631087,6490.229043108877,0.0,-2.980074112934883e-05,0.002867287261285016,{'511880.SH': 0.997132712738715}
2021-02-09,2264038.0472831093,6490.229043108877,0.0,0.00021854528109299665,0.0028666607661020894,{'511880.SH': 0.9971333392338979}
2021-02-10,2265162.335283109,6490.229043108877,0.0,0.0004965852942926396,0.0028652379310808653,{'511880.SH': 0.9971347620689192}
2021-02-18,2265072.3922431087,6490.229043108877,0.0,-3.970710557887891e-05,0.002865351705903572,{'511880.SH': 0.9971346482940965}
2021-02-19,2265432.164403109,6490.229043108877,0.0,0.00015883472918232222,0.002864896660818316,{'511880.SH': 0.9971351033391816}
2021-02-22,2265499.6216831086,6490.229043108877,0.0,2.9776782134449675e-05,0.0028648113559547133,{'511880.SH': 0.9971351886440453}
2021-02-23,2266039.279923109,6490.229043108877,0.0,0.00023820716403366582,0.002864129099884404,{'511880.SH': 0.9971358709001156}
2021-02-24,2266039.279923109,6490.229043108877,0.0,0.0,0.002864129099884404,{'511880.SH': 0.9971358709001156}
2021-02-25,2266241.651763109,6490.229043108877,0.0,8.930641308513287e-05,0.00286387333762909,{'511880.SH': 0.997136126662371}
2021-02-26,2266444.023603109,6490.229043108877,0.0,8.929843816196659e-05,0.002863617621048037,{'511880.SH': 0.997136382378952}
2021-03-01,2286713.852723109,26490.229043108877,20000.0,0.00011905395288391851,0.011584409221802398,{'511880.SH': 0.9884155907781976}
2021-03-02,2269606.8811941496,48.68119414942339,0.0,-0.007481028511104659,2.1449174547712805e-05,{'512890.SH': 0.9999785508254523}
2021-03-03,2320626.6811941494,48.68119414942339,0.0,0.022479575834364773,2.0977606843843143e-05,{'512890.SH': 0.9999790223931562}
2021-03-04,2322272.4811941497,48.68119414942339,0.0,0.0007092049804207079,2.0962739964257227e-05,{'512890.SH': 0.9999790372600358}
2021-03-05,2287710.6811941494,48.68119414942339,0.0,-0.014882749668647,2.127943649063725e-05,{'512890.SH': 0.9999787205635093}
2021-03-08,2274544.281194149,48.68119414942339,0.0,-0.0057552732118765215,2.140261438386483e-05,{'512890.SH': 0.9999785973856161}
2021-03-09,2256440.4811941492,48.68119414942339,0.0,-0.007959308662258802,2.15743311446267e-05,{'512890.SH': 0.9999784256688554}
2021-03-10,2238336.6811941494,48.68119414942339,0.0,-0.008023167529071729,2.1748825616105277e-05,{'512890.SH': 0.9999782511743839}
2021-03-11,2286064.8811941496,48.68119414942339,0.0,0.02132306565004205,2.129475613307802e-05,{'512890.SH': 0.9999787052438669}
2021-03-12,2337084.6811941494,48.68119414942339,0.0,0.022317739281900506,2.0829880295372695e-05,{'512890.SH': 0.9999791701197046}
2021-03-15,2348605.2811941495,48.68119414942339,0.0,0.004929474782280341,2.0727703603166307e-05,{'512890.SH': 0.9999792722963968}
2021-03-16,2360125.881194149,48.68119414942339,0.0,0.004905294257935955,2.0626524431312215e-05,{'512890.SH': 0.9999793734755686}
2021-03-17,2345313.6811941494,48.68119414942339,0.0,-0.006276021172440638,2.075679451314874e-05,{'512890.SH': 0.9999792432054868}
2021-03-18,2350251.0811941493,48.68119414942339,0.0,0.0021052194593800255,2.07131887052207e-05,{'512890.SH': 0.9999792868112948}
2021-03-19,2322272.4811941497,48.68119414942339,0.0,-0.011904515319181908,2.0962739964257227e-05,{'512890.SH': 0.9999790372600358}
2021-03-22,2348605.2811941495,48.68119414942339,0.0,0.011339237842778571,2.0727703603166307e-05,{'512890.SH': 0.9999792722963968}
2021-03-23,2315689.2811941495,48.68119414942339,0.0,-0.014015126451245918,2.102233427634971e-05,{'512890.SH': 0.9999789776657236}
2021-03-24,2292648.0811941493,48.68119414942339,0.0,-0.009950039578763503,2.1233609531589032e-05,{'512890.SH': 0.9999787663904685}
2021-03-25,2289356.4811941492,48.68119414942339,0.0,-0.0014357196933101335,2.1264138874532478e-05,{'512890.SH': 0.9999787358611255}
2021-03-26,2307460.281194149,48.68119414942339,0.0,0.007907811714214397,2.109730535609916e-05,{'512890.SH': 0.999978902694644}
2021-03-29,2345313.6811941494,48.68119414942339,0.0,0.01640478941653134,2.075679451314874e-05,{'512890.SH': 0.9999792432054868}
2021-03-30,2338730.4811941497,48.68119414942339,0.0,-0.0028069592791731823,2.0815221993671926e-05,{'512890.SH': 0.9999791847780063}
2021-03-31,2335438.8811941496,48.68119414942339,0.0,-0.0014074302389557314,2.084455925668749e-05,{'512890.SH': 0.9999791554407433}
2021-04-01,2370251.0811941493,20048.681194149423,20000.0,0.006342362508080734,0.008458463051960198,{'512890.SH': 0.9915415369480398}
2021-04-02,2353831.4262441495,74.52624414954334,0.0,-0.006927390553800539,3.166167437421798e-05,{'515450.SH': 0.9999683383256258}
2021-04-06,2353831.4262441495,74.52624414954334,0.0,0.0,3.166167437421798e-05,{'515450.SH': 0.9999683383256258}
2021-04-07,2359720.7262441493,74.52624414954334,0.0,0.0025020058506894927,3.15826543881585e-05,{'515450.SH': 0.9999684173456118}
2021-04-08,2357757.6262441496,74.52624414954334,0.0,-0.0008319204803206581,3.160895052145874e-05,{'515450.SH': 0.9999683910494785}
2021-04-09,2363646.9262441495,74.52624414954334,0.0,0.002497839444753014,3.1530193161279816e-05,{'515450.SH': 0.9999684698068387}
2021-04-12,2369536.2262441497,74.52624414954334,0.0,0.002491615788555279,3.14518272918206e-05,{'515450.SH': 0.9999685481727082}
2021-04-13,2334200.4262441495,74.52624414954334,0.0,-0.01491253841516893,3.1927954134367104e-05,{'515450.SH': 0.9999680720458657}
2021-04-14,2332237.3262441494,74.52624414954334,0.0,-0.0008410160404086486,3.1954828657836854e-05,{'515450.SH': 0.9999680451713422}
2021-04-15,2320458.7262441493,74.52624414954334,0.0,-0.005050343662481582,3.21170307002918e-05,{'515450.SH': 0.9999678829692997}
2021-04-16,2344015.9262441495,74.52624414954334,0.0,0.010151958202734068,3.179425673483278e-05,{'515450.SH': 0.9999682057432652}
2021-04-19,2349905.2262441497,74.52624414954334,0.0,0.0025124829290033013,3.171457440803199e-05,{'515450.SH': 0.999968285425592}
2021-04-20,2344015.9262441495,74.52624414954334,0.0,-0.00250618617901166,3.179425673483278e-05,{'515450.SH': 0.9999682057432652}
2021-04-21,2338126.6262441496,74.52624414954334,0.0,-0.0025124829290030792,3.187434047113975e-05,{'515450.SH': 0.9999681256595289}
2021-04-22,2332237.3262441494,74.52624414954334,0.0,-0.00251881139964627,3.1954828657836854e-05,{'515450.SH': 0.9999680451713422}
2021-04-23,2318495.6262441496,74.52624414954334,0.0,-0.005892067606228291,3.214422460234365e-05,{'515450.SH': 0.9999678557753977}
2021-04-26,2302790.82624415,74.52624414954334,0.0,-0.006773702664016112,3.236344495565652e-05,{'515450.SH': 0.9999676365550444}
2021-04-27,2294938.4262441495,74.52624414954334,0.0,-0.0034099493147659032,3.2474180264396686e-05,{'515450.SH': 0.9999675258197356}
2021-04-28,2304753.9262441495,74.52624414954334,0.0,0.004277021068519016,3.2335879028522614e-05,{'515450.SH': 0.9999676641209715}
2021-04-29,2324384.9262441495,74.52624414954334,0.0,0.008517612130502394,3.206278069870568e-05,{'515450.SH': 0.9999679372193013}
2021-04-30,2306717.0262441495,74.52624414954334,0.0,-0.007601107630889947,3.23083600205998e-05,{'515450.SH': 0.9999676916399795}
2021-05-06,2340458.7262441493,20074.526244149543,20000.0,0.005957254333174289,0.008577175926688585,{'515450.SH': 0.9914228240733114}
2021-05-07,2369761.6942441496,140.59424414951354,0.0,0.012520181480416115,5.93284314161205e-05,{'512890.SH': 0.9999406715685839}
2021-05-10,2392437.49424415,140.59424414951354,0.0,0.00956881025424483,5.876610966337154e-05,{'512890.SH': 0.9999412338903366}
2021-05-11,2376240.4942441494,140.59424414951354,0.0,-0.00677008282931868,5.916667293990994e-05,{'512890.SH': 0.9999408333270601}
2021-05-12,2400535.9942441494,140.59424414951354,0.0,0.010224343899049693,5.856785504846475e-05,{'512890.SH': 0.9999414321449516}
2021-05-13,2394057.1942441496,140.59424414951354,0.0,-0.002698897252752852,5.872635143702232e-05,{'512890.SH': 0.999941273648563}
2021-05-14,2389198.0942441495,140.59424414951354,0.0,-0.0020296507584206536,5.884578783493135e-05,{'512890.SH': 0.9999411542121651}
2021-05-17,2402155.6942441496,140.59424414951354,0.0,0.00542340964996435,5.852836453789988e-05,{'512890.SH': 0.9999414716354621}
2021-05-18,2408634.49424415,140.59424414951354,0.0,0.002697077469010045,5.8370933608020596e-05,{'512890.SH': 0.999941629066392}
2021-05-19,2405395.0942441495,140.59424414951354,0.0,-0.0013449114042589638,5.8449543065062526e-05,{'512890.SH': 0.9999415504569349}
2021-05-20,2373001.0942441495,140.59424414951354,0.0,-0.013467226268780275,5.924744176921492e-05,{'512890.SH': 0.9999407525582308}
2021-05-21,2382719.2942441497,140.59424414951354,0.0,0.004095320488293197,5.9005794131579853e-05,{'512890.SH': 0.9999409942058685}
2021-05-24,2398916.2942441497,140.59424414951354,0.0,0.0067976954058861505,5.860739888542545e-05,{'512890.SH': 0.9999413926011146}
2021-05-25,2434549.694244149,140.59424414951354,0.0,0.014853957216221625,5.774958896173348e-05,{'512890.SH': 0.9999422504110382}
2021-05-26,2447507.2942441492,140.59424414951354,0.0,0.005322380574376728,5.744385092545047e-05,{'512890.SH': 0.9999425561490746}
2021-05-27,2463704.2942441492,140.59424414951354,0.0,0.006617753515215652,5.706620087401645e-05,{'512890.SH': 0.999942933799126}
2021-05-28,2475042.1942441496,140.59424414951354,0.0,0.004601972739378013,5.6804786793725536e-05,{'512890.SH': 0.9999431952132063}
2021-05-31,2489619.4942441494,140.59424414951354,0.0,0.005889717772852521,5.6472181582189156e-05,{'512890.SH': 0.9999435278184178}
2021-06-01,2509619.4942441494,20140.594244149514,20000.0,0.0,0.00802535774460721,{'512890.SH': 0.9919746422553928}
2021-06-02,2514547.1465441496,35.14654414951292,0.0,0.0019635057471070194,1.3977285809819207e-05,{'512890.SH': 0.9999860227141901}
2021-06-03,2508015.94654415,35.14654414951292,0.0,-0.0025973662927639696,1.401368448152896e-05,{'512890.SH': 0.9999859863155184}
2021-06-04,2503117.5465441495,35.14654414951292,0.0,-0.001953097629522671,1.404110813654632e-05,{'512890.SH': 0.9999859588918634}
2021-06-07,2476992.7465441492,35.14654414951292,0.0,-0.010436904985172801,1.4189199463158976e-05,{'512890.SH': 0.9999858108005368}
2021-06-08,2485156.7465441497,35.14654414951292,0.0,0.0032959321384331552,1.4142586457931711e-05,{'512890.SH': 0.9999858574135421}
2021-06-09,2488422.34654415,35.14654414951292,0.0,0.0013140418625670058,1.4124026895323232e-05,{'512890.SH': 0.9999858759731046}
2021-06-10,2488422.34654415,35.14654414951292,0.0,0.0,1.4124026895323232e-05,{'512890.SH': 0.9999858759731046}
2021-06-11,2481891.1465441496,35.14654414951292,0.0,-0.0026246348450738033,1.4161194860802775e-05,{'512890.SH': 0.9999858388051391}
2021-06-15,2454133.5465441495,35.14654414951292,0.0,-0.01118405214453122,1.4321365762268894e-05,{'512890.SH': 0.9999856786342377}
2021-06-16,2452500.7465441497,35.14654414951292,0.0,-0.0006653264661571345,1.4330900489648522e-05,{'512890.SH': 0.9999856690995104}
2021-06-17,2450867.9465441494,35.14654414951292,0.0,-0.0006657694201729347,1.4340447921346135e-05,{'512890.SH': 0.9999856595520786}
2021-06-18,2439438.34654415,35.14654414951292,0.0,-0.0046634907507423495,1.4407637806999123e-05,{'512890.SH': 0.999985592362193}
2021-06-21,2434539.94654415,35.14654414951292,0.0,-0.002008003197514374,1.4436626599371983e-05,{'512890.SH': 0.9999855633734006}
2021-06-22,2447602.34654415,35.14654414951292,0.0,0.0053654490321846104,1.4359580999396198e-05,{'512890.SH': 0.9999856404190005}
2021-06-23,2476992.7465441492,35.14654414951292,0.0,0.01200783290696572,1.4189199463158976e-05,{'512890.SH': 0.9999858108005368}
2021-06-24,2476992.7465441492,35.14654414951292,0.0,0.0,1.4189199463158976e-05,{'512890.SH': 0.9999858108005368}
2021-06-25,2476992.7465441492,35.14654414951292,0.0,0.0,1.4189199463158976e-05,{'512890.SH': 0.9999858108005368}
2021-06-28,2442703.9465441494,35.14654414951292,0.0,-0.013842914981417986,1.4388376536271208e-05,{'512890.SH': 0.9999856116234637}
2021-06-29,2436172.7465441497,35.14654414951292,0.0,-0.002673758319848729,1.4426950715777566e-05,{'512890.SH': 0.9999855730492841}
2021-06-30,2447602.34654415,35.14654414951292,0.0,0.004691621321276873,1.4359580999396198e-05,{'512890.SH': 0.9999856404190005}
2021-07-01,2490461.5465441495,20035.146544149513,20000.0,0.009339425594306672,0.008044752416254318,{'512890.SH': 0.9919552475837456}
2021-07-02,2487886.68082319,4919.118583189789,0.0,-0.0010338909767678706,0.0019772277496023873,{'511880.SH': 0.9980227722503976}
2021-07-05,2488082.92018319,4919.118583189789,0.0,7.887793343352989e-05,0.001977071802264375,{'511880.SH': 0.9980229281977356}
2021-07-06,2488181.0398631897,4919.118583189789,0.0,3.943585609778033e-05,0.001976993837819881,{'511880.SH': 0.9980230061621801}
2021-07-07,2488230.0997031904,4919.118583189789,0.0,1.9717150486542323e-05,0.0019769548579034422,{'511880.SH': 0.9980230451420966}
2021-07-08,2488450.86898319,4919.118583189789,0.0,8.872542777527137e-05,0.001976779467299589,{'511880.SH': 0.9980232205327004}
2021-07-09,2488769.75794319,4919.118583189789,0.0,0.00012814758128243398,0.0019765261802502485,{'511880.SH': 0.9980234738197498}
2021-07-12,2488843.34770319,4919.118583189789,0.0,2.9568729596141097e-05,0.00197646773861013,{'511880.SH': 0.9980235322613898}
2021-07-13,2489064.1169831897,4919.118583189789,0.0,8.870356593693174e-05,0.0019762924344238625,{'511880.SH': 0.9980237075655761}
2021-07-14,2489701.89490319,4919.118583189789,0.0,0.0002562320173469246,0.001975786174746461,{'511880.SH': 0.9980242138252535}
2021-07-15,2489211.29650319,4919.118583189789,0.0,-0.00019705106101430836,0.0019761755822416925,{'511880.SH': 0.9980238244177583}
2021-07-16,2489750.95474319,4919.118583189789,0.0,0.00021679888756676036,0.001975747242437419,{'511880.SH': 0.9980242527575626}
2021-07-19,2489873.60434319,4919.118583189789,0.0,4.92617945444529e-05,0.001975649918377048,{'511880.SH': 0.9980243500816229}
2021-07-20,2489898.13426319,4919.118583189789,0.0,9.851873588040405e-06,0.0019756304547155516,{'511880.SH': 0.9980243695452844}
2021-07-21,2490045.31378319,4919.118583189789,0.0,5.9110659177186164e-05,0.001975513680799666,{'511880.SH': 0.9980244863192004}
2021-07-22,2490069.8437031903,4919.118583189789,0.0,9.851194219034909e-06,0.001975494219822428,{'511880.SH': 0.9980245057801775}
2021-07-23,2490290.6129831895,4919.118583189789,0.0,8.865987456441182e-05,0.0019753190882798367,{'511880.SH': 0.9980246809117201}
2021-07-26,2490634.0318631902,4919.118583189789,0.0,0.00013790313395967146,0.001975046723146998,{'511880.SH': 0.998024953276853}
2021-07-27,2490830.27122319,4919.118583189789,0.0,7.879092531815068e-05,0.001974891119648278,{'511880.SH': 0.9980251088803517}
2021-07-28,2490977.45074319,4919.118583189789,0.0,5.9088538348239794e-05,0.0019747744331134577,{'511880.SH': 0.9980252255668866}
2021-07-29,2491001.98066319,4919.118583189789,0.0,9.847507849825021e-06,0.0019747549866982244,{'511880.SH': 0.9980252450133018}
2021-07-30,2491885.05778319,4919.118583189789,0.0,0.0003545067915862177,0.0019740551707332337,{'511880.SH': 0.9980259448292668}
2021-08-02,2511615.22866319,24919.11858318979,20000.0,-0.00010828313254562794,0.009921550999853198,{'511880.SH': 0.9900784490001469}
2021-08-03,2516039.30267327,6532.302673269995,0.0,0.0017614457658925442,0.0025962641626183975,{'511260.SH': 0.9974037358373816}
2021-08-04,2512267.9026732696,6532.302673269995,0.0,-0.001498943198539604,0.0026001616572496355,{'511260.SH': 0.9973998383427504}
2021-08-05,2513466.90267327,6532.302673269995,0.0,0.00047725801803411017,0.0025989213012203886,{'511260.SH': 0.9974010786987796}
2021-08-06,2513815.70267327,6532.302673269995,0.0,0.0001387724658832301,0.002598560692545337,{'511260.SH': 0.9974014393074546}
2021-08-09,2506207.50267327,6532.302673269995,0.0,-0.003026554409660598,0.002606449253025638,{'511260.SH': 0.9973935507469743}
2021-08-10,2503722.30267327,6532.302673269995,0.0,-0.000991617811912704,0.0026090364200116504,{'511260.SH': 0.9973909635799884}
2021-08-11,2496462.90267327,6532.302673269995,0.0,-0.0028994429582901438,0.0026166231696353485,{'511260.SH': 0.9973833768303646}
2021-08-12,2500212.5026732697,6532.302673269995,0.0,0.0015019650386089989,0.002612698987100315,{'511260.SH': 0.9973873010128997}
2021-08-13,2502305.30267327,6532.302673269995,0.0,0.0008370488499527262,0.002610513859476454,{'511260.SH': 0.9973894861405236}
2021-08-16,2502174.50267327,6532.302673269995,0.0,-5.227179907263402e-05,0.0026106503228655797,{'511260.SH': 0.9973893496771344}
2021-08-17,2503286.30267327,6532.302673269995,0.0,0.00044433351823069955,0.002609490838620465,{'511260.SH': 0.9973905091613795}
2021-08-18,2508823.50267327,6532.302673269995,0.0,0.0022119723157862925,0.0026037314567204576,{'511260.SH': 0.9973962685432796}
2021-08-19,2509891.70267327,6532.302673269995,0.0,0.0004257772612785704,0.0026026233188916,{'511260.SH': 0.9973973766811084}
2021-08-20,2509281.30267327,6532.302673269995,0.0,-0.0002431977440898736,0.002603256424981443,{'511260.SH': 0.9973967435750185}
2021-08-23,2508213.10267327,6532.302673269995,0.0,-0.0004256995813352038,0.0026043651021150573,{'511260.SH': 0.997395634897885}
2021-08-24,2510959.90267327,6532.302673269995,0.0,0.001095122259377801,0.0026015161238996448,{'511260.SH': 0.9973984838761003}
2021-08-25,2511243.30267327,6532.302673269995,0.0,0.00011286520334241601,0.002601222536389136,{'511260.SH': 0.9973987774636108}
2021-08-26,2502719.50267327,6532.302673269995,0.0,-0.0033942549457179894,0.002610081819513749,{'511260.SH': 0.9973899181804863}
2021-08-27,2504943.10267327,6532.302673269995,0.0,0.0008884735175573866,0.0026077648894694398,{'511260.SH': 0.9973922351105305}
2021-08-30,2505466.30267327,6532.302673269995,0.0,0.00020886701955102893,0.002607220327130399,{'511260.SH': 0.9973927796728697}
2021-08-31,2507384.70267327,6532.302673269995,0.0,0.000765685811839889,0.002605225542895561,{'511260.SH': 0.9973947744571044}
2021-09-01,2533619.50267327,26532.302673269995,20000.0,0.0024865749533180548,0.01047209442667901,{'511260.SH': 0.989527905573321}
2021-09-02,2596204.9138764064,393.3806660748087,0.0,0.024701977205772607,0.00015152142420355027,{'510880.SH': 0.9998484785757964}
2021-09-03,2577512.4701494696,393.3806660748087,0.0,-0.007199910772461737,0.00015262027657697293,{'510880.SH': 0.9998473797234231}
2021-09-06,2600268.4885996543,393.3806660748087,0.0,0.008828674434643968,0.00015128463379820422,{'510880.SH': 0.9998487153662018}
2021-09-07,2666098.399116259,393.3806660748087,0.0,0.025316582039594193,0.000147549192559886,{'510880.SH': 0.9998524508074401}
2021-09-08,2695356.137123639,393.3806660748087,0.0,0.010973990313740245,0.0001459475653909715,{'510880.SH': 0.999854052434609}
2021-09-09,2777440.3465332338,393.3806660748087,0.0,0.030453938267761105,0.00014163424484195367,{'510880.SH': 0.9998583657551581}
2021-09-10,2726239.305020319,393.3806660748087,0.0,-0.01843461429399318,0.0001442942537547623,{'510880.SH': 0.9998557057462453}
2021-09-13,2784754.7810350787,393.3806660748087,0.0,0.021463807636770804,0.00014126222845682346,{'510880.SH': 0.9998587377715432}
2021-09-14,2727864.734909617,393.3806660748087,0.0,-0.020429104391129216,0.00014420827434753384,{'510880.SH': 0.9998557917256524}
2021-09-15,2709172.29118268,393.3806660748087,0.0,-0.006852408584532066,0.0001452032664571066,{'510880.SH': 0.9998547967335429}
2021-09-16,2698606.996902237,393.3806660748087,0.0,-0.003899823689629822,0.0001457717505833102,{'510880.SH': 0.9998542282494167}
2021-09-17,2626275.366828436,393.3806660748087,0.0,-0.026803321178975437,0.00014978652697407975,{'510880.SH': 0.9998502134730259}
2021-09-22,2673412.8336181045,393.3806660748087,0.0,0.017948409898308926,0.00014714549923904602,{'510880.SH': 0.999852854500761}
2021-09-23,2666098.399116259,393.3806660748087,0.0,-0.0027359913926747748,0.000147549192559886,{'510880.SH': 0.9998524508074401}
2021-09-24,2573448.895426222,393.3806660748087,0.0,-0.03475096932684396,0.00015286126986005519,{'510880.SH': 0.99984713873014}
2021-09-27,2504368.1251310194,393.3806660748087,0.0,-0.02684365344032269,0.00015707781221429995,{'510880.SH': 0.9998429221877857}
2021-09-28,2567759.890813676,393.3806660748087,0.0,0.02531247904272882,0.00015319994189571734,{'510880.SH': 0.9998468000581043}
2021-09-29,2499491.835463123,393.3806660748087,0.0,-0.026586619564697878,0.00015738425726920626,{'510880.SH': 0.9998426157427308}
2021-09-30,2511682.559632865,393.3806660748087,0.0,0.0048772810524035926,0.00015662037567848921,{'510880.SH': 0.9998433796243215}
2021-10-08,2523555.41018637,20393.38066607481,20000.0,-0.0032357390926355256,0.00808120978194361,{'510880.SH': 0.9919187902180564}
2021-10-11,2497729.2640959644,102.66409596428275,0.0,-0.010234031710244174,4.110297198341122e-05,{'515450.SH': 0.9999588970280165}
2021-10-12,2461281.564095964,102.66409596428275,0.0,-0.01459233413481753,4.171164220376045e-05,{'515450.SH': 0.9999582883577962}
2021-10-13,2426752.1640959643,102.66409596428275,0.0,-0.014029032884209092,4.230514243819707e-05,{'515450.SH': 0.9999576948575618}
2021-10-14,2413324.064095964,102.66409596428275,0.0,-0.005533362738342262,4.254053464748462e-05,{'515450.SH': 0.9999574594653525}
2021-10-15,2424833.8640959645,102.66409596428275,0.0,0.004769272461679019,4.233861027941325e-05,{'515450.SH': 0.9999576613897205}
2021-10-18,2428670.464095964,102.66409596428275,0.0,0.0015822114895405193,4.227172746653297e-05,{'515450.SH': 0.9999577282725335}
2021-10-19,2428670.464095964,102.66409596428275,0.0,0.0,4.227172746653297e-05,{'515450.SH': 0.9999577282725335}
2021-10-20,2432507.064095964,102.66409596428275,0.0,0.001579712050983506,4.22050556315394e-05,{'515450.SH': 0.9999577949443684}
2021-10-21,2457444.964095964,102.66409596428275,0.0,0.010251933228924814,4.1776763046268445e-05,{'515450.SH': 0.9999582232369537}
2021-10-22,2428670.464095964,102.66409596428275,0.0,-0.011709112684273437,4.227172746653297e-05,{'515450.SH': 0.9999577282725335}
2021-10-25,2438261.964095964,102.66409596428275,0.0,0.003949280127458765,4.210544128401215e-05,{'515450.SH': 0.999957894558716}
2021-10-26,2417160.6640959643,102.66409596428275,0.0,-0.008654238269194203,4.247301285728968e-05,{'515450.SH': 0.9999575269871427}
2021-10-27,2403732.564095964,102.66409596428275,0.0,-0.005555319594373054,4.2710282124456876e-05,{'515450.SH': 0.9999572897178756}
2021-10-28,2376876.3640959645,102.66409596428275,0.0,-0.01117270714768559,4.319286333739561e-05,{'515450.SH': 0.9999568071366626}
2021-10-29,2357693.3640959645,102.66409596428275,0.0,-0.00807067640949688,4.354429525386917e-05,{'515450.SH': 0.9999564557047461}
2021-11-01,2387284.8640959645,20102.664095964283,20000.0,0.004068171097252771,0.00842072280451412,{'515450.SH': 0.9915792771954859}
2021-11-02,2375353.103645964,6600.0036459644325,0.0,-0.004998046370355946,0.0027785358041438096,{'511360.SH': 0.9972214641958562}
2021-11-03,2375719.5036459644,6600.0036459644325,0.0,0.00015425075094643859,0.0027781072790098124,{'511360.SH': 0.9972218927209902}
2021-11-04,2375971.4036459643,6600.0036459644325,0.0,0.00010603103590867136,0.0027778127446469376,{'511360.SH': 0.997222187255353}
2021-11-05,2376429.4036459643,6600.0036459644325,0.0,0.00019276326276362887,0.0027772773875961044,{'511360.SH': 0.9972227226124039}
2021-11-08,2376704.2036459646,6600.0036459644325,0.0,0.00011563566734973385,0.002776956272404344,{'511360.SH': 0.9972230437275956}
2021-11-09,2377024.8036459642,6600.0036459644325,0.0,0.00013489268016941836,0.002776581731852825,{'511360.SH': 0.9972234182681472}
2021-11-10,2377322.5036459644,6600.0036459644325,0.0,0.00012524059468943527,0.002776234034651328,{'511360.SH': 0.9972237659653487}
2021-11-11,2377345.4036459643,6600.0036459644325,0.0,9.632685495919446e-06,0.0027762072923196096,{'511360.SH': 0.9972237927076804}
2021-11-12,2377963.703645964,6600.0036459644325,0.0,0.0002600800031209438,0.0027754854440566576,{'511360.SH': 0.9972245145559433}
2021-11-15,2378215.603645964,6600.0036459644325,0.0,0.00010593096926325707,0.0027751914653348433,{'511360.SH': 0.9972248085346651}
2021-11-16,2378467.5036459644,6600.0036459644325,0.0,0.00010591974908180646,0.0027748975488827384,{'511360.SH': 0.9972251024511173}
2021-11-17,2378582.0036459644,6600.0036459644325,0.0,4.814024148935836e-05,0.002774763971075095,{'511360.SH': 0.9972252360289249}
2021-11-18,2378696.5036459644,6600.0036459644325,0.0,4.813792411795248e-05,0.0027746304061271494,{'511360.SH': 0.9972253695938729}
2021-11-19,2379085.8036459647,6600.0036459644325,0.0,0.00016366106369747335,0.0027741763814696733,{'511360.SH': 0.9972258236185303}
2021-11-22,2379337.7036459646,6600.0036459644325,0.0,0.00010588100673536438,0.0027738826799789513,{'511360.SH': 0.9972261173200211}
2021-11-23,2379360.6036459645,6600.0036459644325,0.0,9.624527012253026e-06,0.002773855982927116,{'511360.SH': 0.9972261440170729}
2021-11-24,2379681.2036459646,6600.0036459644325,0.0,0.00013474208134267585,0.0027734822781523903,{'511360.SH': 0.9972265177218476}
2021-11-25,2379841.5036459644,6600.0036459644325,0.0,6.736196418000162e-05,0.002773295463522716,{'511360.SH': 0.9972267045364773}
2021-11-26,2380368.2036459646,6600.0036459644325,0.0,0.00022131725965501836,0.0027726818211801572,{'511360.SH': 0.9972273181788198}
2021-11-29,2380368.2036459646,6600.0036459644325,0.0,0.0,0.0027726818211801572,{'511360.SH': 0.9972273181788198}
2021-11-30,2380459.8036459647,6600.0036459644325,0.0,3.848144159368516e-05,0.002772575128492286,{'511360.SH': 0.9972274248715077}
2021-12-01,2400963.6036459645,26600.003645964433,20000.0,0.00021163978456106847,0.01107888666265961,{'511360.SH': 0.9889211133373403}
2021-12-02,2401207.1351459646,5852.635145964432,0.0,0.00010143073373969358,0.002437372045210361,{'511360.SH': 0.9975626279547896}
2021-12-03,2401669.1351459646,5852.635145964432,0.0,0.00019240322637625873,0.002436903177176706,{'511360.SH': 0.9975630968228233}
2021-12-06,2401992.5351459645,5852.635145964432,0.0,0.0001346563501471998,0.0024365750768699946,{'511360.SH': 0.99756342492313}
2021-12-07,2402500.7351459647,5852.635145964432,0.0,0.00021157434611640547,0.002436059669138396,{'511360.SH': 0.9975639403308616}
2021-12-08,2402662.4351459644,5852.635145964432,0.0,6.730487014383613e-05,0.002435895721493177,{'511360.SH': 0.9975641042785067}
2021-12-09,2402754.8351459648,5852.635145964432,0.0,3.845733743057522e-05,0.00243580204703194,{'511360.SH': 0.997564197952968}
2021-12-10,2403032.0351459645,5852.635145964432,0.0,0.00011536757556163124,0.0024355210668712255,{'511360.SH': 0.9975644789331287}
2021-12-13,2403447.8351459648,5852.635145964432,0.0,0.00017303140112945314,0.002435099718155103,{'511360.SH': 0.9975649002818449}
2021-12-14,2403794.3351459648,5852.635145964432,0.0,0.00014416788870263986,0.002434748705574699,{'511360.SH': 0.9975652512944252}
2021-12-15,2403771.2351459647,5852.635145964432,0.0,-9.609807154586925e-06,0.002434772103265077,{'511360.SH': 0.9975652278967349}
2021-12-16,2403540.2351459647,5852.635145964432,0.0,-9.609899503848496e-05,0.002435006104904671,{'511360.SH': 0.9975649938950952}
2021-12-17,2403655.7351459647,5852.635145964432,0.0,4.8054115471485304e-05,0.002434889098462773,{'511360.SH': 0.9975651109015372}
2021-12-20,2404163.9351459644,5852.635145964432,0.0,0.00021142794809136944,0.0024343744036777176,{'511360.SH': 0.9975656255963222}
2021-12-21,2403909.8351459643,5852.635145964432,0.0,-0.00010569162788176545,0.0024346317238679058,{'511360.SH': 0.9975653682761321}
2021-12-22,2403863.6351459646,5852.635145964432,0.0,-1.9218690869404753e-05,0.0024346785152016557,{'511360.SH': 0.9975653214847983}
2021-12-23,2403863.6351459646,5852.635145964432,0.0,0.0,0.0024346785152016557,{'511360.SH': 0.9975653214847983}
2021-12-24,2404071.5351459645,5852.635145964432,0.0,8.64857710562994e-05,0.0024344679683623,{'511360.SH': 0.9975655320316377}
2021-12-27,2404833.8351459648,5852.635145964432,0.0,0.0003170870703537165,0.002433696274740412,{'511360.SH': 0.9975663037252596}
2021-12-28,2405064.8351459643,5852.635145964432,0.0,9.605653273148107e-05,0.0024334625247677505,{'511360.SH': 0.9975665374752322}
2021-12-29,2405711.6351459646,5852.635145964432,0.0,0.0002689324589293385,0.002432808263659301,{'511360.SH': 0.9975671917363407}
2021-12-30,2406681.8351459648,5852.635145964432,0.0,0.00040329023056062674,0.00243182753137349,{'511360.SH': 0.9975681724686265}
2021-12-31,2406704.935145965,5852.635145964432,0.0,9.598277455280524e-06,0.0024318041902421554,{'511360.SH': 0.9975681958097578}
2022-01-04,2426058.1351459646,25852.635145964432,20000.0,-0.0002687491892150451,0.010656230686083292,{'511360.SH': 0.9893437693139167}
2022-01-05,2433073.481533995,117.94561399519444,0.0,0.002891664583960285,4.847597694453212e-05,{'512890.SH': 0.9999515240230554}
2022-01-06,2451050.985493995,117.94561399519444,0.0,0.0073888043647023505,4.812042454164747e-05,{'512890.SH': 0.9999518795754584}
2022-01-07,2472024.740113995,117.94561399519444,0.0,0.008557045424240073,4.771214951099376e-05,{'512890.SH': 0.999952287850489}
2022-01-10,2484009.742753995,117.94561399519444,0.0,0.004848253516850809,4.748194500414052e-05,{'512890.SH': 0.9999525180549959}
2022-01-11,2492998.494733995,117.94561399519444,0.0,0.003618646024324379,4.7310744167849703e-05,{'512890.SH': 0.9999526892558321}
2022-01-12,2478017.241433995,117.94561399519444,0.0,-0.006009331065239376,4.759676890986477e-05,{'512890.SH': 0.9999524032310901}
2022-01-13,2501987.246713995,117.94561399519444,0.0,0.009673058314206395,4.714077345921697e-05,{'512890.SH': 0.9999528592265408}
2022-01-14,2427080.980213995,117.94561399519444,0.0,-0.02993870836007606,4.859566489816718e-05,{'512890.SH': 0.9999514043351019}
2022-01-17,2436069.732193995,117.94561399519444,0.0,0.0037035237197595716,4.84163537835057e-05,{'512890.SH': 0.9999515836462165}
2022-01-18,2457043.4868139946,117.94561399519444,0.0,0.008609669231886219,4.800306328649171e-05,{'512890.SH': 0.9999519969367135}
2022-01-19,2501987.246713995,117.94561399519444,0.0,0.018291804822013313,4.714077345921697e-05,{'512890.SH': 0.9999528592265408}
2022-01-20,2484009.742753995,117.94561399519444,0.0,-0.00718529000641821,4.748194500414052e-05,{'512890.SH': 0.9999525180549959}
2022-01-21,2460039.737473995,117.94561399519444,0.0,-0.009649722731531973,4.794459707236385e-05,{'512890.SH': 0.9999520554029276}
2022-01-24,2463035.988133995,117.94561399519444,0.0,0.0012179683987854073,4.788627310498637e-05,{'512890.SH': 0.999952113726895}
2022-01-25,2397118.473613995,117.94561399519444,0.0,-0.026762708639892496,4.9203080821188924e-05,{'512890.SH': 0.9999507969191788}
2022-01-26,2415095.977573995,117.94561399519444,0.0,0.0074996309768937675,4.8836822673057e-05,{'512890.SH': 0.9999511631773269}
2022-01-27,2388129.721633995,117.94561399519444,0.0,-0.011165707777414324,4.9388277750043765e-05,{'512890.SH': 0.99995061172225}
2022-01-28,2370152.217673995,117.94561399519444,0.0,-0.0075278590593895744,4.9762885740285135e-05,{'512890.SH': 0.9999502371142597}
2022-02-07,2450077.230873995,20117.945613995194,20000.0,0.025283191836011687,0.008211147534650853,{'512890.SH': 0.9917888524653491}
2022-02-08,2450230.7518813647,1440.4518813649192,0.0,6.265966045271298e-05,0.0005878841738717444,{'511260.SH': 0.9994121158261282}
2022-02-09,2450356.151881365,1440.4518813649192,0.0,5.117885321781479e-05,0.0005878540881736523,{'511260.SH': 0.9994121459118264}
2022-02-10,2450857.751881365,1440.4518813649192,0.0,0.0002047049363069764,0.0005877337761684363,{'511260.SH': 0.9994122662238316}
2022-02-11,2441745.351881365,1440.4518813649192,0.0,-0.003718045240693968,0.0005899271520083169,{'511260.SH': 0.9994100728479917}
2022-02-14,2437021.951881365,1440.4518813649192,0.0,-0.0019344359543309597,0.0005910705401126567,{'511260.SH': 0.9994089294598874}
2022-02-15,2438902.951881365,1440.4518813649192,0.0,0.0007718436834547315,0.0005906146779041608,{'511260.SH': 0.9994093853220959}
2022-02-16,2439885.2518813647,1440.4518813649192,0.0,0.0004027630534630955,0.0005903768959028729,{'511260.SH': 0.9994096231040971}
2022-02-17,2441536.351881365,1440.4518813649192,0.0,0.000676712152232195,0.0005899776508569925,{'511260.SH': 0.999410022349143}
2022-02-18,2441222.851881365,1440.4518813649192,0.0,-0.00012840275745162888,0.0005900534153425663,{'511260.SH': 0.9994099465846574}
2022-02-21,2436708.451881365,1440.4518813649192,0.0,-0.0018492371544535091,0.0005911465855723351,{'511260.SH': 0.9994088534144276}
2022-02-22,2432612.051881365,1440.4518813649192,0.0,-0.0016811202820907756,0.0005921420475783979,{'511260.SH': 0.9994078579524216}
2022-02-23,2436792.051881365,1440.4518813649192,0.0,0.0017183175577737408,0.0005911263048698779,{'511260.SH': 0.9994088736951301}
2022-02-24,2438693.951881365,1440.4518813649192,0.0,0.0007804933533541725,0.0005906652945334376,{'511260.SH': 0.9994093347054666}
2022-02-25,2440198.7518813647,1440.4518813649192,0.0,0.000617051597982865,0.0005903010483282756,{'511260.SH': 0.9994096989516718}
2022-02-28,2442435.051881365,1440.4518813649192,0.0,0.0009164417440490347,0.0005897605671255677,{'511260.SH': 0.9994102394328744}
2022-03-01,2456750.251881365,21440.45188136492,20000.0,-0.002327513272306181,0.008727159736707443,{'511260.SH': 0.9912728402632925}
2022-03-02,2480484.922364927,199.9644497972913,0.0,0.009661002564418597,8.061506360886991e-05,{'510880.SH': 0.9999193849363911}
2022-03-03,2510042.284818801,199.9644497972913,0.0,0.011915961345853932,7.966576938034598e-05,{'510880.SH': 0.9999203342306197}
2022-03-04,2501597.3241176936,199.9644497972913,0.0,-0.003364469496065503,7.993470726461471e-05,{'510880.SH': 0.9999200652927354}
2022-03-07,2484707.40271548,199.9644497972913,0.0,-0.006751654728512579,8.047806738884213e-05,{'510880.SH': 0.9999195219326111}
2022-03-08,2414614.2288962915,199.9644497972913,0.0,-0.028209830156494586,8.281424312184812e-05,{'510880.SH': 0.9999171857568782}
2022-03-09,2366477.9528999813,199.9644497972913,0.0,-0.019935389852445695,8.449875882099239e-05,{'510880.SH': 0.999915501241179}
2022-03-10,2405324.7721250737,199.9644497972913,0.0,0.016415457907599684,8.313407491356158e-05,{'510880.SH': 0.9999168659250864}
2022-03-11,2422214.693527288,199.9644497972913,0.0,0.007021888103406537,8.255438724388969e-05,{'510880.SH': 0.9999174456127561}
2022-03-14,2389279.3467929712,199.9644497972913,0.0,-0.013597203758332177,8.369236944424065e-05,{'510880.SH': 0.9999163076305557}
2022-03-15,2255848.96771548,199.9644497972913,0.0,-0.055845449489440924,8.864265855519452e-05,{'510880.SH': 0.9999113573414448}
2022-03-16,2305674.235852011,199.9644497972913,0.0,0.022087147167032972,8.672710424046477e-05,{'510880.SH': 0.9999132728957595}
2022-03-17,2331009.117955332,199.9644497972913,0.0,0.010988057943909446,8.578449919264671e-05,{'510880.SH': 0.9999142155008074}
2022-03-18,2390123.842863081,199.9644497972913,0.0,0.025360143146759606,8.366279864300167e-05,{'510880.SH': 0.999916337201357}
2022-03-21,2406169.2681951844,199.9644497972913,0.0,0.0067132192250267675,8.310489724909517e-05,{'510880.SH': 0.999916895102751}
2022-03-22,2446705.079560498,199.9644497972913,0.0,0.016846616695307626,8.172805601613864e-05,{'510880.SH': 0.9999182719439839}
2022-03-23,2443327.0952800554,199.9644497972913,0.0,-0.001380625850112338,8.184104788244542e-05,{'510880.SH': 0.9999181589521176}
2022-03-24,2449238.5677708304,199.9644497972913,0.0,0.002419435572991624,8.164351665394873e-05,{'510880.SH': 0.999918356483346}
2022-03-25,2450083.0638409415,199.9644497972913,0.0,0.00034479943327037077,8.16153757186548e-05,{'510880.SH': 0.9999183846242814}
2022-03-28,2488929.8830660335,199.9644497972913,0.0,0.015855307029547294,8.034153599817825e-05,{'510880.SH': 0.9999196584640018}
2022-03-29,2504130.8123280257,199.9644497972913,0.0,0.006107415626858348,7.985383543577324e-05,{'510880.SH': 0.9999201461645643}
2022-03-30,2510886.780888912,199.9644497972913,0.0,0.0026979295680664706,7.963897509010713e-05,{'510880.SH': 0.9999203610249099}
2022-03-31,2543822.127623229,199.9644497972913,0.0,0.013117017854009871,7.860787420075013e-05,{'510880.SH': 0.9999213921257992}
2022-04-01,2591690.497936882,20199.96444979729,20000.0,0.010955314057155219,0.007794126831841029,{'510880.SH': 0.992205873168159}
2022-04-06,2629989.6639602487,328.0580561902825,0.0,0.014777677370756637,0.00012473739371898952,{'510880.SH': 0.999875262606281}
2022-04-07,2590842.5979823894,328.0580561902825,0.0,-0.01488487445951081,0.000126622148503254,{'510880.SH': 0.9998733778514968}
2022-04-08,2620628.4090525,328.0580561902825,0.0,0.011496573004205812,0.00012518297331169258,{'510880.SH': 0.9998748170266883}
2022-04-11,2570418.0418200283,328.0580561902825,0.0,-0.019159666841368606,0.00012762828880472508,{'510880.SH': 0.9998723717111954}
2022-04-12,2561907.81008571,328.0580561902825,0.0,-0.0033108356679182327,0.0001280522487572678,{'510880.SH': 0.9998719477512428}
2022-04-13,2581481.3430746403,328.0580561902825,0.0,0.007640217540956451,0.00012708131982838705,{'510880.SH': 0.9998729186801717}
2022-04-14,2629138.6407868178,328.0580561902825,0.0,0.018461221050474874,0.00012477776983723656,{'510880.SH': 0.9998752222301628}
2022-04-15,2601054.8760635704,328.0580561902825,0.0,-0.010681735944835125,0.0001261250038241272,{'510880.SH': 0.999873874996176}
2022-04-18,2546589.3929639393,328.0580561902825,0.0,-0.02093976701562672,0.00012882251732324244,{'510880.SH': 0.9998711774826768}
2022-04-19,2584034.4125949354,328.0580561902825,0.0,0.014703987904156834,0.0001269557613440761,{'510880.SH': 0.999873044238656}
2022-04-20,2509995.3965063742,328.0580561902825,0.0,-0.028652488421858857,0.0001307006605059522,{'510880.SH': 0.9998692993394941}
2022-04-21,2464040.145141061,328.0580561902825,0.0,-0.018308898665422957,0.00013313827570431158,{'510880.SH': 0.9998668617242957}
2022-04-22,2489570.8403440127,328.0580561902825,0.0,0.010361314629267149,0.00013177293486653745,{'510880.SH': 0.9998682270651336}
2022-04-25,2384043.966838478,328.0580561902825,0.0,-0.04238757612173538,0.00013760570725770884,{'510880.SH': 0.9998623942927424}
2022-04-26,2350854.0630746405,328.0580561902825,0.0,-0.01392168274809602,0.00013954845659845902,{'510880.SH': 0.9998604515434016}
2022-04-27,2381490.897318183,328.0580561902825,0.0,0.013032214429964828,0.0001377532270057011,{'510880.SH': 0.9998622467729944}
2022-04-28,2420637.9632960423,328.0580561902825,0.0,0.016438049803987553,0.00013552545286185007,{'510880.SH': 0.9998644745471382}
2022-04-29,2449572.7511927215,328.0580561902825,0.0,0.011953372761815517,0.00013392460217013263,{'510880.SH': 0.9998660753978299}
2022-05-05,2460211.4962849724,20328.058056190283,20000.0,-0.003821586806593502,0.008262727853636383,{'510880.SH': 0.9917372721463636}
2022-05-06,2425803.7599657476,2290.359965747688,0.0,-0.01398568227617103,0.0009441653952173064,{'511360.SH': 0.9990558346047826}
2022-05-09,2426104.059965748,2290.359965747688,0.0,0.00012379402033935172,0.0009440485276546726,{'511360.SH': 0.9990559514723454}
2022-05-10,2426311.959965748,2290.359965747688,0.0,8.569294426830076e-05,0.0009439676362886251,{'511360.SH': 0.9990560323637113}
2022-05-11,2426473.6599657475,2290.359965747688,0.0,6.664435681313918e-05,0.0009439047303649771,{'511360.SH': 0.999056095269635}
2022-05-12,2426981.8599657477,2290.359965747688,0.0,0.00020943973486509115,0.0009437070806042251,{'511360.SH': 0.9990562929193958}
2022-05-13,2427420.7599657476,2290.359965747688,0.0,0.0001808418955411284,0.0009435364496841521,{'511360.SH': 0.9990564635503159}
2022-05-16,2428183.0599657474,2290.359965747688,0.0,0.0003140370275198645,0.0009432402373237858,{'511360.SH': 0.9990567597626762}
2022-05-17,2428598.8599657477,2290.359965747688,0.0,0.0001712391486687892,0.0009430787453223093,{'511360.SH': 0.9990569212546777}
2022-05-18,2428991.559965748,2290.359965747688,0.0,0.0001616981735739209,0.0009429262758656869,{'511360.SH': 0.9990570737241343}
2022-05-19,2429153.2599657476,2290.359965747688,0.0,6.657083650063456e-05,0.00094286350865321,{'511360.SH': 0.9990571364913468}
2022-05-20,2429430.459965748,2290.359965747688,0.0,0.00011411383734771796,0.00094275592715668,{'511360.SH': 0.9990572440728434}
2022-05-23,2429823.1599657475,2290.359965747688,0.0,0.00016164282389263818,0.0009426035620550981,{'511360.SH': 0.9990573964379449}
2022-05-24,2430169.6599657475,2290.359965747688,0.0,0.00014260297033508174,0.0009424691631529832,{'511360.SH': 0.999057530836847}
2022-05-25,2429984.8599657477,2290.359965747688,0.0,-7.604407340122687e-05,0.0009425408377976363,{'511360.SH': 0.9990574591622023}
2022-05-26,2429776.959965748,2290.359965747688,0.0,-8.555608860993935e-05,0.000942621484804916,{'511360.SH': 0.999057378515195}
2022-05-27,2430331.3599657477,2290.359965747688,0.0,0.0002281690908814138,0.0009424064567804316,{'511360.SH': 0.9990575935432195}
2022-05-30,2430169.6599657475,2290.359965747688,0.0,-6.653413714019507e-05,0.0009424691631529832,{'511360.SH': 0.999057530836847}
2022-05-31,2430493.059965748,2290.359965747688,0.0,0.00013307712845245234,0.0009423437587515536,{'511360.SH': 0.9990576562412484}
2022-06-01,2450793.3599657477,22290.359965747688,20000.0,0.00012355517690876283,0.009095160909877453,{'511360.SH': 0.9909048390901225}
2022-06-02,2446669.9223657474,9141.422365747392,0.0,-0.0016824909302258773,0.0037362711995528675,{'511260.SH': 0.9962637288004471}
2022-06-06,2445303.722365747,9141.422365747392,0.0,-0.0005583916275389011,0.003738358667733667,{'511260.SH': 0.9962616413322664}
2022-06-07,2445448.6223657476,9141.422365747392,0.0,5.925644273752084e-05,0.0037381371590231582,{'511260.SH': 0.9962618628409768}
2022-06-08,2445779.8223657473,9141.422365747392,0.0,0.00013543527227288799,0.003737630951957524,{'511260.SH': 0.9962623690480424}
2022-06-09,2449464.4223657474,9141.422365747392,0.0,0.0015065133689899923,0.0037320086310616437,{'511260.SH': 0.9962679913689384}
2022-06-10,2448657.1223657476,9141.422365747392,0.0,-0.00032958225178880696,0.0037332390403910414,{'511260.SH': 0.996266760959609}
2022-06-13,2450230.3223657473,9141.422365747392,0.0,0.0006424745978643731,0.0037308420691329796,{'511260.SH': 0.996269157930867}
2022-06-14,2446690.6223657476,9141.422365747392,0.0,-0.0014446397008841538,0.0037362395891755175,{'511260.SH': 0.9962637604108244}
2022-06-15,2446814.8223657473,9141.422365747392,0.0,5.0762445755969665e-05,0.0037360499381431907,{'511260.SH': 0.9962639500618569}
2022-06-16,2445324.4223657474,9141.422365747392,0.0,-0.0006091184287329021,0.003738327022024936,{'511260.SH': 0.9962616729779751}
2022-06-17,2446152.4223657474,9141.422365747392,0.0,0.0003386053778495768,0.003737061632858695,{'511260.SH': 0.9962629383671413}
2022-06-20,2444889.722365747,9141.422365747392,0.0,-0.0005161984136617948,0.00373899169444006,{'511260.SH': 0.99626100830556}
2022-06-21,2445283.0223657475,9141.422365747392,0.0,0.00016086615130417314,0.003738390313978177,{'511260.SH': 0.9962616096860218}
2022-06-22,2446773.4223657474,9141.422365747392,0.0,0.0006094999991281824,0.003736113153014672,{'511260.SH': 0.9962638868469853}
2022-06-23,2446318.0223657475,9141.422365747392,0.0,-0.000186122669078026,0.0037368086578158984,{'511260.SH': 0.9962631913421841}
2022-06-24,2445821.222365747,9141.422365747392,0.0,-0.00020308070964536462,0.003737567685713861,{'511260.SH': 0.9962624323142861}
2022-06-27,2439818.2223657477,9141.422365747392,0.0,-0.0024543903475467976,0.0037467637063893617,{'511260.SH': 0.9962532362936106}
2022-06-28,2440211.5223657475,9141.422365747392,0.0,0.00016120053387358446,0.0037461598234258494,{'511260.SH': 0.9962538401765741}
2022-06-29,2439673.3223657473,9141.422365747392,0.0,-0.0002205546507207945,0.0037469862386669745,{'511260.SH': 0.996253013761333}
2022-06-30,2442736.9223657474,9141.422365747392,0.0,0.0012557418945866594,0.0037422868922348325,{'511260.SH': 0.9962577131077651}
2022-07-01,2463461.4223657474,29141.422365747392,20000.0,0.0002965935436463063,0.01182946162711242,{'511260.SH': 0.9881705383728876}
2022-07-04,2469414.805904364,6.7796128508634865,0.0,0.0024166741498632405,2.7454329805804397e-06,{'510880.SH': 0.9999972545670194}
2022-07-05,2481035.5495575,6.7796128508634865,0.0,0.004705869433256238,2.732573844849845e-06,{'510880.SH': 0.9999972674261551}
2022-07-06,2426252.043764143,6.7796128508634865,0.0,-0.022080903195090484,2.7942739371567683e-06,{'510880.SH': 0.9999972057260629}
2022-07-07,2437042.734299198,6.7796128508634865,0.0,0.004447473032650917,2.7819015052327548e-06,{'510880.SH': 0.9999972180984947}
2022-07-08,2435382.6280630357,6.7796128508634865,0.0,-0.0006811970150534252,2.7837978199982497e-06,{'510880.SH': 0.99999721620218}
2022-07-11,2412971.1938748434,6.7796128508634865,0.0,-0.009202428369958882,2.809653454659158e-06,{'510880.SH': 0.9999971903465453}
2022-07-12,2432062.415590711,6.7796128508634865,0.0,0.007911914474706183,2.787598215984445e-06,{'510880.SH': 0.999997212401784}
2022-07-13,2430402.3093545483,6.7796128508634865,0.0,-0.0006825919538580028,2.789502307815028e-06,{'510880.SH': 0.9999972104976922}
2022-07-14,2405500.715812113,6.7796128508634865,0.0,-0.010245873058377875,2.818379061913787e-06,{'510880.SH': 0.9999971816209381}
2022-07-15,2372298.5910888654,6.7796128508634865,0.0,-0.013802583597252616,2.8578244224103763e-06,{'510880.SH': 0.9999971421755776}
2022-07-18,2421271.725055655,6.7796128508634865,0.0,0.020643747861567086,2.8000214848697545e-06,{'510880.SH': 0.9999971999785151}
2022-07-19,2424591.9375279797,6.7796128508634865,0.0,0.0013712680150546053,2.796187162849233e-06,{'510880.SH': 0.9999972038128372}
2022-07-20,2428742.2031183857,6.7796128508634865,0.0,0.0017117377675672785,2.7914090026346957e-06,{'510880.SH': 0.9999972085909974}
2022-07-21,2392219.865922814,6.7796128508634865,0.0,-0.015037552008887234,2.8340258131951465e-06,{'510880.SH': 0.9999971659741868}
2022-07-22,2378108.9629154336,6.7796128508634865,0.0,-0.005898664754185101,2.8508419742685157e-06,{'510880.SH': 0.9999971491580257}
2022-07-25,2385579.4409781643,6.7796128508634865,0.0,0.003141352301019973,2.8419145195532147e-06,{'510880.SH': 0.9999971580854804}
2022-07-26,2417121.4594652494,6.7796128508634865,0.0,0.013221952681714777,2.8048292005828165e-06,{'510880.SH': 0.9999971951707994}
2022-07-27,2417121.4594652494,6.7796128508634865,0.0,0.0,2.8048292005828165e-06,{'510880.SH': 0.9999971951707994}
2022-07-28,2426252.043764143,6.7796128508634865,0.0,0.0037774619323074354,2.7942739371567683e-06,{'510880.SH': 0.9999972057260629}
2022-07-29,2407990.8751663566,6.7796128508634865,0.0,-0.007526492824486364,2.815464510593345e-06,{'510880.SH': 0.9999971845354894}
2022-08-01,2433801.2469929243,20006.779612850863,20000.0,0.0024129542543080973,0.008220383499914045,{'510880.SH': 0.991779616500086}
2022-08-02,2428498.564827058,184.56482705799863,0.0,-0.002178765489753154,7.599956192320918e-05,{'511260.SH': 0.9999240004380768}
2022-08-03,2428437.364827058,184.56482705799863,0.0,-2.5200756091248167e-05,7.600147721789913e-05,{'511260.SH': 0.9999239985227821}
2022-08-04,2431701.364827058,184.56482705799863,0.0,0.0013440741965491387,7.589946270854063e-05,{'511260.SH': 0.9999241005372914}
2022-08-05,2430232.564827058,184.56482705799863,0.0,-0.0006040215386827752,7.594533532684053e-05,{'511260.SH': 0.9999240546646732}
2022-08-08,2427621.3648270583,184.56482705799863,0.0,-0.0010744650688134794,7.602702370810073e-05,{'511260.SH': 0.9999239729762919}
2022-08-09,2425907.764827058,184.56482705799863,0.0,-0.0007058761406649738,7.608072727825089e-05,{'511260.SH': 0.9999239192727217}
2022-08-10,2429906.164827058,184.56482705799863,0.0,0.0016482077587500754,7.595553677322125e-05,{'511260.SH': 0.9999240444632268}
2022-08-11,2426968.564827058,184.56482705799863,0.0,-0.001208935572295733,7.604747326883916e-05,{'511260.SH': 0.9999239525267312}
2022-08-12,2425193.764827058,184.56482705799863,0.0,-0.0007312826485358359,7.610312616450259e-05,{'511260.SH': 0.9999238968738355}
2022-08-15,2436413.764827058,184.56482705799863,0.0,0.004626434457619455,7.575266144135392e-05,{'511260.SH': 0.9999242473385587}
2022-08-16,2440269.364827058,184.56482705799863,0.0,0.001582489828148459,7.563297303085996e-05,{'511260.SH': 0.9999243670269692}
2022-08-17,2440330.564827058,184.56482705799863,0.0,2.5079198584521123e-05,7.563107626407917e-05,{'511260.SH': 0.9999243689237359}
2022-08-18,2443961.764827058,184.56482705799863,0.0,0.00148799513161757,7.55187047989922e-05,{'511260.SH': 0.9999244812952011}
2022-08-19,2447694.964827058,184.56482705799863,0.0,0.0015275198056396988,7.540352442202253e-05,{'511260.SH': 0.999924596475578}
2022-08-22,2445573.364827058,184.56482705799863,0.0,-0.0008667746718798996,7.546893898684997e-05,{'511260.SH': 0.9999245310610132}
2022-08-23,2445736.564827058,184.56482705799863,0.0,6.673281707558765e-05,7.546390306801072e-05,{'511260.SH': 0.999924536096932}
2022-08-24,2445818.164827058,184.56482705799863,0.0,3.33641820520203e-05,7.546138536061165e-05,{'511260.SH': 0.9999245386146394}
2022-08-25,2443349.764827058,184.56482705799863,0.0,-0.0010092328348434432,7.553762040739273e-05,{'511260.SH': 0.9999244623795926}
2022-08-26,2440656.964827058,184.56482705799863,0.0,-0.0011020935433657675,7.562096178111482e-05,{'511260.SH': 0.9999243790382188}
2022-08-29,2442574.564827058,184.56482705799863,0.0,0.0007856900939522404,7.556159378539439e-05,{'511260.SH': 0.9999244384062146}
2022-08-30,2445736.564827058,184.56482705799863,0.0,0.0012945357106115551,7.546390306801072e-05,{'511260.SH': 0.999924536096932}
2022-08-31,2445960.964827058,184.56482705799863,0.0,9.175150064288928e-05,7.545697977688222e-05,{'511260.SH': 0.9999245430202232}
2022-09-01,2467858.164827058,20184.564827058,20000.0,0.0007756460660173214,0.008178980913383442,{'511260.SH': 0.9918210190866166}
2022-09-02,2465096.0011566184,136.26027661841363,0.0,-0.0011192554376937558,5.527584992814907e-05,{'512890.SH': 0.9999447241500719}
2022-09-05,2508391.546956618,136.26027661841363,0.0,0.017563431923010464,5.432177316325896e-05,{'512890.SH': 0.9999456782268368}
2022-09-06,2540141.613876618,136.26027661841363,0.0,0.01265754023071941,5.3642787423359846e-05,{'512890.SH': 0.9999463572125766}
2022-09-07,2545914.353316618,136.26027661841363,0.0,0.0022726053573014493,5.352115495986909e-05,{'512890.SH': 0.9999464788450402}
2022-09-08,2548800.7230366184,136.26027661841363,0.0,0.0011337261664909892,5.346054534074141e-05,{'512890.SH': 0.9999465394546593}
2022-09-09,2580550.789956618,136.26027661841363,0.0,0.012456865157419283,5.2802788129081664e-05,{'512890.SH': 0.9999471972118709}
2022-09-13,2566118.9413566184,136.26027661841363,0.0,-0.0055925458457039,5.309975092050002e-05,{'512890.SH': 0.9999469002490795}
2022-09-14,2540141.613876618,136.26027661841363,0.0,-0.010123196965401426,5.3642787423359846e-05,{'512890.SH': 0.9999463572125766}
2022-09-15,2566118.9413566184,136.26027661841363,0.0,0.010226724107855967,5.309975092050002e-05,{'512890.SH': 0.9999469002490795}
2022-09-16,2485300.589196618,136.26027661841363,0.0,-0.03149439055902625,5.482647741312459e-05,{'512890.SH': 0.9999451735225868}
2022-09-19,2482414.2194766183,136.26027661841363,0.0,-0.0011613765081562866,5.4890225631700645e-05,{'512890.SH': 0.9999451097743683}
2022-09-20,2467982.370876618,136.26027661841363,0.0,-0.005813634359153386,5.52112033806848e-05,{'512890.SH': 0.9999447887966193}
2022-09-21,2493959.698356618,136.26027661841363,0.0,0.01052573461891182,5.463611810094671e-05,{'512890.SH': 0.999945363881899}
2022-09-22,2482414.2194766183,136.26027661841363,0.0,-0.004629376684638364,5.4890225631700645e-05,{'512890.SH': 0.9999451097743683}
2022-09-23,2459323.261716618,136.26027661841363,0.0,-0.009301814974645328,5.540559825523033e-05,{'512890.SH': 0.9999445944017448}
2022-09-26,2418914.085636618,136.26027661841363,0.0,-0.01643101446200057,5.6331176633151146e-05,{'512890.SH': 0.9999436688233668}
2022-09-27,2439118.673676618,136.26027661841363,0.0,0.008352751410219073,5.586455390176691e-05,{'512890.SH': 0.9999441354460983}
2022-09-28,2424686.8250766178,136.26027661841363,0.0,-0.005916829203823082,5.619706232127851e-05,{'512890.SH': 0.9999438029376787}
2022-09-29,2401595.867316618,136.26027661841363,0.0,-0.009523274313692043,5.673738803134339e-05,{'512890.SH': 0.9999432626119686}
2022-09-30,2410254.976476618,136.26027661841363,0.0,0.0036055646488413196,5.6533552652426395e-05,{'512890.SH': 0.9999434664473476}
2022-10-10,2450459.564516618,20136.260276618414,20000.0,0.008382759598959622,0.00821734035859944,{'512890.SH': 0.9917826596414006}
2022-10-11,2445357.1914373585,8355.29943735851,0.0,-0.002082210681271124,0.003416801220948561,{'511880.SH': 0.9965831987790514}
2022-10-12,2445405.2154373582,8355.29943735851,0.0,1.963884874078836e-05,0.0034167341202239864,{'511880.SH': 0.996583265879776}
2022-10-13,2445549.287437358,8355.29943735851,0.0,5.89153891921157e-05,0.003416532833862392,{'511880.SH': 0.9965834671661377}
2022-10-14,2445573.299437358,8355.29943735851,0.0,9.818653062376725e-06,0.003416499288441191,{'511880.SH': 0.9965835007115588}
2022-10-17,2445669.3474373585,8355.29943735851,0.0,3.9274226629304465e-05,0.0034163651133434815,{'511880.SH': 0.9965836348866565}
2022-10-18,2445837.4314373583,8355.29943735851,0.0,6.872719739314803e-05,0.003416130332279814,{'511880.SH': 0.9965838696677202}
2022-10-19,2445909.467437358,8355.29943735851,0.0,2.9452488981451808e-05,0.0034160297217020754,{'511880.SH': 0.9965839702782979}
2022-10-20,2446029.527437358,8355.29943735851,0.0,4.9086035929901684e-05,0.003415862050574729,{'511880.SH': 0.9965841379494252}
2022-10-21,2446245.6354373586,8355.29943735851,0.0,8.835052789679665e-05,0.003415560284020572,{'511880.SH': 0.9965844397159794}
2022-10-24,2446389.7074373583,8355.29943735851,0.0,5.8895148513649076e-05,0.003415359135937034,{'511880.SH': 0.996584640864063}
2022-10-25,2446173.599437359,8355.29943735851,0.0,-8.83375201189418e-05,0.0034156608669475876,{'511880.SH': 0.9965843391330524}
2022-10-26,2446245.6354373586,8355.29943735851,0.0,2.9448441442037065e-05,0.003415560284020572,{'511880.SH': 0.9965844397159794}
2022-10-27,2446437.7314373585,8355.29943735851,0.0,7.852686468479142e-05,0.003415292091840617,{'511880.SH': 0.9965847079081593}
2022-10-28,2446941.9834373584,8355.29943735851,0.0,0.0002061168340889985,0.003414588287713036,{'511880.SH': 0.996585411712287}
2022-10-31,2446965.9954373585,8355.29943735851,0.0,9.813064699715213e-06,0.0034145547804660544,{'511880.SH': 0.996585445219534}
2022-11-01,2466821.923437359,28355.29943735851,20000.0,-5.887781042657192e-05,0.011494668167148121,{'511880.SH': 0.9885053318328518}
2022-11-02,2459394.3313693586,3678.8313693585806,0.0,-0.003010996455573234,0.001495828189255952,{'511260.SH': 0.998504171810744}
2022-11-03,2463637.8313693586,3678.8313693585806,0.0,0.0017254248112530401,0.0014932516957306926,{'511260.SH': 0.9985067483042693}
2022-11-04,2460009.3313693586,3678.8313693585806,0.0,-0.0014728220007821369,0.0014954542336271413,{'511260.SH': 0.9985045457663728}
2022-11-07,2461669.8313693586,3678.8313693585806,0.0,0.0006749974395729996,0.0014944454867500036,{'511260.SH': 0.99850555451325}
2022-11-08,2463022.8313693586,3678.8313693585806,0.0,0.0005496269169644741,0.0014936245504932136,{'511260.SH': 0.9985063754495068}
2022-11-09,2465318.8313693586,3678.8313693585806,0.0,0.0009321878671841866,0.0014922335085215642,{'511260.SH': 0.9985077664914784}
2022-11-10,2464683.3313693586,3678.8313693585806,0.0,-0.0002577759890176612,0.0014926182696722548,{'511260.SH': 0.9985073817303277}
2022-11-11,2458881.8313693586,3678.8313693585806,0.0,-0.002353852085645758,0.001496139961841854,{'511260.SH': 0.9985038600381582}
2022-11-14,2445823.3313693586,3678.8313693585806,0.0,-0.0053107472809003076,0.0015041280055574945,{'511260.SH': 0.9984958719944425}
2022-11-15,2443158.3313693586,3678.8313693585806,0.0,-0.0010896126330219857,0.0015057687101665013,{'511260.SH': 0.9984942312898335}
2022-11-16,2435962.8313693586,3678.8313693585806,0.0,-0.0029451631961843194,0.001510216544351193,{'511260.SH': 0.9984897834556488}
2022-11-17,2443178.8313693586,3678.8313693585806,0.0,0.0029622783677465403,0.001505756075701041,{'511260.SH': 0.998494243924299}
2022-11-18,2442481.8313693586,3678.8313693585806,0.0,-0.0002852840696926373,0.001506185766506223,{'511260.SH': 0.9984938142334938}
2022-11-21,2446786.8313693586,3678.8313693585806,0.0,0.0017625514936119302,0.0015035357073994473,{'511260.SH': 0.9984964642926005}
2022-11-22,2443301.8313693586,3678.8313693585806,0.0,-0.001424316967591932,0.0015056802733605633,{'511260.SH': 0.9984943197266395}
2022-11-23,2447934.8313693586,3678.8313693585806,0.0,0.0018962045296726515,0.0015028305991710844,{'511260.SH': 0.9984971694008289}
2022-11-24,2454043.8313693586,3678.8313693585806,0.0,0.0024955729710265384,0.001499089511904027,{'511260.SH': 0.998500910488096}
2022-11-25,2449861.8313693586,3678.8313693585806,0.0,-0.001704126041492282,0.0015016485102354875,{'511260.SH': 0.9984983514897645}
2022-11-28,2443588.8313693586,3678.8313693585806,0.0,-0.002560552566547636,0.001505503430909449,{'511260.SH': 0.9984944965690905}
2022-11-29,2434712.3313693586,3678.8313693585806,0.0,-0.003632566938450821,0.00151099221126033,{'511260.SH': 0.9984890077887397}
2022-11-30,2437787.3313693586,3678.8313693585806,0.0,0.0012629828831853818,0.0015090862611432559,{'511260.SH': 0.9984909137388568}
2022-12-01,2460308.8313693586,23678.83136935858,20000.0,0.0010343396109879777,0.00962433295667984,{'511260.SH': 0.9903756670433201}
2022-12-02,2446281.7008269588,80.70306695904583,0.0,-0.005701369829491099,3.299009551179833e-05,{'512890.SH': 0.9999670099044882}
2022-12-05,2489399.2272269586,80.70306695904583,0.0,0.01762574048010257,3.241869205886442e-05,{'512890.SH': 0.9999675813079412}
2022-12-06,2475026.7184269587,80.70306695904583,0.0,-0.005773484880530866,3.260694777886596e-05,{'512890.SH': 0.9999673930522212}
2022-12-07,2460654.2096269587,80.70306695904583,0.0,-0.005807011574054721,3.279740267580328e-05,{'512890.SH': 0.9999672025973242}
2022-12-08,2475026.7184269587,80.70306695904583,0.0,0.005840929921713256,3.260694777886596e-05,{'512890.SH': 0.9999673930522212}
2022-12-09,2463528.7113869586,80.70306695904583,0.0,-0.004645609259243844,3.275913391470492e-05,{'512890.SH': 0.9999672408660853}
2022-12-12,2414662.1814669585,80.70306695904583,0.0,-0.01983598960877886,3.342209422852558e-05,{'512890.SH': 0.9999665779057715}
2022-12-13,2423285.6867469586,80.70306695904583,0.0,0.0035713092068063723,3.330315835248562e-05,{'512890.SH': 0.9999666968416475}
2022-12-14,2411787.6797069586,80.70306695904583,0.0,-0.004744800459509646,3.346192852633345e-05,{'512890.SH': 0.9999665380714736}
2022-12-15,2391666.1673869584,80.70306695904583,0.0,-0.008342986610846759,3.374344967517723e-05,{'512890.SH': 0.9999662565503248}
2022-12-16,2408913.1779469587,80.70306695904583,0.0,0.007211295119353478,3.350185789087946e-05,{'512890.SH': 0.9999664981421091}
2022-12-19,2374419.1568269585,80.70306695904583,0.0,-0.014319329329004038,3.398855114818603e-05,{'512890.SH': 0.9999660114488518}
2022-12-20,2351423.1427469584,80.70306695904583,0.0,-0.009684900837277022,3.43209461078824e-05,{'512890.SH': 0.9999656790538921}
2022-12-21,2351423.1427469584,80.70306695904583,0.0,0.0,3.43209461078824e-05,{'512890.SH': 0.9999656790538921}
2022-12-22,2339925.135706959,80.70306695904583,0.0,-0.0048898077215348,3.448959358892613e-05,{'512890.SH': 0.9999655104064111}
2022-12-23,2325552.626906959,80.70306695904583,0.0,-0.0061422942899656,3.4702748080305907e-05,{'512890.SH': 0.9999652972519197}
2022-12-26,2325552.626906959,80.70306695904583,0.0,0.0,3.4702748080305907e-05,{'512890.SH': 0.9999652972519197}
2022-12-27,2354297.644506959,80.70306695904583,0.0,0.012360510472829711,3.4279041627273434e-05,{'512890.SH': 0.9999657209583728}
2022-12-28,2351423.1427469584,80.70306695904583,0.0,-0.0012209593662496632,3.43209461078824e-05,{'512890.SH': 0.9999656790538921}
2022-12-29,2339925.135706959,80.70306695904583,0.0,-0.0048898077215348,3.448959358892613e-05,{'512890.SH': 0.9999655104064111}
2022-12-30,2351423.1427469584,80.70306695904583,0.0,0.004913835431972435,3.43209461078824e-05,{'512890.SH': 0.9999656790538921}
2023-01-03,2382921.1497869585,20080.703066959046,20000.0,0.004889807721534911,0.008426927206027918,{'512890.SH': 0.9915730727939721}
2023-01-04,2382462.666713598,5626.566713598557,0.0,-0.00019240379540097496,0.0023616599715117134,{'511260.SH': 0.9976383400284883}
2023-01-05,2382502.4667135985,5626.566713598557,0.0,1.6705403428352028e-05,0.0023616205196881875,{'511260.SH': 0.9976383794803119}
2023-01-06,2379517.4667135985,5626.566713598557,0.0,-0.0012528843271745194,0.002364583068755333,{'511260.SH': 0.9976354169312447}
2023-01-09,2380671.6667135986,5626.566713598557,0.0,0.0004850563259761742,0.002363436668848064,{'511260.SH': 0.9976365633311519}
2023-01-10,2378820.9667135985,5626.566713598557,0.0,-0.000777385653753293,0.0023652754000112086,{'511260.SH': 0.9976347245999888}
2023-01-11,2376114.5667135986,5626.566713598557,0.0,-0.001137706467981392,0.0023679694541752063,{'511260.SH': 0.9976320305458248}
2023-01-12,2376751.3667135984,5626.566713598557,0.0,0.00026800054547893026,0.0023673350071019713,{'511260.SH': 0.997632664992898}
2023-01-13,2376373.2667135983,5626.566713598557,0.0,-0.00015908268963060745,0.0023677116690425525,{'511260.SH': 0.9976322883309574}
2023-01-16,2371995.2667135983,5626.566713598557,0.0,-0.0018423031690028013,0.0023720817627912766,{'511260.SH': 0.9976279182372088}
2023-01-17,2372572.3667135984,5626.566713598557,0.0,0.00024329728144856233,0.0023715047821248436,{'511260.SH': 0.9976284952178751}
2023-01-18,2371059.9667135985,5626.566713598557,0.0,-0.0006374515783873491,0.0023730174658539932,{'511260.SH': 0.9976269825341461}
2023-01-19,2370323.6667135986,5626.566713598557,0.0,-0.0003105362202291406,0.002373754602636047,{'511260.SH': 0.997626245397364}
2023-01-20,2373109.6667135986,5626.566713598557,0.0,0.0011753669083778284,0.002370967845489631,{'511260.SH': 0.9976290321545104}
2023-01-30,2374701.6667135986,5626.566713598557,0.0,0.0006708497387752921,0.0023693783486433834,{'511260.SH': 0.9976306216513566}
2023-01-31,2376253.8667135984,5626.566713598557,0.0,0.0006536400010819232,0.002367830639821409,{'511260.SH': 0.9976321693601786}
2023-02-01,2396452.8667135984,25626.566713598557,20000.0,8.3745260886392e-05,0.01069354088684491,{'511260.SH': 0.9893064591131551}
2023-02-02,2390016.8196752784,29.756475278176367,0.0,-0.0026856555902750046,1.245032044679052e-05,{'515450.SH': 0.9999875496795532}
2023-02-03,2379932.486075278,29.756475278176367,0.0,-0.004219356749702974,1.2503075382296858e-05,{'515450.SH': 0.9999874969246177}
2023-02-06,2361780.685595278,29.756475278176367,0.0,-0.007627023281628342,1.2599169541720745e-05,{'515450.SH': 0.9999874008304582}
2023-02-07,2365814.4190352783,29.756475278176367,0.0,0.0017079204113243929,1.2577687851911197e-05,{'515450.SH': 0.9999874223121481}
2023-02-08,2355730.085435278,29.756475278176367,0.0,-0.0042625209817228615,1.263153001362554e-05,{'515450.SH': 0.9999873684699864}
2023-02-09,2369848.1524752784,29.756475278176367,0.0,0.0059930749822689755,1.2556279290340219e-05,{'515450.SH': 0.9999874437207097}
2023-02-10,2379932.486075278,29.756475278176367,0.0,0.004255265717960199,1.2503075382296858e-05,{'515450.SH': 0.9999874969246177}
2023-02-13,2400101.153275278,29.756475278176367,0.0,0.008474470312920479,1.2398008824573681e-05,{'515450.SH': 0.9999876019911754}
2023-02-14,2402118.019995278,29.756475278176367,0.0,0.0008403257159590449,1.2387599206401548e-05,{'515450.SH': 0.9999876124007936}
2023-02-15,2400101.153275278,29.756475278176367,0.0,-0.0008396201615457066,1.2398008824573681e-05,{'515450.SH': 0.9999876019911754}
2023-02-16,2394050.5531152785,29.756475278176367,0.0,-0.0025209771478766907,1.2429342914023056e-05,{'515450.SH': 0.999987570657086}
2023-02-17,2373881.885915278,29.756475278176367,0.0,-0.008424495119268016,1.253494348422622e-05,{'515450.SH': 0.9999874650565158}
2023-02-20,2434387.8875152785,29.756475278176367,0.0,0.02548821066414253,1.2223391116420683e-05,{'515450.SH': 0.9999877766088836}
2023-02-21,2450522.8212752785,29.756475278176367,0.0,0.006627922297324895,1.2142908860032888e-05,{'515450.SH': 0.99998785709114}
2023-02-22,2432371.0207952783,29.756475278176367,0.0,-0.007407317459934504,1.2233526474282411e-05,{'515450.SH': 0.9999877664735257}
2023-02-23,2430354.1540752784,29.756475278176367,0.0,-0.0008291772524655627,1.2243678654108895e-05,{'515450.SH': 0.9999877563213458}
2023-02-24,2426320.4206352783,29.756475278176367,0.0,-0.0016597307158860986,1.2264033647454236e-05,{'515450.SH': 0.9999877359663526}
2023-02-27,2418252.953755278,29.756475278176367,0.0,-0.0033249800032132404,1.2304947351338026e-05,{'515450.SH': 0.9999876950526486}
2023-02-28,2440438.487675278,29.756475278176367,0.0,0.009174199037180308,1.2193085557555644e-05,{'515450.SH': 0.9999878069144424}
2023-03-01,2492708.3551952783,20029.756475278176,20000.0,0.013222979264984502,0.008035338925042055,{'515450.SH': 0.991964661074958}
2023-03-02,2510284.717502579,50.92681992286816,0.0,0.007051110600511334,2.028726843922868e-05,{'510880.SH': 0.9999797127315607}
2023-03-03,2523140.131247967,50.92681992286816,0.0,0.005121097880155023,2.0183904687719154e-05,{'510880.SH': 0.9999798160953123}
2023-03-06,2511141.745085605,50.92681992286816,0.0,-0.004755338799366515,2.0280344597246963e-05,{'510880.SH': 0.9999797196554028}
2023-03-07,2505142.552004425,50.92681992286816,0.0,-0.0023890300469580072,2.03289109763915e-05,{'510880.SH': 0.9999796710890236}
2023-03-08,2503428.496838373,50.92681992286816,0.0,-0.0006842146227089563,2.034282983803396e-05,{'510880.SH': 0.999979657170162}
2023-03-09,2500000.3865062697,50.92681992286816,0.0,-0.0013693661857859807,2.0370724819782122e-05,{'510880.SH': 0.9999796292751802}
2023-03-10,2465719.283185236,50.92681992286816,0.0,-0.0137124392084359,2.0653940726407624e-05,{'510880.SH': 0.9999793460592736}
2023-03-13,2494001.193425089,50.92681992286816,0.0,0.011470044636759269,2.0419725562732704e-05,{'510880.SH': 0.9999795802744372}
2023-03-14,2481145.779679701,50.92681992286816,0.0,-0.005154533918940607,2.0525525077951067e-05,{'510880.SH': 0.9999794744749221}
2023-03-15,2501714.4416723214,50.92681992286816,0.0,0.008289985280621304,2.0356767772753912e-05,{'510880.SH': 0.9999796432322272}
2023-03-16,2483716.862428779,50.92681992286816,0.0,-0.0071940981527499615,2.0504277558057808e-05,{'510880.SH': 0.9999794957224419}
2023-03-17,2500000.3865062697,50.92681992286816,0.0,0.006556111255599184,2.0370724819782122e-05,{'510880.SH': 0.9999796292751802}
2023-03-20,2488859.0279269335,50.92681992286816,0.0,-0.004456542742741765,2.046191421507994e-05,{'510880.SH': 0.9999795380857849}
2023-03-21,2482002.807262727,50.92681992286816,0.0,-0.002754764567729384,2.0518437680186482e-05,{'510880.SH': 0.9999794815623199}
2023-03-22,2494001.193425089,50.92681992286816,0.0,0.004834154952304104,2.0419725562732704e-05,{'510880.SH': 0.9999795802744372}
2023-03-23,2495715.2485911404,50.92681992286816,0.0,0.0006872711891918737,2.0405701312125623e-05,{'510880.SH': 0.9999795942986879}
2023-03-24,2480288.7520966753,50.92681992286816,0.0,-0.006181192547175973,2.0532617373609394e-05,{'510880.SH': 0.9999794673826264}
2023-03-27,2462291.172853133,50.92681992286816,0.0,-0.007256243543550367,2.0682696053309438e-05,{'510880.SH': 0.9999793173039467}
2023-03-28,2466576.310768262,50.92681992286816,0.0,0.0017403051119107005,2.0646764383708055e-05,{'510880.SH': 0.9999793532356163}
2023-03-29,2464862.2556022103,50.92681992286816,0.0,-0.0006949126846669262,2.0661122059506658e-05,{'510880.SH': 0.9999793388779404}
2023-03-30,2474289.559015495,50.92681992286816,0.0,0.003824677582634717,2.0582401011760176e-05,{'510880.SH': 0.9999794175989882}
2023-03-31,2480288.7520966753,50.92681992286816,0.0,0.002424612373811197,2.0532617373609394e-05,{'510880.SH': 0.9999794673826264}
2023-04-03,2518286.3313402184,20050.926819922868,20000.0,0.007256243543550811,0.007962131458360366,{'510880.SH': 0.9920378685416397}
2023-04-04,2545320.9968807595,75.22214075969532,0.0,0.010735342206361853,2.9553105817253922e-05,{'515450.SH': 0.9999704468941828}
2023-04-06,2549227.7440407597,75.22214075969532,0.0,0.0015348740550946705,2.9507815037530278e-05,{'515450.SH': 0.9999704921849625}
2023-04-07,2539460.87614076,75.22214075969532,0.0,-0.0038313045677584867,2.962130327205948e-05,{'515450.SH': 0.9999703786967279}
2023-04-10,2541414.2497207597,75.22214075969532,0.0,0.0007692079836127963,2.9598535841986573e-05,{'515450.SH': 0.999970401464158}
2023-04-11,2555087.86478076,75.22214075969532,0.0,0.005380317302266846,2.9440138555137235e-05,{'515450.SH': 0.9999705598614449}
2023-04-12,2584388.4684807598,75.22214075969532,0.0,0.011467552291988925,2.9106359851510588e-05,{'515450.SH': 0.9999708936401485}
2023-04-13,2572668.22700076,75.22214075969532,0.0,-0.004535015390658259,2.9238958980493953e-05,{'515450.SH': 0.9999707610410195}
2023-04-14,2584388.4684807598,75.22214075969532,0.0,0.004555675448933982,2.9106359851510588e-05,{'515450.SH': 0.9999708936401485}
2023-04-17,2625409.31366076,75.22214075969532,0.0,0.015872553867303907,2.8651586009195932e-05,{'515450.SH': 0.9999713484139908}
2023-04-18,2642989.6758807595,75.22214075969532,0.0,0.006696236708129133,2.8461004386870344e-05,{'515450.SH': 0.9999715389956131}
2023-04-19,2621502.56650076,75.22214075969532,0.0,-0.008129849910533227,2.8694284614072876e-05,{'515450.SH': 0.999971305715386}
2023-04-20,2654709.9173607593,75.22214075969532,0.0,0.012667296719196086,2.833535229886026e-05,{'515450.SH': 0.9999716646477012}
2023-04-21,2611735.6986007597,75.22214075969532,0.0,-0.016187915100992822,2.8801589992431342e-05,{'515450.SH': 0.9999711984100076}
2023-04-24,2627362.68724076,75.22214075969532,0.0,0.005983372914943885,2.863028432465605e-05,{'515450.SH': 0.9999713697156754}
2023-04-25,2641036.30230076,75.22214075969532,0.0,0.005204311961345631,2.848205482604118e-05,{'515450.SH': 0.9999715179451739}
2023-04-26,2607828.95144076,75.22214075969532,0.0,-0.012573606364695289,2.884473719725252e-05,{'515450.SH': 0.9999711552628028}
2023-04-27,2625409.31366076,75.22214075969532,0.0,0.00674137857480539,2.8651586009195932e-05,{'515450.SH': 0.9999713484139908}
2023-04-28,2650803.1702007595,75.22214075969532,0.0,0.009672341911742377,2.8377112871039138e-05,{'515450.SH': 0.9999716228871289}
2023-05-04,2713777.3889607596,20075.222140759695,20000.0,0.016211772810255543,0.0073975198637967485,{'515450.SH': 0.9926024801362032}
2023-05-05,2700099.2077025496,48.27490255003795,0.0,-0.005040273868391232,1.7878936600671766e-05,{'512890.SH': 0.9999821210633993}
2023-05-08,2774185.9711025497,48.27490255003795,0.0,0.027438533809666543,1.740146589049759e-05,{'512890.SH': 0.9999825985341095}
2023-05-09,2738514.5665025497,48.27490255003795,0.0,-0.012858332127540506,1.7628134296065284e-05,{'512890.SH': 0.9999823718657039}
2023-05-10,2669915.7115025497,48.27490255003795,0.0,-0.025049658613870318,1.8081058642435666e-05,{'512890.SH': 0.9999819189413576}
2023-05-11,2689123.39090255,48.27490255003795,0.0,0.007194114524758044,1.795191054205789e-05,{'512890.SH': 0.9999820480894579}
2023-05-12,2642476.16950255,48.27490255003795,0.0,-0.01734662736481718,1.8268812830628392e-05,{'512890.SH': 0.9999817311871694}
2023-05-15,2631500.3527025497,48.27490255003795,0.0,-0.004153610513757733,1.834501086061404e-05,{'512890.SH': 0.9999816549891394}
2023-05-16,2598572.9023025497,48.27490255003795,0.0,-0.012512804859092452,1.857746708097449e-05,{'512890.SH': 0.999981422532919}
2023-05-17,2595828.9481025496,48.27490255003795,0.0,-0.001055946591903889,1.8597104630228057e-05,{'512890.SH': 0.9999814028953697}
2023-05-18,2623268.4901025495,48.27490255003795,0.0,0.010570627937583232,1.840257782692719e-05,{'512890.SH': 0.9999815974221731}
2023-05-19,2582109.17710255,48.27490255003795,0.0,-0.015690087825661614,1.8695918429060556e-05,{'512890.SH': 0.9999813040815709}
2023-05-22,2576621.26870255,48.27490255003795,0.0,-0.0021253587759438863,1.873573859550831e-05,{'512890.SH': 0.9999812642614045}
2023-05-23,2540949.86410255,48.27490255003795,0.0,-0.01384425605473727,1.899876232587076e-05,{'512890.SH': 0.9999810012376741}
2023-05-24,2505278.45950255,48.27490255003795,0.0,-0.014038610168563448,1.9269276182426228e-05,{'512890.SH': 0.9999807307238175}
2023-05-25,2488814.73430255,48.27490255003795,0.0,-0.006571614878798315,1.9396744114650304e-05,{'512890.SH': 0.9999806032558853}
2023-05-26,2529974.04730255,48.27490255003795,0.0,0.016537716702136995,1.9081184884686265e-05,{'512890.SH': 0.9999809188151153}
2023-05-29,2535461.95570255,48.27490255003795,0.0,0.002169156006106343,1.9039884405073426e-05,{'512890.SH': 0.9999809601155949}
2023-05-30,2554669.6351025496,48.27490255003795,0.0,0.007575613334208864,1.8896730084671047e-05,{'512890.SH': 0.9999811032699153}
2023-05-31,2532718.0015025497,48.27490255003795,0.0,-0.00859274847063296,1.906051227234875e-05,{'512890.SH': 0.9999809394877277}
2023-06-01,2563693.81830255,20048.274902550038,20000.0,0.004333611872102905,0.007820073816702583,{'512890.SH': 0.9921799261832974}
2023-06-02,2573824.7408963847,12041.34845638508,0.0,0.003951689753865617,0.004678387096470075,{'511010.SH': 0.9953216129035299}
2023-06-05,2576383.6333263847,12041.34845638508,0.0,0.0009941983963945855,0.004673740471188455,{'511010.SH': 0.9953262595288116}
2023-06-06,2577340.776296385,12041.34845638508,0.0,0.00037150638500382804,0.004672004791577615,{'511010.SH': 0.9953279952084224}
2023-06-07,2579782.4675463852,12041.34845638508,0.0,0.0009473684164920115,0.004667582870984285,{'511010.SH': 0.9953324171290158}
2023-06-08,2578610.4557463853,12041.34845638508,0.0,-0.000454306444339303,0.004669704347762633,{'511010.SH': 0.9953302956522374}
2023-06-09,2580114.537556385,12041.34845638508,0.0,0.0005832915967001195,0.004666982136300579,{'511010.SH': 0.9953330178636994}
2023-06-12,2581560.018776385,12041.34845638508,0.0,0.000560239167276988,0.004664368974110651,{'511010.SH': 0.9953356310258894}
2023-06-13,2584411.9141563848,12041.34845638508,0.0,0.0011047178292415971,0.004659221848664039,{'511010.SH': 0.9953407781513359}
2023-06-14,2586267.5995063847,12041.34845638508,0.0,0.0007180300244846727,0.004655878787903964,{'511010.SH': 0.995344121212096}
2023-06-15,2579469.9310663855,12041.34845638508,0.0,-0.002628370104198252,0.004668148409625784,{'511010.SH': 0.9953318515903742}
2023-06-16,2574020.0761963846,12041.34845638508,0.0,-0.002112780926175728,0.004678032066548026,{'511010.SH': 0.995321967933452}
2023-06-19,2574762.350336385,12041.34845638508,0.0,0.0002883715425783251,0.004676683444129092,{'511010.SH': 0.9953233165558709}
2023-06-20,2575270.2221163856,12041.34845638508,0.0,0.00019724996364578473,0.004675761150412156,{'511010.SH': 0.9953242388495879}
2023-06-21,2577965.8492563856,12041.34845638508,0.0,0.001046735646166308,0.004670871982209697,{'511010.SH': 0.9953291280177903}
2023-06-26,2579508.998126385,12041.34845638508,0.0,0.0005985916649922096,0.004668077709801075,{'511010.SH': 0.995331922290199}
2023-06-27,2578024.449846385,12041.34845638508,0.0,-0.0005755158369589175,0.004670765809495166,{'511010.SH': 0.9953292341905048}
2023-06-28,2578454.1875063847,12041.34845638508,0.0,0.0001666926238907962,0.004669987357049082,{'511010.SH': 0.995330012642951}
2023-06-29,2577790.047486385,12041.34845638508,0.0,-0.00025757293777717294,0.004671190529316635,{'511010.SH': 0.9953288094706834}
2023-06-30,2581267.015826385,12041.34845638508,0.0,0.0013488175048974593,0.004664898432652105,{'511010.SH': 0.995335101567348}
2023-07-03,2602439.027626385,32041.34845638508,20000.0,0.00045404516185820754,0.012312045783300881,{'511010.SH': 0.9876879542166991}
2023-07-04,2582812.4485922703,79.51251227036119,0.0,-0.007541609553871287,3.078524432298539e-05,{'515450.SH': 0.999969214755677}
2023-07-05,2577131.9509322704,79.51251227036119,0.0,-0.0021993457802543803,3.085310096039039e-05,{'515450.SH': 0.9999691468990396}
2023-07-06,2571451.4532722705,79.51251227036119,0.0,-0.002204193564068424,3.092125739693762e-05,{'515450.SH': 0.9999690787426031}
2023-07-07,2579025.4501522705,79.51251227036119,0.0,0.0029454170213332187,3.083044886806627e-05,{'515450.SH': 0.9999691695511319}
2023-07-10,2582812.4485922703,79.51251227036119,0.0,0.0014683835088855623,3.078524432298539e-05,{'515450.SH': 0.999969214755677}
2023-07-11,2590386.4454722703,79.51251227036119,0.0,0.0029324610403391738,3.06952317517492e-05,{'515450.SH': 0.9999693047682483}
2023-07-12,2569557.9540522704,79.51251227036119,0.0,-0.008040688854130562,3.0944043174806606e-05,{'515450.SH': 0.9999690559568252}
2023-07-13,2628256.42987227,79.51251227036119,0.0,0.022843803046913358,3.025295072681526e-05,{'515450.SH': 0.9999697470492732}
2023-07-14,2650978.42051227,79.51251227036119,0.0,0.00864527158832229,2.9993647498268333e-05,{'515450.SH': 0.9999700063525018}
2023-07-17,2643404.42363227,79.51251227036119,0.0,-0.0028570571610071482,3.0079586596554152e-05,{'515450.SH': 0.9999699204134035}
2023-07-18,2637723.9259722703,79.51251227036119,0.0,-0.002148932493725053,3.0144364801578964e-05,{'515450.SH': 0.9999698556351985}
2023-07-19,2643404.42363227,79.51251227036119,0.0,0.002153560349537287,3.0079586596554152e-05,{'515450.SH': 0.9999699204134035}
2023-07-20,2620682.43299227,79.51251227036119,0.0,-0.008595729974900324,3.0340384347742032e-05,{'515450.SH': 0.9999696596156522}
2023-07-21,2616895.43455227,79.51251227036119,0.0,-0.001445042860716339,3.0384290950457922e-05,{'515450.SH': 0.9999696157090495}
2023-07-24,2622575.9322122703,79.51251227036119,0.0,0.0021707010471254673,3.0318478597219686e-05,{'515450.SH': 0.9999696815214028}
2023-07-25,2658552.41739227,79.51251227036119,0.0,0.013717995630979418,2.9908198066808735e-05,{'515450.SH': 0.9999700918019332}
2023-07-26,2641510.9244122705,79.51251227036119,0.0,-0.006410064691037887,3.0101148375168094e-05,{'515450.SH': 0.9999698988516248}
2023-07-27,2632043.42831227,79.51251227036119,0.0,-0.0035841215012605288,3.0209422616307867e-05,{'515450.SH': 0.9999697905773837}
2023-07-28,2685061.4064722704,79.51251227036119,0.0,0.020143276356954676,2.9612921357663683e-05,{'515450.SH': 0.9999703870786424}
2023-07-31,2696422.4017922706,79.51251227036119,0.0,0.004231186405128318,2.9488151491958544e-05,{'515450.SH': 0.999970511848508}
2023-08-01,2706954.9056922705,20079.51251227036,20000.0,-0.0035111324151984036,0.0074177491727130465,{'515450.SH': 0.9925822508272869}
2023-08-02,2683284.116284442,307.79931027209386,0.0,-0.008744434330270057,0.0001147099214742512,{'510880.SH': 0.9998852900785258}
2023-08-03,2697262.5015242943,307.79931027209386,0.0,0.005209431664362052,0.00011411544486239227,{'510880.SH': 0.9998858845551376}
2023-08-04,2687652.3616718957,307.79931027209386,0.0,-0.0035629234629435125,0.0001145234832679858,{'510880.SH': 0.999885476516732}
2023-08-07,2663190.1875021537,307.79931027209386,0.0,-0.009101688342805225,0.00011557541467242468,{'510880.SH': 0.9998844245853276}
2023-08-08,2658821.9421147006,307.79931027209386,0.0,-0.001640230355290595,0.00011576529642571136,{'510880.SH': 0.9998842347035742}
2023-08-09,2650085.4513397925,307.79931027209386,0.0,-0.0032858502619245167,0.00011614693787193958,{'510880.SH': 0.999883853062128}
2023-08-10,2668432.0819670986,307.79931027209386,0.0,0.006923033601814899,0.00011534837718080207,{'510880.SH': 0.9998846516228191}
2023-08-11,2631738.820712486,307.79931027209386,0.0,-0.013750869472219596,0.0001169566325691711,{'510880.SH': 0.9998830433674308}
2023-08-14,2626496.926247541,307.79931027209386,0.0,-0.0019917988911702933,0.00011719005158397225,{'510880.SH': 0.999882809948416}
2023-08-15,2647464.5041073193,307.79931027209386,0.0,0.007983096287013325,0.00011626192147036119,{'510880.SH': 0.9998837380785296}
2023-08-16,2646590.8550298293,307.79931027209386,0.0,-0.0003299946330289627,0.00011630029994516274,{'510880.SH': 0.9998836997000549}
2023-08-17,2645717.2059523384,307.79931027209386,0.0,-0.00033010356543416997,0.00011633870376607391,{'510880.SH': 0.999883661296234}
2023-08-18,2646590.8550298293,307.79931027209386,0.0,0.00033021256978083,0.00011630029994516274,{'510880.SH': 0.9998836997000549}
2023-08-21,2624749.62809256,307.79931027209386,0.0,-0.008252589135853805,0.00011726806510523279,{'510880.SH': 0.9998827319348947}
2023-08-22,2640475.311487393,307.79931027209386,0.0,0.005991307980967697,0.00011656966036872693,{'510880.SH': 0.9998834303396312}
2023-08-23,2645717.2059523384,307.79931027209386,0.0,0.0019852086638116884,0.00011633870376607391,{'510880.SH': 0.999883661296234}
2023-08-24,2631738.820712486,307.79931027209386,0.0,-0.005283401116492725,0.0001169566325691711,{'510880.SH': 0.9998830433674308}
2023-08-25,2634359.767944958,307.79931027209386,0.0,0.0009958994455849801,0.0001168402714076542,{'510880.SH': 0.9998831597285923}
2023-08-28,2671053.0291995704,307.79931027209386,0.0,0.013928720633034963,0.00011523519260279588,{'510880.SH': 0.9998847648073972}
2023-08-29,2671053.0291995704,307.79931027209386,0.0,0.0,0.00011523519260279588,{'510880.SH': 0.9998847648073972}
2023-08-30,2644843.5568748475,307.79931027209386,0.0,-0.009812411823428735,0.00011637713295821177,{'510880.SH': 0.9998836228670418}
2023-08-31,2616013.1373176523,307.79931027209386,0.0,-0.010900614322633562,0.00011765969592480644,{'510880.SH': 0.9998823403040752}
2023-09-01,2660475.311487393,20307.799310272094,20000.0,0.009350937050271568,0.007633147063078215,{'510880.SH': 0.9923668529369218}
2023-09-04,2652236.2962608254,2447.2962608253583,0.0,-0.003096820778976328,0.0009227293451475664,{'511090.SH': 0.9990772706548524}
2023-09-05,2652907.096260825,2447.2962608253583,0.0,0.00025291864112775286,0.0009224960287055405,{'511090.SH': 0.9990775039712945}
2023-09-06,2641503.4962608255,2447.2962608253583,0.0,-0.004298529720875854,0.0009264785241774705,{'511090.SH': 0.9990735214758225}
2023-09-07,2631183.496260825,2447.2962608253583,0.0,-0.003906865924882874,0.0009301123484178169,{'511090.SH': 0.9990698876515822}
2023-09-08,2637865.6962608253,2447.2962608253583,0.0,0.0025396176319500974,0.0009277562024080304,{'511090.SH': 0.999072243797592}
2023-09-11,2635879.096260825,2447.2962608253583,0.0,-0.0007531088496340876,0.0009284554304091623,{'511090.SH': 0.9990715445695908}
2023-09-12,2641013.2962608254,2447.2962608253583,0.0,0.0019478131630861206,0.0009266504883902957,{'511090.SH': 0.9990733495116098}
2023-09-13,2644315.6962608253,2447.2962608253583,0.0,0.0012504291457660077,0.0009254932246879369,{'511090.SH': 0.9990745067753121}
2023-09-14,2656209.496260825,2447.2962608253583,0.0,0.004497874446995231,0.0009213491120600404,{'511090.SH': 0.99907865088794}
2023-09-15,2646895.6962608253,2447.2962608253583,0.0,-0.0035064252323135925,0.0009245911216987379,{'511090.SH': 0.9990754088783013}
2023-09-18,2636704.6962608253,2447.2962608253583,0.0,-0.00385017060339643,0.000928164714196447,{'511090.SH': 0.9990718352858036}
2023-09-19,2639104.096260825,2447.2962608253583,0.0,0.0009099995169739028,0.0009273208526684389,{'511090.SH': 0.9990726791473316}
2023-09-20,2635517.8962608255,2447.2962608253583,0.0,-0.0013588702336829739,0.000928582676026405,{'511090.SH': 0.9990714173239736}
2023-09-21,2643206.2962608254,2447.2962608253583,0.0,0.0029172254951894683,0.0009258816704119507,{'511090.SH': 0.999074118329588}
2023-09-22,2636033.8962608255,2447.2962608253583,0.0,-0.002713522591916595,0.0009284009072481243,{'511090.SH': 0.9990715990927519}
2023-09-25,2625455.8962608255,2447.2962608253583,0.0,-0.004012846729704367,0.0009321414480093906,{'511090.SH': 0.9990678585519907}
2023-09-26,2626694.2962608254,2447.2962608253583,0.0,0.00047168950800635656,0.0009317019739636831,{'511090.SH': 0.9990682980260364}
2023-09-27,2627803.6962608253,2447.2962608253583,0.0,0.0004223559633791396,0.0009313086302099674,{'511090.SH': 0.99906869136979}
2023-09-28,2641709.8962608255,2447.2962608253583,0.0,0.005291947804087371,0.0009264061372860633,{'511090.SH': 0.9990735938627139}
2023-10-09,2659233.096260825,22447.29626082536,20000.0,-0.0009375745624097265,0.008441266879683745,{'511090.SH': 0.9915587331203163}
2023-10-10,2630206.7556017856,87.95744680380449,0.0,-0.010915305130585917,3.34412671614023e-05,{'510880.SH': 0.9999665587328386}
2023-10-11,2622427.8961921907,87.95744680380449,0.0,-0.0029575087179087856,3.35404633742343e-05,{'510880.SH': 0.9999664595366258}
2023-10-12,2644900.1567087965,87.95744680380449,0.0,0.008569257728395785,3.325548852220383e-05,{'510880.SH': 0.9999667445114778}
2023-10-13,2641442.885860088,87.95744680380449,0.0,-0.001307146071256926,3.329901519909805e-05,{'510880.SH': 0.9999667009848009}
2023-10-16,2657864.9223914538,87.95744680380449,0.0,0.0062170704576935965,3.309327199542686e-05,{'510880.SH': 0.9999669067280046}
2023-10-17,2654407.651542745,87.95744680380449,0.0,-0.001300769959971415,3.31363747963443e-05,{'510880.SH': 0.9999668636252037}
2023-10-18,2634528.344162671,87.95744680380449,0.0,-0.00748916895583851,3.33864112711833e-05,{'510880.SH': 0.9999666135887288}
2023-10-19,2595634.0471147005,87.95744680380449,0.0,-0.014763286617943794,3.38866901910066e-05,{'510880.SH': 0.999966113309809}
2023-10-20,2575754.7397346264,87.95744680380449,0.0,-0.007658748120588088,3.414822282841515e-05,{'510880.SH': 0.9999658517771716}
2023-10-23,2549825.208369313,87.95744680380449,0.0,-0.010066770319904328,3.449548091182918e-05,{'510880.SH': 0.9999655045190882}
2023-10-24,2567975.8803250324,87.95744680380449,0.0,0.007118398506746004,3.425166391853789e-05,{'510880.SH': 0.9999657483360814}
2023-10-25,2587855.1877051066,87.95744680380449,0.0,0.007741236018758091,3.39885505269731e-05,{'510880.SH': 0.9999660114494731}
2023-10-26,2596498.3648268776,87.95744680380449,0.0,0.003339899837840443,3.3875410050438865e-05,{'510880.SH': 0.9999661245899496}
2023-10-27,2606005.8596608257,87.95744680380449,0.0,0.003661660243172049,3.375182234442567e-05,{'510880.SH': 0.9999662481776556}
2023-10-30,2570568.833461564,87.95744680380449,0.0,-0.013598214320160396,3.4217113993932527e-05,{'510880.SH': 0.999965782886006}
2023-10-31,2577483.375158981,87.95744680380449,0.0,0.0026898877818049005,3.4125320710702627e-05,{'510880.SH': 0.9999658746792893}
2023-11-01,2594890.42202245,20087.957446803804,20000.0,-0.0010060018859952002,0.0077413509550616445,{'510880.SH': 0.9922586490449383}
2023-11-02,2594745.620290162,5508.620290162042,0.0,-5.580263854643164e-05,0.0021229904955176416,{'511260.SH': 0.9978770095044823}
2023-11-03,2594493.620290162,5508.620290162042,0.0,-9.711934689449198e-05,0.0021231966989943766,{'511260.SH': 0.9978768033010056}
2023-11-06,2594220.620290162,5508.620290162042,0.0,-0.00010522284497638257,0.0021234201313016722,{'511260.SH': 0.9978765798686984}
2023-11-07,2595564.620290162,5508.620290162042,0.0,0.0005180746731747732,0.0021223206107448887,{'511260.SH': 0.9978776793892551}
2023-11-08,2595732.620290162,5508.620290162042,0.0,6.472580134841976e-05,0.0021221832507333765,{'511260.SH': 0.9978778167492667}
2023-11-09,2595879.620290162,5508.620290162042,0.0,5.663141066647448e-05,0.002122063075307899,{'511260.SH': 0.9978779369246921}
2023-11-10,2596236.620290162,5508.620290162042,0.0,0.00013752563763347325,0.0021217712773600674,{'511260.SH': 0.99787822872264}
2023-11-13,2597391.620290162,5508.620290162042,0.0,0.00044487470478360436,0.0021208277747298875,{'511260.SH': 0.9978791722252701}
2023-11-14,2595900.620290162,5508.620290162042,0.0,-0.0005740374259902703,0.002122045908501037,{'511260.SH': 0.9978779540914989}
2023-11-15,2595144.620290162,5508.620290162042,0.0,-0.00029122840608419853,0.002122664088580206,{'511260.SH': 0.9978773359114198}
2023-11-16,2597202.620290162,5508.620290162042,0.0,0.0007930193885572479,0.0021209821086452673,{'511260.SH': 0.9978790178913547}
2023-11-17,2598252.620290162,5508.620290162042,0.0,0.0004042811260842605,0.0021201249821300523,{'511260.SH': 0.9978798750178699}
2023-11-20,2598189.620290162,5508.620290162042,0.0,-2.4247064934312945e-05,0.0021201763901846577,{'511260.SH': 0.9978798236098153}
2023-11-21,2598756.620290162,5508.620290162042,0.0,0.00021822887581879336,0.002119713807423406,{'511260.SH': 0.9978802861925766}
2023-11-22,2597349.620290162,5508.620290162042,0.0,-0.0005414127621704568,0.0021208620692144816,{'511260.SH': 0.9978791379307855}
2023-11-23,2593842.620290162,5508.620290162042,0.0,-0.0013502225393930978,0.0021237295767565943,{'511260.SH': 0.9978762704232434}
2023-11-24,2594220.620290162,5508.620290162042,0.0,0.0001457297358917753,0.0021234201313016722,{'511260.SH': 0.9978765798686984}
2023-11-27,2593422.620290162,5508.620290162042,0.0,-0.00030760683719754933,0.0021240735108363157,{'511260.SH': 0.9978759264891637}
2023-11-28,2595333.620290162,5508.620290162042,0.0,0.0007368640903526735,0.002122509509797114,{'511260.SH': 0.9978774904902029}
2023-11-29,2594556.620290162,5508.620290162042,0.0,-0.00029938347576030644,0.0021231451443699794,{'511260.SH': 0.99787685485563}
2023-11-30,2595480.620290162,5508.620290162042,0.0,0.0003561302122967458,0.002122389297418913,{'511260.SH': 0.9978776107025811}
2023-12-01,2617790.620290162,25508.62029016204,20000.0,0.000890008571800438,0.009744331762994324,{'511260.SH': 0.9902556682370057}
2023-12-04,2616193.9362108023,115.7774908025749,0.0,-0.0006099357477195033,4.425416984578089e-05,{'512890.SH': 0.9999557458301542}
2023-12-05,2582365.3393308027,115.7774908025749,0.0,-0.012930462230562156,4.483389280332334e-05,{'512890.SH': 0.9999551661071967}
2023-12-06,2573908.190110802,115.7774908025749,0.0,-0.003274962334412379,4.498120455399417e-05,{'512890.SH': 0.999955018795446}
2023-12-07,2571089.1403708025,115.7774908025749,0.0,-0.0010952409844418032,4.5030523829242834e-05,{'512890.SH': 0.9999549694761708}
2023-12-08,2568270.0906308023,115.7774908025749,0.0,-0.0010964418524959108,4.5079951374638466e-05,{'512890.SH': 0.9999549200486254}
2023-12-11,2593641.5382908024,115.7774908025749,0.0,0.009878808211237766,4.463897153608657e-05,{'512890.SH': 0.9999553610284639}
2023-12-12,2607736.7869908023,115.7774908025749,0.0,0.0054345400055895166,4.439769051084958e-05,{'512890.SH': 0.9999556023094891}
2023-12-13,2590822.488550802,115.7774908025749,0.0,-0.006486198501466922,4.468754278388868e-05,{'512890.SH': 0.9999553124572161}
2023-12-14,2588003.4388108025,115.7774908025749,0.0,-0.0010880906555572611,4.473621984666879e-05,{'512890.SH': 0.9999552637801533}
2023-12-15,2573908.190110802,115.7774908025749,0.0,-0.005446379432353932,4.498120455399417e-05,{'512890.SH': 0.999955018795446}
2023-12-18,2571089.1403708025,115.7774908025749,0.0,-0.0010952409844418032,4.5030523829242834e-05,{'512890.SH': 0.9999549694761708}
2023-12-19,2568270.0906308023,115.7774908025749,0.0,-0.0010964418524959108,4.5079951374638466e-05,{'512890.SH': 0.9999549200486254}
2023-12-20,2559812.941410803,115.7774908025749,0.0,-0.0032929360704124777,4.522888720875279e-05,{'512890.SH': 0.9999547711127913}
2023-12-21,2554174.8419308024,115.7774908025749,0.0,-0.002202543548706748,4.532872570111688e-05,{'512890.SH': 0.9999546712742989}
2023-12-22,2556993.8916708026,115.7774908025749,0.0,0.0011037027276759037,4.527875141966923e-05,{'512890.SH': 0.9999547212485803}
2023-12-25,2554174.8419308024,115.7774908025749,0.0,-0.0011024859109687313,4.532872570111688e-05,{'512890.SH': 0.9999546712742989}
2023-12-26,2551355.7921908023,115.7774908025749,0.0,-0.0011037027276759037,4.537881041795386e-05,{'512890.SH': 0.999954621189582}
2023-12-27,2571089.1403708025,115.7774908025749,0.0,0.007734455633510606,4.5030523829242834e-05,{'512890.SH': 0.9999549694761708}
2023-12-28,2565451.0408908026,115.7774908025749,0.0,-0.0021928837049915995,4.512948754709949e-05,{'512890.SH': 0.9999548705124529}
2023-12-29,2576727.2398508023,115.7774908025749,0.0,0.004395406024230386,4.493199319353594e-05,{'512890.SH': 0.9999550680068064}
2024-01-02,2627736.7869908023,20115.777490802575,20000.0,0.012034470183889256,0.007655172158181985,{'512890.SH': 0.992344827841818}
2024-01-03,2611365.3340906627,8232.334090662654,0.0,-0.006230248395193261,0.003152501866817246,{'511090.SH': 0.9968474981331827}
2024-01-04,2617268.634090663,8232.334090662654,0.0,0.0022606181995810104,0.003145391337913953,{'511090.SH': 0.9968546086620861}
2024-01-05,2629717.4340906627,8232.334090662654,0.0,0.004756408966909431,0.0031305013930172827,{'511090.SH': 0.9968694986069827}
2024-01-08,2631965.134090663,8232.334090662654,0.0,0.0008547306151078793,0.003127827942715854,{'511090.SH': 0.9968721720572842}
2024-01-09,2643598.8340906627,8232.334090662654,0.0,0.004420157337691855,0.0031140632930012576,{'511090.SH': 0.9968859367069988}
2024-01-10,2644315.134090663,8232.334090662654,0.0,0.0002709563912508539,0.0031132197462136525,{'511090.SH': 0.9968867802537863}
2024-01-11,2639325.7340906626,8232.334090662654,0.0,-0.0018868401635178111,0.003119104998799617,{'511090.SH': 0.9968808950012004}
2024-01-12,2634855.0340906624,8232.334090662654,0.0,-0.0016938795929031247,0.0031243973517138058,{'511090.SH': 0.9968756026482862}
2024-01-15,2638436.534090663,8232.334090662654,0.0,0.0013592778174364994,0.0031201561926142477,{'511090.SH': 0.9968798438073857}
2024-01-16,2638090.7340906626,8232.334090662654,0.0,-0.00013106246655258946,0.003120565181583984,{'511090.SH': 0.996879434818416}
2024-01-17,2643376.534090663,8232.334090662654,0.0,0.0020036460200911765,0.0031143251763391423,{'511090.SH': 0.9968856748236609}
2024-01-18,2645253.7340906626,8232.334090662654,0.0,0.0007101523282022626,0.00311211510055485,{'511090.SH': 0.9968878848994451}
2024-01-19,2651675.7340906626,8232.334090662654,0.0,0.0024277444228644196,0.0031045779786817575,{'511090.SH': 0.9968954220213182}
2024-01-22,2669879.6340906625,8232.334090662654,0.0,0.006865055091754169,0.003083410197803361,{'511090.SH': 0.9969165898021967}
2024-01-23,2672300.2340906626,8232.334090662654,0.0,0.0009066326320827933,0.003080617209714078,{'511090.SH': 0.9969193827902859}
2024-01-24,2671040.5340906624,8232.334090662654,0.0,-0.00047139164377196785,0.00308207007179144,{'511090.SH': 0.9969179299282086}
2024-01-25,2672077.9340906627,8232.334090662654,0.0,0.00038838796594808933,0.0030808734976003637,{'511090.SH': 0.9969191265023997}
2024-01-26,2674622.0340906624,8232.334090662654,0.0,0.0009521054635202031,0.0030779429712810033,{'511090.SH': 0.9969220570287189}
2024-01-29,2676153.4340906627,8232.334090662654,0.0,0.0005725668825280472,0.0030761816515426895,{'511090.SH': 0.9969238183484573}
2024-01-30,2701717.9340906627,8232.334090662654,0.0,0.00955270339672687,0.0030470738587422054,{'511090.SH': 0.9969529261412577}
2024-01-31,2724886.534090663,8232.334090662654,0.0,0.008575506609204142,0.003021165831189339,{'511090.SH': 0.9969788341688106}
2024-02-01,2743873.8340906627,28232.334090662654,20000.0,-0.00037164850254511883,0.010289224577273258,{'511090.SH': 0.9897107754227268}
2024-02-02,2742033.6462906627,6245.746290662657,0.0,-0.0006706532119432618,0.0022777788664671227,{'511090.SH': 0.9977222211335328}
2024-02-05,2769597.9462906625,6245.746290662657,0.0,0.010052502469212188,0.0022551093739174737,{'511090.SH': 0.9977448906260825}
2024-02-06,2751022.5462906626,6245.746290662657,0.0,-0.006706894054741119,0.0022703362788080747,{'511090.SH': 0.9977296637211919}
2024-02-07,2757645.946290663,6245.746290662657,0.0,0.002407613855775592,0.0022648833143587097,{'511090.SH': 0.9977351166856412}
2024-02-08,2752043.4462906625,6245.746290662657,0.0,-0.0020316241131449475,0.0022694940732425487,{'511090.SH': 0.9977305059267574}
2024-02-19,2756948.746290663,6245.746290662657,0.0,0.0017824209885246578,0.0022654560767827103,{'511090.SH': 0.9977345439232173}
2024-02-20,2767381.846290663,6245.746290662657,0.0,0.003784292331889594,0.0022569152497095104,{'511090.SH': 0.9977430847502904}
2024-02-21,2770021.246290663,6245.746290662657,0.0,0.0009537534560102312,0.0022547647600271443,{'511090.SH': 0.9977452352399728}
2024-02-22,2770768.246290663,6245.746290662657,0.0,0.0002696730218225696,0.0022541568747310734,{'511090.SH': 0.9977458431252689}
2024-02-23,2784039.946290663,6245.746290662657,0.0,0.004789898981182317,0.002243411161892352,{'511090.SH': 0.9977565888381076}
2024-02-26,2795045.746290663,6245.746290662657,0.0,0.003953176036379569,0.002234577483732228,{'511090.SH': 0.9977654225162678}
2024-02-27,2816808.346290663,6245.746290662657,0.0,0.007786133743564516,0.0022173131867091415,{'511090.SH': 0.9977826868132909}
2024-02-28,2819547.346290663,6245.746290662657,0.0,0.0009723771244880552,0.00221515921655986,{'511090.SH': 0.9977848407834401}
2024-02-29,2848207.246290663,6245.746290662657,0.0,0.010164716700964194,0.0021928693211481533,{'511090.SH': 0.9978071306788519}
2024-03-01,2841190.746290663,26245.746290662657,20000.0,-0.009485440371372111,0.009237586855063491,{'511090.SH': 0.9907624131449365}
2024-03-04,2852113.1624645633,142.7340245633386,0.0,0.0038443093580253773,5.0045007484906215e-05,{'515450.SH': 0.999949954992515}
2024-03-05,2880393.570984564,142.7340245633386,0.0,0.009915598333259279,4.955365336222087e-05,{'515450.SH': 0.9999504463466378}
2024-03-06,2876042.7389045637,142.7340245633386,0.0,-0.001510499163665635,4.9628617347217725e-05,{'515450.SH': 0.9999503713826527}
2024-03-07,2895621.4832645636,142.7340245633386,0.0,0.006807529003361346,4.929305345615073e-05,{'515450.SH': 0.9999507069465439}
2024-03-08,2902147.7313845637,142.7340245633386,0.0,0.00225383329890283,4.9182204964887406e-05,{'515450.SH': 0.9999508177950351}
2024-03-11,2882568.9870245634,142.7340245633386,0.0,-0.006746294872680303,4.951625623040893e-05,{'515450.SH': 0.9999504837437696}
2024-03-12,2826008.1699845633,142.7340245633386,0.0,-0.01962166986968905,5.050729367286942e-05,{'515450.SH': 0.9999494927063272}
2024-03-13,2817306.5058245636,142.7340245633386,0.0,-0.003079136236201041,5.066329285374063e-05,{'515450.SH': 0.9999493367071463}
2024-03-14,2826008.1699845633,142.7340245633386,0.0,0.0030886465998676282,5.050729367286942e-05,{'515450.SH': 0.9999494927063272}
2024-03-15,2834709.8341445634,142.7340245633386,0.0,0.003079136236201263,5.0352252228458424e-05,{'515450.SH': 0.9999496477477715}
2024-03-18,2834709.8341445634,142.7340245633386,0.0,0.0,5.0352252228458424e-05,{'515450.SH': 0.9999496477477715}
2024-03-19,2823832.7539445637,142.7340245633386,0.0,-0.003837105325202428,5.054620333444177e-05,{'515450.SH': 0.9999494537966656}
2024-03-20,2821657.337904563,142.7340245633386,0.0,-0.0007703770830485013,5.058517299245721e-05,{'515450.SH': 0.9999494148270075}
2024-03-21,2821657.337904563,142.7340245633386,0.0,0.0,5.058517299245721e-05,{'515450.SH': 0.9999494148270075}
2024-03-22,2808604.8416645634,142.7340245633386,0.0,-0.0046258261287293045,5.0820258672895066e-05,{'515450.SH': 0.9999491797413271}
2024-03-25,2821657.337904563,142.7340245633386,0.0,0.004647323840780704,5.058517299245721e-05,{'515450.SH': 0.9999494148270075}
2024-03-26,2832534.4181045634,142.7340245633386,0.0,0.0038548551072745685,5.0390923284473774e-05,{'515450.SH': 0.9999496090767155}
2024-03-27,2832534.4181045634,142.7340245633386,0.0,0.0,5.0390923284473774e-05,{'515450.SH': 0.9999496090767155}
2024-03-28,2815131.0897845635,142.7340245633386,0.0,-0.006144083619518903,5.0702443336044345e-05,{'515450.SH': 0.999949297556664}
2024-03-29,2849937.7464245637,142.7340245633386,0.0,0.012364133509201514,5.0083207867402695e-05,{'515450.SH': 0.9999499167921326}
2024-04-01,2882990.2426645635,20142.73402456334,20000.0,0.004579923283017262,0.006986750675210991,{'515450.SH': 0.993013249324789}
2024-04-02,2880809.5930839437,13380.994083943777,0.0,-0.0007563846551920106,0.004644872787173432,{'511880.SH': 0.9953551272128266}
2024-04-03,2881664.776083944,13380.994083943777,0.0,0.0002968550931146119,0.004643494342228093,{'511880.SH': 0.9953565056577719}
2024-04-08,2882035.3553839438,13380.994083943777,0.0,0.00012859903173878529,0.004642897270134691,{'511880.SH': 0.9953571027298653}
2024-04-09,2881721.788283944,13380.994083943777,0.0,-0.00010880057366879914,0.004643402474987745,{'511880.SH': 0.9953565975250123}
2024-04-10,2881721.788283944,13380.994083943777,0.0,0.0,0.004643402474987745,{'511880.SH': 0.9953565975250123}
2024-04-11,2881151.666283944,13380.994083943777,0.0,-0.0001978407500397017,0.004644321310999339,{'511880.SH': 0.9953556786890007}
2024-04-12,2881607.763883943,13380.994083943777,0.0,0.00015830391899762652,0.0046435862131036015,{'511880.SH': 0.9953564137868964}
2024-04-15,2881607.763883943,13380.994083943777,0.0,0.0,0.0046435862131036015,{'511880.SH': 0.9953564137868964}
2024-04-16,2881835.812683944,13380.994083943777,0.0,7.913943141701907e-05,0.004643218751411669,{'511880.SH': 0.9953567812485883}
2024-04-17,2881778.8004839434,13380.994083943777,0.0,-1.9783292215969084e-05,0.0046433106113823435,{'511880.SH': 0.9953566893886177}
2024-04-18,2882006.849283944,13380.994083943777,0.0,7.91347344084592e-05,0.004642943193305868,{'511880.SH': 0.9953570568066942}
2024-04-19,2882348.922483944,13380.994083943777,0.0,0.00011869270889652839,0.004642392175202833,{'511880.SH': 0.9953576078247972}
2024-04-22,2882462.946883944,13380.994083943777,0.0,3.955954086976021e-05,0.004642208531564702,{'511880.SH': 0.9953577914684353}
2024-04-23,2882633.9834839436,13380.994083943777,0.0,5.9336963961653666e-05,0.00464193309334803,{'511880.SH': 0.995358066906652}
2024-04-24,2882633.9834839436,13380.994083943777,0.0,0.0,0.00464193309334803,{'511880.SH': 0.995358066906652}
2024-04-25,2882862.0322839436,13380.994083943777,0.0,7.911125772697147e-05,0.004641565893232394,{'511880.SH': 0.9953584341067676}
2024-04-26,2882862.0322839436,13380.994083943777,0.0,0.0,0.004641565893232394,{'511880.SH': 0.9953584341067676}
2024-04-29,2883147.093283944,13380.994083943777,0.0,9.888124953882915e-05,0.004641106974775485,{'511880.SH': 0.9953588930252245}
2024-04-30,2884087.794583944,13380.994083943777,0.0,0.00032627586091305005,0.004639593187513942,{'511880.SH': 0.995360406812486}
2024-05-06,2904116.300683944,33380.99408394378,20000.0,9.883922414966051e-06,0.011494372341797149,{'511880.SH': 0.9885056276582028}
2024-05-07,2890770.520529524,10.206689523532987,0.0,-0.004595470281709146,3.5307851145733114e-06,{'515450.SH': 0.9999964692148854}
2024-05-08,2890770.520529524,10.206689523532987,0.0,0.0,3.5307851145733114e-06,{'515450.SH': 0.9999964692148854}
2024-05-09,2914220.6410695235,10.206689523532987,0.0,0.008112065753217879,3.502373629399288e-06,{'515450.SH': 0.9999964976263706}
2024-05-10,2929143.445049524,10.206689523532987,0.0,0.005120684333127068,3.484530448921193e-06,{'515450.SH': 0.999996515469551}
2024-05-13,2952593.565589524,10.206689523532987,0.0,0.008005794519770904,3.4568555735151066e-06,{'515450.SH': 0.9999965431444264}
2024-05-14,2935538.9324695235,10.206689523532987,0.0,-0.005776153317801902,3.476938905711124e-06,{'515450.SH': 0.9999965230610943}
2024-05-15,2914220.6410695235,10.206689523532987,0.0,-0.007262138874808199,3.502373629399288e-06,{'515450.SH': 0.9999964976263706}
2024-05-16,2916352.470209524,10.206689523532987,0.0,0.0007315263333040889,3.499813423718187e-06,{'515450.SH': 0.9999965001865763}
2024-05-17,2941934.4198895236,10.206689523532987,0.0,0.008771899124443427,3.469380369096151e-06,{'515450.SH': 0.9999965306196309}
2024-05-20,2944066.2490295237,10.206689523532987,0.0,0.0007246351671157392,3.4668681545116385e-06,{'515450.SH': 0.9999965331318454}
2024-05-21,2946198.0781695233,10.206689523532987,0.0,0.0007241104512176744,3.4643595755362166e-06,{'515450.SH': 0.9999965356404245}
2024-05-22,2950461.7364495234,10.206689523532987,0.0,0.0014471729893494878,3.459353292890129e-06,{'515450.SH': 0.9999965406467071}
2024-05-23,2920616.1284895237,10.206689523532987,0.0,-0.010115571942957868,3.494704224896428e-06,{'515450.SH': 0.9999965052957751}
2024-05-24,2924879.7867695238,10.206689523532987,0.0,0.0014598489128405667,3.489609921646075e-06,{'515450.SH': 0.9999965103900783}
2024-05-27,2958989.0530095235,10.206689523532987,0.0,0.011661766885015412,3.4493840094311888e-06,{'515450.SH': 0.9999965506159906}
2024-05-28,2948329.907309524,10.206689523532987,0.0,-0.003602293049769334,3.4618546242835574e-06,{'515450.SH': 0.9999965381453757}
2024-05-29,2941934.4198895236,10.206689523532987,0.0,-0.002169189887517131,3.469380369096151e-06,{'515450.SH': 0.9999965306196309}
2024-05-30,2939802.5907495236,10.206689523532987,0.0,-0.0007246351671157392,3.471896227198956e-06,{'515450.SH': 0.9999965281037728}
2024-05-31,2937670.7616095236,10.206689523532987,0.0,-0.000725160644020173,3.4744157367522127e-06,{'515450.SH': 0.9999965255842632}
2024-06-03,2936352.470209524,20010.206689523533,20000.0,-0.007256868835879837,0.006814647387374344,{'515450.SH': 0.9931853526126256}
2024-06-04,2948827.9479710013,123.2377772750333,0.0,0.0042486308738634015,4.179212197165638e-05,{'510880.SH': 0.9999582078780284}
2024-06-05,2914403.745517127,123.2377772750333,0.0,-0.011673859262477548,4.228575998249898e-05,{'510880.SH': 0.9999577142400174}
2024-06-06,2929804.046614913,123.2377772750333,0.0,0.005284203028312007,4.20634879719761e-05,{'510880.SH': 0.999957936512028}
2024-06-07,2954263.348358456,123.2377772750333,0.0,0.008348442883681306,4.1715230750674505e-05,{'510880.SH': 0.9999582847692493}
2024-06-11,2903532.9447422195,123.2377772750333,0.0,-0.01717193006656803,4.2444077480916806e-05,{'510880.SH': 0.9999575559225191}
2024-06-12,2940674.847389821,123.2377772750333,0.0,0.01279196873411026,4.1907991760605786e-05,{'510880.SH': 0.9999580920082394}
2024-06-13,2915309.645581703,123.2377772750333,0.0,-0.008625639733897184,4.2272620152650435e-05,{'510880.SH': 0.9999577273798473}
2024-06-14,2919839.1459045806,123.2377772750333,0.0,0.0015536944179299628,4.220704330507002e-05,{'510880.SH': 0.999957792956695}
2024-06-17,2881791.343192404,123.2377772750333,0.0,-0.013030787249202702,4.276429574478227e-05,{'510880.SH': 0.9999572357042552}
2024-06-18,2888132.643644433,123.2377772750333,0.0,0.002200471754143063,4.267040073323082e-05,{'510880.SH': 0.9999573295992668}
2024-06-19,2888132.643644433,123.2377772750333,0.0,0.0,4.267040073323082e-05,{'510880.SH': 0.9999573295992668}
2024-06-20,2893568.0440318873,123.2377772750333,0.0,0.001881977408279889,4.259024685084448e-05,{'510880.SH': 0.9999574097531492}
2024-06-21,2898097.544354765,123.2377772750333,0.0,0.0015653685187118072,4.252368161833941e-05,{'510880.SH': 0.9999574763183816}
2024-06-24,2860049.7416425887,123.2377772750333,0.0,-0.013128544546849419,4.30893824959335e-05,{'510880.SH': 0.999956910617504}
2024-06-25,2871826.442482072,123.2377772750333,0.0,0.00411765595122815,4.291268283208679e-05,{'510880.SH': 0.9999570873171679}
2024-06-26,2879073.642998677,123.2377772750333,0.0,0.002523551009002256,4.2804663081377775e-05,{'510880.SH': 0.9999571953369186}
2024-06-27,2879073.642998677,123.2377772750333,0.0,0.0,4.2804663081377775e-05,{'510880.SH': 0.9999571953369186}
2024-06-28,2899909.3444839166,123.2377772750333,0.0,0.0072369463476238405,4.2497113749245615e-05,{'510880.SH': 0.9999575028862507}
2024-07-01,2981510.5488750604,20123.237777275033,20000.0,0.02124245866799912,0.006749343142477774,{'510880.SH': 0.9932506568575222}
2024-07-02,2989904.58943299,3742.1909829904325,0.0,0.0028153650373958783,0.0012516088293306065,{'511090.SH': 0.9987483911706694}
2024-07-03,2993866.7222229904,3742.1909829904325,0.0,0.0013251703094483425,0.001249952429482833,{'511090.SH': 0.9987500475705172}
2024-07-04,2985260.23510299,3742.1909829904325,0.0,-0.0028747061638100257,0.0012535560347425887,{'511090.SH': 0.9987464439652574}
2024-07-05,2973242.6402829904,3742.1909829904325,0.0,-0.004025643955152591,0.001258622802017347,{'511090.SH': 0.9987413771979826}
2024-07-08,2965528.28902299,3742.1909829904325,0.0,-0.002594591896228904,0.0012618969095126449,{'511090.SH': 0.9987381030904874}
2024-07-09,2978359.3018329903,3742.1909829904325,0.0,0.00432672075916285,0.0012564605555439039,{'511090.SH': 0.998743539444456}
2024-07-10,2977913.23390299,3742.1909829904325,0.0,-0.0001497696835052187,0.0012566487634314801,{'511090.SH': 0.9987433512365685}
2024-07-11,2977519.64455299,3742.1909829904325,0.0,-0.00013216951572636582,0.0012568148760450047,{'511090.SH': 0.998743185123955}
2024-07-12,2984551.77427299,3742.1909829904325,0.0,0.0023617408311191745,0.0012538535988044627,{'511090.SH': 0.9987461464011955}
2024-07-15,2989720.91440299,3742.1909829904325,0.0,0.0017319653070047014,0.0012516857225577196,{'511090.SH': 0.9987483142774423}
2024-07-16,2986965.78895299,3742.1909829904325,0.0,-0.0009215326543449143,0.0012528402557640838,{'511090.SH': 0.9987471597442359}
2024-07-17,2987831.68552299,3742.1909829904325,0.0,0.0002898916931697304,0.001252477173035736,{'511090.SH': 0.9987475228269642}
2024-07-18,2984263.14208299,3742.1909829904325,0.0,-0.0011943589249991948,0.001253974869112385,{'511090.SH': 0.9987460251308876}
2024-07-19,2988172.7962929904,3742.1909829904325,0.0,0.00131009030499607,0.001252334198220681,{'511090.SH': 0.9987476658017793}
2024-07-22,2998222.44436299,3742.1909829904325,0.0,0.003363141543376136,0.0012481365383766607,{'511090.SH': 0.9987518634616234}
2024-07-23,2999140.8195129903,3742.1909829904325,0.0,0.00030630654230701104,0.00124775434305819,{'511090.SH': 0.9987522456569418}
2024-07-24,3002919.27727299,3742.1909829904325,0.0,0.0012598467319093754,0.0012461843417878318,{'511090.SH': 0.9987538156582122}
2024-07-25,3010764.82498299,3742.1909829904325,0.0,0.0026126402295851836,0.0012429369945929187,{'511090.SH': 0.9987570630054071}
2024-07-26,3020709.5158929904,3742.1909829904325,0.0,0.0033030447371646954,0.001238845034023126,{'511090.SH': 0.9987611549659768}
2024-07-29,3033881.63947299,3742.1909829904325,0.0,0.004360605847962606,0.0012334663733422646,{'511090.SH': 0.9987665336266577}
2024-07-30,3048050.85607299,3742.1909829904325,0.0,0.004670326098305422,0.0012277324623814676,{'511090.SH': 0.9987722675376185}
2024-07-31,3042225.73369299,3742.1909829904325,0.0,-0.0019110975029809074,0.0012300832714499943,{'511090.SH': 0.99876991672855}
2024-08-01,3072590.25324299,23742.190982990433,20000.0,0.0034068870811299057,0.007727093112376942,{'511090.SH': 0.992272906887623}
2024-08-02,3079100.4844979905,125.15836799043609,0.0,0.002118808795975813,4.064770494518032e-05,{'511090.SH': 0.9999593522950548}
2024-08-05,3110381.2640279904,125.15836799043609,0.0,0.010159064209656732,4.0238915221715976e-05,{'511090.SH': 0.9999597610847782}
2024-08-06,3089756.5742279906,125.15836799043609,0.0,-0.006630920150698993,4.05075173346652e-05,{'511090.SH': 0.9999594924826654}
2024-08-07,3093458.4416279905,125.15836799043609,0.0,0.00119810972517298,4.0459042961821444e-05,{'511090.SH': 0.9999595409570382}
2024-08-08,3073574.1253079902,125.15836799043609,0.0,-0.006427859528488011,4.072079048293474e-05,{'511090.SH': 0.999959279209517}
2024-08-09,3067228.0669079903,125.15836799043609,0.0,-0.002064716236301667,4.080504131425925e-05,{'511090.SH': 0.9999591949586857}
2024-08-12,3033170.8868279904,125.15836799043609,0.0,-0.011103569521757839,4.126321023782587e-05,{'511090.SH': 0.9999587367897621}
2024-08-13,3049088.9166479902,125.15836799043609,0.0,0.005247983187866678,4.104779211490779e-05,{'511090.SH': 0.9999589522078851}
2024-08-14,3069184.7682479904,125.15836799043609,0.0,0.006590772571530179,4.0779026823426256e-05,{'511090.SH': 0.9999592209731766}
2024-08-15,3058608.0042479904,125.15836799043609,0.0,-0.0034461151082922914,4.092004199838886e-05,{'511090.SH': 0.9999590799580016}
2024-08-16,3063896.3862479897,125.15836799043609,0.0,0.0017290159421063933,4.084941271258311e-05,{'511090.SH': 0.9999591505872873}
2024-08-19,3077884.1566379904,125.15836799043609,0.0,0.0045653535977205895,4.0663768231988326e-05,{'511090.SH': 0.999959336231768}
2024-08-20,3083225.4224579902,125.15836799043609,0.0,0.0017353693473096676,4.0593323822122e-05,{'511090.SH': 0.9999594066761779}
2024-08-21,3072126.8829179904,125.15836799043609,0.0,-0.00359965231836723,4.073997356240613e-05,{'511090.SH': 0.9999592600264375}
2024-08-22,3085948.6807979904,125.15836799043609,0.0,0.004499097337695712,4.055750141576288e-05,{'511090.SH': 0.9999594424985843}
2024-08-23,3091627.4039579905,125.15836799043609,0.0,0.0018401871668622949,4.048300510928475e-05,{'511090.SH': 0.9999595169948907}
2024-08-26,3089832.713147991,125.15836799043609,0.0,-0.0005805003564471889,4.0506519158094466e-05,{'511090.SH': 0.9999594934808419}
2024-08-27,3072475.10650799,125.15836799043609,0.0,-0.005617652556444197,4.0735356236192375e-05,{'511090.SH': 0.9999592646437638}
2024-08-28,3078287.761817991,125.15836799043609,0.0,0.0018918478127580851,4.065843666172373e-05,{'511090.SH': 0.9999593415633382}
2024-08-29,3076278.7795679905,125.15836799043609,0.0,-0.0006526297752013077,4.0684988896881576e-05,{'511090.SH': 0.9999593150111031}
2024-08-30,3077243.0910479906,125.15836799043609,0.0,0.00031346686990940675,4.067223949727416e-05,{'511090.SH': 0.9999593277605027}
2024-09-02,3114948.9212779906,20125.158367990436,20000.0,0.0057537964035105915,0.0064608309402818575,{'511090.SH': 0.9935391690597181}
2024-09-03,3111569.942484121,8550.721084121149,0.0,-0.0010847621836711507,0.0027480407775422474,{'511880.SH': 0.9972519592224578}
2024-09-04,3111723.280984121,8550.721084121149,0.0,4.928010709526198e-05,0.0027479053604717953,{'511880.SH': 0.9972520946395282}
2024-09-05,3111937.9548841217,8550.721084121149,0.0,6.898875016059236e-05,0.0027477157989930267,{'511880.SH': 0.997252284201007}
2024-09-06,3112305.9672841216,8550.721084121149,0.0,0.00011825827035605307,0.0027473908972975203,{'511880.SH': 0.9972526091027025}
2024-09-09,3112091.293384121,8550.721084121149,0.0,-6.897583407849961e-05,0.0027475804139482697,{'511880.SH': 0.9972524195860517}
2024-09-10,3112152.6287841205,8550.721084121149,0.0,1.9708740591983798e-05,0.0027475262636658697,{'511880.SH': 0.9972524737363341}
2024-09-11,3112244.631884121,8550.721084121149,0.0,2.95625282480394e-05,0.002747445042244199,{'511880.SH': 0.9972525549577558}
2024-09-12,3112213.964184121,8550.721084121149,0.0,-9.853884776700461e-06,0.002747472115517852,{'511880.SH': 0.9972525278844822}
2024-09-13,3112980.656684121,8550.721084121149,0.0,0.00024634954692159816,0.0027467954437048092,{'511880.SH': 0.9972532045562952}
2024-09-18,3112765.9827841213,8550.721084121149,0.0,-6.896088465535577e-05,0.0027469848782121454,{'511880.SH': 0.9972530151217879}
2024-09-19,3112796.6504841214,8550.721084121149,0.0,9.852234369667201e-06,0.0027469578145399532,{'511880.SH': 0.9972530421854601}
2024-09-20,3113594.010684121,8550.721084121149,0.0,0.000256155569903882,0.002746254346192803,{'511880.SH': 0.9972537456538072}
2024-09-23,3113624.678384121,8550.721084121149,0.0,9.849614270418527e-06,0.0027462272969132296,{'511880.SH': 0.9972537727030868}
2024-09-24,3113195.330584121,8550.721084121149,0.0,-0.0001378932415909695,0.0027466060353228136,{'511880.SH': 0.9972533939646772}
2024-09-25,3113808.6845841208,8550.721084121149,0.0,0.00019701751251344213,0.002746065012424866,{'511880.SH': 0.9972539349875751}
2024-09-26,3113532.675284121,8550.721084121149,0.0,-8.864041691647451e-05,0.0027463084463505314,{'511880.SH': 0.9972536915536495}
2024-09-27,3115648.746584121,8550.721084121149,0.0,0.0006796367729806629,0.002744443221815628,{'511880.SH': 0.9972555567781843}
2024-09-30,3115004.724884121,8550.721084121149,0.0,-0.0002067054897334497,0.002745010630582346,{'511880.SH': 0.9972549893694177}
2024-10-08,3135188.7310841214,28550.72108412115,20000.0,5.9070921636150686e-05,0.009106539839548528,{'511880.SH': 0.9908934601604514}
2024-10-09,2927791.731099472,120.62109947158024,0.0,-0.06615136049973402,4.119866115827968e-05,{'515450.SH': 0.9999588013388417}
2024-10-10,3032199.216099472,120.62109947158024,0.0,0.03566083061543179,3.978007079189986e-05,{'515450.SH': 0.9999602199292081}
2024-10-11,2981060.856099472,120.62109947158024,0.0,-0.016865105606676645,4.0462474700836954e-05,{'515450.SH': 0.9999595375252992}
2024-10-14,3044983.8060994716,120.62109947158024,0.0,0.021443020818984193,3.961305121884772e-05,{'515450.SH': 0.9999603869487812}
2024-10-15,2989583.9160994715,120.62109947158024,0.0,-0.01819382089619903,4.034711948442488e-05,{'515450.SH': 0.9999596528805156}
2024-10-16,3027937.6860994715,120.62109947158024,0.0,0.012829133108944513,3.983605740148567e-05,{'515450.SH': 0.9999601639425986}
2024-10-17,2991714.681099471,120.62109947158024,0.0,-0.011962929477145945,4.03183833784749e-05,{'515450.SH': 0.9999596816166215}
2024-10-18,3015153.0960994717,120.62109947158024,0.0,0.007834441949987836,4.0004966788459515e-05,{'515450.SH': 0.9999599950332115}
2024-10-21,2987453.1510994714,120.62109947158024,0.0,-0.009186911615146176,4.037589658173823e-05,{'515450.SH': 0.9999596241034182}
2024-10-22,2998106.9760994716,120.62109947158024,0.0,0.003566189814919518,4.023242013482385e-05,{'515450.SH': 0.9999597675798652}
2024-10-23,3006630.0360994716,120.62109947158024,0.0,0.0028428138381801915,4.0118371074368394e-05,{'515450.SH': 0.9999598816289257}
2024-10-24,2983191.621099471,120.62109947158024,0.0,-0.007795576681728145,4.0433574101795275e-05,{'515450.SH': 0.9999595664258982}
2024-10-25,2985322.3860994717,120.62109947158024,0.0,0.0007142568331615085,4.04047147581873e-05,{'515450.SH': 0.9999595952852418}
2024-10-28,2989583.9160994715,120.62109947158024,0.0,0.0014274940689296134,4.034711948442488e-05,{'515450.SH': 0.9999596528805156}
2024-10-29,2961883.971099471,120.62109947158024,0.0,-0.00926548502312674,4.0724451277814534e-05,{'515450.SH': 0.9999592755487222}
2024-10-30,2940576.3210994713,120.62109947158024,0.0,-0.007193951622652683,4.101954389215799e-05,{'515450.SH': 0.9999589804561079}
2024-10-31,2936314.7910994715,120.62109947158024,0.0,-0.0014492159137043936,4.1079076343315e-05,{'515450.SH': 0.9999589209236567}
2024-11-01,2986145.5010994715,20120.62109947158,20000.0,0.010159234319979005,0.006737990862154357,{'515450.SH': 0.9932620091378457}
2024-11-04,2979048.8761744713,1487.876174471341,0.0,-0.0023765167914246987,0.0004994467148125441,{'511360.SH': 0.9995005532851875}
2024-11-05,2979237.1761744716,1487.876174471341,0.0,6.320809353144163e-05,0.0004994151477331751,{'511360.SH': 0.9995005848522668}
2024-11-06,2979479.2761744712,1487.876174471341,0.0,8.126241238382015e-05,0.0004993745673511489,{'511360.SH': 0.9995006254326488}
2024-11-07,2979533.0761744715,1487.876174471341,0.0,1.8056846520231318e-05,0.0004993655503840481,{'511360.SH': 0.9995006344496159}
2024-11-08,2979748.2761744712,1487.876174471341,0.0,7.222608190549096e-05,0.000499329485771711,{'511360.SH': 0.9995006705142283}
2024-11-11,2980286.2761744712,1487.876174471341,0.0,0.0001805521641884411,0.0004992393470271573,{'511360.SH': 0.9995007606529729}
2024-11-12,2980985.676174471,1487.876174471341,0.0,0.0002346754422859476,0.0004991222153005268,{'511360.SH': 0.9995008777846994}
2024-11-13,2980958.7761744712,1487.876174471341,0.0,-9.02386087087148e-06,0.0004991267193505993,{'511360.SH': 0.9995008732806494}
2024-11-14,2981227.7761744712,1487.876174471341,0.0,9.02394230171133e-05,0.0004990816825075314,{'511360.SH': 0.9995009183174924}
2024-11-15,2981577.4761744714,1487.876174471341,0.0,0.0001173006647781083,0.0004990231467606767,{'511360.SH': 0.9995009768532394}
2024-11-18,2981577.4761744714,1487.876174471341,0.0,0.0,0.0004990231467606767,{'511360.SH': 0.9995009768532394}
2024-11-19,2981846.4761744714,1487.876174471341,0.0,9.02206976507447e-05,0.0004989781286058014,{'511360.SH': 0.9995010218713942}
2024-11-20,2982088.576174471,1487.876174471341,0.0,8.11913027494171e-05,0.000498937619210507,{'511360.SH': 0.9995010623807895}
2024-11-21,2982223.0761744715,1487.876174471341,0.0,4.51026173653446e-05,0.0004989151168328947,{'511360.SH': 0.9995010848831671}
2024-11-22,2982196.1761744716,1487.876174471341,0.0,-9.02011664216662e-06,0.0004989196171460364,{'511360.SH': 0.999501080382854}
2024-11-25,2982384.476174471,1487.876174471341,0.0,6.314138603746855e-05,0.000498888116658873,{'511360.SH': 0.9995011118833411}
2024-11-26,2982545.8761744713,1487.876174471341,0.0,5.4117770961426004e-05,0.0004988611194070713,{'511360.SH': 0.9995011388805929}
2024-11-27,2982707.2761744712,1487.876174471341,0.0,5.4114842386487894e-05,0.0004988341250770158,{'511360.SH': 0.999501165874923}
2024-11-28,2983433.576174471,1487.876174471341,0.0,0.00024350361357994288,0.0004987126867356574,{'511360.SH': 0.9995012873132644}
2024-11-29,2983783.2761744712,1487.876174471341,0.0,0.00011721393859498441,0.0004986542375084819,{'511360.SH': 0.9995013457624915}
2024-12-02,3004401.9761744714,21487.87617447134,20000.0,0.00020735420194228915,0.007152130888234877,{'511360.SH': 0.9928478691117651}
2024-12-03,2999875.074253272,1439.9992932714522,0.0,-0.001506756405134535,0.0004800197533658619,{'511090.SH': 0.9995199802466341}
2024-12-04,3017837.8272132715,1439.9992932714522,0.0,0.005987833664863773,0.0004771625831866435,{'511090.SH': 0.9995228374168134}
2024-12-05,3020552.5370532717,1439.9992932714522,0.0,0.0008995545802761296,0.00047673373517159777,{'511090.SH': 0.9995232662648283}
2024-12-06,3007105.843453272,1439.9992932714522,0.0,-0.004451733063751906,0.00047886551662504816,{'511090.SH': 0.999521134483375}
2024-12-09,3011698.016173272,1439.9992932714522,0.0,0.0015271071119753454,0.0004781353527274113,{'511090.SH': 0.9995218646472726}
2024-12-10,3068072.6448132717,1439.9992932714522,0.0,0.018718552901804797,0.0004693498035992864,{'511090.SH': 0.9995306501964007}
2024-12-11,3059471.8351332718,1439.9992932714522,0.0,-0.002803326607842882,0.00047066924321227666,{'511090.SH': 0.9995293307567877}
2024-12-12,3071776.828333271,1439.9992932714522,0.0,0.004021933805271827,0.0004687838256963439,{'511090.SH': 0.9995312161743036}
2024-12-13,3098315.0198532715,1439.9992932714522,0.0,0.008639361842702531,0.00046476852225944636,{'511090.SH': 0.9995352314777406}
2024-12-16,3130561.7133732717,1439.9992932714522,0.0,0.010407816285100457,0.00045998112323421053,{'511090.SH': 0.9995400188767658}
2024-12-17,3117901.5244932715,1439.9992932714522,0.0,-0.004044063027385136,0.00046184886917026164,{'511090.SH': 0.9995381511308298}
2024-12-18,3098720.9577732715,1439.9992932714522,0.0,-0.006151755137012271,0.0004647076367619206,{'511090.SH': 0.9995352923632381}
2024-12-19,3084360.9038532716,1439.9992932714522,0.0,-0.004634187497256637,0.00046687120546511616,{'511090.SH': 0.9995331287945349}
2024-12-20,3124802.469133272,1439.9992932714522,0.0,0.013111813610876988,0.00046082890278529047,{'511090.SH': 0.9995391710972147}
2024-12-23,3123736.8820932712,1439.9992932714522,0.0,-0.00034100940796299994,0.0004609861033834845,{'511090.SH': 0.9995390138966165}
2024-12-24,3101308.8120132717,1439.9992932714522,0.0,-0.007179884518625057,0.00046431986640396836,{'511090.SH': 0.9995356801335961}
2024-12-25,3100319.3383332714,1439.9992932714522,0.0,-0.00031905035582635577,0.00046446805510221874,{'511090.SH': 0.9995355319448977}
2024-12-26,3098264.2776132715,1439.9992932714522,0.0,-0.000662854530689927,0.00046477613406844257,{'511090.SH': 0.9995352238659315}
2024-12-27,3138325.276093272,1439.9992932714522,0.0,0.012930142457331373,0.00045884322579335305,{'511090.SH': 0.9995411567742066}
2024-12-30,3124218.933373272,1439.9992932714522,0.0,-0.004494863176694119,0.00046091497554451495,{'511090.SH': 0.9995390850244554}
2024-12-31,3151086.9494532715,1439.9992932714522,0.0,0.008599914619616511,0.0004569849440432924,{'511090.SH': 0.9995430150559567}
2025-01-02,3215740.1206532717,21439.999293271452,20000.0,0.014170720109055734,0.006667205212128882,{'511090.SH': 0.9933327947878711}
2025-01-03,3218736.6729103816,8237.195410381453,0.0,0.0009318390618273664,0.002559139267187515,{'511090.SH': 0.9974408607328125}
2025-01-06,3229359.7896103812,8237.195410381453,0.0,0.003300399436029222,0.002550720869468453,{'511090.SH': 0.9974492791305315}
2025-01-07,3217997.8950103815,8237.195410381453,0.0,-0.003518311783206607,0.0025597267863827736,{'511090.SH': 0.9974402732136172}
2025-01-08,3212469.798310382,8237.195410381453,0.0,-0.0017178683393705985,0.0025641316269226426,{'511090.SH': 0.9974358683730773}
2025-01-09,3193083.247210382,8237.195410381453,0.0,-0.006034780812630869,0.0025796995482588276,{'511090.SH': 0.9974203004517411}
2025-01-10,3189771.4842103818,8237.195410381453,0.0,-0.0010371677603123741,0.002582377907369294,{'511090.SH': 0.9974176220926306}
2025-01-13,3191834.9673103816,8237.195410381453,0.0,0.0006469062471132769,0.002580708430963326,{'511090.SH': 0.9974192915690366}
2025-01-14,3179020.992010382,8237.195410381453,0.0,-0.00401461085276511,0.0025911107322296512,{'511090.SH': 0.9974088892677703}
2025-01-15,3209667.537310382,8237.195410381453,0.0,0.00964024628243143,0.0025663702905765777,{'511090.SH': 0.9974336297094234}
2025-01-16,3204037.5402103816,8237.195410381453,0.0,-0.0017540748487359092,0.0025708798061837277,{'511090.SH': 0.9974291201938162}
2025-01-17,3200267.225410382,8237.195410381453,0.0,-0.0011767386469986318,0.0025739086239353554,{'511090.SH': 0.9974260913760646}
2025-01-20,3185440.7172103818,8237.195410381453,0.0,-0.004632896928817853,0.002585888780123052,{'511090.SH': 0.9974141112198769}
2025-01-21,3196904.5122103817,8237.195410381453,0.0,0.0035988097151087306,0.0025766160293246134,{'511090.SH': 0.9974233839706753}
2025-01-22,3199375.5969103817,8237.195410381453,0.0,0.0007729616854559307,0.0025746259421169757,{'511090.SH': 0.997425374057883}
2025-01-23,3198942.520210382,8237.195410381453,0.0,-0.00013536288156279497,0.0025749744980849876,{'511090.SH': 0.997425025501915}
2025-01-24,3201031.478410382,8237.195410381453,0.0,0.0006530152345038953,0.002573294097836241,{'511090.SH': 0.9974267059021638}
2025-01-27,3227984.134210382,8237.195410381453,0.0,0.008419990862877924,0.0025518078986458237,{'511090.SH': 0.9974481921013542}
2025-02-05,3260186.7071103817,28237.195410381453,20000.0,0.0037802456247153504,0.008661220337104274,{'511090.SH': 0.9913387796628957}
2025-02-06,3273091.0286567616,1788.310336761453,0.0,0.003958154150569326,0.0005463674310015614,{'511090.SH': 0.9994536325689983}
2025-02-07,3267646.2199367615,1788.310336761453,0.0,-0.0016635066584855807,0.0005472778313180005,{'511090.SH': 0.999452722168682}
2025-02-10,3257629.826536762,1788.310336761453,0.0,-0.003065323699636413,0.000548960573173114,{'511090.SH': 0.9994510394268268}
2025-02-11,3267183.924856762,1788.310336761453,0.0,0.0029328373169266175,0.000547355269213947,{'511090.SH': 0.999452644730786}
2025-02-12,3266952.7773167617,1788.310336761453,0.0,-7.074824843555927e-05,0.000547393996380395,{'511090.SH': 0.9994526060036195}
2025-02-13,3271858.241776762,1788.310336761453,0.0,0.0015015412815453377,0.0005465732940160398,{'511090.SH': 0.9994534267059839}
2025-02-14,3257706.875716762,1788.310336761453,0.0,-0.004325177013877912,0.0005489475895120208,{'511090.SH': 0.9994510524104879}
2025-02-17,3238059.3348167622,1788.310336761453,0.0,-0.006031095383827956,0.0005522784334224225,{'511090.SH': 0.9994477215665776}
2025-02-18,3225859.881316762,1788.310336761453,0.0,-0.003767520060187768,0.000554367022299643,{'511090.SH': 0.9994456329777003}
2025-02-19,3236287.203676762,1788.310336761453,0.0,0.00323241639241445,0.0005525808508990626,{'511090.SH': 0.9994474191491008}
2025-02-20,3216793.761136762,1788.310336761453,0.0,-0.006023396971027051,0.0005559294345713645,{'511090.SH': 0.9994440705654286}
2025-02-21,3206340.755716762,1788.310336761453,0.0,-0.0032495105984990946,0.0005577418225349179,{'511090.SH': 0.999442258177465}
2025-02-24,3168098.679376762,1788.310336761453,0.0,-0.011927015639811911,0.0005644743165365212,{'511090.SH': 0.9994355256834634}
2025-02-25,3184201.957996762,1788.310336761453,0.0,0.005082947297325946,0.0005616196335381036,{'511090.SH': 0.9994383803664618}
2025-02-26,3186025.4552567615,1788.310336761453,0.0,0.0005726701019763691,0.0005612981948436232,{'511090.SH': 0.9994387018051564}
2025-02-27,3177832.559116762,1788.310336761453,0.0,-0.0025715099439904687,0.0005627452999784517,{'511090.SH': 0.9994372547000215}
2025-02-28,3193627.641016762,1788.310336761453,0.0,0.004970394634130626,0.0005599620675227201,{'511090.SH': 0.9994400379324773}
2025-03-03,3226648.9524367615,21788.310336761453,20000.0,0.004077279158272162,0.006752612589078507,{'511090.SH': 0.9932473874109214}
2025-03-04,3234378.580987993,1118.5789879923686,0.0,0.002395559190098595,0.0003458404636264567,{'511880.SH': 0.9996541595363736}
2025-03-05,3234701.0009879926,1118.5789879923686,0.0,9.9685300259722e-05,0.0003458059918523273,{'511880.SH': 0.9996541940081477}
2025-03-06,3234410.8229879923,1118.5789879923686,0.0,-8.97078276822505e-05,0.0003458370161397773,{'511880.SH': 0.9996541629838602}
2025-03-07,3234701.0009879926,1118.5789879923686,0.0,8.971587589856611e-05,0.0003458059918523273,{'511880.SH': 0.9996541940081477}
2025-03-10,3234926.6949879923,1118.5789879923686,0.0,6.977275486375056e-05,0.0003457818656989755,{'511880.SH': 0.999654218134301}
2025-03-11,3235152.388987993,1118.5789879923686,0.0,6.976788696633207e-05,0.0003457577429118503,{'511880.SH': 0.9996542422570881}
2025-03-12,3235249.1149879927,1118.5789879923686,0.0,2.9898437034603376e-05,0.0003457474056048139,{'511880.SH': 0.9996542525943952}
2025-03-13,3235764.9869879927,1118.5789879923686,0.0,0.0001594535634397154,0.0003456922837383182,{'511880.SH': 0.9996543077162617}
2025-03-14,3235378.082987992,1118.5789879923686,0.0,-0.00011957110654092773,0.0003457336234902473,{'511880.SH': 0.9996542663765098}
2025-03-17,3235442.5669879923,1118.5789879923686,0.0,1.9930900916786953e-05,0.0003457267328449907,{'511880.SH': 0.9996542732671551}
2025-03-18,3235184.6309879925,1118.5789879923686,0.0,-7.97220147350508e-05,0.00034575429707415676,{'511880.SH': 0.9996542457029258}
2025-03-19,3235668.2609879924,1118.5789879923686,0.0,0.00014949069532765868,0.0003457026177494528,{'511880.SH': 0.9996542973822505}
2025-03-20,3236280.8589879926,1118.5789879923686,0.0,0.0001893265781867104,0.0003456371794449744,{'511880.SH': 0.999654362820555}
2025-03-21,3237312.6029879926,1118.5789879923686,0.0,0.00031880545754692236,0.0003455270235441386,{'511880.SH': 0.9996544729764558}
2025-03-24,3237570.5389879923,1118.5789879923686,0.0,7.967596325464399e-05,0.0003454994955390275,{'511880.SH': 0.9996545005044609}
2025-03-25,3237989.684987993,1118.5789879923686,0.0,0.00012946312519002134,0.0003454547718846475,{'511880.SH': 0.9996545452281154}
2025-03-26,3237506.054987992,1118.5789879923686,0.0,-0.0001493611922986915,0.0003455063771290823,{'511880.SH': 0.999654493622871}
2025-03-27,3237086.9089879924,1118.5789879923686,0.0,-0.00012946570381044964,0.0003455511141472779,{'511880.SH': 0.9996544488858528}
2025-03-28,3237022.4249879923,1118.5789879923686,0.0,-1.9920379592308635e-05,0.00034555799779376506,{'511880.SH': 0.9996544420022062}
2025-03-31,3237248.118987993,1118.5789879923686,0.0,6.972271747596182e-05,0.00034553390623084257,{'511880.SH': 0.9996544660937692}
2025-04-01,3257925.200987993,21118.57898799237,20000.0,0.00020915356967199372,0.006482217265635192,{'511880.SH': 0.9935177827343649}
2025-04-02,3270474.27794377,287.9303422938101,0.0,0.003851861593375805,8.803932329803835e-05,{'510880.SH': 0.999911960676702}
2025-04-03,3275728.4333865745,287.9303422938101,0.0,0.001606542353272289,8.789811125952727e-05,{'510880.SH': 0.9999121018887405}
2025-04-07,3087629.6685341755,287.9303422938101,0.0,-0.057421965427682076,9.325287460089165e-05,{'510880.SH': 0.9999067471253991}
2025-04-08,3155933.6892906334,287.9303422938101,0.0,0.022121830688615063,9.123459826512669e-05,{'510880.SH': 0.9999087654017349}
2025-04-09,3160137.013644877,287.9303422938101,0.0,0.001331879807394909,9.11132463720975e-05,{'510880.SH': 0.9999088867536279}
2025-04-10,3192712.777390264,287.9303422938101,0.0,0.0103083390386971,9.01836032144318e-05,{'510880.SH': 0.9999098163967856}
2025-04-11,3176950.311061851,287.9303422938101,0.0,-0.0049370135766791945,9.06310499384466e-05,{'510880.SH': 0.9999093689500616}
2025-04-14,3206373.581541556,287.9303422938101,0.0,0.009261482742507932,8.979937458048146e-05,{'510880.SH': 0.9999102006254195}
2025-04-15,3222136.0478699687,287.9303422938101,0.0,0.004915979354107147,8.936008226100505e-05,{'510880.SH': 0.999910639917739}
2025-04-16,3238949.345286943,287.9303422938101,0.0,0.005218059438579337,8.889621651934232e-05,{'510880.SH': 0.9999111037834807}
2025-04-17,3231593.527667017,287.9303422938101,0.0,-0.0022710505277365733,8.909856385981671e-05,{'510880.SH': 0.9999109014361401}
2025-04-18,3233695.189844139,287.9303422938101,0.0,0.0006503485537796561,8.904065639770088e-05,{'510880.SH': 0.9999109593436023}
2025-04-21,3223186.87895853,287.9303422938101,0.0,-0.003249629377132357,8.933094887344714e-05,{'510880.SH': 0.9999106690511266}
2025-04-22,3233695.189844139,287.9303422938101,0.0,0.003260223896482506,8.904065639770088e-05,{'510880.SH': 0.9999109593436023}
2025-04-23,3216881.8924271646,287.9303422938101,0.0,-0.005199407003411705,8.950603470137482e-05,{'510880.SH': 0.9999104939652986}
2025-04-24,3230542.6965784556,287.9303422938101,0.0,0.004246597981557798,8.912754584508787e-05,{'510880.SH': 0.9999108724541549}
2025-04-25,3227390.2033127737,287.9303422938101,0.0,-0.0009758401487839352,8.921460503854238e-05,{'510880.SH': 0.9999107853949615}
2025-04-28,3230542.6965784556,287.9303422938101,0.0,0.0009767933429449815,8.912754584508787e-05,{'510880.SH': 0.9999108724541549}
2025-04-29,3217932.723515725,287.9303422938101,0.0,-0.003903360595136518,8.947680608413536e-05,{'510880.SH': 0.9999105231939158}
2025-04-30,3192712.777390264,287.9303422938101,0.0,-0.007837313049201211,9.01836032144318e-05,{'510880.SH': 0.9999098163967856}
2025-05-06,3204306.128681777,20287.93034229381,20000.0,-0.002633073907562289,0.006331458208907175,{'510880.SH': 0.9936685417910929}
2025-05-07,3199960.830039823,36.547239823266864,0.0,-0.0013560809945901697,1.1421152246670482e-05,{'511090.SH': 0.9999885788477534}
2025-05-08,3205891.104039823,36.547239823266864,0.0,0.0018532333097109888,1.1400025339978884e-05,{'511090.SH': 0.99998859997466}
2025-05-09,3207670.1862398232,36.547239823266864,0.0,0.000554941556735411,1.1393702500976012e-05,{'511090.SH': 0.999988606297499}
2025-05-12,3192122.5548398234,36.547239823266864,0.0,-0.004847016836922791,1.144919695136854e-05,{'511090.SH': 0.9999885508030486}
2025-05-13,3179875.249839823,36.547239823266864,0.0,-0.003836727691244546,1.149329358914562e-05,{'511090.SH': 0.9999885067064108}
2025-05-14,3174409.0842398233,36.547239823266864,0.0,-0.0017189874352068202,1.1513084436632666e-05,{'511090.SH': 0.9999884869155634}
2025-05-15,3173919.1920398236,36.547239823266864,0.0,-0.00015432547822269438,1.1514861473136176e-05,{'511090.SH': 0.9999884851385269}
2025-05-16,3169381.2432398233,36.547239823266864,0.0,-0.0014297619206504741,1.1531348556195573e-05,{'511090.SH': 0.9999884686514438}
2025-05-19,3178611.8436398236,36.547239823266864,0.0,0.0029124298061928844,1.1497861840663336e-05,{'511090.SH': 0.9999885021381594}
2025-05-20,3184232.712039823,36.547239823266864,0.0,0.0017683406079438413,1.1477565595340757e-05,{'511090.SH': 0.9999885224344046}
2025-05-21,3180262.006839823,36.547239823266864,0.0,-0.0012469896389754043,1.1491895870423358e-05,{'511090.SH': 0.9999885081041295}
2025-05-22,3178276.654239823,36.547239823266864,0.0,-0.0006242732818019237,1.1499074435358804e-05,{'511090.SH': 0.9999885009255647}
2025-05-23,3179282.222439823,36.547239823266864,0.0,0.0003163878760077399,1.1495437418330238e-05,{'511090.SH': 0.9999885045625817}
2025-05-26,3179668.9794398234,36.547239823266864,0.0,0.00012164915630030748,1.1494039178161732e-05,{'511090.SH': 0.9999885059608218}
2025-05-27,3170309.460039824,36.547239823266864,0.0,-0.0029435515019077263,1.1527972358511581e-05,{'511090.SH': 0.9999884720276415}
2025-05-28,3170954.055039823,36.547239823266864,0.0,0.00020332242266074552,1.152562893971287e-05,{'511090.SH': 0.9999884743710603}
2025-05-29,3153782.044239823,36.547239823266864,0.0,-0.005415408265757593,1.1588384774406974e-05,{'511090.SH': 0.9999884116152256}
2025-05-30,3170051.622039823,36.547239823266864,0.0,0.005158751483703705,1.1528909992875741e-05,{'511090.SH': 0.9999884710900071}
2025-06-03,3192294.8126398236,20036.547239823267,20000.0,0.0007076195808310981,0.006276534097192084,{'511090.SH': 0.9937234659028079}
2025-06-04,3208318.016231625,128.09883162518963,0.0,0.0050193370387841,3.992709917692322e-05,{'512890.SH': 0.9999600729008231}
2025-06-05,3183723.715331625,128.09883162518963,0.0,-0.0076657927224083044,4.0235536459496614e-05,{'512890.SH': 0.9999597644635405}
2025-06-06,3191921.8156316243,128.09883162518963,0.0,0.002575003685313604,4.0132195907136015e-05,{'512890.SH': 0.9999598678040929}
2025-06-09,3194654.5157316253,128.09883162518963,0.0,0.0008561300238052461,4.0097866919375797e-05,{'512890.SH': 0.9999599021330806}
2025-06-10,3194654.5157316253,128.09883162518963,0.0,0.0,4.0097866919375797e-05,{'512890.SH': 0.9999599021330806}
2025-06-11,3205585.3161316253,128.09883162518963,0.0,0.0034215907686332425,3.9961136264429325e-05,{'512890.SH': 0.9999600388637355}
2025-06-12,3213783.4164316244,128.09883162518963,0.0,0.0025574425546384116,3.9859198653598826e-05,{'512890.SH': 0.9999601408013464}
2025-06-13,3194654.5157316253,128.09883162518963,0.0,-0.005952143695245882,4.0097866919375797e-05,{'512890.SH': 0.9999599021330806}
2025-06-16,3211050.716331625,128.09883162518963,0.0,0.005132386152949753,3.989312002257397e-05,{'512890.SH': 0.9999601068799774}
2025-06-17,3202852.6160316244,128.09883162518963,0.0,-0.0025530896345873355,3.999523143337945e-05,{'512890.SH': 0.9999600047685666}
2025-06-18,3221981.516731625,128.09883162518963,0.0,0.0059724573663653135,3.9757779788610635e-05,{'512890.SH': 0.9999602422202114}
2025-06-19,3216516.1165316254,128.09883162518963,0.0,-0.0016962853981681292,3.98253349227172e-05,{'512890.SH': 0.9999601746650773}
2025-06-20,3230179.6170316245,128.09883162518963,0.0,0.004247919178695936,3.9656875719779984e-05,{'512890.SH': 0.9999603431242802}
2025-06-23,3252041.2178316247,128.09883162518963,0.0,0.006767921104056107,3.939028537608836e-05,{'512890.SH': 0.9999606097146239}
2025-06-24,3254773.9179316247,128.09883162518963,0.0,0.0008403030333736794,3.935721339029137e-05,{'512890.SH': 0.9999606427866097}
2025-06-25,3282100.9189316253,128.09883162518963,0.0,0.008395975170332859,3.902952248856741e-05,{'512890.SH': 0.9999609704775114}
2025-06-26,3295764.4194316245,128.09883162518963,0.0,0.004163034847949332,3.886771483723982e-05,{'512890.SH': 0.9999611322851628}
2025-06-27,3246575.8176316246,128.09883162518963,0.0,-0.014924793019181481,3.9456596371323205e-05,{'512890.SH': 0.9999605434036287}
2025-06-30,3241110.4174316246,128.09883162518963,0.0,-0.001683435258255317,3.952313100357126e-05,{'512890.SH': 0.9999604768689965}
2025-07-01,3291170.1185316253,20128.09883162519,20000.0,0.009274506952410722,0.006115788034866292,{'512890.SH': 0.9938842119651337}
2025-07-02,3299425.3004453047,50.57244530519165,0.0,0.0025082817406480995,1.5327652757698796e-05,{'512890.SH': 0.9999846723472423}
2025-07-03,3302174.779385305,50.57244530519165,0.0,0.0008333205602895077,1.5314890544529456e-05,{'512890.SH': 0.9999846851094555}
2025-07-04,3329669.5687853047,50.57244530519165,0.0,0.008326267153284217,1.5188427638374027e-05,{'512890.SH': 0.9999848115723616}
2025-07-07,3348915.9213653044,50.57244530519165,0.0,0.005780259026429757,1.5101139142536011e-05,{'512890.SH': 0.9999848988608575}
2025-07-08,3340667.4845453044,50.57244530519165,0.0,-0.002463016992268141,1.5138425341388033e-05,{'512890.SH': 0.9999848615746586}
2025-07-09,3362663.3160653054,50.57244530519165,0.0,0.006584262463043222,1.5039401971520332e-05,{'512890.SH': 0.9999849605980285}
2025-07-10,3381909.6686453046,50.57244530519165,0.0,0.0057235443370284855,1.495381315889774e-05,{'512890.SH': 0.9999850461868411}
2025-07-11,3351665.400305305,50.57244530519165,0.0,-0.008942955697605726,1.5088751192343059e-05,{'512890.SH': 0.9999849112488077}
2025-07-14,3373661.231825305,50.57244530519165,0.0,0.0065626573338724015,1.4990374501185362e-05,{'512890.SH': 0.9999850096254989}
2025-07-15,3343416.9634853047,50.57244530519165,0.0,-0.008964820787188743,1.5125976166751578e-05,{'512890.SH': 0.9999848740238333}
2025-07-16,3326920.0898453044,50.57244530519165,0.0,-0.004934135891565106,1.5200979867100797e-05,{'512890.SH': 0.9999847990201329}
2025-07-17,3321421.1319653047,50.57244530519165,0.0,-0.0016528674363968099,1.5226146669111975e-05,{'512890.SH': 0.999984773853331}
2025-07-18,3335168.526665305,50.57244530519165,0.0,0.00413900982555182,1.5163385268497037e-05,{'512890.SH': 0.9999848366147316}
2025-07-21,3335168.526665305,50.57244530519165,0.0,0.0,1.5163385268497037e-05,{'512890.SH': 0.9999848366147316}
2025-07-22,3337918.0056053046,50.57244530519165,0.0,0.0008243898075965816,1.515089502506241e-05,{'512890.SH': 0.999984849104975}
2025-07-23,3346166.442425305,50.57244530519165,0.0,0.0024711322465527097,1.5113547450597432e-05,{'512890.SH': 0.9999848864525495}
2025-07-24,3321421.1319653047,50.57244530519165,0.0,-0.007395122414193156,1.5226146669111975e-05,{'512890.SH': 0.999984773853331}
2025-07-25,3296675.821505305,50.57244530519165,0.0,-0.007450217685993299,1.5340436258636924e-05,{'512890.SH': 0.9999846595637414}
2025-07-28,3291176.8636253052,50.57244530519165,0.0,-0.0016680311252105229,1.53660673372275e-05,{'512890.SH': 0.9999846339326628}
2025-07-29,3269181.032105305,50.57244530519165,0.0,-0.006683272407235874,1.546945391171064e-05,{'512890.SH': 0.9999845305460884}
2025-07-30,3282928.4268053044,50.57244530519165,0.0,0.0042051494135662,1.5404674951870605e-05,{'512890.SH': 0.9999845953250481}
2025-07-31,3244435.7216453045,50.57244530519165,0.0,-0.011725112507998903,1.558743943293337e-05,{'512890.SH': 0.9999844125605671}
2025-08-01,3267185.200585305,20050.57244530519,20000.0,0.0008474444174244589,0.006136956191437571,{'512890.SH': 0.9938630438085625}
2025-08-04,3250287.2592185843,9094.459218584467,0.0,-0.0051720182142395155,0.0027980478318617615,{'511360.SH': 0.9972019521681382}
2025-08-05,3250345.0592185846,9094.459218584467,0.0,1.7783043586794278e-05,0.002797998074940039,{'511360.SH': 0.9972020019250599}
2025-08-06,3250605.159218584,9094.459218584467,0.0,8.00222731005551e-05,0.0027977741906896783,{'511360.SH': 0.9972022258093103}
2025-08-07,3251067.5592185846,9094.459218584467,0.0,0.00014225043564253248,0.0027973762626976534,{'511360.SH': 0.9972026237373024}
2025-08-08,3251269.859218585,9094.459218584467,0.0,6.22257139586413e-05,0.0027972022047933736,{'511360.SH': 0.9972027977952066}
2025-08-11,3250980.8592185844,9094.459218584467,0.0,-8.888834594300565e-05,0.0027974508655736713,{'511360.SH': 0.9972025491344263}
2025-08-12,3251038.659218584,9094.459218584467,0.0,1.7779249556593157e-05,0.002797401129880873,{'511360.SH': 0.9972025988701191}
2025-08-13,3251385.4592185845,9094.459218584467,0.0,0.00010667360076355159,0.0027971027528585204,{'511360.SH': 0.9972028972471415}
2025-08-14,3251703.3592185844,9094.459218584467,0.0,9.77737041600868e-05,0.0027968292964982984,{'511360.SH': 0.9972031707035017}
2025-08-15,3252021.2592185847,9094.459218584467,0.0,9.776414539763856e-05,0.0027965558936013037,{'511360.SH': 0.9972034441063987}
2025-08-18,3251183.1592185847,9094.459218584467,0.0,-0.00025771664241869274,0.0027972767983856996,{'511360.SH': 0.9972027232016143}
2025-08-19,3250720.7592185843,9094.459218584467,0.0,-0.00014222514615613857,0.002797674698078531,{'511360.SH': 0.9972023253019214}
2025-08-20,3251472.159218584,9094.459218584467,0.0,0.0002311487376664978,0.0027970281685481533,{'511360.SH': 0.9972029718314519}
2025-08-21,3252281.3592185844,9094.459218584467,0.0,0.00024887188337308075,0.0027963322400770285,{'511360.SH': 0.997203667759923}
2025-08-22,3252223.559218584,9094.459218584467,0.0,-1.777214011222661e-05,0.0027963819377686337,{'511360.SH': 0.9972036180622313}
2025-08-25,3252570.3592185844,9094.459218584467,0.0,0.00010663473580008187,0.0027960837781136794,{'511360.SH': 0.9972039162218863}
2025-08-26,3253061.6592185847,9094.459218584467,0.0,0.00015104976856461505,0.0027956614940920117,{'511360.SH': 0.997204338505908}
2025-08-27,3253379.5592185846,9094.459218584467,0.0,9.772332445612264e-05,0.0027953883194522886,{'511360.SH': 0.9972046116805477}
2025-08-28,3253350.659218584,9094.459218584467,0.0,-8.883070503840074e-06,0.002795413151304399,{'511360.SH': 0.9972045868486956}
2025-08-29,3253697.4592185845,9094.459218584467,0.0,0.0001065977929608497,0.0027951151981932005,{'511360.SH': 0.9972048848018068}
2025-09-01,3274102.0592185846,29094.459218584467,20000.0,0.00012435083626294308,0.008886240774525005,{'511360.SH': 0.991113759225475}
2025-09-02,3272195.7130725845,4357.332272584084,0.0,-0.0005822500678109854,0.001331623366895912,{'511880.SH': 0.998668376633104}
2025-09-03,3271127.1994725848,4357.332272584084,0.0,-0.0003265433041583776,0.001332058341628119,{'511880.SH': 0.9986679416583719}
2025-09-04,3270511.9946725843,4357.332272584084,0.0,-0.00018807119457153743,0.0013323089105564657,{'511880.SH': 0.9986676910894435}
2025-09-05,3269929.1690725842,4357.332272584084,0.0,-0.00017820622610453807,0.0013325463786177084,{'511880.SH': 0.9986674536213823}
2025-09-08,3270188.202672584,4357.332272584084,0.0,7.921688409950889e-05,0.0013324408268071619,{'511880.SH': 0.9986675591731928}
2025-09-09,3270285.3402725845,4357.332272584084,0.0,2.970397848089945e-05,0.001332401249189128,{'511880.SH': 0.9986675987508109}
2025-09-10,3270414.8570725843,4357.332272584084,0.0,3.9604128240666725e-05,0.0013323484826889584,{'511880.SH': 0.9986676515173111}
2025-09-11,3270511.9946725843,4357.332272584084,0.0,2.970191986184645e-05,0.0013323089105564657,{'511880.SH': 0.9986676910894435}
2025-09-12,3270803.4074725844,4357.332272584084,0.0,8.910311305232455e-05,0.0013321902082617319,{'511880.SH': 0.9986678097917383}
2025-09-15,3270932.9242725847,4357.332272584084,0.0,3.959785528673265e-05,0.0013321374584754292,{'511880.SH': 0.9986678625415246}
2025-09-16,3270673.890672584,4357.332272584084,0.0,-7.919257471722396e-05,0.0013322429622257567,{'511880.SH': 0.9986677570377742}
2025-09-17,3270997.6826725844,4357.332272584084,0.0,9.899855834727411e-05,0.0013321110851487689,{'511880.SH': 0.9986678889148513}
2025-09-18,3271807.1626725844,4357.332272584084,0.0,0.0002474718965066458,0.0013317815066535847,{'511880.SH': 0.9986682184933464}
2025-09-19,3271936.679472584,4357.332272584084,0.0,3.9585707090949995e-05,0.0013317287892278097,{'511880.SH': 0.9986682712107722}
2025-09-22,3271807.1626725844,4357.332272584084,0.0,-3.958414012472655e-05,0.0013317815066535847,{'511880.SH': 0.9986682184933464}
2025-09-23,3272228.092272584,4357.332272584084,0.0,0.00012865354804580953,0.0013316101902779915,{'511880.SH': 0.9986683898097221}
2025-09-24,3271645.2666725847,4357.332272584084,0.0,-0.00017811276707013768,0.001331847409305378,{'511880.SH': 0.9986681525906946}
2025-09-25,3271742.4042725842,4357.332272584084,0.0,2.9690749479893697e-05,0.0013318078669316458,{'511880.SH': 0.9986681921330683}
2025-09-26,3272228.092272584,4357.332272584084,0.0,0.0001484493398273834,0.0013316101902779915,{'511880.SH': 0.9986683898097221}
2025-09-29,3272325.2298725843,4357.332272584084,0.0,2.9685461178541317e-05,0.0013315706619887984,{'511880.SH': 0.9986684293380113}
2025-09-30,3274008.9482725845,4357.332272584084,0.0,0.0005145327196176552,0.001330885877658666,{'511880.SH': 0.9986691141223414}
2025-10-09,3292972.8138725837,24357.332272584084,20000.0,-0.00031647268421408636,0.007396760814414228,{'511880.SH': 0.9926032391855858}
2025-10-10,3290322.0596669847,6986.459666984621,0.0,-0.0008049730002117617,0.002123336117344004,{'511360.SH': 0.997876663882656}
2025-10-13,3290526.4596669846,6986.459666984621,0.0,6.21215784635254e-05,0.002123204220546423,{'511360.SH': 0.9978767957794535}
2025-10-14,3290351.259666985,6986.459666984621,0.0,-5.324375966797579e-05,0.0021233172739410556,{'511360.SH': 0.9978766827260589}
2025-10-15,3290380.4596669846,6986.459666984621,0.0,8.874432452676828e-06,0.002123298430872554,{'511360.SH': 0.9978767015691274}
2025-10-16,3291081.2596669844,6986.459666984621,0.0,0.00021298448875151088,0.002122846297539175,{'511360.SH': 0.9978771537024608}
2025-10-17,3291782.0596669842,6986.459666984621,0.0,0.00021293913601838632,0.002122394356718565,{'511360.SH': 0.9978776056432814}
2025-10-20,3291898.8596669845,6986.459666984621,0.0,3.5482300432709835e-05,0.002122319051956349,{'511360.SH': 0.9978776809480436}
2025-10-21,3291840.4596669846,6986.459666984621,0.0,-1.774052074177135e-05,0.0021223567036694722,{'511360.SH': 0.9978776432963306}
2025-10-22,3292161.659666985,6986.459666984621,0.0,9.757459510439936e-05,0.0021221496357780104,{'511360.SH': 0.9978778503642219}
2025-10-23,3292336.8596669845,6986.459666984621,0.0,5.321731376262129e-05,0.002122036706684775,{'511360.SH': 0.9978779632933152}
2025-10-24,3292570.4596669846,6986.459666984621,0.0,7.095264244116883e-05,0.0021218861532552417,{'511360.SH': 0.9978781138467447}
2025-10-27,3292512.0596669847,6986.459666984621,0.0,-1.773690213024981e-05,0.002121923789609826,{'511360.SH': 0.9978780762103902}
2025-10-28,3292774.8596669845,6986.459666984621,0.0,7.981747530072525e-05,0.0021217544365274943,{'511360.SH': 0.9978782455634725}
2025-10-29,3293037.659666985,6986.459666984621,0.0,7.981110498000987e-05,0.002121585110475518,{'511360.SH': 0.9978784148895244}
2025-10-30,3293417.259666985,6986.459666984621,0.0,0.0001152735070872879,0.0021213405761075837,{'511360.SH': 0.9978786594238924}
2025-10-31,3293738.4596669846,6986.459666984621,0.0,9.752787900074722e-05,0.0021211337064361182,{'511360.SH': 0.9978788662935639}
2025-11-03,3313738.4596669846,26986.45966698462,20000.0,0.0,0.008143810984315472,{'511360.SH': 0.9918561890156845}
2025-11-04,3340922.596766755,406.66475568478927,0.0,0.008203464887359457,0.00012172229194365271,{'510880.SH': 0.9998782777080564}
2025-11-05,3349997.3457519948,406.66475568478927,0.0,0.002716240416351434,0.00012139256056440328,{'510880.SH': 0.9998786074394356}
2025-11-06,3354030.5675232126,406.66475568478927,0.0,0.001203947751281742,0.00012124658600982617,{'510880.SH': 0.9998787534139901}
2025-11-07,3359072.0947372345,406.66475568478927,0.0,0.0015031250051322775,0.00012106461076614697,{'510880.SH': 0.9998789353892339}
2025-11-10,3384279.730807345,406.66475568478927,0.0,0.007504345056958961,0.00012016286714803459,{'510880.SH': 0.999879837132852}
2025-11-11,3375204.981822105,406.66475568478927,0.0,-0.0026814417563156834,0.00012048594318714569,{'510880.SH': 0.9998795140568129}
2025-11-12,3388312.9525785632,406.66475568478927,0.0,0.0038836073148309502,0.00012001983328467653,{'510880.SH': 0.9998799801667153}
2025-11-13,3389321.2580213672,406.66475568478927,0.0,0.00029758332743035076,0.00011998412800862488,{'510880.SH': 0.9998800158719914}
2025-11-14,3376213.2872649096,406.66475568478927,0.0,-0.0038674323732031946,0.00012044996008360325,{'510880.SH': 0.9998795500399164}
2025-11-17,3357055.483851626,406.66475568478927,0.0,-0.005674346311456913,0.00012113733527520181,{'510880.SH': 0.9998788626647248}
2025-11-18,3311681.738925426,406.66475568478927,0.0,-0.01351593536194462,0.00012279705229668107,{'510880.SH': 0.9998772029477033}
2025-11-19,3327814.626010297,406.66475568478927,0.0,0.0048715089059572225,0.0001222017454056141,{'510880.SH': 0.9998777982545944}
2025-11-20,3327814.626010297,406.66475568478927,0.0,0.0,0.0001222017454056141,{'510880.SH': 0.9998777982545944}
2025-11-21,3282440.881084098,406.66475568478927,0.0,-0.013634697248926186,0.00012389096115281118,{'510880.SH': 0.9998761090388472}
2025-11-24,3254208.3286855742,406.66475568478927,0.0,-0.008601084808936288,0.00012496580261935706,{'510880.SH': 0.9998750341973807}
2025-11-25,3270341.2157704444,406.66475568478927,0.0,0.004957545877644076,0.0001243493350858146,{'510880.SH': 0.9998756506649142}
2025-11-26,3253200.0232427698,406.66475568478927,0.0,-0.00524140797449979,0.0001250045348516346,{'510880.SH': 0.9998749954651484}
2025-11-27,3257233.245013987,406.66475568478927,0.0,0.0012397706081401783,0.00012484974980139717,{'510880.SH': 0.9998751502501986}
2025-11-28,3257233.245013987,406.66475568478927,0.0,0.0,0.00012484974980139717,{'510880.SH': 0.9998751502501986}
2025-12-01,3292357.8266560533,20406.66475568479,20000.0,0.004643383050697336,0.006198191639579837,{'510880.SH': 0.9938018083604202}
2025-12-02,3288074.497585021,8970.097585021053,0.0,-0.0013009913552995966,0.0027280700579044924,{'511360.SH': 0.9972719299420955}
2025-12-03,3288278.197585021,8970.097585021053,0.0,6.195115109153271e-05,0.002727901061293681,{'511360.SH': 0.9972720989387063}
2025-12-04,3288132.697585021,8970.097585021053,0.0,-4.424808098868471e-05,0.0027280217710219444,{'511360.SH': 0.9972719782289781}
2025-12-05,3288336.397585021,8970.097585021053,0.0,6.195005455511549e-05,0.002727852780393381,{'511360.SH': 0.9972721472196067}
2025-12-08,3288452.7975850212,8970.097585021053,0.0,3.539783827655185e-05,0.002727756223719716,{'511360.SH': 0.9972722437762803}
2025-12-09,3288656.497585021,8970.097585021053,0.0,6.194402429904322e-05,0.002727587265987834,{'511360.SH': 0.9972724127340121}
2025-12-10,3288743.797585021,8970.097585021053,0.0,2.6545794632015784e-05,0.0027275148619384532,{'511360.SH': 0.9972724851380615}
2025-12-11,3288772.897585021,8970.097585021053,0.0,8.848363323821218e-06,0.0027274907281095283,{'511360.SH': 0.9972725092718905}
2025-12-12,3288772.897585021,8970.097585021053,0.0,0.0,0.0027274907281095283,{'511360.SH': 0.9972725092718905}
2025-12-15,3288772.897585021,8970.097585021053,0.0,0.0,0.0027274907281095283,{'511360.SH': 0.9972725092718905}
2025-12-16,3289151.197585021,8970.097585021053,0.0,0.00011502770540294804,0.002727177027193863,{'511360.SH': 0.9972728229728062}
2025-12-17,3289180.297585021,8970.097585021053,0.0,8.847267350065025e-06,0.0027271528993430584,{'511360.SH': 0.9972728471006569}
2025-12-18,3289558.597585021,8970.097585021053,0.0,0.00011501345799680429,0.002726839276128509,{'511360.SH': 0.9972731607238715}
2025-12-19,3289704.097585021,8970.097585021053,0.0,4.4230858239346915e-05,0.0027267186710215126,{'511360.SH': 0.9972732813289785}
2025-12-22,3289820.497585021,8970.097585021053,0.0,3.538312156559087e-05,0.002726622194616937,{'511360.SH': 0.997273377805383}
2025-12-23,3290024.197585021,8970.097585021053,0.0,6.191827187818078e-05,0.002726453377335455,{'511360.SH': 0.9972735466226645}
2025-12-24,3290489.797585021,8970.097585021053,0.0,0.00014151871598433452,0.0027260675877507504,{'511360.SH': 0.9972739324122493}
2025-12-25,3290693.497585021,8970.097585021053,0.0,6.1905677431362e-05,0.0027258988391365047,{'511360.SH': 0.9972741011608635}
2025-12-26,3290897.197585021,8970.097585021053,0.0,6.190184535559418e-05,0.002725730111412667,{'511360.SH': 0.9972742698885874}
2025-12-29,3291100.897585021,8970.097585021053,0.0,6.189801375411363e-05,0.0027255614045753585,{'511360.SH': 0.9972744385954246}
2025-12-30,3291450.097585021,8970.097585021053,0.0,0.00010610431307545021,0.0027252722414362373,{'511360.SH': 0.9972747277585637}
2025-12-31,3292468.597585021,8970.097585021053,0.0,0.00030943808042160903,0.002724429199294563,{'511360.SH': 0.9972755708007054}
2026-01-05,3312235.797585021,28970.097585021053,20000.0,-7.070682471232992e-05,0.008746387442024326,{'511360.SH': 0.9912536125579757}
2026-01-06,3311960.214585021,6392.814585021053,0.0,-8.32015040114209e-05,0.0019302208271913235,{'511360.SH': 0.9980697791728086}
2026-01-07,3312516.9145850213,6392.814585021053,0.0,0.0001680877679473003,0.00192989643520716,{'511360.SH': 0.9980701035647928}
2026-01-08,3313220.1145850215,6392.814585021053,0.0,0.00021228570846054673,0.001929486832727909,{'511360.SH': 0.998070513167272}
2026-01-09,3313220.1145850215,6392.814585021053,0.0,0.0,0.001929486832727909,{'511360.SH': 0.998070513167272}
2026-01-12,3313483.814585021,6392.814585021053,0.0,7.959024480119758e-05,0.00192933327662012,{'511360.SH': 0.9980706667233799}
2026-01-13,3313688.9145850213,6392.814585021053,0.0,6.189859720984181e-05,0.0019292138609884072,{'511360.SH': 0.9980707861390116}
2026-01-14,3313952.614585021,6392.814585021053,0.0,7.957898487065407e-05,0.0019290603483241332,{'511360.SH': 0.9980709396516758}
2026-01-15,3314040.514585021,6392.814585021053,0.0,2.6524217519918736e-05,0.001929009182864969,{'511360.SH': 0.998070990817135}
2026-01-16,3314421.4145850213,6392.814585021053,0.0,0.00011493522735284145,0.0019287874972354591,{'511360.SH': 0.9980712125027645}
2026-01-19,3314333.5145850214,6392.814585021053,0.0,-2.6520465868706822e-05,0.0019288386509350673,{'511360.SH': 0.9980711613490649}
2026-01-20,3314655.814585021,6392.814585021053,0.0,9.72442871489676e-05,0.001928651100633627,{'511360.SH': 0.9980713488993663}
2026-01-21,3314714.4145850213,6392.814585021053,0.0,1.7679060294151228e-05,0.0019286170044973206,{'511360.SH': 0.9980713829955026}
2026-01-22,3314860.9145850213,6392.814585021053,0.0,4.419686937584544e-05,0.0019285317694306195,{'511360.SH': 0.9980714682305694}
2026-01-23,3315388.314585021,6392.814585021053,0.0,0.00015910169795652074,0.0019282249855613748,{'511360.SH': 0.9980717750144386}
2026-01-26,3315710.614585021,6392.814585021053,0.0,9.721334860901543e-05,0.0019280375545744507,{'511360.SH': 0.9980719624454255}
2026-01-27,3316062.214585021,6392.814585021053,0.0,0.0001060406171917716,0.0019278331259599312,{'511360.SH': 0.99807216687404}
2026-01-28,3315945.014585021,6392.814585021053,0.0,-3.5343124590525576e-05,0.0019279012640145035,{'511360.SH': 0.9980720987359855}
2026-01-29,3315974.314585021,6392.814585021053,0.0,8.836093442932125e-06,0.0019278842290493085,{'511360.SH': 0.9980721157709507}
2026-01-30,3316325.9145850213,6392.814585021053,0.0,0.00010603218440308204,0.0019276798329457914,{'511360.SH': 0.9980723201670542}
2026-02-02,3336531.0145850214,26392.814585021053,20000.0,6.18455499497017e-05,0.00791025603228317,{'511360.SH': 0.9920897439677168}
2026-02-03,3332712.720356282,3846.194756282028,0.0,-0.0011443904498560364,0.0011540732967439367,{'511260.SH': 0.9988459267032561}
2026-02-04,3331527.191396282,3846.194756282028,0.0,-0.0003557249182500888,0.001154483975461729,{'511260.SH': 0.9988455160245383}
2026-02-05,3336071.7190762814,3846.194756282028,0.0,0.0013640974300721531,0.0011529112921310318,{'511260.SH': 0.998847088707869}
2026-02-06,3338813.254796282,3846.194756282028,0.0,0.0008217856062038287,0.0011519646241840212,{'511260.SH': 0.998848035375816}
2026-02-09,3340245.768956282,3846.194756282028,0.0,0.0004290489017144683,0.0011514705869933152,{'511260.SH': 0.9988485294130067}
2026-02-10,3341011.4230762823,3846.194756282028,0.0,0.00022922089359900255,0.0011512067063633655,{'511260.SH': 0.9988487932936366}
2026-02-11,3343184.892836282,3846.194756282028,0.0,0.0006505424510037106,0.001150458284411247,{'511260.SH': 0.9988495417155887}
2026-02-12,3345753.538916282,3846.194756282028,0.0,0.0007683230698678489,0.001149575039387941,{'511260.SH': 0.998850424960612}
2026-02-13,3344518.612916282,3846.194756282028,0.0,-0.0003691025013157212,0.001149999507082517,{'511260.SH': 0.9988500004929175}
2026-02-24,3344246.929196282,3846.194756282028,0.0,-8.123253342073866e-05,0.0011500929320450563,{'511260.SH': 0.998849907067955}
2026-02-25,3338912.0488762823,3846.194756282028,0.0,-0.0015952411508326492,0.00115193053904384,{'511260.SH': 0.9988480694609562}
2026-02-26,3334466.3152762824,3846.194756282028,0.0,-0.0013314916760075457,0.001153466369913935,{'511260.SH': 0.998846533630086}
2026-02-27,3338171.093276282,3846.194756282028,0.0,0.0011110557581663905,0.0011521862267721997,{'511260.SH': 0.9988478137732278}
2026-03-02,3362320.444636282,23846.194756282028,20000.0,0.0012430014052777771,0.007092183850091535,{'511260.SH': 0.9929078161499084}
2026-03-03,3420990.2292054417,509.84485119814053,0.0,0.017449194844813887,0.00014903429037754282,{'510880.SH': 0.9998509657096225}
2026-03-04,3356989.5567331165,509.84485119814053,0.0,-0.018708230127623016,0.00015187561432103484,{'510880.SH': 0.9998481243856789}
2026-03-05,3343783.0687626377,509.84485119814053,0.0,-0.0039340271237933155,0.00015247545690420878,{'510880.SH': 0.9998475245430958}
2026-03-06,3337687.7666224157,509.84485119814053,0.0,-0.0018228760702702074,0.00015275390834837728,{'510880.SH': 0.9998472460916517}
2026-03-09,3362068.975183301,509.84485119814053,0.0,0.00730482006276989,0.00015164616043320277,{'510880.SH': 0.9998483538395668}
2026-03-10,3322449.5112718623,509.84485119814053,0.0,-0.0117842507705479,0.00015345450682348143,{'510880.SH': 0.9998465454931765}
2026-03-11,3366132.509943449,509.84485119814053,0.0,0.013147829191500371,0.00015146309590964555,{'510880.SH': 0.9998485369040904}
2026-03-12,3435212.6008659583,509.84485119814053,0.0,0.020522094931928248,0.00014841726275387362,{'510880.SH': 0.9998515827372462}
2026-03-13,3417942.5781353307,509.84485119814053,0.0,-0.005027351939229097,0.00014916717865877312,{'510880.SH': 0.9998508328213412}
2026-03-16,3388481.9511242607,509.84485119814053,0.0,-0.008619403731218389,0.00015046408939229546,{'510880.SH': 0.9998495359106077}
2026-03-17,3362068.975183301,509.84485119814053,0.0,-0.0077949289156449275,0.00015164616043320277,{'510880.SH': 0.9998483538395668}
2026-03-18,3348862.487212821,509.84485119814053,0.0,-0.003928083590182818,0.0001522441883310868,{'510880.SH': 0.999847755811669}
2026-03-19,3358005.4404231543,509.84485119814053,0.0,0.002730166808952106,0.00015182966801086933,{'510880.SH': 0.9998481703319891}
2026-03-20,3348862.487212821,509.84485119814053,0.0,-0.0027227332928863035,0.0001522441883310868,{'510880.SH': 0.999847755811669}
2026-03-23,3285877.698430534,509.84485119814053,0.0,-0.018807815795000793,0.0001551624552069186,{'510880.SH': 0.999844837544793}
2026-03-24,3321433.6275818255,509.84485119814053,0.0,0.010820831575160117,0.00015350144195695815,{'510880.SH': 0.9998464985580431}
2026-03-25,3308227.1396113457,509.84485119814053,0.0,-0.003976140863032884,0.00015411422181187888,{'510880.SH': 0.9998458857781881}
2026-03-26,3320417.743891788,509.84485119814053,0.0,0.0036849356969710367,0.00015354840581009626,{'510880.SH': 0.9998464515941899}
2026-03-27,3319401.860201752,509.84485119814053,0.0,-0.00030595056658311304,0.00015359539840926413,{'510880.SH': 0.9998464046015907}
2026-03-30,3351910.138282933,509.84485119814053,0.0,0.009793414431359393,0.00015210576362865037,{'510880.SH': 0.9998478942363713}
2026-03-31,3303147.721161161,509.84485119814053,0.0,-0.014547650476916085,0.00015435121109839855,{'510880.SH': 0.9998456487889016}
2026-04-01,3312988.8842607923,20509.84485119814,20000.0,-0.0030755018418605617,0.006190737599101357,{'510880.SH': 0.9938092624008986}
2026-04-02,3322504.335740456,228.74196045612916,0.0,0.0028721652296719302,6.884624889591048e-05,{'512890.SH': 0.9999311537511041}
2026-04-03,3286542.9846004555,228.74196045612916,0.0,-0.01082356785908789,6.959956450529652e-05,{'512890.SH': 0.9999304004354947}
2026-04-07,3264412.922360455,228.74196045612916,0.0,-0.00673353805007082,7.007139289558037e-05,{'512890.SH': 0.9999299286071044}
2026-04-08,3292075.5001604557,228.74196045612916,0.0,0.008473982445823092,6.948259857496594e-05,{'512890.SH': 0.999930517401425}
2026-04-09,3272711.695700456,228.74196045612916,0.0,-0.005881944220008317,6.989370947542988e-05,{'512890.SH': 0.9999301062905246}
2026-04-10,3267179.180140456,228.74196045612916,0.0,-0.0016904989117336733,7.001206479477368e-05,{'512890.SH': 0.9999299879352053}
2026-04-13,3253347.891240455,228.74196045612916,0.0,-0.004233403843925787,7.030971420917212e-05,{'512890.SH': 0.9999296902857908}
2026-04-14,3267179.180140456,228.74196045612916,0.0,0.004251401744412631,7.001206479477368e-05,{'512890.SH': 0.9999299879352053}
2026-04-15,3289309.242380456,228.74196045612916,0.0,0.00677344615028086,6.95410323568695e-05,{'512890.SH': 0.9999304589676431}
2026-04-16,3289309.242380456,228.74196045612916,0.0,0.0,6.95410323568695e-05,{'512890.SH': 0.9999304589676431}
2026-04-17,3275477.9534804556,228.74196045612916,0.0,-0.004204922030982661,6.983468174868119e-05,{'512890.SH': 0.9999301653182513}
2026-04-20,3292075.5001604557,228.74196045612916,0.0,0.005067213675599369,6.948259857496594e-05,{'512890.SH': 0.999930517401425}
2026-04-21,3311439.304620456,228.74196045612916,0.0,0.005881944220008428,6.907629565698673e-05,{'512890.SH': 0.999930923704343}
2026-04-22,3297608.015720456,228.74196045612916,0.0,-0.0041768209010206725,6.936602512053089e-05,{'512890.SH': 0.9999306339748795}
2026-04-23,3314205.5624004556,228.74196045612916,0.0,0.005033207889135305,6.901863995739992e-05,{'512890.SH': 0.9999309813600425}
2026-04-24,3314205.5624004556,228.74196045612916,0.0,0.0,6.901863995739992e-05,{'512890.SH': 0.9999309813600425}
2026-04-27,3289309.242380456,228.74196045612916,0.0,-0.007512002364140402,6.95410323568695e-05,{'512890.SH': 0.9999304589676431}
2026-04-28,3297608.015720456,228.74196045612916,0.0,0.00252295321858953,6.936602512053089e-05,{'512890.SH': 0.9999306339748795}
2026-04-29,3305906.7890604557,228.74196045612916,0.0,0.0025166039445676525,6.919189652081449e-05,{'512890.SH': 0.9999308081034792}
2026-04-30,3286542.9846004555,228.74196045612916,0.0,-0.005857335277593689,6.959956450529652e-05,{'512890.SH': 0.9999304004354947}
2026-05-06,3292711.695700456,20228.74196045613,20000.0,-0.00420846128129404,0.006143490177676453,{'512890.SH': 0.9938565098223235}
2026-05-07,3232339.7208146905,335.8760914430022,0.0,-0.018335032175637367,0.0001039111357262741,{'510880.SH': 0.9998960888642737}
2026-05-08,3221474.1822169046,335.8760914430022,0.0,-0.00336150885620623,0.00010426161205857133,{'510880.SH': 0.9998957383879414}
2026-05-11,3223449.7346892287,335.8760914430022,0.0,0.0006132448564168946,0.000104197713346811,{'510880.SH': 0.9998958022866532}
2026-05-12,3217523.0772722545,335.8760914430022,0.0,-0.001838607052932817,0.00010438964488414815,{'510880.SH': 0.9998956103551159}
2026-05-13,3204681.986202144,335.8760914430022,0.0,-0.003990986470560731,0.00010480793192245814,{'510880.SH': 0.9998951920680775}
2026-05-14,3183938.6852427344,335.8760914430022,0.0,-0.006472811046063454,0.00010549075363786284,{'510880.SH': 0.9998945092463621}
2026-05-15,3183938.6852427344,335.8760914430022,0.0,0.0,0.00010549075363786284,{'510880.SH': 0.9998945092463621}
2026-05-18,3178012.02782576,335.8760914430022,0.0,-0.0018614232254043905,0.0001056874827729309,{'510880.SH': 0.999894312517227}
2026-05-19,3182950.909006572,335.8760914430022,0.0,0.001554078819579141,0.0001055234909506764,{'510880.SH': 0.9998944765090493}
2026-05-20,3176036.4753534356,335.8760914430022,0.0,-0.0021723343685794427,0.00010575322231008863,{'510880.SH': 0.9998942467776899}
2026-05-21,3133562.097198454,335.8760914430022,0.0,-0.013373391169965942,0.00010718667159756962,{'510880.SH': 0.9998928133284024}
2026-05-22,3117757.677419856,335.8760914430022,0.0,-0.0050435955275077715,0.00010773001823572164,{'510880.SH': 0.9998922699817643}
2026-05-25,3146403.188268565,335.8760914430022,0.0,0.009187856726702082,0.00010674922168122756,{'510880.SH': 0.9998932507783188}
2026-05-26,3147390.964504727,335.8760914430022,0.0,0.00031393822630398915,0.0001067157195375172,{'510880.SH': 0.9998932842804625}
2026-05-27,3131586.544726129,335.8760914430022,0.0,-0.005021435200404101,0.00010725429000474137,{'510880.SH': 0.9998927457099953}
2026-05-28,3131586.544726129,335.8760914430022,0.0,0.0,0.00010725429000474137,{'510880.SH': 0.9998927457099953}
2026-05-29,3167146.489227974,335.8760914430022,0.0,0.011355248847179755,0.00010605006512498752,{'510880.SH': 0.999893949934875}
2026-06-01,3286911.8890803726,20335.876091443002,20000.0,0.031500090125833546,0.00618692462034103,{'510880.SH': 0.993813075379659}
2026-06-02,3285543.047198178,3561.611198178027,0.0,-0.0004164522592596809,0.001084025120661643,{'511260.SH': 0.9989159748793384}
2026-06-03,3284048.3883981784,3561.611198178027,0.0,-0.0004549198651571107,0.0010845184896667226,{'511260.SH': 0.9989154815103333}
2026-06-04,3285374.2953981785,3561.611198178027,0.0,0.0004037416149786921,0.0010840808011333056,{'511260.SH': 0.9989159191988667}
2026-06-05,3283879.636598178,3561.611198178027,0.0,-0.00045494323191541675,0.0010845742208345842,{'511260.SH': 0.9989154257791654}
2026-06-08,3279733.163798178,3561.611198178027,0.0,-0.001262675024318316,0.001085945416990391,{'511260.SH': 0.9989140545830096}
2026-06-09,3276141.1611981783,3561.611198178027,0.0,-0.001095211842124355,0.001087136061278704,{'511260.SH': 0.9989128639387213}
2026-06-10,3273802.743398178,3561.611198178027,0.0,-0.0007137719911755047,0.0010879125828091604,{'511260.SH': 0.9989120874171908}
2026-06-11,3270379.492598178,3561.611198178027,0.0,-0.0010456496827437878,0.001089051349006741,{'511260.SH': 0.9989109486509933}
2026-06-12,3272091.117998178,3561.611198178027,0.0,0.0005233721052477769,0.0010884816680646024,{'511260.SH': 0.9989115183319354}
2026-06-15,3274236.676598178,3561.611198178027,0.0,0.0006557148082455555,0.0010877684022153283,{'511260.SH': 0.9989122315977846}
2026-06-16,3278262.6123981783,3561.611198178027,0.0,0.00122957995943751,0.0010864325465288359,{'511260.SH': 0.9989135674534712}
2026-06-17,3281468.8965981784,3561.611198178027,0.0,0.0009780437320288105,0.0010853710062192774,{'511260.SH': 0.9989146289937807}
2026-06-18,3281782.2927981787,3561.611198178027,0.0,9.550485160025879e-05,0.0010852673579213126,{'511260.SH': 0.9989147326420786}
2026-06-22,3281227.822598179,3561.611198178027,0.0,-0.00016895398613636647,0.0010854507491521365,{'511260.SH': 0.9989145492508479}
2026-06-23,3277033.134998178,3561.611198178027,0.0,-0.0012783896232719805,0.001086840154327584,{'511260.SH': 0.9989131598456724}
2026-06-24,3280046.5599981784,3561.611198178027,0.0,0.0009195589046131492,0.0010858416589610864,{'511260.SH': 0.9989141583410389}
2026-06-25,3282392.3834781772,3561.611198178027,0.0,0.0007151799332996145,0.001085065641787767,{'511260.SH': 0.9989149343582122}
2026-06-26,3283682.0833581774,3561.611198178027,0.0,0.0003929145968324388,0.0010846394711072683,{'511260.SH': 0.9989153605288927}
2026-06-29,3287916.192398178,3561.611198178027,0.0,0.001289439395323555,0.0010832426953012505,{'511260.SH': 0.9989167573046988}
2026-06-30,3285093.453038178,3561.611198178027,0.0,-0.0008585192549999121,0.0010841734791088257,{'511260.SH': 0.9989158265208912}
2026-07-01,3300396.9987581777,23561.611198178027,20000.0,-0.0014296257769034204,0.00713902333781161,{'511260.SH': 0.9928609766621884}
2026-07-02,3298277.491103139,3844.0201431387104,0.0,-0.000642197788883081,0.001165462928303538,{'511880.SH': 0.9988345370716964}
2026-07-03,3299227.3014231385,3844.0201431387104,0.0,0.00028797162232763185,0.0011651274046745954,{'511880.SH': 0.9988348725953254}
2026-07-06,3298867.028543139,3844.0201431387104,0.0,-0.00010919916910367977,0.0011652546495141167,{'511880.SH': 0.9988347453504859}
2026-07-07,3299358.3097431385,3844.0201431387104,0.0,0.00014892422026990815,0.0011650811407136847,{'511880.SH': 0.9988349188592863}
2026-07-08,3299522.0701431385,3844.0201431387104,0.0,4.963401504975984e-05,0.0011650233159288886,{'511880.SH': 0.9988349766840711}
2026-07-09,3299129.0451831385,3844.0201431387104,0.0,-0.000119115723927532,0.0011651621050565255,{'511880.SH': 0.9988348378949434}
2026-07-10,3299685.8305431386,3844.0201431387104,0.0,0.00016876737841253764,0.0011649654968836753,{'511880.SH': 0.9988350345031163}
2026-07-13,3299489.318063138,3844.0201431387104,0.0,-5.955490616149639e-05,0.001165034880426654,{'511880.SH': 0.9988349651195734}
2026-07-14,3299063.5410231384,3844.0201431387104,0.0,-0.00012904331517871181,0.0011651852397927941,{'511880.SH': 0.9988348147602072}
2026-07-15,3299096.2931031385,3844.0201431387104,0.0,9.927689961886088e-06,0.0011651736723098237,{'511880.SH': 0.9988348263276902}
2026-07-16,3299129.0451831385,3844.0201431387104,0.0,9.927591403835478e-06,0.0011651621050565255,{'511880.SH': 0.9988348378949434}
2026-07-17,3299980.599263138,3844.0201431387104,0.0,0.00025811481404258707,0.0011648614370633125,{'511880.SH': 0.9988351385629367}
2026-07-20,3299620.3263831385,3844.0201431387104,0.0,-0.00010917424183642943,0.0011649886238130655,{'511880.SH': 0.9988350113761869}
2026-07-21,3299620.3263831385,3844.0201431387104,0.0,0.0,0.0011649886238130655,{'511880.SH': 0.9988350113761869}
2026-07-22,3300078.855503138,3844.0201431387104,0.0,0.00013896420637649065,0.0011648267545875481,{'511880.SH': 0.9988351732454125}
2026-07-23,3300111.607583138,3844.0201431387104,0.0,9.924635572033935e-06,0.0011648151942212366,{'511880.SH': 0.9988351848057787}
2026-07-24,3300471.8804631387,3844.0201431387104,0.0,0.00010916990782150471,0.0011646880453346866,{'511880.SH': 0.9988353119546654}
2026-07-27,3299849.5909431386,3844.0201431387104,0.0,-0.00018854562091064064,0.0011649076835771903,{'511880.SH': 0.9988350923164228}
2026-07-28,3300471.8804631387,3844.0201431387104,0.0,0.00018858117706588295,0.0011646880453346866,{'511880.SH': 0.9988353119546654}
2026-07-29,3300602.8887831382,3844.0201431387104,0.0,3.9693814928520865e-05,0.001164641816257974,{'511880.SH': 0.998835358183742}
2026-07-30,3301356.186623139,3844.0201431387104,0.0,0.0002282303765051008,0.001164376070269063,{'511880.SH': 0.9988356239297309}
2026-07-31,3301749.2115831384,3844.0201431387104,0.0,0.0001190495474532316,0.0011642374683253308,{'511880.SH': 0.9988357625316747}
2026-08-03,3321552.6991031384,23844.02014313871,20000.0,-5.951768817291647e-05,0.0071785764981470565,{'511880.SH': 0.992821423501853}
2026-08-04,3251753.1624718187,77.81191181950271,0.0,-0.021014128919335406,2.392921846514144e-05,{'512890.SH': 0.9999760707815348}
2026-08-05,3218572.801751819,77.81191181950271,0.0,-0.010203837456954412,2.4175905474982857e-05,{'512890.SH': 0.999975824094525}
