window,history,mechanism,drawdown_direction,rebound_direction,volume_direction,rsi_direction,alpha,rebalance_days,selection_cost_rate,train_annual_return,train_sharpe,train_max_drawdown,current_annual_return_delta,current_sharpe_delta,matched_annual_return_delta,matched_sharpe_delta,current_dual_blocks,matched_dual_blocks,median_current_annual_return_delta,median_current_sharpe_delta,robust_score,current_joint_improvement,block_1_current_annual_delta,block_1_current_sharpe_delta,block_1_matched_annual_delta,block_1_matched_sharpe_delta,block_2_current_annual_delta,block_2_current_sharpe_delta,block_2_matched_annual_delta,block_2_matched_sharpe_delta,block_3_current_annual_delta,block_3_current_sharpe_delta,block_3_matched_annual_delta,block_3_matched_sharpe_delta,block_4_current_annual_delta,block_4_current_sharpe_delta,block_4_matched_annual_delta,block_4_matched_sharpe_delta,current_gate,matched_gate,selected_on_train
10,126,near_high_high_volume_high_rsi,-1,1,1,1,0.25,1,0.0005,0.20808984725542423,0.9726431112368212,-0.26077643000923123,-0.007463319858638018,-0.028395734294400343,-0.0005621236392538975,-0.0021219893376408505,1,0,-0.006347282921957298,0.027623224757499232,-0.12694565843914596,-0.034624032476816835,-0.0023253910688663115,0.07800861897151412,0.0,0.0,-0.010369174775048284,-0.022762169456515657,-0.0024261522596937812,-0.009065651804720076,-0.05553284436317285,-0.16058687646160563,0.0,0.0,0.03570406254883318,0.12056901862608771,0.0,0.0,False,False,False
10,126,near_high_high_volume_high_rsi,-1,1,1,1,0.25,2,0.0005,0.19674993515410222,0.9226272389915735,-0.2316674972111924,-0.01880323195996003,-0.07841160653964807,-0.002329845736124936,-0.008875881222391135,1,0,-0.01579730668748014,-0.0671100992400181,-0.3355504962000905,-0.08723245504442113,-0.04256389924234005,-0.25771942475103893,0.0,0.0,0.0014327402942626577,0.04156185269162371,-0.010265609309062285,-0.03936663418743502,-0.015612308692349863,-0.04890684473074591,0.0,0.0,-0.015982304682610415,-0.08531335374929028,0.0,0.0,False,False,False
10,126,near_high_high_volume_high_rsi,-1,1,1,1,0.25,3,0.0005,0.17386013825756486,0.8308733585580677,-0.20648298532333698,-0.041693028856497394,-0.17016548697315392,0.001921140996189008,0.00700684900045212,0,1,-0.040276423293062136,-0.22159729336146872,-1.1079864668073436,-0.19342341109947636,-0.03313674124783672,-0.212518204275158,0.0,0.0,-0.07669223314760965,-0.26355082729660717,0.008074119800367097,0.029845945857752687,-0.010182190125108237,-0.03524779854702176,0.0,0.0,-0.04741610533828755,-0.23067638244777944,0.0,0.0,False,False,False
10,126,near_high_high_volume_high_rsi,-1,1,1,1,0.25,5,0.0005,0.21964128660277438,1.0157368567118295,-0.21988831808861675,0.0040881194887121275,0.014698011180607873,0.0040881194887121275,0.014698011180607873,1,1,0.0,0.0,0.0,0.01468275806300811,0.0,0.0,0.0,0.0,0.017752449702714834,0.06018513411608484,0.017752449702714834,0.06018513411608484,0.0,0.0,0.0,0.0,0.0,0.0,0.0,0.0,False,False,False
10,126,near_high_high_volume_high_rsi,-1,1,1,1,0.25,10,0.0005,0.2835512973872534,1.2134365260731206,-0.19672816700819562,0.06799813027319113,0.212397680541899,0.002641066168325157,0.008597569817310191,3,1,0.06932656849019825,0.2952292887091454,1.386531369803965,0.21217726114233446,-0.12567706470607365,-0.7469285454584156,0.0,0.0,0.04183882110226289,0.2061747795591773,0.011116192171969352,0.03775902188553837,0.2991649190740633,0.7370732795857279,0.0,0.0,0.0968143158781336,0.3842837978591135,0.0,0.0,True,False,False
10,126,near_high_high_volume_high_rsi,-1,1,1,1,0.5,1,0.0005,0.1636294216058427,0.8057695572260559,-0.2806902036682899,-0.05192374550821954,-0.19526928830516566,-0.04502254928883542,-0.16899554334840616,1,1,-0.06454292365456493,-0.235483760128459,-1.2908584730912986,-0.2408860245636917,-0.06342737093014383,-0.28472330039728,-0.06110197986127752,-0.3627319193687941,-0.12061150571292067,-0.44123973730861277,-0.11266848319756617,-0.4275432196568172,-0.06565847637898603,-0.18624421985963802,-0.01012563201581318,-0.025657343398032384,0.0357140320945597,0.12083182669091663,9.969545726518092e-06,0.00026280806482892327,False,False,False
10,126,near_high_high_volume_high_rsi,-1,1,1,1,0.5,2,0.0005,0.1320642472149991,0.6740100143057196,-0.252365429713027,-0.08348891989906315,-0.32702883122550197,-0.06701553367522806,-0.25749310590824503,1,1,-0.08582723885189947,-0.2889424413637234,-1.7165447770379894,-0.3873240231950946,-0.17086048141072063,-0.9669464675809647,-0.12829658216838058,-0.7092270428299258,-0.11893236885909197,-0.4265730046407743,-0.13063071846241692,-0.507501491519833,-0.05272210884470696,-0.15131187808667246,-0.0371098001523571,-0.10240503335592654,0.010540215956369003,0.02403027713169692,0.02652252063897942,0.1093436308809872,False,False,False
10,126,near_high_high_volume_high_rsi,-1,1,1,1,0.5,3,0.0005,0.10472576443653625,0.563755311710665,-0.22785935759604514,-0.110827402677526,-0.4372835338205566,-0.0672132328248396,-0.2601111978469506,0,1,-0.10764857159277719,-0.5062355187732972,-2.5311775938664858,-0.5141534414053889,-0.1429033421296766,-0.8051131314127402,-0.10976660088183987,-0.5925949271375823,-0.20971342066985388,-0.8145818452171537,-0.12494706772187714,-0.5211850720627939,-0.07239380105587778,-0.2073579061338543,-0.062211610930769545,-0.17211010758683254,-0.022257125272757028,-0.11800846853393021,0.025158980065530523,0.11266791391384923,False,False,False
10,126,near_high_high_volume_high_rsi,-1,1,1,1,0.5,5,0.0005,0.1537292051355681,0.7604601335565125,-0.24090356718648387,-0.06182396197849416,-0.24057871197470904,-0.06182396197849416,-0.24057871197470904,1,1,-0.04684808622136449,-0.18173173872506765,-0.9369617244272899,-0.28681537277426944,-0.16603826911543207,-0.9393889002429429,-0.16603826911543207,-0.9393889002429429,-0.054889980040832675,-0.1876547484911668,-0.054889980040832675,-0.1876547484911668,0.024526387875102307,0.06522463333243922,0.024526387875102307,0.06522463333243922,-0.03880619240189631,-0.17580872895896849,-0.03880619240189631,-0.17580872895896849,False,False,False
10,126,near_high_high_volume_high_rsi,-1,1,1,1,0.5,10,0.0005,0.24939009287387992,1.1076434065419696,-0.2183673220869431,0.03383692575981767,0.106604561010748,-0.0315201383450483,-0.09719554971384081,3,0,0.04375318159056918,0.18336493498615963,0.8750636318113836,0.1064939302671877,-0.19113294835425054,-1.0718187559040635,-0.0654558836481769,-0.3248902104456478,0.022228758576834817,0.10965868557973857,-0.008493870353458721,-0.05875707209390035,0.29362555035255866,0.7707949106360829,-0.005539368721504623,0.03372163105035497,0.06527760460430354,0.2570711843925807,-0.031536711273830065,-0.1272126134665328,True,False,False
10,126,near_high_high_volume_high_rsi,-1,1,1,1,1.0,1,0.0005,0.15644284072725934,0.7937159113162209,-0.24590085819637453,-0.059110326386802914,-0.2073229342150007,-0.052209130167418794,-0.1810491892582412,1,1,-0.07408108146846248,-0.35880993596122623,-1.7940496798061312,-0.27422620218576543,-0.09439357254698444,-0.4810115995542422,-0.09206818147811813,-0.5590202185257563,-0.1344397123126877,-0.4651022054854176,-0.1264966897973332,-0.451405687833622,0.05090902498426786,0.17046752606250049,0.10644186934744071,0.3310544025241061,-0.05376859038994053,-0.2525176664370348,-0.08947265293877371,-0.37308668506312254,False,False,False
10,126,near_high_high_volume_high_rsi,-1,1,1,1,1.0,2,0.0005,0.17821511045728688,0.8761749592180922,-0.22949576454023346,-0.037338056656775365,-0.12486388631312939,-0.02086467043294027,-0.055328160995872455,1,1,-0.07834018510135743,-0.3736003604303644,-1.8680018021518219,-0.17321970795732977,-0.10791444519648663,-0.5614063288776755,-0.06535054595414658,-0.30368690412663657,-0.15145338103208394,-0.5206869089553877,-0.1631517306354089,-0.6016153958344465,0.18232892517438803,0.4770164176651127,0.1979412338667379,0.5259232623958586,-0.04876592500622823,-0.2265138119053411,-0.03278362032361781,-0.1412004581560508,False,False,False
10,126,near_high_high_volume_high_rsi,-1,1,1,1,1.0,3,0.0005,0.130307774149244,0.6764837854430793,-0.2985010386690464,-0.08524539296481826,-0.3245550600881423,-0.041631223112131854,-0.14738272411453623,1,1,-0.11311645189765607,-0.43950006349732895,-2.2623290379531213,-0.3954726998732046,-0.1542606342265258,-0.8659013243122908,-0.12112389297868908,-0.6533831200371328,-0.12955297169756474,-0.42833771635818807,-0.044786618749588,-0.1349409432038282,0.05281524302355112,0.1527785580148232,0.06299743314865935,0.18802635656184497,-0.09667993209774739,-0.4506624106364698,-0.04926382675945984,-0.21998602818869034,False,False,False
10,126,near_high_high_volume_high_rsi,-1,1,1,1,1.0,5,0.0005,0.07553964781245903,0.45254679633989897,-0.3004695778038977,-0.14001351930160322,-0.5484920491913226,-0.14001351930160322,-0.5484920491913226,0,0,-0.11149985437396226,-0.5657175937624279,-2.8285879688121396,-0.6495544518142643,-0.1357045404493662,-0.7265677101503185,-0.1357045404493662,-0.7265677101503185,-0.3076988205592177,-1.2843165338051281,-0.3076988205592177,-1.2843165338051281,-0.025389394374895513,-0.03760898396485379,-0.025389394374895513,-0.03760898396485379,-0.08729516829855832,-0.4048674773745374,-0.08729516829855832,-0.4048674773745374,False,False,False
10,126,near_high_high_volume_high_rsi,-1,1,1,1,1.0,10,0.0005,0.11806546088323122,0.6116435248345187,-0.30225713207429705,-0.09748770623083103,-0.3893953206967029,-0.162844770335697,-0.5931954314212917,1,0,-0.07496759763723448,-0.2850655268526249,-1.4993519527446897,-0.45226756598405427,-0.2787892973250333,-1.613398843191859,-0.15311223261895968,-0.8664702977334433,-0.08336666168832974,-0.26311015056722287,-0.11408929061862327,-0.4315259082408618,0.07628288180878973,0.1775924925768736,-0.22288203726527356,-0.5594807870088543,-0.06656853358613923,-0.3070209031380269,-0.16338284946427284,-0.6913047009971404,False,False,False
10,126,near_high_high_volume_low_rsi,-1,1,1,-1,0.25,1,0.0005,0.20808984725542423,0.9726431112368212,-0.26077643000923123,-0.007463319858638018,-0.028395734294400343,-0.0005621236392538975,-0.0021219893376408505,1,0,-0.006347282921957298,0.027623224757499232,-0.12694565843914596,-0.034624032476816835,-0.0023253910688663115,0.07800861897151412,0.0,0.0,-0.010369174775048284,-0.022762169456515657,-0.0024261522596937812,-0.009065651804720076,-0.05553284436317285,-0.16058687646160563,0.0,0.0,0.03570406254883318,0.12056901862608771,0.0,0.0,False,False,False
10,126,near_high_high_volume_low_rsi,-1,1,1,-1,0.25,2,0.0005,0.19674993515410222,0.9226272389915735,-0.2316674972111924,-0.01880323195996003,-0.07841160653964807,-0.002329845736124936,-0.008875881222391135,1,0,-0.01579730668748014,-0.0671100992400181,-0.3355504962000905,-0.08723245504442113,-0.04256389924234005,-0.25771942475103893,0.0,0.0,0.0014327402942626577,0.04156185269162371,-0.010265609309062285,-0.03936663418743502,-0.015612308692349863,-0.04890684473074591,0.0,0.0,-0.015982304682610415,-0.08531335374929028,0.0,0.0,False,False,False
10,126,near_high_high_volume_low_rsi,-1,1,1,-1,0.25,3,0.0005,0.17386013825756486,0.8308733585580677,-0.20648298532333698,-0.041693028856497394,-0.17016548697315392,0.001921140996189008,0.00700684900045212,0,1,-0.040276423293062136,-0.22159729336146872,-1.1079864668073436,-0.19342341109947636,-0.03313674124783672,-0.212518204275158,0.0,0.0,-0.07669223314760965,-0.26355082729660717,0.008074119800367097,0.029845945857752687,-0.010182190125108237,-0.03524779854702176,0.0,0.0,-0.04741610533828755,-0.23067638244777944,0.0,0.0,False,False,False
10,126,near_high_high_volume_low_rsi,-1,1,1,-1,0.25,5,0.0005,0.21964128660277438,1.0157368567118295,-0.21988831808861675,0.0040881194887121275,0.014698011180607873,0.0040881194887121275,0.014698011180607873,1,1,0.0,0.0,0.0,0.01468275806300811,0.0,0.0,0.0,0.0,0.017752449702714834,0.06018513411608484,0.017752449702714834,0.06018513411608484,0.0,0.0,0.0,0.0,0.0,0.0,0.0,0.0,False,False,False
10,126,near_high_high_volume_low_rsi,-1,1,1,-1,0.25,10,0.0005,0.2835512973872534,1.2134365260731206,-0.19672816700819562,0.06799813027319113,0.212397680541899,0.002641066168325157,0.008597569817310191,3,1,0.06932656849019825,0.2952292887091454,1.386531369803965,0.21217726114233446,-0.12567706470607365,-0.7469285454584156,0.0,0.0,0.04183882110226289,0.2061747795591773,0.011116192171969352,0.03775902188553837,0.2991649190740633,0.7370732795857279,0.0,0.0,0.0968143158781336,0.3842837978591135,0.0,0.0,True,False,False
10,126,near_high_high_volume_low_rsi,-1,1,1,-1,0.5,1,0.0005,0.1865662768749652,0.8909189328102244,-0.26077643000923145,-0.028986890239097063,-0.11011991272099719,-0.022085694019712943,-0.0838461677642377,1,2,-0.029614780997815338,-0.08242995771278672,-0.5922956199563068,-0.13447675405185924,-0.02756219954373007,-0.07201070901048756,-0.02523680847486376,-0.15001932798200168,-0.10962001511128716,-0.3967163613356137,-0.10167699259593266,-0.38301984368381814,-0.031667362451900605,-0.09284920641508587,0.023865481911272246,0.06773767004651976,0.046164210902567504,0.15922395026759906,0.010460148353734322,0.03865493164151135,False,False,False
10,126,near_high_high_volume_low_rsi,-1,1,1,-1,0.5,2,0.0005,0.1581315451890024,0.7775578173973717,-0.23166749721119229,-0.05742162192505984,-0.22348102813384985,-0.040948235701224744,-0.1539453028165929,2,2,-0.052007194785842925,-0.24262965518521734,-1.2131482759260865,-0.266391919422249,-0.12555137593922594,-0.7024287224475925,-0.08298747669688589,-0.44470929769655354,-0.14641048821908642,-0.5415123664310815,-0.15810883782241136,-0.6224408533101402,0.02153698636754009,0.05625305606064679,0.03714929505988995,0.1051599007913927,0.022014338221650886,0.07602814390727197,0.0379966429042613,0.16134149765656225,False,False,False
10,126,near_high_high_volume_low_rsi,-1,1,1,-1,0.5,3,0.0005,0.10944456564994498,0.5837053590071866,-0.20648298532333675,-0.10610860146411727,-0.417333486524035,-0.06249443161143087,-0.24016115055042897,0,1,-0.10343681561872131,-0.44792782619722893,-2.2396391309861445,-0.4922618530024603,-0.10868867608949562,-0.6123936419255703,-0.0755519348416589,-0.39987543765041234,-0.21824408501412362,-0.8544190766034064,-0.13347773206614688,-0.5610223034490466,-0.098184955147947,-0.2834620104688875,-0.08800276502283877,-0.24821421192186577,-0.0056232682541428325,-0.04750696793530107,0.04179283708414472,0.18316941451247837,False,False,False
10,126,near_high_high_volume_low_rsi,-1,1,1,-1,0.5,5,0.0005,0.17225111203612942,0.8424346196283246,-0.21988831808861642,-0.04330205507793283,-0.15860422590289702,-0.04330205507793283,-0.15860422590289702,0,0,-0.04190603908489765,-0.15364706847935072,-0.838120781697953,-0.2008880484461594,-0.0693763585345617,-0.35944970194211545,-0.0693763585345617,-0.35944970194211545,-0.046927873098356665,-0.14139402099748444,-0.046927873098356665,-0.14139402099748444,-0.01878728743665814,-0.05178244315139602,-0.01878728743665814,-0.05178244315139602,-0.036884205071438636,-0.165900115961217,-0.036884205071438636,-0.165900115961217,False,False,False
10,126,near_high_high_volume_low_rsi,-1,1,1,-1,0.5,10,0.0005,0.22897479045821822,1.0342173721207009,-0.1967281670081953,0.013421623344155975,0.033178526589479285,-0.051935440760709994,-0.17062158413510953,2,0,0.02101546419273692,0.0982112064115141,0.4203092838547384,0.03314409499450786,-0.19113294835425054,-1.0718187559040635,-0.0654558836481769,-0.3248902104456478,-0.007054856783976549,0.0033334838691672086,-0.03777748571427009,-0.1650822738044717,0.24816429252154681,0.6606463673470463,-0.05100062655251647,-0.07642691223868159,0.04908578516945039,0.19308892895386098,-0.047728530708683214,-0.1911948689052525,False,False,False
10,126,near_high_high_volume_low_rsi,-1,1,1,-1,1.0,1,0.0005,0.10735813761344004,0.5818730082790067,-0.26512496816465003,-0.10819502950062221,-0.4191658372522149,-0.10129383328123809,-0.3928920922954554,1,1,-0.12808370135293656,-0.5314760761455167,-2.6573803807275835,-0.5019412655782026,-0.2163331489000212,-1.2688836811372484,-0.2140077578311549,-1.3468923001087625,-0.13702849320289867,-0.506459049717051,-0.12908547068754417,-0.49276253206525544,0.06353972485848347,0.19608095660576919,0.11907256922165632,0.3566678330673748,-0.11913890950297445,-0.5564931025739824,-0.15484297205180764,-0.6770621212000701,False,False,False
10,126,near_high_high_volume_low_rsi,-1,1,1,-1,1.0,2,0.0005,0.13491218467089738,0.6960280055029318,-0.3119588985635613,-0.08064098244316487,-0.3050108400282898,-0.06416759621932977,-0.23547511471103288,1,1,-0.09413070765917453,-0.37007402770088144,-1.8826141531834906,-0.37411179581737636,-0.13038768666995937,-0.6906478259544351,-0.08782378742761932,-0.4329284012033961,-0.08535408041106618,-0.2602591820081146,-0.09705243001439112,-0.34118766888717333,0.005591109328144439,0.013542896682598116,0.021203418020494302,0.06244974141334403,-0.10290733490728288,-0.4798888733936483,-0.08692503022467246,-0.394575519644358,False,False,False
10,126,near_high_high_volume_low_rsi,-1,1,1,-1,1.0,3,0.0005,0.15125468704932077,0.7588134210408201,-0.24930328641216903,-0.06429848006474148,-0.24222542449040152,-0.02068431021205508,-0.06505308851679548,1,3,-0.03324986348449843,-0.10288516950291166,-0.6649972696899686,-0.29829522305611617,-0.19245589563420262,-1.0991115568900807,-0.1593191543863659,-0.8865933526149227,-0.06784269258187225,-0.17711659477437403,0.016923660366104487,0.11628017837998583,0.014293237814900772,0.059386056988198654,0.02447542794000901,0.09463385553522041,0.0013429656128753908,-0.028653744231449285,0.04875907095116294,0.20202263821633015,False,False,False
10,126,near_high_high_volume_low_rsi,-1,1,1,-1,1.0,5,0.0005,0.0839966558863372,0.4951371450313361,-0.35716401421324784,-0.13155651122772505,-0.5059017004998855,-0.13155651122772505,-0.5059017004998855,1,1,-0.1698644692293279,-0.8679412846877832,-4.3397064234389156,-0.6103204744753786,-0.15091391835587853,-0.8299025971820291,-0.15091391835587853,-0.8299025971820291,-0.2815017245426843,-1.157066790307611,-0.2815017245426843,-1.157066790307611,0.13296664447805817,0.4767478366147694,0.13296664447805817,0.4767478366147694,-0.1888150201027773,-0.9059799721935374,-0.1888150201027773,-0.9059799721935374,False,False,False
10,126,near_high_high_volume_low_rsi,-1,1,1,-1,1.0,10,0.0005,0.07987797382020445,0.45234286130018625,-0.30225713207429705,-0.1356751932938578,-0.5486959842310353,-0.20103225739872377,-0.7524960949556241,0,0,-0.09453714577422567,-0.3292061399193258,-1.8907429154845135,-0.6294279741297599,-0.3060365771983812,-1.7238415366331203,-0.18035951249230753,-0.9769129911747048,-0.1255830241412339,-0.4657842197691753,-0.15630565307152744,-0.6341999774428142,-0.06349126740721744,-0.1926280600694763,-0.36265618648128073,-0.9297013396552042,-0.02459313869060975,-0.12091622089915854,-0.12140745456874336,-0.505200018758272,False,False,False
10,126,near_high_low_volume_high_rsi,-1,1,-1,1,0.25,1,0.0005,0.20000825430464286,0.944224021504682,-0.26077643000923145,-0.015544912809419387,-0.05681482402653959,-0.008643716590035266,-0.030541079069780097,1,1,-0.020626149545848516,-0.028565700988985365,-0.4125229909169703,-0.07211637396723394,-0.010799873150713735,0.030553677863781603,-0.008474482081847423,-0.04745494110773252,-0.062231807767584524,-0.20967530840925463,-0.05428878525223002,-0.19597879075745905,-0.030452425940983296,-0.08768507984175233,0.025080418422189554,0.0729017966198533,0.03570406254883318,0.12056901862608771,0.0,0.0,False,False,False
10,126,near_high_low_volume_high_rsi,-1,1,-1,1,0.25,2,0.0005,0.1873114027682543,0.8892425431001029,-0.23166749721119217,-0.02824176434580794,-0.11179630243111871,-0.011768378121972844,-0.042260577113861775,1,1,-0.028755920002413227,-0.09632743410987954,-0.5751184000482645,-0.13101994614100712,-0.06454428973444815,-0.37278360585637116,-0.021980390492108093,-0.11506418110533223,-0.04152953532221604,-0.1073415144704688,-0.05322788492554098,-0.18827000134952754,0.010314804195348692,0.023782106771388478,0.025927112887698556,0.07268895150213439,-0.015982304682610415,-0.08531335374929028,0.0,0.0,False,False,False
10,126,near_high_low_volume_high_rsi,-1,1,-1,1,0.25,3,0.0005,0.1500277481587975,0.740914816923619,-0.20648298532333698,-0.06552541895526476,-0.26012402860760253,-0.021911249102578356,-0.08295169263399649,1,1,-0.05907197102273365,-0.320765486818759,-1.6038274340937948,-0.3039872706699377,-0.07072783670717975,-0.41085459118973855,-0.03759109545934303,-0.19833638691458055,-0.16013301401870605,-0.5968852598496434,-0.07536666107072931,-0.3034884866952835,0.0158600928438688,0.03725736718918249,0.026042282968977037,0.07250516573620425,-0.04741610533828755,-0.23067638244777944,0.0,0.0,False,False,False
10,126,near_high_low_volume_high_rsi,-1,1,-1,1,0.25,5,0.0005,0.19247439146276535,0.915711848005746,-0.21988831808861642,-0.0230787756512969,-0.08532699752547557,-0.0230787756512969,-0.08532699752547557,1,1,-0.019677716404390866,-0.10645660650961752,-0.5322830325480876,-0.10706767133272749,-0.03935543280878173,-0.21291321301923505,-0.03935543280878173,-0.21291321301923505,-0.08128009294555905,-0.2941466378573889,-0.08128009294555905,-0.2941466378573889,0.02625824209579619,0.07348931080428756,0.02625824209579619,0.07348931080428756,0.0,0.0,0.0,0.0,False,False,False
10,126,near_high_low_volume_high_rsi,-1,1,-1,1,0.25,10,0.0005,0.25993693157597453,1.1284764074463856,-0.1967281670081954,0.04438376446191228,0.12743756191516398,-0.02097329964295369,-0.07636254880942484,3,1,0.07054939732631582,0.29367422464396514,1.4109879465263164,0.12730531136135545,-0.19365677645487944,-1.0806640371499119,-0.0679797117488058,-0.3337354916914963,0.04428447877449804,0.2030646514288168,0.013561849844204499,0.03464889375517788,0.28407279019078735,0.7010158252428172,-0.015092128883275935,-0.03605745434291063,0.0968143158781336,0.3842837978591135,0.0,0.0,True,False,False
10,126,near_high_low_volume_high_rsi,-1,1,-1,1,0.5,1,0.0005,0.19947468424577552,0.9509741281773949,-0.24425857507160098,-0.016078482868286725,-0.05006471735382667,-0.009177286648902605,-0.023790972397067178,1,1,-0.017566909385993923,-0.05171645093968985,-0.35133818771987846,-0.07459172641048983,-0.022544746387891834,-0.031509415303335064,-0.020219355319025523,-0.10951803427484919,-0.13377930845889896,-0.48636013116777843,-0.12583628594354446,-0.47266361351598285,0.10940471011401143,0.2967443808174376,0.16493755447718428,0.4573312572790432,-0.012589072384096012,-0.07192348657604464,-0.048293134932929194,-0.19249250520213235,False,False,False
10,126,near_high_low_volume_high_rsi,-1,1,-1,1,0.5,2,0.0005,0.1766185776654685,0.8549921318456983,-0.21449920693996805,-0.03893458944859374,-0.14604671368552324,-0.02246120322475864,-0.07651098836826631,1,1,-0.06325896134323183,-0.2941712592587787,-1.4708562962938934,-0.18062638545223084,-0.10756920821797888,-0.6058133630749765,-0.06500530897563883,-0.34809393832393754,-0.13738932023477357,-0.4897903785929465,-0.1490876698380985,-0.5707188654720052,0.11979714487662063,0.32914977311524185,0.1354094535689705,0.37805661784598776,-0.018948714468484784,-0.09855213992461087,-0.0029664097858743688,-0.013238786175320594,False,False,False
10,126,near_high_low_volume_high_rsi,-1,1,-1,1,0.5,3,0.0005,0.15995793787166668,0.7871987962436178,-0.19344759315731086,-0.05559522924239557,-0.2138400492876038,-0.01198105938970917,-0.03666771331399776,2,2,-0.029776488614677077,-0.22251095737860327,-1.1125547868930163,-0.2579188697931623,-0.10566221788822094,-0.5991143157260322,-0.07252547664038422,-0.38659611145087425,-0.21065515485576736,-0.8254723517198542,-0.12588880190779062,-0.5320755785654944,0.05175124478412085,0.1540924009688257,0.06193343490922909,0.18934019951584746,0.04610924065886679,0.1730360960124636,0.09352534599715434,0.40371247846024305,False,False,False
10,126,near_high_low_volume_high_rsi,-1,1,-1,1,0.5,5,0.0005,0.08499471988395069,0.48488674319345154,-0.3346640866871221,-0.13055844723011156,-0.51615210233777,-0.13055844723011156,-0.51615210233777,1,1,-0.09667873248605663,-0.4111819628497278,-2.055909814248639,-0.6056902293670553,-0.10398542763664187,-0.5758680478559887,-0.10398542763664187,-0.5758680478559887,-0.3367419378143055,-1.4180399975946072,-0.3367419378143055,-1.4180399975946072,-0.08937203733547139,-0.24649587784346694,-0.08937203733547139,-0.24649587784346694,0.00948211341033467,0.043563632923221074,0.00948211341033467,0.043563632923221074,False,False,False
10,126,near_high_low_volume_high_rsi,-1,1,-1,1,0.5,10,0.0005,0.21473410437484874,1.0003600272783293,-0.22449555229338103,-0.0008190627392135053,-0.0006788182528922881,-0.06617612684407947,-0.2044789289774811,2,2,-0.009386178029349934,-0.01727345144656489,-0.18772356058699868,-0.0037998176977844613,-0.22604886288962234,-1.2758836317432103,-0.10037179818354869,-0.5289550862847947,-0.16464868272202748,-0.6317801886366475,-0.19537131165232102,-0.8001959463102865,0.30707390164114967,0.8376863308233068,0.007908982567086387,0.10061305123757891,0.14587632666332762,0.5972332857435177,0.04906201078519401,0.21294948788440426,False,False,False
10,126,near_high_low_volume_high_rsi,-1,1,-1,1,1.0,1,0.0005,0.13457317457705065,0.7064733782082889,-0.20674634474157527,-0.0809799925370116,-0.29456546732293265,-0.07407879631762748,-0.26829172236617316,0,1,-0.05750182666430248,-0.26923185366689334,-1.3461592683344665,-0.37568454048350947,-0.07733727091799669,-0.36468896692233843,-0.07501187984913038,-0.44269758589385255,-0.200484400670478,-0.777437754415197,-0.1925413781551235,-0.7637412367634014,-0.010863960068123069,0.001384990930765051,0.04466888429504978,0.16197186739237068,-0.03766638241060827,-0.17377474041144825,-0.07337044495944145,-0.29434375903753596,False,False,False
10,126,near_high_low_volume_high_rsi,-1,1,-1,1,1.0,2,0.0005,0.14658858753579973,0.7552071316267567,-0.2188789096083803,-0.06896457957826252,-0.2458317139044649,-0.05249119335442742,-0.17629598858720796,0,0,-0.055995666960573676,-0.254750504723424,-1.2737525236171199,-0.3199423163277818,-0.04671955938771788,-0.2127595611144436,-0.004155660145377826,0.04495986363659532,-0.14546426093757647,-0.536392164523927,-0.15716261054090142,-0.6173206514029858,-0.020376622212425755,-0.028767753234938076,-0.004764313520075891,0.020139091495807837,-0.06527177453342947,-0.2967414483324043,-0.049289469850819057,-0.211428094583114,False,False,False
10,126,near_high_low_volume_high_rsi,-1,1,-1,1,1.0,3,0.0005,0.04376284376843653,0.30744932010211373,-0.3284596289347078,-0.17179032334562572,-0.6935895254291078,-0.12817615349293932,-0.5164171894555019,0,0,-0.17854009059321635,-0.7443397699137602,-3.7216988495688006,-0.7969742483752096,-0.11367410725705662,-0.6301141318693717,-0.0805373660092199,-0.4175959275942137,-0.21602327407176825,-0.8585654079581487,-0.1312569211237915,-0.5651686348037889,-0.1655493918953923,-0.49109084622002885,-0.15536720177028407,-0.4558430476730071,-0.1915307892910404,-0.9284413930833701,-0.14411468395275284,-0.6977650106355907,False,False,False
10,126,near_high_low_volume_high_rsi,-1,1,-1,1,1.0,5,0.0005,0.06728362629292994,0.4135222285246654,-0.31600640753868847,-0.1482695408211323,-0.5875166170065562,-0.1482695408211323,-0.5875166170065562,0,0,-0.13580429067216415,-0.5832192588765042,-2.9160962943825206,-0.6878560069714675,-0.14890983149813497,-0.8223028523016918,-0.14890983149813497,-0.8223028523016918,-0.2730700366652401,-1.1235480228505392,-0.2730700366652401,-1.1235480228505392,-0.12269874984619333,-0.3441356654513166,-0.12269874984619333,-0.3441356654513166,-0.05389706446859077,-0.23788942301775828,-0.05389706446859077,-0.23788942301775828,False,False,False
10,126,near_high_low_volume_high_rsi,-1,1,-1,1,1.0,10,0.0005,0.13816845055156235,0.712485257358795,-0.3614971088349872,-0.0773847165624999,-0.2885535881724266,-0.14274178066736587,-0.4923536988970154,2,0,-0.06321041148116563,-0.41039614759057247,-2.0519807379528623,-0.3590052403245412,-0.19173022754286706,-1.0919563941450303,-0.06605316283679341,-0.3450278486866147,-0.3312514527113083,-1.3940345387257187,-0.36197408164160183,-1.5624502963993576,0.19760561346502636,0.6186957294063075,-0.10155930560903692,-0.11837755017942042,0.0653094045805358,0.2711640989638854,-0.031504911297597804,-0.1131196988952281,False,False,False
10,126,near_high_low_volume_low_rsi,-1,1,-1,-1,0.25,1,0.0005,0.2010584261148678,0.9482752982792295,-0.26077643000923156,-0.014494740999194455,-0.05276354725199206,-0.007593544779810335,-0.026489802295232567,1,1,-0.020626149545848516,-0.028565700988985365,-0.4125229909169703,-0.067244388905334,-0.010799873150713735,0.030553677863781603,-0.008474482081847423,-0.04745494110773252,-0.05784745194053742,-0.1921388926161165,-0.04990442942518292,-0.17844237496432092,-0.030452425940983296,-0.08768507984175233,0.025080418422189554,0.0729017966198533,0.03570406254883318,0.12056901862608771,0.0,0.0,False,False,False
10,126,near_high_low_volume_low_rsi,-1,1,-1,-1,0.25,2,0.0005,0.1873114027682543,0.8892425431001029,-0.23166749721119217,-0.02824176434580794,-0.11179630243111871,-0.011768378121972844,-0.042260577113861775,1,1,-0.028755920002413227,-0.09632743410987954,-0.5751184000482645,-0.13101994614100712,-0.06454428973444815,-0.37278360585637116,-0.021980390492108093,-0.11506418110533223,-0.04152953532221604,-0.1073415144704688,-0.05322788492554098,-0.18827000134952754,0.010314804195348692,0.023782106771388478,0.025927112887698556,0.07268895150213439,-0.015982304682610415,-0.08531335374929028,0.0,0.0,False,False,False
10,126,near_high_low_volume_low_rsi,-1,1,-1,-1,0.25,3,0.0005,0.1500277481587975,0.740914816923619,-0.20648298532333698,-0.06552541895526476,-0.26012402860760253,-0.021911249102578356,-0.08295169263399649,1,1,-0.05907197102273365,-0.320765486818759,-1.6038274340937948,-0.3039872706699377,-0.07072783670717975,-0.41085459118973855,-0.03759109545934303,-0.19833638691458055,-0.16013301401870605,-0.5968852598496434,-0.07536666107072931,-0.3034884866952835,0.0158600928438688,0.03725736718918249,0.026042282968977037,0.07250516573620425,-0.04741610533828755,-0.23067638244777944,0.0,0.0,False,False,False
10,126,near_high_low_volume_low_rsi,-1,1,-1,-1,0.25,5,0.0005,0.19148798155099955,0.9125368988711072,-0.21988831808861697,-0.024065185563062697,-0.08850194666011435,-0.024065185563062697,-0.08850194666011435,1,1,-0.019677716404390866,-0.10645660650961752,-0.5322830325480876,-0.11164385049526249,-0.03935543280878173,-0.21291321301923505,-0.03935543280878173,-0.21291321301923505,-0.08535084510000268,-0.3066226596768853,-0.08535084510000268,-0.3066226596768853,0.02625824209579619,0.07348931080428756,0.02625824209579619,0.07348931080428756,0.0,0.0,0.0,0.0,False,False,False
10,126,near_high_low_volume_low_rsi,-1,1,-1,-1,0.25,10,0.0005,0.25993693157597453,1.1284764074463856,-0.1967281670081954,0.04438376446191228,0.12743756191516398,-0.02097329964295369,-0.07636254880942484,3,1,0.07054939732631582,0.29367422464396514,1.4109879465263164,0.12730531136135545,-0.19365677645487944,-1.0806640371499119,-0.0679797117488058,-0.3337354916914963,0.04428447877449804,0.2030646514288168,0.013561849844204499,0.03464889375517788,0.28407279019078735,0.7010158252428172,-0.015092128883275935,-0.03605745434291063,0.0968143158781336,0.3842837978591135,0.0,0.0,True,False,False
10,126,near_high_low_volume_low_rsi,-1,1,-1,-1,0.5,1,0.0005,0.1744910547591234,0.856499808974461,-0.24425857507160087,-0.04106211235493884,-0.1445390365567606,-0.03416091613555472,-0.1182652916000011,1,1,-0.03772127368675937,-0.15587306654206484,-0.7793653327103242,-0.1904964464438158,-0.04415734209822131,-0.15614078584402658,-0.041831951029355,-0.2341494048155407,-0.15081612392281563,-0.5596396003208688,-0.14287310140746112,-0.5459430826690732,0.06426184701551985,0.18848047625179742,0.1197946913786927,0.34906735271340306,-0.031285205275297434,-0.1556053472401031,-0.06698926782413062,-0.2761743658661908,False,False,False
10,126,near_high_low_volume_low_rsi,-1,1,-1,-1,0.5,2,0.0005,0.15512509111589035,0.771282658190885,-0.21449920693996816,-0.060428075998171904,-0.22975618734033654,-0.04395468977433681,-0.1602204620230796,1,1,-0.0901598404772489,-0.39776806162255995,-1.9888403081127997,-0.28033954131694916,-0.134541651268399,-0.756912390360265,-0.09197775202605896,-0.49919296560922616,-0.15744805829718067,-0.578115279615488,-0.1691464079005056,-0.6590437664945468,0.11060061076442862,0.30901758581276495,0.12621291945677848,0.35792443054351086,-0.04577802968609879,-0.21742084362963188,-0.02979572500348837,-0.1321074898803416,False,False,False
10,126,near_high_low_volume_low_rsi,-1,1,-1,-1,0.5,3,0.0005,0.12019524706907458,0.6295449790332069,-0.22373527790251224,-0.09535792004498767,-0.37149386649801464,-0.05174375019230126,-0.1943215305244086,0,2,-0.07790367671963638,-0.4311308265401768,-2.155654132700884,-0.4423870051258769,-0.1280456026609904,-0.7192087188921026,-0.09490886141315369,-0.5066905146169446,-0.21856186295672964,-0.865386232895003,-0.1337955100087529,-0.5719894597406432,-0.006999739732748367,-0.0012944551341302901,0.00318245039235987,0.03395334341289147,-0.027761750778282357,-0.14305293418825105,0.019654354560005194,0.08762344825952839,False,False,False
10,126,near_high_low_volume_low_rsi,-1,1,-1,-1,0.5,5,0.0005,0.08023844386416656,0.4662385808678962,-0.30855465642144986,-0.13531472324989569,-0.5348002646633254,-0.13531472324989569,-0.5348002646633254,0,0,-0.11143202926211415,-0.46760644156222386,-2.338032207811119,-0.6277556718908819,-0.11604652757067502,-0.6382443633719324,-0.11604652757067502,-0.6382443633719324,-0.3137028403796276,-1.3084658692821236,-0.3137028403796276,-1.3084658692821236,-0.10681753095355329,-0.29696851975251537,-0.10681753095355329,-0.29696851975251537,-0.006816432095643643,-0.03357241775723252,-0.006816432095643643,-0.03357241775723252,False,False,False
10,126,near_high_low_volume_low_rsi,-1,1,-1,-1,0.5,10,0.0005,0.22812631163986596,1.0359533645362815,-0.19428513961516092,0.012573144525803714,0.03491451900505993,-0.052783919579062255,-0.16888559171952888,2,2,0.034704370328377365,0.16033935620077072,0.6940874065675473,0.03487828585366418,-0.2665846971590152,-1.4378370001780378,-0.14090763245294158,-0.6909084547196223,-0.07827036240849172,-0.24784165397543823,-0.10899299133878526,-0.41625741164907715,0.32768939334641733,0.9303769702861288,0.02852447427235405,0.19330369070040088,0.14767910306524645,0.5685203663769797,0.05086478718711285,0.18423656851786618,False,False,False
10,126,near_high_low_volume_low_rsi,-1,1,-1,-1,1.0,1,0.0005,0.10244058110270671,0.5709062360326462,-0.2264065449002407,-0.11311258601135554,-0.43013260949857535,-0.10621138979197142,-0.40385886454181585,0,1,-0.0866271284311898,-0.42537887390108553,-2.1268943695054277,-0.5247549248557355,-0.10000750900019084,-0.5108119460368287,-0.09768211793132453,-0.5888205650083428,-0.24607256635130748,-0.9845637484756871,-0.23812954383595297,-0.9708672308238915,-0.03439623835036354,-0.06298054650210527,0.02113660601280931,0.09760632995950036,-0.07324674786218877,-0.33994580176534245,-0.10895081041102195,-0.46051482039143016,False,False,False
10,126,near_high_low_volume_low_rsi,-1,1,-1,-1,1.0,2,0.0005,0.20423239829747764,0.9969343956367853,-0.19988204577763335,-0.011320768816584614,-0.004104449894436257,0.0051526174072504816,0.06543127542282068,2,3,0.0027636079300461525,0.05183913286507469,0.05527215860092305,-0.05251961253064823,0.010578936831655339,0.12582341086391602,0.05314283607399539,0.38354283561495495,-0.1208096413161519,-0.41755528903036465,-0.13250799091947685,-0.4984837759094234,0.06968237050847037,0.24475679426068064,0.08529467920082023,0.29366363899142656,-0.005051720971563034,-0.02214514513376664,0.010930583711047381,0.06316820861552364,False,True,False
10,126,near_high_low_volume_low_rsi,-1,1,-1,-1,1.0,3,0.0005,0.16519512785728918,0.8363903552487464,-0.21446926622562767,-0.05035803925677307,-0.1646484902824752,-0.0067438694040866665,0.012523845691130853,1,2,-0.06107169835816928,-0.3030829740649891,-1.5154148703249453,-0.23362235837678774,-0.026903534844732846,-0.1637795298082838,0.006233206403103875,0.04873867446687419,-0.16443654447068878,-0.6146086439776283,-0.07967019152271204,-0.3212118708232684,0.09720804842040276,0.3586398572627937,0.107390238545511,0.39388765580981544,-0.09523986187160571,-0.4423864183216943,-0.04782375653331816,-0.21171003587391485,False,False,False
10,126,near_high_low_volume_low_rsi,-1,1,-1,-1,1.0,5,0.0005,0.1026974392208646,0.5757919059753028,-0.34478754899288244,-0.11285572789319764,-0.42524693955591875,-0.11285572789319764,-0.42524693955591875,1,1,-0.11034948371634318,-0.587922556970718,-2.93961278485359,-0.5235633018255715,-0.20650267740724726,-1.1952860818720843,-0.20650267740724726,-1.1952860818720843,-0.2689837619746638,-1.1013622441489614,-0.2689837619746638,-1.1013622441489614,0.05485618905835299,0.27259831951291125,0.05485618905835299,0.27259831951291125,-0.014196290025439096,-0.07448286979247465,-0.014196290025439096,-0.07448286979247465,False,False,False
10,126,near_high_low_volume_low_rsi,-1,1,-1,-1,1.0,10,0.0005,0.08352418978309717,0.4814973114516198,-0.2897572938426425,-0.13202897733096508,-0.5195415340796018,-0.19738604143583105,-0.7233416448041906,1,0,-0.21853511845673235,-0.9448492834862483,-4.7242464174312415,-0.6125123518185216,-0.28784441764523594,-1.588555973637228,-0.1621673529391623,-0.8416274281788122,-0.27142647010232857,-1.1110832955909087,-0.3021490990326221,-1.2794990532645476,0.2856435081171349,0.9755970082150173,-0.013521410956928381,0.2385237286292894,-0.16564376681113613,-0.7786152713815878,-0.26245808268926973,-1.1628990692407013,False,False,False
10,126,pullback_high_volume_high_rsi,1,-1,1,1,0.25,1,0.0005,0.2162586665357089,0.9997593933726254,-0.2607764300092311,0.0007054994216466604,-0.0012794521585961505,0.007606695641030781,0.024994292798163342,1,1,-0.005134206792110407,0.027369865971453022,-0.10268413584220815,-0.0012781243847906653,-0.0023253910688663115,0.07800861897151412,0.0,0.0,-0.007943022515354503,-0.013696517651795581,0.0,0.0,-0.012042732133449974,-0.042004547510165136,0.04349011222972288,0.1185823289514405,0.022970472984701118,0.06843624959470163,-0.012733589564132064,-0.052132769031386084,False,False,False
10,126,pullback_high_volume_high_rsi,1,-1,1,1,0.25,2,0.0005,0.19447590552597238,0.9136055356074075,-0.23166749721119217,-0.02107726158808987,-0.08743330992381404,-0.0046038753642547725,-0.017897584606557104,1,0,-0.02430685043797276,-0.10505831376879388,-0.5252915688439693,-0.09778219392590326,-0.04256389924234005,-0.25771942475103893,0.0,0.0,0.011698349603324942,0.08092848687905874,0.0,0.0,-0.015612308692349863,-0.04890684473074591,0.0,0.0,-0.03300139218359566,-0.16120978280684184,-0.01701908750098524,-0.07589642905755156,False,False,False
10,126,pullback_high_volume_high_rsi,1,-1,1,1,0.25,3,0.0005,0.16326005162725843,0.7900973971327995,-0.21592743407478743,-0.05229311548680382,-0.2109414483984221,-0.008678945634117419,-0.03376911242481606,0,0,-0.05614082917912444,-0.2529574887147589,-1.2647874435737945,-0.2425996156165609,-0.03313674124783672,-0.212518204275158,0.0,0.0,-0.08476635294797674,-0.29339677315435986,0.0,0.0,-0.010182190125108237,-0.03524779854702176,0.0,0.0,-0.07914491711041216,-0.37217597441092193,-0.03172881177212461,-0.1414995919631425,False,False,False
10,126,pullback_high_volume_high_rsi,1,-1,1,1,0.25,5,0.0005,0.20106796177280484,0.9445356581155264,-0.21988831808861653,-0.014485205341257412,-0.056503187415695155,-0.014485205341257412,-0.056503187415695155,0,0,0.0,0.0,0.0,-0.06720015082679073,0.0,0.0,0.0,0.0,0.0,0.0,0.0,0.0,0.0,0.0,0.0,0.0,-0.05293284094279094,-0.2435828608543536,-0.05293284094279094,-0.2435828608543536,False,False,False
10,126,pullback_high_volume_high_rsi,1,-1,1,1,0.25,10,0.0005,0.26781731061158043,1.155129778768967,-0.19672816700819518,0.05226414349751818,0.15409093323774536,-0.013092920607347791,-0.04970917748684345,3,0,0.03905716534562542,0.16868796172508443,0.7811433069125084,0.15393102268271505,-0.12567706470607365,-0.7469285454584156,0.0,0.0,0.03072262893029354,0.16841575767363892,0.0,0.0,0.2991649190740633,0.7370732795857279,0.0,0.0,0.047391701760957305,0.16896016577652995,-0.0494226141171763,-0.21532363208258354,True,False,False
10,126,pullback_high_volume_high_rsi,1,-1,1,1,0.5,1,0.0005,0.2064666841670859,0.960613715302085,-0.22555247358547736,-0.009086482946976338,-0.04042513022913663,-0.002185286727592217,-0.014151385272377137,2,2,-0.020482484640099385,-0.0922940580672868,-0.461470290336434,-0.04215425395335587,-0.15219727692735363,-0.8508054946789996,-0.14987188585848732,-0.9288141136505137,-0.07157891422241813,-0.2727406881165211,-0.06363589170706363,-0.2590441704647255,0.030613944942219362,0.08815257198194748,0.08614678930539221,0.2487394484435531,0.1689954054843248,0.6339492720774612,0.1332913429354916,0.5133802534513735,False,False,False
10,126,pullback_high_volume_high_rsi,1,-1,1,1,0.5,2,0.0005,0.2503825716125867,1.1143240999449338,-0.18354386448323523,0.03482940449852445,0.11328525441371218,0.05130279072235955,0.1828209797309691,3,3,0.0685884410086286,0.21123222652172352,1.0561611326086175,0.11316769066398723,-0.14146103031040091,-0.8069715102285376,-0.09889713106806086,-0.5492520854774987,0.03266839622226381,0.13393208113564947,0.020970046618938865,0.053003594256590736,0.10450848579499339,0.28853237190779757,0.12012079448734325,0.3374392166385435,0.16302173031792733,0.6265970070426298,0.17900403500053774,0.71191036079192,True,True,False
10,126,pullback_high_volume_high_rsi,1,-1,1,1,0.5,3,0.0005,0.17223962905103019,0.8285217310039996,-0.2064829853233372,-0.043313538063032064,-0.17251711452722196,0.00030063178965433757,0.0046552214463840835,1,2,-0.04070064821452135,-0.1038406611364529,-0.814012964290427,-0.20094132061679357,-0.17373006641610034,-0.9837713436638467,-0.14059332516826362,-0.7712531393886887,-0.02847563971495215,-0.0613082125309623,0.05629071323302459,0.23208856062339756,-0.05292565671409055,-0.1463731097419435,-0.042743466588982315,-0.11112531119492175,0.09276936380693823,0.33959806590833697,0.14018546914522578,0.5702744483561164,False,False,False
10,126,pullback_high_volume_high_rsi,1,-1,1,1,0.5,5,0.0005,0.1717721811054933,0.8302482895010221,-0.206657286407384,-0.043780986008568945,-0.17079055603019944,-0.043780986008568945,-0.17079055603019944,1,1,-0.061273273355129665,-0.2044070463435227,-1.2254654671025933,-0.2031099175889249,-0.0985811853398113,-0.5645801339561248,-0.0985811853398113,-0.5645801339561248,-0.08025400498053381,-0.292719140923716,-0.08025400498053381,-0.292719140923716,-0.04229254172972552,-0.1160949517633294,-0.04229254172972552,-0.1160949517633294,0.04356490516326916,0.1783511551557997,0.04356490516326916,0.1783511551557997,False,False,False
10,126,pullback_high_volume_high_rsi,1,-1,1,1,0.5,10,0.0005,0.20729569426136996,0.9359299620728068,-0.2469031666504944,-0.008257472852692294,-0.06510888345841481,-0.07361453695755826,-0.2689089941830036,2,1,-0.05219446569551922,-0.2405057335338211,-1.2025286676691054,-0.06504131557838144,-0.1797193476444845,-1.0083776067787404,-0.054042282938410846,-0.26144906132032486,-0.19751123056902653,-0.7631155780334347,-0.22823385949932007,-0.9315313357070736,0.32920021692654977,0.8054460723137536,0.030035297852486487,0.06837279272802577,0.07533041625344605,0.28210411096579247,-0.021483899624687552,-0.10217968689332102,False,False,False
10,126,pullback_high_volume_high_rsi,1,-1,1,1,1.0,1,0.0005,0.07149870702031347,0.42071008479564825,-0.2616854216037865,-0.14405446009374878,-0.5803287607355734,-0.13715326387436466,-0.5540550157788138,0,1,-0.1665772736094926,-0.8015246143558235,-4.007623071779117,-0.6683012920776099,-0.18696861644502483,-1.065166133615928,-0.18464322537615852,-1.143174752587442,-0.14618593077396036,-0.5858111681916744,-0.13824290825860586,-0.5721146505398789,-0.010655482619558176,-0.03352861054795997,0.044877361743614674,0.12705826591364566,-0.21224483020990148,-1.0172380605199725,-0.24794889275873466,-1.13780707914606,False,False,False
10,126,pullback_high_volume_high_rsi,1,-1,1,1,1.0,2,0.0005,0.12012094766960901,0.6075193455569668,-0.2429389377512181,-0.09543221944445324,-0.3935194999742547,-0.07895883322061814,-0.3239837746569978,2,2,-0.027520005426268312,-0.13022126287291885,-0.6511063143645942,-0.44273169688086406,-0.32463196807659955,-1.8082127077333232,-0.2820680688342595,-1.5504932829822842,-0.07613787237724434,-0.3037154122099708,-0.08783622198056928,-0.3846438990890295,0.04300069748238555,0.12042121656372762,0.058613006174735416,0.16932806129447353,0.021097861524707717,0.043272886464133076,0.03708016620731813,0.12858624021342335,False,False,False
10,126,pullback_high_volume_high_rsi,1,-1,1,1,1.0,3,0.0005,0.033394119862857785,0.25916215765729855,-0.2466704742849083,-0.18215904725120446,-0.741876687873923,-0.13854487739851806,-0.564704351900317,0,0,-0.16009578016405912,-0.7070785127203001,-3.5353925636015004,-0.8450771087710953,-0.2801262865196069,-1.5888746386118069,-0.2469895452717702,-1.3763564343366488,-0.13107722187789506,-0.5066698062574725,-0.046310868929918314,-0.21327303310311263,-0.10957823250206977,-0.32388406265132663,-0.09939604237696154,-0.2886362641043049,-0.18911433845022319,-0.9074872191831276,-0.14169823311193563,-0.6768108367353481,False,False,False
10,126,pullback_high_volume_high_rsi,1,-1,1,1,1.0,5,0.0005,0.11688644273767923,0.597524625783156,-0.23795547809406048,-0.09866672437638302,-0.40351421974806556,-0.09866672437638302,-0.40351421974806556,1,1,-0.0797058859441917,-0.23458958873616956,-1.594117718883834,-0.45773729840013194,-0.2380611852529989,-1.2775341790394095,-0.2380611852529989,-1.2775341790394095,-7.881866178616193e-06,0.0008692884364709386,-7.881866178616193e-06,0.0008692884364709386,-0.15940389002220479,-0.47004846590881005,-0.15940389002220479,-0.47004846590881005,0.026694048833822315,0.07818551242080585,0.026694048833822315,0.07818551242080585,False,False,False
10,126,pullback_high_volume_high_rsi,1,-1,1,1,1.0,10,0.0005,0.01058535398725624,0.16402142475396275,-0.3181379496202805,-0.204967813126806,-0.8370174207772588,-0.270324877231672,-1.0408175315018475,1,0,-0.2284749524237341,-1.1433277093579182,-5.71663854678959,-0.9508921435533587,-0.28730704021368625,-1.5547336432633632,-0.1616299755076126,-0.8078050978049476,-0.3583182052707681,-1.5133065861118742,-0.3890408342010616,-1.681722343785513,0.024465289946004054,0.07098323709709298,-0.27469962912805923,-0.6660900424886349,-0.16964286463378198,-0.7733488326039623,-0.2664571805119156,-1.1576326304630757,False,False,False
10,126,pullback_high_volume_low_rsi,1,-1,1,-1,0.25,1,0.0005,0.21758703261967005,1.0026520320545513,-0.2607764300092318,0.0020338655056078014,0.001613186523329757,0.008935061724991922,0.02788693148008925,2,3,-0.00841765646486281,0.03081042229873071,-0.1683531292972562,0.0016115124108632237,0.005683315668759459,0.13331937844599562,0.00800870673762577,0.0553107594744815,-0.03822827519946581,-0.1475612749718347,-0.030285252684111308,-0.1338647573200391,-0.02251862859848508,-0.0716985338485342,0.03301421576468777,0.08888834261307144,0.05771644387514829,0.21165218520249462,0.02201238132631511,0.09108316657640692,False,True,False
10,126,pullback_high_volume_low_rsi,1,-1,1,-1,0.25,2,0.0005,0.18831131601123774,0.8889436481984038,-0.23166749721119217,-0.02724185110282451,-0.11209519733281781,-0.010768464878989414,-0.04255947201556087,0,0,-0.020858416633241283,-0.08545242868797409,-0.42726214343987046,-0.12638112196425857,-0.04901572004286714,-0.28791901316094204,-0.006451820800527086,-0.03019958840990311,-0.018214569997820673,-0.05349958922311138,-0.029912919601145616,-0.1344280761021701,-0.016613649551364018,-0.05179872207568181,-0.0010013408590141548,-0.0028918773449359003,-0.023502263268661894,-0.1174052681528368,-0.007519958586051478,-0.03209191440354653,False,False,False
10,126,pullback_high_volume_low_rsi,1,-1,1,-1,0.25,3,0.0005,0.14672252947654418,0.7249107187256667,-0.20648298532333698,-0.06883063763751807,-0.2761281268055549,-0.025216467784831664,-0.09895579083194883,0,0,-0.0565150470810073,-0.3022630598550705,-1.5113152992753525,-0.3193209293050916,-0.058874604154408816,-0.3447432516727521,-0.025737862906572095,-0.1322250473975941,-0.1299159093390816,-0.4962144962776396,-0.04514955639110485,-0.20281772312327973,-0.03542400175099192,-0.1047119006154188,-0.02524181162588368,-0.06946410206839704,-0.05415549000760578,-0.25978286803738887,-0.006739384669318227,-0.029106485589609432,False,False,False
10,126,pullback_high_volume_low_rsi,1,-1,1,-1,0.25,5,0.0005,0.1914071427425983,0.9046204034216088,-0.21988831808861664,-0.02414602437146396,-0.09641844210961281,-0.02414602437146396,-0.09641844210961281,1,1,-0.0238482037193265,-0.1114358866058669,-0.5571794330293345,-0.11201888005053914,-0.04593372635520887,-0.24894554829271076,-0.04593372635520887,-0.24894554829271076,-0.01375923893429487,-0.06453957503915664,-0.01375923893429487,-0.06453957503915664,0.0003018530148819476,0.0003017988403326566,0.0003018530148819476,0.0003017988403326566,-0.03393716850435813,-0.15833219817257715,-0.03393716850435813,-0.15833219817257715,False,False,False
10,126,pullback_high_volume_low_rsi,1,-1,1,-1,0.25,10,0.0005,0.2861271796386329,1.2141991259373004,-0.19672816700819518,0.07057401252457063,0.21316028040607882,0.005216948419704659,0.009360169681490005,3,2,0.07190393385660698,0.2850066010503561,1.4250330052517803,0.21293906960519698,-0.12567706470607365,-0.7469285454584156,0.0,0.0,0.03072262893029354,0.16841575767363892,0.0,0.0,0.30392842343749993,0.7549748901573236,0.004763504363436644,0.017901610571595672,0.11308523878292043,0.40159744442707324,0.016270922904786822,0.01731364656795975,True,False,False
10,126,pullback_high_volume_low_rsi,1,-1,1,-1,0.5,1,0.0005,0.16902442227175674,0.8150068476596802,-0.22555247358547725,-0.046528744842305514,-0.18603199787154134,-0.039627548622921394,-0.15975825291478185,2,1,-0.042992699533937695,-0.1858529605392344,-0.929264802696172,-0.21585739363172676,-0.1317928665591397,-0.7203507599825685,-0.12946747549027338,-0.7983593789540826,-0.09700002510391248,-0.4052441950087664,-0.08905700258855798,-0.3915476773569708,0.01101462603603709,0.033538273930297624,0.06654747039920994,0.19412515039190326,0.03385774332175817,0.11792344508290287,-0.0018463192270750106,-0.0026455735431848426,False,False,False
10,126,pullback_high_volume_low_rsi,1,-1,1,-1,0.5,2,0.0005,0.1497203983809332,0.7328272392073805,-0.2038854783397983,-0.06583276873312904,-0.2682116063238411,-0.04935938250929395,-0.19867588100658418,1,1,-0.07622356951735587,-0.3326731344636346,-1.663365672318173,-0.3054131359540309,-0.21732793431513964,-1.231775717731785,-0.17476403507279958,-0.9740562929807459,-0.06713894794187092,-0.2661117735775038,-0.07883729754519586,-0.34704026045656255,0.14391440740095796,0.38511982253489674,0.15952671609330782,0.43402666726564265,-0.08530819109284082,-0.3992344953497654,-0.06932588641023041,-0.31392114160047513,False,False,False
10,126,pullback_high_volume_low_rsi,1,-1,1,-1,0.5,3,0.0005,0.11826846630157539,0.610776679895524,-0.242655584603641,-0.09728470081248686,-0.3902621656356976,-0.053670530959800455,-0.21308982966209156,1,2,-0.09762231920243025,-0.41098256033014974,-2.0549128016507487,-0.4513257778346983,-0.20012406345678235,-1.1319651941671574,-0.16698732220894563,-0.9194469898919994,-0.0801953280855432,-0.2871984969814687,0.004571024862433548,0.006198276172891148,0.026518997926496812,0.08832135800291763,0.03670118805160505,0.12356915654993939,-0.11504931031931731,-0.5347666236788308,-0.06763320498102976,-0.30409024123105133,False,False,False
10,126,pullback_high_volume_low_rsi,1,-1,1,-1,0.5,5,0.0005,0.1792307146286949,0.856602560533599,-0.20665728640738357,-0.03632245248536736,-0.14443628499762262,-0.03632245248536736,-0.14443628499762262,1,1,-0.03225729794184107,-0.1453345005981171,-0.7266725029905854,-0.1685080900070791,-0.11441949289639974,-0.6660004031433859,-0.11441949289639974,-0.6660004031433859,-0.04579407506506672,-0.1881502736568521,-0.04579407506506672,-0.1881502736568521,0.04026713196647558,0.147151731548525,0.04026713196647558,0.147151731548525,-0.018720520818615416,-0.10251872753938207,-0.018720520818615416,-0.10251872753938207,False,False,False
10,126,pullback_high_volume_low_rsi,1,-1,1,-1,0.5,10,0.0005,0.16711356299303337,0.7774813713357885,-0.3109424097513348,-0.04843960412102888,-0.22355747419543304,-0.11379666822589485,-0.42735758492002185,1,0,-0.06212290192324088,-0.31171437569067656,-1.5585718784533826,-0.2247223029453172,-0.2480211653052008,-1.3555929118756083,-0.12234410059912715,-0.6086643664171927,-0.0463259353026515,-0.24867227788954538,-0.07704856423294504,-0.4170880355631843,0.24250298670182047,0.6734423545273488,-0.05666193237224282,-0.06363092505837908,-0.07791986854383026,-0.37475647349180774,-0.17473418442196387,-0.7590402713509212,False,False,False
10,126,pullback_high_volume_low_rsi,1,-1,1,-1,1.0,1,0.0005,0.03399649897290802,0.2627624677283787,-0.28647868867347603,-0.18155666814115423,-0.7382763778028429,-0.1746554719217701,-0.7120026328460833,0,0,-0.1833937958876824,-0.7703036181182995,-3.8515180905914974,-0.8422825355429902,-0.20021953747452315,-1.1391123609017713,-0.19789414640565683,-1.2171209798732854,-0.22590131413395032,-0.9004511733215608,-0.2179582916185958,-0.8867546556697652,-0.16656805430084165,-0.4943425500033654,-0.1110352099376688,-0.3337556735417598,-0.1372675601045742,-0.6401560629150382,-0.17297162265340738,-0.760725081541126,False,False,False
10,126,pullback_high_volume_low_rsi,1,-1,1,-1,1.0,2,0.0005,0.0748192075947951,0.4382168067574208,-0.27040573846944693,-0.14073395951926715,-0.5628220387738008,-0.12426057329543205,-0.49328631345654383,0,0,-0.13144231738328727,-0.5487729152800521,-2.7438645764002603,-0.6528967372805814,-0.253913806724532,-1.4202670381356652,-0.21134990748219196,-1.1625476133846262,-0.22704403810264706,-0.9090974082233994,-0.238742387705972,-0.9900258951024581,-0.03568714114464533,-0.05236450772107493,-0.020074832452295466,-0.0034576629903290135,-0.03584059666392747,-0.1884484223367049,-0.019858291981317056,-0.10313506858741461,False,False,False
10,126,pullback_high_volume_low_rsi,1,-1,1,-1,1.0,3,0.0005,0.023122049947085443,0.21441521372651054,-0.29062757591417443,-0.1924311171669768,-0.7866236318047111,-0.1488169473142904,-0.609451295831105,1,1,-0.2298062372580692,-0.9819871471848245,-4.9099357359241225,-0.8927315694004618,-0.2635352322790224,-1.4817627592326197,-0.2303984910311857,-1.2692445549574616,-0.32716706807989415,-1.369221506611252,-0.2424007151319174,-1.0758247334568922,-0.19607724223711598,-0.5947527877583969,-0.18589505211200774,-0.5595049892113753,0.024496825496645336,0.06833803801600391,0.07191293083493289,0.29901442046378335,False,False,False
10,126,pullback_high_volume_low_rsi,1,-1,1,-1,1.0,5,0.0005,0.10679989121322442,0.5629510226388492,-0.3025979077037241,-0.10875327590083783,-0.43808782289237236,-0.10875327590083783,-0.43808782289237236,1,1,-0.12914474218602778,-0.4315537743582566,-2.5828948437205557,-0.5045310971621674,-0.22882288286733332,-1.24563123141763,-0.22882288286733332,-1.24563123141763,-0.1615367387757385,-0.5955938138091852,-0.1615367387757385,-0.5955938138091852,-0.09675274559631708,-0.267513734907328,-0.09675274559631708,-0.267513734907328,0.06085856475668128,0.21423954639420095,0.06085856475668128,0.21423954639420095,False,False,False
10,126,pullback_high_volume_low_rsi,1,-1,1,-1,1.0,10,0.0005,0.18621886715577118,0.8703243169710257,-0.27526783155720724,-0.029334299958291066,-0.13071452856019583,-0.09469136406315704,-0.33451463928478464,2,0,-0.027454343901185507,-0.1674267612295956,-0.8371338061479779,-0.13608846648385597,-0.1505440739592392,-0.8689632316888389,-0.02486700925316554,-0.12203468623042335,0.04989322283394748,0.15379566148754664,0.019170593903653943,-0.01462009618609228,0.127593474735187,0.4740060117948043,-0.17157144433887628,-0.2630672677909236,-0.1048019106363185,-0.48864918394673784,-0.2016162265144521,-0.8729329818058513,False,False,False
10,126,pullback_low_volume_high_rsi,1,-1,-1,1,0.25,1,0.0005,0.21476484640354476,0.998097564612486,-0.26077643000923156,-0.0007883207105174872,-0.002941280918735578,0.006112875508866633,0.023332464038023915,2,3,-0.00449796428802407,0.02138203639825431,-0.0899592857604814,-0.003657198458607379,-0.017527319841842193,-0.011534875563880442,-0.015201928772975881,-0.08954349453539456,0.008531391265794053,0.054298948360389065,0.016474413781148556,0.06799546601218465,-0.04680242978772364,-0.13597904079399414,0.008730414575449208,0.02460783566761149,0.05121397539682504,0.18368976205612175,0.015509912847991858,0.06312074343003404,False,True,False
10,126,pullback_low_volume_high_rsi,1,-1,-1,1,0.25,2,0.0005,0.2048755053277267,0.954555753678483,-0.23166749721119217,-0.010677661786335557,-0.04648309185273858,0.005795724437499539,0.023052633464518357,1,2,-0.010469777397511648,-0.04376209251929808,-0.2188104625964904,-0.04953609324926021,-0.042655050855018084,-0.25738885623592644,-9.115161267803096e-05,0.00033056851511248375,0.024814390516741947,0.13860298395281867,0.013116040913417004,0.057674497073759934,-0.015612308692349863,-0.04890684473074591,0.0,0.0,-0.005327246102673433,-0.038617340307850245,0.010655058579936982,0.04669601344144003,False,False,False
10,126,pullback_low_volume_high_rsi,1,-1,-1,1,0.25,3,0.0005,0.1717840053656754,0.8241093648215351,-0.20648298532333753,-0.04376916174838685,-0.1769294807096865,-0.00015499189570045147,0.00024285526391953915,0,1,-0.04079982436260732,-0.22377220107482557,-1.1188610053741277,-0.20305506216582722,-0.03313674124783672,-0.212518204275158,0.0,0.0,-0.08422833351011749,-0.28579035232332917,0.0005380194378592495,0.007606420831030691,-0.010182190125108237,-0.03524779854702176,0.0,0.0,-0.048462907477377914,-0.23502619787449314,-0.0010468021390903637,-0.004349815426713699,False,False,False
10,126,pullback_low_volume_high_rsi,1,-1,-1,1,0.25,5,0.0005,0.2161890948958105,1.0043833905091952,-0.21988831808861653,0.0006359277817482578,0.0033445449779736514,0.0006359277817482578,0.0033445449779736514,1,1,0.0,0.0,0.0,0.0029502131203284518,0.0,0.0,0.0,0.0,0.010362941421311778,0.04232392843778565,0.010362941421311778,0.04232392843778565,0.0,0.0,0.0,0.0,-0.006504117945899335,-0.02795666940284447,-0.006504117945899335,-0.02795666940284447,False,False,False
10,126,pullback_low_volume_high_rsi,1,-1,-1,1,0.25,10,0.0005,0.2797675423907844,1.2013355825187437,-0.19672816700819518,0.06421437527672214,0.20029673698752215,-0.001142688828143834,-0.0035033737370666618,3,0,0.06158131351030116,0.26861035422897267,1.2316262702060232,0.20008887555330646,-0.12567706470607365,-0.7469285454584156,0.0,0.0,0.03072262893029354,0.16841575767363892,0.0,0.0,0.2991649190740633,0.7370732795857279,0.0,0.0,0.09243999809030878,0.3688049507843064,-0.004374317787824822,-0.015478847074807067,True,False,False
10,126,pullback_low_volume_high_rsi,1,-1,-1,1,0.5,1,0.0005,0.20079323197135368,0.9499451225916191,-0.26818726071301124,-0.014759935142708569,-0.05109372293960246,-0.007858738923324449,-0.024819977982842967,1,1,-0.07716122075171938,-0.28233399664560876,-1.5432244150343877,-0.06847468464658742,-0.07208273672833299,-0.38376639171715077,-0.06975734565946667,-0.4617750106886649,-0.09070608635889643,-0.33303074912317476,-0.08276306384354193,-0.3193342314713792,-0.08223970477510578,-0.23163724416804277,-0.02670686041193293,-0.07105036770643713,0.18831313514191717,0.7429324987594214,0.15260907259308398,0.6223634801333336,False,False,False
10,126,pullback_low_volume_high_rsi,1,-1,-1,1,0.5,2,0.0005,0.25155610087509217,1.1252491757373173,-0.25719174611086904,0.03600293376102992,0.12421033020609573,0.052476319984865016,0.19374605552335267,3,3,0.04161591496074524,0.15311045696524422,0.7655522848262211,0.12408142876831219,-0.10830842432602727,-0.6336394889970457,-0.06574452508368722,-0.37592006424600677,0.022823393368141875,0.12625955020106017,0.011125043764816933,0.04533106332200143,0.0604084365533486,0.17996136372942828,0.07602074524569846,0.2288682084601742,0.18006947098653137,0.686853312374878,0.19605177566914178,0.7721666661241683,True,True,False
10,126,pullback_low_volume_high_rsi,1,-1,-1,1,0.5,3,0.0005,0.1840287701681349,0.8903628196865044,-0.22038460905026502,-0.03152439694592735,-0.11067602584471714,0.012089772906759055,0.0664963101288889,1,2,-0.06005989087462127,-0.14878974977779236,-1.2011978174924254,-0.14624882282173046,-0.11154427758569563,-0.651978193784577,-0.07840753633785891,-0.439459989509419,-0.057841085641616274,-0.14536438428243792,0.026925267306360468,0.14803238887192194,-0.062278696107626264,-0.1522151152731468,-0.05209650598251803,-0.11696731672612504,0.106764140551447,0.4135733519151724,0.15418024588973456,0.6442497343629519,False,False,False
10,126,pullback_low_volume_high_rsi,1,-1,-1,1,0.5,5,0.0005,0.1567890812028867,0.7677938978640174,-0.21988831808861664,-0.058764085911175545,-0.23324494766720416,-0.058764085911175545,-0.23324494766720416,2,2,-0.0522993532411834,-0.19751074320740553,-1.045987064823668,-0.2726199141396976,-0.14405000615473207,-0.8206524559915775,-0.14405000615473207,-0.8206524559915775,-0.12003721013641466,-0.4379492069672186,-0.12003721013641466,-0.4379492069672186,0.01690385499997671,0.04292772055240757,0.01690385499997671,0.04292772055240757,0.015438503654047864,0.05967670214519927,0.015438503654047864,0.05967670214519927,False,False,False
10,126,pullback_low_volume_high_rsi,1,-1,-1,1,0.5,10,0.0005,0.248825282060408,1.1114903923876875,-0.19324565700489926,0.03327211494634574,0.11045154685646597,-0.032084949158520226,-0.09334856386812285,2,2,0.026283652366452026,0.08491303643043874,0.4245651821521937,0.11033692383620998,-0.21038854044732402,-1.1817015413498049,-0.08471147574125037,-0.4347729958913892,-0.07517117299918996,-0.274254901824021,-0.1058938019294835,-0.44267065949765994,0.36035301195365665,0.9931335028854956,0.06118809287959337,0.25606022329976774,0.127738477732094,0.4440809746848985,0.030924161853960408,0.059797176825785,False,False,False
10,126,pullback_low_volume_high_rsi,1,-1,-1,1,1.0,1,0.0005,0.08864766144426284,0.49678998207066793,-0.2661788964780566,-0.1269055056697994,-0.5042488634605536,-0.12000430945041529,-0.47797511850379415,1,1,-0.12109471745645817,-0.426589858868499,-2.4218943491291633,-0.5887434054849494,-0.2785176384979767,-1.5720171315157923,-0.2761922474291104,-1.6500257504873064,-0.19215916743271388,-0.7387058488402012,-0.18421614491735938,-0.7250093311884056,-0.05003026748020245,-0.11447386889679678,0.0055025768829704,0.04611300756480885,0.030024333248660273,0.09255050734462467,-0.005679729300172909,-0.028018511281463043,False,False,False
10,126,pullback_low_volume_high_rsi,1,-1,-1,1,1.0,2,0.0005,0.09200696669612318,0.5108752515255561,-0.23042685735061585,-0.12354620041793907,-0.49016359400566545,-0.10707281419410397,-0.4206278686884085,1,1,-0.0857975251207076,-0.34366419409830207,-1.7183209704915103,-0.5731588269940069,-0.3340402057285463,-1.885958281148676,-0.29147630648620626,-1.628238856397637,-0.08820080550104059,-0.296701743927273,-0.09989915510436553,-0.37763023080633173,0.060742962582251314,0.22129415195973634,0.07635527127460118,0.27020099669048225,-0.0833942447403746,-0.39062664426933114,-0.06741194005776419,-0.30531329052004086,False,False,False
10,126,pullback_low_volume_high_rsi,1,-1,-1,1,1.0,3,0.0005,0.12037197898097518,0.6244716363310026,-0.2581656101240627,-0.09518118813308707,-0.376567209200219,-0.05156701828040067,-0.19939487322661298,1,2,-0.08674953709601452,-0.34428159840846795,-1.7349907419202903,-0.4415671057281238,-0.2671042247282247,-1.4992842439944114,-0.23396748348038798,-1.2867660397192533,-0.1379155922884836,-0.5016994344893032,-0.05314923934050686,-0.20830266133494335,0.09224851464581985,0.2979133782059936,0.10243070477092808,0.3331611767530154,-0.03558348190354543,-0.1868637623276327,0.011832623434742118,0.04381262012014675,False,False,False
10,126,pullback_low_volume_high_rsi,1,-1,-1,1,1.0,5,0.0005,0.13869340251621298,0.6925998819235932,-0.2800314275911703,-0.07685976459784927,-0.30843896360762835,-0.07685976459784927,-0.30843896360762835,1,1,-0.1251993218963362,-0.6193696555245527,-3.0968482776227635,-0.3565698691737529,-0.1520390670500702,-0.8664008085210867,-0.1520390670500702,-0.8664008085210867,-0.0983595767426022,-0.3723385025280186,-0.0983595767426022,-0.3723385025280186,0.22785217440302463,0.6164579637217343,0.22785217440302463,0.6164579637217343,-0.21868902903012521,-1.0387992080107402,-0.21868902903012521,-1.0387992080107402,False,False,False
10,126,pullback_low_volume_high_rsi,1,-1,-1,1,1.0,10,0.0005,0.15200693323843018,0.7465532594226563,-0.21612766309506126,-0.06354623387563207,-0.2544855861085653,-0.12890329798049804,-0.4582856968331541,1,1,-0.12693967717779497,-0.554046708173503,-2.770233540867515,-0.2948053824790517,-0.2291944139748634,-1.276411243155049,-0.10351734926878975,-0.5294826976966334,-0.13310842625227126,-0.5469391308903807,-0.1638310551825648,-0.7153548885640196,0.3036456402712375,0.9213420281585903,0.004480721197174242,0.18426874857286246,-0.12077092810331869,-0.5611542854566252,-0.2175852439814523,-0.9454380833157386,False,False,False
10,126,pullback_low_volume_low_rsi,1,-1,-1,-1,0.25,1,0.0005,0.19662497536434986,0.920139916893411,-0.26077643000923145,-0.018928191749712386,-0.08089892863781056,-0.012026995530328266,-0.05462518368105107,2,2,-0.020508603297839434,-0.018106162397358294,-0.4101720659567887,-0.08781217183274478,0.028657446997725655,0.1669370860176631,0.030982838066591967,0.08892846704614898,-0.1069681369396216,-0.41302274968458397,-0.09902511442426709,-0.3993262320327884,-0.06967465359340452,-0.2031494108123797,-0.014141809230231672,-0.04256253435077406,0.06533720885071337,0.24353974229720143,0.029633146301880187,0.12297072367111372,False,False,False
10,126,pullback_low_volume_low_rsi,1,-1,-1,-1,0.25,2,0.0005,0.1881990316166151,0.8821077353921973,-0.2316674972111924,-0.02735413549744714,-0.11893111013902424,-0.010880749273612045,-0.04939538482176731,0,1,-0.033337433721976506,-0.1128810672672847,-0.6667486744395301,-0.12690203472154232,-0.03820978472954306,-0.27409821633883547,0.004354114512796992,-0.016378791587796537,-0.02846508271440995,-0.0997198857139927,-0.04016343231773489,-0.18064837259305144,-0.0428676199522775,-0.12604224882057669,-0.02725531125992764,-0.07713540408983077,-0.0013457758242430007,-0.02032303241307476,0.014636528858367415,0.06499032133621552,False,False,False
10,126,pullback_low_volume_low_rsi,1,-1,-1,-1,0.25,3,0.0005,0.13951803656893902,0.6923811085582394,-0.2064829853233373,-0.07603513054512323,-0.30865773697298216,-0.03242096069243683,-0.1314854009993761,0,1,-0.041882815618580205,-0.21875671844879174,-1.0937835922439587,-0.35274420488977754,-0.0403693604571409,-0.2980791783019231,-0.007232619209304181,-0.0855609740267651,-0.1989073927104501,-0.7864358854933693,-0.11414103976247336,-0.49303911233900943,-0.04339627078001951,-0.12615987614929136,-0.03321408065491127,-0.0909120776022696,-0.02665546695332721,-0.1394342585956604,0.02076063838496034,0.09124212385211905,False,False,False
10,126,pullback_low_volume_low_rsi,1,-1,-1,-1,0.25,5,0.0005,0.15395796164843367,0.7622189997940996,-0.21988831808861653,-0.06159520546562858,-0.238819845737122,-0.06159520546562858,-0.238819845737122,1,1,-0.07461882784603802,-0.25880302574543224,-1.4923765569207603,-0.28575411946062856,-0.1027175092531245,-0.5815245030546852,-0.1027175092531245,-0.5815245030546852,-0.046520146438951526,-0.19195726473974428,-0.046520146438951526,-0.19195726473974428,-0.11311210849109044,-0.3256487867511202,-0.11311210849109044,-0.3256487867511202,0.01630359436346196,0.06747622144252119,0.01630359436346196,0.06747622144252119,False,False,False
10,126,pullback_low_volume_low_rsi,1,-1,-1,-1,0.25,10,0.0005,0.2537073318266543,1.095774075833237,-0.19672816700819518,0.03815416471259203,0.09473523030201547,-0.027202899392273938,-0.10906488042257334,2,0,0.014409272610285129,0.06826156345968809,0.2881854522057026,0.09463691716353155,-0.13466028295331123,-0.7943395630589467,-0.008983218247237579,-0.047411017600531014,-0.06362145286973853,-0.23228182386493024,-0.09434408180003206,-0.40069758153856916,0.2976379387947583,0.7184165144890694,-0.0015269802793049791,-0.01865676509665848,0.09243999809030878,0.3688049507843064,-0.004374317787824822,-0.015478847074807067,False,False,False
10,126,pullback_low_volume_low_rsi,1,-1,-1,-1,0.5,1,0.0005,0.1553829043624586,0.7633247004579305,-0.24218808086082033,-0.06017026275160364,-0.23771414507329103,-0.05326906653221952,-0.21144040011653153,1,1,-0.08064717754887074,-0.2617465480307148,-1.6129435509774148,-0.27914348722959803,-0.14901616552664465,-0.8491633315341649,-0.14669077445777834,-0.927171950505679,-0.07323768099568029,-0.2777298975027003,-0.06529465848032578,-0.2640333798509047,-0.0880566741020612,-0.2457631985587293,-0.032523829738888343,-0.08517632209712367,0.07259622467097815,0.2869073573556128,0.03689216212214497,0.16633833872952508,False,False,False
10,126,pullback_low_volume_low_rsi,1,-1,-1,-1,0.5,2,0.0005,0.24663297122457983,1.0981907420890302,-0.21014548861956273,0.031079804110517584,0.09715189655780865,0.04755319033435268,0.16668762187506558,3,2,0.04536249773530854,0.16786528853348637,0.8393264426674318,0.09705107548174419,-0.15615474410822627,-0.8894379481811042,-0.11359084486588622,-0.6317185234300653,0.016985975059083502,0.06278258367990319,0.00528762545575856,-0.018145903199155544,0.22383721117681366,0.6044859448752423,0.23944951986916352,0.6533927896059882,0.07373902041153357,0.27294799338706954,0.08972132509414399,0.3582613471363598,True,False,False
10,126,pullback_low_volume_low_rsi,1,-1,-1,-1,0.5,3,0.0005,0.14015055964287715,0.6951225890900006,-0.22876692717698,-0.0754026074711851,-0.305916256441221,-0.0317884376184987,-0.12874392046761496,1,2,-0.05997357124391389,-0.2600835754527734,-1.3004178772638668,-0.34980978698069887,-0.1752982132534997,-0.9880958880322928,-0.14216147200566298,-0.7755776837571347,-0.052783237041627906,-0.20013136315806856,0.031983115906348836,0.09326540999629129,0.0074566315782662596,0.06244534018735748,0.017638821703374497,0.09769313873437924,-0.06716390544619988,-0.32003578774747826,-0.019747800107912328,-0.08935940529969882,False,False,False
10,126,pullback_low_volume_low_rsi,1,-1,-1,-1,0.5,5,0.0005,0.16461525836143087,0.7935255233804663,-0.27529389698159257,-0.05093790875263138,-0.20751332215075524,-0.05093790875263138,-0.20751332215075524,0,0,-0.03348330714104275,-0.1960400720832401,-0.9802003604162004,-0.2363125044025776,-0.03509875918962568,-0.23805466714621348,-0.03509875918962568,-0.23805466714621348,-0.12398934157977393,-0.49306544667423546,-0.12398934157977393,-0.49306544667423546,-0.01652603633356864,-0.046743018171450545,-0.01652603633356864,-0.046743018171450545,-0.03186785509245982,-0.1540254770202667,-0.03186785509245982,-0.1540254770202667,False,False,False
10,126,pullback_low_volume_low_rsi,1,-1,-1,-1,0.5,10,0.0005,0.13929915431443707,0.6959853936305703,-0.25336367082088407,-0.07625401279962518,-0.30505345190065125,-0.14161107690449115,-0.5088535626252401,1,1,-0.14521999690810627,-0.608068381702916,-3.0403419085145797,-0.35375964928074827,-0.2622259690038158,-1.4157834742164752,-0.13654890429774214,-0.6688549287580596,-0.26063620048695024,-1.0601049775697489,-0.2913588294172438,-1.2285207352433878,0.333753490508103,0.9679540828721099,0.034588571434039705,0.23088080328638205,-0.029803793329262307,-0.15603178583608313,-0.1266181092073959,-0.5403155836951966,False,False,False
10,126,pullback_low_volume_low_rsi,1,-1,-1,-1,1.0,1,0.0005,0.04630283452084738,0.3179354884047274,-0.33454586043883006,-0.16925033259321487,-0.6831033571264942,-0.16234913637383075,-0.6568296121697347,0,1,-0.16467619437943226,-0.8321448772526071,-4.160724386263035,-0.7851906555548509,-0.25634522645528546,-1.4564969077801275,-0.25401983538641915,-1.5345055267516416,-0.31395218842347905,-1.3180944817457858,-0.30600916590812455,-1.3043979640939902,-0.019999152974102152,-0.0034903698215992263,0.0355336913890707,0.1570965066400064,-0.07300716230357907,-0.34619527275942835,-0.10871122485241225,-0.46676429138551606,False,False,False
10,126,pullback_low_volume_low_rsi,1,-1,-1,-1,1.0,2,0.0005,0.03235155564194203,0.25521903242291266,-0.27091276179689305,-0.18320161147212022,-0.7458198131083089,-0.16672822524828512,-0.676284087791052,0,1,-0.19228630785919043,-0.817708555783199,-4.088542778915995,-0.849913800501837,-0.32189983594133165,-1.8096994729012472,-0.2793359366989916,-1.5519800481502082,-0.2679926142977038,-1.0943875443496536,-0.27969096390102877,-1.175316031228712,-7.106171623227908e-05,0.08448728998965804,0.015541246976117584,0.13339413472040396,-0.11658000142067704,-0.5410295672167444,-0.10059769673806662,-0.45571621346745417,False,False,False
10,126,pullback_low_volume_low_rsi,1,-1,-1,-1,1.0,3,0.0005,0.06308134722476733,0.39096532582664517,-0.24675110889058016,-0.15247181988929492,-0.6100735197045764,-0.10885765003660852,-0.43290118373097036,0,0,-0.11049970080861404,-0.4865207130387174,-2.432603565193587,-0.7073513320665469,-0.10213490362058564,-0.620932185756876,-0.06899816237274892,-0.40841398148171804,-0.31638290232653365,-1.3237354322175192,-0.2316165493785569,-1.0303386590631594,-0.11886449799664245,-0.32241736913549623,-0.10868230787153421,-0.2871695705884745,-0.07610657107523267,-0.3521092403205588,-0.028690465736945114,-0.12143285787277935,False,False,False
10,126,pullback_low_volume_low_rsi,1,-1,-1,-1,1.0,5,0.0005,0.0915291609169202,0.5132357550563899,-0.25180680761608043,-0.12402400619714204,-0.4878030904748317,-0.12402400619714204,-0.4878030904748317,0,0,-0.10573552400314845,-0.5510905832173167,-2.7554529160865835,-0.5753754763042448,-0.07453691500264714,-0.4639262342765079,-0.07453691500264714,-0.4639262342765079,-0.24305071497722874,-0.9896506854623978,-0.24305071497722874,-0.9896506854623978,-0.039922703957565586,-0.0415070307976102,-0.039922703957565586,-0.0415070307976102,-0.13693413300364976,-0.6382549321581256,-0.13693413300364976,-0.6382549321581256,False,False,False
10,126,pullback_low_volume_low_rsi,1,-1,-1,-1,1.0,10,0.0005,0.10711472350975404,0.5752563226400969,-0.2689891298533311,-0.10843844360430821,-0.4257825228911247,-0.17379550770917418,-0.6295826336157135,1,0,-0.17687889789648714,-0.8614815084441677,-4.307407542220838,-0.5030705187779814,-0.16560195767071573,-0.9408013399572894,-0.03992489296464208,-0.19387279449887385,-0.19716835531290045,-0.828024796190705,-0.22789098424319398,-0.9964405538643439,0.1587747358566305,0.6293460129906737,-0.1403901832174328,-0.10772726659505416,-0.18815583812225856,-0.8949382206976304,-0.28497015400039216,-1.279222018556744,False,False,False
10,252,near_high_high_volume_high_rsi,-1,1,1,1,0.25,1,0.0005,0.21393242687925684,0.9939832211467696,-0.26077643000923123,-0.0016207402348054067,-0.007055624384451953,0.005280455984578714,0.01921812057230754,1,1,-0.006347282921957298,0.027623224757499232,-0.12694565843914596,-0.00751898130983051,-0.0023253910688663115,0.07800861897151412,0.0,0.0,-0.010369174775048284,-0.022762169456515657,-0.0024261522596937812,-0.009065651804720076,-0.05553284436317285,-0.16058687646160563,0.0,0.0,0.05843080596448069,0.2094809053042922,0.02272674341564751,0.08891188667820449,False,False,False
10,252,near_high_high_volume_high_rsi,-1,1,1,1,0.25,2,0.0005,0.20253767254949517,0.9438009381623796,-0.2316674972111924,-0.013015494564567076,-0.057237907368841934,0.0034578916592680198,0.012297817948415002,2,1,-0.007089784199043603,-0.0212751991251377,-0.14179568398087206,-0.06038182940582724,-0.04256389924234005,-0.25771942475103893,0.0,0.0,0.0014327402942626577,0.04156185269162371,-0.010265609309062285,-0.03936663418743502,-0.015612308692349863,-0.04890684473074591,0.0,0.0,0.005736041452117924,0.006356446480470512,0.02171834613472834,0.09166980022976079,False,False,False
10,252,near_high_high_volume_high_rsi,-1,1,1,1,0.25,3,0.0005,0.1795371757234403,0.8519699005205701,-0.20648298532333698,-0.03601599139062195,-0.1490689450106515,0.007598178462064453,0.028103390962954555,0,2,-0.029723885812681372,-0.17650979486425933,-0.8825489743212966,-0.1670863475254052,-0.03313674124783672,-0.212518204275158,0.0,0.0,-0.07669223314760965,-0.26355082729660717,0.008074119800367097,0.029845945857752687,-0.010182190125108237,-0.03524779854702176,0.0,0.0,-0.026311030377526023,-0.14050138545336066,0.021105074960761527,0.09017499699441878,False,False,False
10,252,near_high_high_volume_high_rsi,-1,1,1,1,0.25,5,0.0005,0.22553973144582895,1.0370344458756873,-0.21988831808861675,0.0099865643317667,0.035995600344465695,0.0099865643317667,0.035995600344465695,2,2,0.008876224851357417,0.03009256705804242,0.1504628352902121,0.035958245282043874,0.0,0.0,0.0,0.0,0.017752449702714834,0.06018513411608484,0.017752449702714834,0.06018513411608484,0.0,0.0,0.0,0.0,0.022030159741450284,0.09420327263348871,0.022030159741450284,0.09420327263348871,False,False,False
10,252,near_high_high_volume_high_rsi,-1,1,1,1,0.25,10,0.0005,0.2897588246446805,1.233887503532418,-0.19672816700819562,0.07420565753061825,0.23284865800119636,0.008848593425752282,0.02904854727660755,3,2,0.08128606850606857,0.3402561156553758,1.6257213701213713,0.2326070152428805,-0.12567706470607365,-0.7469285454584156,0.0,0.0,0.04183882110226289,0.2061747795591773,0.011116192171969352,0.03775902188553837,0.2991649190740633,0.7370732795857279,0.0,0.0,0.12073331590987424,0.47433745175157427,0.023919000031740634,0.09005365389246078,True,False,False
10,252,near_high_high_volume_high_rsi,-1,1,1,1,0.5,1,0.0005,0.1595248839025165,0.7897388134292589,-0.2806902036682901,-0.05602828321154574,-0.2113000321019627,-0.04912708699216162,-0.1850262871452032,1,1,-0.07281410128302879,-0.2777405231994365,-1.4562820256605757,-0.2599279053130209,-0.07490061159936778,-0.3540151967007573,-0.07257522053050147,-0.43202381567227144,-0.13965246291395195,-0.5208955238972736,-0.13170944039859744,-0.507199006245478,-0.07072759096668979,-0.20146584969811565,-0.01519474660351694,-0.04087897323651002,0.05518732236976409,0.20110637447711155,0.01948325982093091,0.08053735585102384,False,False,False
10,252,near_high_high_volume_high_rsi,-1,1,1,1,0.5,2,0.0005,0.120367698288528,0.6280279303715419,-0.25236542971302733,-0.09518546882553425,-0.37301091515967966,-0.07871208260169915,-0.3034751898424227,1,1,-0.10867617702139687,-0.3623770223577857,-2.1735235404279374,-0.4415869648306575,-0.1794712996648513,-1.018564582916728,-0.13690740042251126,-0.7608451581656892,-0.13361522465225573,-0.48253287506701315,-0.14531357425558067,-0.5634613619460719,-0.08373712939053801,-0.24222116964855822,-0.06812482069818815,-0.1933143249178123,0.017205106836697626,0.053240113364033004,0.03318741151930804,0.13855346711332328,False,False,False
10,252,near_high_high_volume_high_rsi,-1,1,1,1,0.5,3,0.0005,0.09170773957920719,0.5098254175849193,-0.22785935759604514,-0.12384542753485506,-0.4912134279463023,-0.08023125768216866,-0.31404109197269625,0,1,-0.13151018101002987,-0.5904826243838868,-2.9524131219194336,-0.5745470094128607,-0.15195338211103726,-0.8568834180216226,-0.11881664086320054,-0.6443652137464646,-0.22129265458678216,-0.868678206577327,-0.13652630163880541,-0.5752814334229671,-0.11106697990902248,-0.32408183074615105,-0.10088478978391424,-0.2888340321991293,-0.016099224836563453,-0.0921872255070032,0.0313168805017241,0.13848915694077624,False,False,False
10,252,near_high_high_volume_high_rsi,-1,1,1,1,0.5,5,0.0005,0.1332555143269174,0.6666426534453568,-0.24090356718648331,-0.08229765278714485,-0.3343961920858648,-0.08229765278714485,-0.3343961920858648,1,1,-0.09030131547302556,-0.38346557822440464,-1.917327891122023,-0.3817974650476658,-0.15687995275888866,-0.8929803431783037,-0.15687995275888866,-0.8929803431783037,-0.1659866632732514,-0.6598380218314208,-0.1659866632732514,-0.6598380218314208,0.022206491767035264,0.05050161084008975,0.022206491767035264,0.05050161084008975,-0.02372267818716245,-0.10709313461738845,-0.02372267818716245,-0.10709313461738845,False,False,False
10,252,near_high_high_volume_high_rsi,-1,1,1,1,0.5,10,0.0005,0.2207277133637091,1.0172908625838246,-0.21836732208694343,0.005174546249646861,0.01625201705260304,-0.06018251785521911,-0.18754809367198577,3,0,0.04375318159056918,0.18336493498615963,0.8750636318113836,0.016235151238290436,-0.21871496319276695,-1.2509632501297507,-0.0930378984866933,-0.504034704671335,0.022228758576834817,0.10965868557973857,-0.008493870353458721,-0.05875707209390035,0.19750056682686856,0.5321126694545949,-0.10166435224719472,-0.20496061013113298,0.06527760460430354,0.2570711843925807,-0.031536711273830065,-0.1272126134665328,True,False,False
10,252,near_high_high_volume_high_rsi,-1,1,1,1,1.0,1,0.0005,0.1681619212606349,0.8449592239662733,-0.25428177040086886,-0.047391245853427355,-0.15607962156494826,-0.040490049634043235,-0.12980587660818876,1,1,-0.051258202965407285,-0.1758545609742762,-1.0251640593081457,-0.21985873131870884,-0.0928376250754257,-0.4659836374831686,-0.09051223400655939,-0.5439922564546827,-0.05481270557370044,-0.12878598709311073,-0.046869683058345935,-0.11508946944131515,0.010163435572145385,0.058926859830999434,0.06569627993531824,0.21951373629260507,-0.04770370035711413,-0.22292313485544168,-0.08340776290594731,-0.3434921534815294,False,False,False
10,252,near_high_high_volume_high_rsi,-1,1,1,1,1.0,2,0.0005,0.17095015154498228,0.8512128289849504,-0.2235857829943927,-0.04460301556907997,-0.14982601654627115,-0.028129629345244878,-0.08029029122901421,1,1,-0.05810931643415007,-0.20432031270665957,-1.1621863286830014,-0.20692349904317486,-0.10037704188249785,-0.5130678635632814,-0.0578131426401578,-0.25534843881224245,-0.03789477791013551,-0.04864539577457827,-0.049593127513460455,-0.129573882653637,0.05052454210776114,0.1479034621358496,0.066136850800111,0.1968103068665955,-0.07832385495816463,-0.35999522963874087,-0.062341550275554214,-0.2746818758894506,False,False,False
10,252,near_high_high_volume_high_rsi,-1,1,1,1,1.0,3,0.0005,0.12877826093323264,0.6724833850662081,-0.27087522377828566,-0.08677490618082961,-0.3285554604650135,-0.04316073632814321,-0.15138312449140745,1,2,-0.06413508391323741,-0.2860431837787955,-1.4302159188939774,-0.40256845836513155,-0.19345522246022062,-1.1079298817621162,-0.1603184812123839,-0.8954116774869582,0.0011633448646966027,0.10000409049619319,0.08592969781267334,0.39340086365055305,-0.00695003824358742,-0.004291913583574725,0.0032321518815208172,0.030955884963447033,-0.1213201295828874,-0.5677944539740163,-0.07390402424459985,-0.33711807152623685,False,False,False
10,252,near_high_high_volume_high_rsi,-1,1,1,1,1.0,5,0.0005,0.06986084644871005,0.4324226416732892,-0.29910143597674455,-0.1456923206653522,-0.5686162038579323,-0.1456923206653522,-0.5686162038579323,0,0,-0.14476186838540583,-0.7236988890454296,-3.6184944452271477,-0.6758996985103799,-0.12335224231828557,-0.6480391564030291,-0.12335224231828557,-0.6480391564030291,-0.2505297191158202,-1.0093093082126388,-0.2505297191158202,-1.0093093082126388,-0.03690082154694019,-0.049195631367912385,-0.03690082154694019,-0.049195631367912385,-0.1661714944525261,-0.79935862168783,-0.1661714944525261,-0.79935862168783,False,False,False
10,252,near_high_high_volume_high_rsi,-1,1,1,1,1.0,10,0.0005,0.029708124937057434,0.24405997317370706,-0.35529331760494,-0.18584504217700482,-0.7569788723575145,-0.2512021062818708,-0.9607789830821033,0,0,-0.15144075648586197,-0.6153465520316425,-3.076732760158212,-0.8621772747076499,-0.33395187178182184,-1.9759572634510874,-0.2082748070757482,-1.2290287179926718,-0.17664685958805726,-0.6357050856261841,-0.2073694885183508,-0.804120843299823,-0.08414544103004618,-0.24199547525043208,-0.38331036010410946,-0.97906875483616,-0.12623465338366668,-0.5949880184371008,-0.2230489692618003,-0.9792718162962143,False,False,False
10,252,near_high_high_volume_low_rsi,-1,1,1,-1,0.25,1,0.0005,0.21393242687925684,0.9939832211467696,-0.26077643000923123,-0.0016207402348054067,-0.007055624384451953,0.005280455984578714,0.01921812057230754,1,1,-0.006347282921957298,0.027623224757499232,-0.12694565843914596,-0.00751898130983051,-0.0023253910688663115,0.07800861897151412,0.0,0.0,-0.010369174775048284,-0.022762169456515657,-0.0024261522596937812,-0.009065651804720076,-0.05553284436317285,-0.16058687646160563,0.0,0.0,0.05843080596448069,0.2094809053042922,0.02272674341564751,0.08891188667820449,False,False,False
10,252,near_high_high_volume_low_rsi,-1,1,1,-1,0.25,2,0.0005,0.20253767254949517,0.9438009381623796,-0.2316674972111924,-0.013015494564567076,-0.057237907368841934,0.0034578916592680198,0.012297817948415002,2,1,-0.007089784199043603,-0.0212751991251377,-0.14179568398087206,-0.06038182940582724,-0.04256389924234005,-0.25771942475103893,0.0,0.0,0.0014327402942626577,0.04156185269162371,-0.010265609309062285,-0.03936663418743502,-0.015612308692349863,-0.04890684473074591,0.0,0.0,0.005736041452117924,0.006356446480470512,0.02171834613472834,0.09166980022976079,False,False,False
10,252,near_high_high_volume_low_rsi,-1,1,1,-1,0.25,3,0.0005,0.1795371757234403,0.8519699005205701,-0.20648298532333698,-0.03601599139062195,-0.1490689450106515,0.007598178462064453,0.028103390962954555,0,2,-0.029723885812681372,-0.17650979486425933,-0.8825489743212966,-0.1670863475254052,-0.03313674124783672,-0.212518204275158,0.0,0.0,-0.07669223314760965,-0.26355082729660717,0.008074119800367097,0.029845945857752687,-0.010182190125108237,-0.03524779854702176,0.0,0.0,-0.026311030377526023,-0.14050138545336066,0.021105074960761527,0.09017499699441878,False,False,False
10,252,near_high_high_volume_low_rsi,-1,1,1,-1,0.25,5,0.0005,0.22553973144582895,1.0370344458756873,-0.21988831808861675,0.0099865643317667,0.035995600344465695,0.0099865643317667,0.035995600344465695,2,2,0.008876224851357417,0.03009256705804242,0.1504628352902121,0.035958245282043874,0.0,0.0,0.0,0.0,0.017752449702714834,0.06018513411608484,0.017752449702714834,0.06018513411608484,0.0,0.0,0.0,0.0,0.022030159741450284,0.09420327263348871,0.022030159741450284,0.09420327263348871,False,False,False
10,252,near_high_high_volume_low_rsi,-1,1,1,-1,0.25,10,0.0005,0.2897588246446805,1.233887503532418,-0.19672816700819562,0.07420565753061825,0.23284865800119636,0.008848593425752282,0.02904854727660755,3,2,0.08128606850606857,0.3402561156553758,1.6257213701213713,0.2326070152428805,-0.12567706470607365,-0.7469285454584156,0.0,0.0,0.04183882110226289,0.2061747795591773,0.011116192171969352,0.03775902188553837,0.2991649190740633,0.7370732795857279,0.0,0.0,0.12073331590987424,0.47433745175157427,0.023919000031740634,0.09005365389246078,True,False,False
10,252,near_high_high_volume_low_rsi,-1,1,1,-1,0.5,1,0.0005,0.1898254434640858,0.9034321674324421,-0.26077643000923134,-0.02572772364997644,-0.09760667809877943,-0.01882652743059232,-0.07133293314201994,1,2,-0.04722854118805708,-0.18900611640289283,-0.9450305820144641,-0.11935674151501724,-0.06536531723818406,-0.2930581273173787,-0.06303992616931775,-0.3710667462888928,-0.09000012318831407,-0.3276400262059689,-0.08205710067295957,-0.3139435085541733,-0.029091765137930103,-0.08495410548840698,0.026441079225242747,0.07563277097319865,0.07696510875990636,0.28671611391031837,0.04126104621107318,0.16614709528423066,False,False,False
10,252,near_high_high_volume_low_rsi,-1,1,1,-1,0.5,2,0.0005,0.17435623803043354,0.8396416011239206,-0.23166749721119217,-0.04119692908362871,-0.16139724440730097,-0.024723542859793612,-0.09186151909004403,2,2,-0.02055740008492546,-0.0664185715227757,-0.4111480016985092,-0.19112189180606617,-0.16646129409129173,-0.9405191935200317,-0.12389739484895168,-0.6827997687689927,-0.08024076093213717,-0.2748072519230538,-0.09193911053546211,-0.3557357388021125,0.05355361889411969,0.1419701088775024,0.06916592758646956,0.1908769536082483,0.03912596076228625,0.14766333416624244,0.055108265444896665,0.23297668791553272,False,False,False
10,252,near_high_high_volume_low_rsi,-1,1,1,-1,0.5,3,0.0005,0.13809127901501772,0.694947905238181,-0.2064829853233371,-0.07746188809904453,-0.3060909402930406,-0.03384771824635813,-0.12891860431943458,1,1,-0.09028430109766405,-0.32547063327215425,-1.805686021953281,-0.35936325657444296,-0.13505980255883587,-0.7590647573952677,-0.10192306131099915,-0.5465465531201097,-0.13890941109447685,-0.5191082489450551,-0.05414305814650011,-0.22571147579069528,-0.045508799636492236,-0.13183301759925337,-0.035326609511384,-0.09658521905223161,0.0075858583340238095,0.00783856051436227,0.05500196367231136,0.2385149429621417,False,False,False
10,252,near_high_high_volume_low_rsi,-1,1,1,-1,0.5,5,0.0005,0.16121048196066856,0.7850621997174754,-0.2198883180886163,-0.05434268515339369,-0.2159766458137462,-0.05434268515339369,-0.2159766458137462,0,0,-0.05923375670660447,-0.22970552210774753,-1.1846751341320894,-0.2521080338598675,-0.0911615807886923,-0.4861999286524278,-0.0911615807886923,-0.4861999286524278,-0.08977011238805188,-0.3698338758919191,-0.08977011238805188,-0.3698338758919191,-0.028697401025157054,-0.08957716832357598,-0.028697401025157054,-0.08957716832357598,-0.009851936207724732,-0.04428484541069366,-0.009851936207724732,-0.04428484541069366,False,False,False
10,252,near_high_high_volume_low_rsi,-1,1,1,-1,0.5,10,0.0005,0.25305774494246247,1.1074748832390364,-0.19672816700819518,0.03750457782840022,0.10643603770781485,-0.02785248627646575,-0.09736407301677397,3,1,0.08066151204973804,0.3115462365722567,1.5577311828612834,0.1063255818522531,-0.20692175239330302,-1.144849863597747,-0.08124468768722937,-0.3979213181393314,0.07317606930748877,0.2717909833760246,0.04245344037719523,0.10337522570238566,0.25027327288425627,0.659494644828735,-0.048891646189807014,-0.07757863475699289,0.08814695479198731,0.35130148976848885,-0.008667361086146297,-0.032982308090624635,True,False,False
10,252,near_high_high_volume_low_rsi,-1,1,1,-1,1.0,1,0.0005,0.1228166099030652,0.647922586992234,-0.2517518656362153,-0.09273655721099705,-0.35311625853898754,-0.08583536099161293,-0.32684251358222804,0,1,-0.07608354544122842,-0.3544632851798912,-1.7723164258994557,-0.4302259087750936,-0.06856860568921985,-0.3182298950253387,-0.06624321462035354,-0.39623851399685284,-0.1904815802513904,-0.7259146439572915,-0.1825385577360359,-0.712218126305496,-0.02982170785176863,-0.0733777854809724,0.02571113651140422,0.08720909098063323,-0.08359848519323698,-0.39069667533444363,-0.11930254774207016,-0.5112656939605313,False,False,False
10,252,near_high_high_volume_low_rsi,-1,1,1,-1,1.0,2,0.0005,0.1402975851842465,0.7151013818934684,-0.2692435139893651,-0.07525558192981574,-0.2859374636377532,-0.058782195705980644,-0.21640173832049625,1,1,-0.08215072557400682,-0.3842847673286074,-1.921423836643037,-0.34912770216915184,-0.07045458128658,-0.3306097806223376,-0.027890682044239945,-0.07289035587129866,-0.16983641683355044,-0.6338394975823587,-0.18153476643687538,-0.7147679844614174,0.038707259815242034,0.10734751130491582,0.0543195685075919,0.15625435603566173,-0.09384686986143365,-0.43795975403487725,-0.07786456517882323,-0.35264640028558697,False,False,False
10,252,near_high_high_volume_low_rsi,-1,1,1,-1,1.0,3,0.0005,0.1785000591960353,0.8662418353817906,-0.20079612581616435,-0.03705310791802696,-0.13479701014943102,0.00656106193465944,0.042375325824175025,2,3,-0.03458899502785184,-0.10701708505182511,-0.6917799005570369,-0.17189776617116423,-0.14078450776581253,-0.7844408822099623,-0.10764776651797581,-0.5719226779348043,-0.0778887831847821,-0.2620108413453146,0.006877569763194646,0.03138593180904525,0.008710793129078409,0.04797667124166438,0.018892983254186646,0.08322446978868614,0.0658824447265427,0.2375253321622942,0.11329855006483025,0.46820171461007365,False,True,False
10,252,near_high_high_volume_low_rsi,-1,1,1,-1,1.0,5,0.0005,0.1091015198520573,0.6025045606595898,-0.2556262151177814,-0.10645164726200496,-0.3985342848716318,-0.10645164726200496,-0.3985342848716318,1,1,-0.09964734864090674,-0.493502834162171,-2.467514170810855,-0.49385332021438094,-0.1100216215196459,-0.5692027725601917,-0.1100216215196459,-0.5692027725601917,-0.29070981971899323,-1.2012264998548234,-0.29070981971899323,-1.2012264998548234,0.08089010884718295,0.31178316657621374,0.08089010884718295,0.31178316657621374,-0.08927307576216759,-0.41780289576415036,-0.08927307576216759,-0.41780289576415036,False,False,False
10,252,near_high_high_volume_low_rsi,-1,1,1,-1,1.0,10,0.0005,0.10903542182519654,0.5834127983532398,-0.35996376739495284,-0.1065177452888657,-0.4176260471779818,-0.17187480939373168,-0.6214261579025706,1,0,-0.11961629437458321,-0.47714713096504413,-2.392325887491664,-0.494159963942913,-0.33395187178182184,-1.9759572634510874,-0.2082748070757482,-1.2290287179926718,-0.23401337256955745,-0.9140653563074232,-0.264736001499851,-1.0824811139810622,0.2217707182700479,0.5793296356890411,-0.07739420080401538,-0.15774364389668682,-0.005219216179608965,-0.04022890562266501,-0.10203353205774257,-0.4245127034817785,False,False,False
10,252,near_high_low_volume_high_rsi,-1,1,-1,1,0.25,1,0.0005,0.20071508983492015,0.946979572130797,-0.26077643000923123,-0.014838077279142103,-0.0540592734004246,-0.007936881059757983,-0.02778552844366511,1,1,-0.018003838438446773,-0.021034496775708733,-0.36007676876893546,-0.06883720372937215,-0.010799873150713735,0.030553677863781603,-0.008474482081847423,-0.04745494110773252,-0.06469714739899302,-0.21943601895725062,-0.05675412488363851,-0.20573950130545504,-0.02520780372617981,-0.07262267141519907,0.03032504063699304,0.08796420504640656,0.03570406254883318,0.12056901862608771,0.0,0.0,False,False,False
10,252,near_high_low_volume_high_rsi,-1,1,-1,1,0.25,2,0.0005,0.18868895145555964,0.8946025487959158,-0.23166749721119217,-0.02686421565850261,-0.10643629673530575,-0.010390829434667515,-0.03690057141804881,1,1,-0.028558863994487482,-0.09537625623531187,-0.5711772798897496,-0.12462918554236378,-0.06454428973444815,-0.37278360585637116,-0.021980390492108093,-0.11506418110533223,-0.04113542330636455,-0.10543915872133347,-0.05283377290968949,-0.1863676456003922,0.01573648057759791,0.03879817679211828,0.031348789269947774,0.08770502152286419,-0.015982304682610415,-0.08531335374929028,0.0,0.0,False,False,False
10,252,near_high_low_volume_high_rsi,-1,1,-1,1,0.25,3,0.0005,0.16216434845135974,0.7870259561062234,-0.2064829853233371,-0.05338881866270251,-0.2140128894249982,-0.009774648810016107,-0.036840553451392144,1,1,-0.05907197102273365,-0.320765486818759,-1.6038274340937948,-0.2476828310040615,-0.07072783670717975,-0.41085459118973855,-0.03759109545934303,-0.19833638691458055,-0.11587743501130277,-0.4158529624371161,-0.031111082063326023,-0.12245618928275626,0.021305852698594974,0.05223515995783101,0.03148804282370321,0.08748295850485277,-0.04741610533828755,-0.23067638244777944,0.0,0.0,False,False,False
10,252,near_high_low_volume_high_rsi,-1,1,-1,1,0.25,5,0.0005,0.18974373923351884,0.9057635282375236,-0.21988831808861653,-0.025809427880543412,-0.09527531729369798,-0.025809427880543412,-0.09527531729369798,1,1,-0.019677716404390866,-0.10645660650961752,-0.5322830325480876,-0.11973578595987912,-0.03935543280878173,-0.21291321301923505,-0.03935543280878173,-0.21291321301923505,-0.09252438388613737,-0.33563923783923366,-0.09252438388613737,-0.33563923783923366,0.02625824209579619,0.07348931080428756,0.02625824209579619,0.07348931080428756,0.0,0.0,0.0,0.0,False,False,False
10,252,near_high_low_volume_high_rsi,-1,1,-1,1,0.25,10,0.0005,0.253835055575935,1.1069377588577725,-0.1967281670081953,0.03828188846187275,0.10589891332655088,-0.02707517564299322,-0.09790119739803793,3,0,0.05749838142583963,0.2445904116636673,1.1499676285167926,0.10578901488118922,-0.19365677645487944,-1.0806640371499119,-0.0679797117488058,-0.3337354916914963,0.018182446973545652,0.1048970254682211,-0.012540181956747887,-0.06351873220541782,0.28407279019078735,0.7010158252428172,-0.015092128883275935,-0.03605745434291063,0.0968143158781336,0.3842837978591135,0.0,0.0,True,False,False
10,252,near_high_low_volume_high_rsi,-1,1,-1,1,0.5,1,0.0005,0.18767615089054046,0.9057489197119596,-0.24425857507160087,-0.02787701622352179,-0.09528992581926199,-0.02097582000413767,-0.0690161808625025,1,1,-0.01855851075567716,-0.06659115696213491,-0.3711702151135432,-0.12932779692710508,-0.03518727438026992,-0.10742815058686905,-0.032861883311403606,-0.18543676955838317,-0.1402316613056227,-0.5153212367347965,-0.1322886387902682,-0.5016247190830009,0.06610571742348159,0.1854110147260194,0.12163856178665444,0.34599789118762503,-0.0019297471310844028,-0.02575416333740077,-0.037633809679917585,-0.14632318196348848,False,False,False
10,252,near_high_low_volume_high_rsi,-1,1,-1,1,0.5,2,0.0005,0.1847575829138608,0.8970579744618118,-0.21449920693996827,-0.030795584200201453,-0.10398087106940979,-0.014322197976366358,-0.03444514575215285,1,2,-0.010576161479449953,-0.020111374610914168,-0.21152322958899905,-0.14286769529999827,-0.004369595892467881,0.04898771237234345,0.03819430334987217,0.3067071371233824,-0.13803565626420156,-0.4916199809979235,-0.1497340058675265,-0.5725484678769822,0.03401571169167239,0.1017619114743552,0.04962802038402225,0.15066875620510112,-0.016782727066432024,-0.08921046159417179,-0.0008004223838216085,-0.003897107844881509,False,False,False
10,252,near_high_low_volume_high_rsi,-1,1,-1,1,0.5,3,0.0005,0.17249620902964002,0.8448602029493433,-0.23934890955449672,-0.043056958084422225,-0.1561786425818783,0.0005572117682641764,0.02099369339172774,2,3,-0.0011512400882693896,0.01867095239588168,-0.023024801765387792,-0.19975098793903676,-0.012323754848811541,-0.004048596245493918,0.02081298639902518,0.20846960802966408,-0.2293551116536927,-0.9151236496702725,-0.14458875870571597,-0.6217268765159126,0.010021274672272762,0.04139050103725728,0.020203464797381,0.07663829958427903,0.058080134482531465,0.2212967396697919,0.10549623982081902,0.45197312211757135,False,True,False
10,252,near_high_low_volume_high_rsi,-1,1,-1,1,0.5,5,0.0005,0.062497564221195345,0.3891685269471866,-0.39884418577010705,-0.1530556028928669,-0.611870318584035,-0.1530556028928669,-0.611870318584035,1,1,-0.08976060144051123,-0.26020252264538773,-1.7952120288102247,-0.7100596337416648,-0.01682315934988332,-0.03650500034137982,-0.01682315934988332,-0.03650500034137982,-0.4255926657703305,-1.862172527132152,-0.4255926657703305,-1.862172527132152,-0.16269804353113915,-0.48390004494939565,-0.16269804353113915,-0.48390004494939565,0.00948211341033467,0.043563632923221074,0.00948211341033467,0.043563632923221074,False,False,False
10,252,near_high_low_volume_high_rsi,-1,1,-1,1,0.5,10,0.0005,0.1657550454538046,0.8179354934055819,-0.24900172875102566,-0.049798121660257655,-0.18310335212563966,-0.11515518576512362,-0.3869034628502285,2,1,-0.029352355564564725,-0.10181336873495206,-0.5870471112912945,-0.23102477373439123,-0.28690888141803894,-1.663946561521995,-0.1612318167119653,-0.9170180160635795,-0.2065315446119389,-0.8085918387338896,-0.23725417354223244,-0.9770075964075285,0.21181897154451512,0.6070306597762066,-0.08734594752954816,-0.13004261980952125,0.14782683348280945,0.6049651012639855,0.051012517604675844,0.22068130340487202,False,False,False
10,252,near_high_low_volume_high_rsi,-1,1,-1,1,1.0,1,0.0005,0.12935826235441783,0.6825211508490239,-0.23026953027247432,-0.08619490475964442,-0.3185176946821977,-0.0792937085402603,-0.2922439497254382,0,1,-0.06324736875846315,-0.2975339422301946,-1.487669711150973,-0.3998777003078478,-0.07896087800635976,-0.37723173144110256,-0.07663548693749345,-0.4552403504126167,-0.19082955107206967,-0.7342927990076331,-0.18288652855671517,-0.7205962813558375,-0.031009404045134747,-0.06473344501378164,0.024523440318038103,0.09585343144782399,-0.047533859510566545,-0.2178361530192866,-0.08323792205939973,-0.3384051716453743,False,False,False
10,252,near_high_low_volume_high_rsi,-1,1,-1,1,1.0,2,0.0005,0.1353531504532568,0.709620646989063,-0.23765714815194194,-0.08020001666080545,-0.29141819854215856,-0.06372663043697036,-0.22188247322490162,0,0,-0.06756776413543286,-0.3208233323845696,-1.604116661922848,-0.372066055602731,-0.06737510610817221,-0.3335176348264498,-0.02481120686583216,-0.07579821007541088,-0.1294894000159832,-0.46927170898522996,-0.14118774961930813,-0.5502001958642887,-0.05918259355497657,-0.1441431369761399,-0.04357028486262671,-0.09523629224539398,-0.06776042216269351,-0.30812902994268937,-0.0517781174800831,-0.2228156761933991,False,False,False
10,252,near_high_low_volume_high_rsi,-1,1,-1,1,1.0,3,0.0005,0.10431475641525001,0.5794974481733696,-0.2937736804248523,-0.11123841069881224,-0.421541397357852,-0.06762424084612584,-0.24436906138424597,1,1,-0.1340238666312732,-0.5666016963770103,-2.8330084818850514,-0.5160602007761234,-0.06523441274457253,-0.31037572030266114,-0.03209767149673581,-0.09785751602750314,-0.21001355022845858,-0.8228276724513595,-0.12524719728048184,-0.5294308992969996,0.056624319471405116,0.23101852794131672,0.06680650959651335,0.2662663264883385,-0.20281332051797385,-0.9731161001531897,-0.1553972151796863,-0.7424397177054103,False,False,False
10,252,near_high_low_volume_high_rsi,-1,1,-1,1,1.0,5,0.0005,0.0944148244610703,0.5373155972369044,-0.36035155571498945,-0.12113834265299195,-0.4637232482943172,-0.12113834265299195,-0.4637232482943172,1,1,-0.10127112447834352,-0.5220928886131815,-2.6104644430659074,-0.5619882290520478,-0.13374458962459812,-0.7282307600313933,-0.13374458962459812,-0.7282307600313933,-0.30630750020562725,-1.2725735230629693,-0.30630750020562725,-1.2725735230629693,0.035289940745127035,0.20208855536889503,0.035289940745127035,0.20208855536889503,-0.06879765933208892,-0.31595501719496955,-0.06879765933208892,-0.31595501719496955,False,False,False
10,252,near_high_low_volume_high_rsi,-1,1,-1,1,1.0,10,0.0005,0.1982277051330541,0.9757380434515837,-0.2911091180909643,-0.01732546198100815,-0.02530080207963792,-0.08268252608587412,-0.22910091280422673,2,1,-0.05688534619469798,-0.34532499764267943,-1.726624988213397,-0.0803767451574497,-0.1352362006530481,-0.7602472929893855,-0.00955913594697444,-0.013318747530969843,-0.26052809197064897,-1.0596911500266577,-0.2912507209009425,-1.2281069077002966,0.37737586029327397,1.2053373808865486,0.07821094121921068,0.46826410130082063,0.021465508263652122,0.06959729770402667,-0.07534880761448148,-0.3146865001550868,False,False,False
10,252,near_high_low_volume_low_rsi,-1,1,-1,-1,0.25,1,0.0005,0.20235876595210645,0.9532968720314564,-0.2607764300092311,-0.013194401161955804,-0.04774197349976517,-0.006293204942571684,-0.021468228543005674,1,1,-0.018003838438446773,-0.021034496775708733,-0.36007676876893546,-0.061211817662478823,-0.010799873150713735,0.030553677863781603,-0.008474482081847423,-0.04745494110773252,-0.05784745194053742,-0.1921388926161165,-0.04990442942518292,-0.17844237496432092,-0.02520780372617981,-0.07262267141519907,0.03032504063699304,0.08796420504640656,0.03570406254883318,0.12056901862608771,0.0,0.0,False,False,False
10,252,near_high_low_volume_low_rsi,-1,1,-1,-1,0.25,2,0.0005,0.1885968592312024,0.8942088453123117,-0.23166749721119284,-0.026956307882859853,-0.10683000021890987,-0.010482921659024758,-0.037294274901652935,1,1,-0.028755920002413227,-0.09632743410987954,-0.5751184000482645,-0.1250564222449844,-0.06454428973444815,-0.37278360585637116,-0.021980390492108093,-0.11506418110533223,-0.04152953532221604,-0.1073415144704688,-0.05322788492554098,-0.18827000134952754,0.01573648057759791,0.03879817679211828,0.031348789269947774,0.08770502152286419,-0.015982304682610415,-0.08531335374929028,0.0,0.0,False,False,False
10,252,near_high_low_volume_low_rsi,-1,1,-1,-1,0.25,3,0.0005,0.15127283904059463,0.7458310065476775,-0.20648298532333698,-0.06428032807346762,-0.25520783898354404,-0.020666158220781217,-0.078035503009938,1,1,-0.05907197102273365,-0.320765486818759,-1.6038274340937948,-0.2982110118542262,-0.07072783670717975,-0.41085459118973855,-0.03759109545934303,-0.19833638691458055,-0.16013301401870605,-0.5968852598496434,-0.07536666107072931,-0.3034884866952835,0.021305852698594974,0.05223515995783101,0.03148804282370321,0.08748295850485277,-0.04741610533828755,-0.23067638244777944,0.0,0.0,False,False,False
10,252,near_high_low_volume_low_rsi,-1,1,-1,-1,0.25,5,0.0005,0.19148798155099955,0.9125368988711072,-0.21988831808861697,-0.024065185563062697,-0.08850194666011435,-0.024065185563062697,-0.08850194666011435,1,1,-0.019677716404390866,-0.10645660650961752,-0.5322830325480876,-0.11164385049526249,-0.03935543280878173,-0.21291321301923505,-0.03935543280878173,-0.21291321301923505,-0.08535084510000268,-0.3066226596768853,-0.08535084510000268,-0.3066226596768853,0.02625824209579619,0.07348931080428756,0.02625824209579619,0.07348931080428756,0.0,0.0,0.0,0.0,False,False,False
10,252,near_high_low_volume_low_rsi,-1,1,-1,-1,0.25,10,0.0005,0.25993693157597453,1.1284764074463856,-0.1967281670081954,0.04438376446191228,0.12743756191516398,-0.02097329964295369,-0.07636254880942484,3,1,0.07054939732631582,0.29367422464396514,1.4109879465263164,0.12730531136135545,-0.19365677645487944,-1.0806640371499119,-0.0679797117488058,-0.3337354916914963,0.04428447877449804,0.2030646514288168,0.013561849844204499,0.03464889375517788,0.28407279019078735,0.7010158252428172,-0.015092128883275935,-0.03605745434291063,0.0968143158781336,0.3842837978591135,0.0,0.0,True,False,False
10,252,near_high_low_volume_low_rsi,-1,1,-1,-1,0.5,1,0.0005,0.1594737346939552,0.7940943546303176,-0.24425857507160087,-0.056079432420107045,-0.20694449090090394,-0.049178236200722925,-0.18067074594414445,1,1,-0.05107294125008577,-0.2356104426090334,-1.178052213045167,-0.26016519808512956,-0.06593163184851702,-0.2936425401292644,-0.06360624077965071,-0.3716511591007785,-0.15802237880800352,-0.592488268823656,-0.150079356292649,-0.5787917511718604,0.03650829804041966,0.10831026406642719,0.09204114240359251,0.2688971405280328,-0.03621425065165451,-0.17757834508880244,-0.0719183132004877,-0.29814736371489015,False,False,False
10,252,near_high_low_volume_low_rsi,-1,1,-1,-1,0.5,2,0.0005,0.16552089148793603,0.8258946403397889,-0.21449920693996816,-0.05003227562612622,-0.1751442051914327,-0.033558889402291125,-0.10560847987417576,1,2,-0.03389143504069925,-0.1400016105199562,-0.7000080525997809,-0.23211106705591159,-0.02863805138913289,-0.09196416167933763,0.013925847853207163,0.1657552630717013,-0.1583606446561514,-0.5868603946362257,-0.17005899425947635,-0.6677888815152845,0.025125071712581937,0.09461615825203773,0.0407373804049318,0.14352300298278364,-0.039144818692265604,-0.18803905936057475,-0.02316251400965519,-0.10272570561128447,False,False,False
10,252,near_high_low_volume_low_rsi,-1,1,-1,-1,0.5,3,0.0005,0.1698639113984446,0.8443471384632124,-0.20302972792593033,-0.04568925571561766,-0.15669170706800917,-0.0020750858629312585,0.020480628905596876,2,2,-0.010570943802498012,-0.06153476169429739,-0.30767380847148695,-0.21196281329255862,-0.04923980898197322,-0.21641419794386907,-0.0161030677341365,-0.003895993668711073,-0.20050653312171973,-0.7839065145205133,-0.11574018017374299,-0.49050974136615344,0.03812006685729097,0.15001890853006705,0.048302256982399205,0.1852667070770888,0.028097921376977197,0.09334467455527429,0.07551402671526475,0.3240210570030537,False,False,False
10,252,near_high_low_volume_low_rsi,-1,1,-1,-1,0.5,5,0.0005,0.09759149074608464,0.5477280956509137,-0.3428103955011572,-0.11796167636797761,-0.45331074988030784,-0.11796167636797761,-0.45331074988030784,1,1,-0.0643184995934114,-0.19493977509387506,-1.286369991868228,-0.5472509541256563,-0.038009538499820916,-0.1609071658205179,-0.038009538499820916,-0.1609071658205179,-0.34477708039571997,-1.4566955640560124,-0.34477708039571997,-1.4566955640560124,-0.09062746068700189,-0.22897238436723222,-0.09062746068700189,-0.22897238436723222,0.0053396029121053346,0.020460428086111815,0.0053396029121053346,0.020460428086111815,False,False,False
10,252,near_high_low_volume_low_rsi,-1,1,-1,-1,0.5,10,0.0005,0.18386971501814453,0.904671724450835,-0.2546478813574595,-0.03168345209591772,-0.09636712108038659,-0.09704051620078369,-0.3001672318049754,2,1,-0.016116445641487398,-0.05220254060844115,-0.32232891282974796,-0.1469867157143281,-0.28333348477703324,-1.6418039392270096,-0.1576564200709596,-0.894875393768594,-0.17734590662716987,-0.6848946257712953,-0.2080685355574634,-0.8533103834449343,0.2617348513487634,0.8322106078562431,-0.03743006772529989,0.09513732827051524,0.14511301534419507,0.580489544554413,0.04829869946606147,0.19620574669529955,False,False,False
10,252,near_high_low_volume_low_rsi,-1,1,-1,-1,1.0,1,0.0005,0.09470798872455433,0.5342917314927424,-0.23026953027247443,-0.12084517838950792,-0.4667471140384791,-0.1139439821701238,-0.44047336908171963,0,1,-0.11105970696236972,-0.533308074566484,-2.66654037283242,-0.5606281735844847,-0.08381490562466887,-0.4170477668066105,-0.08148951455580256,-0.4950563857781246,-0.22671445162049664,-0.8945734273498275,-0.21877142910514213,-0.8808769096980319,-0.031274184219563184,-0.059352046790926316,0.024258660143609667,0.10123482967067932,-0.13830450830007057,-0.6495683823263574,-0.17400857084890375,-0.7701374009524451,False,False,False
10,252,near_high_low_volume_low_rsi,-1,1,-1,-1,1.0,2,0.0005,0.16779186435471805,0.8460351573368408,-0.23765714815194205,-0.047761302759344204,-0.15500368819438082,-0.03128791653550911,-0.08546796287712388,1,1,-0.041311613274183534,-0.18763793076275231,-0.9381896538137615,-0.22157550918317429,-0.04574051136190316,-0.20212699510026266,-0.0031766121195631047,0.055592429650776265,-0.1467497676938383,-0.5272388419483145,-0.15844811729716324,-0.6081673288273732,0.038595002327259875,0.1559832579586088,0.05420731101960974,0.2048901026893547,-0.03688271518646391,-0.17314886642524197,-0.020900410503853495,-0.08783551267595169,False,False,False
10,252,near_high_low_volume_low_rsi,-1,1,-1,-1,1.0,3,0.0005,0.07867472066878434,0.465506658768981,-0.26588467649420666,-0.1368784464452779,-0.5355321867622406,-0.09326427659259151,-0.3583598507886345,1,1,-0.15958498232335583,-0.8183350350940962,-4.091675175470481,-0.6350101382312199,-0.1317830328535443,-0.7397707499611619,-0.09864629160570759,-0.527252545686004,-0.2521059444575322,-1.0150068838905775,-0.16733959150955546,-0.7216101107362176,0.04324529349516393,0.19651668861635285,0.053427483620272165,0.2317644871633746,-0.18738693179316734,-0.8968993202270306,-0.1399708264548798,-0.666222937779251,False,False,False
10,252,near_high_low_volume_low_rsi,-1,1,-1,-1,1.0,5,0.0005,0.122314977460241,0.6580043284152322,-0.28162932026524257,-0.09323818965382125,-0.3430345171159894,-0.09323818965382125,-0.3430345171159894,1,1,-0.13239965363442446,-0.666588321972031,-3.3329416098601548,-0.43255309537847464,-0.12345188662905282,-0.668404560527422,-0.12345188662905282,-0.668404560527422,-0.22236321224695277,-0.9039820518835731,-0.22236321224695277,-0.9039820518835731,0.14380406722999384,0.5513329291046408,0.14380406722999384,0.5513329291046408,-0.1413474206397961,-0.6647720834166401,-0.1413474206397961,-0.6647720834166401,False,False,False
10,252,near_high_low_volume_low_rsi,-1,1,-1,-1,1.0,10,0.0005,0.10652232530688588,0.5801560008879185,-0.20905694830473198,-0.10903084180717637,-0.42088284464330306,-0.17438790591204234,-0.6246829553678919,1,0,-0.18301649902118783,-0.7844784997265457,-3.9223924986327283,-0.5058187883153744,-0.2203087854347615,-1.2259069159038882,-0.09463172072868786,-0.47897837044547265,-0.20237193603585024,-0.8013163140543238,-0.23309456496614378,-0.9697320717279627,0.20435188917507863,0.7533140550295309,-0.09481302989898466,0.01624077544380298,-0.16366106200652542,-0.7676406853987676,-0.260475377884659,-1.151924483257881,False,False,False
10,252,pullback_high_volume_high_rsi,1,-1,1,1,0.25,1,0.0005,0.2162586665357089,0.9997593933726254,-0.2607764300092311,0.0007054994216466604,-0.0012794521585961505,0.007606695641030781,0.024994292798163342,1,1,-0.005134206792110407,0.027369865971453022,-0.10268413584220815,-0.0012781243847906653,-0.0023253910688663115,0.07800861897151412,0.0,0.0,-0.007943022515354503,-0.013696517651795581,0.0,0.0,-0.012042732133449974,-0.042004547510165136,0.04349011222972288,0.1185823289514405,0.022970472984701118,0.06843624959470163,-0.012733589564132064,-0.052132769031386084,False,False,False
10,252,pullback_high_volume_high_rsi,1,-1,1,1,0.25,2,0.0005,0.19447590552597238,0.9136055356074075,-0.23166749721119217,-0.02107726158808987,-0.08743330992381404,-0.0046038753642547725,-0.017897584606557104,1,0,-0.02430685043797276,-0.10505831376879388,-0.5252915688439693,-0.09778219392590326,-0.04256389924234005,-0.25771942475103893,0.0,0.0,0.011698349603324942,0.08092848687905874,0.0,0.0,-0.015612308692349863,-0.04890684473074591,0.0,0.0,-0.03300139218359566,-0.16120978280684184,-0.01701908750098524,-0.07589642905755156,False,False,False
10,252,pullback_high_volume_high_rsi,1,-1,1,1,0.25,3,0.0005,0.16326005162725843,0.7900973971327995,-0.21592743407478743,-0.05229311548680382,-0.2109414483984221,-0.008678945634117419,-0.03376911242481606,0,0,-0.05614082917912444,-0.2529574887147589,-1.2647874435737945,-0.2425996156165609,-0.03313674124783672,-0.212518204275158,0.0,0.0,-0.08476635294797674,-0.29339677315435986,0.0,0.0,-0.010182190125108237,-0.03524779854702176,0.0,0.0,-0.07914491711041216,-0.37217597441092193,-0.03172881177212461,-0.1414995919631425,False,False,False
10,252,pullback_high_volume_high_rsi,1,-1,1,1,0.25,5,0.0005,0.20106796177280484,0.9445356581155264,-0.21988831808861653,-0.014485205341257412,-0.056503187415695155,-0.014485205341257412,-0.056503187415695155,0,0,0.0,0.0,0.0,-0.06720015082679073,0.0,0.0,0.0,0.0,0.0,0.0,0.0,0.0,0.0,0.0,0.0,0.0,-0.05293284094279094,-0.2435828608543536,-0.05293284094279094,-0.2435828608543536,False,False,False
10,252,pullback_high_volume_high_rsi,1,-1,1,1,0.25,10,0.0005,0.26781731061158043,1.155129778768967,-0.19672816700819518,0.05226414349751818,0.15409093323774536,-0.013092920607347791,-0.04970917748684345,3,0,0.03905716534562542,0.16868796172508443,0.7811433069125084,0.15393102268271505,-0.12567706470607365,-0.7469285454584156,0.0,0.0,0.03072262893029354,0.16841575767363892,0.0,0.0,0.2991649190740633,0.7370732795857279,0.0,0.0,0.047391701760957305,0.16896016577652995,-0.0494226141171763,-0.21532363208258354,True,False,False
10,252,pullback_high_volume_high_rsi,1,-1,1,1,0.5,1,0.0005,0.21554482410584663,0.9982896053303967,-0.2297214339040261,-8.34300821561662e-06,-0.0027492402008248984,0.006892853211168504,0.023524504755934594,1,2,-0.025306138011811252,-0.09296531777209038,-0.506122760236225,-0.00274638712882911,-0.08252715640861275,-0.4215185597958656,-0.08020176533974643,-0.49952717876737973,-0.04524516801094469,-0.17308204215749612,-0.03730214549559019,-0.15938552450570054,-0.005367108012677813,-0.012848593386684648,0.05016573635049504,0.14773828307492098,0.1335741368949408,0.5116278916990155,0.09787007434610762,0.39105887307292775,False,False,False
10,252,pullback_high_volume_high_rsi,1,-1,1,1,0.5,2,0.0005,0.21810645644683913,0.9972010577481522,-0.19938962641507174,0.0025532893327768758,-0.003837787783069424,0.01902667555661197,0.06569793753418751,2,2,-0.0009569519325023368,-0.018209885406227477,-0.09104942703113739,-0.0038338050518237623,-0.07680257365377652,-0.4544820338948391,-0.034238674411436465,-0.19676260914380017,-0.030624691569747675,-0.11847947590489571,-0.04232304117307262,-0.19940796278395445,0.028710787704743,0.08205970509244076,0.044323096397092865,0.13096654982318667,0.08930845227672002,0.3494017960963559,0.10529075695933043,0.4347151498456462,False,False,False
10,252,pullback_high_volume_high_rsi,1,-1,1,1,0.5,3,0.0005,0.15226837342567956,0.750502969979499,-0.2064829853233371,-0.06328479368838269,-0.25053587555172263,-0.019670623835696288,-0.07336353957811659,1,2,-0.05076298799040402,-0.1452859591497544,-1.0152597598080804,-0.29359250219179045,-0.16633248420534597,-0.9411814120758013,-0.13319574295750924,-0.7286632078006433,-0.05128870307194733,-0.15056742238766274,0.033477649876029414,0.14282935076669712,-0.05023727290886071,-0.14000449591184605,-0.04005508278375247,-0.10475669736482429,0.02099016190346692,0.05053464025833698,0.06840626724175447,0.2812110227061164,False,False,False
10,252,pullback_high_volume_high_rsi,1,-1,1,1,0.5,5,0.0005,0.20578582859255223,0.9559867403431823,-0.21988831808861686,-0.009767338521510016,-0.04505210518803926,-0.009767338521510016,-0.04505210518803926,1,1,-0.020038783449467967,-0.074026874363877,-0.40077566898935935,-0.045312897287848826,-0.03855017605975353,-0.2223994584070278,-0.03855017605975353,-0.2223994584070278,-0.021212492335114908,-0.09504500431497043,-0.021212492335114908,-0.09504500431497043,-0.018865074563821027,-0.05300874441278358,-0.018865074563821027,-0.05300874441278358,0.03702366816460434,0.14643759741684026,0.03702366816460434,0.14643759741684026,False,False,False
10,252,pullback_high_volume_high_rsi,1,-1,1,1,0.5,10,0.0005,0.2972102646554946,1.2418269453006903,-0.19672816700819562,0.08165709754143236,0.2407880997694687,0.016300033436566386,0.036987989044879876,3,2,0.1152547999130642,0.431965717948989,2.159828589744945,0.24053821771690548,-0.1786836111420076,-1.0043463958974057,-0.05300654643593394,-0.25741785043899,0.02041674987928066,0.11469860994025782,-0.010305879051012878,-0.0537171477333811,0.3322554333546348,0.809303385453732,0.033090514280571526,0.07223010586800416,0.21009284994684774,0.7492328259577202,0.11327853406871413,0.36494902809860674,True,False,False
10,252,pullback_high_volume_high_rsi,1,-1,1,1,1.0,1,0.0005,0.043444547121879395,0.3013430607463826,-0.28974829954073944,-0.17210861999218285,-0.699695784784839,-0.16520742377279873,-0.6734220398280795,0,1,-0.1962198061688727,-0.9457803991173682,-4.728901995586841,-0.7984508986644104,-0.21209740836991242,-1.2171908516247207,-0.2097720173010461,-1.2951994705962349,-0.2578675190450639,-1.0540278627482633,-0.24992449652970938,-1.0403313450964677,-0.027298241726250616,-0.08193489854784397,0.028234602636922235,0.07865197791376166,-0.18034220396783296,-0.8375329354864731,-0.21604626651666614,-0.9581019541125608,False,False,False
10,252,pullback_high_volume_high_rsi,1,-1,1,1,1.0,2,0.0005,0.088261888038764,0.4820463206029783,-0.26252660430594976,-0.12729127907529825,-0.5189925249282432,-0.11081789285146315,-0.44945679961098634,1,1,-0.12869574326065059,-0.5426270468345282,-2.713135234172641,-0.5905330957533123,-0.26070294644950076,-1.4508484413500546,-0.2181390472071607,-1.1931290165990156,-0.19573776274861854,-0.7845618388509411,-0.20743611235194348,-0.8654903257299998,0.02876825060899657,0.07505161952574713,0.044380559301346434,0.12395846425649304,-0.061653723772682634,-0.30069225481811546,-0.04567141909007222,-0.21537890106882518,False,False,False
10,252,pullback_high_volume_high_rsi,1,-1,1,1,1.0,3,0.0005,0.06118978051228119,0.37743128022856903,-0.28109169842806137,-0.15436338660178106,-0.6236075653026525,-0.11074921674909466,-0.4464352293290465,0,1,-0.17558894584594742,-0.7601360873391783,-3.8006804366958913,-0.716126738792467,-0.17480572384779247,-0.988838821105878,-0.14166898259995575,-0.77632061683072,-0.2628991277440742,-1.0720427371407226,-0.17813277479609746,-0.7786459639863628,-0.17637216784410237,-0.5314333535724785,-0.16618997771899413,-0.49618555502545664,-0.007212909939703582,-0.05418198539435137,0.04020319539858397,0.17649439705342806,False,False,False
10,252,pullback_high_volume_high_rsi,1,-1,1,1,1.0,5,0.0005,0.12830209467927967,0.6383256190053891,-0.30259790770372375,-0.08725107243478258,-0.3627132265258325,-0.08725107243478258,-0.3627132265258325,0,0,-0.07638717767688175,-0.2550189178109771,-1.527743553537635,-0.40477750154611625,-0.15590536623749895,-0.8972890716427059,-0.15590536623749895,-0.8972890716427059,-0.07881384871778918,-0.3120769675483177,-0.07881384871778918,-0.3120769675483177,-0.07396050663597431,-0.1896060827201017,-0.07396050663597431,-0.1896060827201017,-0.037754567316110155,-0.19796086807363644,-0.037754567316110155,-0.19796086807363644,False,False,False
10,252,pullback_high_volume_high_rsi,1,-1,1,1,1.0,10,0.0005,0.08930703883790181,0.49379741237975483,-0.2935088484633883,-0.12624612827616044,-0.5072414331514667,-0.1916031923810264,-0.7110415438760556,1,0,-0.17203356969761302,-0.9120645041610806,-4.560322520805403,-0.585684404299919,-0.21131095214059148,-1.2106865976720782,-0.08563388743451783,-0.4637580522136625,-0.3056290635787362,-1.2687186913946655,-0.33635169250902974,-1.4371344490683045,0.19618396027105023,0.5644264652932266,-0.10298095880301306,-0.17264681429250128,-0.13275618725463456,-0.6134424106500832,-0.22957050313276817,-0.9977262085091967,False,False,False
10,252,pullback_high_volume_low_rsi,1,-1,1,-1,0.25,1,0.0005,0.21158608134385593,0.9789533052125083,-0.26077643000923134,-0.0039670857702063245,-0.022085540318713237,0.002934110449177796,0.004188204638046256,1,2,-0.019821747065045137,-0.05910656580790141,-0.39643494130090273,-0.02206262066382958,-0.02789967881407196,-0.07655465175189291,-0.02557428774520565,-0.15456327072340703,-0.03822827519946581,-0.1475612749718347,-0.030285252684111308,-0.1338647573200391,-0.011743815316018313,-0.041658479863909914,0.04378902904715454,0.11892839659769572,0.05771644387514829,0.21165218520249462,0.02201238132631511,0.09108316657640692,False,False,False
10,252,pullback_high_volume_low_rsi,1,-1,1,-1,0.25,2,0.0005,0.18615617325567824,0.8800055607685265,-0.23166749721119184,-0.029396993858384013,-0.12103328476269504,-0.012923607634548917,-0.0514975594454381,0,1,-0.020858416633241283,-0.08545242868797409,-0.42726214343987046,-0.1363793176967253,-0.05844289482267562,-0.34157808471379025,-0.015878995580335564,-0.08385865996275133,-0.018214569997820673,-0.05349958922311138,-0.029912919601145616,-0.1344280761021701,-0.015314262190845529,-0.04855686631956824,0.0002980465015043343,0.00034997841117767603,-0.023502263268661894,-0.1174052681528368,-0.007519958586051478,-0.03209191440354653,False,False,False
10,252,pullback_high_volume_low_rsi,1,-1,1,-1,0.25,3,0.0005,0.1541739513122644,0.7540621095949656,-0.20648298532333764,-0.06137921580179784,-0.24697673593625602,-0.017765045949111435,-0.06980439996264998,0,1,-0.04420579789893686,-0.22621834587862275,-1.1310917293931138,-0.2847520944534226,-0.030402508060493716,-0.19265382371985662,0.002734233187343005,0.019864380555301375,-0.1299159093390816,-0.4962144962776396,-0.04514955639110485,-0.20281772312327973,-0.03425610579026794,-0.10177246018985808,-0.024073915665159706,-0.06652466164283632,-0.05415549000760578,-0.25978286803738887,-0.006739384669318227,-0.029106485589609432,False,False,False
10,252,pullback_high_volume_low_rsi,1,-1,1,-1,0.25,5,0.0005,0.1914071427425983,0.9046204034216088,-0.21988831808861664,-0.02414602437146396,-0.09641844210961281,-0.02414602437146396,-0.09641844210961281,1,1,-0.0238482037193265,-0.1114358866058669,-0.5571794330293345,-0.11201888005053914,-0.04593372635520887,-0.24894554829271076,-0.04593372635520887,-0.24894554829271076,-0.01375923893429487,-0.06453957503915664,-0.01375923893429487,-0.06453957503915664,0.0003018530148819476,0.0003017988403326566,0.0003018530148819476,0.0003017988403326566,-0.03393716850435813,-0.15833219817257715,-0.03393716850435813,-0.15833219817257715,False,False,False
10,252,pullback_high_volume_low_rsi,1,-1,1,-1,0.25,10,0.0005,0.2800603467266809,1.185854053452404,-0.19672816700819573,0.06450717961261865,0.18481520792118245,-0.0008498844922473214,-0.018984902803406367,3,2,0.07190393385660698,0.2850066010503561,1.4250330052517803,0.1846234127139257,-0.15361293805298892,-0.883557118358475,-0.027935873346915274,-0.1366285729000593,0.03072262893029354,0.16841575767363892,0.0,0.0,0.31597697910665823,0.7733067588352777,0.016812060032594944,0.03623347924954978,0.11308523878292043,0.40159744442707324,0.016270922904786822,0.01731364656795975,True,False,False
10,252,pullback_high_volume_low_rsi,1,-1,1,-1,0.5,1,0.0005,0.16581405058942145,0.8029233744034,-0.22555247358547748,-0.0497391165246408,-0.19811547112782157,-0.04283792030525668,-0.17184172617106208,2,1,-0.04426771940080654,-0.18519886473274916,-0.9259943236637458,-0.23075103553603005,-0.13387212207273813,-0.7350958888720063,-0.13154673100387182,-0.8131045078435204,-0.09487629010463183,-0.391598909850158,-0.08693326758927733,-0.3779023921983624,0.0063408513030187574,0.02120118038465968,0.06187369566619161,0.1817880568462653,0.02567902986376125,0.08224702051683086,-0.010025032685071933,-0.03832199810925685,False,False,False
10,252,pullback_high_volume_low_rsi,1,-1,1,-1,0.5,2,0.0005,0.17205971557049637,0.8194310228950165,-0.18543103428334495,-0.043493451543565875,-0.18160782263620512,-0.02702006531973078,-0.11207209731894818,1,2,-0.07375995261683521,-0.30952025981713943,-1.547601299085697,-0.20177598003257755,-0.1510658500867712,-0.8556265293784149,-0.10850195084443115,-0.5979071046273761,-0.14552428152524577,-0.5770427053077845,-0.1572226311285707,-0.6579711921868432,0.14330016149640756,0.3897361436413397,0.15891247018875743,0.4386429883720856,-0.001995623708424654,-0.04199781432649441,0.013986680974185761,0.04331553942279587,False,False,False
10,252,pullback_high_volume_low_rsi,1,-1,1,-1,0.5,3,0.0005,0.12975285579869777,0.6557803714967029,-0.2197277302798447,-0.08580031131536447,-0.3452584740345187,-0.04218614146267807,-0.16808613806091266,1,1,-0.09323730140420738,-0.3868394932599764,-1.934197466299882,-0.3980470918804099,-0.21075815260004216,-1.1940378226218362,-0.17762141135220544,-0.9815196183466781,-0.12082602030620215,-0.45409639455519923,-0.03605966735822541,-0.16069962140083938,0.07530322131534217,0.22246243388300913,0.08548541144045041,0.2577102324300309,-0.06564858250221262,-0.3195825919647536,-0.018232477163925065,-0.08890620951697414,False,False,False
10,252,pullback_high_volume_low_rsi,1,-1,1,-1,0.5,5,0.0005,0.18220434152778187,0.8532797806614526,-0.2066572864073838,-0.033348825586280384,-0.14775906486976897,-0.033348825586280384,-0.14775906486976897,1,1,-0.05222215961419374,-0.23861191762926034,-1.1930595881463018,-0.1547127608133612,-0.125617875357942,-0.7438091855246693,-0.125617875357942,-0.7438091855246693,-0.048848491180479625,-0.21030996672601932,-0.048848491180479625,-0.21030996672601932,0.11471715301730923,0.3456253855231072,0.11471715301730923,0.3456253855231072,-0.05559582804790786,-0.2669138685325014,-0.05559582804790786,-0.2669138685325014,False,False,False
10,252,pullback_high_volume_low_rsi,1,-1,1,-1,0.5,10,0.0005,0.09260752271528627,0.489793661394498,-0.3109424097513348,-0.12294564439877598,-0.5112451841367236,-0.18830270850364195,-0.7150452948613124,1,0,-0.10116050987946212,-0.44934624133064366,-2.246731206653218,-0.570372711497753,-0.3178338006318788,-1.6425323360372721,-0.19215673592580518,-0.8956037905788564,-0.12440115121509399,-0.5239360091694796,-0.15512378014538752,-0.6923517668431185,0.07142195456838984,0.22419124530307977,-0.22774296450567344,-0.5128820342826481,-0.07791986854383026,-0.37475647349180774,-0.17473418442196387,-0.7590402713509212,False,False,False
10,252,pullback_high_volume_low_rsi,1,-1,1,-1,1.0,1,0.0005,0.04924889641895969,0.3293339135699398,-0.30250277963166083,-0.16630427069510256,-0.6717049319612818,-0.15940307447571844,-0.6454311870045223,0,1,-0.17988013220619592,-0.7570514979378378,-3.785257489689189,-0.7715232066485986,-0.2469302179470989,-1.4165223823177533,-0.2446048268782326,-1.4945310012892674,-0.23629797764465477,-0.9388074569361791,-0.22835495512930026,-0.9251109392843835,-0.050435734730193804,-0.1281772635905274,0.005097109632979047,0.03240961287107824,-0.12346228676773707,-0.5752955389394964,-0.15916634931657025,-0.6958645575655841,False,False,False
10,252,pullback_high_volume_low_rsi,1,-1,1,-1,1.0,2,0.0005,0.07046298339347734,0.42122718505522866,-0.26502195858761257,-0.1450901837205849,-0.5798116604759929,-0.1286167974967498,-0.510275935158736,1,1,-0.11543639747009737,-0.4667800762551844,-2.333900381275922,-0.6731062487419119,-0.3347235623896945,-1.8938931242196229,-0.2921596631473544,-1.6361736994685838,-0.1895268427499135,-0.725334274006857,-0.20122519235323844,-0.8062627608859158,0.020341906899326023,0.11646778949260972,0.03595421559167589,0.16537463422335563,-0.041345952190281254,-0.20822587850351182,-0.02536364750767084,-0.12291252475422154,False,False,False
10,252,pullback_high_volume_low_rsi,1,-1,1,-1,1.0,3,0.0005,-0.011085131388659852,0.060617411679790185,-0.29387030637025524,-0.2266382985027221,-0.9404214338514314,-0.1830241286500357,-0.7632490978778254,0,0,-0.21979498319837504,-1.0075513111289758,-5.0377565556448785,-1.0514264370924045,-0.27976741646636827,-1.5293096621559155,-0.24663067521853155,-1.3167914578807574,-0.36104506873379727,-1.5500034231701691,-0.27627871578582053,-1.2566066500158093,-0.1598225499303818,-0.4645339352039115,-0.14964035980527357,-0.42928613665688975,-0.1040852164408852,-0.4857929601020361,-0.05666911110259765,-0.25511657765425666,False,False,False
10,252,pullback_high_volume_low_rsi,1,-1,1,-1,1.0,5,0.0005,0.08534105048312379,0.475351734889216,-0.30259790770372397,-0.13021211663093846,-0.5256871106420056,-0.13021211663093846,-0.5256871106420056,1,1,-0.12459984737030072,-0.38237999112182397,-2.4919969474060144,-0.6040835232174312,-0.27938377987569607,-1.4668965390281883,-0.27938377987569607,-1.4668965390281883,-0.09139272876655724,-0.30056387343327384,-0.09139272876655724,-0.30056387343327384,-0.1578069659740442,-0.4641961088103741,-0.1578069659740442,-0.4641961088103741,0.02772357340983156,0.10013487082224026,0.02772357340983156,0.10013487082224026,False,False,False
10,252,pullback_high_volume_low_rsi,1,-1,1,-1,1.0,10,0.0005,0.12540292683349885,0.6318133441928241,-0.29623432436361474,-0.0901502402805634,-0.3692255013383975,-0.15550730438542937,-0.5730256120629863,1,1,-0.15779621150485057,-0.6798947729032999,-3.3994738645164992,-0.41822739831449307,-0.2896475549819493,-1.6473556382360737,-0.16397049027587562,-0.9004270927776581,-0.27391121215173597,-1.1252357744309252,-0.3046338410820295,-1.293651532104564,0.3412287997427381,0.9221591434311894,0.042063880668674836,0.18508586384546155,-0.04168121085796517,-0.23455377137567468,-0.13849552673609877,-0.6188375692347882,False,False,False
10,252,pullback_low_volume_high_rsi,1,-1,-1,1,0.25,1,0.0005,0.21401588052745169,0.9952942106809876,-0.26077643000923145,-0.0015372865866105645,-0.0057446348502340205,0.005363909632773556,0.020529110106525472,2,2,0.001814467304783407,0.058494766702192,0.03628934609566814,-0.0071318209200660595,-0.004902456656227239,0.06269058504399494,-0.002577065587360927,-0.015318033927519181,0.008531391265794053,0.054298948360389065,0.016474413781148556,0.06799546601218465,-0.04680242978772364,-0.13597904079399414,0.008730414575449208,0.02460783566761149,0.03570406254883318,0.12056901862608771,0.0,0.0,False,False,False
10,252,pullback_low_volume_high_rsi,1,-1,-1,1,0.25,2,0.0005,0.202608150207382,0.9458223714277137,-0.23166749721119217,-0.012945016906680262,-0.05521647410350783,0.0035283693171548336,0.014319251213749107,1,2,-0.01579730668748014,-0.0671100992400181,-0.3355504962000905,-0.060054867576268406,-0.040388242632310556,-0.2458518715613629,0.002175656610029497,0.011867553189676028,0.024814390516741947,0.13860298395281867,0.013116040913417004,0.057674497073759934,-0.015612308692349863,-0.04890684473074591,0.0,0.0,-0.015982304682610415,-0.08531335374929028,0.0,0.0,False,False,False
10,252,pullback_low_volume_high_rsi,1,-1,-1,1,0.25,3,0.0005,0.1720673061697755,0.8250729462052449,-0.20648298532333753,-0.04348586094428675,-0.17596589932597673,0.0001283089083996547,0.0012064366476293165,0,1,-0.040276423293062136,-0.22159729336146872,-1.1079864668073436,-0.20174076552201964,-0.03313674124783672,-0.212518204275158,0.0,0.0,-0.08422833351011749,-0.28579035232332917,0.0005380194378592495,0.007606420831030691,-0.010182190125108237,-0.03524779854702176,0.0,0.0,-0.04741610533828755,-0.23067638244777944,0.0,0.0,False,False,False
10,252,pullback_low_volume_high_rsi,1,-1,-1,1,0.25,5,0.0005,0.21794458642771763,1.0106464517813853,-0.21988831808861653,0.002391419313655385,0.00960760625016377,0.002391419313655385,0.00960760625016377,1,1,0.0,0.0,0.0,0.009597635789113957,0.0,0.0,0.0,0.0,0.010362941421311778,0.04232392843778565,0.010362941421311778,0.04232392843778565,0.0,0.0,0.0,0.0,0.0,0.0,0.0,0.0,False,False,False
10,252,pullback_low_volume_high_rsi,1,-1,-1,1,0.25,10,0.0005,0.2809102312189282,1.2048389562558104,-0.19672816700819518,0.06535706410486597,0.2038001107245888,0.0,0.0,3,0,0.06376847240421357,0.2763497777663762,1.2753694480842714,0.2035886136031396,-0.12567706470607365,-0.7469285454584156,0.0,0.0,0.03072262893029354,0.16841575767363892,0.0,0.0,0.2991649190740633,0.7370732795857279,0.0,0.0,0.0968143158781336,0.3842837978591135,0.0,0.0,True,False,False
10,252,pullback_low_volume_high_rsi,1,-1,-1,1,0.5,1,0.0005,0.20200532285644957,0.9429926453857279,-0.268187260713011,-0.013547844257612685,-0.058046200145493665,-0.006646648038228564,-0.03177245518873417,1,2,-0.04945658731772684,-0.17055909304999756,-0.9891317463545368,-0.0628515202954253,-0.10739008367771286,-0.6218169757083605,-0.10506469260884654,-0.6998255946798746,-0.08066207019151705,-0.2969853645718914,-0.07271904767616255,-0.2832888469200958,-0.018251104443936628,-0.044132821528103716,0.03728173991923622,0.11645405493350192,0.15475545288550197,0.6182877203647709,0.11905139033666878,0.49771870173868316,False,False,False
10,252,pullback_low_volume_high_rsi,1,-1,-1,1,0.5,2,0.0005,0.21586896496611363,0.9856000905708896,-0.2571917461108686,0.00031579785205138045,-0.01543875496033198,0.016789184075886476,0.054096970356924956,2,2,0.03786509146272754,0.10828089299122373,0.5414044649561186,-0.015422733122947983,-0.16499529363092602,-0.9375308750295251,-0.12243139438858597,-0.6798114502784862,-0.01804171933139509,-0.052639017630553786,-0.029740068934720032,-0.13356750450961252,0.09377190225685017,0.26920080361300125,0.10938421094920003,0.31810764834374716,0.10857369086770152,0.440130879076453,0.12455599555031194,0.5254442328257433,False,False,False
10,252,pullback_low_volume_high_rsi,1,-1,-1,1,0.5,3,0.0005,0.18295581622635493,0.8659386100786055,-0.2203846090502649,-0.03259735088770732,-0.13510023545261607,0.01101681896497908,0.042072100520989975,2,3,-0.014554361804252403,-0.022031497134709865,-0.29108723608504805,-0.1512264993557626,-0.17208201007788038,-0.9728413659025809,-0.13894526883004366,-0.7603231616274229,-0.03078170250022194,-0.08049856594959381,0.0539846504477548,0.21289820720476604,0.0016729788917171362,0.036435571680174084,0.011855169016825373,0.07168337022719584,0.08239464407953623,0.31781573805366536,0.12981074941782378,0.5484921205014448,False,True,False
10,252,pullback_low_volume_high_rsi,1,-1,-1,1,0.5,5,0.0005,0.17612596458518293,0.8323095802470244,-0.21988831808861664,-0.039427202528879324,-0.16872926528419718,-0.039427202528879324,-0.16872926528419718,1,1,-0.044552861922747766,-0.16534462333322375,-0.8910572384549553,-0.1829117291884466,-0.1322287945256322,-0.7761013202829206,-0.1322287945256322,-0.7761013202829206,-0.06729372295022018,-0.23273813775811547,-0.06729372295022018,-0.23273813775811547,0.07450410299307397,0.19644997191172597,0.07450410299307397,0.19644997191172597,-0.021812000895275352,-0.09795110890833203,-0.021812000895275352,-0.09795110890833203,False,False,False
10,252,pullback_low_volume_high_rsi,1,-1,-1,1,0.5,10,0.0005,0.19995320949604944,0.8910781771086377,-0.20924437554079267,-0.015599957618012805,-0.1099606684225839,-0.08095702172287877,-0.3137607791471727,1,1,-0.041540423394040515,-0.1826203552542558,-0.913101776271279,-0.10984655481998906,-0.2519460119749648,-1.3550119687957225,-0.12626894726889115,-0.6080834233373069,-0.06467490022563127,-0.24852588705418444,-0.09539752915592481,-0.41694164472782336,0.3578211283613917,0.8563359987852089,0.0586562092873284,0.11926271919948106,-0.01840594656244976,-0.11671482345432715,-0.11522026244058337,-0.5009986213134406,False,False,False
10,252,pullback_low_volume_high_rsi,1,-1,-1,1,1.0,1,0.0005,0.1022138626400142,0.5552621721531761,-0.26617889647805637,-0.11333930447404805,-0.4457766733780455,-0.10643810825466393,-0.419502928421286,1,2,-0.10538667294586468,-0.368286281926046,-2.1077334589172936,-0.5258067231926745,-0.2684018045596518,-1.535741877430346,-0.2660764134907855,-1.61375049640186,-0.18493187932597133,-0.6944890759680181,-0.17698885681061682,-0.6807925583162225,-0.02584146656575803,-0.0420834878840739,0.02969137779741482,0.11850338857753173,0.04391953034350715,0.1367610262536606,0.00821546779467397,0.01619200762757289,False,False,False
10,252,pullback_low_volume_high_rsi,1,-1,-1,1,1.0,2,0.0005,0.13227598272288232,0.6749297196956279,-0.2257370632300797,-0.08327718439117993,-0.3261091258355937,-0.06680379816734483,-0.25657340051833677,1,2,-0.09494600005895781,-0.3746105547165446,-1.8989200011791563,-0.38634173418158557,-0.28131769063185863,-1.5736488912374678,-0.23875379138951858,-1.3159294664864287,-0.19068961493403114,-0.728145266866027,-0.20238796453735608,-0.8090737537450857,0.19048699490609056,0.55763252037503,0.20609930359844042,0.6065393651057759,0.0007976148161155105,-0.021075842567062186,0.016779919498725926,0.06423751118222809,False,False,False
10,252,pullback_low_volume_high_rsi,1,-1,-1,1,1.0,3,0.0005,0.10571331439672771,0.5722369958571194,-0.2581656101240628,-0.10983985271733454,-0.4288018496741022,-0.06622568286464814,-0.25162951370049613,1,1,-0.1267320870240377,-0.5094718128381865,-2.5473590641909327,-0.5095719732998013,-0.27299173970811785,-1.5514706643929967,-0.23985499846028113,-1.3389524601178389,-0.19929358485562565,-0.7579824131938394,-0.11452723190764891,-0.46458564003947955,0.12517769570363257,0.39766730828802566,0.1353598858287408,0.4329151068350474,-0.05417058919244977,-0.2609612124825338,-0.006754483854162219,-0.03028483003475435,False,False,False
10,252,pullback_low_volume_high_rsi,1,-1,-1,1,1.0,5,0.0005,0.11419169034099919,0.6011013477534428,-0.2772917094145564,-0.10136147677306306,-0.39993749777777876,-0.10136147677306306,-0.39993749777777876,1,1,-0.15057780726987668,-0.7012343251329411,-3.5061716256647055,-0.4702388655668722,-0.16783604163785526,-0.9509136588053476,-0.16783604163785526,-0.9509136588053476,-0.1333195729018981,-0.5105577242662827,-0.1333195729018981,-0.5105577242662827,0.12146746741877013,0.35720800168837263,0.12146746741877013,0.35720800168837263,-0.18826462442723146,-0.8919109259995995,-0.18826462442723146,-0.8919109259995995,False,False,False
10,252,pullback_low_volume_high_rsi,1,-1,-1,1,1.0,10,0.0005,0.08694570626297948,0.491616429062295,-0.23384464618674483,-0.12860746085108277,-0.5094224164689265,-0.19396452495594874,-0.7132225271935153,1,0,-0.16061124744758049,-0.6808963595645672,-3.404481797822836,-0.5966391613398506,-0.26664353723608414,-1.5488377228546246,-0.1409664725300105,-0.801909177396209,-0.24998122908034603,-1.026368759021554,-0.2807038580106396,-1.194784516695193,0.10776736939996967,0.3866797736554849,-0.19139754967409361,-0.350393505930243,-0.07124126581481494,-0.3354239601075804,-0.16805558169294854,-0.719707757966694,False,False,False
10,252,pullback_low_volume_low_rsi,1,-1,-1,-1,0.25,1,0.0005,0.1955276485520523,0.9205983076687962,-0.26077643000923134,-0.02002551856200996,-0.08044053786242533,-0.013124322342625838,-0.05416679290566584,2,3,-0.024007108963933876,-0.030544572092198075,-0.48014217927867753,-0.09290291963751682,0.0030121657970245685,0.0866455955864669,0.00533755686589088,0.008636976614952774,-0.1069681369396216,-0.41302274968458397,-0.09902511442426709,-0.3993262320327884,-0.05102638372489232,-0.14773473977086304,0.0045064606382805295,0.012852136690742588,0.06755004553464583,0.25006181832371277,0.03184598298581265,0.12949279969762506,False,False,False
10,252,pullback_low_volume_low_rsi,1,-1,-1,-1,0.25,2,0.0005,0.18810585604528107,0.8867135581707312,-0.23166749721119206,-0.027447311068781177,-0.11432528736049041,-0.010973924844946081,-0.04478956204323348,1,1,-0.03244996898607855,-0.10306835691552291,-0.648999379721571,-0.1273342973163421,-0.053462483053495546,-0.32018710409482987,-0.010898583811155493,-0.06246767934379094,-0.02846508271440995,-0.0997198857139927,-0.04016343231773489,-0.18064837259305144,-0.036434855257747145,-0.10641682811705311,-0.020822546565397282,-0.057509983386307195,0.007380962688379844,0.01616933653409036,0.02336326737099026,0.10148269028338064,False,False,False
10,252,pullback_low_volume_low_rsi,1,-1,-1,-1,0.25,3,0.0005,0.13943720095780354,0.695892593615669,-0.20648298532333698,-0.07611596615625871,-0.30514625191555256,-0.032501796303572306,-0.12797391594194651,0,1,-0.04586871261646974,-0.19861287359224367,-0.9930643679612183,-0.35311921961221354,-0.02927235915974946,-0.21882666501358683,0.0038643820880872592,-0.006308460738428834,-0.1989073927104501,-0.7864358854933693,-0.11414103976247336,-0.49303911233900943,-0.06246506607319002,-0.1783990821709005,-0.052282875948081786,-0.14315128362387874,-0.019845151906529246,-0.1108548175932369,0.027570953431758305,0.11982156485454254,False,False,False
10,252,pullback_low_volume_low_rsi,1,-1,-1,-1,0.25,5,0.0005,0.16823993724728492,0.8197225983036512,-0.21988831808861642,-0.04731322986677733,-0.18131624722757034,-0.04731322986677733,-0.18131624722757034,1,1,-0.04849586556075092,-0.24116511523751832,-1.2058255761875916,-0.21949679747336318,-0.05047158468255031,-0.29037296573529237,-0.05047158468255031,-0.29037296573529237,-0.046520146438951526,-0.19195726473974428,-0.046520146438951526,-0.19195726473974428,-0.11072394832809618,-0.3180384662133219,-0.11072394832809618,-0.3180384662133219,0.01630359436346196,0.06747622144252119,0.01630359436346196,0.06747622144252119,False,False,False
10,252,pullback_low_volume_low_rsi,1,-1,-1,-1,0.25,10,0.0005,0.2197894004739256,0.9798330984672842,-0.1967281670081955,0.0042362333598633395,-0.021205747063937408,-0.06112083074500263,-0.22500585778852622,2,0,0.014409272610285129,0.06826156345968809,0.2881854522057026,-0.02118374042985729,-0.19757510683520296,-1.0986900659079337,-0.07189804212912931,-0.3517615204495182,-0.06362145286973853,-0.23228182386493024,-0.09434408180003206,-0.40069758153856916,0.22553285899821263,0.5597236805703626,-0.07363206007585066,-0.1773495990153653,0.09243999809030878,0.3688049507843064,-0.004374317787824822,-0.015478847074807067,False,False,False
10,252,pullback_low_volume_low_rsi,1,-1,-1,-1,0.5,1,0.0005,0.17094560382808144,0.8235815790840969,-0.23480992006761792,-0.04460756328598081,-0.17745726644712467,-0.03770636706659669,-0.15118352149036518,1,1,-0.07327645194371157,-0.2757806634738377,-1.4655290388742315,-0.20694459693267345,-0.08654971096547981,-0.5260926537830378,-0.0842243198966135,-0.6041012727545519,-0.10255783639123872,-0.39350883783038015,-0.09461481387588422,-0.3798123201785846,-0.06000319292194334,-0.1580524891172952,-0.004470348558770487,0.0025343873443104403,0.06648898781673052,0.26179834224156606,0.030784925267897334,0.14122932361547835,False,False,False
10,252,pullback_low_volume_low_rsi,1,-1,-1,-1,0.5,2,0.0005,0.21337861203407016,0.9767114129119036,-0.22058413827750134,-0.002174555079992091,-0.024327432619318023,0.014298831143843005,0.04520829269793891,2,2,-0.019326699676856074,-0.08670861691060122,-0.4335430845530061,-0.02430218640157583,-0.12606285917249882,-0.7293978388181778,-0.08349895993015877,-0.47167841406713884,-0.06405313392448186,-0.251815226309249,-0.0757514835278068,-0.33274371318830775,0.17612527819870394,0.4887807569975152,0.1917375868910538,0.5376876017282611,0.025399734570769716,0.07839799248804658,0.04138203925338013,0.16371134623733685,False,False,False
10,252,pullback_low_volume_low_rsi,1,-1,-1,-1,0.5,3,0.0005,0.15736818593349677,0.7636343102869891,-0.22404399892223803,-0.058184981180565476,-0.23740453524423244,-0.014570811327879074,-0.060232199270626396,1,3,-0.025311647381984104,-0.11254597782643994,-0.5627298891321997,-0.2699333160332377,-0.18396633051237266,-1.030964844654644,-0.15082958926453593,-0.8184466403794861,-0.03060307160091691,-0.10971102067539751,0.05416328134705983,0.18368575247896235,0.017139793013988047,0.09219082758774988,0.027321983139096284,0.12743862613477164,-0.0200202231630513,-0.11538093497748236,0.027395882175236252,0.11529544747029707,False,False,False
10,252,pullback_low_volume_low_rsi,1,-1,-1,-1,0.5,5,0.0005,0.18773532220498046,0.8809973636107432,-0.2618170155437346,-0.02781784490908179,-0.12004148192047837,-0.02781784490908179,-0.12004148192047837,1,1,-0.030625089678142037,-0.18062631339261942,-0.903131566963097,-0.12905328778751685,-0.04691493967480542,-0.2818950225360406,-0.04691493967480542,-0.2818950225360406,-0.17589200550766004,-0.6994251742071607,-0.17589200550766004,-0.6994251742071607,0.13630625226033555,0.3521655736315318,0.13630625226033555,0.3521655736315318,-0.014335239681478651,-0.07935760424919824,-0.014335239681478651,-0.07935760424919824,False,False,False
10,252,pullback_low_volume_low_rsi,1,-1,-1,-1,0.5,10,0.0005,0.19127875357745894,0.8968068142999153,-0.2843160224518856,-0.024274413536603312,-0.10423203123130631,-0.08963147764146928,-0.3080321419558951,1,1,-0.10966551444228934,-0.4545112139715732,-2.272556069857866,-0.11261450648859289,-0.2503677522596657,-1.3727442608103093,-0.12469068755359203,-0.6258157153518936,-0.21319753806133912,-0.8506422022231299,-0.24392016699163266,-1.0190579598967688,0.49969080841224733,1.3415216948682356,0.20052588933818405,0.6044484152825076,-0.006133490823239551,-0.05838022572001644,-0.10294780670137316,-0.44266402357912993,False,False,False
10,252,pullback_low_volume_low_rsi,1,-1,-1,-1,1.0,1,0.0005,0.017014488640100023,0.1868125849834478,-0.42474830336782055,-0.19853867847396223,-0.8142262605477738,-0.1916374822545781,-0.7879525155910143,0,1,-0.19855467535621418,-0.8119767871030537,-4.059883935515268,-0.9210659306569288,-0.3483468907795291,-1.937309073673522,-0.34602149971066276,-2.015317692645036,-0.3547808523389274,-1.5366333386175206,-0.3468378298235729,-1.522936820965725,-0.048762459932899294,-0.0873202355885867,0.006770384430273557,0.07326664087301893,-0.011264510197761757,-0.08531102600551443,-0.04696857274659494,-0.20588004463160214,False,False,False
10,252,pullback_low_volume_low_rsi,1,-1,-1,-1,1.0,2,0.0005,0.07581599975881481,0.44026492548707036,-0.285609701090594,-0.13973716735524744,-0.5607739200441513,-0.12326378113141234,-0.4912381947268943,1,1,-0.12393288422452131,-0.5209026947036741,-2.6045134735183706,-0.6482723924965762,-0.35858793843637216,-1.9596878231265213,-0.3160240391940321,-1.7019683983754823,-0.2266273815537072,-0.9112203038275934,-0.23832573115703215,-0.9921487907066522,0.10321504339637766,0.402743488889176,0.11882735208872752,0.4516503336199219,-0.021238386895335415,-0.1305850855797549,-0.0052560822127249995,-0.04527173183046462,False,False,False
10,252,pullback_low_volume_low_rsi,1,-1,-1,-1,1.0,3,0.0005,0.006535595563262664,0.14018755567630278,-0.2702850956584092,-0.20901757155079959,-0.8608512898549188,-0.16540340169811318,-0.6836789538813127,0,0,-0.20387659087515675,-0.8799982198040598,-4.399991099020299,-0.9696798908094713,-0.35423274411714345,-1.9034060004430844,-0.32109600286930673,-1.6908877961679263,-0.3328272658540383,-1.407892087035526,-0.24806091290606158,-1.1144953138811662,-0.04749603939634417,-0.06731691061017475,-0.03731384927123593,-0.032069112063152994,-0.07492591589627517,-0.3521043525725936,-0.027509810557987624,-0.12142797012481416,False,False,False
10,252,pullback_low_volume_low_rsi,1,-1,-1,-1,1.0,5,0.0005,0.10329719516942304,0.5629215141160859,-0.2674858960815074,-0.11225597194463921,-0.43811733141513565,-0.11225597194463921,-0.43811733141513565,1,1,-0.1795120550199003,-0.942263957333576,-4.71131978666788,-0.5207808980381985,-0.16811477415360954,-0.9538390627654528,-0.16811477415360954,-0.9538390627654528,-0.27906347536747744,-1.1493087968129398,-0.27906347536747744,-1.1493087968129398,0.25626552428910876,0.8643114632521659,0.25626552428910876,0.8643114632521659,-0.19090933588619108,-0.9306888519016991,-0.19090933588619108,-0.9306888519016991,False,False,False
10,252,pullback_low_volume_low_rsi,1,-1,-1,-1,1.0,10,0.0005,0.09845024259596857,0.5348733339151805,-0.25308848246610893,-0.11710292451809368,-0.46616551161604103,-0.18245998862295965,-0.6699656223406298,1,0,-0.19865803711735797,-0.8569817181841057,-4.284908590920528,-0.5432670096474501,-0.27239809172431273,-1.4932693470838636,-0.14672102701823908,-0.746340801625448,-0.2390138009813343,-0.9698129766341232,-0.26973642991162783,-1.1382287343077622,0.28478958659954445,0.8682076730963909,-0.014375332474518832,0.13113439351066303,-0.15830227325338164,-0.7441504597340883,-0.25511658913151525,-1.1284342575932018,False,False,False
10,504,near_high_high_volume_high_rsi,-1,1,1,1,0.25,1,0.0005,0.21393242687925684,0.9939832211467696,-0.26077643000923123,-0.0016207402348054067,-0.007055624384451953,0.005280455984578714,0.01921812057230754,1,1,-0.006347282921957298,0.027623224757499232,-0.12694565843914596,-0.00751898130983051,-0.0023253910688663115,0.07800861897151412,0.0,0.0,-0.010369174775048284,-0.022762169456515657,-0.0024261522596937812,-0.009065651804720076,-0.05553284436317285,-0.16058687646160563,0.0,0.0,0.05843080596448069,0.2094809053042922,0.02272674341564751,0.08891188667820449,False,False,False
10,504,near_high_high_volume_high_rsi,-1,1,1,1,0.25,2,0.0005,0.20253767254949517,0.9438009381623796,-0.2316674972111924,-0.013015494564567076,-0.057237907368841934,0.0034578916592680198,0.012297817948415002,2,1,-0.007089784199043603,-0.0212751991251377,-0.14179568398087206,-0.06038182940582724,-0.04256389924234005,-0.25771942475103893,0.0,0.0,0.0014327402942626577,0.04156185269162371,-0.010265609309062285,-0.03936663418743502,-0.015612308692349863,-0.04890684473074591,0.0,0.0,0.005736041452117924,0.006356446480470512,0.02171834613472834,0.09166980022976079,False,False,False
10,504,near_high_high_volume_high_rsi,-1,1,1,1,0.25,3,0.0005,0.1795371757234403,0.8519699005205701,-0.20648298532333698,-0.03601599139062195,-0.1490689450106515,0.007598178462064453,0.028103390962954555,0,2,-0.029723885812681372,-0.17650979486425933,-0.8825489743212966,-0.1670863475254052,-0.03313674124783672,-0.212518204275158,0.0,0.0,-0.07669223314760965,-0.26355082729660717,0.008074119800367097,0.029845945857752687,-0.010182190125108237,-0.03524779854702176,0.0,0.0,-0.026311030377526023,-0.14050138545336066,0.021105074960761527,0.09017499699441878,False,False,False
10,504,near_high_high_volume_high_rsi,-1,1,1,1,0.25,5,0.0005,0.22553973144582895,1.0370344458756873,-0.21988831808861675,0.0099865643317667,0.035995600344465695,0.0099865643317667,0.035995600344465695,2,2,0.008876224851357417,0.03009256705804242,0.1504628352902121,0.035958245282043874,0.0,0.0,0.0,0.0,0.017752449702714834,0.06018513411608484,0.017752449702714834,0.06018513411608484,0.0,0.0,0.0,0.0,0.022030159741450284,0.09420327263348871,0.022030159741450284,0.09420327263348871,False,False,False
10,504,near_high_high_volume_high_rsi,-1,1,1,1,0.25,10,0.0005,0.2897588246446805,1.233887503532418,-0.19672816700819562,0.07420565753061825,0.23284865800119636,0.008848593425752282,0.02904854727660755,3,2,0.08128606850606857,0.3402561156553758,1.6257213701213713,0.2326070152428805,-0.12567706470607365,-0.7469285454584156,0.0,0.0,0.04183882110226289,0.2061747795591773,0.011116192171969352,0.03775902188553837,0.2991649190740633,0.7370732795857279,0.0,0.0,0.12073331590987424,0.47433745175157427,0.023919000031740634,0.09005365389246078,True,False,False
10,504,near_high_high_volume_high_rsi,-1,1,1,1,0.5,1,0.0005,0.17467693122612848,0.8492049364638252,-0.2806902036682897,-0.040876235887933765,-0.15183390906739636,-0.033975039668549645,-0.12556016411063686,1,1,-0.049094072526875365,-0.14970955158996274,-0.9818814505375073,-0.18963412338220792,-0.03444245133405466,-0.11900237682378956,-0.032117060265188346,-0.19701099579530368,-0.12049818589962769,-0.4404382011212953,-0.11255516338427318,-0.4267416834694997,-0.06374569371969607,-0.18041672635613593,-0.008212849356523222,-0.019829849894530294,0.04813135197134866,0.17281546195383346,0.012427289422515475,0.05224644332774575,False,False,False
10,504,near_high_high_volume_high_rsi,-1,1,1,1,0.5,2,0.0005,0.132899182344274,0.6777332466945005,-0.252365429713027,-0.08265398476978825,-0.32330559883672105,-0.06618059854595315,-0.2537698735194641,1,1,-0.0940689752940832,-0.31829764095249274,-1.881379505881664,-0.38345056988214427,-0.14811183790385085,-0.8344075262857813,-0.1055479386615108,-0.5766881015347423,-0.12726371724353425,-0.4616452164660745,-0.1389620668468592,-0.5425737033451332,-0.060874233344632156,-0.174950065438911,-0.04526192465228229,-0.1260432207081651,0.004499468154805397,0.0035100114640044255,0.020481772837415813,0.0888233652132947,False,False,False
10,504,near_high_high_volume_high_rsi,-1,1,1,1,0.5,3,0.0005,0.11731384222991381,0.6142099743203294,-0.22785935759604503,-0.09823932488414844,-0.38682887121089216,-0.054625155031462036,-0.2096565352372861,0,1,-0.09426758885865127,-0.4193121858152044,-2.096560929076022,-0.455754495280341,-0.10486337350672303,-0.5985041111120656,-0.07172663225888631,-0.3859859068369076,-0.20308368424655443,-0.7841435923129696,-0.11831733129857769,-0.49074681915860974,-0.08367180421057951,-0.24012026051834323,-0.07348961408547128,-0.20487246197132147,-0.007486515381672998,-0.05719981599366808,0.03992958995661455,0.17347656645411136,False,False,False
10,504,near_high_high_volume_high_rsi,-1,1,1,1,0.5,5,0.0005,0.13771961906401153,0.6841277937569429,-0.24090356718648365,-0.07783354805005072,-0.3169110517742787,-0.07783354805005072,-0.3169110517742787,0,0,-0.07469192800650948,-0.3365269997181608,-1.682634998590804,-0.3610874713284276,-0.10434643656936915,-0.6272185552360511,-0.10434643656936915,-0.6272185552360511,-0.12967336681871156,-0.512552066291982,-0.12967336681871156,-0.512552066291982,-0.04503741944364981,-0.1332521751015029,-0.04503741944364981,-0.1332521751015029,-0.03521206715709124,-0.16050193314433958,-0.03521206715709124,-0.16050193314433958,False,False,False
10,504,near_high_high_volume_high_rsi,-1,1,1,1,0.5,10,0.0005,0.2541060430567208,1.1374743654458161,-0.2183673220869431,0.03855287594265855,0.13643551991459457,-0.02680418816220742,-0.06736459080999424,3,1,0.02702606468187485,0.11176304367498319,0.540521293637497,0.1362939315728475,-0.10794940397843922,-0.6197009530168961,0.01772766072763443,0.12722759244151954,0.022228758576834817,0.10965868557973857,-0.008493870353458721,-0.05875707209390035,0.23819151193655896,0.6312759523043668,-0.06097340713750432,-0.10579732728136104,0.031823370786914884,0.1138674017702278,-0.06499094509121872,-0.2704163960888857,True,False,False
10,504,near_high_high_volume_high_rsi,-1,1,1,1,1.0,1,0.0005,0.15238561598557565,0.7725979893732012,-0.27984349669268493,-0.0631675511284866,-0.22844085615802034,-0.05626635490910248,-0.20216711120126085,0,1,-0.062027179691662604,-0.2895587324831454,-1.4477936624157268,-0.29304858738197437,-0.07226380622835404,-0.3372212460695754,-0.06993841515948773,-0.4152298650410895,-0.1145353974016261,-0.3844927113416321,-0.1065923748862716,-0.3707961936898365,-0.015340688360545807,-0.03299197122187347,0.040192156002627044,0.12759490523973216,-0.051790553154971164,-0.24189621889671542,-0.08749461570380435,-0.36246523752280313,False,False,False
10,504,near_high_high_volume_high_rsi,-1,1,1,1,1.0,2,0.0005,0.16184483743177802,0.8079070399115861,-0.23516952243849998,-0.05370832968228423,-0.1931318056196355,-0.03723494345844913,-0.12359608030237856,1,1,-0.08881385252758733,-0.34370469397759995,-1.7762770505517467,-0.24916511504497585,-0.09436339925371828,-0.4779704576102577,-0.05179950001137823,-0.22025103285921876,-0.09875517599305361,-0.30214179037252253,-0.11045352559637855,-0.38307027725158127,0.07246471921398334,0.19342821698437496,0.0880770279063332,0.24233506171512087,-0.08326430580145638,-0.38526759758267737,-0.06728200111884597,-0.2999542438333871,False,False,False
10,504,near_high_high_volume_high_rsi,-1,1,1,1,1.0,3,0.0005,0.15055034508134124,0.7586062548181122,-0.25068018567647454,-0.06500282203272101,-0.2424325907131094,-0.021388652180034606,-0.06526025473950336,1,1,-0.09427095745585745,-0.36846131452139375,-1.885419149117149,-0.3015628250932823,-0.14179195500258324,-0.7904411662852671,-0.10865521375474652,-0.5779229620101091,-0.08939833581133816,-0.27474955763928577,-0.004631982863361417,0.01864721551507409,0.08953881659947172,0.25826474139609645,0.09972100672457995,0.2935125399431182,-0.09914357910037674,-0.4621730714035018,-0.05172747376208919,-0.23149668895572234,False,False,False
10,504,near_high_high_volume_high_rsi,-1,1,1,1,1.0,5,0.0005,0.047303868281916905,0.32664810217241136,-0.33695096068753283,-0.16824929883214534,-0.6743907433588102,-0.16824929883214534,-0.6743907433588102,0,0,-0.15984976389107025,-0.8270975914007856,-4.135487957003928,-0.7805466330407219,-0.15293631724181722,-0.853347335054764,-0.15293631724181722,-0.853347335054764,-0.327306144297025,-1.3812807783056487,-0.327306144297025,-1.3812807783056487,-0.014349626870092003,0.019399351391502284,-0.014349626870092003,0.019399351391502284,-0.16676321054032328,-0.8008478477468073,-0.16676321054032328,-0.8008478477468073,False,False,False
10,504,near_high_high_volume_high_rsi,-1,1,1,1,1.0,10,0.0005,0.06677076193108822,0.40539368310353785,-0.3022571320742973,-0.14878240518297403,-0.5956451624276837,-0.21413946928784,-0.7994452731522725,0,0,-0.1367363407847053,-0.507405032047953,-2.7347268156941063,-0.6902353009930224,-0.2566203207395873,-1.4921723526689816,-0.13094325603351364,-0.7452438072105658,-0.19443486185151393,-0.7512187776075671,-0.22515749078180747,-0.919634535281206,-0.0790378197178967,-0.22818575531726626,-0.37820273879196,-0.9652590349029941,-0.057720042028852836,-0.2635912864883388,-0.15453435790698644,-0.6478750843474523,False,False,False
10,504,near_high_high_volume_low_rsi,-1,1,1,-1,0.25,1,0.0005,0.21393242687925684,0.9939832211467696,-0.26077643000923123,-0.0016207402348054067,-0.007055624384451953,0.005280455984578714,0.01921812057230754,1,1,-0.006347282921957298,0.027623224757499232,-0.12694565843914596,-0.00751898130983051,-0.0023253910688663115,0.07800861897151412,0.0,0.0,-0.010369174775048284,-0.022762169456515657,-0.0024261522596937812,-0.009065651804720076,-0.05553284436317285,-0.16058687646160563,0.0,0.0,0.05843080596448069,0.2094809053042922,0.02272674341564751,0.08891188667820449,False,False,False
10,504,near_high_high_volume_low_rsi,-1,1,1,-1,0.25,2,0.0005,0.20253767254949517,0.9438009381623796,-0.2316674972111924,-0.013015494564567076,-0.057237907368841934,0.0034578916592680198,0.012297817948415002,2,1,-0.007089784199043603,-0.0212751991251377,-0.14179568398087206,-0.06038182940582724,-0.04256389924234005,-0.25771942475103893,0.0,0.0,0.0014327402942626577,0.04156185269162371,-0.010265609309062285,-0.03936663418743502,-0.015612308692349863,-0.04890684473074591,0.0,0.0,0.005736041452117924,0.006356446480470512,0.02171834613472834,0.09166980022976079,False,False,False
10,504,near_high_high_volume_low_rsi,-1,1,1,-1,0.25,3,0.0005,0.1795371757234403,0.8519699005205701,-0.20648298532333698,-0.03601599139062195,-0.1490689450106515,0.007598178462064453,0.028103390962954555,0,2,-0.029723885812681372,-0.17650979486425933,-0.8825489743212966,-0.1670863475254052,-0.03313674124783672,-0.212518204275158,0.0,0.0,-0.07669223314760965,-0.26355082729660717,0.008074119800367097,0.029845945857752687,-0.010182190125108237,-0.03524779854702176,0.0,0.0,-0.026311030377526023,-0.14050138545336066,0.021105074960761527,0.09017499699441878,False,False,False
10,504,near_high_high_volume_low_rsi,-1,1,1,-1,0.25,5,0.0005,0.22553973144582895,1.0370344458756873,-0.21988831808861675,0.0099865643317667,0.035995600344465695,0.0099865643317667,0.035995600344465695,2,2,0.008876224851357417,0.03009256705804242,0.1504628352902121,0.035958245282043874,0.0,0.0,0.0,0.0,0.017752449702714834,0.06018513411608484,0.017752449702714834,0.06018513411608484,0.0,0.0,0.0,0.0,0.022030159741450284,0.09420327263348871,0.022030159741450284,0.09420327263348871,False,False,False
10,504,near_high_high_volume_low_rsi,-1,1,1,-1,0.25,10,0.0005,0.2897588246446805,1.233887503532418,-0.19672816700819562,0.07420565753061825,0.23284865800119636,0.008848593425752282,0.02904854727660755,3,2,0.08128606850606857,0.3402561156553758,1.6257213701213713,0.2326070152428805,-0.12567706470607365,-0.7469285454584156,0.0,0.0,0.04183882110226289,0.2061747795591773,0.011116192171969352,0.03775902188553837,0.2991649190740633,0.7370732795857279,0.0,0.0,0.12073331590987424,0.47433745175157427,0.023919000031740634,0.09005365389246078,True,False,False
10,504,near_high_high_volume_low_rsi,-1,1,1,-1,0.5,1,0.0005,0.1976094696223074,0.9324077676493129,-0.26077643000923123,-0.01794369749175484,-0.0686310778819087,-0.01104250127237072,-0.042357332925149205,1,2,-0.034002424632962325,-0.08778186719835501,-0.6800484926592465,-0.08324487982243259,-0.02180244050081792,-0.041545009345704154,-0.01947704943195161,-0.11955362831721827,-0.08435429786551052,-0.30566541168998196,-0.07641127535015602,-0.2919688940381864,-0.04620240876510673,-0.13401872505100587,0.009330435598066122,0.02656815141059976,0.07405939607838774,0.2746746697262823,0.03835533352955456,0.15410565110019459,False,False,False
10,504,near_high_high_volume_low_rsi,-1,1,1,-1,0.5,2,0.0005,0.1770680150888786,0.8508115422562891,-0.2316674972111924,-0.038485152025183655,-0.1502273032749325,-0.02201176580134856,-0.08069157795767556,2,2,-0.029469290791587,-0.09971157524836827,-0.58938581583174,-0.1785413433745505,-0.1175753201596268,-0.6589129957905495,-0.07501142091728674,-0.4011935710395106,-0.06818588267720704,-0.22455794130413964,-0.07988423228053199,-0.3054864281831984,0.009247301094033045,0.025134790807403107,0.024859609786382908,0.07404163553814902,0.024648281756546542,0.08675538586457987,0.04063058643915696,0.17206873961387015,False,False,False
10,504,near_high_high_volume_low_rsi,-1,1,1,-1,0.5,3,0.0005,0.14215259578676576,0.7099283716663221,-0.2064829853233372,-0.0734005713272965,-0.2911104738648995,-0.02978640147461009,-0.11393813789129348,0,1,-0.07609528200829929,-0.3441137712584887,-1.7205688562924433,-0.34052188752325685,-0.09494833712979767,-0.5427465057851963,-0.061811595881960946,-0.33022830151003835,-0.13992092765274844,-0.5228389321543879,-0.0551545747047717,-0.22944215900002807,-0.05724222688680092,-0.16538861036258945,-0.04706003676169268,-0.1301408118155677,-0.006500973837504143,-0.052057172315630784,0.04091513150078341,0.17861921013214865,False,False,False
10,504,near_high_high_volume_low_rsi,-1,1,1,-1,0.5,5,0.0005,0.16732167664716413,0.8065786343598043,-0.21988831808861675,-0.04823149046689812,-0.19446021117141732,-0.04823149046689812,-0.19446021117141732,1,1,-0.053604384063684396,-0.22672053838983464,-1.133602691949173,-0.2237568165323032,-0.08935295836631818,-0.4864548378794661,-0.08935295836631818,-0.4864548378794661,-0.08348608994020634,-0.3463479421622808,-0.08348608994020634,-0.3463479421622808,0.0040386475624138995,0.0003966062682837501,0.0040386475624138995,0.0003966062682837501,-0.02372267818716245,-0.10709313461738845,-0.02372267818716245,-0.10709313461738845,False,False,False
10,504,near_high_high_volume_low_rsi,-1,1,1,-1,0.5,10,0.0005,0.25850472328999863,1.1241559660604432,-0.19672816700819518,0.04295155617593638,0.12311712052922164,-0.02240550792892959,-0.08068299019536718,3,1,0.07222809678268882,0.2742187309575899,1.3710936547879495,0.12298935358885801,-0.15848494272337788,-0.907187147753606,-0.032807878017304226,-0.1602586022951903,0.0791785889610741,0.29136627752259914,0.048455960030780565,0.12295051984896022,0.22619655313239062,0.6019900751814394,-0.07296836594167266,-0.13508320440428845,0.06527760460430354,0.2570711843925807,-0.031536711273830065,-0.1272126134665328,True,False,False
10,504,near_high_high_volume_low_rsi,-1,1,1,-1,1.0,1,0.0005,0.11872913273186514,0.6295712833033043,-0.29640668872841436,-0.09682403438219711,-0.3714675622279173,-0.08992283816281299,-0.34519381727115783,0,1,-0.1089569364875087,-0.4889476418685201,-2.4447382093426,-0.44918864184891166,-0.1344999403160203,-0.7333635045412314,-0.132174549247154,-0.8113721235127456,-0.15880170429068063,-0.5884185770327656,-0.15085868177532613,-0.57472205938097,-0.007604916544066809,-0.009179547420285039,0.04792792781910604,0.1514073290413206,-0.0834139326589971,-0.3894767067042746,-0.11911799520783029,-0.5100457253303623,False,False,False
10,504,near_high_high_volume_low_rsi,-1,1,1,-1,1.0,2,0.0005,0.12479812729498985,0.6546043226630771,-0.2799559113345629,-0.0907550398190724,-0.34643452286814447,-0.0742816535952373,-0.27689879755088753,0,1,-0.104226826660817,-0.43369207704762197,-2.16846038523811,-0.42103320045883813,-0.07601297215817482,-0.34750815093759546,-0.033449072915834765,-0.08978872618655653,-0.14492340985330165,-0.5198760031576485,-0.1566217594566266,-0.6008044900367072,-0.003236460222784565,-0.008067817499539887,0.012375848469565298,0.040839027231206027,-0.1324406811634592,-0.6204727868210913,-0.11645837648084878,-0.535159433071801,False,False,False
10,504,near_high_high_volume_low_rsi,-1,1,1,-1,1.0,3,0.0005,0.1482083619052168,0.751313245213143,-0.20522196188800335,-0.06734480520884545,-0.24972560031807856,-0.023730635356159047,-0.07255326434447251,1,2,-0.0901258812268928,-0.3500234115084363,-1.802517624537856,-0.312427815886413,-0.13945905767642586,-0.7807759607542453,-0.10632231642858914,-0.5682577564790873,-0.1413117735149414,-0.502000612282208,-0.056545420566964655,-0.2086038391278482,0.06052741880760282,0.198013850376478,0.07070960893271105,0.23326164892349976,-0.040792704777359745,-0.19804621073466455,0.006623400560927806,0.032630171713114886,False,False,False
10,504,near_high_high_volume_low_rsi,-1,1,1,-1,1.0,5,0.0005,0.09352709907472612,0.5314962102924765,-0.32707155470544824,-0.12202606803933613,-0.46954263523874507,-0.12202606803933613,-0.46954263523874507,1,1,-0.10415309179947468,-0.47924888985855035,-2.3962444492927517,-0.566106588333099,-0.07358647643071459,-0.32430374863431377,-0.07358647643071459,-0.32430374863431377,-0.3294699286137862,-1.3919798948917441,-0.3294699286137862,-1.3919798948917441,0.0722212045410362,0.24894184724286605,0.0722212045410362,0.24894184724286605,-0.13471970716823478,-0.6341940310827869,-0.13471970716823478,-0.6341940310827869,False,False,False
10,504,near_high_high_volume_low_rsi,-1,1,1,-1,1.0,10,0.0005,0.11988944886047403,0.6267405506964806,-0.2144085720947997,-0.09566371825358821,-0.374298294834741,-0.16102078235845418,-0.5780984055593298,1,0,-0.11590441684438113,-0.4441002592363125,-2.3180883368876226,-0.44380567232847357,-0.28215894127684715,-1.587367070747878,-0.1564818765707735,-0.8404385252894624,-0.16048227319429675,-0.5596194799721035,-0.1912049021245903,-0.7280352376457424,0.18514886670710728,0.4948776376294065,-0.114016052366956,-0.24219564195632137,-0.07132656049446551,-0.32858103850052156,-0.1681408763725991,-0.712864836359635,False,False,False
10,504,near_high_low_volume_high_rsi,-1,1,-1,1,0.25,1,0.0005,0.20392593155968797,0.9591507855379465,-0.26077643000923156,-0.011627235554374282,-0.04188805999327505,-0.004726039334990162,-0.015614315036515558,1,1,-0.013766597397523062,0.002692973778157526,-0.27533194795046123,-0.05394138119168347,-0.0023253910688663115,0.07800861897151412,0.0,0.0,-0.060321422287815674,-0.2019042507853266,-0.05237839977246117,-0.188207733133531,-0.02520780372617981,-0.07262267141519907,0.03032504063699304,0.08796420504640656,0.03570406254883318,0.12056901862608771,0.0,0.0,False,False,False
10,504,near_high_low_volume_high_rsi,-1,1,-1,1,0.25,2,0.0005,0.19446911555984348,0.916506170696417,-0.2316674972111924,-0.021084051554218775,-0.08453267483480453,-0.004610665330383679,-0.014996949517547598,1,1,-0.028558863994487482,-0.09537625623531187,-0.5711772798897496,-0.09781369411780401,-0.04256389924234005,-0.25771942475103893,0.0,0.0,-0.04113542330636455,-0.10543915872133347,-0.05283377290968949,-0.1863676456003922,0.01573648057759791,0.03879817679211828,0.031348789269947774,0.08770502152286419,-0.015982304682610415,-0.08531335374929028,0.0,0.0,False,False,False
10,504,near_high_low_volume_high_rsi,-1,1,-1,1,0.25,3,0.0005,0.162457846440764,0.7892735684035366,-0.2064829853233372,-0.05309532067329825,-0.211765277127685,-0.00948115082061185,-0.03459294115407896,1,1,-0.040276423293062136,-0.22159729336146872,-1.1079864668073436,-0.2463212273063114,-0.03313674124783672,-0.212518204275158,0.0,0.0,-0.15373286510585538,-0.5709357779772888,-0.06896651215787863,-0.2775390048229289,0.021305852698594974,0.05223515995783101,0.03148804282370321,0.08748295850485277,-0.04741610533828755,-0.23067638244777944,0.0,0.0,False,False,False
10,504,near_high_low_volume_high_rsi,-1,1,-1,1,0.25,5,0.0005,0.19982047714179907,0.9448342546397646,-0.21988831808861686,-0.01573268997226318,-0.05620459089145702,-0.01573268997226318,-0.05620459089145702,1,1,0.0,0.0,0.0,-0.07298751478765357,0.0,0.0,0.0,0.0,-0.09252438388613737,-0.33563923783923366,-0.09252438388613737,-0.33563923783923366,0.02625824209579619,0.07348931080428756,0.02625824209579619,0.07348931080428756,0.0,0.0,0.0,0.0,False,False,False
10,504,near_high_low_volume_high_rsi,-1,1,-1,1,0.25,10,0.0005,0.2747667957446296,1.180715691561273,-0.1967281670081955,0.05921362863056734,0.17967684603005152,-0.006143435474298631,-0.024123264694537294,3,0,0.05749838142583963,0.2445904116636673,1.1499676285167926,0.1794903832475176,-0.12567706470607365,-0.7469285454584156,0.0,0.0,0.018182446973545652,0.1048970254682211,-0.012540181956747887,-0.06351873220541782,0.28407279019078735,0.7010158252428172,-0.015092128883275935,-0.03605745434291063,0.0968143158781336,0.3842837978591135,0.0,0.0,True,False,False
10,504,near_high_low_volume_high_rsi,-1,1,-1,1,0.5,1,0.0005,0.17792558084754573,0.8655750725297184,-0.24425857507160087,-0.03762758626651652,-0.13546377300150314,-0.0307263900471324,-0.10919002804474365,1,1,-0.024885164135531657,-0.10382340193082806,-0.5191170096541403,-0.17456290144234107,-0.04081236591080861,-0.15029664409196863,-0.0384869748419423,-0.22830526306348276,-0.1467841053533172,-0.542667555717029,-0.1388410828379627,-0.5289710380652334,0.04508744368444306,0.12669418042235103,0.10062028804761591,0.28728105688395666,-0.008957962360254701,-0.05735015976968749,-0.04466202490908788,-0.1779191783957752,False,False,False
10,504,near_high_low_volume_high_rsi,-1,1,-1,1,0.5,2,0.0005,0.1716208147022269,0.8433983203225893,-0.21449920693996816,-0.04393235241183535,-0.15764052520863225,-0.027458966188000256,-0.08810479989137532,0,2,-0.015273811759738742,-0.03973812292661738,-0.30547623519477485,-0.2038121406427217,-0.012484670722727742,-0.006615373465357122,0.03007922851961231,0.2511040512856818,-0.14715590605689122,-0.5325931806238751,-0.15885425566021616,-0.6135216675029338,-0.018062952796749743,-0.04380901883592225,-0.0024506441043998795,0.00509782589482366,-0.0035274109818999033,-0.03566722701731251,0.012454893700710512,0.04964612673197777,False,False,False
10,504,near_high_low_volume_high_rsi,-1,1,-1,1,0.5,3,0.0005,0.16040802134694632,0.7948716256494506,-0.22830350427764812,-0.05514514576711593,-0.206167219881771,-0.011530975914429531,-0.02899488390816496,2,2,-0.0070190633319722195,-0.04153984614549966,-0.2076992307274983,-0.2558308305344235,-0.03951050198246575,-0.16301715670834716,-0.00637376073462903,0.04950104756681084,-0.2594745303917023,-1.0529873002181254,-0.17470817744372558,-0.7595905270637656,0.025472375318521312,0.07993746441734784,0.03565456544362955,0.1151852629643696,0.05554748432504564,0.20852596466993056,0.10296358966333319,0.43920234711771,False,False,False
10,504,near_high_low_volume_high_rsi,-1,1,-1,1,0.5,5,0.0005,0.05925448086215446,0.3740906318039009,-0.3721485307011273,-0.1562986862519078,-0.6269482137273207,-0.1562986862519078,-0.6269482137273207,1,1,-0.11194353748732044,-0.376609782351734,-2.238870749746409,-0.7251050325287064,-0.04989941392723529,-0.2306844339543701,-0.04989941392723529,-0.2306844339543701,-0.401290844098117,-1.7367204181605842,-0.401290844098117,-1.7367204181605842,-0.1739876610474056,-0.5225351307490979,-0.1739876610474056,-0.5225351307490979,0.00948211341033467,0.043563632923221074,0.00948211341033467,0.043563632923221074,False,False,False
10,504,near_high_low_volume_high_rsi,-1,1,-1,1,0.5,10,0.0005,0.2232072016905593,1.042556163742674,-0.16211121583411836,0.0076540345764970485,0.041517318211452325,-0.05770302952836892,-0.1622827925131365,2,1,0.012108236465520172,0.09101443730483177,0.24216472931040345,0.03550880128078487,-0.20618976900945218,-1.1785065085254294,-0.08051270430337854,-0.43157796306701374,-0.12165985373228727,-0.4152044111338542,-0.1523824826625808,-0.5836201688074931,0.2622454182807319,0.6981161294017507,-0.036919500793331395,-0.03895715018397716,0.14587632666332762,0.5972332857435177,0.04906201078519401,0.21294948788440426,False,False,False
10,504,near_high_low_volume_high_rsi,-1,1,-1,1,1.0,1,0.0005,0.11364063653353584,0.6169790095411758,-0.23026953027247465,-0.1019125305805264,-0.3840598359900458,-0.09501133436114229,-0.3577860910332863,0,1,-0.0835858320229963,-0.42150340032669514,-2.1075170016334757,-0.4727953290827701,-0.11246049872184627,-0.5943945161425692,-0.11013510765297996,-0.6724031351140833,-0.2066929960833659,-0.7994306975626513,-0.19874997356801138,-0.7857341799108557,-0.036389102085160774,-0.08137782150808226,0.019143742278012077,0.07920905495352337,-0.05471116532414633,-0.24861228451082107,-0.09041522787297951,-0.3691813031369088,False,False,False
10,504,near_high_low_volume_high_rsi,-1,1,-1,1,1.0,2,0.0005,0.1299989183910959,0.6905618275918741,-0.2381114059051983,-0.08555424872296635,-0.31047701793934745,-0.06908086249913126,-0.24094129262209052,0,0,-0.06862662947522857,-0.32722164882449617,-1.6361082441224808,-0.39690555174118325,-0.07822303083361115,-0.3935148953046369,-0.0356591315912711,-0.13579547055359797,-0.15038045649689846,-0.5476241374331071,-0.1620788061002234,-0.6285526243121659,-0.059030228116845995,-0.14452454436023143,-0.04341791942449613,-0.09561769962948552,-0.058677194987134085,-0.26092840234435544,-0.04269489030452367,-0.17561504859506516,False,False,False
10,504,near_high_low_volume_high_rsi,-1,1,-1,1,1.0,3,0.0005,0.07209836118771684,0.43706028685115583,-0.30702091613858096,-0.1434548059263454,-0.5639785586800657,-0.099840636073659,-0.3868062227064597,1,1,-0.1867268923780397,-0.8920364956898281,-4.46018247844914,-0.6655193604760851,-0.17949436001929286,-1.0191219890901924,-0.14635761877145614,-0.8066037848150344,-0.2158588183227046,-0.8448735172215613,-0.13109246537472785,-0.5514767440672015,0.03714827600732318,0.17466287148394166,0.047330466132431415,0.20991067003096342,-0.1939594247367865,-0.9391994741580948,-0.14654331939849896,-0.7085230917103154,False,False,False
10,504,near_high_low_volume_high_rsi,-1,1,-1,1,1.0,5,0.0005,0.0963582315424536,0.5465798593002859,-0.4050906368618512,-0.11919493557160865,-0.4544589862309357,-0.11919493557160865,-0.4544589862309357,1,1,-0.10462100102128713,-0.5707729197136118,-2.853864598568059,-0.5529723231045609,-0.17449899867640695,-0.9896377196040462,-0.17449899867640695,-0.9896377196040462,-0.32440350638593907,-1.3591248386328967,-0.32440350638593907,-1.3591248386328967,0.07824614396414176,0.33073124903183004,0.07824614396414176,0.33073124903183004,-0.03474300336616731,-0.1519081198231773,-0.03474300336616731,-0.1519081198231773,False,False,False
10,504,near_high_low_volume_high_rsi,-1,1,-1,1,1.0,10,0.0005,0.18199652174349001,0.91612453495451,-0.3805703096096875,-0.033556645370572236,-0.08491431057671162,-0.0989137094754382,-0.28871442130130043,2,1,-0.05523037683684218,-0.35601417420933296,-1.7800708710466646,-0.15567688389758327,-0.16894924396492428,-0.95715728405279,-0.04327217925885063,-0.2102287385943743,-0.30435507313109866,-1.2685540783104154,-0.3350777020613922,-1.4369698359840544,0.3599263024798982,1.1569673621877423,0.06076138340583492,0.41989408260201433,0.058488490291239925,0.24512893563412408,-0.03832582558689368,-0.1391548622249894,False,False,False
10,504,near_high_low_volume_low_rsi,-1,1,-1,-1,0.25,1,0.0005,0.21428008179927294,0.9962597526440171,-0.26077643000923145,-0.0012730853147893129,-0.004779092887204461,0.0056281109045948075,0.02149465206955503,1,1,-0.009496280357864317,0.015213064904155527,-0.18992560715728635,-0.00590613133564234,-0.0023253910688663115,0.07800861897151412,0.0,0.0,-0.016667169646862323,-0.04758248916320307,-0.00872414713150782,-0.03388597151140749,-0.02520780372617981,-0.07262267141519907,0.03032504063699304,0.08796420504640656,0.03570406254883318,0.12056901862608771,0.0,0.0,False,False,False
10,504,near_high_low_volume_low_rsi,-1,1,-1,-1,0.25,2,0.0005,0.20806005179622633,0.965109163441116,-0.23166749721119229,-0.007493115317835919,-0.03592968209010561,0.008980270905999177,0.03360604322715133,2,2,-0.00012291205250625215,-0.023257588478586,-0.11628794239293,-0.0358923954355026,-0.04256389924234005,-0.25771942475103893,0.0,0.0,0.0177465999605102,0.09893723636682217,0.006048250357185259,0.01800874948776343,0.01573648057759791,0.03879817679211828,0.031348789269947774,0.08770502152286419,-0.015982304682610415,-0.08531335374929028,0.0,0.0,False,False,False
10,504,near_high_low_volume_low_rsi,-1,1,-1,-1,0.25,3,0.0005,0.17945242946138262,0.852411756817253,-0.2064829853233372,-0.036100737652679626,-0.14862708871396857,0.0075134322000067755,0.028545247259637474,1,1,-0.040276423293062136,-0.22159729336146872,-1.1079864668073436,-0.16747950464386607,-0.03313674124783672,-0.212518204275158,0.0,0.0,-0.08443163387465713,-0.2955028339102943,0.0003347190733196115,-0.002106060755934447,0.021305852698594974,0.05223515995783101,0.03148804282370321,0.08748295850485277,-0.04741610533828755,-0.23067638244777944,0.0,0.0,False,False,False
10,504,near_high_low_volume_low_rsi,-1,1,-1,-1,0.25,5,0.0005,0.22496730040566204,1.03617447049817,-0.21988831808861653,0.009414133291599791,0.03513562496694833,0.009414133291599791,0.03513562496694833,2,2,0.0065300581227716314,0.022101164286958408,0.11050582143479204,0.03509916235898208,0.0,0.0,0.0,0.0,0.013060116245543263,0.044202328573916816,0.013060116245543263,0.044202328573916816,0.02625824209579619,0.07348931080428756,0.02625824209579619,0.07348931080428756,0.0,0.0,0.0,0.0,False,False,False
10,504,near_high_low_volume_low_rsi,-1,1,-1,-1,0.25,10,0.0005,0.2919309952451472,1.2343453840244762,-0.19672816700819507,0.07637782813108496,0.23330653849325467,0.011020764026218988,0.029506427768665855,3,1,0.09407447813468184,0.35742386204810955,1.7871193102405476,0.23306442056146764,-0.12567706470607365,-0.7469285454584156,0.0,0.0,0.09133464039123007,0.3305639262371056,0.06061201146093653,0.1621481685634667,0.28407279019078735,0.7010158252428172,-0.015092128883275935,-0.03605745434291063,0.0968143158781336,0.3842837978591135,0.0,0.0,True,False,False
10,504,near_high_low_volume_low_rsi,-1,1,-1,-1,0.5,1,0.0005,0.16623051900614594,0.8197193373676659,-0.24425857507160076,-0.04932264810791631,-0.1813195081635557,-0.04242145188853219,-0.1550457632067962,1,1,-0.05034773995432029,-0.21259071027563248,-1.0629535513781623,-0.22881894415319218,-0.042523668047540486,-0.15026542833314904,-0.040198276978674174,-0.22827404730466316,-0.16332743731315924,-0.615050225640005,-0.15538441479780474,-0.6013537079882094,0.07200887920539412,0.1996024731054723,0.12754172356856697,0.36018934956707793,-0.0581718118611001,-0.2749159922181159,-0.09387587440993328,-0.3954850108442036,False,False,False
10,504,near_high_low_volume_low_rsi,-1,1,-1,-1,0.5,2,0.0005,0.16913490218920857,0.8351916671291979,-0.21449920693996805,-0.04641826492485368,-0.16584717840202368,-0.029944878701018585,-0.09631145308476674,1,2,-0.03178049525879323,-0.1163587983867411,-0.6356099051758646,-0.21534485225304512,-0.00976297035018514,0.022045898025875088,0.03280092889215491,0.279765322776914,-0.172848804617437,-0.650698071083632,-0.18454715422076196,-0.7316265579626907,0.05371564896299308,0.1608813378693611,0.06932795765534294,0.209788182600107,-0.05379802016740132,-0.2547634947993573,-0.0378157154847909,-0.169450141050067,False,False,False
10,504,near_high_low_volume_low_rsi,-1,1,-1,-1,0.5,3,0.0005,0.16859211985867573,0.8265361747271069,-0.20302972792593033,-0.04696104725538652,-0.17450267080411463,-0.0033468774027001214,0.0026696651694914086,1,2,-0.031590128527637096,-0.12147584934506378,-0.6318025705527419,-0.21786294251263116,-0.007837168496437119,0.02193511350974897,0.0252995727513996,0.23445331778490697,-0.19629042259379648,-0.7644973678774344,-0.11152406964581973,-0.47110059472307453,0.07814693562720576,0.22326371775508858,0.088329125752314,0.25851151630211033,-0.05534308855883707,-0.26488681219987653,-0.007926983220549522,-0.034210429752097093,False,False,False
10,504,near_high_low_volume_low_rsi,-1,1,-1,-1,0.5,5,0.0005,0.09368580341683619,0.5233131724844021,-0.342810395501157,-0.12186736369722606,-0.47772567304681945,-0.12186736369722606,-0.47772567304681945,0,0,-0.06624348017134907,-0.18266928074192323,-1.3248696034269813,-0.565370322917773,-0.014928300832854902,-0.026707007900444557,-0.014928300832854902,-0.026707007900444557,-0.3441907666208168,-1.453701256919024,-0.3441907666208168,-1.453701256919024,-0.11755865950984323,-0.3386315535834019,-0.11755865950984323,-0.3386315535834019,-0.0071346020861700055,-0.0265166053283743,-0.0071346020861700055,-0.0265166053283743,False,False,False
10,504,near_high_low_volume_low_rsi,-1,1,-1,-1,0.5,10,0.0005,0.19640074887278813,0.921927168202802,-0.23891916099003618,-0.019152418241274116,-0.07911167732841962,-0.08450948234614009,-0.28291178805300843,2,2,-0.0452618681416006,-0.15397082582509908,-0.9052373628320121,-0.08885240935077243,-0.22393770153387793,-1.2366881466250943,-0.09826063682780428,-0.4897596011666786,-0.18860924398639312,-0.733779944849767,-0.21933187291668665,-0.902195702523406,0.3012238003825394,0.8203848839207054,0.0020588813084760904,0.08331160433497753,0.09808550770319191,0.4258382931995689,0.0012711918250583043,0.04155449534045541,False,False,False
10,504,near_high_low_volume_low_rsi,-1,1,-1,-1,1.0,1,0.0005,0.09091236318493268,0.5188549731452491,-0.23026953027247432,-0.12464080392912957,-0.4821838723859725,-0.11773960770974545,-0.455910127429213,0,1,-0.1300448906596398,-0.656685719318943,-3.283428596594715,-0.5782369407876738,-0.12900428246745066,-0.695880564464987,-0.12667889139858435,-0.7738891834365011,-0.20957655063298253,-0.8169759245219256,-0.20163352811762802,-0.80327940687013,-0.025153408514873243,-0.043464006275713785,0.030379435848299607,0.11712287018589185,-0.13108549885182896,-0.617490874172899,-0.16678956140066215,-0.7380598927989868,False,False,False
10,504,near_high_low_volume_low_rsi,-1,1,-1,-1,1.0,2,0.0005,0.13857271590631548,0.7240416207369096,-0.23765714815194194,-0.07698045120774677,-0.276997224794312,-0.060507064983911674,-0.20746149947705506,1,1,-0.08156320378608728,-0.3049876769614773,-1.6312640757217456,-0.3571297617121615,-0.15234908299736616,-0.8470706655364078,-0.1097851837550261,-0.5893512407853687,-0.12096788924868407,-0.42013244976166575,-0.132666238852009,-0.5010609366407245,0.012950982083469897,0.07164448709327564,0.02856329077581976,0.12055133182402156,-0.04215851832349049,-0.1898429041612889,-0.026176213640880075,-0.10452955041199863,False,False,False
10,504,near_high_low_volume_low_rsi,-1,1,-1,-1,1.0,3,0.0005,0.06751106308135224,0.41551734272263957,-0.2761028850596734,-0.14804210403271,-0.5855215028085821,-0.10442793418002361,-0.40834916683497596,1,1,-0.18897055284374514,-0.8572900342778906,-4.286450171389453,-0.6868008761586507,-0.22798398806959708,-1.3193393149734862,-0.19484724682176036,-1.1068211106983283,-0.24901077588537834,-1.0029925931488899,-0.1642444229374016,-0.7095958199945301,0.058972011217224285,0.23160441933848908,0.06915420134233252,0.26685221788551083,-0.1499571176178932,-0.7115874754068914,-0.10254101227960566,-0.48091109295911194,False,False,False
10,504,near_high_low_volume_low_rsi,-1,1,-1,-1,1.0,5,0.0005,0.1146411884331997,0.6219841637548179,-0.26394121554976546,-0.10091197868086255,-0.37905468177640367,-0.10091197868086255,-0.37905468177640367,1,1,-0.12578402256933086,-0.6490789216624475,-3.2453946083122376,-0.46815354203292175,-0.14635745019700508,-0.8072046569799487,-0.14635745019700508,-0.8072046569799487,-0.251348988195768,-1.0297016678032007,-0.251348988195768,-1.0297016678032007,0.12372887191942761,0.4788292123536745,0.12372887191942761,0.4788292123536745,-0.10521059494165663,-0.49095318634494645,-0.10521059494165663,-0.49095318634494645,False,False,False
10,504,near_high_low_volume_low_rsi,-1,1,-1,-1,1.0,10,0.0005,0.1660241314211417,0.8600579332827246,-0.19049352126153485,-0.04952903569292055,-0.14098091224849696,-0.11488609979778652,-0.34478102297308577,1,1,-0.09510779785754098,-0.46472198158615174,-2.3236099079307584,-0.2297764229402936,-0.09120371566183794,-0.47055711001195577,0.03447334904423571,0.27637143544645987,-0.19053938969745343,-0.7537931989451142,-0.22126201862774697,-0.9222089566187531,0.2171607117005243,0.7832924812597039,-0.08200420737353897,0.046219201673975974,-0.09901188005324402,-0.4588868531603477,-0.19582619593137762,-0.8431706510194612,False,False,False
10,504,pullback_high_volume_high_rsi,1,-1,1,1,0.25,1,0.0005,0.20865197089467813,0.9747651005744621,-0.26077643000923156,-0.00690119621938412,-0.026273744956759493,0.0,0.0,1,0,-0.005134206792110407,0.03215605065985927,-0.10268413584220815,-0.032016213502129985,-0.0023253910688663115,0.07800861897151412,0.0,0.0,-0.007943022515354503,-0.013696517651795581,0.0,0.0,-0.05553284436317285,-0.16058687646160563,0.0,0.0,0.03570406254883318,0.12056901862608771,0.0,0.0,False,False,False
10,504,pullback_high_volume_high_rsi,1,-1,1,1,0.25,2,0.0005,0.19907978089022715,0.9315031202139646,-0.23166749721119217,-0.016473386223835096,-0.06953572531725694,0.0,0.0,1,0,-0.01579730668748014,-0.0671100992400181,-0.3355504962000905,-0.07642377258654719,-0.04256389924234005,-0.25771942475103893,0.0,0.0,0.011698349603324942,0.08092848687905874,0.0,0.0,-0.015612308692349863,-0.04890684473074591,0.0,0.0,-0.015982304682610415,-0.08531335374929028,0.0,0.0,False,False,False
10,504,pullback_high_volume_high_rsi,1,-1,1,1,0.25,3,0.0005,0.17193899726137585,0.8238665095576155,-0.20648298532333742,-0.0436141698526864,-0.17717233597360604,0.0,0.0,0,0,-0.040276423293062136,-0.22159729336146872,-1.1079864668073436,-0.20233601963086675,-0.03313674124783672,-0.212518204275158,0.0,0.0,-0.08476635294797674,-0.29339677315435986,0.0,0.0,-0.010182190125108237,-0.03524779854702176,0.0,0.0,-0.04741610533828755,-0.23067638244777944,0.0,0.0,False,False,False
10,504,pullback_high_volume_high_rsi,1,-1,1,1,0.25,5,0.0005,0.21555316711406225,1.0010388455312216,-0.21988831808861653,0.0,0.0,0.0,0.0,0,0,0.0,0.0,0.0,0.0,0.0,0.0,0.0,0.0,0.0,0.0,0.0,0.0,0.0,0.0,0.0,0.0,0.0,0.0,0.0,0.0,False,False,False
10,504,pullback_high_volume_high_rsi,1,-1,1,1,0.25,10,0.0005,0.2809102312189282,1.2048389562558104,-0.19672816700819518,0.06535706410486597,0.2038001107245888,0.0,0.0,3,0,0.06376847240421357,0.2763497777663762,1.2753694480842714,0.2035886136031396,-0.12567706470607365,-0.7469285454584156,0.0,0.0,0.03072262893029354,0.16841575767363892,0.0,0.0,0.2991649190740633,0.7370732795857279,0.0,0.0,0.0968143158781336,0.3842837978591135,0.0,0.0,True,False,False
10,504,pullback_high_volume_high_rsi,1,-1,1,1,0.5,1,0.0005,0.20723001386746698,0.9625202538926487,-0.229721433904026,-0.008323153246595272,-0.03851859163857285,-0.0014219570272111515,-0.01224484668181336,3,3,0.004888653502810092,0.017829498331526306,0.08914749165763153,-0.03861299445528901,-0.1598379062760793,-0.8978509544219835,-0.157512515207213,-0.9758595733934976,0.008918784027591942,0.0325401916169481,0.016861806542946445,0.04623670926874368,0.0008585229780282422,0.0031188050461045114,0.05639136734120109,0.16370568150771014,0.13143359101551533,0.4931587599994359,0.09572952846668215,0.3725897413733482,False,False,False
10,504,pullback_high_volume_high_rsi,1,-1,1,1,0.5,2,0.0005,0.211983394567421,0.9730996892737958,-0.19938962641507174,-0.003569772546641259,-0.027939156257425823,0.012903613677193837,0.04159656905983111,3,2,0.007831227305599708,0.03403710324574877,0.15662454611199417,-0.027910161910449482,-0.16142933287366312,-0.9156662932121242,-0.11886543363132307,-0.6579468684610853,0.011950811509794379,0.05314263242905737,0.00025246190646943667,-0.027785854450001368,0.0037116431014050377,0.014931574062440167,0.0193239517937549,0.06383841879318608,0.14776278603634618,0.5688602882539807,0.1637450907189566,0.654173642003271,False,False,False
10,504,pullback_high_volume_high_rsi,1,-1,1,1,0.5,3,0.0005,0.16002780285026108,0.7800182993517858,-0.2064829853233371,-0.05552536426380117,-0.22102054617943578,-0.011911194411114767,-0.04384821020582974,2,2,-0.010080085866704835,-0.006761810527203149,-0.2016017173340967,-0.2575947503217122,-0.21356322340731204,-1.2155620049583653,-0.18042648215947532,-1.0030438006832072,0.022206296878860554,0.14178462622473087,0.1069726498268373,0.4351813993790907,-0.042366468612270225,-0.1174799587594254,-0.03218427848716199,-0.08223216021240365,0.033778463120076596,0.10395633770501911,0.08119456845836415,0.33463272015279855,False,False,False
10,504,pullback_high_volume_high_rsi,1,-1,1,1,0.5,5,0.0005,0.1786740150155235,0.8545494984852192,-0.21988831808861664,-0.03687915209853876,-0.14648934704600236,-0.03687915209853876,-0.14648934704600236,1,1,-0.02942724564487542,-0.1085817883356911,-0.5885449128975084,-0.17109074569534746,-0.0944903043419385,-0.5446127555704836,-0.0944903043419385,-0.5446127555704836,-0.054328356791318866,-0.18993378473174993,-0.054328356791318866,-0.18993378473174993,0.007205450737502561,0.02019023742741821,0.007205450737502561,0.02019023742741821,-0.004526134498431977,-0.027229791939632264,-0.004526134498431977,-0.027229791939632264,False,False,False
10,504,pullback_high_volume_high_rsi,1,-1,1,1,0.5,10,0.0005,0.25053275305402956,1.0882254457156846,-0.23934580850027576,0.034979585939967306,0.087186600184463,-0.030377478164898664,-0.11661351054012581,3,2,0.0677111412526904,0.2812101317823354,1.354222825053808,0.0870961207686158,-0.24145604350976446,-1.3116974274933355,-0.11577897880369081,-0.5647688820349198,0.059347816542917764,0.27809330748481886,0.028625187612624226,0.10967754981117994,0.32323330240712345,0.7961802899313807,0.02406838333306016,0.0591070103456528,0.07607446596246303,0.2843269560798519,-0.020739849915670572,-0.09995684177926156,True,False,False
10,504,pullback_high_volume_high_rsi,1,-1,1,1,1.0,1,0.0005,0.024745534403396885,0.22153514745859373,-0.3138031270465085,-0.19080763271066536,-0.7795036980726279,-0.18390643649128124,-0.7532299531158684,0,0,-0.20156276021514857,-1.0294042868810322,-5.147021434405161,-0.8851998570250534,-0.20894790285054288,-1.2047248729075417,-0.20662251178167657,-1.2827334918790558,-0.28055514066849296,-1.1556208020674346,-0.27261211815313846,-1.141924284415639,-0.07380950392017582,-0.21543410632663007,-0.018276659557002972,-0.05484722986502444,-0.19417761757975427,-0.9031877716946298,-0.22988168012858745,-1.0237567903207174,False,False,False
10,504,pullback_high_volume_high_rsi,1,-1,1,1,1.0,2,0.0005,0.07114155476045392,0.415755485469106,-0.27501659993369487,-0.14441161235360833,-0.5852833600621156,-0.12793822612977324,-0.5157476347448586,0,1,-0.1409432964795747,-0.5944378682900259,-2.9721893414501293,-0.6699582023640199,-0.26810371357510565,-1.5128187365066084,-0.2255398143327656,-1.2550993117555693,-0.19676446773315925,-0.7884313932915595,-0.2084628173364842,-0.8693598801706183,-0.011599724067482331,-0.03380835114654179,0.004012584624867532,0.01509849358420412,-0.08512212522599016,-0.40044434328849227,-0.06913982054337975,-0.315130989539202,False,False,False
10,504,pullback_high_volume_high_rsi,1,-1,1,1,1.0,3,0.0005,0.07977894357924353,0.4538382685655957,-0.28109169842806125,-0.13577422353481872,-0.5472005769656259,-0.09216005368213231,-0.3700282409920198,0,1,-0.14771020373661203,-0.6095202510724196,-3.047601255362098,-0.6298873978639912,-0.11688672788324705,-0.6802774516100798,-0.08374998663541033,-0.46775924733492186,-0.24888751826564937,-1.0073189793413375,-0.16412116531767262,-0.7139222061869775,-0.178533679589977,-0.5387630505347594,-0.16835148946486878,-0.5035152519877377,-0.004707623947549866,-0.05868170688169072,0.042708481390737685,0.17199467556608872,False,False,False
10,504,pullback_high_volume_high_rsi,1,-1,1,1,1.0,5,0.0005,0.09103645780932879,0.4925284778711353,-0.30259790770372397,-0.12451670930473346,-0.5085103676600863,-0.12451670930473346,-0.5085103676600863,1,1,-0.1116357877850419,-0.4092046695127088,-2.232715755700838,-0.5776612376975381,-0.301947264385484,-1.5916697018421513,-0.301947264385484,-1.5916697018421513,-0.18287866887753967,-0.73161244472767,-0.18287866887753967,-0.73161244472767,-0.04039290669254414,-0.08679689429774762,-0.04039290669254414,-0.08679689429774762,0.05236720955111496,0.17025334845060536,0.05236720955111496,0.17025334845060536,False,False,False
10,504,pullback_high_volume_high_rsi,1,-1,1,1,1.0,10,0.0005,0.08032164450261647,0.44864952555796506,-0.293508848463388,-0.13523152261144578,-0.5523893199732566,-0.20058858671631175,-0.7561894306978454,1,0,-0.14067183457673965,-0.7348956504986328,-3.674478252493164,-0.6273696852706719,-0.13384736359962557,-0.7804648128227551,-0.00817029889355192,-0.03353626736433951,-0.29539591471758997,-1.2229405626099283,-0.3261185436478835,-1.3913563202835673,0.05329703327243429,0.12960035172556827,-0.245867885801629,-0.6074729278601596,-0.14749630555385373,-0.6893264881745104,-0.24431062143198734,-1.0736102860336239,False,False,False
10,504,pullback_high_volume_low_rsi,1,-1,1,-1,0.25,1,0.0005,0.21431180502449365,0.987797448312519,-0.26077643000923134,-0.0012413620895685984,-0.013241397218702544,0.005659834129815522,0.013032347738056949,1,2,-0.022696329329707443,-0.07867508448748939,-0.45392658659414886,-0.013227655727661325,-0.03364884334339657,-0.11569168911106886,-0.03132345227453026,-0.19370030808258298,-0.03822827519946581,-0.1475612749718347,-0.030285252684111308,-0.1338647573200391,-0.011743815316018313,-0.041658479863909914,0.04378902904715454,0.11892839659769572,0.07442701512102556,0.2746986956108106,0.03872295257219238,0.1541296769847229,False,False,False
10,504,pullback_high_volume_low_rsi,1,-1,1,-1,0.25,2,0.0005,0.18506701196462516,0.8747845677349309,-0.2316674972111925,-0.03048615514943709,-0.12625427779629073,-0.014012768925601993,-0.05671855247903379,0,2,-0.0167644160943331,-0.05254223808674624,-0.335288321886662,-0.14143218379762898,-0.07816415879559191,-0.44909199041916403,-0.035600259553251856,-0.1913725656681251,-0.018214569997820673,-0.05349958922311138,-0.029912919601145616,-0.1344280761021701,-0.015314262190845529,-0.04855686631956824,0.0002980465015043343,0.00034997841117767603,-0.007935190709366324,-0.051584886950381104,0.008047113973244091,0.033728466798909174,False,False,False
10,504,pullback_high_volume_low_rsi,1,-1,1,-1,0.25,3,0.0005,0.1501158304780874,0.7373831582578304,-0.20648298532333698,-0.06543733663597484,-0.26365568727339117,-0.02182316678328844,-0.08648335129978513,0,1,-0.050700272811613156,-0.2792653829320287,-1.3963269146601434,-0.30357863682581837,-0.062380553655348114,-0.3637691934474776,-0.029243812407511394,-0.1512509891723196,-0.1299159093390816,-0.4962144962776396,-0.04514955639110485,-0.20281772312327973,-0.03425610579026794,-0.10177246018985808,-0.024073915665159706,-0.06652466164283632,-0.0390199919678782,-0.19476157241657976,0.008396113370409353,0.03591481003119967,False,False,False
10,504,pullback_high_volume_low_rsi,1,-1,1,-1,0.25,5,0.0005,0.19557355995661108,0.9197336755242113,-0.21988831808861664,-0.019979607157451174,-0.08130517000701032,-0.019979607157451174,-0.08130517000701032,1,1,-0.016138125272555426,-0.07797048997026723,-0.38985244985133616,-0.09268992622538806,-0.04593372635520887,-0.24894554829271076,-0.04593372635520887,-0.24894554829271076,-0.01375923893429487,-0.06453957503915664,-0.01375923893429487,-0.06453957503915664,0.0003018530148819476,0.0003017988403326566,0.0003018530148819476,0.0003017988403326566,-0.01851701161081598,-0.09140140490137783,-0.01851701161081598,-0.09140140490137783,False,False,False
10,504,pullback_high_volume_low_rsi,1,-1,1,-1,0.25,10,0.0005,0.2799438341785887,1.1837183821529413,-0.19672816700819584,0.06439066706452645,0.18267953662171976,-0.0009663970403395172,-0.02112057410286905,3,2,0.08064899510194268,0.31531116264483255,1.5765558132241626,0.18248995774462395,-0.1683070073813795,-0.9538410283423994,-0.04262994267530584,-0.20691248288398376,0.03072262893029354,0.16841575767363892,0.0,0.0,0.31597697910665823,0.7733067588352777,0.016812060032594944,0.03623347924954978,0.13057536127359182,0.4622065676160262,0.03376104539545821,0.0779227697569127,True,False,False
10,504,pullback_high_volume_low_rsi,1,-1,1,-1,0.5,1,0.0005,0.13940107732229734,0.6976176350528149,-0.21509714676837632,-0.07615208979176491,-0.30342121047840664,-0.06925089357238079,-0.27714746552164715,1,1,-0.04555333961766095,-0.19083236448634056,-0.9541618224317028,-0.35328680534518997,-0.22564696966023257,-1.3256893210714389,-0.22332157859136625,-1.403697940042953,-0.09130185150220216,-0.38085584240716264,-0.08335882898684766,-0.36715932475536706,0.00019517226688026135,-0.000808886565518474,0.05572801663005311,0.15977798989608716,0.02763182609759629,0.0890683659159236,-0.008072236451236892,-0.03150065271016411,False,False,False
10,504,pullback_high_volume_low_rsi,1,-1,1,-1,0.5,2,0.0005,0.15974988050935623,0.7685395166584135,-0.21221755757910887,-0.055803286604706015,-0.2324993288728081,-0.03932990038087092,-0.16296360355555117,2,2,-0.04059516572346544,-0.1753446917043719,-0.8767234585218594,-0.25888409505566257,-0.2221826350760696,-1.2532506403386494,-0.17961873583372956,-0.9955312155876105,-0.1445633099391932,-0.574236103955884,-0.15626165954251814,-0.6551645908349427,0.10549759094099431,0.29304295999812113,0.12110989963334418,0.34194980472886705,0.06337297849226231,0.2235467205471402,0.07935528317487273,0.3088600742964305,False,False,False
10,504,pullback_high_volume_low_rsi,1,-1,1,-1,0.5,3,0.0005,0.11606929942766775,0.6006014261140337,-0.20065559404321764,-0.0994838676863945,-0.4004374194171879,-0.0558696978337081,-0.22326508344358187,1,2,-0.06710743927409946,-0.27361633379214156,-1.3680816689607078,-0.46152821143078615,-0.2573410930523443,-1.4651674128950436,-0.2242043518045076,-1.2526492086198855,-0.11068351944251509,-0.4057206869265293,-0.025917166494538346,-0.11232391377216944,0.014973979640743318,0.0486336970902953,0.025156169765851555,0.08388149563731706,-0.023531359105683824,-0.14151198065775383,0.023884746232603726,0.0891644017900256,False,False,False
10,504,pullback_high_volume_low_rsi,1,-1,1,-1,0.5,5,0.0005,0.15252314202885486,0.7453089828545297,-0.21988831808861664,-0.06303002508520739,-0.25572986267669184,-0.06303002508520739,-0.25572986267669184,1,1,-0.05780636695733876,-0.2523619855360466,-1.261809927680233,-0.2924105728952448,-0.1515973932749597,-0.8690236618762407,-0.1515973932749597,-0.8690236618762407,-0.08073559881243142,-0.3322890310409774,-0.08073559881243142,-0.3322890310409774,0.022849218015744244,0.09419873978819526,0.022849218015744244,0.09419873978819526,-0.034877135102246104,-0.1724349400311158,-0.034877135102246104,-0.1724349400311158,False,False,False
10,504,pullback_high_volume_low_rsi,1,-1,1,-1,0.5,10,0.0005,0.16078880979141608,0.7518968420359223,-0.302881502267772,-0.05476435732264617,-0.24914200349529925,-0.12012142142751214,-0.45294211421988806,2,0,-0.012657974042574627,-0.08913625682714205,-0.44568128413571023,-0.25406426663017684,-0.2954182776533053,-1.5321156383058736,-0.16974121294723166,-0.7851870928474579,-0.04724120921347552,-0.18998412549934418,-0.07796383814376906,-0.3583998831729831,0.1570938640928894,0.5031514768047948,-0.1420710549811739,-0.2339218027809331,0.021925261128326268,0.011711611845060088,-0.07488905474980734,-0.3725721860140534,False,False,False
10,504,pullback_high_volume_low_rsi,1,-1,1,-1,1.0,1,0.0005,0.019262274688611303,0.19682496667814922,-0.33510720950386075,-0.19629089242545095,-0.8042138788530724,-0.18938969620606683,-0.7779401338963129,0,0,-0.1898152945044259,-0.8892490088688307,-4.4462450443441535,-0.9106379416897249,-0.24679859065068666,-1.4083391749377296,-0.24447319958182034,-1.4863477939092438,-0.28234468686650804,-1.1601689891585978,-0.27440166435115354,-1.1464724715068022,-0.12290482890851462,-0.34661228957127166,-0.06737198454534177,-0.18602541310966603,-0.13283199835816517,-0.6183290285790637,-0.16853606090699835,-0.7388980472051514,False,False,False
10,504,pullback_high_volume_low_rsi,1,-1,1,-1,1.0,2,0.0005,0.06682632430242608,0.41037310979661296,-0.30895033191994714,-0.14872684281163617,-0.5906657357346086,-0.13225345658780108,-0.5211300104173517,0,0,-0.15091917043460146,-0.6595042886267233,-3.297521443133616,-0.6899775345584961,-0.22040228248290084,-1.250793928044704,-0.17783838324056078,-0.9930745032936652,-0.2746219726448278,-1.1216989837859075,-0.28632032224815274,-1.2026274706649662,-0.08143605838630208,-0.19730959346753918,-0.06582374969395222,-0.14840274873679327,-0.015202953746511483,-0.08602133405259071,0.0007793509360989326,-0.0007079803033004373,False,False,False
10,504,pullback_high_volume_low_rsi,1,-1,1,-1,1.0,3,0.0005,-0.009634157300501212,0.0666269140865927,-0.3433813145445519,-0.22518732441456346,-0.9344119314446289,-0.18157315456187706,-0.7572395954710228,0,0,-0.2427113101006455,-1.0768723111844074,-5.384361555922037,-1.0446950394164387,-0.3358516950714995,-1.868274597105957,-0.30271495382366276,-1.6557563928307988,-0.34294248468142696,-1.455239705022241,-0.2581761317334502,-1.1618429318678811,-0.05135364314979274,-0.09281814149992285,-0.0411714530246845,-0.05757034295290109,-0.14957092512979153,-0.698504917346574,-0.10215481979150398,-0.46782853489879467,False,False,False
10,504,pullback_high_volume_low_rsi,1,-1,1,-1,1.0,5,0.0005,0.08049716268641904,0.46002257681815717,-0.3025979077037241,-0.1350560044276432,-0.5410162687130644,-0.1350560044276432,-0.5410162687130644,0,0,-0.17056220000445987,-0.6689119521115856,-3.4112440000891975,-0.6265554166326718,-0.15703439732027324,-0.8995071421102336,-0.15703439732027324,-0.8995071421102336,-0.20354903109863698,-0.7827833502487833,-0.20354903109863698,-0.7827833502487833,-0.1840900026886465,-0.555040553974388,-0.1840900026886465,-0.555040553974388,0.0003402409651065419,-0.024303102968057377,0.0003402409651065419,-0.024303102968057377,False,False,False
10,504,pullback_high_volume_low_rsi,1,-1,1,-1,1.0,10,0.0005,0.10768615653449287,0.5751602211299098,-0.2935088484633882,-0.10786701057956938,-0.42587862440131175,-0.17322407468443535,-0.6296787351259006,1,0,-0.12203555333359806,-0.670972367130771,-3.354861835653855,-0.500419511453944,-0.1917381833861449,-1.0817728834972822,-0.06606111868007125,-0.3348443380388665,-0.30700602247645903,-1.2778873057313047,-0.33772865140675257,-1.4463030634049436,0.15561075368456256,0.5248455844765175,-0.14355416538950072,-0.21222769510921036,-0.052332923281051213,-0.26017185076425986,-0.14914723915918482,-0.6444556486233733,False,False,False
10,504,pullback_low_volume_high_rsi,1,-1,-1,1,0.25,1,0.0005,0.2174844550772641,1.0074190555931357,-0.26077643000923123,0.0019312879632018554,0.006380210061914138,0.008832484182585976,0.03265395501867363,3,3,0.008594397065240678,0.08743398349323839,0.17188794130481355,0.006373588887580431,0.008657402864687302,0.12863875827529858,0.010982793933553614,0.05063013930378446,0.008531391265794053,0.054298948360389065,0.016474413781148556,0.06799546601218465,-0.04680242978772364,-0.13597904079399414,0.008730414575449208,0.02460783566761149,0.03570406254883318,0.12056901862608771,0.0,0.0,True,True,False
10,504,pullback_low_volume_high_rsi,1,-1,-1,1,0.25,2,0.0005,0.2062662113956002,0.9587672924464679,-0.2316674972111925,-0.009286955718462053,-0.04227155308475372,0.007186430505373043,0.027264172232503214,1,2,-0.01579730668748014,-0.0671100992400181,-0.3355504962000905,-0.043084292579880126,-0.02638116553134462,-0.17946513361374206,0.016182733710995434,0.07825429113729687,0.024814390516741947,0.13860298395281867,0.013116040913417004,0.057674497073759934,-0.015612308692349863,-0.04890684473074591,0.0,0.0,-0.015982304682610415,-0.08531335374929028,0.0,0.0,False,False,False
10,504,pullback_low_volume_high_rsi,1,-1,-1,1,0.25,3,0.0005,0.1761124187626375,0.8398984438751991,-0.2064829853233373,-0.03944074835142475,-0.1611404016560225,0.004173421501261654,0.01603193431758354,0,2,-0.0322749308918483,-0.18382815362375987,-0.9191407681187993,-0.1829745713295609,-0.017133756445409043,-0.1369799247997403,0.016002984802427678,0.07553827947541769,-0.08422833351011749,-0.28579035232332917,0.0005380194378592495,0.007606420831030691,-0.010182190125108237,-0.03524779854702176,0.0,0.0,-0.04741610533828755,-0.23067638244777944,0.0,0.0,False,False,False
10,504,pullback_low_volume_high_rsi,1,-1,-1,1,0.25,5,0.0005,0.21794458642771763,1.0106464517813853,-0.21988831808861653,0.002391419313655385,0.00960760625016377,0.002391419313655385,0.00960760625016377,1,1,0.0,0.0,0.0,0.009597635789113957,0.0,0.0,0.0,0.0,0.010362941421311778,0.04232392843778565,0.010362941421311778,0.04232392843778565,0.0,0.0,0.0,0.0,0.0,0.0,0.0,0.0,False,False,False
10,504,pullback_low_volume_high_rsi,1,-1,-1,1,0.25,10,0.0005,0.2809102312189282,1.2048389562558104,-0.19672816700819518,0.06535706410486597,0.2038001107245888,0.0,0.0,3,0,0.06376847240421357,0.2763497777663762,1.2753694480842714,0.2035886136031396,-0.12567706470607365,-0.7469285454584156,0.0,0.0,0.03072262893029354,0.16841575767363892,0.0,0.0,0.2991649190740633,0.7370732795857279,0.0,0.0,0.0968143158781336,0.3842837978591135,0.0,0.0,True,False,False
10,504,pullback_low_volume_high_rsi,1,-1,-1,1,0.5,1,0.0005,0.19000761117050602,0.8969695656156561,-0.268187260713011,-0.02554555594355623,-0.10406927991556547,-0.01864435972417211,-0.07779553495880598,1,2,-0.0704849408898911,-0.24397881828204077,-1.409698817797822,-0.11851162423439841,-0.10260114927658437,-0.6014090412685341,-0.10027575820771806,-0.6794176602400482,-0.10229594674004128,-0.3869608283083543,-0.09435292422468677,-0.37326431065655874,-0.038673935039740925,-0.10099680825572721,0.016858909323431925,0.05959006820587842,0.14198853288778546,0.5701889851974055,0.10628447033895227,0.44961996657131775,False,False,False
10,504,pullback_low_volume_high_rsi,1,-1,-1,1,0.5,2,0.0005,0.21189463754732873,0.9736184677165323,-0.2571917461108687,-0.003658529566733515,-0.027420377814689312,0.012814856657101581,0.042115347502567624,2,2,0.009471873640353068,0.014962743472930418,0.07481371736465209,-0.027391921839095196,-0.13862509194278472,-0.803778228315159,-0.09606119270044466,-0.5460588035641201,-0.04694853101068652,-0.16826775226194646,-0.058646880614011465,-0.2491962391410052,0.06589227829139266,0.1981932392078073,0.08150458698374252,0.2471000839385532,0.11501766414929238,0.47427645335670554,0.1309999688319028,0.5595898071059958,False,False,False
10,504,pullback_low_volume_high_rsi,1,-1,-1,1,0.5,3,0.0005,0.16927766968291902,0.8171504690913357,-0.22038460905026502,-0.04627549743114323,-0.18388837643988587,-0.002661327578456829,-0.006716040466279827,1,2,-0.0440361604724433,-0.11141139713559656,-0.880723209448866,-0.2146825214897263,-0.14205638856332703,-0.8270456740666813,-0.10891964731549031,-0.6145274697915233,-0.06196033834632719,-0.1797001800357163,0.02280601460164955,0.11369659311864355,-0.026111982598559402,-0.04312261423547681,-0.015929792473451165,-0.00787481568845505,0.048389161464020836,0.18093131819775232,0.09580526680230839,0.41160770064553176,False,False,False
10,504,pullback_low_volume_high_rsi,1,-1,-1,1,0.5,5,0.0005,0.17467304860851995,0.8345707287771297,-0.2198883180886163,-0.040880118505542296,-0.1664681167540919,-0.040880118505542296,-0.1664681167540919,1,1,-0.07318962793715833,-0.3004084769743406,-1.5020423848717028,-0.1896521357253366,-0.10418288596193737,-0.6399947462475933,-0.10418288596193737,-0.6399947462475933,-0.1147874121204262,-0.4163076726028472,-0.1147874121204262,-0.4163076726028472,0.10942541133235562,0.3002182451722931,0.10942541133235562,0.3002182451722931,-0.042196369912379295,-0.184509281345834,-0.042196369912379295,-0.184509281345834,False,False,False
10,504,pullback_low_volume_high_rsi,1,-1,-1,1,0.5,10,0.0005,0.23777510059648677,1.0224407801498938,-0.19324565700489904,0.022221933482424516,0.021401934618672236,-0.04313513062244145,-0.18239817610591658,2,1,-0.0072439331484485114,-0.05303589768083272,-0.2651794884041636,0.021379724387533498,-0.18137548378435508,-1.014044911967476,-0.055698419078281436,-0.26711636650906023,-0.03837639665642367,-0.16371265523263157,-0.06909902558671721,-0.3321284129062705,0.3469966730437153,0.834502164828297,0.047831753969652,0.0974288852425691,0.02388853035952665,0.05764085987096612,-0.07292578551860696,-0.32664293798814736,False,False,False
10,504,pullback_low_volume_high_rsi,1,-1,-1,1,1.0,1,0.0005,0.12921645909775292,0.665955246666051,-0.299718807916034,-0.08633670801630933,-0.3350835988651706,-0.0794355117969252,-0.3088098539084111,0,1,-0.08871668417543854,-0.2994623187183612,-1.7743336835087709,-0.40053555775695626,-0.1676291393818754,-0.9511657400697284,-0.1653037483130091,-1.0291743590412425,-0.15458935851504485,-0.5618131063335856,-0.14664633599969035,-0.54811658868179,-0.022844009835832235,-0.03711153110313681,0.032688834527340616,0.12347534535846882,0.001679491085869289,-0.027583212909447763,-0.03402457146296389,-0.14815223153553547,False,False,False
10,504,pullback_low_volume_high_rsi,1,-1,-1,1,1.0,2,0.0005,0.1141698219319629,0.5974219661779698,-0.2322386149094109,-0.10138334518209935,-0.40361687935325175,-0.08490995895826425,-0.3340811540359948,1,2,-0.07816931720653642,-0.31539234120776555,-1.5769617060388277,-0.47034031807313353,-0.3010437260657498,-1.6729129602422956,-0.25847982682340975,-1.4151935354912568,-0.14771964368677115,-0.5680332536293786,-0.1594179932900961,-0.6489617405084374,0.09163393222360061,0.3021932962840571,0.10724624091595047,0.351100141014803,-0.008618990726301679,-0.06275142878615247,0.007363313956308737,0.022561924963137803,False,False,False
10,504,pullback_low_volume_high_rsi,1,-1,-1,1,1.0,3,0.0005,0.09667863850640379,0.539204814991084,-0.29437313374546936,-0.11887452860765846,-0.4618340305401376,-0.07526035875497206,-0.28466169456653156,0,0,-0.12050890461212249,-0.4909805006575565,-2.4549025032877823,-0.5514858825746445,-0.1791114375196292,-1.015857552362718,-0.1459746962717925,-0.8033393480875599,-0.18417789186233158,-0.6921755943553073,-0.09941153891435484,-0.39877882120094743,-0.0494261608112887,-0.10688966275128342,-0.03924397068618046,-0.07164186420426166,-0.06190637170461577,-0.28978540695980565,-0.01449026636632822,-0.05910902451202621,False,False,False
10,504,pullback_low_volume_high_rsi,1,-1,-1,1,1.0,5,0.0005,0.13597105085170758,0.7028484171079287,-0.3046198091500143,-0.07958211626235467,-0.2981904284232929,-0.07958211626235467,-0.2981904284232929,1,1,-0.14459618211368397,-0.6326607598381652,-3.1633037991908255,-0.36919947559964617,-0.18595863412317004,-1.0568156249462903,-0.18595863412317004,-1.0568156249462903,-0.1032337301041979,-0.3519950072650244,-0.1032337301041979,-0.3519950072650244,0.2218506484963525,0.6381425524139593,0.2218506484963525,0.6381425524139593,-0.1891568189590127,-0.9133265124113059,-0.1891568189590127,-0.9133265124113059,False,False,False
10,504,pullback_low_volume_high_rsi,1,-1,-1,1,1.0,10,0.0005,0.14180689950713776,0.720848390320974,-0.25134783322454146,-0.07374626760692449,-0.28019045521024755,-0.13910333171179046,-0.48399056593483636,1,1,-0.10679922260202829,-0.5463360165227569,-2.731680082613784,-0.3421256509207349,-0.06425199863463793,-0.3950472832468642,0.06142506607143572,0.3518812622115514,-0.1937832877340011,-0.7834995460441398,-0.22450591666429465,-0.9519153037177788,0.13853248976497667,0.49277059727159667,-0.1606324293090866,-0.24430268231413121,-0.14934644656941864,-0.6976247497986495,-0.24616076244755225,-1.081908547657763,False,False,False
10,504,pullback_low_volume_low_rsi,1,-1,-1,-1,0.25,1,0.0005,0.20086237477385427,0.9340597514299747,-0.26077643000923134,-0.014690792340207981,-0.06697909410124692,-0.007789596120823861,-0.040705349144487424,2,2,-0.023219542370050972,-0.019913512594818383,-0.46439084740101944,-0.06815391551372656,0.03449333414809863,0.19866780077421442,0.03681872521696494,0.1206591818027003,-0.08381042178669196,-0.32403448470028584,-0.07586739927133745,-0.31033796704849026,-0.08093241888820057,-0.2384948259638512,-0.025399574525027724,-0.07790794950224555,0.06533720885071337,0.24353974229720143,0.029633146301880187,0.12297072367111372,False,False,False
10,504,pullback_low_volume_low_rsi,1,-1,-1,-1,0.25,2,0.0005,0.17106695981887388,0.8212837792533896,-0.23166749721119262,-0.044486207295188374,-0.179755066277832,-0.028012821071353278,-0.11021934096057506,0,1,-0.04473189103242814,-0.16810978184570924,-0.8946378206485628,-0.2063815989845699,-0.06538082509464194,-0.3839034780412074,-0.022816925852301884,-0.12618405329016846,-0.024082956970214342,-0.08103604687163801,-0.035781306573539284,-0.16196453375069675,-0.08696844731544084,-0.25518351681978046,-0.07135613862309098,-0.20627667208903455,-0.0013457758242430007,-0.02032303241307476,0.014636528858367415,0.06499032133621552,False,False,False
10,504,pullback_low_volume_low_rsi,1,-1,-1,-1,0.25,3,0.0005,0.14680266702962785,0.7210055992769069,-0.2064829853233372,-0.0687505000844344,-0.2800332462543147,-0.025136330231747994,-0.10286091028070865,0,2,-0.037550864598527856,-0.14021028623904797,-0.7510172919705571,-0.31894915303218135,-0.005798734689818064,-0.12813013385520655,0.027338006558018657,0.08438807041995144,-0.1989073927104501,-0.7864358854933693,-0.11414103976247336,-0.49303911233900943,-0.0484462622437285,-0.14098631388243554,-0.03826407211862026,-0.10573851533541379,-0.02665546695332721,-0.1394342585956604,0.02076063838496034,0.09124212385211905,False,False,False
10,504,pullback_low_volume_low_rsi,1,-1,-1,-1,0.25,5,0.0005,0.1722661109965753,0.8398794763918903,-0.21988831808861664,-0.043287056117486955,-0.16115936913933127,-0.043287056117486955,-0.16115936913933127,1,1,-0.04011050954598139,-0.1948334064157654,-0.974167032078827,-0.2008184648689534,-0.03370087265301125,-0.19770954809178654,-0.03370087265301125,-0.19770954809178654,-0.046520146438951526,-0.19195726473974428,-0.046520146438951526,-0.19195726473974428,-0.11173301677587277,-0.3170435271893671,-0.11173301677587277,-0.3170435271893671,0.01630359436346196,0.06747622144252119,0.01630359436346196,0.06747622144252119,False,False,False
10,504,pullback_low_volume_low_rsi,1,-1,-1,-1,0.25,10,0.0005,0.23819922195830467,1.0435455658877408,-0.1967281670081953,0.022646054844242425,0.042506720356519256,-0.042711009260623545,-0.16129339036806956,2,0,0.014409272610285129,0.06826156345968809,0.2881854522057026,0.04246260826567844,-0.18574829540643134,-1.0395761746899028,-0.06007123070035769,-0.2926476292314873,-0.06362145286973853,-0.23228182386493024,-0.09434408180003206,-0.40069758153856916,0.2976379387947583,0.7184165144890694,-0.0015269802793049791,-0.01865676509665848,0.09243999809030878,0.3688049507843064,-0.004374317787824822,-0.015478847074807067,False,False,False
10,504,pullback_low_volume_low_rsi,1,-1,-1,-1,0.5,1,0.0005,0.2184694151668134,1.0082873118858413,-0.2348099200676178,0.002916248052751147,0.007248466354619731,0.009817444272135267,0.033522211311379224,2,2,-0.002755290667584953,-0.005136298293701047,-0.05510581335169906,0.007240944132166205,0.017053691644055124,0.04220446788134469,0.019379082712921436,-0.035804151090169434,-0.07014036525278833,-0.26359929161582674,-0.062197342737433825,-0.24990277396403116,-0.02256427297922503,-0.05247706446874678,0.03296857138394782,0.10810981199285885,0.08026026201740732,0.3153954507175575,0.04455619946857414,0.19482643209146977,False,False,False
10,504,pullback_low_volume_low_rsi,1,-1,-1,-1,0.5,2,0.0005,0.22819498464430055,1.0280769903975746,-0.220584138277501,0.012641817530238297,0.02703814486635303,0.029115203754073393,0.09657387018360997,1,2,-0.015447136536601791,-0.07615755341410602,-0.3807877670705301,0.027010085559671455,-0.09814843461390299,-0.5885615565905674,-0.05558453537156294,-0.3308421318395285,-0.028650004546878938,-0.11667163575363726,-0.04034835415020388,-0.197600122632696,0.2028920844743387,0.5463604135342667,0.21850439316668857,0.5952672582650126,-0.0022442685263246442,-0.03564347107457477,0.013738036156285771,0.049669882674715504,False,False,False
10,504,pullback_low_volume_low_rsi,1,-1,-1,-1,0.5,3,0.0005,0.1805044106195275,0.8673784716479294,-0.22404399892223814,-0.03504875649453476,-0.13366037388329222,0.008565413358151641,0.04351196209031383,2,3,-0.007626193738556775,-0.04347875574853993,-0.21739377874269966,-0.16259912560685474,-0.145987524329513,-0.8334718554405285,-0.11285078308167629,-0.6209536511653705,0.04035430584534594,0.18457594224513318,0.12512065879332268,0.47797271539949304,0.0226978217622269,0.10663465494251478,0.03288001188733514,0.14188245348953654,-0.03795020923934045,-0.19359216643959465,0.009465896098947102,0.03708421600818479,False,True,False
10,504,pullback_low_volume_low_rsi,1,-1,-1,-1,0.5,5,0.0005,0.19822343860191904,0.9269133041362358,-0.22138012882076186,-0.017329728512143205,-0.07412554139498573,-0.017329728512143205,-0.07412554139498573,1,1,0.00010756445357762434,-0.005867965780373352,-0.02933982890186676,-0.08039653856244662,-0.10685996834540235,-0.6129840640743607,-0.10685996834540235,-0.6129840640743607,-0.00028228476120695234,-0.01131362431269145,-0.00028228476120695234,-0.01131362431269145,0.000497413668362201,-0.00042230724805525366,0.000497413668362201,-0.00042230724805525366,0.04234001228202677,0.1878013097005572,0.04234001228202677,0.1878013097005572,False,False,False
10,504,pullback_low_volume_low_rsi,1,-1,-1,-1,0.5,10,0.0005,0.18869606297017705,0.9002258748933488,-0.2778906656792137,-0.026857104143885202,-0.10081297063787276,-0.09221416824875117,-0.30461308136246157,2,1,-0.07365630101866916,-0.35945330319517566,-1.7972665159758783,-0.12459619361414198,-0.18170078574896964,-1.027659181509231,-0.05602372104289599,-0.2807306360508154,-0.20707031563137823,-0.8248891717513152,-0.23779294456167177,-0.9933049294249541,0.3026027969555636,0.8805695206901475,0.0034378778815002953,0.1434962411044196,0.034388183711631326,0.10598256536096384,-0.06242613216650228,-0.27830123249814964,False,False,False
10,504,pullback_low_volume_low_rsi,1,-1,-1,-1,1.0,1,0.0005,0.07737069569099231,0.4522808168554899,-0.32519502403243505,-0.13818247142306994,-0.5487580286757316,-0.13128127520368582,-0.5224842837189723,1,1,-0.14137782948293054,-0.6342791798430923,-3.1713958992154616,-0.6410598056763843,-0.28825235545070105,-1.6059221014486669,-0.28592696438183474,-1.683930720420181,-0.30167312498928656,-1.2560685129944473,-0.29373010247393205,-1.2423719953426517,0.06619091495248397,0.2679884987336417,0.12172375931565682,0.42857537519524735,0.005496696484839969,-0.01248984669173736,-0.030207366063993213,-0.13305886531782507,False,False,False
10,504,pullback_low_volume_low_rsi,1,-1,-1,-1,1.0,2,0.0005,0.11867885473713735,0.6261286438694414,-0.28686317192561184,-0.0968743123769249,-0.37491020166178013,-0.0804009261530898,-0.3053744763445232,2,2,-0.0963394435916447,-0.4058384001127957,-2.0291920005639783,-0.4494218928625754,-0.28502482952508257,-1.5612872916474496,-0.24246093028274252,-1.3035678668964108,-0.23121278670057244,-0.9317329680395126,-0.24291113630389738,-1.0126614549185713,0.13434543065774296,0.5534061592335852,0.14995773935009282,0.6023130039643311,0.03853389951728303,0.12005616781392114,0.05451620419989345,0.20536952156321142,False,False,False
10,504,pullback_low_volume_low_rsi,1,-1,-1,-1,1.0,3,0.0005,0.07635785895384983,0.44895571709293564,-0.2702850956584094,-0.13919530816021242,-0.5520831284382859,-0.09558113830752601,-0.3749107924646799,1,2,-0.11982197338950273,-0.4864419342191691,-2.4322096710958454,-0.6457585848718045,-0.30574443407243235,-1.6598981146428606,-0.2726076928245956,-1.4473799103677027,-0.19878331832481644,-0.7737605838381552,-0.1140169653768397,-0.4803638106837953,0.015581221173963877,0.15769386617599357,0.025763411299072114,0.19294166472301533,-0.04086062845418903,-0.19912328460018303,0.006555476884098521,0.03155309784759641,False,False,False
10,504,pullback_low_volume_low_rsi,1,-1,-1,-1,1.0,5,0.0005,0.08929417796074013,0.5055237845320952,-0.2648011694302137,-0.12625898915332212,-0.49551506099912634,-0.12625898915332212,-0.49551506099912634,1,1,-0.15346759126742227,-0.8128712862268229,-4.064356431134114,-0.5857440688241469,-0.1409029753674489,-0.8254986046136515,-0.1409029753674489,-0.8254986046136515,-0.2392119453275472,-0.9658489616549178,-0.2392119453275472,-0.9658489616549178,0.05976308640827854,0.2971404391009186,0.05976308640827854,0.2971404391009186,-0.16603220716739564,-0.8002439678399943,-0.16603220716739564,-0.8002439678399943,False,False,False
10,504,pullback_low_volume_low_rsi,1,-1,-1,-1,1.0,10,0.0005,0.09984822160972628,0.5542614332138885,-0.36829787752398224,-0.11570494550433597,-0.44677741231733303,-0.18106200960920193,-0.6505775230419218,1,0,-0.1852075031298785,-0.833062348638209,-4.165311743191045,-0.5367814681336112,-0.26562551905313525,-1.5062396075532485,-0.1399484543470616,-0.7593110620948329,-0.28516361787762645,-1.1773962960374131,-0.31588624680792,-1.345812053711052,0.26703483864152533,0.9478158369748028,-0.032130080432537955,0.21074255738907488,-0.10478948720662173,-0.488728401239005,-0.20160380308475534,-0.8730121990981186,False,False,False
20,126,near_high_high_volume_high_rsi,-1,1,1,1,0.25,1,0.0005,0.20865197089467813,0.9747651005744621,-0.26077643000923156,-0.00690119621938412,-0.026273744956759493,0.0,0.0,1,0,-0.005134206792110407,0.03215605065985927,-0.10268413584220815,-0.032016213502129985,-0.0023253910688663115,0.07800861897151412,0.0,0.0,-0.007943022515354503,-0.013696517651795581,0.0,0.0,-0.05553284436317285,-0.16058687646160563,0.0,0.0,0.03570406254883318,0.12056901862608771,0.0,0.0,False,False,False
20,126,near_high_high_volume_high_rsi,-1,1,1,1,0.25,2,0.0005,0.19907978089022715,0.9315031202139646,-0.23166749721119217,-0.016473386223835096,-0.06953572531725694,0.0,0.0,1,0,-0.01579730668748014,-0.0671100992400181,-0.3355504962000905,-0.07642377258654719,-0.04256389924234005,-0.25771942475103893,0.0,0.0,0.011698349603324942,0.08092848687905874,0.0,0.0,-0.015612308692349863,-0.04890684473074591,0.0,0.0,-0.015982304682610415,-0.08531335374929028,0.0,0.0,False,False,False
20,126,near_high_high_volume_high_rsi,-1,1,1,1,0.25,3,0.0005,0.17193899726137585,0.8238665095576155,-0.20648298532333742,-0.0436141698526864,-0.17717233597360604,0.0,0.0,0,0,-0.040276423293062136,-0.22159729336146872,-1.1079864668073436,-0.20233601963086675,-0.03313674124783672,-0.212518204275158,0.0,0.0,-0.08476635294797674,-0.29339677315435986,0.0,0.0,-0.010182190125108237,-0.03524779854702176,0.0,0.0,-0.04741610533828755,-0.23067638244777944,0.0,0.0,False,False,False
20,126,near_high_high_volume_high_rsi,-1,1,1,1,0.25,5,0.0005,0.21555316711406225,1.0010388455312216,-0.21988831808861653,0.0,0.0,0.0,0.0,0,0,0.0,0.0,0.0,0.0,0.0,0.0,0.0,0.0,0.0,0.0,0.0,0.0,0.0,0.0,0.0,0.0,0.0,0.0,0.0,0.0,False,False,False
20,126,near_high_high_volume_high_rsi,-1,1,1,1,0.25,10,0.0005,0.2809102312189282,1.2048389562558104,-0.19672816700819518,0.06535706410486597,0.2038001107245888,0.0,0.0,3,0,0.06376847240421357,0.2763497777663762,1.2753694480842714,0.2035886136031396,-0.12567706470607365,-0.7469285454584156,0.0,0.0,0.03072262893029354,0.16841575767363892,0.0,0.0,0.2991649190740633,0.7370732795857279,0.0,0.0,0.0968143158781336,0.3842837978591135,0.0,0.0,True,False,False
20,126,near_high_high_volume_high_rsi,-1,1,1,1,0.5,1,0.0005,0.17501997507105727,0.8482516241514328,-0.26077643000923156,-0.040533192043004984,-0.15278722137978873,-0.033631995823620864,-0.12651347642302924,1,2,-0.05336934190082965,-0.18842951184583623,-1.067386838016593,-0.18804266523050628,-0.051881920842860474,-0.21757609831081737,-0.04955652977399416,-0.2955847172823315,-0.13119750014392006,-0.4826445919282667,-0.12325447762856556,-0.4689480742764711,-0.05485676295879882,-0.1592829253808551,0.0006760814043740293,0.0013039510807505428,0.06942456397368124,0.25877698555154294,0.03372050142484806,0.13820796692545523,False,False,False
20,126,near_high_high_volume_high_rsi,-1,1,1,1,0.5,2,0.0005,0.14354126882164642,0.7205429598288978,-0.2316674972111924,-0.07201189829241583,-0.28049588570232376,-0.055538512068580737,-0.21096016038506682,0,1,-0.06747860041750475,-0.320277860035114,-1.60138930017557,-0.3340795185547423,-0.11116444753600252,-0.6286310881002416,-0.06860054829366247,-0.37091166334920267,-0.15558283283215313,-0.5726050659303771,-0.16728118243547807,-0.6535335528094358,-0.023792753299006986,-0.06795065413985091,-0.008180444606657122,-0.019043809409104995,-0.0004508983130986355,-0.019466538526063948,0.01553140636951178,0.06584681522322633,False,False,False
20,126,near_high_high_volume_high_rsi,-1,1,1,1,0.5,3,0.0005,0.12167397427829596,0.6311469497941302,-0.20648298532333698,-0.09387919283576629,-0.36989189573709136,-0.05026502298307989,-0.19271955976348532,0,0,-0.07316888155279089,-0.32755519957841284,-1.637775997892064,-0.43552685443071737,-0.06071480904403792,-0.3580530784968723,-0.0275780677962012,-0.1455348742217143,-0.17389097331413983,-0.6605759571440213,-0.08912462036616309,-0.36717918398966143,-0.08362543081474683,-0.24060032981547097,-0.07344324068963859,-0.2053525312684492,-0.06271233229083495,-0.29705732065995344,-0.015296226952547398,-0.066380938212174,False,False,False
20,126,near_high_high_volume_high_rsi,-1,1,1,1,0.5,5,0.0005,0.14756293128218756,0.7374626046187618,-0.21988831808861653,-0.06799023583187469,-0.2635762409124598,-0.06799023583187469,-0.2635762409124598,0,0,-0.06804940725990183,-0.2857578886430877,-1.4287894432154384,-0.31542211484137894,-0.06696804001217016,-0.3696821609509945,-0.06696804001217016,-0.3696821609509945,-0.11853938823524723,-0.4380908341615185,-0.11853938823524723,-0.4380908341615185,-0.0691307745076335,-0.20183361633518093,-0.0691307745076335,-0.20183361633518093,-0.022529828256328877,-0.10310250751998196,-0.022529828256328877,-0.10310250751998196,False,False,False
20,126,near_high_high_volume_high_rsi,-1,1,1,1,0.5,10,0.0005,0.20488402733328503,0.9437211981615221,-0.20104717067505518,-0.010669139780777215,-0.057317647369699465,-0.07602620388564318,-0.2611177580942883,2,0,-0.03806371259826402,-0.1397149280899566,-0.7612742519652804,-0.057258164980883125,-0.18778165435576843,-1.05364084952102,-0.062104589649694786,-0.30671230406260436,-0.1726421143574155,-0.6586943854740623,-0.20336474328770904,-0.8271101431477013,0.26855280558579575,0.7012374619207394,-0.030612113488267534,-0.035835817664988445,0.09651468916088746,0.3792645292941491,-0.00029962671724614864,-0.005019268564964374,False,False,False
20,126,near_high_high_volume_high_rsi,-1,1,1,1,1.0,1,0.0005,0.14431410730948047,0.7440296919141487,-0.19794997250368074,-0.07123905980458178,-0.2570091536170729,-0.06433786358519766,-0.2307354086603134,1,1,-0.04685931366972029,-0.22187367832762045,-1.109368391638102,-0.3304941456363983,-0.09255679756263135,-0.4713895454740715,-0.09023140649376504,-0.5493981644455856,-0.21162456531717444,-0.8258929927487663,-0.20368154280181994,-0.8121964750969707,-0.0011618297768092312,0.027642188818830626,0.05437101458636362,0.18822906528043626,0.018608130192067973,0.06935074104031846,-0.01709593235676521,-0.051218277585769245,False,False,False
20,126,near_high_high_volume_high_rsi,-1,1,1,1,1.0,2,0.0005,0.15459998914410922,0.775201339372746,-0.2651626469827547,-0.06095317796995303,-0.22583750615847553,-0.044479791746117936,-0.1563017808412186,1,1,-0.08191953666246254,-0.3799785268677009,-1.8998926343385043,-0.28277560838481675,-0.06467503128451546,-0.2985999963281406,-0.022111132042175408,-0.040880571577101676,-0.18466743304895816,-0.6934800170417402,-0.1963657826522831,-0.774408503920799,0.1216887702876821,0.3162413161305738,0.13730107898003197,0.36514816086131974,-0.09916404204040963,-0.4613570574072612,-0.08318173735779921,-0.3760437036579709,False,False,False
20,126,near_high_high_volume_high_rsi,-1,1,1,1,1.0,3,0.0005,0.12394669319172569,0.6503717758430485,-0.26661220699413557,-0.09160647392233656,-0.35066706968817307,-0.04799230406965016,-0.17349473371456703,1,1,-0.07294951486227697,-0.3399004120135166,-1.699502060067583,-0.4249831962518186,-0.05239837405274428,-0.24437001455293927,-0.019261632804907558,-0.03185181027778128,-0.2790698479787401,-1.1422377451763652,-0.19430349503076338,-0.8488409720220055,0.07270951422375327,0.19967303492224853,0.0828917043488615,0.23492083346927028,-0.09350065567180965,-0.43543080947409396,-0.0460845503335221,-0.20475442702631452,False,False,False
20,126,near_high_high_volume_high_rsi,-1,1,1,1,1.0,5,0.0005,0.0958695144154631,0.5379103918422489,-0.2595088982188738,-0.11968365269859915,-0.4631284536889727,-0.11968365269859915,-0.4631284536889727,0,0,-0.10722236175295896,-0.4357865336962869,-2.1789326684814343,-0.5552395926303754,-0.10679482717351929,-0.5739505794037928,-0.10679482717351929,-0.5739505794037928,-0.2191410684864603,-0.8819275159618087,-0.2191410684864603,-0.8819275159618087,-0.10764989633239863,-0.297622487988781,-0.10764989633239863,-0.297622487988781,-0.05173325504555848,-0.22635179459306942,-0.05173325504555848,-0.22635179459306942,False,False,False
20,126,near_high_high_volume_high_rsi,-1,1,1,1,1.0,10,0.0005,0.12918025922852117,0.6574569158349787,-0.27616826262458505,-0.08637290788554108,-0.3435819296962429,-0.15172997199040705,-0.5473820404208317,1,0,-0.09972218715593772,-0.40964328476677625,-2.048216423833881,-0.4007034971554649,-0.18792627575357246,-1.0702648065483686,-0.06224921104749881,-0.323336261089953,-0.15455743903427432,-0.6034231032639247,-0.18528006796456786,-0.7718388609375636,0.054925296790115485,0.14415097995167525,-0.2442396222839478,-0.5929222996340526,-0.044886935277601125,-0.21586346626962788,-0.14170125115573473,-0.6001472641287413,False,False,False
20,126,near_high_high_volume_low_rsi,-1,1,1,-1,0.25,1,0.0005,0.20865197089467813,0.9747651005744621,-0.26077643000923156,-0.00690119621938412,-0.026273744956759493,0.0,0.0,1,0,-0.005134206792110407,0.03215605065985927,-0.10268413584220815,-0.032016213502129985,-0.0023253910688663115,0.07800861897151412,0.0,0.0,-0.007943022515354503,-0.013696517651795581,0.0,0.0,-0.05553284436317285,-0.16058687646160563,0.0,0.0,0.03570406254883318,0.12056901862608771,0.0,0.0,False,False,False
20,126,near_high_high_volume_low_rsi,-1,1,1,-1,0.25,2,0.0005,0.19907978089022715,0.9315031202139646,-0.23166749721119217,-0.016473386223835096,-0.06953572531725694,0.0,0.0,1,0,-0.01579730668748014,-0.0671100992400181,-0.3355504962000905,-0.07642377258654719,-0.04256389924234005,-0.25771942475103893,0.0,0.0,0.011698349603324942,0.08092848687905874,0.0,0.0,-0.015612308692349863,-0.04890684473074591,0.0,0.0,-0.015982304682610415,-0.08531335374929028,0.0,0.0,False,False,False
20,126,near_high_high_volume_low_rsi,-1,1,1,-1,0.25,3,0.0005,0.17193899726137585,0.8238665095576155,-0.20648298532333742,-0.0436141698526864,-0.17717233597360604,0.0,0.0,0,0,-0.040276423293062136,-0.22159729336146872,-1.1079864668073436,-0.20233601963086675,-0.03313674124783672,-0.212518204275158,0.0,0.0,-0.08476635294797674,-0.29339677315435986,0.0,0.0,-0.010182190125108237,-0.03524779854702176,0.0,0.0,-0.04741610533828755,-0.23067638244777944,0.0,0.0,False,False,False
20,126,near_high_high_volume_low_rsi,-1,1,1,-1,0.25,5,0.0005,0.21555316711406225,1.0010388455312216,-0.21988831808861653,0.0,0.0,0.0,0.0,0,0,0.0,0.0,0.0,0.0,0.0,0.0,0.0,0.0,0.0,0.0,0.0,0.0,0.0,0.0,0.0,0.0,0.0,0.0,0.0,0.0,False,False,False
20,126,near_high_high_volume_low_rsi,-1,1,1,-1,0.25,10,0.0005,0.2809102312189282,1.2048389562558104,-0.19672816700819518,0.06535706410486597,0.2038001107245888,0.0,0.0,3,0,0.06376847240421357,0.2763497777663762,1.2753694480842714,0.2035886136031396,-0.12567706470607365,-0.7469285454584156,0.0,0.0,0.03072262893029354,0.16841575767363892,0.0,0.0,0.2991649190740633,0.7370732795857279,0.0,0.0,0.0968143158781336,0.3842837978591135,0.0,0.0,True,False,False
20,126,near_high_high_volume_low_rsi,-1,1,1,-1,0.5,1,0.0005,0.1866416084389797,0.8936828997665476,-0.26077643000923145,-0.02891155867508255,-0.107355945764674,-0.02201036245569843,-0.0810822008079145,1,2,-0.03552085595804744,-0.08116157191136536,-0.7104171191609487,-0.1341272738515769,-0.015989768179683228,-0.0024833716164180952,-0.013664377110816917,-0.08049199058793222,-0.11598302184368126,-0.41786408684511667,-0.10803999932832675,-0.4041675691933211,-0.055051943736411646,-0.15983977220631262,0.0004809006267612048,0.0007471042552930074,0.06415043688836719,0.23638465019468735,0.02844637433953401,0.11581563156859964,False,False,False
20,126,near_high_high_volume_low_rsi,-1,1,1,-1,0.5,2,0.0005,0.15480713866568596,0.7653479729326215,-0.23166749721119229,-0.06074602844837629,-0.2356908725986001,-0.04427264222454119,-0.16615514728134317,0,1,-0.038084767127866126,-0.18110103343176653,-0.9055051671588327,-0.28181459480125326,-0.045697666696221884,-0.27498750300519836,-0.0031337674538818305,-0.017268078254159436,-0.16515273860556312,-0.6159755925068783,-0.17685108820888806,-0.696904079385937,-0.03047186755951037,-0.0872145638583347,-0.014859558867160505,-0.03830771912758879,-0.007299220623300018,-0.04827000114774016,0.008683084059310398,0.03704335260155012,False,False,False
20,126,near_high_high_volume_low_rsi,-1,1,1,-1,0.5,3,0.0005,0.13379796387664422,0.6800709406060448,-0.2064829853233371,-0.08175520323741803,-0.3209679049251768,-0.038141033384731626,-0.14379556895157075,0,2,-0.05163589794700185,-0.2010418430662179,-1.032717958940037,-0.37928091863366775,-0.028843839868739396,-0.1917271330414143,0.004292901379097325,0.020791071233743685,-0.20003065177940282,-0.7719420271575946,-0.11526429883142608,-0.4785452540032348,-0.06025173520333249,-0.17244335395890875,-0.050069545078224253,-0.137195555411887,-0.043020060690671214,-0.21035655309102147,0.004396044647616337,0.020319829356757968,False,False,False
20,126,near_high_high_volume_low_rsi,-1,1,1,-1,0.5,5,0.0005,0.15188382891572827,0.7583099199731297,-0.21988831808861664,-0.06366933819833398,-0.2427289255580919,-0.06366933819833398,-0.2427289255580919,1,1,-0.06209551677156311,-0.24679820234603678,-1.2419103354312622,-0.2953764913351641,-0.05506025903549272,-0.2917627883568926,-0.05506025903549272,-0.2917627883568926,-0.14557419936313343,-0.5383809934060128,-0.14557419936313343,-0.5383809934060128,-0.0691307745076335,-0.20183361633518093,-0.0691307745076335,-0.20183361633518093,0.008184335444125335,0.03472202730281693,0.008184335444125335,0.03472202730281693,False,False,False
20,126,near_high_high_volume_low_rsi,-1,1,1,-1,0.5,10,0.0005,0.2185390561885303,0.9840128068886879,-0.20104717067505506,0.002985889074468062,-0.017026038642533714,-0.06237117503039791,-0.22082614936712253,2,0,-0.021100929021685588,-0.08255695189489048,-0.42201858043371177,-0.017008369573808597,-0.17811004053695467,-1.003081287061783,-0.05243297583088102,-0.2561527416033673,-0.11196221190528566,-0.4302799422343886,-0.1426848408355792,-0.5986956999080275,0.27709441400989365,0.719764040220744,-0.022070505064169632,-0.017309239364983853,0.06976035386191448,0.2651660384446076,-0.027053962016219124,-0.11911775941450586,False,False,False
20,126,near_high_high_volume_low_rsi,-1,1,1,-1,1.0,1,0.0005,0.12838305883054812,0.6747558251331217,-0.20469486705957607,-0.08717010828351412,-0.32628302039809987,-0.08026891206413,-0.3000092754413404,1,1,-0.08498017952546988,-0.4369306964367978,-2.184653482183989,-0.40440189049686814,-0.11822264087665424,-0.6293000406177374,-0.11589724980778793,-0.7073086595892515,-0.22208770632944153,-0.872641477671869,-0.21414468381408702,-0.8589449600200734,0.04986373988646364,0.16795445197975278,0.1053965842496365,0.3285413284413584,-0.05173771817428552,-0.24456135225585834,-0.0874417807231187,-0.36513037088194605,False,False,False
20,126,near_high_high_volume_low_rsi,-1,1,1,-1,1.0,2,0.0005,0.13151132400402687,0.68468258853306,-0.26400159932935785,-0.08404184311003537,-0.3163562569981616,-0.06756845688620028,-0.24682053168090468,1,1,-0.10260843942570386,-0.5054624334701583,-2.5273121673507912,-0.3898891592975933,-0.10519308642725256,-0.5446610048373992,-0.0626291871849125,-0.2869415800863603,-0.1737845264790514,-0.640408125019077,-0.18548287608237635,-0.7213366118981357,0.05170730732578632,0.15112587043456094,0.06731961601813619,0.20003271516530685,-0.10002379242415516,-0.46626386210291726,-0.08404148774154474,-0.380950508353627,False,False,False
20,126,near_high_high_volume_low_rsi,-1,1,1,-1,1.0,3,0.0005,0.08786759693475776,0.49436845506580607,-0.34411381649014616,-0.1276855701793045,-0.5066703904654155,-0.08407140032661808,-0.32949805449180947,1,2,-0.08347902952842856,-0.4750795623641126,-2.3753978118205628,-0.5923623015556914,-0.14894182098506925,-0.8439113466974191,-0.11580507973723253,-0.6313931424222611,-0.342833723776211,-1.4694845662173375,-0.2580673708282343,-1.1760877930629776,0.010997863185366663,0.045015010995617555,0.0211800533104749,0.08026280954263931,-0.01801623807178787,-0.1062477780308061,0.02939986726649968,0.12442860441697334,False,False,False
20,126,near_high_high_volume_low_rsi,-1,1,1,-1,1.0,5,0.0005,0.09193288160162849,0.5163306256518598,-0.27648913655198726,-0.12362028551243376,-0.48470821987936175,-0.12362028551243376,-0.48470821987936175,1,1,-0.13578465765800662,-0.5579155729405151,-2.7895778647025753,-0.5735025245396592,-0.23087083687622423,-1.3079833015243567,-0.23087083687622423,-1.3079833015243567,-0.20677881453271496,-0.8158678045619512,-0.20677881453271496,-0.8158678045619512,0.02221279710091384,0.11657616426799644,0.02221279710091384,0.11657616426799644,-0.06479050078329829,-0.299963341319079,-0.06479050078329829,-0.299963341319079,False,False,False
20,126,near_high_high_volume_low_rsi,-1,1,1,-1,1.0,10,0.0005,0.06726974174497258,0.3976218622364815,-0.2841755826857779,-0.14828342536908967,-0.60341698329474,-0.21364048947395564,-0.8072170940193288,1,0,-0.15807509326363045,-0.6641035452693493,-3.3205177263467465,-0.6879204205365441,-0.3254075660836576,-1.8184576995037254,-0.19973050137758397,-1.0715291540453098,-0.17835998894776584,-0.6911112955757589,-0.20908261787805937,-0.8595270532493978,0.09805404851681754,0.24765370117171892,-0.20111087055724575,-0.48941957841400896,-0.13779019757949507,-0.6370957949629399,-0.23460451345762867,-1.0213795928220535,False,False,False
20,126,near_high_low_volume_high_rsi,-1,1,-1,1,0.25,1,0.0005,0.19539724829438088,0.9258473023418748,-0.2607764300092317,-0.020155918819681373,-0.07519154318934673,-0.013254722600297253,-0.04891779823258724,1,0,-0.027108044475936954,-0.04488487685113207,-0.5421608895187391,-0.09350787598966548,-0.0023253910688663115,0.07800861897151412,0.0,0.0,-0.0518906978830076,-0.16777837267377826,-0.043947675367653094,-0.15408185502198268,-0.06714258893263825,-0.1952095853997502,-0.011609744569465397,-0.034622708938144564,0.03570406254883318,0.12056901862608771,0.0,0.0,False,False,False
20,126,near_high_low_volume_high_rsi,-1,1,-1,1,0.25,2,0.0005,0.1826726977882578,0.8711621135395035,-0.2316674972111924,-0.03288046932580446,-0.12987673199171812,-0.016407083101969366,-0.060341006674461184,0,0,-0.03508894400483531,-0.10484291753690633,-0.7017788800967062,-0.15253994996234693,-0.04256389924234005,-0.25771942475103893,0.0,0.0,-0.046916378078137866,-0.12437248132452239,-0.05861472768146281,-0.20530096820358112,-0.027613988767330566,-0.08353874108810444,-0.012001680074980703,-0.03463189635735853,-0.015982304682610415,-0.08531335374929028,0.0,0.0,False,False,False
20,126,near_high_low_volume_high_rsi,-1,1,-1,1,0.25,3,0.0005,0.15221063512816446,0.7491777672067478,-0.2064829853233371,-0.06334253198589779,-0.2518610783244738,-0.019728362133211386,-0.07468874235086775,0,0,-0.040276423293062136,-0.22159729336146872,-1.1079864668073436,-0.29386036324105325,-0.03313674124783672,-0.212518204275158,0.0,0.0,-0.15404872802646108,-0.5697840805806836,-0.06928237507848434,-0.2763873074263238,-0.022237182517420573,-0.06980398275571997,-0.012054992392312336,-0.034556184208698215,-0.04741610533828755,-0.23067638244777944,0.0,0.0,False,False,False
20,126,near_high_low_volume_high_rsi,-1,1,-1,1,0.25,5,0.0005,0.18767009909033727,0.8977623664592923,-0.21988831808861675,-0.027883068023724977,-0.10327647907192927,-0.027883068023724977,-0.10327647907192927,0,0,-0.006077480017351311,-0.017535197486641063,-0.12154960034702622,-0.1293558725999621,0.0,0.0,0.0,0.0,-0.10454587982555497,-0.38165424784413693,-0.10454587982555497,-0.38165424784413693,-0.012154960034702622,-0.035070394973282126,-0.012154960034702622,-0.035070394973282126,0.0,0.0,0.0,0.0,False,False,False
20,126,near_high_low_volume_high_rsi,-1,1,-1,1,0.25,10,0.0005,0.26078260769852,1.1391599365539824,-0.19672816700819507,0.04522944058445777,0.13812109102276082,-0.0201276235204082,-0.06567901970182799,2,0,0.028769215680466198,0.1578472896727961,0.575384313609324,0.1379777534501811,-0.12567706470607365,-0.7469285454584156,0.0,0.0,-0.03927588451720121,-0.06858921851352129,-0.06999851344749475,-0.2370049761871602,0.28407279019078735,0.7010158252428172,-0.015092128883275935,-0.03605745434291063,0.0968143158781336,0.3842837978591135,0.0,0.0,False,False,False
20,126,near_high_low_volume_high_rsi,-1,1,-1,1,0.5,1,0.0005,0.1875842299269621,0.9026776884503914,-0.21442335126884582,-0.02796893718710014,-0.09836115708083015,-0.02106774096771602,-0.07208741212407066,2,1,-0.005666485435137925,-0.004660641166976898,-0.11332970870275849,-0.12975423911215409,-0.020102510213290792,-0.024888367864307925,-0.01777711914442448,-0.10289698683582205,-0.18194344606109114,-0.6951622187757434,-0.17400042354573664,-0.6814657011239478,0.08378104938543274,0.22915737230341315,0.1393138937486056,0.3897442487650188,0.008769539343014943,0.01556708553035413,-0.02693452320581824,-0.10500193309573358,False,False,False
20,126,near_high_low_volume_high_rsi,-1,1,-1,1,0.5,2,0.0005,0.1617930866161792,0.7921524785825766,-0.21449920693996816,-0.053760080497883056,-0.20888636694864493,-0.03728669427404796,-0.139350641631388,1,1,-0.05920032739772152,-0.318482096043357,-1.5924104802167849,-0.2494051988084932,-0.07354039111525879,-0.4237959924202831,-0.030976491872918732,-0.16607656766924417,-0.18688762744501797,-0.711729560007677,-0.1985859770483429,-0.7926580468867357,0.09931763516141623,0.26377656115641523,0.11492994385376609,0.31268340588716115,-0.044860263680184254,-0.2131681996664309,-0.028877958997573838,-0.12785484591714064,False,False,False
20,126,near_high_low_volume_high_rsi,-1,1,-1,1,0.5,3,0.0005,0.14664816982102757,0.729985458473069,-0.23791326531874912,-0.06890499729303468,-0.27105338705815263,-0.025290827440348274,-0.09388105108454659,1,2,-0.03571629357778372,-0.20980981401803528,-1.0490490700901762,-0.3196659006015572,-0.04725722366437224,-0.29105069296191344,-0.014120482416535518,-0.07853248868675544,-0.256799276456928,-1.0372864131638952,-0.17203292350895127,-0.7438896400095354,0.05893272071592892,0.1609214626086105,0.06911491084103716,0.19616926115563227,-0.0241753634911952,-0.12856893507415712,0.02324074184709235,0.10210744737362232,False,False,False
20,126,near_high_low_volume_high_rsi,-1,1,-1,1,0.5,5,0.0005,0.11714421175118028,0.6072421746553937,-0.30761145024951597,-0.09840895536288197,-0.3937966708758279,-0.09840895536288197,-0.3937966708758279,0,0,-0.04599510990313416,-0.2842073973834029,-1.4210369869170143,-0.4565414495200055,-0.08608486339487342,-0.5431320157508042,-0.08608486339487342,-0.5431320157508042,-0.29635149022059526,-1.2280225959741893,-0.29635149022059526,-1.2280225959741893,-0.0016955654346872961,0.0011168179202396544,-0.0016955654346872961,0.0011168179202396544,-0.005905356411394891,-0.025282779016001622,-0.005905356411394891,-0.025282779016001622,False,False,False
20,126,near_high_low_volume_high_rsi,-1,1,-1,1,0.5,10,0.0005,0.26024875107027934,1.1546599384232474,-0.2183673220869432,0.04469558395621709,0.15362109289202586,-0.02066148014864888,-0.050179017832562955,2,2,0.05127628459680189,0.05405410188334203,0.27027050941671016,0.15346166992201357,-0.09745105727927283,-0.5474138102219607,0.028226007426800814,0.19951473523645497,-0.1551346658320707,-0.5964688457233894,-0.18585729476236423,-0.7648846033970284,0.2639231118252905,0.6555220139886447,-0.035241807248772794,-0.08155126559708314,0.20000362647287662,0.786649293547007,0.10318931059474301,0.4023654956878935,False,False,False
20,126,near_high_low_volume_high_rsi,-1,1,-1,1,1.0,1,0.0005,0.13258463962937217,0.6901744388089539,-0.2924047503712778,-0.08296852748469008,-0.31086440672226767,-0.07606733126530596,-0.2845906617655082,2,1,-0.030688295846259872,-0.16049917162180133,-0.8024958581090066,-0.3849098048315217,-0.07971554185732721,-0.3851200905537595,-0.0773901507884609,-0.46312870952527363,-0.314017356407402,-1.3176328930458832,-0.3060743338920475,-1.3039363753940876,0.05571037261771283,0.17274648829070383,0.11124321698088568,0.33333336475230946,0.018338950164807466,0.06412174731015685,-0.017365112384025716,-0.05644727131593086,False,False,False
20,126,near_high_low_volume_high_rsi,-1,1,-1,1,1.0,2,0.0005,0.15483234384753786,0.787164094705707,-0.2465151669673541,-0.06072082326652439,-0.21387475082551455,-0.0442474370426893,-0.1443390255082576,1,3,-0.018240072072593705,-0.07270909400640102,-0.3648014414518741,-0.28169766224958004,-0.03786722327833103,-0.1400731319375601,0.004696675964009023,0.11764629281347883,-0.26184021798267,-1.058498986346395,-0.27353856758599493,-1.1394274732254537,0.06176696291064654,0.1999492616426376,0.0773792716029964,0.2488561063733835,0.0013870791331436205,-0.0053450560752419385,0.017369383815754036,0.07996829767404834,False,False,False
20,126,near_high_low_volume_high_rsi,-1,1,-1,1,1.0,3,0.0005,0.11199029530126925,0.601519862752958,-0.2794763128951887,-0.103562871812793,-0.3995189827782636,-0.0599487019601066,-0.22234664680465754,1,1,-0.09142381743812134,-0.45069190975728113,-2.2534595487864055,-0.4804516361292507,-0.08290141642142634,-0.4346575830552455,-0.04976467517358962,-0.2221393787800875,-0.2804684333832155,-1.150634849614432,-0.19570208043523873,-0.8572380764600722,0.06235088099770825,0.2005020326995418,0.07253307112281648,0.23574983124656357,-0.09994621845481633,-0.46672623645931677,-0.052530113116528776,-0.2360498540115373,False,False,False
20,126,near_high_low_volume_high_rsi,-1,1,-1,1,1.0,5,0.0005,0.1546217244337329,0.782387502828589,-0.30226655138655945,-0.06093144268032935,-0.21865134270263253,-0.06093144268032935,-0.21865134270263253,1,1,-0.024020992324130686,-0.07868214144954838,-0.4804198464826137,-0.28267477344968367,-0.040672559438894806,-0.17787714052812842,-0.040672559438894806,-0.17787714052812842,-0.22757782716344943,-0.9134979659245079,-0.22757782716344943,-0.9134979659245079,-0.007369425209366565,0.020512857629031656,-0.007369425209366565,0.020512857629031656,0.029160264181384177,0.10912822405377365,0.029160264181384177,0.10912822405377365,False,False,False
20,126,near_high_low_volume_high_rsi,-1,1,-1,1,1.0,10,0.0005,0.17332038411290007,0.8380047230130829,-0.32750791424495096,-0.04223278300116218,-0.16303412251813865,-0.10758984710602815,-0.36683423324272746,2,1,-0.07202637107067134,-0.29605815450537437,-1.4802907725268717,-0.19592745291844518,-0.29522866832344075,-1.7070255076944987,-0.1695516036173671,-0.9600969622360831,-0.22280501006385012,-0.8982262911077707,-0.25352763899414366,-1.0666420487814097,0.37337819968021546,1.0097507367514402,0.07421328060615218,0.27267745716571223,0.07875226792250745,0.306109982097022,-0.01806204795562616,-0.07817381576209148,False,False,False
20,126,near_high_low_volume_low_rsi,-1,1,-1,-1,0.25,1,0.0005,0.20865197089467813,0.9747651005744621,-0.26077643000923156,-0.00690119621938412,-0.026273744956759493,0.0,0.0,1,0,-0.005134206792110407,0.03215605065985927,-0.10268413584220815,-0.032016213502129985,-0.0023253910688663115,0.07800861897151412,0.0,0.0,-0.007943022515354503,-0.013696517651795581,0.0,0.0,-0.05553284436317285,-0.16058687646160563,0.0,0.0,0.03570406254883318,0.12056901862608771,0.0,0.0,False,False,False
20,126,near_high_low_volume_low_rsi,-1,1,-1,-1,0.25,2,0.0005,0.19907978089022715,0.9315031202139646,-0.23166749721119217,-0.016473386223835096,-0.06953572531725694,0.0,0.0,1,0,-0.01579730668748014,-0.0671100992400181,-0.3355504962000905,-0.07642377258654719,-0.04256389924234005,-0.25771942475103893,0.0,0.0,0.011698349603324942,0.08092848687905874,0.0,0.0,-0.015612308692349863,-0.04890684473074591,0.0,0.0,-0.015982304682610415,-0.08531335374929028,0.0,0.0,False,False,False
20,126,near_high_low_volume_low_rsi,-1,1,-1,-1,0.25,3,0.0005,0.17193899726137585,0.8238665095576155,-0.20648298532333742,-0.0436141698526864,-0.17717233597360604,0.0,0.0,0,0,-0.040276423293062136,-0.22159729336146872,-1.1079864668073436,-0.20233601963086675,-0.03313674124783672,-0.212518204275158,0.0,0.0,-0.08476635294797674,-0.29339677315435986,0.0,0.0,-0.010182190125108237,-0.03524779854702176,0.0,0.0,-0.04741610533828755,-0.23067638244777944,0.0,0.0,False,False,False
20,126,near_high_low_volume_low_rsi,-1,1,-1,-1,0.25,5,0.0005,0.21555316711406225,1.0010388455312216,-0.21988831808861653,0.0,0.0,0.0,0.0,0,0,0.0,0.0,0.0,0.0,0.0,0.0,0.0,0.0,0.0,0.0,0.0,0.0,0.0,0.0,0.0,0.0,0.0,0.0,0.0,0.0,False,False,False
20,126,near_high_low_volume_low_rsi,-1,1,-1,-1,0.25,10,0.0005,0.2809102312189282,1.2048389562558104,-0.19672816700819518,0.06535706410486597,0.2038001107245888,0.0,0.0,3,0,0.06376847240421357,0.2763497777663762,1.2753694480842714,0.2035886136031396,-0.12567706470607365,-0.7469285454584156,0.0,0.0,0.03072262893029354,0.16841575767363892,0.0,0.0,0.2991649190740633,0.7370732795857279,0.0,0.0,0.0968143158781336,0.3842837978591135,0.0,0.0,True,False,False
20,126,near_high_low_volume_low_rsi,-1,1,-1,-1,0.5,1,0.0005,0.16508983714922665,0.8110974263677158,-0.24425857507160076,-0.0504633299648356,-0.18994141916350582,-0.04356213374545148,-0.16366767420674633,1,1,-0.010905510668017815,-0.024700112594080226,-0.2181102133603563,-0.23411082583691473,-0.015529147229979445,0.0020420905306937076,-0.013203756161113134,-0.07596652844082041,-0.21480910369170592,-0.8431317441241869,-0.2068660811763514,-0.8294352264723913,0.034911974557597425,0.09244017985333619,0.09044481892077028,0.2530270563149418,-0.0062818741060561845,-0.05144231571885416,-0.041985936654889366,-0.17201133434494187,False,False,False
20,126,near_high_low_volume_low_rsi,-1,1,-1,-1,0.5,2,0.0005,0.1440445583547969,0.7228114089081875,-0.21449920693996827,-0.07150860875926535,-0.27822743662303406,-0.05503522253543025,-0.20869171130577713,1,1,-0.0658931004494695,-0.34896940798205145,-1.7448470399102571,-0.3317446443337379,-0.07504656664199572,-0.42998420499358037,-0.03248266739965566,-0.17226478024254144,-0.22445424619343224,-0.8830088194176898,-0.23615259579675718,-0.9639373062967486,0.07898564409233377,0.2143172130502865,0.09459795278468364,0.2632240577810324,-0.05673963425694328,-0.2679546109705226,-0.04075732957433287,-0.1826412572212323,False,False,False
20,126,near_high_low_volume_low_rsi,-1,1,-1,-1,0.5,3,0.0005,0.1551475921889225,0.7631641852064018,-0.18963741663300038,-0.06040557492513976,-0.23787466032481974,-0.016791405072453358,-0.0607023243512137,1,1,-0.06739505305614746,-0.3661183667075074,-1.830591833537537,-0.28023515373901003,-0.08438861292877076,-0.48760099821770364,-0.051251871680934036,-0.27508279394254564,-0.192340699311643,-0.7318894925592951,-0.10757434636366625,-0.4384927194049353,0.09506647497607279,0.25325908406955333,0.10524866510118103,0.2885068826165751,-0.05040149318352416,-0.2446357351973112,-0.002985387845236609,-0.01395935274953175,False,False,False
20,126,near_high_low_volume_low_rsi,-1,1,-1,-1,0.5,5,0.0005,0.12248550055233265,0.6348745729500278,-0.3545838828952348,-0.0930676665617296,-0.3661642725811938,-0.0930676665617296,-0.3661642725811938,1,1,-0.04451006494616139,-0.2331477761732217,-1.1657388808661084,-0.43176200010312005,-0.057126991515757064,-0.3206059386384783,-0.057126991515757064,-0.3206059386384783,-0.3455756817310275,-1.4622262472557348,-0.3455756817310275,-1.4622262472557348,0.08288451085915627,0.2277916202084117,0.08288451085915627,0.2277916202084117,-0.03189313837656571,-0.14568961370796507,-0.03189313837656571,-0.14568961370796507,False,False,False
20,126,near_high_low_volume_low_rsi,-1,1,-1,-1,0.5,10,0.0005,0.25078501806769093,1.100460970998157,-0.1967281670081955,0.035231850953628685,0.09942212546693541,-0.030125213151237284,-0.1043779852576534,2,1,0.06173515434316812,0.27565760007500245,1.2347030868633624,0.09931894842120241,-0.2141019195757552,-1.1856393471238735,-0.08842485486968155,-0.4387108016654578,-0.04578166752007973,-0.11150297397793318,-0.07650429645037327,-0.2799187316515721,0.2886089946172463,0.7107022250532234,-0.010555924456816967,-0.026371054532504434,0.16925197620641597,0.6628181741279381,0.07243766032828236,0.2785343762688246,False,False,False
20,126,near_high_low_volume_low_rsi,-1,1,-1,-1,1.0,1,0.0005,0.10704284377348872,0.5838433127596365,-0.36543855133882064,-0.10851032334057353,-0.41719553277158505,-0.10160912712118941,-0.39092178781482556,2,1,-0.06860458067172148,-0.41252294735692474,-2.0626147367846235,-0.5034039851669363,-0.1653617984667075,-0.9286430657106447,-0.1630364073978412,-1.006651684682159,-0.3174071142716418,-1.3354003608737235,-0.3094640917562873,-1.321703843221928,0.03539809799627025,0.11850196065867957,0.0909309423594431,0.2790888371202852,0.028152637123264546,0.10359717099679522,-0.007551425425568636,-0.01697184762929249,False,False,False
20,126,near_high_low_volume_low_rsi,-1,1,-1,-1,1.0,2,0.0005,0.12780134832754153,0.6791888582209831,-0.23628341528334162,-0.08775181878652072,-0.3218499873102385,-0.07127843256268562,-0.25231426199298157,1,1,-0.06775035618581693,-0.3382755847148679,-1.6913779235743394,-0.40710057737210564,-0.09663711915833728,-0.4922309337408385,-0.05407321991599723,-0.23451150898979956,-0.25547666045257245,-1.0252902577522898,-0.2671750100558974,-1.1062187446313485,0.046187803567108165,0.16993933323553023,0.06180011225945803,0.21884617796627615,-0.03886359321329658,-0.18432023568889733,-0.02288128853068616,-0.09900688193960705,False,False,False
20,126,near_high_low_volume_low_rsi,-1,1,-1,-1,1.0,3,0.0005,0.11027462444153313,0.6001225738661108,-0.24206353562190808,-0.10527854267252912,-0.4009162716651108,-0.06166437281984272,-0.22374393569150475,1,1,-0.12414390318591362,-0.6539697430510591,-3.2698487152552955,-0.4884110221253203,-0.15490622067965387,-0.8717077633607736,-0.12176947943181715,-0.6591895590856156,-0.25262098842422254,-1.0122505520305949,-0.1678546354762458,-0.7188537788762349,0.099779927092702,0.33833337200089064,0.10996211721781024,0.3735811705479124,-0.09338158569217336,-0.43623172274134464,-0.04596548035388581,-0.2055553402935652,False,False,False
20,126,near_high_low_volume_low_rsi,-1,1,-1,-1,1.0,5,0.0005,0.21232053204172296,1.0501817856732485,-0.18883874331361006,-0.003232635072339285,0.049142940142026914,-0.003232635072339285,0.049142940142026914,2,2,0.009826415998350657,0.07168346520854141,0.19652831996701314,-0.01499692681680108,-0.13085695482729864,-0.7169649001266261,-0.13085695482729864,-0.7169649001266261,-0.03152812683070616,-0.06232570780382796,-0.03152812683070616,-0.06232570780382796,0.11165904807390614,0.46155317976501553,0.11165904807390614,0.46155317976501553,0.051180958827407474,0.20569263822091077,0.051180958827407474,0.20569263822091077,False,False,False
20,126,near_high_low_volume_low_rsi,-1,1,-1,-1,1.0,10,0.0005,0.17495445239648943,0.8700791429649815,-0.26822213370829595,-0.040598714717572815,-0.13095970256624012,-0.10595577882243878,-0.33475981329082893,2,0,-0.05281523851129222,-0.2085501309468037,-1.0563047702258443,-0.18834663976934088,-0.2784185281068875,-1.5954301593892852,-0.15274146340081385,-0.8485016139308696,-0.1609401653613376,-0.6223009402373092,-0.19166279429163113,-0.7907166979109481,0.2966527954026026,0.9904717563319329,-0.0025121236714606976,0.25339847674620497,0.05530968833875316,0.20520067834370181,-0.041504627539380445,-0.17908311951541167,False,False,False
20,126,pullback_high_volume_high_rsi,1,-1,1,1,0.25,1,0.0005,0.20533941292593494,0.9622294245739526,-0.26077643000923156,-0.01021375418812731,-0.038809420957269025,-0.0033125579687431905,-0.012535676000509532,1,0,-0.005134206792110407,0.027369865971453022,-0.10268413584220815,-0.047383920750849344,-0.0023253910688663115,0.07800861897151412,0.0,0.0,-0.007943022515354503,-0.013696517651795581,0.0,0.0,-0.05553284436317285,-0.16058687646160563,0.0,0.0,0.022970472984701118,0.06843624959470163,-0.012733589564132064,-0.052132769031386084,False,False,False
20,126,pullback_high_volume_high_rsi,1,-1,1,1,0.25,2,0.0005,0.19447590552597238,0.9136055356074075,-0.23166749721119217,-0.02107726158808987,-0.08743330992381404,-0.0046038753642547725,-0.017897584606557104,1,0,-0.02430685043797276,-0.10505831376879388,-0.5252915688439693,-0.09778219392590326,-0.04256389924234005,-0.25771942475103893,0.0,0.0,0.011698349603324942,0.08092848687905874,0.0,0.0,-0.015612308692349863,-0.04890684473074591,0.0,0.0,-0.03300139218359566,-0.16120978280684184,-0.01701908750098524,-0.07589642905755156,False,False,False
20,126,pullback_high_volume_high_rsi,1,-1,1,1,0.25,3,0.0005,0.16326005162725843,0.7900973971327995,-0.21592743407478743,-0.05229311548680382,-0.2109414483984221,-0.008678945634117419,-0.03376911242481606,0,0,-0.05614082917912444,-0.2529574887147589,-1.2647874435737945,-0.2425996156165609,-0.03313674124783672,-0.212518204275158,0.0,0.0,-0.08476635294797674,-0.29339677315435986,0.0,0.0,-0.010182190125108237,-0.03524779854702176,0.0,0.0,-0.07914491711041216,-0.37217597441092193,-0.03172881177212461,-0.1414995919631425,False,False,False
20,126,pullback_high_volume_high_rsi,1,-1,1,1,0.25,5,0.0005,0.20106796177280484,0.9445356581155264,-0.21988831808861653,-0.014485205341257412,-0.056503187415695155,-0.014485205341257412,-0.056503187415695155,0,0,0.0,0.0,0.0,-0.06720015082679073,0.0,0.0,0.0,0.0,0.0,0.0,0.0,0.0,0.0,0.0,0.0,0.0,-0.05293284094279094,-0.2435828608543536,-0.05293284094279094,-0.2435828608543536,False,False,False
20,126,pullback_high_volume_high_rsi,1,-1,1,1,0.25,10,0.0005,0.26781731061158043,1.155129778768967,-0.19672816700819518,0.05226414349751818,0.15409093323774536,-0.013092920607347791,-0.04970917748684345,3,0,0.03905716534562542,0.16868796172508443,0.7811433069125084,0.15393102268271505,-0.12567706470607365,-0.7469285454584156,0.0,0.0,0.03072262893029354,0.16841575767363892,0.0,0.0,0.2991649190740633,0.7370732795857279,0.0,0.0,0.047391701760957305,0.16896016577652995,-0.0494226141171763,-0.21532363208258354,True,False,False
20,126,pullback_high_volume_high_rsi,1,-1,1,1,0.5,1,0.0005,0.19731619093705755,0.9208479631342111,-0.2567755479056998,-0.018236976177004705,-0.08019088239701044,-0.011335779957620584,-0.05391713744025095,1,2,-0.05506650807069613,-0.19607394041372833,-1.1013301614139226,-0.08460546611850252,-0.07905571648036114,-0.4066819999777709,-0.07673032541149483,-0.484690618949285,-0.06380099356232338,-0.25452808702748775,-0.05585797104696888,-0.24083156937569217,-0.04633202257906888,-0.13761979379996891,0.009200821784103974,0.022967082661636717,0.11465253168280731,0.4323324857822176,0.07894846913397413,0.3117634671561299,False,False,False
20,126,pullback_high_volume_high_rsi,1,-1,1,1,0.5,2,0.0005,0.19136667768699644,0.8885825185279782,-0.20123760096764154,-0.024186489427065805,-0.11245632700324337,-0.007713103203230709,-0.04292060168598644,1,2,-0.002964439665750218,-0.02871262210957165,-0.14356311054785825,-0.11233962348740437,-0.11506588691755537,-0.6588602061004568,-0.07250198767521532,-0.4011407813494179,-0.0029909702245751735,-0.04215322936308752,-0.014689319827900116,-0.12308171624214626,-0.0029379091069252627,-0.015272014856055782,0.0126743995854246,0.03363482987469013,0.02994763095426589,0.10433314589996179,0.04592993563687631,0.18964649964925206,False,False,False
20,126,pullback_high_volume_high_rsi,1,-1,1,1,0.5,3,0.0005,0.16478181385136081,0.7945487984625154,-0.2064829853233371,-0.050771353262701435,-0.20649004706870622,-0.007157183410015033,-0.029317711095100174,1,2,-0.05549668529378615,-0.17605459167443055,-1.109933705875723,-0.23553981573295665,-0.12607461944567655,-0.7130628035465187,-0.09293787819783983,-0.5005445992713609,-0.05121487051959428,-0.17745625326686731,0.03355148242838246,0.11594051988749254,-0.059778500067978024,-0.17465293008199378,-0.04959630994286979,-0.13940513153497203,0.03547926910454069,0.11850023889046724,0.08289537444282824,0.3491766213382467,False,False,False
20,126,pullback_high_volume_high_rsi,1,-1,1,1,0.5,5,0.0005,0.13106248243221708,0.6648251527919075,-0.2066572864073838,-0.08449068468184517,-0.3362136927393141,-0.08449068468184517,-0.3362136927393141,0,0,-0.07012786165251916,-0.37645608817107606,-1.8822804408553802,-0.39197143708464294,-0.11109388294146805,-0.6251855400033647,-0.11109388294146805,-0.6251855400033647,-0.19144068007500925,-0.7851092391123804,-0.19144068007500925,-0.7851092391123804,-0.007753187408674034,-0.018466942120942798,-0.007753187408674034,-0.018466942120942798,-0.02916184036357028,-0.12772663633878745,-0.02916184036357028,-0.12772663633878745,False,False,False
20,126,pullback_high_volume_high_rsi,1,-1,1,1,0.5,10,0.0005,0.20959747306624688,0.9436860790276184,-0.2397300642887088,-0.005955694047815374,-0.057352766503603214,-0.07131275815268134,-0.261152877228192,1,1,-0.07523237503033409,-0.2960338871759379,-1.5046475006066817,-0.0572932476692928,-0.15074763719573614,-0.8707498295962356,-0.02507057248966249,-0.12382128413781995,-0.08887509392281712,-0.3012717728548864,-0.11959772285311066,-0.4696875305285253,0.3390136042899641,0.8215635997105669,0.03984868521590079,0.08449032012483904,-0.061589656137851057,-0.29079600149698953,-0.15840397201598466,-0.6750797993561031,False,False,False
20,126,pullback_high_volume_high_rsi,1,-1,1,1,1.0,1,0.0005,0.08388519573025555,0.47840364821642845,-0.3068514794656504,-0.1316679713838067,-0.5226351973147931,-0.12476677516442258,-0.49636145235803364,0,0,-0.12859239267723177,-0.4630365347299046,-2.5718478535446354,-0.610837563403247,-0.19863237567595982,-1.1481500518960643,-0.1963069846070935,-1.2261586708675785,-0.061049885969795215,-0.23919569717034084,-0.05310686345444071,-0.22549917951854526,-0.16299774028590042,-0.48837191075028535,-0.10746489592272757,-0.3277850342886797,-0.09418704506856312,-0.43770115870952375,-0.1298911076173963,-0.5582701773356115,False,False,False
20,126,pullback_high_volume_high_rsi,1,-1,1,1,1.0,2,0.0005,0.09262040975571639,0.5069689500106063,-0.3224612889916566,-0.12293275735834586,-0.4940698955206153,-0.10645937113451076,-0.4245341702033584,0,0,-0.12070013928098278,-0.4091461553705815,-2.4140027856196555,-0.5703129255961926,-0.21189407396515259,-1.2023656297018206,-0.16933017472281253,-0.9446462049507818,-0.09408837585639729,-0.38415059099388404,-0.10578672545972223,-0.4650790778729428,-0.14731190270556827,-0.434141719747279,-0.1316995940132184,-0.3852348750165331,-0.032146047358131424,-0.1708620721070817,-0.01616374267552101,-0.08554871835779143,False,False,False
20,126,pullback_high_volume_high_rsi,1,-1,1,1,1.0,3,0.0005,0.09102338979178315,0.49921196271109763,-0.2850367188926044,-0.1245297773222791,-0.501826882820124,-0.0809156074695927,-0.3246545468465179,0,0,-0.11627077877538083,-0.5036900358754655,-2.5184501793773273,-0.577721863192958,-0.23543523422745338,-1.3346744049961279,-0.20229849297961666,-1.12215620072097,-0.1374828632563443,-0.5639487153803029,-0.05271651030836755,-0.27055194222594303,-0.016312156409387546,-0.038109830402385025,-0.006129966284279309,-0.0028620318553632673,-0.09505869429441738,-0.44343135637062797,-0.04764258895612983,-0.21275497392284853,False,False,False
20,126,pullback_high_volume_high_rsi,1,-1,1,1,1.0,5,0.0005,0.09472181873228047,0.5117819871812148,-0.2955987924500071,-0.12083134838178178,-0.48925685835000676,-0.12083134838178178,-0.48925685835000676,1,1,-0.11737732715603233,-0.47523741814865633,-2.3761870907432816,-0.5605640130439029,-0.29543086208524183,-1.5894310948120007,-0.29543086208524183,-1.5894310948120007,-0.1718491231534911,-0.6568284185560022,-0.1718491231534911,-0.6568284185560022,0.0831484815324901,0.2392352891431636,0.0831484815324901,0.2392352891431636,-0.06290553115857356,-0.2936464177413105,-0.06290553115857356,-0.2936464177413105,False,False,False
20,126,pullback_high_volume_high_rsi,1,-1,1,1,1.0,10,0.0005,0.03896531856415053,0.2819612570968708,-0.2901073420399132,-0.17658784854991172,-0.7190775884343508,-0.2419449126547777,-0.9228776991589396,0,0,-0.18225217124517956,-0.6967352313887836,-3.6450434249035912,-0.8192310552155718,-0.31740414334428757,-1.709267341243407,-0.19172707863821392,-0.9623387957849914,-0.3062352280115699,-1.2718221501303362,-0.3369578569418634,-1.440237907803975,-0.05826911447878924,-0.12164831264723097,-0.3574340335528525,-0.8587215922329589,-0.0033016617962040584,-0.06524796375034458,-0.10011597767433766,-0.44953176160945807,False,False,False
20,126,pullback_high_volume_low_rsi,1,-1,1,-1,0.25,1,0.0005,0.2265889466293245,1.0355348357120269,-0.26077643000923123,0.011035779515262245,0.03449599018080529,0.017936975734646365,0.060769735137564784,2,3,-0.014568625713325845,0.010054269517459746,-0.2913725142665169,0.03446019136500072,0.005320001176760458,0.12045745640619088,0.00764539224562677,0.042448837434676756,-0.03822827519946581,-0.1475612749718347,-0.030285252684111308,-0.1338647573200391,-0.03445725260341215,-0.10034891737127138,0.021075591759760703,0.06023795909033425,0.10575444573950721,0.3851099292313348,0.07005038319067403,0.2645409106052471,False,True,False
20,126,pullback_high_volume_low_rsi,1,-1,1,-1,0.25,2,0.0005,0.21118065597436764,0.9709907918865823,-0.23166749721119229,-0.004372511139694613,-0.03004805364463925,0.012100875084140483,0.039487671672617686,2,2,-0.006019896072957387,-0.02129102911659214,-0.12039792145914774,-0.03001687075259666,-0.049886422997097446,-0.2980668378387936,-0.007322523754757393,-0.04034741308775469,-0.018214569997820673,-0.05349958922311138,-0.029912919601145616,-0.1344280761021701,0.006174777851905899,0.010917530989927093,0.021787086544255763,0.059824375720673006,0.04316151528220935,0.15643471208458393,0.059143819964819766,0.2417480658338742,False,False,False
20,126,pullback_high_volume_low_rsi,1,-1,1,-1,0.25,3,0.0005,0.1770615456132325,0.8373028578226475,-0.2064829853233372,-0.03849162150082974,-0.16373598770857412,0.0051225483518566595,0.013436348265031928,1,3,-0.019699438465813568,-0.13831840529701211,-0.6915920264850606,-0.17857135673845836,-0.03139462969718676,-0.20867649410821276,0.0017421115506499607,0.0038417101669452336,-0.1299159093390816,-0.4962144962776396,-0.04514955639110485,-0.20281772312327973,0.011701676208667466,0.02440120872293694,0.021883866333775703,0.0596490072699587,-0.008004247234440376,-0.06796031648581147,0.039411858103847175,0.16271606596196797,False,True,False
20,126,pullback_high_volume_low_rsi,1,-1,1,-1,0.25,5,0.0005,0.23117062093886664,1.0492686643741849,-0.21988831808861664,0.015617453824804395,0.04822981884296329,0.015617453824804395,0.04822981884296329,2,2,0.004153051149112796,-0.002094017148450533,-0.010470085742252666,0.048179767506793564,-0.02040336267593612,-0.11075584538956473,-0.02040336267593612,-0.11075584538956473,-0.01375923893429487,-0.06453957503915664,-0.01375923893429487,-0.06453957503915664,0.022065341232520463,0.06035154074225557,0.022065341232520463,0.06035154074225557,0.07132945482535868,0.27567825449834715,0.07132945482535868,0.27567825449834715,False,False,False
20,126,pullback_high_volume_low_rsi,1,-1,1,-1,0.25,10,0.0005,0.294802867041134,1.2404591361394923,-0.19672816700819507,0.07924969992707176,0.23942029060827075,0.01389263582220579,0.035620179883681935,3,2,0.08322310120920262,0.3253296141583288,1.6266480707916438,0.2391718280235344,-0.131705688270636,-0.7754955015466637,-0.006028623564562352,-0.028566956088248052,0.03072262893029354,0.16841575767363892,0.0,0.0,0.32656220979191786,0.7962571871873177,0.027397290717854572,0.05918390760158987,0.1357235734881117,0.48224347064301865,0.0389092576099781,0.09795967278390516,True,False,False
20,126,pullback_high_volume_low_rsi,1,-1,1,-1,0.5,1,0.0005,0.07640357416611354,0.4442382225109892,-0.2567755479056997,-0.1391495929479487,-0.5568006230202324,-0.1322483967285646,-0.5305268780634729,0,0,-0.1511647279110958,-0.6649023843314248,-3.3245119216571237,-0.6455465016402019,-0.12516653633071284,-0.6862291060067114,-0.12284114526184653,-0.7642377249782255,-0.17716291949147878,-0.714210063688354,-0.16921989697612427,-0.7005135460365585,-0.20991337634537288,-0.6435756626561383,-0.15438053198220003,-0.48298878619453267,-0.04898300345177886,-0.23318398513700012,-0.08468706600061204,-0.3537530037630878,False,False,False
20,126,pullback_high_volume_low_rsi,1,-1,1,-1,0.5,2,0.0005,0.14072786736082965,0.700458988887156,-0.22509818594102426,-0.0748252997532326,-0.3005798566440656,-0.0583519135293975,-0.23104413132680868,1,1,-0.08896192842854445,-0.37832120113938933,-1.8916060056969466,-0.3471315256232723,-0.12642800761428652,-0.7228562852530935,-0.08386410837194647,-0.4651368605020546,-0.15674402875838744,-0.6244432514814403,-0.16844237836171239,-0.705371738360499,-0.05149584924280237,-0.13219915079733835,-0.03588354055045251,-0.08329230606659244,0.032374173562169206,0.09096818458194955,0.04835647824477962,0.17628153833123983,False,False,False
20,126,pullback_high_volume_low_rsi,1,-1,1,-1,0.5,3,0.0005,0.09207503734668121,0.5061505697682251,-0.21915387173397183,-0.12347812976738104,-0.49488827576299643,-0.07986395991469464,-0.3177159397893904,0,0,-0.11682757867061921,-0.47666344720015674,-2.3833172360007837,-0.5728430318170239,-0.0959062475789143,-0.5422073469688728,-0.06276950633107758,-0.32968914269371485,-0.17821001426429062,-0.6984306126667843,-0.09344366131631388,-0.40503383951242444,-0.13774890976232412,-0.40880512509082434,-0.1275667196372159,-0.3735573265438026,-0.08758452256560667,-0.4111195474314407,-0.04016841722731912,-0.18044316498366125,False,False,False
20,126,pullback_high_volume_low_rsi,1,-1,1,-1,0.5,5,0.0005,0.05569879457200844,0.3525726560705491,-0.2277559892327753,-0.1598543725420538,-0.6484661894606725,-0.1598543725420538,-0.6484661894606725,0,0,-0.1616428348222706,-0.6304044294278806,-3.232856696445412,-0.7416006671684169,-0.21623111154935515,-1.1922785491764583,-0.21623111154935515,-1.1922785491764583,-0.1949003614612448,-0.7949561236059304,-0.1949003614612448,-0.7949561236059304,-0.1283853081832964,-0.3734566745992842,-0.1283853081832964,-0.3734566745992842,-0.10029757997703914,-0.4658527352498307,-0.10029757997703914,-0.4658527352498307,False,False,False
20,126,pullback_high_volume_low_rsi,1,-1,1,-1,0.5,10,0.0005,0.15913637885902254,0.7551506371915174,-0.31094240975133447,-0.05641678825503971,-0.24588820833970415,-0.12177385235990568,-0.44968831906429296,1,0,-0.08081616457779994,-0.33568558487624334,-1.6784279243812166,-0.2617302682692023,-0.1871296540350309,-1.04116324154852,-0.06145258932895725,-0.29423469609010433,-0.055197476718146454,-0.1750383104137765,-0.08592010564843999,-0.3434540680874154,0.16191401607976852,0.45278836043952253,-0.13725090299429477,-0.28428491914620535,-0.10643485243745343,-0.4963328593387102,-0.20324916831558704,-0.8806166571978237,False,False,False
20,126,pullback_high_volume_low_rsi,1,-1,1,-1,1.0,1,0.0005,-0.009895533314111526,0.07025165366527082,-0.36666540275415216,-0.22544870042817378,-0.9307871918659507,-0.21854750420878966,-0.9045134469091912,0,0,-0.20853256640632317,-0.7639487083728738,-4.170651328126463,-1.0459076219876426,-0.33113490526707345,-1.8036822803993697,-0.32880951419820714,-1.8816908993708839,-0.13702533899315417,-0.507344459479013,-0.12908231647779966,-0.4936479418272174,-0.2800397938194922,-0.9068284629667472,-0.22450694945631933,-0.7462415865051416,-0.13483839564192035,-0.6210689537790004,-0.17054245819075353,-0.7416379724050881,False,False,False
20,126,pullback_high_volume_low_rsi,1,-1,1,-1,1.0,2,0.0005,-0.037325355617094824,-0.05113100234298514,-0.3056885964514353,-0.2528785227311571,-1.0521698478742068,-0.23640513650732198,-0.9826341225569498,0,0,-0.21821934950286526,-0.820618000754862,-4.364386990057305,-1.173160784955406,-0.40436991096570984,-2.1612251963641333,-0.3618060117233698,-1.9035057716130943,-0.1382725518519481,-0.5144672543576018,-0.14997090145527303,-0.5953957412366605,-0.26592960792161824,-0.8563664893782347,-0.2503172992292684,-0.8074596446474888,-0.17050909108411227,-0.7848695121314893,-0.15452678640150186,-0.699556158382199,False,False,False
20,126,pullback_high_volume_low_rsi,1,-1,1,-1,1.0,3,0.0005,-0.0070340290574801845,0.08849648361736945,-0.2901509160665454,-0.22258719617154243,-0.9125423619138522,-0.17897302631885603,-0.735370025940246,0,1,-0.23559901872183653,-0.8261750002993982,-4.71198037443673,-1.0326324551462427,-0.38344276869839344,-2.0008119409786964,-0.3503060274505567,-1.7882937367035385,-0.20085283838170742,-0.7887862236310295,-0.11608648543373068,-0.4953894504766696,-0.27034519906196564,-0.8635637769677668,-0.2601630089368574,-0.828315978420745,-0.006833664873840517,-0.09138526849434359,0.040582440464447034,0.13929111395343585,False,False,False
20,126,pullback_high_volume_low_rsi,1,-1,1,-1,1.0,5,0.0005,0.025767642113371902,0.2263886662261243,-0.4006882034089294,-0.18978552500069035,-0.7746501793050973,-0.18978552500069035,-0.7746501793050973,0,0,-0.19191142128035416,-0.7805528074922001,-3.9027640374610004,-0.880458067685284,-0.20296774319081523,-1.115069053228643,-0.20296774319081523,-1.115069053228643,-0.14274109254944656,-0.5585902466357099,-0.14274109254944656,-0.5585902466357099,-0.22708491934061303,-0.7067974825140048,-0.22708491934061303,-0.7067974825140048,-0.18085509936989308,-0.8543081324703956,-0.18085509936989308,-0.8543081324703956,False,False,False
20,126,pullback_high_volume_low_rsi,1,-1,1,-1,1.0,10,0.0005,0.01924879408855973,0.20012411331824145,-0.3361865657949027,-0.19630437302550252,-0.8009147322129802,-0.2616614371303685,-1.004714842937569,0,0,-0.16990714339104368,-0.7363545365740771,-3.6817726828703856,-0.9107004812489068,-0.3709621167542819,-1.8842590058365736,-0.24528505204820827,-1.1373304603781578,-0.20208703011842943,-0.8320376147907256,-0.23280965904872297,-1.0004533724643645,-0.039947700970355715,-0.0871582825315691,-0.339112620044419,-0.824231562117297,-0.13772725666365793,-0.6406714583574286,-0.23454157254179153,-1.024955256216542,False,False,False
20,126,pullback_low_volume_high_rsi,1,-1,-1,1,0.25,1,0.0005,0.20654172051271558,0.9677754187007805,-0.26077643000923134,-0.009011446601346673,-0.033263426830441034,-0.002110250381962553,-0.006989681873681541,1,1,-0.01630872105004655,-0.023326643704115302,-0.32617442100093097,-0.04180614333807571,-0.016794169305569984,-0.006859153146990815,-0.014468778236703672,-0.08486777211850494,-0.015823272794523113,-0.03979413426123979,-0.00788025027916861,-0.026097616609444207,-0.05553284436317285,-0.16058687646160563,0.0,0.0,0.04903134531522513,0.17697269134085036,0.013327282766391946,0.056403672714762654,False,False,False
20,126,pullback_low_volume_high_rsi,1,-1,-1,1,0.25,2,0.0005,0.18968192468026945,0.8960830672200044,-0.2316674972111925,-0.025871242433792796,-0.10495577831121716,-0.0093978562099577,-0.03542005299396023,0,1,-0.0194410712510239,-0.06507368322907503,-0.388821425020478,-0.12002255768342644,-0.0500177986743755,-0.2961483479405883,-0.007453899432035449,-0.03842892318954938,-0.023269833809697937,-0.05494700861924162,-0.03496818341302288,-0.13587549549830036,-0.015612308692349863,-0.04890684473074591,0.0,0.0,-0.013956408224627292,-0.07520035783890844,0.002025896457983123,0.010112995910381839,False,False,False
20,126,pullback_low_volume_high_rsi,1,-1,-1,1,0.25,3,0.0005,0.15237282601398472,0.747681521509859,-0.2064829853233372,-0.06318034110007753,-0.2533573240213626,-0.01956617124739113,-0.07618498804775653,0,0,-0.04501020054170812,-0.242544944222523,-1.212724721112615,-0.29310792295918797,-0.03492286624671692,-0.221279387438157,-0.0017861249988802008,-0.008761183162999009,-0.15477160126374168,-0.5898118173380364,-0.07000524831576493,-0.2964150441836766,-0.010182190125108237,-0.03524779854702176,0.0,0.0,-0.055097534836699325,-0.263810501006889,-0.007681429498411774,-0.03313411855910958,False,False,False
20,126,pullback_low_volume_high_rsi,1,-1,-1,1,0.25,5,0.0005,0.20632138806729472,0.9614069437487096,-0.21988831808861642,-0.00923177904676753,-0.03963190178251197,-0.00923177904676753,-0.03963190178251197,0,0,-0.003983004154824332,-0.017216949291849526,-0.08608474645924763,-0.042828315493422725,-0.0014618903637493297,-0.006477229180854582,-0.0014618903637493297,-0.006477229180854582,-0.030485997936341658,-0.14598698129505783,-0.030485997936341658,-0.14598698129505783,0.0,0.0,0.0,0.0,-0.006504117945899335,-0.02795666940284447,-0.006504117945899335,-0.02795666940284447,False,False,False
20,126,pullback_low_volume_high_rsi,1,-1,-1,1,0.25,10,0.0005,0.2742083125638137,1.1730543139574838,-0.19672816700819507,0.05865514544975148,0.17201546842626225,-0.006701918655114492,-0.03178464229832656,3,0,0.0499833415767581,0.1947324230154141,0.9736621150770705,0.17183695637203644,-0.12567706470607365,-0.7469285454584156,0.0,0.0,0.007526685063207417,0.020659895246521787,-0.023195943867086122,-0.14775586242711714,0.2991649190740633,0.7370732795857279,0.0,0.0,0.09243999809030878,0.3688049507843064,-0.004374317787824822,-0.015478847074807067,True,False,False
20,126,pullback_low_volume_high_rsi,1,-1,-1,1,0.5,1,0.0005,0.14844428915971086,0.742759074918538,-0.2154686840934643,-0.06710887795435139,-0.2582797706126836,-0.06020768173496727,-0.2320060256559241,0,1,-0.07152145583261849,-0.27733540017382347,-1.4304291166523697,-0.3113332958770214,-0.0930866985182579,-0.5059702325740237,-0.09076130744939159,-0.5839788515455379,-0.11006706136098954,-0.42449834180878554,-0.10212403884563503,-0.41080182415698996,-0.04995621314697907,-0.1301724585388614,0.005576631216193784,0.03041441792274424,-0.01879956288892215,-0.10105019654509262,-0.05450362543775533,-0.22161921517118033,False,False,False
20,126,pullback_low_volume_high_rsi,1,-1,-1,1,0.5,2,0.0005,0.13538796343546844,0.6861500751544769,-0.2247155554002851,-0.08016520367859381,-0.3148887703767447,-0.06369181745475871,-0.24535304505948774,0,0,-0.06856153185672398,-0.2896627560567099,-1.4483137802835493,-0.3719045502874636,-0.1559902214126585,-0.8872937838380837,-0.11342632217031845,-0.6295743590870448,-0.06344875397290317,-0.23300606654291633,-0.07514710357622811,-0.31393455342197507,-0.01847810475191136,-0.026439884928810997,-0.0028657960595614984,0.022466959801934916,-0.07367430974054479,-0.3463194455705035,-0.05769200505793437,-0.2610060918212132,False,False,False
20,126,pullback_low_volume_high_rsi,1,-1,-1,1,0.5,3,0.0005,0.1204016972029438,0.6268741524868046,-0.2283673487680956,-0.09515146991111845,-0.374164693044417,-0.051537300058432045,-0.19699235707081098,0,0,-0.09360593993608501,-0.41195575291609093,-2.0597787645804546,-0.4414292361604134,-0.12670928202415244,-0.73575188186164,-0.09357254077631572,-0.5232336775864821,-0.1398034463904596,-0.5355349112243907,-0.055037093442482865,-0.24213813807003082,-0.055165503472232036,-0.12940514413044257,-0.0449833133471238,-0.09415734558342082,-0.06050259784801759,-0.2883765946077912,-0.013086492509730041,-0.057700212160011755,False,False,False
20,126,pullback_low_volume_high_rsi,1,-1,-1,1,0.5,5,0.0005,0.15736721300738288,0.7710496700405852,-0.2369140402452271,-0.05818595410667937,-0.22998917549063636,-0.05818595410667937,-0.22998917549063636,1,1,-0.02889985067745071,-0.14670716668064318,-0.7335358334032158,-0.2699378296580057,-0.1615102922978986,-0.9164538607575825,-0.1615102922978986,-0.9164538607575825,-0.005791991530853524,-0.05009998701979157,-0.005791991530853524,-0.05009998701979157,0.002038167189103879,0.025936568184730224,0.002038167189103879,0.025936568184730224,-0.0520077098240479,-0.2433143463414948,-0.0520077098240479,-0.2433143463414948,False,False,False
20,126,pullback_low_volume_high_rsi,1,-1,-1,1,0.5,10,0.0005,0.24220283349247462,1.0778750008154703,-0.20690804063643897,0.026649666378412373,0.0768361552842487,-0.038707397726453596,-0.12696395544034011,3,2,0.047918697801817345,0.19076464244695834,0.9538232122347917,0.07675641722322377,-0.25757480257727006,-1.4062404839552007,-0.1318977378711964,-0.6593119384967852,0.042846416606228566,0.21377428542361465,0.012123787675935027,0.04535852774997573,0.3574219334955875,0.9753857692616127,0.0582570144215242,0.2383124896758848,0.052990978997406124,0.16775499947030204,-0.04382333688072748,-0.21652879838881145,True,False,False
20,126,pullback_low_volume_high_rsi,1,-1,-1,1,1.0,1,0.0005,0.03799383793598321,0.2827291444528533,-0.3247424293137393,-0.17755932917807904,-0.7183097010783683,-0.17065813295869492,-0.6920359561216087,0,0,-0.16298009091021892,-0.6673265582475856,-3.336632791237928,-0.8237379740475891,-0.12160168059754772,-0.70826364497706,-0.11927628952868141,-0.7862722639485741,-0.3058422421231328,-1.2745140802781876,-0.2978992196077783,-1.260817562626392,-0.20435850122289012,-0.6263894715181111,-0.14882565685971727,-0.4658025950565054,-0.08500579194245472,-0.3959420841498581,-0.1207098544912879,-0.5165111027759458,False,False,False
20,126,pullback_low_volume_high_rsi,1,-1,-1,1,1.0,2,0.0005,0.023892131076923118,0.21748965792585412,-0.2660327848749158,-0.19166103603713913,-0.7835491876053675,-0.17518764981330404,-0.7140134622881105,0,0,-0.17323292392394807,-0.7377575132870908,-3.688787566435454,-0.8891589884908518,-0.31127138617061667,-1.7346887494225585,-0.2687074869282766,-1.4769693246715194,-0.2204866101278511,-0.8874164598720755,-0.23218495973117603,-0.9683449467511343,-0.09549808381865099,-0.215167745162975,-0.07988577512630113,-0.16626090043222908,-0.12597923772004505,-0.5880985667021061,-0.10999693303743463,-0.5027852129528159,False,False,False
20,126,pullback_low_volume_high_rsi,1,-1,-1,1,1.0,3,0.0005,0.10642072643687017,0.5936037803605309,-0.22390468360918026,-0.10913244067719208,-0.4074350651706907,-0.06551827082450568,-0.23026272919708468,0,1,-0.09969211838732006,-0.5393794503342064,-2.696897251671032,-0.506290128502002,-0.10232345218441208,-0.6272189831487025,-0.06918671093657536,-0.4147007788735445,-0.22715059139794014,-0.8963826735018497,-0.1423842384499634,-0.6029859003474899,-0.008310866015172502,0.12460546678942908,0.0018713241099357347,0.15985326533645083,-0.09706078459022804,-0.45153991751971023,-0.04964467925194049,-0.2208635350719308,False,False,False
20,126,pullback_low_volume_high_rsi,1,-1,-1,1,1.0,5,0.0005,0.1327519792333618,0.718477057970119,-0.24276906772188056,-0.08280118788070046,-0.2825617875611026,-0.08280118788070046,-0.2825617875611026,1,1,-0.1319879969736647,-0.6474622938972662,-3.2373114694863308,-0.3841334784790489,-0.17197270474586812,-0.9748893984522748,-0.17197270474586812,-0.9748893984522748,-0.09200328920146128,-0.3200351893422575,-0.09200328920146128,-0.3200351893422575,0.20880420756627371,0.7969359870490048,0.20880420756627371,0.7969359870490048,-0.2138221590576751,-1.0515523195851655,-0.2138221590576751,-1.0515523195851655,False,False,False
20,126,pullback_low_volume_high_rsi,1,-1,-1,1,1.0,10,0.0005,0.10271041681210358,0.5694941110925148,-0.5091421309397766,-0.11284275030195867,-0.4315447344387068,-0.17819981440682464,-0.6353448451632956,2,1,-0.012782429442201981,-0.12812189171111565,-0.6406094585555783,-0.5235030958382845,-0.1193061414136607,-0.6703602403645476,0.0063709232924129555,0.07656830509386808,-0.5342975023424772,-2.378177647288225,-0.5650201312727707,-2.5465934049618637,0.21344631225469768,0.7886985661821683,-0.0857186068193656,0.05162528659644039,0.09374128252925673,0.41411645694231625,-0.0030730333488768746,0.02983265908320276,False,False,False
20,126,pullback_low_volume_low_rsi,1,-1,-1,-1,0.25,1,0.0005,0.18379548871734142,0.8735786623359787,-0.2607764300092311,-0.031757678396720834,-0.12746018319524288,-0.024856482177336714,-0.10118643823848339,1,1,-0.037079128733675804,-0.14572520387976695,-0.7415825746735161,-0.14733106834805132,-0.019452792889971926,-0.08700325850987323,-0.017127401821105614,-0.16501187748138735,-0.05470546457737968,-0.20444714924966068,-0.04676244206202518,-0.1907506315978651,-0.10854283873647663,-0.31824324031620976,-0.05300999437330378,-0.15765636385460413,0.05184935359407272,0.18911435871375204,0.01614529104523954,0.06854534008766433,False,False,False
20,126,pullback_low_volume_low_rsi,1,-1,-1,-1,0.25,2,0.0005,0.18880475796853724,0.8857828927552411,-0.23166749721119262,-0.02674840914552501,-0.11525595277598044,-0.010275022921689914,-0.045720227458723506,1,1,-0.028601172314366652,-0.08230797770630754,-0.572023446287333,-0.12409193287970019,-0.05350643532005961,-0.34876861860542185,-0.010942536077719556,-0.09104919385438293,-0.003695909308673695,-0.0034920978736023844,-0.015394258911998637,-0.08442058475266112,-0.05548065310957262,-0.1611238575390127,-0.039868344417222756,-0.11221701280826679,0.006527533927644935,0.013319261295826834,0.02250983861025535,0.09863261504511711,False,False,False
20,126,pullback_low_volume_low_rsi,1,-1,-1,-1,0.25,3,0.0005,0.1639970104002466,0.7875413602476669,-0.2064829853233371,-0.05155615671381564,-0.21349748528355472,-0.007941986861129235,-0.03632514930994868,0,1,-0.041950027193294326,-0.20921378566880694,-1.0460689283440345,-0.2391806968279624,-0.040503783606569144,-0.2922676951883225,-0.007367042358732423,-0.07974949091316452,-0.11225868944473127,-0.42212031157203544,-0.027492336496754533,-0.1287235384176756,-0.04339627078001951,-0.12615987614929136,-0.03321408065491127,-0.0909120776022696,-0.015284714044356607,-0.09145754790226279,0.032131391293930944,0.13921883454551665,False,False,False
20,126,pullback_low_volume_low_rsi,1,-1,-1,-1,0.25,5,0.0005,0.1558587006596519,0.7706273867107656,-0.2198883180886163,-0.059694466454410344,-0.230411458820456,-0.059694466454410344,-0.230411458820456,1,1,-0.10248649197115967,-0.34484413752068904,-2.0497298394231933,-0.2769361603618767,-0.11688355251295324,-0.6624504621787908,-0.11688355251295324,-0.6624504621787908,-0.09424903561422315,-0.3716498088280562,-0.09424903561422315,-0.3716498088280562,-0.11072394832809618,-0.3180384662133219,-0.11072394832809618,-0.3180384662133219,0.08240669558050295,0.35583433597747527,0.08240669558050295,0.35583433597747527,False,False,False
20,126,pullback_low_volume_low_rsi,1,-1,-1,-1,0.25,10,0.0005,0.25301640699542904,1.0886049799597834,-0.1967281670081954,0.037463239881366794,0.08756613442856187,-0.027893824223499175,-0.11623397629602694,2,1,0.020344527401730983,0.07886288492031684,0.3943144246015842,0.08747526114442954,-0.14709006745179076,-0.8527399003557239,-0.021413002745717113,-0.1058113548973082,-0.06700322381993251,-0.25891482277523825,-0.09772585275022605,-0.4273305804488772,0.2976379387947583,0.7184165144890694,-0.0015269802793049791,-0.01865676509665848,0.10769227862339448,0.41664059261587194,0.010877962745260872,0.032356794756758456,False,False,False
20,126,pullback_low_volume_low_rsi,1,-1,-1,-1,0.5,1,0.0005,0.14838025271055444,0.7515118730106611,-0.2483646591452372,-0.06717291440350781,-0.24952697252056044,-0.06027171818412369,-0.22325322756380095,0,0,-0.06710073798462968,-0.22800818562181577,-1.3420147596925935,-0.31163037547930134,-0.08176313743660413,-0.5010399115173214,-0.07943774636773782,-0.5790485304888355,-0.04917662234487641,-0.15170585007944526,-0.041233599829521905,-0.13800933242764968,-0.08416101708785861,-0.2034292536168918,-0.028628172724685763,-0.04284237715528616,-0.052438338532655226,-0.25258711762673974,-0.08814240108148841,-0.37315613625282745,False,False,False
20,126,pullback_low_volume_low_rsi,1,-1,-1,-1,0.5,2,0.0005,0.10669995991334646,0.573956883416693,-0.2311945905054883,-0.10885320720071578,-0.42708196211452853,-0.09237982097688069,-0.3575462367972716,1,1,-0.08945341986374633,-0.37166466192045733,-1.8583233096022866,-0.5049947011129508,-0.2451545050837879,-1.3754196497198174,-0.20259060584144784,-1.1177002249687786,-0.07389316324025086,-0.2535156397806053,-0.0855915128435758,-0.33444412665966405,0.014464855294821666,0.09340004155584591,0.03007716398717153,0.14230688628659183,-0.1050136764872418,-0.48981368406030934,-0.08903137180463139,-0.40450033031101906,False,False,False
20,126,pullback_low_volume_low_rsi,1,-1,-1,-1,0.5,3,0.0005,0.1477743906090916,0.739940646731583,-0.24045311380507595,-0.06777877650497066,-0.2610981987996386,-0.02416460665228426,-0.08392586282603254,0,2,-0.05804535346726902,-0.2384048117285179,-1.1920240586425894,-0.31444110709403217,-0.13629964069382772,-0.7904103113851682,-0.103162899445991,-0.57789210711001,-0.041972342998339185,-0.12709118380469597,0.04279400994963756,0.16630558934966388,-0.00884995704396685,0.02639735639037366,0.0013322330811413874,0.06164515493739542,-0.07411836393619886,-0.34971843965233984,-0.02670225859791131,-0.1190420572045604,False,False,False
20,126,pullback_low_volume_low_rsi,1,-1,-1,-1,0.5,5,0.0005,0.10377732277500407,0.5615381334017653,-0.23691404024522789,-0.11177584433905818,-0.4395007121294563,-0.11177584433905818,-0.4395007121294563,0,0,-0.10571167859308883,-0.42575578229012595,-2.1287789114506297,-0.5185534772491225,-0.1346995420448538,-0.7711610558245998,-0.1346995420448538,-0.7711610558245998,-0.06504861618086788,-0.22443187049354463,-0.06504861618086788,-0.22443187049354463,-0.16648749297773424,-0.4954570310933211,-0.16648749297773424,-0.4954570310933211,-0.07672381514132387,-0.3560545334869308,-0.07672381514132387,-0.3560545334869308,False,False,False
20,126,pullback_low_volume_low_rsi,1,-1,-1,-1,0.5,10,0.0005,0.17135901563996225,0.8401133864709168,-0.20690804063643886,-0.044194151474099996,-0.16092545906030475,-0.10955121557896597,-0.36472556978489357,2,0,-0.049549608231159725,-0.18813668157188945,-0.9909921646231945,-0.2050266858325222,-0.25804658465675545,-1.439011822077991,-0.1323695199506818,-0.6920832766195754,-0.14663574315448535,-0.5215831523885562,-0.1773583720847789,-0.6899989100621952,0.23613702427083672,0.7621865352320513,-0.06302789480322657,0.025113255646323385,0.047536526692165904,0.14530978924477733,-0.0492777891859677,-0.23897400861433615,False,False,False
20,126,pullback_low_volume_low_rsi,1,-1,-1,-1,1.0,1,0.0005,0.03197675414474377,0.25591618036287295,-0.27367003434471426,-0.18357641296931848,-0.7451226651683487,-0.17667521674993436,-0.7188489202115891,0,0,-0.20736455506648138,-0.8163043744428182,-4.147291101329627,-0.8516525896006765,-0.24456127034861896,-1.4013317309428392,-0.24223587927975265,-1.4793403499143534,-0.2789491739721839,-1.1471710624039417,-0.2710061514568294,-1.1334745447521462,-0.1701678397843438,-0.48543768648169466,-0.11463499542117095,-0.32485081002008903,-0.04143176560944273,-0.19368894527179825,-0.07713582815827591,-0.31425796389788596,False,False,False
20,126,pullback_low_volume_low_rsi,1,-1,-1,-1,1.0,2,0.0005,0.03710667451055105,0.2784728553794584,-0.27348938391717315,-0.1784464926035112,-0.7225659901517631,-0.1619731063796761,-0.6530302648345063,0,0,-0.17761416077704417,-0.7628371531273384,-3.8141857656366915,-0.8278537262645941,-0.28440786211481495,-1.5935696293567678,-0.2418439628724749,-1.335850204605729,-0.2892020072933803,-1.195605439136446,-0.30090035689670525,-1.2765339260155044,-0.05746651522725932,-0.049808768184605334,-0.041854206534909455,-0.0009019234538594212,-0.0708204594392734,-0.3300688671182309,-0.05483815475666298,-0.24475551336894064,False,False,False
20,126,pullback_low_volume_low_rsi,1,-1,-1,-1,1.0,3,0.0005,0.06434351603149668,0.402552692614813,-0.2688754230217285,-0.15120965108256557,-0.5984861529164085,-0.10759548122987916,-0.4213138169428025,0,1,-0.1106757119545273,-0.43213215220750234,-2.213514239090546,-0.7014958448861546,-0.33613161698382754,-1.8717249169516676,-0.3029948757359908,-1.6592067126765095,-0.19903961554377636,-0.7785034577212635,-0.11427326259579962,-0.48510668456690365,-0.02231180836527824,0.06694362795495046,-0.012129618240170004,0.10219142650197222,-0.01730905691419582,-0.08576084669374118,0.03010704842409173,0.14491553575403826,False,False,False
20,126,pullback_low_volume_low_rsi,1,-1,-1,-1,1.0,5,0.0005,0.02981877560762669,0.24456532584364307,-0.3825343584362495,-0.18573439150643556,-0.7564735196875785,-0.18573439150643556,-0.7564735196875785,1,1,-0.25790836708613,-1.1390149667050609,-5.695074833525304,-0.8616639411665533,-0.29622123050046556,-1.738906216497491,-0.29622123050046556,-1.738906216497491,-0.2868529597272589,-1.1848920992037977,-0.2868529597272589,-1.1848920992037977,0.12502524728359887,0.5018164125924361,0.12502524728359887,0.5018164125924361,-0.22896377444500116,-1.0931378342063243,-0.22896377444500116,-1.0931378342063243,False,False,False
20,126,pullback_low_volume_low_rsi,1,-1,-1,-1,1.0,10,0.0005,0.16803750348312385,0.847329200636827,-0.26169248712160575,-0.0475156636309384,-0.15370964489439454,-0.11287272773580437,-0.35750975561898335,1,1,-0.13586201176722323,-0.6647340471320283,-3.3236702356601415,-0.22043593358939134,-0.19977495724876104,-1.1369581409172678,-0.0740978925426874,-0.3900295954588521,-0.24278081933215878,-0.9981498029374125,-0.2735034482624523,-1.1665655606110514,0.42551568663192474,1.4074617466978996,0.12635076755786145,0.6703884671121716,-0.07194906628568543,-0.3313182913266442,-0.16876338216381903,-0.7156020891857577,False,False,False
20,252,near_high_high_volume_high_rsi,-1,1,1,1,0.25,1,0.0005,0.2144972690680691,0.9961034818068804,-0.26077643000923156,-0.0010558980459931533,-0.004935363724341224,0.005845298173390967,0.02133838123241827,1,1,-0.005134206792110407,0.03215605065985927,-0.10268413584220815,-0.004930241964508553,-0.0023253910688663115,0.07800861897151412,0.0,0.0,-0.007943022515354503,-0.013696517651795581,0.0,0.0,-0.05553284436317285,-0.16058687646160563,0.0,0.0,0.05843080596448069,0.2094809053042922,0.02272674341564751,0.08891188667820449,False,False,False
20,252,near_high_high_volume_high_rsi,-1,1,1,1,0.25,2,0.0005,0.20487878591546993,0.9526723371525901,-0.23166749721119217,-0.01067438119859232,-0.048366508378631434,0.005799005025242776,0.0211692169386255,2,1,-0.00493813362011597,-0.0212751991251377,-0.1063759956256885,-0.049520873859134056,-0.04256389924234005,-0.25771942475103893,0.0,0.0,0.011698349603324942,0.08092848687905874,0.0,0.0,-0.015612308692349863,-0.04890684473074591,0.0,0.0,0.005736041452117924,0.006356446480470512,0.02171834613472834,0.09166980022976079,False,False,False
20,252,near_high_high_volume_high_rsi,-1,1,1,1,0.25,3,0.0005,0.17760674368051,0.8449800334746549,-0.20648298532333742,-0.03794642343355226,-0.1560588120565667,0.005667746419134145,0.021113523917039356,0,1,-0.029723885812681372,-0.17650979486425933,-0.8825489743212966,-0.17604205932855768,-0.03313674124783672,-0.212518204275158,0.0,0.0,-0.08476635294797674,-0.29339677315435986,0.0,0.0,-0.010182190125108237,-0.03524779854702176,0.0,0.0,-0.026311030377526023,-0.14050138545336066,0.021105074960761527,0.09017499699441878,False,False,False
20,252,near_high_high_volume_high_rsi,-1,1,1,1,0.25,5,0.0005,0.22143184094117907,1.0223641358705524,-0.21988831808861653,0.00587867382711682,0.021325290339330838,0.00587867382711682,0.021325290339330838,1,1,0.0,0.0,0.0,0.021303159647130518,0.0,0.0,0.0,0.0,0.0,0.0,0.0,0.0,0.0,0.0,0.0,0.0,0.022030159741450284,0.09420327263348871,0.022030159741450284,0.09420327263348871,False,False,False
20,252,near_high_high_volume_high_rsi,-1,1,1,1,0.25,10,0.0005,0.2871049857182566,1.2253053018200033,-0.19672816700819518,0.07155181860419435,0.22426645628878172,0.006194754499328381,0.02046634556419291,3,1,0.07572797242008389,0.3213766047126066,1.5145594484016778,0.22403371986006215,-0.12567706470607365,-0.7469285454584156,0.0,0.0,0.03072262893029354,0.16841575767363892,0.0,0.0,0.2991649190740633,0.7370732795857279,0.0,0.0,0.12073331590987424,0.47433745175157427,0.023919000031740634,0.09005365389246078,True,False,False
20,252,near_high_high_volume_high_rsi,-1,1,1,1,0.5,1,0.0005,0.17417863583296644,0.8443633530158957,-0.26077643000923123,-0.041374531281095805,-0.15667549251532586,-0.034473335061711685,-0.13040174755856637,1,2,-0.05772668936601888,-0.21419164866143847,-1.1545337873203776,-0.19194582865582316,-0.06059661577323894,-0.26910037194202185,-0.058271224704372626,-0.347108990913536,-0.09699456584337174,-0.3410130893065373,-0.08905154332801724,-0.3273165716547417,-0.05485676295879882,-0.1592829253808551,0.0006760814043740293,0.0013039510807505428,0.041339285017466976,0.14297154145452107,0.005635222468633794,0.022402522828433358,False,False,False
20,252,near_high_high_volume_high_rsi,-1,1,1,1,0.5,2,0.0005,0.16703670119975134,0.8215500441750965,-0.2316674972111925,-0.04851646591431091,-0.1794888013561251,-0.03204307969047582,-0.10995307603886817,0,2,-0.019083811319789645,-0.06732977440020887,-0.3816762263957929,-0.2250788822260167,-0.014374869340572305,-0.015446875303217533,0.028189029901767748,0.2422725494478214,-0.14958729083031663,-0.5497311399424019,-0.16128564043364157,-0.6306596268214606,-0.023792753299006986,-0.06795065413985091,-0.008180444606657122,-0.019043809409104995,-0.011702862314890039,-0.06670889466056684,0.004279442367720376,0.018604459088723435,False,False,False
20,252,near_high_high_volume_high_rsi,-1,1,1,1,0.5,3,0.0005,0.12769485528213864,0.6632452211984526,-0.2064829853233372,-0.08785831183192361,-0.33779362433276894,-0.044244141979237206,-0.1606212883591629,1,1,-0.07512712186645654,-0.2780174725305379,-1.5025424373291307,-0.407594622747679,0.004390050417730107,0.09684919258794888,0.03752679166556683,0.3093673968631069,-0.20882133571798422,-0.8093634664062311,-0.12405498277000748,-0.5159666932518713,-0.08362543081474683,-0.24060032981547097,-0.07344324068963859,-0.2053525312684492,-0.06662881291816625,-0.31543461524560484,-0.019212707579878696,-0.0847582327978254,False,False,False
20,252,near_high_high_volume_high_rsi,-1,1,1,1,0.5,5,0.0005,0.16325963494294227,0.8040843324213831,-0.21988831808861664,-0.05229353217111998,-0.19695451310983847,-0.05229353217111998,-0.19695451310983847,1,1,-0.07153192172916967,-0.23087595458117333,-1.4306384345833933,-0.24260154870955017,-0.07393306895070584,-0.3965623384858139,-0.07393306895070584,-0.3965623384858139,-0.08141570710577195,-0.2599182928271657,-0.08141570710577195,-0.2599182928271657,-0.0691307745076335,-0.20183361633518093,-0.0691307745076335,-0.20183361633518093,0.011191819596645836,0.04453016182043523,0.011191819596645836,0.04453016182043523,False,False,False
20,252,near_high_high_volume_high_rsi,-1,1,1,1,0.5,10,0.0005,0.24920718173027745,1.134220127817652,-0.19672816700819495,0.0336540146162152,0.13318128228643045,-0.03170304948865077,-0.07061882843815837,2,1,0.015186467974484419,0.10236711471965504,0.3037293594896884,0.13304307108657218,-0.13109488216447085,-0.7388162991227649,-0.0054178174583972005,0.008112246335650664,-0.08385509021667303,-0.24882371384829516,-0.11457771914696657,-0.4172394715219341,0.26855280558579575,0.7012374619207394,-0.030612113488267534,-0.035835817664988445,0.11422802616564187,0.45355794328760524,0.017413710287508266,0.06927414542849175,False,False,False
20,252,near_high_high_volume_high_rsi,-1,1,1,1,1.0,1,0.0005,0.15702036424122712,0.7928950648054178,-0.25428177040086897,-0.05853280287283513,-0.20814378072580375,-0.05163160665345101,-0.18187003576904426,1,2,-0.047827236251048455,-0.1691743168781673,-0.9565447250209691,-0.2715469397017112,-0.05230418447878682,-0.23147848372071544,-0.04997879340992051,-0.30948710269222957,-0.19642739330720205,-0.7550032594181014,-0.18848437079184754,-0.7413067417663058,-0.04335028802331009,-0.10687015003561917,0.01218255633986276,0.05371672642598646,0.052415466127151644,0.21265649934303898,0.016711403578318462,0.09208748071695128,False,False,False
20,252,near_high_high_volume_high_rsi,-1,1,1,1,1.0,2,0.0005,0.1720276362375337,0.847348248500418,-0.2165575781631035,-0.04352553087652855,-0.15369059703080357,-0.027052144652693455,-0.08415487171354663,1,1,-0.06091828059384119,-0.2853589995857069,-1.4267949979285344,-0.201924803329364,-0.0727456724633222,-0.3440336125985509,-0.030181773220982144,-0.08631418784751199,-0.10624402530927912,-0.35761173683609937,-0.11794237491260406,-0.4385402237151581,0.058600695391292756,0.16233108050314293,0.07421300408364262,0.21123792523388885,-0.04909088872436018,-0.22668438657286288,-0.03310858404174977,-0.1413710328235726,False,False,False
20,252,near_high_high_volume_high_rsi,-1,1,1,1,1.0,3,0.0005,0.1275401990006353,0.6666534173152362,-0.2419180026149501,-0.08801296811342696,-0.3343854282159854,-0.04439879826074056,-0.15721309224237934,0,2,-0.04652010073972768,-0.20033627911083976,-1.0016813955541988,-0.4083121082923081,-0.028201495559586398,-0.09718572157175465,0.004935245688250323,0.11533248270340335,-0.25483091978275807,-1.0242080531940123,-0.17006456683478133,-0.7308112800396525,-0.0022001668433555555,0.0013750273640854571,0.007982023281752681,0.036622825911107215,-0.06483870591986896,-0.3034868366499249,-0.017422600581581404,-0.07281045420214544,False,False,False
20,252,near_high_high_volume_high_rsi,-1,1,1,1,1.0,5,0.0005,0.13274842186165037,0.6850359715161666,-0.19872977848024842,-0.08280474525241188,-0.316002874015055,-0.08280474525241188,-0.316002874015055,1,1,-0.09481977418461618,-0.4682966726883376,-2.3414833634416876,-0.3841499819327399,-0.09556899803847418,-0.5032020425344418,-0.09556899803847418,-0.5032020425344418,-0.15830946665261592,-0.6237988329888743,-0.15830946665261592,-0.6237988329888743,0.021410360638187464,0.06606621362527698,0.021410360638187464,0.06606621362527698,-0.09407055033075817,-0.4333913028422334,-0.09407055033075817,-0.4333913028422334,False,False,False
20,252,near_high_high_volume_high_rsi,-1,1,1,1,1.0,10,0.0005,0.1863488047248545,0.9088601629144658,-0.17889571452759467,-0.02920436238920776,-0.09217868261675577,-0.09456142649407373,-0.2959787933413446,1,1,-0.10671590201977754,-0.4152759474785327,-2.134318040395551,-0.13548565664894158,-0.24979521621551615,-1.4702695047292196,-0.1241181515094425,-0.723340959270804,-0.12457473275881048,-0.4188137783181276,-0.15529736168910402,-0.5872295359917665,0.4675923811510576,1.1721353995259287,0.16842746207699433,0.4350621199402007,-0.0888570712807446,-0.41173811663893783,-0.1856713871588782,-0.7960219144980514,False,False,False
20,252,near_high_high_volume_low_rsi,-1,1,1,-1,0.25,1,0.0005,0.2144972690680691,0.9961034818068804,-0.26077643000923156,-0.0010558980459931533,-0.004935363724341224,0.005845298173390967,0.02133838123241827,1,1,-0.005134206792110407,0.03215605065985927,-0.10268413584220815,-0.004930241964508553,-0.0023253910688663115,0.07800861897151412,0.0,0.0,-0.007943022515354503,-0.013696517651795581,0.0,0.0,-0.05553284436317285,-0.16058687646160563,0.0,0.0,0.05843080596448069,0.2094809053042922,0.02272674341564751,0.08891188667820449,False,False,False
20,252,near_high_high_volume_low_rsi,-1,1,1,-1,0.25,2,0.0005,0.20487878591546993,0.9526723371525901,-0.23166749721119217,-0.01067438119859232,-0.048366508378631434,0.005799005025242776,0.0211692169386255,2,1,-0.00493813362011597,-0.0212751991251377,-0.1063759956256885,-0.049520873859134056,-0.04256389924234005,-0.25771942475103893,0.0,0.0,0.011698349603324942,0.08092848687905874,0.0,0.0,-0.015612308692349863,-0.04890684473074591,0.0,0.0,0.005736041452117924,0.006356446480470512,0.02171834613472834,0.09166980022976079,False,False,False
20,252,near_high_high_volume_low_rsi,-1,1,1,-1,0.25,3,0.0005,0.17760674368051,0.8449800334746549,-0.20648298532333742,-0.03794642343355226,-0.1560588120565667,0.005667746419134145,0.021113523917039356,0,1,-0.029723885812681372,-0.17650979486425933,-0.8825489743212966,-0.17604205932855768,-0.03313674124783672,-0.212518204275158,0.0,0.0,-0.08476635294797674,-0.29339677315435986,0.0,0.0,-0.010182190125108237,-0.03524779854702176,0.0,0.0,-0.026311030377526023,-0.14050138545336066,0.021105074960761527,0.09017499699441878,False,False,False
20,252,near_high_high_volume_low_rsi,-1,1,1,-1,0.25,5,0.0005,0.22143184094117907,1.0223641358705524,-0.21988831808861653,0.00587867382711682,0.021325290339330838,0.00587867382711682,0.021325290339330838,1,1,0.0,0.0,0.0,0.021303159647130518,0.0,0.0,0.0,0.0,0.0,0.0,0.0,0.0,0.0,0.0,0.0,0.0,0.022030159741450284,0.09420327263348871,0.022030159741450284,0.09420327263348871,False,False,False
20,252,near_high_high_volume_low_rsi,-1,1,1,-1,0.25,10,0.0005,0.2871049857182566,1.2253053018200033,-0.19672816700819518,0.07155181860419435,0.22426645628878172,0.006194754499328381,0.02046634556419291,3,1,0.07572797242008389,0.3213766047126066,1.5145594484016778,0.22403371986006215,-0.12567706470607365,-0.7469285454584156,0.0,0.0,0.03072262893029354,0.16841575767363892,0.0,0.0,0.2991649190740633,0.7370732795857279,0.0,0.0,0.12073331590987424,0.47433745175157427,0.023919000031740634,0.09005365389246078,True,False,False
20,252,near_high_high_volume_low_rsi,-1,1,1,-1,0.5,1,0.0005,0.1856297824656159,0.8869877144358651,-0.26077643000923145,-0.02992338464844635,-0.11405113109535647,-0.02302218842906223,-0.08777738613859698,1,1,-0.056849750106074404,-0.20353168845469494,-1.136995002121488,-0.13882136388472582,-0.055533980299696806,-0.23875873828295513,-0.053208589230830494,-0.31676735725446925,-0.06913211463155178,-0.24045024847994778,-0.061189092116197275,-0.2267537308281522,-0.058165519912452,-0.16830463862643474,-0.002632675549279151,-0.007717762164829112,0.05843080596448069,0.2094809053042922,0.02272674341564751,0.08891188667820449,False,False,False
20,252,near_high_high_volume_low_rsi,-1,1,1,-1,0.5,2,0.0005,0.18838350048885766,0.8999036215888943,-0.23166749721119206,-0.02716966662520459,-0.10113522394232732,-0.010696280401369496,-0.03159949862507039,2,2,-0.012825573107255073,-0.043576291562693215,-0.25651146214510145,-0.12604624181108634,0.006970072414674844,0.10744734129613542,0.0495339716570149,0.36516676604717435,-0.09571978619633259,-0.3373619286872278,-0.10741813579965753,-0.41829041556628654,-0.03138718766662807,-0.09350902960585694,-0.015774878974278206,-0.04460218487511103,0.005736041452117924,0.006356446480470512,0.02171834613472834,0.09166980022976079,False,False,False
20,252,near_high_high_volume_low_rsi,-1,1,1,-1,0.5,3,0.0005,0.16164474463517742,0.7940706979138915,-0.2064829853233371,-0.05390842247888483,-0.20696814761733007,-0.01029425262619843,-0.029795811643724024,1,2,-0.04045761518055757,-0.1502424465119428,-0.8091523036111514,-0.25009339088188215,0.0027196318457056723,0.08783585093979318,0.03585637309354239,0.3003540552149512,-0.14280873555699491,-0.5264234951106337,-0.05804238260901817,-0.23302672195627383,-0.05460419998358912,-0.15998350757052493,-0.04442200985848088,-0.12473570902350317,-0.026311030377526023,-0.14050138545336066,0.021105074960761527,0.09017499699441878,False,False,False
20,252,near_high_high_volume_low_rsi,-1,1,1,-1,0.5,5,0.0005,0.18592412820502746,0.8878311972693916,-0.21988831808861664,-0.02962903890903479,-0.11320764826182994,-0.02962903890903479,-0.11320764826182994,2,2,-0.02008026662637763,-0.04176203880758411,-0.4016053325275526,-0.1374558272825389,-0.0949274219246341,-0.5162205214509274,-0.0949274219246341,-0.5162205214509274,0.019746032647874667,0.10818989213337837,0.019746032647874667,0.10818989213337837,-0.05990656590062993,-0.17772735024865693,-0.05990656590062993,-0.17772735024865693,0.022030159741450284,0.09420327263348871,0.022030159741450284,0.09420327263348871,False,False,False
20,252,near_high_high_volume_low_rsi,-1,1,1,-1,0.5,10,0.0005,0.2950413256256088,1.309312244346221,-0.19672816700819562,0.07948815851154656,0.3082733988149995,0.014131094406680589,0.10447328809041068,2,2,0.05221497389861629,0.23388091193098043,1.0442994779723258,0.3079534827156562,-0.036981335974332286,-0.14221530064195798,0.08869572873174136,0.6047132448164576,-0.01630336811264166,-0.006575627889613411,-0.0470259970429352,-0.17499138556325233,0.26855280558579575,0.7012374619207394,-0.030612113488267534,-0.035835817664988445,0.12073331590987424,0.47433745175157427,0.023919000031740634,0.09005365389246078,False,False,False
20,252,near_high_high_volume_low_rsi,-1,1,1,-1,1.0,1,0.0005,0.15906414038598582,0.7995501115527279,-0.2443658344387346,-0.05648902672807643,-0.20148873397849365,-0.04958783050869231,-0.17521498902173416,1,1,-0.04161356097410995,-0.1698031664869813,-0.8490158324349064,-0.2620653989193518,-0.06433065352175293,-0.30090637830927236,-0.06200526245288662,-0.3789149972807865,-0.17081530560565827,-0.6410658847898479,-0.16287228309030377,-0.6273693671380524,-0.018896468426466972,-0.03869995466469023,0.03663637593670588,0.1218869217969154,0.022985621530727363,0.09029927787631198,-0.01271844101810582,-0.03026974074977573,False,False,False
20,252,near_high_high_volume_low_rsi,-1,1,1,-1,1.0,2,0.0005,0.16055771314833844,0.8038211044023011,-0.2223635127959127,-0.054995453965723806,-0.19721774112892043,-0.03852206774188871,-0.1276820158116635,1,1,-0.056150279785079915,-0.2508458563812276,-1.2542292819061378,-0.2551363763382905,-0.04925404573042269,-0.21067520293432174,-0.006690146488082638,0.04704422181671719,-0.16327659690067886,-0.6018217865102655,-0.1749749465040038,-0.6827502733893243,0.060138562621277813,0.173939383118613,0.07575087131362768,0.22284622784935892,-0.06304651383973714,-0.2910165098281334,-0.047064209157126724,-0.2057031560788431,False,False,False
20,252,near_high_high_volume_low_rsi,-1,1,1,-1,1.0,3,0.0005,0.12783668026123562,0.6686836190266708,-0.2681289272982996,-0.08771648685282663,-0.33235522650455074,-0.04410231700014022,-0.1551828905309447,0,2,-0.0401028924831871,-0.16827044879598413,-0.8413522439799206,-0.4069366645232845,-0.01946699261480611,-0.05171149420206356,0.01366974863303061,0.16080671007309444,-0.2669418016353682,-1.0820489666159712,-0.18217544868739144,-0.7886521934616113,-0.0007069846783922529,0.006456613547016432,0.009475205446715984,0.04170441209403819,-0.060738792351568094,-0.2848294033899047,-0.013322687013280543,-0.05415302094212526,False,False,False
20,252,near_high_high_volume_low_rsi,-1,1,1,-1,1.0,5,0.0005,0.1486511430119053,0.7469380472860717,-0.22664570408054985,-0.06690202410215695,-0.25410079824514986,-0.06690202410215695,-0.25410079824514986,1,1,-0.09769837121255598,-0.47926710132463085,-2.396335506623154,-0.31037365397073957,-0.08475709657171371,-0.44174450067558413,-0.08475709657171371,-0.44174450067558413,-0.1859418452040129,-0.7309499607199083,-0.1859418452040129,-0.7309499607199083,0.13498895598397187,0.3502320056478666,0.13498895598397187,0.3502320056478666,-0.11063964585339825,-0.5167897019736776,-0.11063964585339825,-0.5167897019736776,False,False,False
20,252,near_high_high_volume_low_rsi,-1,1,1,-1,1.0,10,0.0005,0.1739266652367033,0.8459608825513586,-0.22079093140931394,-0.041626501877358946,-0.15507796297986298,-0.10698356598222492,-0.3588780737044518,1,1,-0.1036010930213962,-0.526378050787645,-2.631890253938225,-0.1931147773641008,-0.1140088026841184,-0.6204352444638085,0.011668262021955256,0.12649330099460715,-0.16793379846625633,-0.6615340368987807,-0.19865642739654987,-0.8299497945724196,0.25030495593652446,0.661038121561747,-0.04885996313753882,-0.07603515802398086,-0.093193383358674,-0.43232085711148155,-0.1900076992368076,-0.816604654970595,False,False,False
20,252,near_high_low_volume_high_rsi,-1,1,-1,1,0.25,1,0.0005,0.19539724829438088,0.9258473023418748,-0.2607764300092317,-0.020155918819681373,-0.07519154318934673,-0.013254722600297253,-0.04891779823258724,1,0,-0.027108044475936954,-0.04488487685113207,-0.5421608895187391,-0.09350787598966548,-0.0023253910688663115,0.07800861897151412,0.0,0.0,-0.0518906978830076,-0.16777837267377826,-0.043947675367653094,-0.15408185502198268,-0.06714258893263825,-0.1952095853997502,-0.011609744569465397,-0.034622708938144564,0.03570406254883318,0.12056901862608771,0.0,0.0,False,False,False
20,252,near_high_low_volume_high_rsi,-1,1,-1,1,0.25,2,0.0005,0.1826726977882578,0.8711621135395035,-0.2316674972111924,-0.03288046932580446,-0.12987673199171812,-0.016407083101969366,-0.060341006674461184,0,0,-0.03508894400483531,-0.10484291753690633,-0.7017788800967062,-0.15253994996234693,-0.04256389924234005,-0.25771942475103893,0.0,0.0,-0.046916378078137866,-0.12437248132452239,-0.05861472768146281,-0.20530096820358112,-0.027613988767330566,-0.08353874108810444,-0.012001680074980703,-0.03463189635735853,-0.015982304682610415,-0.08531335374929028,0.0,0.0,False,False,False
20,252,near_high_low_volume_high_rsi,-1,1,-1,1,0.25,3,0.0005,0.15221063512816446,0.7491777672067478,-0.2064829853233371,-0.06334253198589779,-0.2518610783244738,-0.019728362133211386,-0.07468874235086775,0,0,-0.040276423293062136,-0.22159729336146872,-1.1079864668073436,-0.29386036324105325,-0.03313674124783672,-0.212518204275158,0.0,0.0,-0.15404872802646108,-0.5697840805806836,-0.06928237507848434,-0.2763873074263238,-0.022237182517420573,-0.06980398275571997,-0.012054992392312336,-0.034556184208698215,-0.04741610533828755,-0.23067638244777944,0.0,0.0,False,False,False
20,252,near_high_low_volume_high_rsi,-1,1,-1,1,0.25,5,0.0005,0.18767009909033727,0.8977623664592923,-0.21988831808861675,-0.027883068023724977,-0.10327647907192927,-0.027883068023724977,-0.10327647907192927,0,0,-0.006077480017351311,-0.017535197486641063,-0.12154960034702622,-0.1293558725999621,0.0,0.0,0.0,0.0,-0.10454587982555497,-0.38165424784413693,-0.10454587982555497,-0.38165424784413693,-0.012154960034702622,-0.035070394973282126,-0.012154960034702622,-0.035070394973282126,0.0,0.0,0.0,0.0,False,False,False
20,252,near_high_low_volume_high_rsi,-1,1,-1,1,0.25,10,0.0005,0.26078260769852,1.1391599365539824,-0.19672816700819507,0.04522944058445777,0.13812109102276082,-0.0201276235204082,-0.06567901970182799,2,0,0.028769215680466198,0.1578472896727961,0.575384313609324,0.1379777534501811,-0.12567706470607365,-0.7469285454584156,0.0,0.0,-0.03927588451720121,-0.06858921851352129,-0.06999851344749475,-0.2370049761871602,0.28407279019078735,0.7010158252428172,-0.015092128883275935,-0.03605745434291063,0.0968143158781336,0.3842837978591135,0.0,0.0,False,False,False
20,252,near_high_low_volume_high_rsi,-1,1,-1,1,0.5,1,0.0005,0.18882502151898417,0.9053495626758997,-0.250099160928662,-0.02672814559507808,-0.09568928285532186,-0.01982694937569396,-0.06941553789856236,2,2,-0.0007234924298354928,0.03533545754414208,-0.014469848596709856,-0.12399792567619569,-0.004854701745297785,0.06305401512144582,-0.0025293106764314732,-0.014954603850068304,-0.15210090152011424,-0.5667272181357322,-0.14415787900475974,-0.5530307004839367,0.003407716885626799,0.007616899966838342,0.05894056124879965,0.16820377642844397,0.04089326913250013,0.1496006018455509,0.00518920658366695,0.029031583219463197,False,False,False
20,252,near_high_low_volume_high_rsi,-1,1,-1,1,0.5,2,0.0005,0.20595877806579366,0.9743679949744056,-0.21449920693996816,-0.009594389048268592,-0.02667085055681595,0.006878997175566504,0.042864874760440985,2,2,0.010717078405977909,0.06612942299237384,0.21434156811955818,-0.044510545480371526,0.04108756471221464,0.295616235633575,0.0836514639545547,0.5533356603846139,-0.14398534380983974,-0.5190703706638795,-0.15568369341316468,-0.5999988575429382,0.08714196438466226,0.23424510726246595,0.10275427307701213,0.28315195199321186,-0.019653407900258824,-0.10198626127771826,-0.003671103217648408,-0.016672907528427983,False,False,False
20,252,near_high_low_volume_high_rsi,-1,1,-1,1,0.5,3,0.0005,0.18149870778977184,0.8759719729206564,-0.19773386688004857,-0.03405445932429041,-0.12506687261056515,0.009559710528395993,0.052105463363040894,2,2,0.0010150100054912015,-0.027912132196499018,-0.1395606609824951,-0.15798635566449426,0.053923878353856924,0.3576280644624861,0.08706061960169365,0.5701462687376441,-0.20160389321169747,-0.7817382166076365,-0.11683754026372073,-0.4883414434532767,0.07081514961451951,0.19169487867239055,0.08099733973962775,0.2269426772194123,-0.05189385834287452,-0.24751914306538858,-0.004477753004586971,-0.016842760617609143,False,False,False
20,252,near_high_low_volume_high_rsi,-1,1,-1,1,0.5,5,0.0005,0.15840996379810113,0.7861011403830651,-0.3173849843150546,-0.05714320331596112,-0.21493770514815647,-0.05714320331596112,-0.21493770514815647,2,2,0.003395194275607749,-0.018522333511679145,-0.09261166755839573,-0.265100272387662,0.08429360043778922,0.5116846856128838,0.08429360043778922,0.5116846856128838,-0.30374016485650257,-1.2629122504157104,-0.30374016485650257,-1.2629122504157104,0.04107953322183455,0.11743875215153865,0.04107953322183455,0.11743875215153865,-0.034289144670619054,-0.15448341917489694,-0.034289144670619054,-0.15448341917489694,False,False,False
20,252,near_high_low_volume_high_rsi,-1,1,-1,1,0.5,10,0.0005,0.24296733792636438,1.0987072120995462,-0.2183673220869432,0.02741417081230213,0.09766836656832467,-0.03794289329256384,-0.10613174415626414,2,2,0.043674089247132786,0.015247141101810358,0.07623570550905179,0.0975670095164938,-0.10861799289956853,-0.6127360509737753,0.01705907180650512,0.13419249448464038,-0.19856541563517172,-0.7642728282883604,-0.22928804456546525,-0.9326885859619993,0.25842780038774027,0.643230333177396,-0.040737118686323015,-0.0938429464083319,0.1959661713938341,0.7724324078850652,0.0991518555157005,0.3881486100259517,False,False,False
20,252,near_high_low_volume_high_rsi,-1,1,-1,1,1.0,1,0.0005,0.12992289286634207,0.6746953539477127,-0.32394038872110464,-0.08563027424772018,-0.32634349158350884,-0.07872907802833606,-0.30006974662674935,2,1,-0.035249008970990925,-0.21059097299732837,-1.0529548649866418,-0.39725825138262993,-0.10557150308799668,-0.5509676430772964,-0.10324611201913036,-0.6289762620488105,-0.32854939880649436,-1.3931847468256513,-0.32060637629113986,-1.3794882291738557,0.07451933007976907,0.2084642128892188,0.13005217444294193,0.3690510893508244,0.03507348514601483,0.12978569708263965,-0.0006305774028183553,0.009216678456551941,False,False,False
20,252,near_high_low_volume_high_rsi,-1,1,-1,1,1.0,2,0.0005,0.12130536990439555,0.6396952009650395,-0.38495638642532826,-0.0942477972096667,-0.36134364456618207,-0.0777744109858316,-0.29180791924892513,2,2,-0.0381994216504945,-0.21584041939652426,-1.0792020969826213,-0.43723689366992446,-0.10052112793071788,-0.5260248619565958,-0.057957228688377826,-0.2683054372055569,-0.37665412796538444,-1.6512908769419419,-0.3883524775687094,-1.7322193638210006,0.10675211899776271,0.28789886364302364,0.12236442769011258,0.33680570837376955,0.024122284629728874,0.09434402316354729,0.04010458931233929,0.17965737691283756,False,False,False
20,252,near_high_low_volume_high_rsi,-1,1,-1,1,1.0,3,0.0005,0.10298993167215342,0.5621737060846564,-0.27893363437190677,-0.11256323544190883,-0.43886513944656513,-0.06894906558922242,-0.2616928034729591,1,2,-0.08960681465899634,-0.4803799743748497,-2.401899871874248,-0.5222063630470565,-0.13386682413518414,-0.7399267109982917,-0.10073008288734742,-0.5274085067231337,-0.27903121855286184,-1.1430716775669745,-0.1942648656048851,-0.8496749044126146,0.01350246620828277,0.05237187077607486,0.023684656333391008,0.08761966932309662,-0.045346805182808536,-0.22083323775140778,0.0020693001554790147,0.009843144696371653,False,False,False
20,252,near_high_low_volume_high_rsi,-1,1,-1,1,1.0,5,0.0005,0.14532116102585224,0.7331320018620203,-0.2881224744219604,-0.07023200608821001,-0.26790684366920126,-0.07023200608821001,-0.26790684366920126,2,2,-0.06166977745519586,-0.35878220749596645,-1.7939110374798322,-0.3258221951851257,-0.13287318068415144,-0.7452725003964926,-0.13287318068415144,-0.7452725003964926,-0.261899180990119,-1.066743379728934,-0.261899180990119,-1.066743379728934,0.12322733397639318,0.36084715670899203,0.12322733397639318,0.36084715670899203,0.009533625773759713,0.027708085404559712,0.009533625773759713,0.027708085404559712,False,False,False
20,252,near_high_low_volume_high_rsi,-1,1,-1,1,1.0,10,0.0005,0.166206653313268,0.8115401291922827,-0.26029868238405385,-0.049346513800794245,-0.1894987163389389,-0.11470357790566021,-0.3932988270635277,2,0,-0.07839939794764839,-0.30740219106594213,-1.5679879589529677,-0.22892966251190366,-0.24479313484325071,-1.3936814871678562,-0.11911607013717707,-0.6467529417094406,-0.1710156527364135,-0.6565087820001959,-0.20173828166670704,-0.8249245396738348,0.2629191751289015,0.7223022553484079,-0.03624574394516178,-0.014771024237320018,0.014216856841116732,0.04170439986831165,-0.08259745903701687,-0.34257939799080184,False,False,False
20,252,near_high_low_volume_low_rsi,-1,1,-1,-1,0.25,1,0.0005,0.2056780491147372,0.963003821379268,-0.26077643000923134,-0.009875117999325056,-0.03803502415195359,-0.0029739217799409357,-0.011761279195194096,1,0,-0.005134206792110407,0.03215605065985927,-0.10268413584220815,-0.04581291071496775,-0.0023253910688663115,0.07800861897151412,0.0,0.0,-0.007943022515354503,-0.013696517651795581,0.0,0.0,-0.06714258893263825,-0.1952095853997502,-0.011609744569465397,-0.034622708938144564,0.03570406254883318,0.12056901862608771,0.0,0.0,False,False,False
20,252,near_high_low_volume_low_rsi,-1,1,-1,-1,0.25,2,0.0005,0.19612941174993925,0.9198963462202915,-0.23166749721119229,-0.019423755364122997,-0.0811424993109301,-0.0029503691402879006,-0.011606773993673158,1,0,-0.02179814672497049,-0.08442604741869736,-0.4359629344994098,-0.0901112037655411,-0.04256389924234005,-0.25771942475103893,0.0,0.0,0.011698349603324942,0.08092848687905874,0.0,0.0,-0.027613988767330566,-0.08353874108810444,-0.012001680074980703,-0.03463189635735853,-0.015982304682610415,-0.08531335374929028,0.0,0.0,False,False,False
20,252,near_high_low_volume_low_rsi,-1,1,-1,-1,0.25,3,0.0005,0.16905540877383296,0.8124197833061,-0.20648298532333698,-0.04649775834022929,-0.1886190622251216,-0.0028835884875428874,-0.011446726251515549,0,0,-0.040276423293062136,-0.22159729336146872,-1.1079864668073436,-0.215713640225126,-0.03313674124783672,-0.212518204275158,0.0,0.0,-0.08476635294797674,-0.29339677315435986,0.0,0.0,-0.022237182517420573,-0.06980398275571997,-0.012054992392312336,-0.034556184208698215,-0.04741610533828755,-0.23067638244777944,0.0,0.0,False,False,False
20,252,near_high_low_volume_low_rsi,-1,1,-1,-1,0.25,5,0.0005,0.21256226474894158,0.9892534560108004,-0.2198883180886163,-0.0029909023651206734,-0.011785389520421186,-0.0029909023651206734,-0.011785389520421186,0,0,0.0,0.0,0.0,-0.013875473996343583,0.0,0.0,0.0,0.0,0.0,0.0,0.0,0.0,-0.012154960034702622,-0.035070394973282126,-0.012154960034702622,-0.035070394973282126,0.0,0.0,0.0,0.0,False,False,False
20,252,near_high_low_volume_low_rsi,-1,1,-1,-1,0.25,10,0.0005,0.27775851598037926,1.1933456344837006,-0.1967281670081953,0.06220534886631701,0.192306788952479,-0.0031517152385489577,-0.011493321772109821,3,0,0.06376847240421357,0.2763497777663762,1.2753694480842714,0.1921072192262704,-0.12567706470607365,-0.7469285454584156,0.0,0.0,0.03072262893029354,0.16841575767363892,0.0,0.0,0.28407279019078735,0.7010158252428172,-0.015092128883275935,-0.03605745434291063,0.0968143158781336,0.3842837978591135,0.0,0.0,True,False,False
20,252,near_high_low_volume_low_rsi,-1,1,-1,-1,0.5,1,0.0005,0.17350150700978229,0.8448260186915221,-0.24425857507160087,-0.042051660104279964,-0.1562128268396995,-0.035150463884895844,-0.12993908188294,1,1,-0.004399743944696,0.006607041794622903,-0.08799487889391999,-0.19508718274609196,-0.010739037519718941,0.02980282885467922,-0.00841364645085263,-0.0482057901168349,-0.1894876589374237,-0.7285091144233407,-0.1815446364220692,-0.7148125967715451,0.02806809419123657,0.07507187531725479,0.08360093855440942,0.23565875177886042,0.0019395496303269422,-0.016588745265433413,-0.03376451291850624,-0.13715776389152112,False,False,False
20,252,near_high_low_volume_low_rsi,-1,1,-1,-1,0.5,2,0.0005,0.1856315091627052,0.8956345971307828,-0.21449920693996816,-0.02992165795135704,-0.10540424840043883,-0.013448271727521943,-0.03586852308318189,2,2,0.0015828809281082101,0.02632170970466391,0.0316576185621642,-0.13881335334555153,0.0349746972857905,0.26310674018711033,0.07753859652813055,0.5208261649381493,-0.19442132563471293,-0.7448285132226647,-0.20611967523803787,-0.8257570001017235,0.07669165549640633,0.21006749446543826,0.0923039641887562,0.2589743391961842,-0.03180893542957408,-0.15742407505611045,-0.015826630746963666,-0.07211072130682017,False,False,False
20,252,near_high_low_volume_low_rsi,-1,1,-1,-1,0.5,3,0.0005,0.18530263755821896,0.8920713156699926,-0.20240583176286187,-0.030250529555843286,-0.10896752986122893,0.013363640296843116,0.06820480611237711,2,2,-0.0025992538574626245,-0.019659669687055875,-0.09829834843527938,-0.14033906326152887,0.053923878353856924,0.3576280644624861,0.08706061960169365,0.5701462687376441,-0.19657521697405755,-0.7479586709850505,-0.11180886402608081,-0.4545618978306907,0.09071162026372748,0.2423940065401603,0.10089381038883571,0.27764180508718206,-0.05912238606878217,-0.28171334591427205,-0.011706280730494623,-0.05103696346649261,False,False,False
20,252,near_high_low_volume_low_rsi,-1,1,-1,-1,0.5,5,0.0005,0.1567773041065308,0.7782967949322699,-0.3281707567349317,-0.05877586300753146,-0.2227420505989517,-0.05877586300753146,-0.2227420505989517,2,2,0.015559397551952903,-0.0007277422902466357,-0.0036387114512331786,-0.27267455075911545,0.08429360043778922,0.5116846856128838,0.08429360043778922,0.5116846856128838,-0.32611944526739833,-1.3705689550044198,-0.32611944526739833,-1.3705689550044198,0.07856945087855283,0.21683141838843822,0.07856945087855283,0.21683141838843822,-0.04745065577464702,-0.2182869029689315,-0.04745065577464702,-0.2182869029689315,False,False,False
20,252,near_high_low_volume_low_rsi,-1,1,-1,-1,0.5,10,0.0005,0.2590465571739107,1.1368560804278198,-0.1967281670081955,0.043493390059848425,0.13581723489659825,-0.021863674045017545,-0.06798287582799056,2,1,0.026040875072329883,0.14600063913535138,0.5208175014465977,0.13567628819091837,-0.12567706470607365,-0.7469285454584156,0.0,0.0,-0.11322618072132484,-0.3566482784706755,-0.14394880965161838,-0.5250640361443144,0.28407279019078735,0.7010158252428172,-0.015092128883275935,-0.03605745434291063,0.1653079308659846,0.6486495567413783,0.068493614987851,0.26436575888226477,False,False,False
20,252,near_high_low_volume_low_rsi,-1,1,-1,-1,1.0,1,0.0005,0.13024504665759995,0.6809248462891441,-0.3163811007872537,-0.0853081204564623,-0.3201139992420775,-0.07840692423707818,-0.293840254285318,2,2,-0.03206008391025805,-0.1886058483605232,-0.9430292418026159,-0.3957637069248934,-0.10067753531351609,-0.5190249812477153,-0.09835214424464978,-0.5970336002192295,-0.312597260879691,-1.3107415115516252,-0.30465423836433647,-1.2970449938998296,0.04757342546288501,0.15247200564793506,0.10310626982605786,0.3130588821095407,0.03655736749299998,0.14181328452666897,0.0008533049441667995,0.02124426590058126,False,False,False
20,252,near_high_low_volume_low_rsi,-1,1,-1,-1,1.0,2,0.0005,0.1998508255860636,0.9751279753413337,-0.19988204577763402,-0.015702341527998653,-0.025910870189887913,0.0007710446958364425,0.04362485512736902,2,3,-0.012970996211441599,-0.05241819214040733,-0.26209096070203663,-0.07284672147586489,-0.04169719786903503,-0.1674004433646813,0.0008667013733050233,0.09031898138635763,-0.1740989709404226,-0.6423317557509478,-0.18579732054374754,-0.7232602426300065,0.14715254662784472,0.44261667345995004,0.16276485532019458,0.49152351819069595,0.015755205446151832,0.06256405908386664,0.03173751012876225,0.14787741283315692,False,True,False
20,252,near_high_low_volume_low_rsi,-1,1,-1,-1,1.0,3,0.0005,0.1515682049031828,0.7800646374107353,-0.24792829767927416,-0.06398496221087946,-0.2209742081204863,-0.020370792358193057,-0.04380187214688025,1,2,-0.04061474893835204,-0.2016320156792108,-1.0081600783960538,-0.2968407426693997,-0.06084098376432712,-0.2955217932841915,-0.027704242516490396,-0.08300358900903348,-0.22893231772460787,-0.8976597127664434,-0.14416596477663113,-0.6042629396120835,0.05850521637769779,0.22427042463087965,0.06868740650280603,0.2595182231779014,-0.020388514112376965,-0.10774223807423011,0.027027591225910585,0.12293414437354933,False,False,False
20,252,near_high_low_volume_low_rsi,-1,1,-1,-1,1.0,5,0.0005,0.23394845856227997,1.1252723777183131,-0.18883874331360995,0.01839529144821772,0.12423353218709154,0.01839529144821772,0.12423353218709154,2,2,0.00308126591961988,0.036177095634669254,0.0616253183923976,0.08533992654574941,-0.10126450334314274,-0.5437911113782173,-0.10126450334314274,-0.5437911113782173,-0.08956773195913881,-0.3263422832301148,-0.08956773195913881,-0.3263422832301148,0.18440209350097492,0.6533299255786208,0.18440209350097492,0.6533299255786208,0.09573026379837857,0.39869647449945333,0.09573026379837857,0.39869647449945333,False,False,False
20,252,near_high_low_volume_low_rsi,-1,1,-1,-1,1.0,10,0.0005,0.15221259615547567,0.7793578003317083,-0.3251948531684684,-0.06334057095858658,-0.22168104519951326,-0.12869763506345255,-0.4254811559241021,2,0,-0.09631434486150603,-0.3888251724379957,-1.9441258621899784,-0.2938512655908658,-0.2576370489994583,-1.4715320732891886,-0.13195998429338462,-0.7246035278307729,-0.20876742828162742,-0.8344290164873102,-0.23949005721192096,-1.0028447741609492,0.25893441897817104,0.8916194822088525,-0.04023050009589224,0.15454620262312457,0.016138738558615362,0.056778671611318776,-0.08067557731951824,-0.3275051262477947,False,False,False
20,252,pullback_high_volume_high_rsi,1,-1,1,1,0.25,1,0.0005,0.20533941292593494,0.9622294245739526,-0.26077643000923156,-0.01021375418812731,-0.038809420957269025,-0.0033125579687431905,-0.012535676000509532,1,0,-0.005134206792110407,0.027369865971453022,-0.10268413584220815,-0.047383920750849344,-0.0023253910688663115,0.07800861897151412,0.0,0.0,-0.007943022515354503,-0.013696517651795581,0.0,0.0,-0.05553284436317285,-0.16058687646160563,0.0,0.0,0.022970472984701118,0.06843624959470163,-0.012733589564132064,-0.052132769031386084,False,False,False
20,252,pullback_high_volume_high_rsi,1,-1,1,1,0.25,2,0.0005,0.19447590552597238,0.9136055356074075,-0.23166749721119217,-0.02107726158808987,-0.08743330992381404,-0.0046038753642547725,-0.017897584606557104,1,0,-0.02430685043797276,-0.10505831376879388,-0.5252915688439693,-0.09778219392590326,-0.04256389924234005,-0.25771942475103893,0.0,0.0,0.011698349603324942,0.08092848687905874,0.0,0.0,-0.015612308692349863,-0.04890684473074591,0.0,0.0,-0.03300139218359566,-0.16120978280684184,-0.01701908750098524,-0.07589642905755156,False,False,False
20,252,pullback_high_volume_high_rsi,1,-1,1,1,0.25,3,0.0005,0.16326005162725843,0.7900973971327995,-0.21592743407478743,-0.05229311548680382,-0.2109414483984221,-0.008678945634117419,-0.03376911242481606,0,0,-0.05614082917912444,-0.2529574887147589,-1.2647874435737945,-0.2425996156165609,-0.03313674124783672,-0.212518204275158,0.0,0.0,-0.08476635294797674,-0.29339677315435986,0.0,0.0,-0.010182190125108237,-0.03524779854702176,0.0,0.0,-0.07914491711041216,-0.37217597441092193,-0.03172881177212461,-0.1414995919631425,False,False,False
20,252,pullback_high_volume_high_rsi,1,-1,1,1,0.25,5,0.0005,0.20106796177280484,0.9445356581155264,-0.21988831808861653,-0.014485205341257412,-0.056503187415695155,-0.014485205341257412,-0.056503187415695155,0,0,0.0,0.0,0.0,-0.06720015082679073,0.0,0.0,0.0,0.0,0.0,0.0,0.0,0.0,0.0,0.0,0.0,0.0,-0.05293284094279094,-0.2435828608543536,-0.05293284094279094,-0.2435828608543536,False,False,False
20,252,pullback_high_volume_high_rsi,1,-1,1,1,0.25,10,0.0005,0.26781731061158043,1.155129778768967,-0.19672816700819518,0.05226414349751818,0.15409093323774536,-0.013092920607347791,-0.04970917748684345,3,0,0.03905716534562542,0.16868796172508443,0.7811433069125084,0.15393102268271505,-0.12567706470607365,-0.7469285454584156,0.0,0.0,0.03072262893029354,0.16841575767363892,0.0,0.0,0.2991649190740633,0.7370732795857279,0.0,0.0,0.047391701760957305,0.16896016577652995,-0.0494226141171763,-0.21532363208258354,True,False,False
20,252,pullback_high_volume_high_rsi,1,-1,1,1,0.5,1,0.0005,0.16105745893886447,0.7822415799798417,-0.26077643000923123,-0.05449570817519778,-0.2187972655513799,-0.047594511955813656,-0.1925235205946204,1,1,-0.08677359669353601,-0.30292186695658063,-1.7354719338707203,-0.25281794234255345,-0.12777120052051716,-0.7008906324432129,-0.12544580945165085,-0.778899251414727,-0.09407144751604113,-0.3711792602124706,-0.08612842500068663,-0.357482742560675,-0.0794757458710309,-0.23466447370069066,-0.02394290150785805,-0.07407759723908502,0.08355104301228611,0.31814487873544917,0.047846980463452926,0.19757586010936146,False,False,False
20,252,pullback_high_volume_high_rsi,1,-1,1,1,0.5,2,0.0005,0.17274651415733544,0.8173263557103669,-0.2316674972111924,-0.04280665295672681,-0.18371248982085464,-0.026333266732891714,-0.1141767645035977,1,1,-0.06416168377600884,-0.23555053005120485,-1.2832336755201768,-0.1985897657169436,-0.0924664637640471,-0.5292926870051624,-0.04990256452170705,-0.2715732622541235,-0.07927440409670239,-0.32481734875339185,-0.09097275370002733,-0.4057458356324506,-0.049048963455315286,-0.14628371134901785,-0.03343665476296542,-0.09737686661827194,0.04661399237399255,0.15974192399182796,0.06259629705660297,0.24505527774111824,False,False,False
20,252,pullback_high_volume_high_rsi,1,-1,1,1,0.5,3,0.0005,0.13660341373070328,0.6845072169515918,-0.2064829853233371,-0.07894975338335897,-0.3165316285796298,-0.035335583530672565,-0.13935929260602375,0,2,-0.07967892991833081,-0.25777843345104084,-1.5935785983666162,-0.3662658008712155,-0.13871456053092657,-0.7865098743896337,-0.10557781928308985,-0.5739916701144757,-0.0773925493254517,-0.2766256684509836,0.007373803622525044,0.016771104703376283,-0.08196531051120992,-0.23893119845109811,-0.07178312038610168,-0.20368339990407636,-0.01702247183816774,-0.10141869514490576,0.03039363350011981,0.12925768730287368,False,False,False
20,252,pullback_high_volume_high_rsi,1,-1,1,1,0.5,5,0.0005,0.16586113854419726,0.7912876333133337,-0.21988831808861642,-0.04969202856986499,-0.20975121221788784,-0.04969202856986499,-0.20975121221788784,1,1,-0.05212667609392596,-0.2577491081944306,-1.2887455409721529,-0.23053258384076503,-0.07324561573630506,-0.42647100096026247,-0.07324561573630506,-0.42647100096026247,-0.13204529601174997,-0.5525030561693846,-0.13204529601174997,-0.5525030561693846,-0.031007736451546863,-0.0890272154285987,-0.031007736451546863,-0.0890272154285987,0.0321843052781543,0.11056011785775355,0.0321843052781543,0.11056011785775355,False,False,False
20,252,pullback_high_volume_high_rsi,1,-1,1,1,0.5,10,0.0005,0.2266195001312168,1.0000178690687764,-0.2393458085002752,0.01106633301715454,-0.0010209764624451445,-0.05429073108771143,-0.20482108718703396,2,1,-0.02953730744420069,-0.14436891881622327,-0.7218445940811163,-0.0010199169263040363,-0.1527766965851094,-0.8799519293001188,-0.027099631879035746,-0.1330233838417031,0.016489791199560067,0.06611220214889757,-0.014232837730733472,-0.10230355552474135,0.3206753680787453,0.7864454847002601,0.02151044900468202,0.04937220511453222,-0.07556440608796144,-0.3548500397813441,-0.17237872196609505,-0.7391338376404576,False,False,False
20,252,pullback_high_volume_high_rsi,1,-1,1,1,1.0,1,0.0005,0.0857049999960684,0.4798803067240265,-0.32588166824006226,-0.12984816711799385,-0.5211585388071951,-0.12294697089860973,-0.4948847938504356,0,0,-0.11817090529620622,-0.5114355230976247,-2.5571776154881234,-0.6023950789332791,-0.1729791495153994,-0.9803337715534935,-0.17065375844653308,-1.0583423905250076,-0.10941690182329844,-0.43077296226093653,-0.10147387930794394,-0.41707644460914095,-0.1053058696833522,-0.306014289354424,-0.049773025320179354,-0.14542741289281835,-0.126924908769114,-0.592098083934313,-0.16262897131794718,-0.7126671025604007,False,False,False
20,252,pullback_high_volume_high_rsi,1,-1,1,1,1.0,2,0.0005,0.11683875916283504,0.5950918677443711,-0.2894946161150119,-0.09871440795122721,-0.4059469777868505,-0.08224102172739212,-0.3364112524695936,1,1,-0.05865743500978726,-0.27669060780394833,-1.3834530390197415,-0.45795851331189874,-0.28431255094621577,-1.5810395441435485,-0.24174865170387572,-1.3233201193925095,-0.06394179575926895,-0.28339277285879527,-0.07564014536259389,-0.364321259737854,0.041785693189335005,0.13847668689367942,0.05739800188168487,0.18738353162442534,-0.053373074260305575,-0.2699884427491014,-0.03739076957769516,-0.1846750889998111,False,False,False
20,252,pullback_high_volume_high_rsi,1,-1,1,1,1.0,3,0.0005,0.0792324310221666,0.45053370204258986,-0.3022651558726721,-0.13632073609189566,-0.5505051434886317,-0.09270656623920925,-0.3733328075150257,1,1,-0.18097295934377433,-0.7786349350468653,-3.8931746752343264,-0.6324227934900167,-0.1814124904704133,-1.0241074780744688,-0.14827574922257658,-0.8115892737993109,-0.18053342821713536,-0.7186697433798008,-0.09576707526915862,-0.42527297022544097,0.014876436012254413,0.07121861595440504,0.02505862613736265,0.1064664145014268,-0.1816440446237465,-0.8386001267139298,-0.13422793928545895,-0.6079237442661504,False,False,False
20,252,pullback_high_volume_high_rsi,1,-1,1,1,1.0,5,0.0005,0.12042199752363336,0.6094527507866984,-0.267148559786462,-0.09513116959042889,-0.3915860947445232,-0.09513116959042889,-0.3915860947445232,1,1,-0.09116430788939522,-0.37184104252861944,-1.8592052126430971,-0.44133505837141895,-0.28533135827779366,-1.5238603101260146,-0.28533135827779366,-1.5238603101260146,-0.17290137962536622,-0.6567103834939579,-0.17290137962536622,-0.6567103834939579,0.12852009331494374,0.3765422586029544,0.12852009331494374,0.3765422586029544,-0.009427236153424223,-0.08697170156328093,-0.009427236153424223,-0.08697170156328093,False,False,False
20,252,pullback_high_volume_high_rsi,1,-1,1,1,1.0,10,0.0005,0.13507235977950982,0.6698261666213035,-0.26915985065474224,-0.08048080733455243,-0.3312126789099181,-0.1458378714394184,-0.5350127896345069,1,0,-0.13490816240378845,-0.5747163678939833,-2.8735818394699164,-0.37336870718287873,-0.24935737903264577,-1.383899501640205,-0.12368031432657212,-0.6369709561817893,-0.23907962967395346,-0.9830553387085519,-0.269802258604247,-1.1514710963821908,0.2599697604325413,0.7450561767745326,-0.03919515864152201,0.007982897188804738,-0.030736695133623426,-0.16637739707941457,-0.12755101101175703,-0.550661194938528,False,False,False
20,252,pullback_high_volume_low_rsi,1,-1,1,-1,0.25,1,0.0005,0.22001597537674766,1.013417065762963,-0.26077643000923156,0.004462808262685414,0.01237822023174151,0.011364004482069534,0.038651965188501,2,3,-0.013540671612694788,0.015916775329810007,-0.27081343225389576,0.012365374517681936,0.0073759093780225715,0.1321824680308914,0.009701300446888883,0.05417384905937728,-0.037997213145765985,-0.14682429874916791,-0.03005419063041148,-0.13312778109737233,-0.03445725260341215,-0.10034891737127138,0.021075591759760703,0.06023795909033425,0.07716056071538491,0.2849951514200595,0.041456498166551725,0.16442613279397178,False,True,False
20,252,pullback_high_volume_low_rsi,1,-1,1,-1,0.25,2,0.0005,0.1987345052867342,0.9265375897041749,-0.23166749721119273,-0.016818661827328052,-0.0745012558270467,-0.00034527560349295605,-0.004965530509789762,2,2,-0.015983281928797832,-0.05947845076622421,-0.31966563857595665,-0.07802558437208337,-0.049886422997097446,-0.2980668378387936,-0.007322523754757393,-0.04034741308775469,-0.038141341709501564,-0.12987443252237552,-0.049839691312826506,-0.21080291940143425,0.006174777851905899,0.010917530989927093,0.021787086544255763,0.059824375720673006,0.013213211574992556,0.039678575263849214,0.02919551625760297,0.12499192901313949,False,False,False
20,252,pullback_high_volume_low_rsi,1,-1,1,-1,0.25,3,0.0005,0.15847991573684683,0.7677819045231605,-0.20648298532333698,-0.05707325137721542,-0.23325694100806105,-0.013459081524529015,-0.056084605034455004,1,3,-0.03520731083253248,-0.20171903326239626,-1.0085951663119812,-0.2647757494883594,-0.03139462969718676,-0.20867649410821276,0.0017421115506499607,0.0038417101669452336,-0.1713340140915618,-0.6705953941853833,-0.08656766114358505,-0.3771986210310234,0.011701676208667466,0.02440120872293694,0.021883866333775703,0.0596490072699587,-0.0390199919678782,-0.19476157241657976,0.008396113370409353,0.03591481003119967,False,False,False
20,252,pullback_high_volume_low_rsi,1,-1,1,-1,0.25,5,0.0005,0.22039052343244792,1.0122014962436328,-0.21988831808861697,0.004837356318385666,0.011162650712411182,0.004837356318385666,0.011162650712411182,2,2,0.006007637870597438,0.00027354373210547456,0.0013677186605273728,0.011151066476833369,-0.02040336267593612,-0.11075584538956473,-0.02040336267593612,-0.11075584538956473,-0.010050065491325588,-0.05980445327804462,-0.010050065491325588,-0.05980445327804462,0.022065341232520463,0.06035154074225557,0.022065341232520463,0.06035154074225557,0.026310490007643628,0.10585907003888073,0.026310490007643628,0.10585907003888073,False,False,False
20,252,pullback_high_volume_low_rsi,1,-1,1,-1,0.25,10,0.0005,0.3142430581576261,1.29700475232326,-0.1967281670081954,0.09868989104356385,0.2959659067920384,0.03333282693869788,0.09216579606744957,3,3,0.12482364386861566,0.44288851511800503,2.214442575590025,0.29565876300732175,-0.131705688270636,-0.7754955015466637,-0.006028623564562352,-0.028566956088248052,0.11907192646363951,0.4235704626199839,0.08834929753334597,0.25515470494634496,0.32656220979191786,0.7962571871873177,0.027397290717854572,0.05918390760158987,0.13057536127359182,0.4622065676160262,0.03376104539545821,0.0779227697569127,True,True,False
20,252,pullback_high_volume_low_rsi,1,-1,1,-1,0.5,1,0.0005,0.1447060031790386,0.7263067710157897,-0.2567755479056997,-0.07084716393502366,-0.2747320745154319,-0.06394596771563954,-0.24845832955867242,1,0,-0.08016064829118486,-0.3263439493136937,-1.6317197465684685,-0.3286760518695331,-0.08508499774048106,-0.4483082961242245,-0.08275960667161475,-0.5263169150957386,-0.1469349065010681,-0.5891043976551955,-0.1389918839857136,-0.5754078800033999,-0.07523629884188865,-0.2043796025031629,-0.0197034544787158,-0.04379272604155726,0.01767480251960607,0.04840189323538413,-0.018029260029227112,-0.07216712539070358,False,False,False
20,252,pullback_high_volume_low_rsi,1,-1,1,-1,0.5,2,0.0005,0.15305578201553738,0.7517366145954245,-0.20123760096764143,-0.06249738509852487,-0.24930223093579706,-0.046023998874689775,-0.17976650561854013,1,2,-0.06057750535891859,-0.25311678765501033,-1.2655839382750516,-0.2899395352676665,-0.16485531598716352,-0.9342711269023404,-0.12229141674482347,-0.6765517021513014,-0.12820458410592295,-0.4953667170901599,-0.1399029337092479,-0.5762952039692186,0.04400159142840221,0.14937307483772766,0.05961390012075207,0.19827991956847357,0.007049573388085761,-0.010866858219860775,0.023031878070696177,0.0744464955294295,False,False,False
20,252,pullback_high_volume_low_rsi,1,-1,1,-1,0.5,3,0.0005,0.12818687331740386,0.6540823602214797,-0.2064829853233371,-0.08736629379665839,-0.3469564853097419,-0.04375212394397199,-0.16978414933613584,0,1,-0.07897265111742091,-0.4357675452674732,-2.178837726337366,-0.40531203956018697,-0.11492066698025138,-0.6636905106482405,-0.08178392573241466,-0.45117230637308253,-0.16644660840500025,-0.6471890264137357,-0.08168025545702351,-0.3537922532593758,-0.027236575473651214,-0.050545359319255745,-0.017054385348542977,-0.015297560772233987,-0.04302463525459044,-0.22434606412121078,0.004391470083697113,0.0063303183265686624,False,False,False
20,252,pullback_high_volume_low_rsi,1,-1,1,-1,0.5,5,0.0005,0.16758333821725624,0.818376812447567,-0.20665728640738368,-0.04796982889680601,-0.18266203308365458,-0.04796982889680601,-0.18266203308365458,1,1,-0.058749734285109656,-0.3401334795473276,-1.7006673977366378,-0.2225429091998554,-0.1028367729775308,-0.5976195858607377,-0.1028367729775308,-0.5976195858607377,-0.18771817038945815,-0.760951651351251,-0.18771817038945815,-0.760951651351251,0.12587126877211197,0.41768820096536474,0.12587126877211197,0.41768820096536474,-0.014662695592688513,-0.08264737323391746,-0.014662695592688513,-0.08264737323391746,False,False,False
20,252,pullback_high_volume_low_rsi,1,-1,1,-1,0.5,10,0.0005,0.20343949972810194,0.9212747995987832,-0.31094240975133447,-0.012113667385960314,-0.07976404593243835,-0.07747073149082628,-0.28356415665702717,1,0,-0.04487137404253505,-0.17497740755421,-0.897427480850701,-0.07968126940179823,-0.17771136475140015,-0.9969773843867742,-0.0520343000453265,-0.2500488389283585,-0.021147927725301274,-0.014091588084581552,-0.05187055665559481,-0.18250734575822047,0.2751018862360777,0.7559296107101124,-0.02406303283798561,0.018856331124384562,-0.06859482035976883,-0.3358632270238385,-0.16540913623790243,-0.720147024882952,False,False,False
20,252,pullback_high_volume_low_rsi,1,-1,1,-1,1.0,1,0.0005,-0.04209183294367802,-0.07339414430489599,-0.4712683383810171,-0.25764500005774027,-1.0744329898361176,-0.25074380383835615,-1.0481592448793582,0,0,-0.2751387529069924,-1.0231404065108831,-5.502775058139848,-1.1952735536537242,-0.38555197155697984,-2.204950907852897,-0.38322658048811353,-2.2829595268244116,-0.30849118336535275,-1.288133098578248,-0.30054816084999825,-1.2744365809264524,-0.24178632244863207,-0.7581477144435181,-0.18625347808545922,-0.5975608379819125,-0.08109501167701327,-0.39024300855070093,-0.11679907422584646,-0.5108120271767886,False,False,False
20,252,pullback_high_volume_low_rsi,1,-1,1,-1,1.0,2,0.0005,-0.0615909048939266,-0.15163661672936196,-0.3888736651096204,-0.27714407200798885,-1.1526754622605835,-0.26067068578415376,-1.0831397369433267,0,0,-0.2807769961109546,-1.0210098504097047,-5.615539922219091,-1.285734168133726,-0.35056084135842736,-1.908282320090486,-0.3079969421160873,-1.650562895339447,-0.27543145620659804,-1.1296523007540247,-0.287129805809923,-1.2105807876330834,-0.2861225360153111,-0.9123674000653849,-0.27051022732296126,-0.863460555334639,-0.19283111035556488,-0.8707865462836579,-0.17684880567295447,-0.7854731925343676,False,False,False
20,252,pullback_high_volume_low_rsi,1,-1,1,-1,1.0,3,0.0005,-0.044673988273912335,-0.0842246188506954,-0.36304226772371295,-0.2602271553879746,-1.085263464381917,-0.21661298553528818,-0.908091128408311,0,0,-0.1940387389243572,-0.7486758535096758,-3.880774778487144,-1.2072527575077225,-0.4613400981970498,-2.622466633927663,-0.4282033569492131,-2.409948429652505,-0.13845456744835438,-0.48817393127053965,-0.05368821450037764,-0.1947771581161798,-0.18065192571637767,-0.5438168231485515,-0.17046973559126943,-0.5085690246015298,-0.2074255521323367,-0.9535348838708001,-0.16000944679404916,-0.7228585014230207,False,False,False
20,252,pullback_high_volume_low_rsi,1,-1,1,-1,1.0,5,0.0005,0.0011062800917041038,0.12189718768737377,-0.3000722387994613,-0.21444688702235815,-0.8791416578438478,-0.21444688702235815,-0.8791416578438478,0,0,-0.22057781097023543,-0.9501565885263799,-4.750782942631899,-0.994867715902691,-0.36821003030409516,-1.9354901201222483,-0.36821003030409516,-1.9354901201222483,-0.2615678952360687,-1.071390337245876,-0.2615678952360687,-1.071390337245876,-0.012322525141407636,0.014200435608906159,-0.012322525141407636,0.014200435608906159,-0.17958772670440215,-0.8289228398068837,-0.17958772670440215,-0.8289228398068837,False,False,False
20,252,pullback_high_volume_low_rsi,1,-1,1,-1,1.0,10,0.0005,0.15042723728398566,0.7345214983680718,-0.2935088484633881,-0.06512592983007659,-0.2665173471631498,-0.13048299393494256,-0.4703174578877386,1,0,-0.06171954711898642,-0.2651356723467585,-1.3256783617337924,-0.30213395006910065,-0.25313730616419927,-1.4085054301200017,-0.12746024145812562,-0.6615768846615862,-0.0530083369988994,-0.18663582423713176,-0.08373096592919294,-0.3550515819107707,0.16510664596123958,0.5045885623620715,-0.1340582731128237,-0.23248471722365638,-0.07043075723907344,-0.34363552045638524,-0.16724507311720704,-0.7279193183154987,False,False,False
20,252,pullback_low_volume_high_rsi,1,-1,-1,1,0.25,1,0.0005,0.19808877187519136,0.9346591304063646,-0.26077643000923156,-0.01746439523887089,-0.06637971512485696,-0.010563199019486769,-0.04010597016809747,1,0,-0.023343363695580432,-0.05095513408146368,-0.46686727391160865,-0.08102128803159463,-0.01469228022033775,0.005149347080614541,-0.012366889151471439,-0.07285927189089958,-0.031994447170823115,-0.1070596152435419,-0.024051424655468612,-0.09336309759174632,-0.06045132105200568,-0.17499659656253375,-0.004918476688832829,-0.014409720100928114,0.03355011144361453,0.11366329777883333,-0.0021539511052186544,-0.006905720847254382,False,False,False
20,252,pullback_low_volume_high_rsi,1,-1,-1,1,0.25,2,0.0005,0.1822986817617036,0.8667882045688365,-0.23166749721119206,-0.03325448535235864,-0.13425064096238504,-0.016781099128523547,-0.0647149156451281,0,0,-0.030345090752865955,-0.11632663770663465,-0.6069018150573191,-0.15427509508483203,-0.047765565011248956,-0.2846007115915027,-0.005201665768908903,-0.02688128684046376,-0.035915019974332774,-0.11070319523710803,-0.047613369577657716,-0.19163168211616677,-0.024775161531399137,-0.07493428870334962,-0.009162852839049274,-0.026027443972603703,-0.024529654947703206,-0.12195008017616127,-0.00854735026509279,-0.03663672642687099,False,False,False
20,252,pullback_low_volume_high_rsi,1,-1,-1,1,0.25,3,0.0005,0.14811866827855003,0.7303840012628425,-0.2064829853233372,-0.06743449883551222,-0.27065484426837905,-0.023820328982825822,-0.093482508294773,0,0,-0.044490012691428826,-0.24035325924164705,-1.2017662962082352,-0.31284392495067603,-0.03492286624671692,-0.221279387438157,-0.0017861249988802008,-0.008761183162999009,-0.15527877366492882,-0.5954803812748345,-0.07051242071695207,-0.30208360812047463,-0.028876107461935252,-0.08778088891263869,-0.018693917336827015,-0.05253309036561693,-0.05405715913614073,-0.2594271310451371,-0.00664105379785318,-0.028750748597357656,False,False,False
20,252,pullback_low_volume_high_rsi,1,-1,-1,1,0.25,5,0.0005,0.1892421254090788,0.8960249320320607,-0.21988831808861642,-0.02631104170498344,-0.1050139134991609,-0.02631104170498344,-0.1050139134991609,0,0,-0.02423409214200667,-0.10022490652961302,-0.5011245326480651,-0.1220628861883559,-0.0014618903637493297,-0.006477229180854582,-0.0014618903637493297,-0.006477229180854582,-0.04052944985244156,-0.18606051368541032,-0.04052944985244156,-0.18606051368541032,-0.0579723402406791,-0.16651225054877572,-0.0579723402406791,-0.16651225054877572,-0.007938734431571781,-0.033937562510450325,-0.007938734431571781,-0.033937562510450325,False,False,False
20,252,pullback_low_volume_high_rsi,1,-1,-1,1,0.25,10,0.0005,0.24813422293913256,1.0818732966605982,-0.21076625922808978,0.032581055825070315,0.0808344511293766,-0.032776008279795654,-0.12296565959521222,2,0,0.001443871662399565,-0.007994285519711153,-0.039971427598555764,0.08075056376706356,-0.12567706470607365,-0.7469285454584156,0.0,0.0,0.007526685063207417,0.020659895246521787,-0.023195943867086122,-0.14775586242711714,0.2991649190740633,0.7370732795857279,0.0,0.0,-0.0046389417384082865,-0.03664846628594409,-0.10145325761654189,-0.4209322641450576,False,False,False
20,252,pullback_low_volume_high_rsi,1,-1,-1,1,0.5,1,0.0005,0.1601307037186135,0.7789996248426028,-0.2452750968044024,-0.05542246339544876,-0.2220392206886188,-0.04852126717606464,-0.19576547573185932,1,1,-0.052110522906850476,-0.22352044587476316,-1.1176022293738157,-0.25711736986968686,-0.12681774641887866,-0.7088833951521398,-0.12449235535001235,-0.786892014123654,-0.09856581919851348,-0.3982803683510163,-0.09062279668315898,-0.38458385069922074,0.011742741237608767,0.03889419449306475,0.06727558560078162,0.19948107095467038,-0.00565522661518747,-0.04876052339851,-0.04135928916402065,-0.1693295420245977,False,False,False
20,252,pullback_low_volume_high_rsi,1,-1,-1,1,0.5,2,0.0005,0.13875321777256855,0.6927019110050068,-0.24604252944958394,-0.0767999493414937,-0.3083369345262148,-0.060326563117658605,-0.23880120920895787,1,1,-0.08497618914388638,-0.38678217592939956,-1.9339108796469977,-0.356292372641661,-0.16415930565277725,-0.9318808745027509,-0.1215954064104372,-0.674161449751712,-0.05428037392847429,-0.23388650343995443,-0.06597872353179923,-0.31481499031901317,0.04803692410236993,0.15752413945134747,0.06364923279471979,0.20643098418209338,-0.11567200435929847,-0.5396778484188447,-0.09968969967668806,-0.45436449466955436,False,False,False
20,252,pullback_low_volume_high_rsi,1,-1,-1,1,0.5,3,0.0005,0.08082229604945024,0.45566570184299476,-0.2639893601701866,-0.134730871064612,-0.5453731436882268,-0.09111670121192561,-0.36820080771462077,0,0,-0.13652066359833603,-0.5757288196340281,-2.8786440981701404,-0.6250470492661225,-0.1355477088463073,-0.7835206550381553,-0.10241096759847057,-0.5710024507629972,-0.16053687294285446,-0.6467309091579917,-0.07577051999487772,-0.35333413600363184,-0.13749361835036478,-0.4069683422344807,-0.12731142822525654,-0.37172054368745894,-0.10820359115000322,-0.5047267301100645,-0.06078748581171567,-0.2740503476622851,False,False,False
20,252,pullback_low_volume_high_rsi,1,-1,-1,1,0.5,5,0.0005,0.1445427696213164,0.725185885032311,-0.22880371117701792,-0.07101039749274585,-0.2758529604989106,-0.07101039749274585,-0.2758529604989106,1,1,-0.06288010942187494,-0.3379320916441456,-1.689660458220728,-0.32943332934268577,-0.08709547616788949,-0.49877662195054107,-0.08709547616788949,-0.49877662195054107,-0.18368008166592187,-0.7395490365969936,-0.18368008166592187,-0.7395490365969936,0.026248663441764464,0.09572847272486651,0.026248663441764464,0.09572847272486651,-0.0386647426758604,-0.17708756133775017,-0.0386647426758604,-0.17708756133775017,False,False,False
20,252,pullback_low_volume_high_rsi,1,-1,-1,1,0.5,10,0.0005,0.2592501125413633,1.1363241257555774,-0.19672816700819562,0.04369694542730107,0.13528528022435582,-0.0216601186775649,-0.06851483050023299,2,1,0.022183935164272195,0.09435526161456498,0.4436787032854439,0.1351448855639203,-0.20739467741187534,-1.1430996839633398,-0.08171761270580169,-0.39617113850492425,-0.029865384447618215,-0.07172411992784977,-0.060588013377911754,-0.2401398776014887,0.42140250159218606,1.1181913370315417,0.12223758251812278,0.38111805744581373,0.0742332547761626,0.26043464315697973,-0.022581061101971,-0.12384915470213376,False,False,False
20,252,pullback_low_volume_high_rsi,1,-1,-1,1,1.0,1,0.0005,0.03293053808476909,0.26011271224054644,-0.25108766109109726,-0.18262262902929316,-0.7409261332906751,-0.17572143280990904,-0.7146523883339156,0,0,-0.1811391955608983,-0.6216392252142996,-3.622783911217966,-0.8472277697161205,-0.3018322610824634,-1.7350293153639396,-0.2995068700135971,-1.8130379343354537,-0.2087192993644098,-0.8183212417399619,-0.2007762768490553,-0.8046247240881663,-0.1535590917573868,-0.42495720868863723,-0.09802624739421395,-0.2643703322270316,-0.05759735523224041,-0.2689177908648429,-0.09330141778107359,-0.3894868094909306,False,False,False
20,252,pullback_low_volume_high_rsi,1,-1,-1,1,1.0,2,0.0005,0.023360545512289388,0.21533226888139037,-0.32092287576152934,-0.19219262160177286,-0.7857065766498312,-0.17571923537793777,-0.7161708513325743,0,0,-0.14722722692448698,-0.6157147290615845,-3.0785736453079227,-0.8916251344155481,-0.40706494625581424,-2.3058471562790803,-0.3645010470134742,-2.0481277315280413,-0.24806210365051395,-1.005028574119918,-0.2597604532538389,-1.0859570609989768,-0.020575360836663004,0.057680230015652256,-0.00496305214431314,0.10658707474639817,-0.04639235019846,-0.22640088400325092,-0.030410045515849582,-0.14108753025396065,False,False,False
20,252,pullback_low_volume_high_rsi,1,-1,-1,1,1.0,3,0.0005,0.08682349836080805,0.5034022493401433,-0.20325768386407872,-0.1287296687532542,-0.49763659619107825,-0.0851154989005678,-0.3204642602174722,1,1,-0.12498078811308966,-0.5297059979087089,-2.6485299895435443,-0.5972061114979375,-0.2926088006208255,-1.6536000205827028,-0.2594720593729888,-1.4410818163075447,-0.1273973624596354,-0.4860446920173942,-0.04263100951165866,-0.19264791886303434,0.06621082920909527,0.37178781460818466,0.0763930193342035,0.4070356131552064,-0.12256421376654392,-0.5733673038000235,-0.07514810842825637,-0.3426909213522441,False,False,False
20,252,pullback_low_volume_high_rsi,1,-1,-1,1,1.0,5,0.0005,0.09008605489100341,0.5278710658143302,-0.22393248318656267,-0.12546711222305884,-0.4731677797168914,-0.12546711222305884,-0.4731677797168914,1,1,-0.13698378724161248,-0.5751005372228678,-2.8755026861143387,-0.5820703722560782,-0.25105653533739436,-1.4546674671260256,-0.25105653533739436,-1.4546674671260256,-0.1304155701530798,-0.46221194577009905,-0.1304155701530798,-0.46221194577009905,0.05334031694814856,0.2860352009440047,0.05334031694814856,0.2860352009440047,-0.14355200433014514,-0.6879891286756366,-0.14355200433014514,-0.6879891286756366,False,False,False
20,252,pullback_low_volume_high_rsi,1,-1,-1,1,1.0,10,0.0005,0.14016365207436143,0.7154279375457543,-0.3739008737903682,-0.07538951503970082,-0.2856109079854673,-0.14074657914456679,-0.4894110187100561,2,0,-0.06297357436029771,-0.4131549018353367,-2.0657745091766833,-0.3497490482234838,-0.20214104584486425,-1.1397880909054725,-0.0764639811387906,-0.39285954544705676,-0.3411906546594955,-1.4199929326532337,-0.37191328358978903,-1.5884086903268726,0.2242978643698872,0.8077314333607449,-0.0748670547041761,0.07065815377501705,0.07619389712426883,0.3134782872347991,-0.020620418753864778,-0.0708055106243144,False,False,False
20,252,pullback_low_volume_low_rsi,1,-1,-1,-1,0.25,1,0.0005,0.18406884537744506,0.8739320463358665,-0.26077643000923123,-0.03148432173661719,-0.12710679919535506,-0.024583125517233073,-0.10083305423859557,2,2,-0.0442949760146083,-0.1017015574734852,-0.885899520292166,-0.14606290484220502,0.017006369326062476,0.1057484250094427,0.019331760394928788,0.027739806037928583,-0.10898077949293361,-0.4203143280483175,-0.10103775697757911,-0.4066178103965219,-0.10559632135527908,-0.3091515399564131,-0.050063476992106226,-0.14856466349480746,0.06569800875745901,0.24499266663317953,0.029993946208625832,0.12442364800709182,False,False,False
20,252,pullback_low_volume_low_rsi,1,-1,-1,-1,0.25,2,0.0005,0.18256243415275808,0.8654118973782572,-0.2316674972111924,-0.03299073296130417,-0.1356269481529644,-0.016517346737469074,-0.06609122283570745,0,1,-0.03850017466010636,-0.13284734044939672,-0.7700034932021271,-0.1530514879600297,-0.0489357172521554,-0.2976925954101036,-0.006371818009815344,-0.039973170659064694,-0.028064632068057316,-0.10127168263880137,-0.03976298167138226,-0.1822001695178601,-0.056543542791801515,-0.16442299825999207,-0.04093123409945165,-0.11551615352924616,0.00040350339785155676,-0.012829158142652619,0.016385808080461972,0.07248419560663766,False,False,False
20,252,pullback_low_volume_low_rsi,1,-1,-1,-1,0.25,3,0.0005,0.15107572833650207,0.7377238549371896,-0.2064829853233371,-0.06447743877756018,-0.26331499059403196,-0.02086326892487378,-0.08614265462042592,0,2,-0.037550864598527856,-0.14334811530950092,-0.7510172919705571,-0.29912545308806,-0.010319765186954433,-0.1457099167365663,0.022816976060882288,0.06680828753859169,-0.17785826694332751,-0.6966547937543469,-0.09309191399535077,-0.40325802059998705,-0.0484462622437285,-0.14098631388243554,-0.03826407211862026,-0.10573851533541379,-0.02665546695332721,-0.1394342585956604,0.02076063838496034,0.09124212385211905,False,False,False
20,252,pullback_low_volume_low_rsi,1,-1,-1,-1,0.25,5,0.0005,0.15031968793349848,0.7491663297537321,-0.2198883180886163,-0.06523347918056377,-0.2518725157774895,-0.06523347918056377,-0.2518725157774895,1,1,-0.08018433577720463,-0.31360875958140705,-1.6036867155440926,-0.30263289588338443,-0.09033321968359442,-0.5050411507403828,-0.09033321968359442,-0.5050411507403828,-0.07003545187081484,-0.2832710425829881,-0.07003545187081484,-0.2832710425829881,-0.11901307263024874,-0.343946476579826,-0.11901307263024874,-0.343946476579826,0.01630359436346196,0.06747622144252119,0.01630359436346196,0.06747622144252119,False,False,False
20,252,pullback_low_volume_low_rsi,1,-1,-1,-1,0.25,10,0.0005,0.23643527812260823,1.0393050235646357,-0.1967281670081955,0.020882111008545978,0.038266178033414144,-0.04447495309631999,-0.16553393269117467,2,0,0.012718387135188136,0.05494506400453408,0.2543677427037627,0.038226466639371445,-0.18873846629310653,-1.0576348076694961,-0.06306140158703288,-0.31070626221108044,-0.06700322381993251,-0.25891482277523825,-0.09772585275022605,-0.4273305804488772,0.2976379387947583,0.7184165144890694,-0.0015269802793049791,-0.01865676509665848,0.09243999809030878,0.3688049507843064,-0.004374317787824822,-0.015478847074807067,False,False,False
20,252,pullback_low_volume_low_rsi,1,-1,-1,-1,0.5,1,0.0005,0.149681273475889,0.743488826946146,-0.32414388219499535,-0.06587189363817325,-0.25755001858507554,-0.05897069741878913,-0.23127627362831604,0,0,-0.040424192444127316,-0.20918847178984162,-1.045942358949208,-0.3055946452566686,-0.020919527786297465,-0.21907170389326136,-0.018594136717431153,-0.2970803228647755,-0.04012331724259699,-0.13410707405875466,-0.03218029472724249,-0.12041055640695908,-0.15906161215245285,-0.4689685791929647,-0.10352876778928,-0.30838170273135906,-0.04072506764565764,-0.1993052396864219,-0.07642913019449082,-0.3198742583125096,False,False,False
20,252,pullback_low_volume_low_rsi,1,-1,-1,-1,0.5,2,0.0005,0.14075199024377416,0.7046930329920897,-0.2460425294495837,-0.07480117687028809,-0.29634581253913184,-0.05832779064645299,-0.2268100872218749,0,0,-0.05043677665517954,-0.21533938734530936,-1.0766969367265466,-0.3470196141015467,-0.16828583923039053,-0.9551102754399652,-0.12572193998805048,-0.6973908506889263,-0.013081561210563919,-0.03452468597975078,-0.02477991081388886,-0.11545317285880952,-0.015760978320799923,-0.020682333475955272,-0.00014866962845005993,0.02822451125479064,-0.08511257498955915,-0.39615408871086794,-0.06913027030694874,-0.31084073496157766,False,False,False
20,252,pullback_low_volume_low_rsi,1,-1,-1,-1,0.5,3,0.0005,0.1831570478520288,0.8752383873795929,-0.2064829853233371,-0.03239611926203345,-0.12580045815162866,0.01121805059065295,0.051371877821977385,1,2,-0.04442253628756099,-0.20028618858435893,-1.0014309429217945,-0.1502929402326559,-0.07807561302823984,-0.50652083068185,-0.04493887178040312,-0.29400262640669206,-0.011500367947205214,-0.038597974437381666,0.07326598500077153,0.2547987987169782,0.05018764036970924,0.19776268731058455,0.06036983049481748,0.2330104858576063,-0.07734470462791676,-0.3619744027313362,-0.02992859928962921,-0.13129802028355675,False,False,False
20,252,pullback_low_volume_low_rsi,1,-1,-1,-1,0.5,5,0.0005,0.16367178424739937,0.8055426479535083,-0.21994951448982325,-0.051881382866662884,-0.1954961975777133,-0.051881382866662884,-0.1954961975777133,0,0,-0.018802742166270647,-0.09327962655442162,-0.4663981327721081,-0.24068949466750028,-0.0192651830935624,-0.10486861112863877,-0.0192651830935624,-0.10486861112863877,-0.007405104797739259,-0.062493889349772846,-0.007405104797739259,-0.062493889349772846,-0.15770719471408912,-0.46734792487632976,-0.15770719471408912,-0.46734792487632976,-0.018340301238978896,-0.08169064198020448,-0.018340301238978896,-0.08169064198020448,False,False,False
20,252,pullback_low_volume_low_rsi,1,-1,-1,-1,0.5,10,0.0005,0.16203464689125768,0.8028020087511158,-0.21848592931900512,-0.053518520222804566,-0.19823683678010573,-0.11887558432767054,-0.40203694750469454,1,1,-0.12211683271356188,-0.5915926617841448,-2.957963308920724,-0.24828454593981758,-0.1828293259735947,-1.0322699869106264,-0.05715226126752104,-0.2853414414522109,-0.2244539739528908,-0.8936218439834637,-0.25517660288318433,-1.0620376016571025,0.3214417573663515,0.9470512189156582,0.022276838292288215,0.20997793932993036,-0.06140433945352908,-0.289563479584826,-0.15821865533166268,-0.6738472774439395,False,False,False
20,252,pullback_low_volume_low_rsi,1,-1,-1,-1,1.0,1,0.0005,0.0372088642338988,0.28046516580614755,-0.3306729769441519,-0.17834430288016345,-0.720573679725074,-0.17144310666077933,-0.6942999347683145,0,1,-0.16794313523828563,-0.785514321669889,-3.927571608349445,-0.827379644975435,-0.28469220957636865,-1.596311809112986,-0.28236681850750234,-1.6743204280845,-0.3186643365456384,-1.3390625800339093,-0.3107213140302839,-1.3253660623821137,-0.043517262341834506,-0.0019337887436792212,0.012015582021338345,0.1586530877179264,-0.05119406090020262,-0.23196606330586866,-0.0868981234490358,-0.3525350819319564,False,False,False
20,252,pullback_low_volume_low_rsi,1,-1,-1,-1,1.0,2,0.0005,0.07562330016597651,0.4496874513295073,-0.29865042581584533,-0.13992986694808573,-0.5513513942017143,-0.12345648072425064,-0.4818156688844573,2,2,-0.09500208423637757,-0.3878587383005467,-1.9392936915027332,-0.6491663695854691,-0.39780266058982294,-2.229183677120613,-0.3552387613474829,-1.9714642523695742,-0.19983717080810615,-0.7960757730028223,-0.2115355204114311,-0.877004259881881,0.09787560286550301,0.4878584833186269,0.11348791155785287,0.5367653280493728,0.009833002335351004,0.020358296401728926,0.02581530701796142,0.1056716501510192,False,False,False
20,252,pullback_low_volume_low_rsi,1,-1,-1,-1,1.0,3,0.0005,0.05649357246858111,0.3663490098562999,-0.2564819945904714,-0.15905959464548114,-0.6346898356749217,-0.11544542479279474,-0.4575174997013156,0,1,-0.1598091923342092,-0.6691739310595382,-3.3458696552976908,-0.7379135123600994,-0.29297333317013774,-1.628151687441755,-0.259836591922301,-1.415633483166597,-0.20657379741092474,-0.8110877717474303,-0.121807444462948,-0.5176909985930704,-0.0013283962950925154,0.14329383458524114,0.008853793830015722,0.1785416331322629,-0.11304458725749367,-0.527260090371646,-0.06562848191920612,-0.29658370792386657,False,False,False
20,252,pullback_low_volume_low_rsi,1,-1,-1,-1,1.0,5,0.0005,0.019122611516018573,0.19603388041895065,-0.3443957574753874,-0.19643055559804368,-0.8050049651122709,-0.19643055559804368,-0.8050049651122709,0,0,-0.19183062401708179,-0.8213436135930972,-4.1067180679654856,-0.9112858708037463,-0.3628915457805001,-1.9824506615638917,-0.3628915457805001,-1.9824506615638917,-0.24556980734968437,-0.9929332587965183,-0.24556980734968437,-0.9929332587965183,-0.0034827311092191504,0.1253418406404253,-0.0034827311092191504,0.1253418406404253,-0.1380914406844792,-0.6497539683896761,-0.1380914406844792,-0.6497539683896761,False,False,False
20,252,pullback_low_volume_low_rsi,1,-1,-1,-1,1.0,10,0.0005,0.107260609194197,0.6110931390796509,-0.3469586270966868,-0.10829255791986525,-0.3899457064515707,-0.17364962202473122,-0.5937458171761595,1,1,-0.0426225538877959,-0.23510483154179684,-1.175524157708984,-0.5023937220210785,-0.05942909255445783,-0.34968330900733147,0.06624797215161582,0.39724523645108417,-0.3980633517395177,-1.7511199090607525,-0.4287859806698112,-1.9195356667343915,0.0797861877297752,0.4706552258298705,-0.2193787313442881,-0.26641805375585736,-0.02581601522113397,-0.12052635407626222,-0.12263033109926758,-0.5048101519353757,False,False,False
20,504,near_high_high_volume_high_rsi,-1,1,1,1,0.25,1,0.0005,0.2144972690680691,0.9961034818068804,-0.26077643000923156,-0.0010558980459931533,-0.004935363724341224,0.005845298173390967,0.02133838123241827,1,1,-0.005134206792110407,0.03215605065985927,-0.10268413584220815,-0.004930241964508553,-0.0023253910688663115,0.07800861897151412,0.0,0.0,-0.007943022515354503,-0.013696517651795581,0.0,0.0,-0.05553284436317285,-0.16058687646160563,0.0,0.0,0.05843080596448069,0.2094809053042922,0.02272674341564751,0.08891188667820449,False,False,False
20,504,near_high_high_volume_high_rsi,-1,1,1,1,0.25,2,0.0005,0.20487878591546993,0.9526723371525901,-0.23166749721119217,-0.01067438119859232,-0.048366508378631434,0.005799005025242776,0.0211692169386255,2,1,-0.00493813362011597,-0.0212751991251377,-0.1063759956256885,-0.049520873859134056,-0.04256389924234005,-0.25771942475103893,0.0,0.0,0.011698349603324942,0.08092848687905874,0.0,0.0,-0.015612308692349863,-0.04890684473074591,0.0,0.0,0.005736041452117924,0.006356446480470512,0.02171834613472834,0.09166980022976079,False,False,False
20,504,near_high_high_volume_high_rsi,-1,1,1,1,0.25,3,0.0005,0.17760674368051,0.8449800334746549,-0.20648298532333742,-0.03794642343355226,-0.1560588120565667,0.005667746419134145,0.021113523917039356,0,1,-0.029723885812681372,-0.17650979486425933,-0.8825489743212966,-0.17604205932855768,-0.03313674124783672,-0.212518204275158,0.0,0.0,-0.08476635294797674,-0.29339677315435986,0.0,0.0,-0.010182190125108237,-0.03524779854702176,0.0,0.0,-0.026311030377526023,-0.14050138545336066,0.021105074960761527,0.09017499699441878,False,False,False
20,504,near_high_high_volume_high_rsi,-1,1,1,1,0.25,5,0.0005,0.22143184094117907,1.0223641358705524,-0.21988831808861653,0.00587867382711682,0.021325290339330838,0.00587867382711682,0.021325290339330838,1,1,0.0,0.0,0.0,0.021303159647130518,0.0,0.0,0.0,0.0,0.0,0.0,0.0,0.0,0.0,0.0,0.0,0.0,0.022030159741450284,0.09420327263348871,0.022030159741450284,0.09420327263348871,False,False,False
20,504,near_high_high_volume_high_rsi,-1,1,1,1,0.25,10,0.0005,0.2871049857182566,1.2253053018200033,-0.19672816700819518,0.07155181860419435,0.22426645628878172,0.006194754499328381,0.02046634556419291,3,1,0.07572797242008389,0.3213766047126066,1.5145594484016778,0.22403371986006215,-0.12567706470607365,-0.7469285454584156,0.0,0.0,0.03072262893029354,0.16841575767363892,0.0,0.0,0.2991649190740633,0.7370732795857279,0.0,0.0,0.12073331590987424,0.47433745175157427,0.023919000031740634,0.09005365389246078,True,False,False
20,504,near_high_high_volume_high_rsi,-1,1,1,1,0.5,1,0.0005,0.18227886019089246,0.874748890509883,-0.26077643000923145,-0.033274306923169794,-0.12628995502133855,-0.026373110703785674,-0.10001621006457906,1,1,-0.03603441643181371,-0.08874393618967952,-0.7206883286362742,-0.15436705184462607,-0.015635764242177164,-0.01357928549173848,-0.013310373173310852,-0.0915879044632526,-0.11497636289923618,-0.41565413700406384,-0.10703334038388168,-0.40195761935226826,-0.056433068621450255,-0.16390858688762056,-0.0009002242582774045,-0.0033217104260149233,0.04670426924827975,0.16342826036933755,0.011000206699446569,0.04285924174324984,False,False,False
20,504,near_high_high_volume_high_rsi,-1,1,1,1,0.5,2,0.0005,0.15957213190726272,0.7832367828791461,-0.2316674972111924,-0.055981035206799534,-0.21780206265207547,-0.03950764898296444,-0.14826633733481853,0,2,-0.04520488936270628,-0.25479116634923726,-1.2739558317461863,-0.2597087111096659,-0.08079606635064729,-0.4641711431585651,-0.038232167108307236,-0.20645171840752619,-0.13021445223799977,-0.46480560196063203,-0.1419128018413247,-0.5457340888396908,-0.00961371237476527,-0.028589076811359915,0.0059985963175845924,0.020317767919386,-0.0065809932883054145,-0.04541118953990941,0.009401311394305,0.039902164209380864,False,False,False
20,504,near_high_high_volume_high_rsi,-1,1,1,1,0.5,3,0.0005,0.1323082921138441,0.6723561381046264,-0.2064829853233371,-0.08324487500021815,-0.3286827074265952,-0.03963070514753175,-0.15151037145298918,0,0,-0.061005214293955,-0.2906621306471434,-1.453310653235717,-0.3861918435935958,-0.04561088551923498,-0.2871991529431853,-0.012474144271398258,-0.07468094866802732,-0.1698928228954677,-0.6394899128330375,-0.08512646994749096,-0.3460931396786776,-0.06025173520333249,-0.17244335395890875,-0.050069545078224253,-0.137195555411887,-0.06175869338457751,-0.2941251083511015,-0.014342588046289961,-0.06344872590332207,False,False,False
20,504,near_high_high_volume_high_rsi,-1,1,1,1,0.5,5,0.0005,0.1746926101199504,0.8467543879088445,-0.21988831808861675,-0.04086055699411184,-0.15428445762237708,-0.04086055699411184,-0.15428445762237708,1,1,-0.05136513252805841,-0.18995350018710505,-1.0273026505611682,-0.18956138543995524,-0.033599490548483324,-0.17807338403902917,-0.033599490548483324,-0.17807338403902917,-0.07708807460566902,-0.25571906247783605,-0.07708807460566902,-0.25571906247783605,-0.0691307745076335,-0.20183361633518093,-0.0691307745076335,-0.20183361633518093,0.011191819596645836,0.04453016182043523,0.011191819596645836,0.04453016182043523,False,False,False
20,504,near_high_high_volume_high_rsi,-1,1,1,1,0.5,10,0.0005,0.24962948768336357,1.1107588721110124,-0.1967281670081954,0.03407632056930132,0.10972002657979085,-0.03128074353556465,-0.09408008414479796,2,1,0.030222120214598358,0.16623419121431143,0.6044424042919672,0.10960616270746786,-0.15490389403204796,-0.8880190745950972,-0.029226829325974313,-0.14109052913668158,-0.053783785736445155,-0.12108956085898237,-0.0845064146667387,-0.2895053185326213,0.26855280558579575,0.7012374619207394,-0.030612113488267534,-0.035835817664988445,0.11422802616564187,0.45355794328760524,0.017413710287508266,0.06927414542849175,False,False,False
20,504,near_high_high_volume_high_rsi,-1,1,1,1,1.0,1,0.0005,0.14580413617294807,0.7414160035145282,-0.25428177040086897,-0.06974903094111418,-0.2596228420166934,-0.06284783472173006,-0.2333490970599339,1,0,-0.05622112283576264,-0.2012763935602131,-1.1244224567152528,-0.3235815640055325,-0.054541719502525066,-0.24698724310260178,-0.052216328433658754,-0.3249958620741159,-0.19017035057820353,-0.7293315245392078,-0.18222732806284903,-0.7156350068874122,-0.05790052616900021,-0.1555655440178244,-0.0023676818058273597,0.0050213324437812235,0.017062805606737452,0.05239225617352694,-0.01864125694209573,-0.06817676245256077,False,False,False
20,504,near_high_high_volume_high_rsi,-1,1,1,1,1.0,2,0.0005,0.1601109983313087,0.7978124833860986,-0.20502133152244573,-0.05544216878275354,-0.20322636214512302,-0.03896878255891845,-0.13369063682786608,1,2,-0.04113871388388701,-0.17911727491849355,-0.8955863745924677,-0.2572087876278604,-0.04159403692149444,-0.16416780475818848,0.0009698623208456159,0.09355161999285044,-0.1600024292804605,-0.5891863362568784,-0.17170077888378543,-0.6701148231359372,0.019418427657706294,0.057918926460254316,0.03503073635005616,0.10682577119100023,-0.04068339084627959,-0.19406674507879862,-0.024701086163669173,-0.10875339132950834,False,False,False
20,504,near_high_high_volume_high_rsi,-1,1,1,1,1.0,3,0.0005,0.1238973462064612,0.6494998540213376,-0.21906560567062194,-0.09165582090760105,-0.351538991509884,-0.04804165105491465,-0.17436665553627795,0,2,-0.051673066357562414,-0.19008618358038767,-1.0334613271512483,-0.4252121281015574,-0.00281240779312264,0.04760384718287547,0.03032433345471408,0.26012205145803347,-0.2618939866644272,-1.058874540986318,-0.17712763371645046,-0.7654777678319582,-0.059145737353125005,-0.16358751965562002,-0.04896354722801677,-0.12833972110859826,-0.04420039536199982,-0.21658484750515533,0.0032157099762877284,0.014091534942624107,False,False,False
20,504,near_high_high_volume_high_rsi,-1,1,1,1,1.0,5,0.0005,0.15280110120947654,0.7729553254458307,-0.1987297784802483,-0.06275206590458571,-0.2280835200853909,-0.06275206590458571,-0.2280835200853909,0,0,-0.0691289795974599,-0.294375464088356,-1.47187732044178,-0.29112105725349785,-0.061577737023315926,-0.29932742857713057,-0.061577737023315926,-0.29932742857713057,-0.08066540705168057,-0.28942349959958147,-0.08066540705168057,-0.28942349959958147,-0.030700383168077217,-0.07206092118382967,-0.030700383168077217,-0.07206092118382967,-0.07668022217160386,-0.3499132281164482,-0.07668022217160386,-0.3499132281164482,False,False,False
20,504,near_high_high_volume_high_rsi,-1,1,1,1,1.0,10,0.0005,0.14962513048869575,0.7551620938669525,-0.1795636395052198,-0.0659280366253665,-0.24587675166426903,-0.13128510073023247,-0.44967686238885785,1,1,-0.16045186694252955,-0.6670264079318435,-3.3351320396592175,-0.3058551052997518,-0.2601517779755993,-1.5317053098064846,-0.13447471326952565,-0.784776764348069,-0.20896343576588783,-0.8115970906247394,-0.23968606469618137,-0.9800128482983783,0.4361842571303942,1.1134906572854377,0.13701933805633093,0.37641737769970973,-0.11194029811917128,-0.5224557252389477,-0.20875461399730488,-0.9067395230980613,False,False,False
20,504,near_high_high_volume_low_rsi,-1,1,1,-1,0.25,1,0.0005,0.20865197089467813,0.9747651005744621,-0.26077643000923156,-0.00690119621938412,-0.026273744956759493,0.0,0.0,1,0,-0.005134206792110407,0.03215605065985927,-0.10268413584220815,-0.032016213502129985,-0.0023253910688663115,0.07800861897151412,0.0,0.0,-0.007943022515354503,-0.013696517651795581,0.0,0.0,-0.05553284436317285,-0.16058687646160563,0.0,0.0,0.03570406254883318,0.12056901862608771,0.0,0.0,False,False,False
20,504,near_high_high_volume_low_rsi,-1,1,1,-1,0.25,2,0.0005,0.19907978089022715,0.9315031202139646,-0.23166749721119217,-0.016473386223835096,-0.06953572531725694,0.0,0.0,1,0,-0.01579730668748014,-0.0671100992400181,-0.3355504962000905,-0.07642377258654719,-0.04256389924234005,-0.25771942475103893,0.0,0.0,0.011698349603324942,0.08092848687905874,0.0,0.0,-0.015612308692349863,-0.04890684473074591,0.0,0.0,-0.015982304682610415,-0.08531335374929028,0.0,0.0,False,False,False
20,504,near_high_high_volume_low_rsi,-1,1,1,-1,0.25,3,0.0005,0.17193899726137585,0.8238665095576155,-0.20648298532333742,-0.0436141698526864,-0.17717233597360604,0.0,0.0,0,0,-0.040276423293062136,-0.22159729336146872,-1.1079864668073436,-0.20233601963086675,-0.03313674124783672,-0.212518204275158,0.0,0.0,-0.08476635294797674,-0.29339677315435986,0.0,0.0,-0.010182190125108237,-0.03524779854702176,0.0,0.0,-0.04741610533828755,-0.23067638244777944,0.0,0.0,False,False,False
20,504,near_high_high_volume_low_rsi,-1,1,1,-1,0.25,5,0.0005,0.21555316711406225,1.0010388455312216,-0.21988831808861653,0.0,0.0,0.0,0.0,0,0,0.0,0.0,0.0,0.0,0.0,0.0,0.0,0.0,0.0,0.0,0.0,0.0,0.0,0.0,0.0,0.0,0.0,0.0,0.0,0.0,False,False,False
20,504,near_high_high_volume_low_rsi,-1,1,1,-1,0.25,10,0.0005,0.2809102312189282,1.2048389562558104,-0.19672816700819518,0.06535706410486597,0.2038001107245888,0.0,0.0,3,0,0.06376847240421357,0.2763497777663762,1.2753694480842714,0.2035886136031396,-0.12567706470607365,-0.7469285454584156,0.0,0.0,0.03072262893029354,0.16841575767363892,0.0,0.0,0.2991649190740633,0.7370732795857279,0.0,0.0,0.0968143158781336,0.3842837978591135,0.0,0.0,True,False,False
20,504,near_high_high_volume_low_rsi,-1,1,1,-1,0.5,1,0.0005,0.19401625360839958,0.9184867242006838,-0.26077643000923145,-0.02153691350566267,-0.0825521213305378,-0.014635717286278549,-0.056278376373778305,1,1,-0.044213420737610254,-0.13191559424845728,-0.8842684147522051,-0.09991462335724431,-0.030261321562768506,-0.09552654987047982,-0.027935930493902195,-0.17353516884199394,-0.061531054180038236,-0.2116406688175474,-0.05358803166468373,-0.1979441511657518,-0.058165519912452,-0.16830463862643474,-0.002632675549279151,-0.007717762164829112,0.05843080596448069,0.2094809053042922,0.02272674341564751,0.08891188667820449,False,False,False
20,504,near_high_high_volume_low_rsi,-1,1,1,-1,0.5,2,0.0005,0.16264689238194618,0.7899620290084286,-0.2316674972111924,-0.052906274732116065,-0.21107681652279298,-0.03643288850828097,-0.14154109120553604,1,1,-0.05959512307373982,-0.2316753222299225,-1.1919024614747964,-0.24544420033559586,-0.08780305848085157,-0.5015000818620465,-0.04523915923851152,-0.2437806571110076,-0.10158633454738886,-0.36984161485398803,-0.1132846841507138,-0.45077010173304677,-0.03138718766662807,-0.09350902960585694,-0.015774878974278206,-0.04460218487511103,0.005736041452117924,0.006356446480470512,0.02171834613472834,0.09166980022976079,False,False,False
20,504,near_high_high_volume_low_rsi,-1,1,1,-1,0.5,3,0.0005,0.14270082314334598,0.7108003689052037,-0.2064829853233372,-0.07285234397071627,-0.29023847662601787,-0.02923817411802987,-0.11306614065241183,0,1,-0.06378709770731461,-0.29397203912751796,-1.4698601956375896,-0.33797853655365534,-0.0729699954310401,-0.427960570684511,-0.03983325418320338,-0.215442366409353,-0.14280873555699491,-0.5264234951106337,-0.05804238260901817,-0.23302672195627383,-0.05460419998358912,-0.15998350757052493,-0.04442200985848088,-0.12473570902350317,-0.026311030377526023,-0.14050138545336066,0.021105074960761527,0.09017499699441878,False,False,False
20,504,near_high_high_volume_low_rsi,-1,1,1,-1,0.5,5,0.0005,0.20048216943587405,0.9428396986900311,-0.21988831808861675,-0.015070997678188203,-0.05819914684119043,-0.015070997678188203,-0.05819914684119043,2,2,-0.010295600455398901,-0.04176203880758411,-0.20881019403792056,-0.06991777425480009,-0.04033723355867247,-0.21676756962788368,-0.04033723355867247,-0.21676756962788368,0.019746032647874667,0.10818989213337837,0.019746032647874667,0.10818989213337837,-0.05990656590062993,-0.17772735024865693,-0.05990656590062993,-0.17772735024865693,0.022030159741450284,0.09420327263348871,0.022030159741450284,0.09420327263348871,False,False,False
20,504,near_high_high_volume_low_rsi,-1,1,1,-1,0.5,10,0.0005,0.2556820099272812,1.126590749217905,-0.19672816700819507,0.040128842813218935,0.12555190368668345,-0.025228221291647035,-0.07824820703790536,2,1,0.05221497389861629,0.23388091193098043,1.0442994779723258,0.12542161000760843,-0.1704807509870343,-0.9648093165004412,-0.04480368628096065,-0.21788077104202552,-0.01630336811264166,-0.006575627889613411,-0.0470259970429352,-0.17499138556325233,0.26855280558579575,0.7012374619207394,-0.030612113488267534,-0.035835817664988445,0.12073331590987424,0.47433745175157427,0.023919000031740634,0.09005365389246078,False,False,False
20,504,near_high_high_volume_low_rsi,-1,1,1,-1,1.0,1,0.0005,0.14417057185578108,0.7333400491861563,-0.25490076915497883,-0.07138259525828117,-0.2676987963450653,-0.06448139903889705,-0.24142505138830583,0,0,-0.056635278164505753,-0.20378091499802553,-1.132705563290115,-0.3311600391401733,-0.057258681326720406,-0.25451939722759376,-0.054933290257854095,-0.3325280161991079,-0.14838247007430527,-0.5465495455311494,-0.14043944755895077,-0.5328530278793538,-0.0560118750022911,-0.1530424327684573,-0.0004790306391182497,0.007544443693148328,-0.02951735394580468,-0.14848514188196094,-0.06522141649463786,-0.26905416050804865,False,False,False
20,504,near_high_high_volume_low_rsi,-1,1,1,-1,1.0,2,0.0005,0.15334357769343065,0.7694550719362898,-0.22673352422798143,-0.062209589420631595,-0.23158377359493176,-0.0457362031967965,-0.16204804827767483,0,2,-0.05162444100229158,-0.2171422517715659,-1.0857112588578295,-0.2886043858855144,-0.025527622464359245,-0.07120594574014105,0.017036276777980808,0.18651347901089788,-0.141453310586092,-0.5042872813365898,-0.15315166018941695,-0.5852157682156486,-0.003930507967315089,-0.009457087744071724,0.011681800725034774,0.03944975698667419,-0.07772125954022391,-0.36307855780299075,-0.06173895485761349,-0.2777652040537005,False,False,False
20,504,near_high_high_volume_low_rsi,-1,1,1,-1,1.0,3,0.0005,0.10597732492689826,0.5757691227319396,-0.2718367165909843,-0.10957584218716399,-0.425269722799282,-0.06596167233447758,-0.24809738682567595,1,1,-0.09422340344152114,-0.35534305095396235,-1.8844680688304227,-0.5083471686091291,0.0035051014645341994,0.08471336938151497,0.03664184271237092,0.29723157365667296,-0.25371718993326087,-1.0174970508251169,-0.16895083698528413,-0.724100277670757,-0.09368271076431389,-0.267868536915291,-0.08350052063920566,-0.23262073836826924,-0.09476409611872838,-0.44281756499263375,-0.04734799078044083,-0.2121411825448543,False,False,False
20,504,near_high_high_volume_low_rsi,-1,1,1,-1,1.0,5,0.0005,0.15531142449625768,0.7772885307818682,-0.23721515012417804,-0.06024174261780457,-0.22375031474935336,-0.06024174261780457,-0.22375031474935336,1,1,-0.08676164648978735,-0.36947164187179565,-1.8473582093589782,-0.2794750985306888,-0.08780703919285271,-0.44078099401361015,-0.08780703919285271,-0.44078099401361015,-0.08571625378672199,-0.29816228972998116,-0.08571625378672199,-0.29816228972998116,0.057018715916213436,0.15536874978374893,0.057018715916213436,0.15536874978374893,-0.11154807991487092,-0.5212196295503649,-0.11154807991487092,-0.5212196295503649,False,False,False
20,504,near_high_high_volume_low_rsi,-1,1,1,-1,1.0,10,0.0005,0.1962578840308864,0.9343064478234766,-0.17889571452759467,-0.01929528308317585,-0.06673239770774497,-0.08465234718804182,-0.2705325084323338,1,1,-0.09298790221610287,-0.37763299465005695,-1.8881649732502848,-0.0895151917344158,-0.16863431862343115,-0.9543933980426005,-0.042957253917357496,-0.2074648525841849,-0.09243907052567035,-0.32153244926447266,-0.12316169945596389,-0.4899482069381116,0.348875709479018,0.8953563009684596,0.04971079040495474,0.15828302138273176,-0.09353673390653539,-0.4337335400356413,-0.190351049784669,-0.8180173378947548,False,False,False
20,504,near_high_low_volume_high_rsi,-1,1,-1,1,0.25,1,0.0005,0.19539724829438088,0.9258473023418748,-0.2607764300092317,-0.020155918819681373,-0.07519154318934673,-0.013254722600297253,-0.04891779823258724,1,0,-0.027108044475936954,-0.04488487685113207,-0.5421608895187391,-0.09350787598966548,-0.0023253910688663115,0.07800861897151412,0.0,0.0,-0.0518906978830076,-0.16777837267377826,-0.043947675367653094,-0.15408185502198268,-0.06714258893263825,-0.1952095853997502,-0.011609744569465397,-0.034622708938144564,0.03570406254883318,0.12056901862608771,0.0,0.0,False,False,False
20,504,near_high_low_volume_high_rsi,-1,1,-1,1,0.25,2,0.0005,0.1826726977882578,0.8711621135395035,-0.2316674972111924,-0.03288046932580446,-0.12987673199171812,-0.016407083101969366,-0.060341006674461184,0,0,-0.03508894400483531,-0.10484291753690633,-0.7017788800967062,-0.15253994996234693,-0.04256389924234005,-0.25771942475103893,0.0,0.0,-0.046916378078137866,-0.12437248132452239,-0.05861472768146281,-0.20530096820358112,-0.027613988767330566,-0.08353874108810444,-0.012001680074980703,-0.03463189635735853,-0.015982304682610415,-0.08531335374929028,0.0,0.0,False,False,False
20,504,near_high_low_volume_high_rsi,-1,1,-1,1,0.25,3,0.0005,0.15221063512816446,0.7491777672067478,-0.2064829853233371,-0.06334253198589779,-0.2518610783244738,-0.019728362133211386,-0.07468874235086775,0,0,-0.040276423293062136,-0.22159729336146872,-1.1079864668073436,-0.29386036324105325,-0.03313674124783672,-0.212518204275158,0.0,0.0,-0.15404872802646108,-0.5697840805806836,-0.06928237507848434,-0.2763873074263238,-0.022237182517420573,-0.06980398275571997,-0.012054992392312336,-0.034556184208698215,-0.04741610533828755,-0.23067638244777944,0.0,0.0,False,False,False
20,504,near_high_low_volume_high_rsi,-1,1,-1,1,0.25,5,0.0005,0.18767009909033727,0.8977623664592923,-0.21988831808861675,-0.027883068023724977,-0.10327647907192927,-0.027883068023724977,-0.10327647907192927,0,0,-0.006077480017351311,-0.017535197486641063,-0.12154960034702622,-0.1293558725999621,0.0,0.0,0.0,0.0,-0.10454587982555497,-0.38165424784413693,-0.10454587982555497,-0.38165424784413693,-0.012154960034702622,-0.035070394973282126,-0.012154960034702622,-0.035070394973282126,0.0,0.0,0.0,0.0,False,False,False
20,504,near_high_low_volume_high_rsi,-1,1,-1,1,0.25,10,0.0005,0.26078260769852,1.1391599365539824,-0.19672816700819507,0.04522944058445777,0.13812109102276082,-0.0201276235204082,-0.06567901970182799,2,0,0.028769215680466198,0.1578472896727961,0.575384313609324,0.1379777534501811,-0.12567706470607365,-0.7469285454584156,0.0,0.0,-0.03927588451720121,-0.06858921851352129,-0.06999851344749475,-0.2370049761871602,0.28407279019078735,0.7010158252428172,-0.015092128883275935,-0.03605745434291063,0.0968143158781336,0.3842837978591135,0.0,0.0,False,False,False
20,504,near_high_low_volume_high_rsi,-1,1,-1,1,0.5,1,0.0005,0.18599208360590014,0.894200466657686,-0.25009916092866213,-0.02956108350816211,-0.10683837887353553,-0.02265988728877799,-0.08056463391677604,2,1,-0.0026662669747358203,0.01282184602644948,-0.053325339494716406,-0.13714056677496902,-0.016148507660338485,-0.002138857341142497,-0.013823116591472173,-0.08014747631265662,-0.14619352785509965,-0.5421960463900105,-0.13825050533974514,-0.5284995287382149,0.010815973710866844,0.027782549394041456,0.0663488180740397,0.1883694258556471,0.028128688909922817,0.09768505006515737,-0.007575373638910365,-0.022883968560930334,False,False,False
20,504,near_high_low_volume_high_rsi,-1,1,-1,1,0.5,2,0.0005,0.2060215775030798,0.9741797621937016,-0.21449920693996816,-0.009531589610982438,-0.026859083337519962,0.006941796612852658,0.04267664197973697,2,2,0.000918693643753743,0.05024250904044836,0.01837387287507486,-0.04421920465654163,0.03408987988316392,0.25743272935866446,0.07665377912550397,0.5151521541097034,-0.1353489808402284,-0.4828634400332199,-0.14704733044355334,-0.5637919269122786,0.10044020104378926,0.26797698614008125,0.11605250973613912,0.31688383087082717,-0.032252492595656435,-0.15694771127776774,-0.01627018791304602,-0.07163435752847747,False,False,False
20,504,near_high_low_volume_high_rsi,-1,1,-1,1,0.5,3,0.0005,0.19019122205657712,0.9088172692120853,-0.1941649011283324,-0.025361945057485125,-0.0922215763191363,0.018252224795201277,0.08495075965446974,2,2,-0.003052799912996673,-0.01507354629401153,-0.07536773147005765,-0.1176598117162648,0.053923878353856924,0.3576280644624861,0.08706061960169365,0.5701462687376441,-0.18078414487448136,-0.6902707383072528,-0.09601779192650461,-0.39687396515289297,0.09506647497607279,0.25325908406955333,0.10524866510118103,0.2885068826165751,-0.06002947817985027,-0.2834061766575764,-0.01261337284156272,-0.052729794209796954,False,False,False
20,504,near_high_low_volume_high_rsi,-1,1,-1,1,0.5,5,0.0005,0.1581596022295031,0.7824919624334671,-0.34335501710661864,-0.057393564884559156,-0.2185468830977545,-0.057393564884559156,-0.2185468830977545,2,2,0.023030472626681453,0.03120460477139536,0.1560230238569768,-0.2662617564518954,0.08429360043778922,0.5116846856128838,0.08429360043778922,0.5116846856128838,-0.3342361125791411,-1.405892932162852,-0.3342361125791411,-1.405892932162852,0.08288451085915627,0.2277916202084117,0.08288451085915627,0.2277916202084117,-0.03682356560579336,-0.16538241066562098,-0.03682356560579336,-0.16538241066562098,False,False,False
20,504,near_high_low_volume_high_rsi,-1,1,-1,1,0.5,10,0.0005,0.24934570543647605,1.1295908460318904,-0.21836732208694343,0.0337925383224138,0.12855200050066884,-0.03156452578245217,-0.07524811022391997,2,2,0.007301213423600239,0.07133189112903543,0.14602426847200478,0.12841859341877,-0.10861799289956853,-0.6127360509737753,0.01705907180650512,0.13419249448464038,-0.11308357082659981,-0.3608390691543162,-0.14380619975689335,-0.5292548268279551,0.2628875776374848,0.6529388784855353,-0.03627734143657846,-0.08413440110019255,0.123220419746769,0.503502851412387,0.0264061038686354,0.11921905355327356,False,False,False
20,504,near_high_low_volume_high_rsi,-1,1,-1,1,1.0,1,0.0005,0.12939659521949642,0.6706336919431296,-0.2671772200633662,-0.08615657189456583,-0.33040515358809197,-0.0792553756751817,-0.3041314086313325,2,2,-0.04556563367079558,-0.2655916323582667,-1.3279581617913334,-0.3996998654581362,-0.11249651494363277,-0.5950375987581195,-0.11017112387476646,-0.6730462177296336,-0.2865352897589737,-1.1810841464734239,-0.2785922672436192,-1.1673876288216283,0.021365247602041615,0.06385433404158602,0.07689809196521447,0.22444121050319166,0.03983378445764396,0.14524380564559558,0.0041297219088107795,0.02467478701950787,False,False,False
20,504,near_high_low_volume_high_rsi,-1,1,-1,1,1.0,2,0.0005,0.11645341217788618,0.6149720347985762,-0.3195831117893052,-0.09909975493617607,-0.38606681073264537,-0.08262636871234097,-0.31653108541538844,0,1,-0.04284744006488461,-0.1693234984998,-0.8569488012976922,-0.4597462253186768,-0.05225619164503237,-0.23984094277167567,-0.009692292402692315,0.01787848197936326,-0.2980385932656402,-1.2376432653696672,-0.30973694286896514,-1.318571752248726,-0.033438688484736856,-0.09880605422792432,-0.017826379792386993,-0.04989920949717841,-0.011645038889353865,-0.06543860155226178,0.004337265793256551,0.0198747521970285,False,False,False
20,504,near_high_low_volume_high_rsi,-1,1,-1,1,1.0,3,0.0005,0.09307100406108404,0.5179165800942717,-0.2898110681748637,-0.12248216305297821,-0.4831222654369499,-0.07886799320029181,-0.3059499294633439,0,0,-0.0875523073746739,-0.4284904558731362,-2.142452279365681,-0.5682225164808897,-0.07267154121920849,-0.37873130689021983,-0.03953479997137177,-0.16621310261506184,-0.28976514735763237,-1.1970126961160388,-0.20499879440965563,-0.9036159229616788,-0.021303942204789372,-0.049573388849071476,-0.011121752079681135,-0.014325590302049718,-0.10243307353013931,-0.4782496048560526,-0.055016968191851756,-0.24757322240827315,False,False,False
20,504,near_high_low_volume_high_rsi,-1,1,-1,1,1.0,5,0.0005,0.1330501074182049,0.6780163426385002,-0.31054124406254335,-0.08250305969585736,-0.3230225028927214,-0.08250305969585736,-0.3230225028927214,1,1,-0.04266500294936404,-0.230740913641376,-1.1537045682068798,-0.38275039425516766,-0.07237754709160638,-0.3916823572388992,-0.07237754709160638,-0.3916823572388992,-0.2777550595929843,-1.1431317530718963,-0.2777550595929843,-1.1431317530718963,0.038986347509134545,0.11976070398605299,0.038986347509134545,0.11976070398605299,-0.012952458807121703,-0.06979947004385278,-0.012952458807121703,-0.06979947004385278,False,False,False
20,504,near_high_low_volume_high_rsi,-1,1,-1,1,1.0,10,0.0005,0.18827729561765594,0.9010536193442019,-0.20856699659709377,-0.027275871496406312,-0.09998522618701966,-0.09263293560127228,-0.3037853369116085,2,0,-0.06143082747933082,-0.2337447094880089,-1.2286165495866164,-0.12653895028122225,-0.21772137758508803,-1.2404903961877347,-0.09204431287901438,-0.4935618507293191,-0.18397642950859994,-0.6976068467637867,-0.21469905843889348,-0.8660226044374256,0.2900907960808501,0.7796369656337977,-0.009074122993213196,0.042563686048069815,0.0611147745499383,0.2301174277877689,-0.035699541328195306,-0.1541663700713446,False,False,False
20,504,near_high_low_volume_low_rsi,-1,1,-1,-1,0.25,1,0.0005,0.2056780491147372,0.963003821379268,-0.26077643000923134,-0.009875117999325056,-0.03803502415195359,-0.0029739217799409357,-0.011761279195194096,1,0,-0.005134206792110407,0.03215605065985927,-0.10268413584220815,-0.04581291071496775,-0.0023253910688663115,0.07800861897151412,0.0,0.0,-0.007943022515354503,-0.013696517651795581,0.0,0.0,-0.06714258893263825,-0.1952095853997502,-0.011609744569465397,-0.034622708938144564,0.03570406254883318,0.12056901862608771,0.0,0.0,False,False,False
20,504,near_high_low_volume_low_rsi,-1,1,-1,-1,0.25,2,0.0005,0.19612941174993925,0.9198963462202915,-0.23166749721119229,-0.019423755364122997,-0.0811424993109301,-0.0029503691402879006,-0.011606773993673158,1,0,-0.02179814672497049,-0.08442604741869736,-0.4359629344994098,-0.0901112037655411,-0.04256389924234005,-0.25771942475103893,0.0,0.0,0.011698349603324942,0.08092848687905874,0.0,0.0,-0.027613988767330566,-0.08353874108810444,-0.012001680074980703,-0.03463189635735853,-0.015982304682610415,-0.08531335374929028,0.0,0.0,False,False,False
20,504,near_high_low_volume_low_rsi,-1,1,-1,-1,0.25,3,0.0005,0.16905540877383296,0.8124197833061,-0.20648298532333698,-0.04649775834022929,-0.1886190622251216,-0.0028835884875428874,-0.011446726251515549,0,0,-0.040276423293062136,-0.22159729336146872,-1.1079864668073436,-0.215713640225126,-0.03313674124783672,-0.212518204275158,0.0,0.0,-0.08476635294797674,-0.29339677315435986,0.0,0.0,-0.022237182517420573,-0.06980398275571997,-0.012054992392312336,-0.034556184208698215,-0.04741610533828755,-0.23067638244777944,0.0,0.0,False,False,False
20,504,near_high_low_volume_low_rsi,-1,1,-1,-1,0.25,5,0.0005,0.21256226474894158,0.9892534560108004,-0.2198883180886163,-0.0029909023651206734,-0.011785389520421186,-0.0029909023651206734,-0.011785389520421186,0,0,0.0,0.0,0.0,-0.013875473996343583,0.0,0.0,0.0,0.0,0.0,0.0,0.0,0.0,-0.012154960034702622,-0.035070394973282126,-0.012154960034702622,-0.035070394973282126,0.0,0.0,0.0,0.0,False,False,False
20,504,near_high_low_volume_low_rsi,-1,1,-1,-1,0.25,10,0.0005,0.27775851598037926,1.1933456344837006,-0.1967281670081953,0.06220534886631701,0.192306788952479,-0.0031517152385489577,-0.011493321772109821,3,0,0.06376847240421357,0.2763497777663762,1.2753694480842714,0.1921072192262704,-0.12567706470607365,-0.7469285454584156,0.0,0.0,0.03072262893029354,0.16841575767363892,0.0,0.0,0.28407279019078735,0.7010158252428172,-0.015092128883275935,-0.03605745434291063,0.0968143158781336,0.3842837978591135,0.0,0.0,True,False,False
20,504,near_high_low_volume_low_rsi,-1,1,-1,-1,0.5,1,0.0005,0.18632858947654252,0.8944699722512686,-0.24425857507160087,-0.029224577637519733,-0.10656887327995301,-0.022323381418135613,-0.08029512832319352,2,1,0.001279143722796583,0.026577305295110765,0.02558287445593166,-0.13557943976789372,-0.014156895175086337,0.009285297114421498,-0.011831504106220025,-0.06872332185709262,-0.15615240682729015,-0.5797996989544684,-0.14820938431193564,-0.5661031813026728,0.03340452168591934,0.08869666916656693,0.08893736604909219,0.24928354562817256,0.016715182620679503,0.04386931347580003,-0.01898887992815368,-0.07669970515028768,False,False,False
20,504,near_high_low_volume_low_rsi,-1,1,-1,-1,0.5,2,0.0005,0.1658467200555369,0.8102410970216094,-0.21449920693996805,-0.04970644705852534,-0.19079774850961218,-0.03323306083469024,-0.12126202319235524,1,1,-0.044944539140425066,-0.24709013031066707,-1.2354506515533352,-0.23059947447778692,-0.05520040235679913,-0.3233830383932228,-0.012636503114459074,-0.06566361364218387,-0.1671244084679957,-0.620563309055139,-0.17882275807132064,-0.7014917959341977,0.0608713180315279,0.17003523429576173,0.07648362672387776,0.21894207902650764,-0.034688675924051005,-0.17079722222811133,-0.01870637124144059,-0.08548386847882106,False,False,False
20,504,near_high_low_volume_low_rsi,-1,1,-1,-1,0.5,3,0.0005,0.14678349510242739,0.7290919532450173,-0.22567846880329723,-0.06876967201163486,-0.2719468922862043,-0.025155502158948462,-0.09477455631259823,1,1,-0.07374324827184275,-0.38529659332990446,-1.9264829666495222,-0.31903809594801574,-0.06666334527817264,-0.3911867874042487,-0.033526604030335916,-0.17866858312909073,-0.22582856762034242,-0.8909676566444155,-0.14106221467236568,-0.5975708834900556,0.11371793029494626,0.29856632665630556,0.1239001204200545,0.3338141252033273,-0.08082315126551287,-0.3794063992555602,-0.03340704592722532,-0.14873001680778075,False,False,False
20,504,near_high_low_volume_low_rsi,-1,1,-1,-1,0.5,5,0.0005,0.12302885889447457,0.6290278183518225,-0.30683145080086427,-0.09252430821958768,-0.37201102717939905,-0.09252430821958768,-0.37201102717939905,1,1,-0.08174848736372275,-0.44902478316035355,-2.2451239158017677,-0.42924123759511945,-0.09448471538625669,-0.580538884690461,-0.09448471538625669,-0.580538884690461,-0.3007381771842659,-1.248306971113381,-0.3007381771842659,-1.248306971113381,0.11590394592940023,0.3140260919440657,0.11590394592940023,0.3140260919440657,-0.06901225934118882,-0.31751068163024615,-0.06901225934118882,-0.31751068163024615,False,False,False
20,504,near_high_low_volume_low_rsi,-1,1,-1,-1,0.5,10,0.0005,0.2305886457637305,1.0526849411306063,-0.1967281670081955,0.015035478649668255,0.05164609559938471,-0.050321585455197715,-0.1521540151252041,2,1,0.005879561872259131,-0.03810553595680083,-0.19052767978400414,0.051592498962393075,-0.07455653960160413,-0.4234793543745712,0.051120525104469516,0.32344919108384446,-0.19856541563517172,-0.7642728282883604,-0.22928804456546525,-0.9326885859619993,0.28124871701927256,0.6918886091450255,-0.01791620205479072,-0.0451846704407024,0.0863156633461224,0.3472682824609695,-0.01049865253201121,-0.03701551539814396,False,False,False
20,504,near_high_low_volume_low_rsi,-1,1,-1,-1,1.0,1,0.0005,0.11016319839013322,0.5946114871202108,-0.31061974694189465,-0.10538996872392903,-0.40642735841101074,-0.09848877250454491,-0.38015361345425125,1,1,-0.05916750835003859,-0.2944449021088036,-1.472224510544018,-0.4889279528338399,-0.1116199713178121,-0.5872060577890623,-0.10929458024894578,-0.6652146767605764,-0.30678390463653704,-1.2812001393357562,-0.29884088212118254,-1.2675036216839606,-0.0067150453822650835,-0.0016837464285448522,0.04881779898090777,0.15890313003306078,0.008559120614591187,0.013210931370989387,-0.027144941934241995,-0.10735808725509832,False,False,False
20,504,near_high_low_volume_low_rsi,-1,1,-1,-1,1.0,2,0.0005,0.18524704529157154,0.9079529131308288,-0.24229669908601925,-0.030306121822490706,-0.09308593240039276,-0.01383273559865561,-0.02355020708313582,1,1,-0.046987750246169635,-0.23271798222359186,-1.1635899111179593,-0.14059696838717242,-0.07190857756067937,-0.3538501930883422,-0.029344678318339312,-0.09613076833730327,-0.14748235058201975,-0.5379340345692452,-0.1591807001853447,-0.6188625214483039,0.13090520493337054,0.3959209296758447,0.1465175136257204,0.4448277744065906,-0.022066922931659905,-0.11158577135884151,-0.006084618249049489,-0.026272417609551235,False,False,False
20,504,near_high_low_volume_low_rsi,-1,1,-1,-1,1.0,3,0.0005,0.13253192490026078,0.6947400341748255,-0.24334805039558072,-0.08302124221380147,-0.30629881135639603,-0.03940707236111507,-0.12912647538278998,1,1,-0.07266373134736248,-0.36044362821216147,-1.8022181410608074,-0.3851543604083066,-0.067053689960334,-0.3516310036330823,-0.033916948712497286,-0.1391127993579243,-0.23760715609987804,-0.9436948281990838,-0.1528408031519013,-0.6502980550447239,0.05908088844161985,0.23206336390228943,0.06926307856672809,0.2673111624493112,-0.07827377273439096,-0.3692562527912406,-0.030857667396103405,-0.13857987034346114,False,False,False
20,504,near_high_low_volume_low_rsi,-1,1,-1,-1,1.0,5,0.0005,0.21478969529386327,1.0392736867194172,-0.20876765094422556,-0.0007634718201989799,0.038234841188195645,-0.0007634718201989799,0.038234841188195645,2,2,-0.005112338214909307,-0.028965396872200344,-0.14482698436100172,-0.0035419188241153543,-0.08113313728458693,-0.42945576839292665,-0.08113313728458693,-0.42945576839292665,-0.051423497455854505,-0.22837312048339564,-0.051423497455854505,-0.22837312048339564,0.09319036618798315,0.39546589420302547,0.09319036618798315,0.39546589420302547,0.04119882102603589,0.17044232673899495,0.04119882102603589,0.17044232673899495,False,False,False
20,504,near_high_low_volume_low_rsi,-1,1,-1,-1,1.0,10,0.0005,0.19961480177088742,0.9660821424725127,-0.3050761542702418,-0.015938365343174832,-0.034956703058708904,-0.0812954294480408,-0.23875681378329772,1,1,-0.0907788554752118,-0.37137868661876283,-1.856893433093814,-0.07394168945214745,-0.19968859760237878,-1.1300665806598784,-0.07401153289630513,-0.3831380352014628,-0.1851884704984863,-0.7320536584578734,-0.21591109942877984,-0.9004694161315123,0.40066029225523625,1.2611423923594107,0.10149537318117297,0.5240691127736827,0.0036307595480626897,-0.010703714779652262,-0.09318355633007092,-0.39498751263876575,False,False,False
20,504,pullback_high_volume_high_rsi,1,-1,1,1,0.25,1,0.0005,0.20602457086972725,0.9648653691497066,-0.26077643000923156,-0.009528596244334997,-0.036173476381515024,-0.0026274000249508767,-0.009899731424755531,1,0,-0.005134206792110407,0.03215605065985927,-0.10268413584220815,-0.04420531775018104,-0.0023253910688663115,0.07800861897151412,0.0,0.0,-0.007943022515354503,-0.013696517651795581,0.0,0.0,-0.05553284436317285,-0.16058687646160563,0.0,0.0,0.025595634924859834,0.07936591638927226,-0.010108427623973348,-0.04120310223681545,False,False,False
20,504,pullback_high_volume_high_rsi,1,-1,1,1,0.25,2,0.0005,0.19907978089022715,0.9315031202139646,-0.23166749721119217,-0.016473386223835096,-0.06953572531725694,0.0,0.0,1,0,-0.01579730668748014,-0.0671100992400181,-0.3355504962000905,-0.07642377258654719,-0.04256389924234005,-0.25771942475103893,0.0,0.0,0.011698349603324942,0.08092848687905874,0.0,0.0,-0.015612308692349863,-0.04890684473074591,0.0,0.0,-0.015982304682610415,-0.08531335374929028,0.0,0.0,False,False,False
20,504,pullback_high_volume_high_rsi,1,-1,1,1,0.25,3,0.0005,0.17193899726137585,0.8238665095576155,-0.20648298532333742,-0.0436141698526864,-0.17717233597360604,0.0,0.0,0,0,-0.040276423293062136,-0.22159729336146872,-1.1079864668073436,-0.20233601963086675,-0.03313674124783672,-0.212518204275158,0.0,0.0,-0.08476635294797674,-0.29339677315435986,0.0,0.0,-0.010182190125108237,-0.03524779854702176,0.0,0.0,-0.04741610533828755,-0.23067638244777944,0.0,0.0,False,False,False
20,504,pullback_high_volume_high_rsi,1,-1,1,1,0.25,5,0.0005,0.21555316711406225,1.0010388455312216,-0.21988831808861653,0.0,0.0,0.0,0.0,0,0,0.0,0.0,0.0,0.0,0.0,0.0,0.0,0.0,0.0,0.0,0.0,0.0,0.0,0.0,0.0,0.0,0.0,0.0,0.0,0.0,False,False,False
20,504,pullback_high_volume_high_rsi,1,-1,1,1,0.25,10,0.0005,0.2809102312189282,1.2048389562558104,-0.19672816700819518,0.06535706410486597,0.2038001107245888,0.0,0.0,3,0,0.06376847240421357,0.2763497777663762,1.2753694480842714,0.2035886136031396,-0.12567706470607365,-0.7469285454584156,0.0,0.0,0.03072262893029354,0.16841575767363892,0.0,0.0,0.2991649190740633,0.7370732795857279,0.0,0.0,0.0968143158781336,0.3842837978591135,0.0,0.0,True,False,False
20,504,pullback_high_volume_high_rsi,1,-1,1,1,0.5,1,0.0005,0.17394795374460448,0.8326513020776742,-0.26077643000923145,-0.04160521336945777,-0.16838754345354734,-0.03470401715007365,-0.14211379849678785,1,1,-0.08041473523561682,-0.27864104713479815,-1.6082947047123364,-0.19301601515064695,-0.10306562335436364,-0.5401589706055544,-0.10074023228549733,-0.6181675895770685,-0.08135925906417274,-0.32220463291718304,-0.07341623654881824,-0.30850811526538746,-0.0794702114070609,-0.23507746135241325,-0.023937367043888047,-0.07449058489080762,0.09663371466703752,0.3628882760739748,0.060929652118204336,0.24231925744788707,False,False,False
20,504,pullback_high_volume_high_rsi,1,-1,1,1,0.5,2,0.0005,0.18513434615006474,0.8636908414100601,-0.23166749721119206,-0.030418820963997506,-0.13734800412116144,-0.01394543474016241,-0.0678122788039045,1,1,-0.05586580107868089,-0.1992541591240029,-1.1173160215736178,-0.1411198052492593,-0.12971562243083778,-0.7380290352777605,-0.08715172318849773,-0.4803096105267216,-0.04683417179428573,-0.20714079929754248,-0.05853252139761067,-0.2880692861766012,-0.06489743036307605,-0.19136751895046333,-0.049285121670726184,-0.14246067421971742,0.12491046354281266,0.4762618590911526,0.14089276822542307,0.5615752128404429,False,False,False
20,504,pullback_high_volume_high_rsi,1,-1,1,1,0.5,3,0.0005,0.16004224049881421,0.7764825906330597,-0.2064829853233371,-0.055510926615248035,-0.2245562548981619,-0.011896756762561633,-0.047383918924555846,0,2,-0.06619134692128503,-0.21256494099925527,-1.3238269384257007,-0.25752777079760486,-0.09408776690077625,-0.525844699722033,-0.06095102565293953,-0.31332649544687496,-0.05821937658311138,-0.20813115696163553,0.02654697636486536,0.08526561619272433,-0.07416331725945868,-0.216998725036875,-0.06398112713435045,-0.18175092648985325,0.002994969515188295,-0.020711992448522953,0.050411074853475846,0.20996438999925648,False,False,False
20,504,pullback_high_volume_high_rsi,1,-1,1,1,0.5,5,0.0005,0.1768615733243437,0.8339788240091743,-0.2198883180886163,-0.03869159378971854,-0.16706002152204724,-0.03869159378971854,-0.16706002152204724,1,1,-0.036026805881787305,-0.18299607434110599,-0.9149803717055299,-0.179499073512775,-0.06482566968571013,-0.3449798227863322,-0.06482566968571013,-0.3449798227863322,-0.15101536912903368,-0.6326539544326544,-0.15101536912903368,-0.6326539544326544,-0.00722794207786448,-0.021012325895879758,-0.00722794207786448,-0.021012325895879758,0.06379490537129384,0.2281866324540287,0.06379490537129384,0.2281866324540287,False,False,False
20,504,pullback_high_volume_high_rsi,1,-1,1,1,0.5,10,0.0005,0.21653361374266167,0.961544765009251,-0.23518714767783222,0.0009804466285994184,-0.039494080521970565,-0.06437661747626655,-0.24329419124655938,2,0,-0.03527356440407281,-0.17101524440939436,-0.8550762220469718,-0.03945309485069206,-0.1589142556334857,-0.9091581809283639,-0.033237190927412064,-0.16222963546994823,0.016489791199560067,0.06611220214889757,-0.014232837730733472,-0.10230355552474135,0.29567456517215773,0.7300634040860249,-0.003490353901905552,-0.007009875499703,-0.08703692000770569,-0.4081426909676863,-0.1838512358858393,-0.7924264888267998,False,False,False
20,504,pullback_high_volume_high_rsi,1,-1,1,1,1.0,1,0.0005,0.026814461636033737,0.23041051793736028,-0.3538651360048318,-0.1887387054780285,-0.7706283275938612,-0.1818375092586444,-0.7443545826371019,0,0,-0.19596259082434797,-0.7582601270492653,-3.9192518164869594,-0.8756016346452261,-0.23379671352395826,-1.3529337997522854,-0.23147132245509194,-1.4309424187237996,-0.22298811270139973,-0.9072228507936385,-0.21504509018604523,-0.8935263331418429,-0.1689370689472962,-0.5078297132374038,-0.11340422458412336,-0.34724283677579815,-0.13083414542006133,-0.609297403304892,-0.1665382079688945,-0.7298664219309797,False,False,False
20,504,pullback_high_volume_high_rsi,1,-1,1,1,1.0,2,0.0005,0.08178935637917983,0.4577519762632716,-0.3185887356596492,-0.13376381073488242,-0.54328686926795,-0.11729042451104732,-0.47375114395069307,0,1,-0.10111688166334898,-0.4301627677215416,-2.150813838607708,-0.6205606372004726,-0.3030561575817379,-1.7039266165732228,-0.2604922583393978,-1.446207191822184,-0.15360284271805913,-0.6111800444999128,-0.16530119232138407,-0.6921085313789715,-0.003764990053419126,-0.0008616429039929319,0.011847318638930737,0.04804520182675298,-0.04863092060863883,-0.2491454909431704,-0.03264861592602841,-0.16383213719388012,False,False,False
20,504,pullback_high_volume_high_rsi,1,-1,1,1,1.0,3,0.0005,0.026434364171170843,0.22909155286893632,-0.3230634880892772,-0.1891188029428914,-0.7719472926622852,-0.145504633090205,-0.5947749566886792,0,0,-0.18924763397109928,-0.8122802240676241,-4.06140112033812,-0.8773649929384576,-0.2587204198357047,-1.4479244746413646,-0.225583678587868,-1.2354062703662065,-0.22840871901925253,-0.9329734945743433,-0.14364236607127578,-0.6395767214199835,-0.11476999588349912,-0.3334795332053231,-0.10458780575839088,-0.29823173465830133,-0.15008654892294604,-0.691586953560905,-0.10267044358465849,-0.4609105711131256,False,False,False
20,504,pullback_high_volume_high_rsi,1,-1,1,1,1.0,5,0.0005,0.019977834638676528,0.20333355842595077,-0.3393606642780863,-0.19557533247538572,-0.7977052871052708,-0.19557533247538572,-0.7977052871052708,0,0,-0.18995404403850313,-0.8127103998332907,-4.063551999166453,-0.9073182968909705,-0.3167977026764952,-1.6512623813748994,-0.3167977026764952,-1.6512623813748994,-0.2965623342375949,-1.2287728340720143,-0.2965623342375949,-1.2287728340720143,-0.07031759141143978,-0.2060362720938116,-0.07031759141143978,-0.2060362720938116,-0.08334575383941134,-0.39664796559456716,-0.08334575383941134,-0.39664796559456716,False,False,False
20,504,pullback_high_volume_high_rsi,1,-1,1,1,1.0,10,0.0005,0.07132223811247473,0.4080888109241271,-0.306157522856483,-0.14423092900158752,-0.5929500346070945,-0.20958799310645349,-0.7967501453316833,1,0,-0.13275412528551855,-0.5684197287065513,-2.8420986435327564,-0.669119971339907,-0.3212155716124584,-1.672939061766613,-0.19553850690638475,-0.9260105163081973,-0.2424524132953234,-0.9907262189217495,-0.27317504222561695,-1.1591419765953885,0.04449699881566671,0.13084607290980543,-0.2546679202583966,-0.6062272066759224,-0.023055837275713698,-0.14611323849135316,-0.1198701531538473,-0.5303970363504666,False,False,False
20,504,pullback_high_volume_low_rsi,1,-1,1,-1,0.25,1,0.0005,0.22492612574645587,1.0287673873707037,-0.26077643000923156,0.009372958632393624,0.027728541839482146,0.016274154851777745,0.05400228679624164,1,2,-0.012704826382566203,-0.03737718512502819,-0.25409652765132407,0.02769976606129349,-0.01852050479894718,-0.03523047828556192,-0.016195113730080868,-0.11323909725707604,-0.006889147966185227,-0.03952389196449446,0.0010538745491692758,-0.02582737431269888,-0.03445725260341215,-0.10034891737127138,0.021075591759760703,0.06023795909033425,0.0940592043221502,0.3514500946725786,0.05835514177331702,0.23088107604649089,False,False,False
20,504,pullback_high_volume_low_rsi,1,-1,1,-1,0.25,2,0.0005,0.2015715199560686,0.9341581739422901,-0.23166749721119206,-0.01398164715799366,-0.06688067158893152,0.0024917390658414362,0.0026550537283254183,2,3,-0.012197441284129917,-0.0796973835590487,-0.39848691779524353,-0.06681126500484598,-0.030569660420165734,-0.20013325282421623,0.011994238822174319,0.057586171926822693,-0.044216297488964384,-0.1703122981080245,-0.05591464709228933,-0.25124078498708324,0.006174777851905899,0.010917530989927093,0.021787086544255763,0.059824375720673006,0.010353574485728156,0.026736396090644488,0.026335879168338572,0.11204974983993476,False,True,False
20,504,pullback_high_volume_low_rsi,1,-1,1,-1,0.25,3,0.0005,0.16801265709884783,0.8036023298865415,-0.2064829853233372,-0.04754051001521442,-0.19743651564468012,-0.003926340162528019,-0.02026417967107408,1,2,-0.030699835607165715,-0.189775029386895,-0.948875146934475,-0.22055120159778424,-0.04016141493921355,-0.26130601956013033,-0.007024673691376826,-0.048787815284972336,-0.14331769229338076,-0.5527883966857152,-0.05855133934540402,-0.25939162353135536,0.011701676208667466,0.02440120872293694,0.021883866333775703,0.0596490072699587,-0.021238256275117884,-0.11824403921365967,0.026177849063169667,0.11243234323411977,False,False,False
20,504,pullback_high_volume_low_rsi,1,-1,1,-1,0.25,5,0.0005,0.19469395568679726,0.9121905367287718,-0.21988831808861664,-0.02085921142726499,-0.08884830880244976,-0.02085921142726499,-0.08884830880244976,1,1,-0.009451412145081939,-0.06069322372047903,-0.30346611860239514,-0.09677060980610466,-0.018501975986438435,-0.10943607181462922,-0.018501975986438435,-0.10943607181462922,-0.0897584702874803,-0.3685050389321445,-0.0897584702874803,-0.3685050389321445,0.022065341232520463,0.06035154074225557,0.022065341232520463,0.06035154074225557,-0.0004008483037254429,-0.011950375626328835,-0.0004008483037254429,-0.011950375626328835,False,False,False
20,504,pullback_high_volume_low_rsi,1,-1,1,-1,0.25,10,0.0005,0.29353962289430346,1.2212685214516956,-0.19672816700819518,0.07798645578024122,0.22022967592047404,0.012629391675375246,0.016429565195885232,3,3,0.10794706294445322,0.38348738373867536,1.9174369186933766,0.22000112873102812,-0.17409366211917265,-0.981742177092669,-0.048416597413099005,-0.2348136316342533,0.06477073015045764,0.23012805177957785,0.034048101220164106,0.061712294105938925,0.32656220979191786,0.7962571871873177,0.027397290717854572,0.05918390760158987,0.1511233957384488,0.5368467156977729,0.05430907986031519,0.15256291783865938,True,True,False
20,504,pullback_high_volume_low_rsi,1,-1,1,-1,0.5,1,0.0005,0.12803818943813905,0.6500822379463115,-0.24334537404311274,-0.0875149776759232,-0.3509566075849101,-0.08061378145653908,-0.3246828626281506,1,0,-0.12049345476307494,-0.45471885488404173,-2.4098690952614987,-0.4060018177771135,-0.11822656097500084,-0.6494266100699764,-0.11590116990613453,-0.7274352290414905,-0.1336057683100229,-0.5471608894007663,-0.1256627457946684,-0.5334643717489708,-0.12276034855114903,-0.3622768203673171,-0.06722750418797618,-0.2016899439057115,0.020293928977174414,0.05857460497978506,-0.015410133571658768,-0.06199441364630265,False,False,False
20,504,pullback_high_volume_low_rsi,1,-1,1,-1,0.5,2,0.0005,0.11580096515524718,0.5976003726905679,-0.21355004614443662,-0.09975220195881507,-0.4034384728406537,-0.08327881573497997,-0.33390274752339677,0,1,-0.10284610728640198,-0.37959015097265003,-2.0569221457280396,-0.46277307494178516,-0.1924054400276659,-1.0892458649379506,-0.14984154078532586,-0.8315264401869118,-0.14462811488892746,-0.5806426420105132,-0.1563264644922524,-0.6615711288895719,-0.061064099683876494,-0.17853765993478687,-0.04545179099152663,-0.12963081520404096,0.0019368371689134634,-0.012766409141578672,0.01791914185152388,0.0725469446077116,False,False,False
20,504,pullback_high_volume_low_rsi,1,-1,1,-1,0.5,3,0.0005,0.13057194115460757,0.6589482666215718,-0.18963741663300082,-0.08498122595945468,-0.3420905789096498,-0.041367056106768274,-0.16491824293604374,1,1,-0.10032848571535724,-0.45687706910028514,-2.2843853455014256,-0.39424716925864495,-0.12122944562546034,-0.6953392754868875,-0.08809270437762362,-0.4828210712117295,-0.17388541534522983,-0.6875688063591011,-0.08911906239725309,-0.39417203320474126,-0.07942752580525414,-0.22618533184146916,-0.0692453356801459,-0.1909375332944474,0.030038993704897043,0.08884063141917875,0.0774550990431846,0.3195170138669582,False,False,False
20,504,pullback_high_volume_low_rsi,1,-1,1,-1,0.5,5,0.0005,0.1429355438922575,0.6962929186383986,-0.21988831808861653,-0.07261762322180476,-0.304745926892823,-0.07261762322180476,-0.304745926892823,0,0,-0.05529881149054838,-0.202439419870021,-1.1059762298109677,-0.3368896137971305,-0.1470327999356078,-0.8498572020269909,-0.1470327999356078,-0.8498572020269909,-0.03426061653136925,-0.1916880976684412,-0.03426061653136925,-0.1916880976684412,-0.07633700644972752,-0.21319074207160083,-0.07633700644972752,-0.21319074207160083,-0.027102841355030494,-0.13819546637768965,-0.027102841355030494,-0.13819546637768965,False,False,False
20,504,pullback_high_volume_low_rsi,1,-1,1,-1,0.5,10,0.0005,0.1590256405406456,0.7576380246334129,-0.2706675384156271,-0.05652752657341664,-0.24340082089780868,-0.12188459067828261,-0.4472009316223975,2,0,-0.027451495544486892,-0.10709134489704253,-0.5490299108897378,-0.2622440084283452,-0.2266790315383872,-1.2433772296792682,-0.10100196683231355,-0.4964486842208527,-0.09205473932255903,-0.32198465748610827,-0.12277736825285257,-0.4904004151597472,0.07919213362461663,0.22097254309057857,-0.21997278544944665,-0.5161007364951493,0.03715174823358525,0.10780196769202322,-0.05966256764454836,-0.27648183016709027,False,False,False
20,504,pullback_high_volume_low_rsi,1,-1,1,-1,1.0,1,0.0005,-0.04191275426563579,-0.07362922136847011,-0.422441585590697,-0.25746592137969804,-1.0746680668996917,-0.2505647251603139,-1.0483943219429321,0,0,-0.30145781622234286,-1.2269653418657618,-6.1348267093288085,-1.1944427670759168,-0.28692123666586555,-1.6059744230982311,-0.28459584559699924,-1.6839830420697453,-0.3355766872694351,-1.4168492549374454,-0.3276336647540806,-1.4031527372856498,-0.31599439577882016,-1.0370814287940782,-0.2604615514156473,-0.8764945523324725,-0.09256500403645118,-0.43640965407292437,-0.12826906658528436,-0.556978672699012,False,False,False
20,504,pullback_high_volume_low_rsi,1,-1,1,-1,1.0,2,0.0005,-0.07441282256742376,-0.20443637505098083,-0.38169806746619717,-0.289965989681486,-1.2054752205822024,-0.2734926034576509,-1.1359394952649455,0,0,-0.27913722184535583,-1.0023758138752494,-5.582744436907117,-1.3452179504653135,-0.39370499824025684,-2.0900659125690804,-0.3511410989979168,-1.8323464878180413,-0.2102641842176396,-0.8387227269196655,-0.22196253382096454,-0.9196512137987243,-0.34801025947307207,-1.1434268362768394,-0.3323979507807222,-1.0945199915460935,-0.18877413603237214,-0.8613247914736595,-0.17279183134976173,-0.7760114377243692,False,False,False
20,504,pullback_high_volume_low_rsi,1,-1,1,-1,1.0,3,0.0005,-0.03633917420283006,-0.04104272164546021,-0.31007562124246646,-0.2518923413168923,-1.0420815671766819,-0.2082781714642059,-0.8649092312030757,0,0,-0.2454441389551245,-1.0037956201306213,-5.018978100653106,-1.1685856658445701,-0.34789316551109084,-1.8309368027219541,-0.3147564242632541,-1.618418598446796,-0.30367439319757916,-1.2644535706065492,-0.21890804024960242,-0.9710567974521892,-0.18721388471266986,-0.5664382123090324,-0.17703169458756163,-0.5311904137620105,-0.1624253566764765,-0.7431376696546936,-0.11500925133818896,-0.5124612872069142,False,False,False
20,504,pullback_high_volume_low_rsi,1,-1,1,-1,1.0,5,0.0005,-0.014662630263044485,0.04935297670875794,-0.35398061199140496,-0.23021579737710673,-0.9516858688224636,-0.23021579737710673,-0.9516858688224636,0,0,-0.25732155767086323,-1.0021465390810176,-5.146431153417264,-1.0680232652544863,-0.36021192686791503,-1.8969223111076499,-0.36021192686791503,-1.8969223111076499,-0.36348035670477075,-1.5553187718999033,-0.36348035670477075,-1.5553187718999033,-0.15443118847381143,-0.4489743062621319,-0.15443118847381143,-0.4489743062621319,-0.02284004277701346,-0.12098976169941178,-0.02284004277701346,-0.12098976169941178,False,False,False
20,504,pullback_high_volume_low_rsi,1,-1,1,-1,1.0,10,0.0005,0.05874506823075332,0.36648741226303594,-0.32603358338841226,-0.15680809888330893,-0.6345514332681856,-0.2221651629881749,-0.8383515439927745,1,1,-0.17973365871383717,-0.6676802065241644,-3.5946731742767435,-0.7274683131903706,-0.29263799457112616,-1.7127220777295284,-0.1669609298650525,-0.9657935322711126,0.07931950348095906,0.2818182041144399,0.048596874550665525,0.113402446440801,-0.19537376892038427,-0.5947353136352569,-0.49453868799444756,-1.3318085932209849,-0.16409354850729008,-0.7406250994130719,-0.2609078643854237,-1.1249088972721855,False,False,False
20,504,pullback_low_volume_high_rsi,1,-1,-1,1,0.25,1,0.0005,0.20402693114495563,0.9563728976603683,-0.2607764300092317,-0.011526235969106624,-0.04466594787085332,-0.004625039749722504,-0.018392202914093825,1,0,-0.0106286840205706,-0.007693868970520157,-0.212573680411412,-0.05347282122283731,-0.013314345525786697,-0.0016912202892447326,-0.010988954456920386,-0.07969983926075885,-0.007943022515354503,-0.013696517651795581,0.0,0.0,-0.06045132105200568,-0.17499659656253375,-0.004918476688832829,-0.014409720100928114,0.03355011144361453,0.11366329777883333,-0.0021539511052186544,-0.006905720847254382,False,False,False
20,504,pullback_low_volume_high_rsi,1,-1,-1,1,0.25,2,0.0005,0.19669906309888274,0.9217318181886525,-0.2316674972111925,-0.018854104015179507,-0.07930702734256911,-0.002380717791344411,-0.009771302025312179,1,1,-0.02465240823955117,-0.09844218443975544,-0.4930481647910234,-0.08746846203935689,-0.03422588443395225,-0.22165530878174422,0.008338014808387806,0.03606411596929471,0.011698349603324942,0.08092848687905874,0.0,0.0,-0.024775161531399137,-0.07493428870334962,-0.009162852839049274,-0.026027443972603703,-0.024529654947703206,-0.12195008017616127,-0.00854735026509279,-0.03663672642687099,False,False,False
20,504,pullback_low_volume_high_rsi,1,-1,-1,1,0.25,3,0.0005,0.17098370596731005,0.8194263868064477,-0.2064829853233372,-0.0445694611467522,-0.18161245872477383,-0.0009552912940657965,-0.004440122751167785,0,1,-0.04146663329903799,-0.186960590528691,-0.9348029526434549,-0.2067678324724767,-0.011942335355144218,-0.11449405001224489,0.021194405892692503,0.09802415426291311,-0.08476635294797674,-0.29339677315435986,0.0,0.0,-0.028876107461935252,-0.08778088891263869,-0.018693917336827015,-0.05253309036561693,-0.05405715913614073,-0.2594271310451371,-0.00664105379785318,-0.028750748597357656,False,False,False
20,504,pullback_low_volume_high_rsi,1,-1,-1,1,0.25,5,0.0005,0.19683426076912824,0.9293775603745577,-0.21988831808861686,-0.018718906344934005,-0.07166128515666392,-0.018718906344934005,-0.07166128515666392,0,0,-0.0081848108859911,-0.043627433014347905,-0.21813716507173952,-0.08684124940288489,-0.00843088734041042,-0.053317303518245485,-0.00843088734041042,-0.053317303518245485,0.0,0.0,0.0,0.0,-0.0579723402406791,-0.16651225054877572,-0.0579723402406791,-0.16651225054877572,-0.007938734431571781,-0.033937562510450325,-0.007938734431571781,-0.033937562510450325,False,False,False
20,504,pullback_low_volume_high_rsi,1,-1,-1,1,0.25,10,0.0005,0.2535796943991835,1.109233697379098,-0.21076625922808934,0.03802652728512124,0.10819485184787636,-0.027330536819744733,-0.09560525887671245,2,0,0.013041843595942626,0.06588364569384741,0.2608368719188525,0.10808257075224745,-0.12567706470607365,-0.7469285454584156,0.0,0.0,0.03072262893029354,0.16841575767363892,0.0,0.0,0.2991649190740633,0.7370732795857279,0.0,0.0,-0.0046389417384082865,-0.03664846628594409,-0.10145325761654189,-0.4209322641450576,False,False,False
20,504,pullback_low_volume_high_rsi,1,-1,-1,1,0.5,1,0.0005,0.17661980186340331,0.8423128384612654,-0.2607764300092311,-0.038933365250658936,-0.1587260070699562,-0.032032169031274815,-0.13245226211319672,0,0,-0.04387776016695333,-0.1835425668840895,-0.9177128344204474,-0.18062070612053188,-0.031104100483899,-0.2112911553250043,-0.02877870941503269,-0.28929977429651843,-0.05908603791007594,-0.23753850790242126,-0.051143015394721436,-0.22384199025062568,-0.056651419850007656,-0.15579397844317466,-0.0011185754868348052,0.004792898018430969,-0.012167926210420177,-0.0755403497965268,-0.04787198875925336,-0.1961093684226145,False,False,False
20,504,pullback_low_volume_high_rsi,1,-1,-1,1,0.5,2,0.0005,0.18349796219478276,0.8693349773852599,-0.23166749721119217,-0.03205520491927949,-0.1317038681459617,-0.015581818695444394,-0.06216814282870475,1,1,-0.04717062240410408,-0.2099629028843694,-1.049814514421847,-0.14871136132422094,-0.08287193674222681,-0.5154743669460681,-0.04030803749988676,-0.25775494219502915,-0.023789152154873427,-0.08859067266316734,-0.03548750175819837,-0.16951915954222607,0.06125876346441905,0.19564055309577422,0.07687107215676892,0.24454739782652013,-0.07055209265333473,-0.33133513310557144,-0.054569787970724315,-0.24602177935628117,False,False,False
20,504,pullback_low_volume_high_rsi,1,-1,-1,1,0.5,3,0.0005,0.12494792858576753,0.631767828447633,-0.2560087256038538,-0.09060523852829472,-0.36927101708358856,-0.046991068675608316,-0.19209868110998252,0,1,-0.0733104839356985,-0.4092045705480036,-2.046022852740018,-0.42033823831662837,-0.04529165715346606,-0.34568715892564084,-0.012154915905629338,-0.13316895465048284,-0.02500248447577591,-0.10933219636020186,0.05976386847220083,0.184064576794158,-0.18092755199699728,-0.546503080337809,-0.17074536187188905,-0.5112552817907874,-0.10132931071793094,-0.4727219821703663,-0.05391320537964339,-0.24204559972258685,False,False,False
20,504,pullback_low_volume_high_rsi,1,-1,-1,1,0.5,5,0.0005,0.1576203944041037,0.7780938177956815,-0.21988831808861664,-0.05793277270995856,-0.22294502773554004,-0.05793277270995856,-0.22294502773554004,0,0,-0.04011662187754561,-0.14303714787156446,-0.8023324375509122,-0.2687632637719622,-0.14641340436793504,-0.8293101736880213,-0.14641340436793504,-0.8293101736880213,-0.06535661802972492,-0.26052691432051356,-0.06535661802972492,-0.26052691432051356,-0.0148766257253663,-0.025547381422615367,-0.0148766257253663,-0.025547381422615367,-0.0005512128633844426,-0.001205494932637441,-0.0005512128633844426,-0.001205494932637441,False,False,False
20,504,pullback_low_volume_high_rsi,1,-1,-1,1,0.5,10,0.0005,0.2309359291490869,1.0415820588333176,-0.1967281670081955,0.015382762035024644,0.04054321330209598,-0.049974302069841325,-0.16325689742249283,2,1,-0.024018340472675703,-0.08814406317125517,-0.48036680945351407,0.04050113887496634,-0.19995262209989828,-1.1201632194872684,-0.07427555739382463,-0.37323467402885263,-0.1193583403151719,-0.43368252691715026,-0.15008096924546543,-0.6020982845907892,0.38244636036123203,0.983527320672006,0.08328144128716874,0.2464540410862781,0.07132165936982049,0.2573944005746399,-0.025492656508313116,-0.12688939728447357,False,False,False
20,504,pullback_low_volume_high_rsi,1,-1,-1,1,1.0,1,0.0005,0.06831492945348794,0.42183335323079635,-0.24333385129816631,-0.1472382376605743,-0.5792054923004253,-0.1403370414411902,-0.5529317473436657,0,0,-0.147205764332063,-0.4802099578487774,-2.94411528664126,-0.6830715578521824,-0.27189047820853895,-1.5955543362527496,-0.26956508713967264,-1.6735629552242637,-0.14333652112519402,-0.5368969852266742,-0.1353934986098395,-0.5232004675748786,-0.151075007538932,-0.42352293047088063,-0.09554216317575914,-0.262936054009275,-0.011959508523062157,-0.07051101634942958,-0.04766357107189534,-0.1910800349755173,False,False,False
20,504,pullback_low_volume_high_rsi,1,-1,-1,1,1.0,2,0.0005,0.07081952856264451,0.4249834853413029,-0.21608791345320089,-0.14473363855141774,-0.5760553601899187,-0.12826025232758265,-0.5065196348726617,1,1,-0.12125753217044566,-0.4367350299203403,-2.425150643408913,-0.6714521548868284,-0.31885754706214575,-1.800967540327974,-0.2762936478198057,-1.5432481155769349,-0.22092371144465317,-0.8879810204142741,-0.2326220610479781,-0.9689095072933328,-0.021591352896238147,0.014510960573593468,-0.005979044203888284,0.06341780530433938,0.008856190159409971,0.02014696503541047,0.024838494842020387,0.10546031878470075,False,False,False
20,504,pullback_low_volume_high_rsi,1,-1,-1,1,1.0,3,0.0005,0.034520728435912806,0.2663799814298297,-0.21549963408636363,-0.18103243867814944,-0.7346588641013918,-0.13741826882546304,-0.5574865281277859,0,0,-0.16536769366492554,-0.6944841149678731,-3.4724205748393655,-0.8398505162411007,-0.280899872716325,-1.5524342024447013,-0.24776313146848827,-1.3399159981695434,-0.222040619078957,-0.8817229794604945,-0.13727426613098026,-0.5883262063061346,-0.10504991370973871,-0.25598628922002165,-0.09486772358463047,-0.2207384906729999,-0.10869476825089408,-0.5072452504752518,-0.06127866291260653,-0.2765688680274724,False,False,False
20,504,pullback_low_volume_high_rsi,1,-1,-1,1,1.0,5,0.0005,0.08792552925307096,0.5087162870655522,-0.23031933743046396,-0.1276276378609913,-0.4923225584656694,-0.1276276378609913,-0.4923225584656694,0,0,-0.125338730656131,-0.47990155710071697,-2.50677461312262,-0.5920935403999691,-0.16322630924830261,-0.9208611383837049,-0.16322630924830261,-0.9208611383837049,-0.12965930437928153,-0.5136038627887675,-0.12965930437928153,-0.5136038627887675,-0.12101815693298046,-0.31929848045060116,-0.12101815693298046,-0.31929848045060116,-0.09626170756787156,-0.4461992514126665,-0.09626170756787156,-0.4461992514126665,False,False,False
20,504,pullback_low_volume_high_rsi,1,-1,-1,1,1.0,10,0.0005,0.13690662024095124,0.7177046137018398,-0.28295903430928826,-0.07864654687311101,-0.2833342318293818,-0.14400361097797698,-0.4871343425539706,2,0,-0.09210732805813598,-0.5599227640963527,-2.7996138204817633,-0.3648591571447167,-0.2235209227105196,-1.2720078487898447,-0.09784385800444595,-0.5250793033314292,-0.3326768240816237,-1.3999502380346318,-0.36339945301191723,-1.5683659957082707,0.2731755199964976,0.9595881080104013,-0.0259893990775657,0.2225148284246734,0.03930626659424763,0.1521623205971394,-0.057508049283885976,-0.23212147726197407,False,False,False
20,504,pullback_low_volume_low_rsi,1,-1,-1,-1,0.25,1,0.0005,0.1838225722350315,0.8726982329321696,-0.26077643000923134,-0.03173059487903074,-0.12834061259905194,-0.024829398659646618,-0.10206686764229245,2,2,-0.03740673186205501,-0.06834469123703646,-0.7481346372411002,-0.14720542177067691,0.03078285763116906,0.17246215748234017,0.03310824870003537,0.09445353851082605,-0.10898077949293361,-0.4203143280483175,-0.10103775697757911,-0.4066178103965219,-0.10559632135527908,-0.3091515399564131,-0.050063476992106226,-0.14856466349480746,0.05117262450394988,0.1870593028312838,0.0154685619551167,0.06649028420519609,False,False,False
20,504,pullback_low_volume_low_rsi,1,-1,-1,-1,0.25,2,0.0005,0.18667770597486477,0.8810202267372259,-0.2316674972111924,-0.028875461139197478,-0.12001861879399567,-0.012402074915362382,-0.05048289347673873,0,2,-0.026754157152704905,-0.13284734044939672,-0.6642367022469836,-0.1339598092006587,-0.025443682237352494,-0.17734372903406315,0.01712021700498756,0.08037569571697578,-0.028064632068057316,-0.10127168263880137,-0.03976298167138226,-0.1822001695178601,-0.056543542791801515,-0.16442299825999207,-0.04093123409945165,-0.11551615352924616,-0.006977089348229271,-0.04461708739859371,0.009005215334381145,0.040696266350696564,False,False,False
20,504,pullback_low_volume_low_rsi,1,-1,-1,-1,0.25,3,0.0005,0.1543109644600129,0.7500426185853023,-0.20648298532333753,-0.06124220265404934,-0.2509962269459193,-0.017628032801362936,-0.07382389097231323,0,2,-0.037550864598527856,-0.14021028623904797,-0.7510172919705571,-0.28411645940531405,0.002957446570680311,-0.0842931526395061,0.03609418781851703,0.1282250516356519,-0.17785826694332751,-0.6966547937543469,-0.09309191399535077,-0.40325802059998705,-0.0484462622437285,-0.14098631388243554,-0.03826407211862026,-0.10573851533541379,-0.02665546695332721,-0.1394342585956604,0.02076063838496034,0.09124212385211905,False,False,False
20,504,pullback_low_volume_low_rsi,1,-1,-1,-1,0.25,5,0.0005,0.15328218673639493,0.7586889263815196,-0.21988831808861642,-0.06227098037766732,-0.24234991914970194,-0.06227098037766732,-0.24234991914970194,1,1,-0.07451673603027253,-0.31360875958140705,-1.5680437979070352,-0.2888891924502133,-0.07899802018973023,-0.4578357759180415,-0.07899802018973023,-0.4578357759180415,-0.07003545187081484,-0.2832710425829881,-0.07003545187081484,-0.2832710425829881,-0.11901307263024874,-0.343946476579826,-0.11901307263024874,-0.343946476579826,0.01630359436346196,0.06747622144252119,0.01630359436346196,0.06747622144252119,False,False,False
20,504,pullback_low_volume_low_rsi,1,-1,-1,-1,0.25,10,0.0005,0.23643527812260823,1.0393050235646357,-0.1967281670081955,0.020882111008545978,0.038266178033414144,-0.04447495309631999,-0.16553393269117467,2,0,0.012718387135188136,0.05494506400453408,0.2543677427037627,0.038226466639371445,-0.18873846629310653,-1.0576348076694961,-0.06306140158703288,-0.31070626221108044,-0.06700322381993251,-0.25891482277523825,-0.09772585275022605,-0.4273305804488772,0.2976379387947583,0.7184165144890694,-0.0015269802793049791,-0.01865676509665848,0.09243999809030878,0.3688049507843064,-0.004374317787824822,-0.015478847074807067,False,False,False
20,504,pullback_low_volume_low_rsi,1,-1,-1,-1,0.5,1,0.0005,0.1573834889714163,0.7762901728253352,-0.2951797466281908,-0.05816967814264595,-0.2247486727058864,-0.05126848192326183,-0.1984749277491269,1,1,-0.01988462834547544,-0.16117141729105183,-0.8058570864552591,-0.26986232177170866,-0.023322621614366046,-0.22872920006377717,-0.020997230545499734,-0.3067378190352913,0.03351809087229363,0.13679817100501146,0.04146111338764813,0.15049468865680704,-0.21123708369555683,-0.6504915108349786,-0.15570423933238398,-0.48990463437337295,-0.016446635076584837,-0.0936136345183265,-0.05215069762541802,-0.2141826531444142,False,False,False
20,504,pullback_low_volume_low_rsi,1,-1,-1,-1,0.5,2,0.0005,0.1490304720975717,0.7367576906848728,-0.24604252944958394,-0.06652269501649055,-0.26428115484634873,-0.050049308792655456,-0.1947454295290918,0,0,-0.05805552544643833,-0.22825749731681452,-1.1611105089287665,-0.3086138603627631,-0.13497561313862594,-0.7864159560134608,-0.09241171389628589,-0.5286965312624219,-0.0013816451542492114,0.006687725713306669,-0.013079994757574154,-0.07424076116575207,-0.033375081312760235,-0.07073728515959155,-0.017762772620410372,-0.021830440428845632,-0.08273596958011642,-0.3857777094740375,-0.066753664897506,-0.3004643557247472,False,False,False
20,504,pullback_low_volume_low_rsi,1,-1,-1,-1,0.5,3,0.0005,0.14564547936074423,0.7278691089793278,-0.2064829853233371,-0.06990768775331802,-0.2731697365518938,-0.026293517900631613,-0.09599740057828776,0,2,-0.06727138659296639,-0.19608916023117967,-1.3454277318593277,-0.32431760891885025,-0.11757079759813394,-0.6988210657472473,-0.08443405635029722,-0.48630286147208934,-0.03610223275551161,-0.12413368083436782,0.04866412019246513,0.16926309231999204,-0.09844054043042116,-0.26198581238242313,-0.08825835030531293,-0.22673801383540138,-0.024527846260249397,-0.1301925080799362,0.022888259078038153,0.10048387436784323,False,False,False
20,504,pullback_low_volume_low_rsi,1,-1,-1,-1,0.5,5,0.0005,0.15439818323766596,0.7619697173232821,-0.21988831808861642,-0.061154983876396285,-0.23906912820793946,-0.061154983876396285,-0.23906912820793946,2,2,-0.06068449241201346,-0.18702017674907587,-1.2136898482402692,-0.2837118317265804,-0.13136818659378946,-0.7505222296685847,-0.13136818659378946,-0.7505222296685847,0.030377618848326238,0.07042069873953882,0.030377618848326238,0.07042069873953882,-0.1410477949367599,-0.4114845835959013,-0.1410477949367599,-0.4114845835959013,0.009999201769762545,0.03744423009774955,0.009999201769762545,0.03744423009774955,False,False,False
20,504,pullback_low_volume_low_rsi,1,-1,-1,-1,0.5,10,0.0005,0.19243149174905283,0.9042864042457189,-0.1967281670081953,-0.02312167536500942,-0.09675244128550264,-0.08847873946987539,-0.30055255201009146,1,0,-0.07407090900373337,-0.28460206050937,-1.4814181800746673,-0.10726669282838391,-0.1741360278859616,-0.9797676717976237,-0.04845896317988796,-0.23283912633920809,-0.10445258825354786,-0.35833094422974066,-0.1351752171838414,-0.5267467019033796,0.28086962961297535,0.8494004213956455,-0.018295289461087938,0.11232714180991765,-0.04368922975391887,-0.21087317678899936,-0.14050354563205247,-0.5951569746481129,False,False,False
20,504,pullback_low_volume_low_rsi,1,-1,-1,-1,1.0,1,0.0005,0.10094805302555843,0.5727731056779775,-0.29003703927000923,-0.11460511408850382,-0.4282657398532441,-0.1077039178691197,-0.40199199489648463,2,2,-0.09657983689887795,-0.32467715738034303,-1.931596737977559,-0.5316791009053433,-0.30587297914677136,-1.744294103512212,-0.30354758807790505,-1.822302722483726,-0.2361140614612327,-0.9408281888281409,-0.2281710389458782,-0.9271316711763453,0.04295438766347681,0.29147387406745484,0.09848723202664966,0.4520607505290605,0.07760278618944993,0.34221517075141816,0.04189872364061675,0.22164615212533045,False,False,False
20,504,pullback_low_volume_low_rsi,1,-1,-1,-1,1.0,2,0.0005,0.14221578863616058,0.7442370120442657,-0.2515257687898007,-0.07333737847790167,-0.25680183348695584,-0.056863992254066575,-0.1872661081696989,1,2,-0.07179180654513895,-0.2848445832321168,-1.435836130902779,-0.3402287215714832,-0.32768472612767807,-1.838574616063654,-0.285120826885338,-1.5808551913126152,-0.14637482631528975,-0.5695623823986986,-0.1580731759186147,-0.6504908692777573,0.25934347483766396,1.0323021339190896,0.2749557835300138,1.0812089786498356,0.002791213225011857,-0.00012678406553501276,0.018773517907622272,0.08518656968375526,False,False,False
20,504,pullback_low_volume_low_rsi,1,-1,-1,-1,1.0,3,0.0005,0.04108210069773932,0.2983998911780029,-0.323682096049815,-0.17447106641632293,-0.7026389543532187,-0.13085689656363653,-0.5254666183796126,1,1,-0.14543759265692208,-0.6328420461595043,-3.1642102307975217,-0.8094108231033308,-0.3600084269267845,-2.0379419240965917,-0.32687168567894775,-1.8254237198214338,-0.12359678666955976,-0.4724086656711003,-0.03883043372158301,-0.17901189251674043,0.0004878894998667782,0.20311254355304065,0.010670079624975015,0.2383603421000624,-0.1672783986442844,-0.7932754266479083,-0.11986229330599685,-0.5625990442001289,False,False,False
20,504,pullback_low_volume_low_rsi,1,-1,-1,-1,1.0,5,0.0005,0.02063590141795446,0.20279456618535396,-0.3496623266808503,-0.1949172656961078,-0.7982442793458676,-0.1949172656961078,-0.7982442793458676,0,0,-0.1385372371234047,-0.5946280142783597,-2.973140071391798,-0.9042653759430278,-0.3649178799427617,-2.049302881148643,-0.3649178799427617,-2.049302881148643,-0.09979513720742283,-0.39339392014467167,-0.09979513720742283,-0.39339392014467167,-0.11110164285940516,-0.2616683569273953,-0.11110164285940516,-0.2616683569273953,-0.16597283138740426,-0.7958621084120476,-0.16597283138740426,-0.7958621084120476,False,False,False
20,504,pullback_low_volume_low_rsi,1,-1,-1,-1,1.0,10,0.0005,0.057870076702138507,0.3695494209431074,-0.22911869545223673,-0.15768309041192374,-0.6314894245881142,-0.2230401545167897,-0.835289535312703,1,0,-0.18534310830227707,-0.8638757054256605,-4.319378527128302,-0.7315275972191309,-0.25872569351047603,-1.398085901021264,-0.13304862880440238,-0.6511573555628485,-0.2911528655577349,-1.2043780135779012,-0.32187549448802844,-1.3727937712515401,0.057262369466307916,0.35280750776410363,-0.24190254960775537,-0.38426577182162425,-0.11196052309407811,-0.5233733972734198,-0.20877483897221172,-0.9076571951325332,False,False,False
40,126,near_high_high_volume_high_rsi,-1,1,1,1,0.25,1,0.0005,0.20865197089467813,0.9747651005744621,-0.26077643000923156,-0.00690119621938412,-0.026273744956759493,0.0,0.0,1,0,-0.005134206792110407,0.03215605065985927,-0.10268413584220815,-0.032016213502129985,-0.0023253910688663115,0.07800861897151412,0.0,0.0,-0.007943022515354503,-0.013696517651795581,0.0,0.0,-0.05553284436317285,-0.16058687646160563,0.0,0.0,0.03570406254883318,0.12056901862608771,0.0,0.0,False,False,False
40,126,near_high_high_volume_high_rsi,-1,1,1,1,0.25,2,0.0005,0.19907978089022715,0.9315031202139646,-0.23166749721119217,-0.016473386223835096,-0.06953572531725694,0.0,0.0,1,0,-0.01579730668748014,-0.0671100992400181,-0.3355504962000905,-0.07642377258654719,-0.04256389924234005,-0.25771942475103893,0.0,0.0,0.011698349603324942,0.08092848687905874,0.0,0.0,-0.015612308692349863,-0.04890684473074591,0.0,0.0,-0.015982304682610415,-0.08531335374929028,0.0,0.0,False,False,False
40,126,near_high_high_volume_high_rsi,-1,1,1,1,0.25,3,0.0005,0.17193899726137585,0.8238665095576155,-0.20648298532333742,-0.0436141698526864,-0.17717233597360604,0.0,0.0,0,0,-0.040276423293062136,-0.22159729336146872,-1.1079864668073436,-0.20233601963086675,-0.03313674124783672,-0.212518204275158,0.0,0.0,-0.08476635294797674,-0.29339677315435986,0.0,0.0,-0.010182190125108237,-0.03524779854702176,0.0,0.0,-0.04741610533828755,-0.23067638244777944,0.0,0.0,False,False,False
40,126,near_high_high_volume_high_rsi,-1,1,1,1,0.25,5,0.0005,0.21555316711406225,1.0010388455312216,-0.21988831808861653,0.0,0.0,0.0,0.0,0,0,0.0,0.0,0.0,0.0,0.0,0.0,0.0,0.0,0.0,0.0,0.0,0.0,0.0,0.0,0.0,0.0,0.0,0.0,0.0,0.0,False,False,False
40,126,near_high_high_volume_high_rsi,-1,1,1,1,0.25,10,0.0005,0.2809102312189282,1.2048389562558104,-0.19672816700819518,0.06535706410486597,0.2038001107245888,0.0,0.0,3,0,0.06376847240421357,0.2763497777663762,1.2753694480842714,0.2035886136031396,-0.12567706470607365,-0.7469285454584156,0.0,0.0,0.03072262893029354,0.16841575767363892,0.0,0.0,0.2991649190740633,0.7370732795857279,0.0,0.0,0.0968143158781336,0.3842837978591135,0.0,0.0,True,False,False
40,126,near_high_high_volume_high_rsi,-1,1,1,1,0.5,1,0.0005,0.20168462899190254,0.950772065691124,-0.2806902036682897,-0.013868538122159713,-0.05026677984009753,-0.006967341902775592,-0.023993034883338038,1,1,-0.022140272621709256,-0.050172283602989975,-0.4428054524341851,-0.06433929182223998,-0.020799430121507756,-0.03700993561174348,-0.018474039052641444,-0.1150185545832576,-0.023481115121910756,-0.06333463159423647,-0.015538092606556253,-0.04963811394244089,-0.06479936771379258,-0.18734046698906381,-0.009266523350619726,-0.026753590527458182,0.05029876470210248,0.18623191224381253,0.014594702153269301,0.06566289361772482,False,False,False
40,126,near_high_high_volume_high_rsi,-1,1,1,1,0.5,2,0.0005,0.18125186738410237,0.8669279639154727,-0.2523654297130271,-0.03430129972995988,-0.1341108816157489,-0.017827913506124782,-0.06457515629849198,1,2,-0.03517343710790666,-0.11102277985025827,-0.7034687421581332,-0.15913150425578754,-0.07704549289067031,-0.44219019954054706,-0.034481593648330255,-0.18447077478950813,-0.05998134055129056,-0.19344196980737616,-0.0716796901546155,-0.2743704566864349,-0.010365533664522752,-0.02860358989314038,0.005246775027827111,0.020303254837605533,0.008857173250737871,0.023595363795917534,0.024839477933348286,0.10890871754520781,False,False,False
40,126,near_high_high_volume_high_rsi,-1,1,1,1,0.5,3,0.0005,0.14637536498478654,0.7289784224861536,-0.22785935759604514,-0.06917780212927571,-0.27206042304506795,-0.02556363227658931,-0.0948880870714619,0,0,-0.05536814905545795,-0.2918326559021982,-1.459163279510991,-0.3209315040714273,-0.042417851401072015,-0.26289647374721536,-0.009281110153235295,-0.05037826947205737,-0.13163399398077735,-0.4815099249294411,-0.04686764103280061,-0.18811315177508126,-0.036630294555999754,-0.10488836501036414,-0.026448104430891517,-0.06964056646334238,-0.06831844670984388,-0.32076883805718104,-0.020902341371556332,-0.0900924556094016,False,False,False
40,126,near_high_high_volume_high_rsi,-1,1,1,1,0.5,5,0.0005,0.2056213100732338,0.9691012384724627,-0.24090356718648365,-0.00993185704082844,-0.03193760705875892,-0.00993185704082844,-0.03193760705875892,1,1,-0.023836285027558635,-0.08690601697522155,-0.4767257005511727,-0.046076135989098654,-0.01737080305044847,-0.09171365589832092,-0.01737080305044847,-0.09171365589832092,0.04530450433160582,0.19296110472989336,0.04530450433160582,0.19296110472989336,-0.03038878862851102,-0.08209837805212217,-0.03038878862851102,-0.08209837805212217,-0.0303017670046688,-0.13740821544166748,-0.0303017670046688,-0.13740821544166748,False,False,False
40,126,near_high_high_volume_high_rsi,-1,1,1,1,0.5,10,0.0005,0.24028281866943613,1.062467930049459,-0.21836732208694276,0.024729651555373877,0.061429084518237476,-0.04062741254949209,-0.14237102620635134,2,0,0.008435480274814,0.05896403170960862,0.16870960549628,0.06136533541377097,-0.15218131205769048,-0.8747123460697257,-0.026504247351616828,-0.12778380061131006,-0.049931025614138314,-0.1492764241758675,-0.08065365454443185,-0.3176921818495064,0.27326565307604866,0.6791910513433345,-0.02589926599801462,-0.05788222824239342,0.06680198616376631,0.26720448759508475,-0.030012329714367292,-0.11707931026402874,False,False,False
40,126,near_high_high_volume_high_rsi,-1,1,1,1,1.0,1,0.0005,0.16157658269916486,0.8035141921610506,-0.2443658344387345,-0.05397658441489739,-0.197524653370171,-0.04707538819551327,-0.1712509084134115,0,1,-0.044834553769131036,-0.17578186522210387,-0.8966910753826207,-0.25040960955277963,-0.09069180038673763,-0.4335889244497474,-0.08836640931787132,-0.5115975434212615,-0.054567304997240385,-0.18279223142322287,-0.04662428248188588,-0.1690957137714273,-0.03510180254102169,-0.09134582956055948,0.020431041822151164,0.06924104690104615,-0.03449555181608188,-0.16877149902098487,-0.07019961436491506,-0.2893405176470726,False,False,False
40,126,near_high_high_volume_high_rsi,-1,1,1,1,1.0,2,0.0005,0.18979153349271471,0.9138841179998815,-0.21461068993556354,-0.025761633621347535,-0.08715472753134013,-0.009288247397512439,-0.01761900221408319,1,1,-0.03403272665053636,-0.11649800024631812,-0.6806545330107272,-0.11951405755831689,-0.06028449309463868,-0.266909883540556,-0.017720593852298627,-0.009190458789517075,-0.0520190436435124,-0.16391886374377918,-0.06371739324683734,-0.2448473506228379,0.02654075960441471,0.0696819471535075,0.04215306829676457,0.11858879188425342,-0.016046409657560323,-0.06907713674885707,-6.410497494990786e-05,0.016236217000433206,False,False,False
40,126,near_high_high_volume_high_rsi,-1,1,1,1,1.0,3,0.0005,0.17047097773085862,0.8215394607923342,-0.253356451420902,-0.04508218938320363,-0.17949938473888738,-0.0014680195305172283,-0.0023270487652813365,1,1,-0.06569754068775091,-0.32689641724806606,-1.6344820862403302,-0.2091464949774916,-0.06357423049035504,-0.3326731044827135,-0.030437489242518323,-0.12015490020755548,-0.12343328215429805,-0.46311750885184944,-0.03866692920632131,-0.16972073569748958,0.08257610204044896,0.21571128436773102,0.0927582921655572,0.2509590829147528,-0.06782085088514678,-0.32111973001341865,-0.020404745546859226,-0.09044334756563921,False,False,False
40,126,near_high_high_volume_high_rsi,-1,1,1,1,1.0,5,0.0005,0.18326657370206734,0.8928910301297022,-0.2025700157084207,-0.03228659341199491,-0.10814781540151941,-0.03228659341199491,-0.10814781540151941,1,1,-0.03146902301768428,-0.12711107284353196,-0.6355553642176598,-0.1497848249889556,-0.0815636964885853,-0.4502309589408855,-0.0815636964885853,-0.4502309589408855,-0.031641010795085966,-0.12435884488208782,-0.031641010795085966,-0.12435884488208782,0.020008374186293976,0.08660442887691511,0.020008374186293976,0.08660442887691511,-0.0312970352402826,-0.1298633008049761,-0.0312970352402826,-0.1298633008049761,False,False,False
40,126,near_high_high_volume_high_rsi,-1,1,1,1,1.0,10,0.0005,0.2040493021325307,0.952897311594621,-0.2706675384156273,-0.011503864981531553,-0.04814153393660059,-0.07686092908639752,-0.2519416446611894,2,2,0.010367438386193695,0.029752370857818622,0.1487618542890931,-0.053369037140819,-0.11998834174687234,-0.6817094153522318,0.005688722959201309,0.0652191301061838,0.04875601179233824,0.19213660513204522,0.0180333828620447,0.023720847458406302,0.07242558293668133,0.20352009849676544,-0.22673933613738195,-0.5335531810889624,-0.02802113501995085,-0.13263186341640798,-0.12483545089808445,-0.5169156612755215,False,False,False
40,126,near_high_high_volume_low_rsi,-1,1,1,-1,0.25,1,0.0005,0.20865197089467813,0.9747651005744621,-0.26077643000923156,-0.00690119621938412,-0.026273744956759493,0.0,0.0,1,0,-0.005134206792110407,0.03215605065985927,-0.10268413584220815,-0.032016213502129985,-0.0023253910688663115,0.07800861897151412,0.0,0.0,-0.007943022515354503,-0.013696517651795581,0.0,0.0,-0.05553284436317285,-0.16058687646160563,0.0,0.0,0.03570406254883318,0.12056901862608771,0.0,0.0,False,False,False
40,126,near_high_high_volume_low_rsi,-1,1,1,-1,0.25,2,0.0005,0.19907978089022715,0.9315031202139646,-0.23166749721119217,-0.016473386223835096,-0.06953572531725694,0.0,0.0,1,0,-0.01579730668748014,-0.0671100992400181,-0.3355504962000905,-0.07642377258654719,-0.04256389924234005,-0.25771942475103893,0.0,0.0,0.011698349603324942,0.08092848687905874,0.0,0.0,-0.015612308692349863,-0.04890684473074591,0.0,0.0,-0.015982304682610415,-0.08531335374929028,0.0,0.0,False,False,False
40,126,near_high_high_volume_low_rsi,-1,1,1,-1,0.25,3,0.0005,0.17193899726137585,0.8238665095576155,-0.20648298532333742,-0.0436141698526864,-0.17717233597360604,0.0,0.0,0,0,-0.040276423293062136,-0.22159729336146872,-1.1079864668073436,-0.20233601963086675,-0.03313674124783672,-0.212518204275158,0.0,0.0,-0.08476635294797674,-0.29339677315435986,0.0,0.0,-0.010182190125108237,-0.03524779854702176,0.0,0.0,-0.04741610533828755,-0.23067638244777944,0.0,0.0,False,False,False
40,126,near_high_high_volume_low_rsi,-1,1,1,-1,0.25,5,0.0005,0.21555316711406225,1.0010388455312216,-0.21988831808861653,0.0,0.0,0.0,0.0,0,0,0.0,0.0,0.0,0.0,0.0,0.0,0.0,0.0,0.0,0.0,0.0,0.0,0.0,0.0,0.0,0.0,0.0,0.0,0.0,0.0,False,False,False
40,126,near_high_high_volume_low_rsi,-1,1,1,-1,0.25,10,0.0005,0.2809102312189282,1.2048389562558104,-0.19672816700819518,0.06535706410486597,0.2038001107245888,0.0,0.0,3,0,0.06376847240421357,0.2763497777663762,1.2753694480842714,0.2035886136031396,-0.12567706470607365,-0.7469285454584156,0.0,0.0,0.03072262893029354,0.16841575767363892,0.0,0.0,0.2991649190740633,0.7370732795857279,0.0,0.0,0.0968143158781336,0.3842837978591135,0.0,0.0,True,False,False
40,126,near_high_high_volume_low_rsi,-1,1,1,-1,0.5,1,0.0005,0.2132660576614931,0.994399377233924,-0.26077643000923145,-0.002287109452569158,-0.006639468297297557,0.004614086766814962,0.019634276659461936,2,3,-0.0033095271494348877,0.049631609652683206,-0.06619054298869775,-0.01061041915175809,0.005487216778597093,0.11966022572757562,0.007812607847463404,0.0416516067560615,-0.012106271077466868,-0.020397006422209207,-0.004163248562112365,-0.006700488770413626,-0.05379652742756291,-0.1562024967607213,0.0017363169356099384,0.004384379700884344,0.04789017115809591,0.17649169584891444,0.012186108609262725,0.05592267722282673,False,True,False
40,126,near_high_high_volume_low_rsi,-1,1,1,-1,0.5,2,0.0005,0.19811185815731247,0.9298516201832117,-0.23166749721119217,-0.01744130895674978,-0.07118722534800992,-0.0009679227329146833,-0.0016515000307529837,2,3,-0.01363974263092016,-0.07403753788793505,-0.3701876894396752,-0.08091418553604701,-0.03356899025627591,-0.21258601566305202,0.008994908986064143,0.04513340908798691,-0.051282329980393504,-0.15883530143071778,-0.06298067958371845,-0.23976378830977652,0.0064458163665965795,0.016318397428263354,0.022058125058946443,0.06522524215900927,0.006289504994435591,0.010760225654847688,0.022271809677046006,0.09607357940413797,False,False,False
40,126,near_high_high_volume_low_rsi,-1,1,1,-1,0.5,3,0.0005,0.1606037765294699,0.7843888033984054,-0.2064829853233372,-0.05494939058459236,-0.21665004213281613,-0.01133522073190596,-0.03947770615921009,0,1,-0.040895492855791526,-0.21933758225277625,-1.0966879112638812,-0.2549226778723938,-0.018967006809790465,-0.1421777140586853,0.014169734438046255,0.0703404902164727,-0.12343178925654597,-0.4468387578943487,-0.03866543630856922,-0.15344198473998882,-0.016041713604895813,-0.04653001942274115,-0.005859523479787576,-0.011282220875719395,-0.06282397890179259,-0.2964974504468672,-0.015407873563505037,-0.06582106799908777,False,False,False
40,126,near_high_high_volume_low_rsi,-1,1,1,-1,0.5,5,0.0005,0.22740236328304375,1.0519135084865303,-0.21988831808861664,0.011849196168981502,0.050874662955308736,0.011849196168981502,0.050874662955308736,3,3,0.0074952193473396544,0.03692236941714466,0.1499043869467931,0.05082186688600587,0.011488699676389658,0.057182944801686064,0.011488699676389658,0.057182944801686064,0.04530450433160582,0.19296110472989336,0.04530450433160582,0.19296110472989336,-0.009693247026736573,-0.023138066479693187,-0.009693247026736573,-0.023138066479693187,0.0035017390182896513,0.01666179403260326,0.0035017390182896513,0.01666179403260326,True,True,False
40,126,near_high_high_volume_low_rsi,-1,1,1,-1,0.5,10,0.0005,0.260703817284343,1.133538185218259,-0.19672816700819518,0.04515065017028075,0.13249933968703753,-0.02020641393458522,-0.07130077103755128,2,0,0.023441645131997646,0.11750368684162299,0.4688329026399529,0.13236183618501246,-0.12748314940759453,-0.755565950032421,-0.0018060847015208825,-0.008637404574005358,-0.049931025614138314,-0.1492764241758675,-0.08065365454443185,-0.3176921818495064,0.2991649190740633,0.7370732795857279,0.0,0.0,0.0968143158781336,0.3842837978591135,0.0,0.0,False,False,False
40,126,near_high_high_volume_low_rsi,-1,1,1,-1,1.0,1,0.0005,0.1557308882857873,0.7777827999229042,-0.2443658344387345,-0.059822278828274955,-0.22325604560831736,-0.052921082608890835,-0.19698230065155786,1,1,-0.07226878265329073,-0.28374547904936415,-1.4453756530658146,-0.2775291109344701,-0.06832405523245622,-0.2925887241053887,-0.0659986641635899,-0.37059734307690284,-0.07621351007412525,-0.2749022339933396,-0.06827048755877074,-0.261205716341544,0.009182182165223374,0.03255140606366125,0.06471502652839622,0.19313828252526688,-0.09743978937510023,-0.45435131528494227,-0.1331438519239334,-0.57492033391103,False,False,False
40,126,near_high_high_volume_low_rsi,-1,1,1,-1,1.0,2,0.0005,0.2058599823304943,0.9774717029319763,-0.21461068993556365,-0.009693184783567954,-0.023567142599245305,0.006780201440267142,0.04596858271801163,1,2,-0.029068295071558836,-0.09943360382028493,-0.5813659014311767,-0.04496888128968526,-0.03563068873410091,-0.0963030999300758,0.00693321050823914,0.16141632482096313,-0.04426785249336351,-0.1432807926633637,-0.055966202096688455,-0.22420927954242242,0.06730511580793053,0.18394822856148518,0.08291742450028039,0.2328550732922311,-0.02250590140901676,-0.10256410771049407,-0.006523596726406344,-0.01725075396120379,False,False,False
40,126,near_high_high_volume_low_rsi,-1,1,1,-1,1.0,3,0.0005,0.1472172160305527,0.732862186071053,-0.29464741660751426,-0.06833595108350954,-0.26817665946016855,-0.024721781230823137,-0.09100432348656251,1,1,-0.10201144457673783,-0.4537858622297642,-2.268929311148821,-0.31702596625429696,-0.09027701146860134,-0.4842571571711257,-0.05714027022076462,-0.2717389528959677,-0.11374587768487432,-0.42331456728840267,-0.028979524736897577,-0.1299177941340428,0.09263834693892492,0.24479723186647984,0.10282053706403316,0.2800450304135016,-0.14153171804843112,-0.6635892336975999,-0.09411561271014357,-0.4329128512498205,False,False,False
40,126,near_high_high_volume_low_rsi,-1,1,1,-1,1.0,5,0.0005,0.15911619744199523,0.7895384990378632,-0.2025700157084207,-0.05643696967206702,-0.21150034649335836,-0.05643696967206702,-0.21150034649335836,1,1,-0.07895897749791836,-0.3397897255197946,-1.698948627598973,-0.26182389443715665,-0.1203222229810108,-0.6675160166244143,-0.1203222229810108,-0.6675160166244143,-0.060678549572566354,-0.22844382311886835,-0.060678549572566354,-0.22844382311886835,0.06881180067315684,0.20826158054328625,0.06881180067315684,0.20826158054328625,-0.09723940542327036,-0.45113562792072076,-0.09723940542327036,-0.45113562792072076,False,False,False
40,126,near_high_high_volume_low_rsi,-1,1,1,-1,1.0,10,0.0005,0.1818424142709234,0.8755100541671774,-0.2706675384156272,-0.03371075284313885,-0.12552879136404416,-0.09906781694800482,-0.32932890208863297,1,1,-0.04051012007452415,-0.16658856101903236,-0.8329428050951617,-0.15639182339316055,-0.006017217546488096,0.007680827258573553,0.11965984715958555,0.7546093727169891,-0.09244665778620753,-0.37956889150773643,-0.12316928671650107,-0.5479846491813753,0.04245639561549064,0.12207433896373698,-0.25670852345857265,-0.6149989406219909,-0.0750030226025602,-0.34085794929663826,-0.1718173384806938,-0.7251417471557517,False,False,False
40,126,near_high_low_volume_high_rsi,-1,1,-1,1,0.25,1,0.0005,0.20602458574534932,0.9648277651932401,-0.26077643000923145,-0.00952858136871293,-0.03621108033798148,-0.002627385149328809,-0.00993733538122199,1,0,-0.010789672748896528,0.010915607007782935,-0.21579345497793057,-0.04420524873879853,-0.0023253910688663115,0.07800861897151412,0.0,0.0,-0.019253954428926745,-0.05617740495594825,-0.011310931913572242,-0.04248088730415267,-0.05553284436317285,-0.16058687646160563,0.0,0.0,0.03570406254883318,0.12056901862608771,0.0,0.0,False,False,False
40,126,near_high_low_volume_high_rsi,-1,1,-1,1,0.25,2,0.0005,0.19907978089022715,0.9315031202139646,-0.23166749721119217,-0.016473386223835096,-0.06953572531725694,0.0,0.0,1,0,-0.01579730668748014,-0.0671100992400181,-0.3355504962000905,-0.07642377258654719,-0.04256389924234005,-0.25771942475103893,0.0,0.0,0.011698349603324942,0.08092848687905874,0.0,0.0,-0.015612308692349863,-0.04890684473074591,0.0,0.0,-0.015982304682610415,-0.08531335374929028,0.0,0.0,False,False,False
40,126,near_high_low_volume_high_rsi,-1,1,-1,1,0.25,3,0.0005,0.17193899726137585,0.8238665095576155,-0.20648298532333742,-0.0436141698526864,-0.17717233597360604,0.0,0.0,0,0,-0.040276423293062136,-0.22159729336146872,-1.1079864668073436,-0.20233601963086675,-0.03313674124783672,-0.212518204275158,0.0,0.0,-0.08476635294797674,-0.29339677315435986,0.0,0.0,-0.010182190125108237,-0.03524779854702176,0.0,0.0,-0.04741610533828755,-0.23067638244777944,0.0,0.0,False,False,False
40,126,near_high_low_volume_high_rsi,-1,1,-1,1,0.25,5,0.0005,0.21555316711406225,1.0010388455312216,-0.21988831808861653,0.0,0.0,0.0,0.0,0,0,0.0,0.0,0.0,0.0,0.0,0.0,0.0,0.0,0.0,0.0,0.0,0.0,0.0,0.0,0.0,0.0,0.0,0.0,0.0,0.0,False,False,False
40,126,near_high_low_volume_high_rsi,-1,1,-1,1,0.25,10,0.0005,0.2809102312189282,1.2048389562558104,-0.19672816700819518,0.06535706410486597,0.2038001107245888,0.0,0.0,3,0,0.06376847240421357,0.2763497777663762,1.2753694480842714,0.2035886136031396,-0.12567706470607365,-0.7469285454584156,0.0,0.0,0.03072262893029354,0.16841575767363892,0.0,0.0,0.2991649190740633,0.7370732795857279,0.0,0.0,0.0968143158781336,0.3842837978591135,0.0,0.0,True,False,False
40,126,near_high_low_volume_high_rsi,-1,1,-1,1,0.5,1,0.0005,0.19718378358707866,0.9365076100577191,-0.24425857507160054,-0.018369383526983585,-0.06453123547350248,-0.011468187307599464,-0.03825749051674299,2,1,-0.003938433618887682,0.02426897406109102,-0.07876867237775365,-0.0852197338267975,-0.010914653069656222,0.040582946989607516,-0.00858926200078991,-0.037425671981906605,-0.10409052219501902,-0.3687703476408626,-0.09614749967966452,-0.355073829989067,0.003037785831880857,0.007955001132574524,0.05857063019505371,0.16854187759418016,0.032659908922902714,0.10836258935877174,-0.003044153625930468,-0.012206429267315966,False,False,False
40,126,near_high_low_volume_high_rsi,-1,1,-1,1,0.5,2,0.0005,0.17119707555452512,0.8285598021521976,-0.21449920693996827,-0.044356091559537125,-0.17247904337902398,-0.02788270533570203,-0.10294331806176704,1,2,-0.04707579425237873,-0.2603595959293431,-1.3017979796467154,-0.20577796259456316,-0.08659727606302403,-0.49498843220921696,-0.04403337682068398,-0.23726900745817803,-0.13204695182387272,-0.47355605963643155,-0.14374530142719766,-0.5544845465154903,0.05032144822825391,0.1342292458000517,0.06593375692060377,0.1831360905307976,-0.007554312441733435,-0.047163132222254656,0.00842799224087698,0.03815022152703562,False,False,False
40,126,near_high_low_volume_high_rsi,-1,1,-1,1,0.5,3,0.0005,0.11952168414813902,0.617681773236554,-0.25012491794576974,-0.09603148296592323,-0.38335707229466753,-0.05241731311323683,-0.2061847363210615,1,1,-0.0785924382967439,-0.4123851954308738,-2.061925977154369,-0.44551181618735924,-0.0740476012768978,-0.4341420007100186,-0.04091086002906108,-0.22162379643486063,-0.2636738366744582,-1.073279683956304,-0.17890748372648146,-0.7798829108019439,0.04514893850870849,0.11969131595424287,0.05533112863381673,0.15493911450126463,-0.08313727531658999,-0.39062839015172895,-0.035721169978302436,-0.15995200770394952,False,False,False
40,126,near_high_low_volume_high_rsi,-1,1,-1,1,0.5,5,0.0005,0.16106728386274094,0.7914348309388295,-0.20494036972677399,-0.05448588325132131,-0.20960401459239208,-0.05448588325132131,-0.20960401459239208,2,2,-0.01049764693281341,-0.051536371114830226,-0.25768185557415113,-0.25277236229375155,0.0010046856492966771,0.0002460864940863061,0.0010046856492966771,0.0002460864940863061,-0.23325719486466712,-0.9369029505612567,-0.23325719486466712,-0.9369029505612567,0.038945158623156395,0.10839382755473881,0.038945158623156395,0.10839382755473881,-0.021999979514923496,-0.10331882872374676,-0.021999979514923496,-0.10331882872374676,False,False,False
40,126,near_high_low_volume_high_rsi,-1,1,-1,1,0.5,10,0.0005,0.24098645541497365,1.086221089599658,-0.21836732208694298,0.025433288300911405,0.08518224406843644,-0.039923775803954564,-0.11861786665615237,2,2,0.023633090881278074,0.027892996283440996,0.13946498141720498,0.08509384470812693,-0.07073790658852408,-0.4053576152298114,0.05493915811754957,0.34157093022860424,-0.1764586262429706,-0.6739778113122827,-0.20718125517326413,-0.8423935689859217,0.25842780038774027,0.643230333177396,-0.040737118686323015,-0.0938429464083319,0.11800408835108023,0.4611436077966934,0.021189772472946622,0.0768598099375799,False,False,False
40,126,near_high_low_volume_high_rsi,-1,1,-1,1,1.0,1,0.0005,0.14033223111529236,0.7179816943465986,-0.23026953027247443,-0.07522093599876989,-0.28305715118462293,-0.06831973977938577,-0.25678340622786344,1,1,-0.0477550466345017,-0.23451308201392418,-1.1725654100696208,-0.34896697184210673,-0.08399076602078681,-0.40276201652504184,-0.0816653749519205,-0.48077063549655596,-0.23799592921403478,-0.9524746214716205,-0.23005290669868028,-0.938778103819825,0.03534490418093328,0.10683470214373603,0.09087774854410613,0.26742157860534166,-0.011519327248216582,-0.06626414750280651,-0.047223389797049764,-0.18683316612889422,False,False,False
40,126,near_high_low_volume_high_rsi,-1,1,-1,1,1.0,2,0.0005,0.11894004218793985,0.6273297600187676,-0.23765714815194205,-0.0966131249261224,-0.37370908551245396,-0.0801397387022873,-0.30417336019519703,1,1,-0.09030741881645665,-0.42586065184154537,-2.1293032592077266,-0.448210185076977,-0.07113015455654104,-0.340726708906676,-0.028566255314200983,-0.08300728415563707,-0.24533155343592528,-0.9865965105692046,-0.2570299030392502,-1.0675249974482632,0.04959798333519494,0.13669695410077953,0.0652102920275448,0.18560379883152545,-0.10948468307637227,-0.5109945947764147,-0.09350237839376185,-0.42568124102712446,False,False,False
40,126,near_high_low_volume_high_rsi,-1,1,-1,1,1.0,3,0.0005,0.13455954289731187,0.6911569717337543,-0.2559763158909737,-0.08099362421675038,-0.30988187379746723,-0.03737945436406398,-0.1327095378238612,1,1,-0.0738987944179641,-0.3340795565486175,-1.6703977827430874,-0.37574778093560435,-0.04337032515690198,-0.18108164605961197,-0.010233583909065258,0.03143655821554603,-0.24367127201122596,-0.9762668646751673,-0.15890491906324922,-0.6828700915208075,0.0814029204018738,0.22541043098569358,0.09158511052698204,0.26065822953271534,-0.10442726367902622,-0.487077467037623,-0.057011158340738666,-0.25640108458984356,False,False,False
40,126,near_high_low_volume_high_rsi,-1,1,-1,1,1.0,5,0.0005,0.09687606773647683,0.5428818362438795,-0.20331746019104568,-0.11867709937758542,-0.45815700928734204,-0.11867709937758542,-0.45815700928734204,0,0,-0.13122210590564642,-0.4934746167526961,-2.6244421181129285,-0.5505699636265895,-0.12638812656355447,-0.711860541179409,-0.12638812656355447,-0.711860541179409,-0.13605608524773838,-0.49422019884057666,-0.13605608524773838,-0.49422019884057666,-0.16716473931060305,-0.4927290346648156,-0.16716473931060305,-0.4927290346648156,-0.04869742319992065,-0.22822961700395333,-0.04869742319992065,-0.22822961700395333,False,False,False
40,126,near_high_low_volume_high_rsi,-1,1,-1,1,1.0,10,0.0005,0.12340488547016659,0.6358617749741042,-0.36973844201116346,-0.09214828164389566,-0.36517707055711734,-0.15750534574876163,-0.5689771812817062,2,1,-0.04985941437939201,-0.4202340372554452,-2.101170186277226,-0.4274967650794684,-0.21186966844985822,-1.2045262377214385,-0.08619260374378457,-0.4575976922630229,-0.35286880119996145,-1.5000199682385567,-0.383591430130255,-1.6684357259121956,0.13000316472056395,0.36405816321054807,-0.16916175435349934,-0.3730151163751798,0.1121508396910742,0.44480542218456376,0.015336523812940595,0.060521624325450274,False,False,False
40,126,near_high_low_volume_low_rsi,-1,1,-1,-1,0.25,1,0.0005,0.20865197089467813,0.9747651005744621,-0.26077643000923156,-0.00690119621938412,-0.026273744956759493,0.0,0.0,1,0,-0.005134206792110407,0.03215605065985927,-0.10268413584220815,-0.032016213502129985,-0.0023253910688663115,0.07800861897151412,0.0,0.0,-0.007943022515354503,-0.013696517651795581,0.0,0.0,-0.05553284436317285,-0.16058687646160563,0.0,0.0,0.03570406254883318,0.12056901862608771,0.0,0.0,False,False,False
40,126,near_high_low_volume_low_rsi,-1,1,-1,-1,0.25,2,0.0005,0.19907978089022715,0.9315031202139646,-0.23166749721119217,-0.016473386223835096,-0.06953572531725694,0.0,0.0,1,0,-0.01579730668748014,-0.0671100992400181,-0.3355504962000905,-0.07642377258654719,-0.04256389924234005,-0.25771942475103893,0.0,0.0,0.011698349603324942,0.08092848687905874,0.0,0.0,-0.015612308692349863,-0.04890684473074591,0.0,0.0,-0.015982304682610415,-0.08531335374929028,0.0,0.0,False,False,False
40,126,near_high_low_volume_low_rsi,-1,1,-1,-1,0.25,3,0.0005,0.17193899726137585,0.8238665095576155,-0.20648298532333742,-0.0436141698526864,-0.17717233597360604,0.0,0.0,0,0,-0.040276423293062136,-0.22159729336146872,-1.1079864668073436,-0.20233601963086675,-0.03313674124783672,-0.212518204275158,0.0,0.0,-0.08476635294797674,-0.29339677315435986,0.0,0.0,-0.010182190125108237,-0.03524779854702176,0.0,0.0,-0.04741610533828755,-0.23067638244777944,0.0,0.0,False,False,False
40,126,near_high_low_volume_low_rsi,-1,1,-1,-1,0.25,5,0.0005,0.21555316711406225,1.0010388455312216,-0.21988831808861653,0.0,0.0,0.0,0.0,0,0,0.0,0.0,0.0,0.0,0.0,0.0,0.0,0.0,0.0,0.0,0.0,0.0,0.0,0.0,0.0,0.0,0.0,0.0,0.0,0.0,False,False,False
40,126,near_high_low_volume_low_rsi,-1,1,-1,-1,0.25,10,0.0005,0.2809102312189282,1.2048389562558104,-0.19672816700819518,0.06535706410486597,0.2038001107245888,0.0,0.0,3,0,0.06376847240421357,0.2763497777663762,1.2753694480842714,0.2035886136031396,-0.12567706470607365,-0.7469285454584156,0.0,0.0,0.03072262893029354,0.16841575767363892,0.0,0.0,0.2991649190740633,0.7370732795857279,0.0,0.0,0.0968143158781336,0.3842837978591135,0.0,0.0,True,False,False
40,126,near_high_low_volume_low_rsi,-1,1,-1,-1,0.5,1,0.0005,0.2009165141335476,0.9457546886145254,-0.24425857507160076,-0.014636652980514642,-0.05528415691669619,-0.007735456761130521,-0.0290104119599367,1,1,-0.01580069191211375,-0.011735519888143808,-0.316013838242275,-0.06790275075276209,-0.007113592594234497,0.0492955532116619,-0.004788201525368185,-0.02871306575985222,-0.0562087076240132,-0.1894855397560833,-0.048265685108658696,-0.1757890221042877,-0.024487791229993006,-0.07276659298794952,0.031045053133179845,0.08782028347365611,0.024296184057581716,0.07416030203957047,-0.011407878491251466,-0.04640871658651724,False,False,False
40,126,near_high_low_volume_low_rsi,-1,1,-1,-1,0.5,2,0.0005,0.19060246075975673,0.9026316317134141,-0.21449920693996827,-0.02495070635430552,-0.09840721381780748,-0.008477320130470423,-0.028871488500550546,1,2,-0.02744422798239321,-0.11719396721937747,-0.5859698360968874,-0.11575198215994009,-0.051065281716216715,-0.3034215420543993,-0.008501382473876662,-0.04570211730336038,-0.06288256340084653,-0.204832876500034,-0.07458091300417147,-0.28576136337909275,0.01684949200780217,0.04576031678936421,0.03246180070015203,0.09466716152011012,-0.003823174248569705,-0.02955505793872093,0.01215913043404071,0.05575829581056935,False,False,False
40,126,near_high_low_volume_low_rsi,-1,1,-1,-1,0.5,3,0.0005,0.14587660910182665,0.7200168513020803,-0.22427197560990608,-0.0696765580122356,-0.2810219942291413,-0.0260623881595492,-0.10384965825553527,1,1,-0.06598960779048058,-0.3441504396676015,-1.7207521983380074,-0.32324534566159036,-0.045866898751057095,-0.2843210690195871,-0.012730157503220374,-0.0718028647444291,-0.1829062273231461,-0.716288108755253,-0.09813987437516936,-0.4228913356008931,0.0410001618825373,0.10661312142352486,0.05118235200764554,0.14186091997054662,-0.08611231682990406,-0.403979810315616,-0.038696211491616506,-0.17330342786783653,False,False,False
40,126,near_high_low_volume_low_rsi,-1,1,-1,-1,0.5,5,0.0005,0.18087408934738147,0.863999453364089,-0.20625104492088353,-0.03467907776668078,-0.13703939216713257,-0.03467907776668078,-0.13703939216713257,1,1,-0.00015883300381369647,-0.008589170350792097,-0.042945851753960484,-0.16088410219614158,0.0006436788299819529,-0.011428268011946185,0.0006436788299819529,-0.011428268011946185,-0.18995669281257865,-0.7630576704962438,-0.18995669281257865,-0.7630576704962438,0.05160678853117906,0.14383684793031548,0.05160678853117906,0.14383684793031548,-0.0009613448376093459,-0.005750072689638008,-0.0009613448376093459,-0.005750072689638008,False,False,False
40,126,near_high_low_volume_low_rsi,-1,1,-1,-1,0.5,10,0.0005,0.23663277776178449,1.0445758086425678,-0.19672816700819518,0.021079610647722236,0.04353696311134625,-0.044277453457143734,-0.16026314761324256,2,0,-0.0247293710071973,-0.08713819955339774,-0.49458742014394597,0.043491781868107704,-0.12567706470607365,-0.7469285454584156,0.0,0.0,-0.10274202655531717,-0.38070931753863846,-0.1334646554856107,-0.5491250752122774,0.2991649190740633,0.7370732795857279,0.0,0.0,0.05328328454092257,0.20643291843184297,-0.043531031337211035,-0.17785087942727051,False,False,False
40,126,near_high_low_volume_low_rsi,-1,1,-1,-1,1.0,1,0.0005,0.10676166577033497,0.5827406114349722,-0.26965540659014253,-0.10879150134372728,-0.41829823409624933,-0.10189030512434316,-0.39202448913948984,0,1,-0.07403424674101444,-0.3384918077553876,-1.692459038776938,-0.5047084336559949,-0.11505783383360724,-0.6040038958268054,-0.11273244276474093,-0.6820125147983195,-0.2743230724851431,-1.123269805634177,-0.2663800499697886,-1.1095732879823814,-0.03301065964842165,-0.07297971968396988,0.022522184714751203,0.08760715677763575,-0.013160477222649902,-0.072082271551826,-0.048864539771483084,-0.19265129017791371,False,False,False
40,126,near_high_low_volume_low_rsi,-1,1,-1,-1,1.0,2,0.0005,0.10747821499467003,0.5879005379324762,-0.23765714815194217,-0.10807495211939222,-0.41313830759874537,-0.09160156589555712,-0.34360258228148843,0,0,-0.0768356750369964,-0.37644186362058024,-1.8822093181029012,-0.5013841993896717,-0.0877351442426404,-0.4478820543585502,-0.04517124500030034,-0.1901626296075113,-0.23763386213352322,-0.9515964399001288,-0.24933221173684816,-1.0325249267791876,-0.0437156272714192,-0.09839248770613573,-0.028103318579069336,-0.04948564297538982,-0.0659362058313524,-0.30500167288261026,-0.049953901148741986,-0.21968831913332,False,False,False
40,126,near_high_low_volume_low_rsi,-1,1,-1,-1,1.0,3,0.0005,0.09018970040376906,0.5109771662245954,-0.2837523591112775,-0.1253634667102932,-0.49006167930662614,-0.08174929685760679,-0.3128893433330201,1,1,-0.10049711916909632,-0.4876509252975671,-2.4382546264878355,-0.5815895372298371,-0.08607827857232775,-0.4390943251081988,-0.05294153732449103,-0.2265761208330408,-0.30093535117375314,-1.2520215948014353,-0.2161689982257764,-0.9586248216470754,0.009214834142971862,0.053869558245781324,0.0193970242680801,0.08911735679280308,-0.11491595976586488,-0.5362075254869354,-0.06749985442757733,-0.305531143039156,False,False,False
40,126,near_high_low_volume_low_rsi,-1,1,-1,-1,1.0,5,0.0005,0.06915497402207826,0.4229259884972416,-0.2568133163675782,-0.14639819309198399,-0.57811285703398,-0.14639819309198399,-0.57811285703398,0,0,-0.14214152442237848,-0.5562418868621086,-2.8428304884475697,-0.679174400692131,-0.16231609419920345,-0.9182277380087814,-0.16231609419920345,-0.9182277380087814,-0.11690007826371573,-0.40365352982598846,-0.11690007826371573,-0.40365352982598846,-0.18198757147354017,-0.5434061654909579,-0.18198757147354017,-0.5434061654909579,-0.12196695464555352,-0.5690776082332594,-0.12196695464555352,-0.5690776082332594,False,False,False
40,126,near_high_low_volume_low_rsi,-1,1,-1,-1,1.0,10,0.0005,0.12466181669849608,0.6548841459213357,-0.3342586019404358,-0.09089135041556617,-0.3461546996098859,-0.15624841452043214,-0.5499548103344747,2,0,-0.06422580722483162,-0.4276053359392796,-2.138026679696398,-0.42166557621243417,-0.19468073102546213,-1.1048520837727174,-0.06900366631938848,-0.35792353831430174,-0.34217779925229275,-1.4475300705899747,-0.3729004281825863,-1.6159458282636137,0.1487206120284712,0.5106192638546773,-0.15044430704559209,-0.22645401573105062,0.06622911657579889,0.24964141189415823,-0.03058519930233472,-0.13464238596495526,False,False,False
40,126,pullback_high_volume_high_rsi,1,-1,1,1,0.25,1,0.0005,0.20778626243329312,0.9714212247415457,-0.26077643000923123,-0.007766904680769127,-0.02961762078967589,-0.0008657084613850063,-0.0033438758329163987,1,0,-0.0054851432057611005,0.02994852122624614,-0.10970286411522201,-0.03603243127789065,-0.003027263896167698,0.07359356010428786,-0.0007018728273013863,-0.0044150588672262625,-0.007943022515354503,-0.013696517651795581,0.0,0.0,-0.05553284436317285,-0.16058687646160563,0.0,0.0,0.03305592096686527,0.10963083542078111,-0.002648141581967911,-0.010938183205306595,False,False,False
40,126,pullback_high_volume_high_rsi,1,-1,1,1,0.25,2,0.0005,0.19575675507034784,0.9185088442742994,-0.23166749721119206,-0.019796412043714406,-0.08253000125692223,-0.0033230258198793106,-0.01299427593966529,1,1,-0.02430685043797276,-0.10505831376879388,-0.5252915688439693,-0.09184004256935331,-0.03764988159335192,-0.23168533390400048,0.004914017648988134,0.02603409084703845,0.011698349603324942,0.08092848687905874,0.0,0.0,-0.015612308692349863,-0.04890684473074591,0.0,0.0,-0.03300139218359566,-0.16120978280684184,-0.01701908750098524,-0.07589642905755156,False,False,False
40,126,pullback_high_volume_high_rsi,1,-1,1,1,0.25,3,0.0005,0.17142481010358157,0.8213376962284444,-0.21592743407478787,-0.04412835701048068,-0.17970114930277714,-0.0005141871577942769,-0.002528813329171098,0,1,-0.0446635536177602,-0.17060792134154024,-0.893271072355204,-0.20472145040267345,-0.0004171648405935091,-0.047819069528720615,0.03271957640724321,0.16469913474643738,-0.08476635294797674,-0.29339677315435986,0.0,0.0,-0.010182190125108237,-0.03524779854702176,0.0,0.0,-0.07914491711041216,-0.37217597441092193,-0.03172881177212461,-0.1414995919631425,False,False,False
40,126,pullback_high_volume_high_rsi,1,-1,1,1,0.25,5,0.0005,0.20404063865174682,0.9558825360410779,-0.21988831808861653,-0.01151252846231543,-0.04515630949014371,-0.01151252846231543,-0.04515630949014371,1,1,0.0,0.0,0.0,-0.05340922899185913,0.011788443351109068,0.06239986797174457,0.011788443351109068,0.06239986797174457,0.0,0.0,0.0,0.0,0.0,0.0,0.0,0.0,-0.05293284094279094,-0.2435828608543536,-0.05293284094279094,-0.2435828608543536,False,False,False
40,126,pullback_high_volume_high_rsi,1,-1,1,1,0.25,10,0.0005,0.26781731061158043,1.155129778768967,-0.19672816700819518,0.05226414349751818,0.15409093323774536,-0.013092920607347791,-0.04970917748684345,3,0,0.03905716534562542,0.16868796172508443,0.7811433069125084,0.15393102268271505,-0.12567706470607365,-0.7469285454584156,0.0,0.0,0.03072262893029354,0.16841575767363892,0.0,0.0,0.2991649190740633,0.7370732795857279,0.0,0.0,0.047391701760957305,0.16896016577652995,-0.0494226141171763,-0.21532363208258354,True,False,False
40,126,pullback_high_volume_high_rsi,1,-1,1,1,0.5,1,0.0005,0.16954060589320896,0.812485306912372,-0.26077643000923145,-0.04601256122085329,-0.1885535386188496,-0.03911136500146917,-0.1622797936620901,0,0,-0.049857578170781514,-0.17310346058206955,-0.9971515634156303,-0.21346270081248794,-0.037218799380909884,-0.15708800420273772,-0.03489340831204357,-0.23509662317425184,-0.07477319136111427,-0.2975868140503548,-0.06683016884575976,-0.2838902963985592,-0.06249635696065314,-0.18911891696140137,-0.0069635125974802925,-0.02853204049979574,-0.013870809174996168,-0.08697743973380478,-0.04957487172382935,-0.2075464583598925,False,False,False
40,126,pullback_high_volume_high_rsi,1,-1,1,1,0.5,2,0.0005,0.18022336238757464,0.8456471176605336,-0.23166749721119229,-0.03532980472648761,-0.155391727870688,-0.018856418502652517,-0.08585600255343107,0,1,-0.033935902482423286,-0.13059592402429354,-0.6787180496484657,-0.16390297205789822,-0.005979556687126131,-0.09059423214448792,0.03658434255521392,0.167125192606551,-0.023539532129207785,-0.12539928204178774,-0.03523788173253273,-0.20632776892084648,-0.044332272835638786,-0.13579256600679934,-0.028719964143288923,-0.08688572127605343,-0.06469421253520924,-0.30268546553660314,-0.048711907852598824,-0.21737211178731286,False,False,False
40,126,pullback_high_volume_high_rsi,1,-1,1,1,0.5,3,0.0005,0.16252508909406216,0.7772481013380608,-0.2174849509700314,-0.05302807802000009,-0.2237907441931608,-0.00941390816731369,-0.04661840821955476,0,1,-0.053239696840670536,-0.26054351165798373,-1.3027175582899186,-0.2460092733962926,-0.03022084674012282,-0.23787775792003463,0.002915894507713901,-0.02535955364487663,-0.07625854694121825,-0.28320926539593283,0.00850780600675849,0.010187507758427028,-0.013181757585328135,-0.05007476740148997,-0.0029995674602198985,-0.014826968854468214,-0.08938509264928962,-0.4184483324165103,-0.04196898731100207,-0.18777194996873087,False,False,False
40,126,pullback_high_volume_high_rsi,1,-1,1,1,0.5,5,0.0005,0.14767964280996804,0.7239782069943523,-0.23867937196375577,-0.06787352430409421,-0.27706063853686924,-0.06787352430409421,-0.27706063853686924,1,1,-0.0670418310847456,-0.3066185288769492,-1.533092644384746,-0.3148806636099121,-0.011796446046133724,-0.09841632641872078,-0.011796446046133724,-0.09841632641872078,-0.12228721612335747,-0.5148207313351776,-0.12228721612335747,-0.5148207313351776,0.004747328537620721,0.007384344912859886,0.004747328537620721,0.007384344912859886,-0.13443607180052952,-0.6323893769170262,-0.13443607180052952,-0.6323893769170262,False,False,False
40,126,pullback_high_volume_high_rsi,1,-1,1,1,0.5,10,0.0005,0.20412011948369635,0.9311517943589368,-0.27066753841562696,-0.0114330476303659,-0.06988705117228478,-0.07679011173523187,-0.2736871618968736,2,1,-0.02998268442495411,-0.10736744986352575,-0.5996536884990822,-0.06981452466532184,-0.10437034210763496,-0.6566404350029413,0.021306722598438688,0.09028811045547436,0.00842778897216312,0.10977635031460808,-0.02229483995813042,-0.05863940735903084,0.14368103247574826,0.3896151366760011,-0.15548388659831502,-0.34745814290972676,-0.06839315782207134,-0.3245112500416596,-0.16520747370020494,-0.7087950479007731,False,False,False
40,126,pullback_high_volume_high_rsi,1,-1,1,1,1.0,1,0.0005,-0.04424979839700249,-0.08477036039330473,-0.4015214821745108,-0.25980296551106474,-1.0858092059245263,-0.2529017692916806,-1.0595354609677667,0,0,-0.24374746915814044,-1.037673922727181,-5.1883696136359045,-1.2052848445209217,-0.2193370956052081,-1.2323961843378017,-0.21701170453634178,-1.3104048033093159,-0.18977134040241617,-0.7569264840255959,-0.18182831788706166,-0.7432299663738003,-0.2681578427110728,-0.8429516611165601,-0.21262499834789994,-0.6823647846549544,-0.34052605450532714,-1.7457010088943377,-0.3762301170541603,-1.8662700275204256,False,False,False
40,126,pullback_high_volume_high_rsi,1,-1,1,1,1.0,2,0.0005,0.002723670796868971,0.12982218778191373,-0.5319299147162609,-0.21282949631719328,-0.8712166577493079,-0.19635611009335818,-0.8016809324320509,0,0,-0.15831774871186932,-0.7536664434925414,-3.768332217462707,-0.9873642738200747,-0.22578432623699962,-1.2394818776468328,-0.18322042699465957,-0.981762452895794,-0.017589926046718718,-0.0788728798859506,-0.02928827565004366,-0.15980136676500933,-0.09085117118673902,-0.26785100933825,-0.07523886249438916,-0.2189441646075041,-0.42452642797170625,-2.1724676685229554,-0.40854412328909584,-2.0871543147736653,False,False,False
40,126,pullback_high_volume_high_rsi,1,-1,1,1,1.0,3,0.0005,-0.06613921252166555,-0.18000600801665606,-0.46999538348857395,-0.2816923796357278,-1.1810448535478777,-0.2380782097830414,-1.0038725175742715,0,0,-0.2591995368266976,-1.2326235645062842,-6.1631178225314205,-1.306834798148279,-0.23523286578650437,-1.2981448985545914,-0.20209612453866765,-1.0856266942794335,-0.28316620786689084,-1.1671022304579768,-0.1983998549189141,-0.8737054573036169,-0.18127548482318478,-0.5482830021241862,-0.17109329469807655,-0.5130352035771644,-0.39777228314931634,-2.042548110270505,-0.3503561778110288,-1.8118717278227257,False,False,False
40,126,pullback_high_volume_high_rsi,1,-1,1,1,1.0,5,0.0005,0.04270416486131268,0.2976283300971772,-0.3736242962523346,-0.17284900225274957,-0.7034105154340444,-0.17284900225274957,-0.7034105154340444,1,1,-0.20758495030045465,-0.926240269007975,-4.631201345039875,-0.8018856997878611,-0.24647232274211672,-1.3235603610309854,-0.24647232274211672,-1.3235603610309854,-0.17257003178781183,-0.6644679803539502,-0.17257003178781183,-0.6644679803539502,0.001243410632115305,0.009639397290745588,0.001243410632115305,0.009639397290745588,-0.24259986881309747,-1.1880125576619998,-0.24259986881309747,-1.1880125576619998,False,False,False
40,126,pullback_high_volume_high_rsi,1,-1,1,1,1.0,10,0.0005,0.034569283643772986,0.26255973272468747,-0.3229559385017896,-0.18098388347028926,-0.7384791128065341,-0.24634094757515523,-0.9422792235311229,0,0,-0.17219836838617575,-0.7273235833127387,-3.6366179165636936,-0.8396252576262065,-0.3214481112153672,-1.6723385509187705,-0.19577104650929356,-0.9254100054603547,-0.16003519493868312,-0.6063812842826118,-0.19075782386897666,-0.7747970419562508,-0.026176670387351608,-0.08869625690790273,-0.3253415894614149,-0.8257695364936306,-0.18436154183366837,-0.8482658823428655,-0.281175857711802,-1.232549680201979,False,False,False
40,126,pullback_high_volume_low_rsi,1,-1,1,-1,0.25,1,0.0005,0.23150690541224295,1.0563024315045229,-0.26077643000923145,0.015953738298180697,0.05526358597330128,0.022854934517564818,0.08153733093006077,3,3,0.0359531442208616,0.20732325187048795,0.719062884417232,0.05520623522254477,0.03260444599559231,0.2797296911440632,0.034929837064458624,0.2017210721725491,0.039301842446130886,0.13491681259691268,0.04724486496148539,0.14861333024870826,-0.08470984648588353,-0.24724958167371747,-0.029177002122710682,-0.08666270521211183,0.07754706311388149,0.2868511836219413,0.041843000565048305,0.16628216499585358,True,True,False
40,126,pullback_high_volume_low_rsi,1,-1,1,-1,0.25,2,0.0005,0.21973692490806118,1.0036399051504614,-0.2316674972111924,0.004183757793998932,0.0026010596192398427,0.020657144017834028,0.07213678493649678,1,4,-0.012643325747939138,-0.062395153920777935,-0.3119757696038897,0.0025983603242285143,-0.012349538554968564,-0.10677781040856948,0.03021436068737149,0.15094161434246944,0.06436918687842241,0.25031052137304477,0.05267083727509747,0.16938203449398603,-0.012937112940909712,-0.04359171847259613,0.0026751957514401514,0.005315126258149783,-0.014783610028047844,-0.08119858936895974,0.001198694654562571,0.004114764380330538,False,True,False
40,126,pullback_high_volume_low_rsi,1,-1,1,-1,0.25,3,0.0005,0.1940649903653835,0.9010552924680171,-0.2064829853233371,-0.021488176748678756,-0.0999835530632045,0.022125993104007646,0.07718878291040154,1,2,-0.024206282761406905,-0.07914541129067648,-0.4841256552281381,-0.09987979338618592,0.01722439399287823,0.018441637656670506,0.05036113524071495,0.2309598419318285,-0.02980267648958068,-0.09735383011655152,0.05496367645839606,0.19604294303780834,-0.01860988903323313,-0.06093699246480144,-0.008427698908124892,-0.025689193917779685,-0.05262976485644977,-0.2548319302093154,-0.005213659518162217,-0.024155547761535945,False,False,False
40,126,pullback_high_volume_low_rsi,1,-1,1,-1,0.25,5,0.0005,0.21905479487131307,1.0046928119257352,-0.21988831808861642,0.0035016277572508248,0.0036539663945136525,0.0035016277572508248,0.0036539663945136525,2,2,-0.010056397543467988,-0.06383132384263368,-0.3191566192131684,0.003650174427121858,-0.028663803204809657,-0.1657331291679668,-0.028663803204809657,-0.1657331291679668,0.07694913136742332,0.2580552301591461,0.07694913136742332,0.2580552301591461,0.008551008117873682,0.01966068270064525,0.008551008117873682,0.01966068270064525,-0.03106835355498183,-0.1473233303859126,-0.03106835355498183,-0.1473233303859126,False,False,False
40,126,pullback_high_volume_low_rsi,1,-1,1,-1,0.25,10,0.0005,0.3172334464915352,1.3058052042880417,-0.19672816700819562,0.10168027937747293,0.3047663587568201,0.03632321527260696,0.10096624803223131,3,3,0.161533135844393,0.5007118968608346,2.503559484304173,0.3044500821494991,-0.11036856322699351,-0.6732524876415278,0.015308501479080139,0.0736760578168878,0.20672711498440388,0.7005854555324746,0.17600448605411034,0.5321696978588357,0.23681098396956957,0.5918789897877107,-0.06235393510449372,-0.14519428979801718,0.11633915670438211,0.40954480393395853,0.019524840826248502,0.02526100607484505,True,True,False
40,126,pullback_high_volume_low_rsi,1,-1,1,-1,0.5,1,0.0005,0.06855851734848795,0.40420821662538947,-0.29826259530640853,-0.1469946497655743,-0.596830628905832,-0.14009345354619018,-0.5705568839490727,0,0,-0.14360037737069287,-0.627215739241527,-3.1360786962076346,-0.681941498395106,-0.12553186313677078,-0.723643476764759,-0.12320647206790447,-0.8016520957362732,-0.13188360642964136,-0.5307880017182949,-0.12394058391428686,-0.5170914840664993,-0.17321763259155576,-0.5229383143711259,-0.11768478822838291,-0.36235143790952024,-0.15531714831174437,-0.7242490861959807,-0.19102121086057755,-0.8448181048220684,False,False,False
40,126,pullback_high_volume_low_rsi,1,-1,1,-1,0.5,2,0.0005,0.09888838326314531,0.5252170718710084,-0.26326023840969415,-0.11666478385091694,-0.47582177366021317,-0.10019139762708185,-0.40628604834295623,0,0,-0.11588205787048961,-0.5540480363363305,-2.770240181681652,-0.541234375782484,-0.048745126396045224,-0.3446259185609174,-0.006181227153705171,-0.08690649380987847,-0.19090625459785304,-0.7634701541117437,-0.20260460420117798,-0.8443986409908024,-0.03502467657723196,-0.11329792445370868,-0.019412367884882098,-0.06439107972296276,-0.183018989344934,-0.8598515419371489,-0.16703668466232358,-0.7745381881878586,False,False,False
40,126,pullback_high_volume_low_rsi,1,-1,1,-1,0.5,3,0.0005,0.1374082097279048,0.6741048866517199,-0.20648298532333698,-0.07814495738615745,-0.3269339588795017,-0.03453078753347105,-0.14976162290589567,0,0,-0.07350435557062696,-0.37153328860494217,-1.8576664430247107,-0.362532169823356,-0.03260146207681136,-0.2961088899650851,0.0005352791710253602,-0.08359068568992711,-0.11440724906444255,-0.44695768724479923,-0.02964089611646581,-0.15356091409043937,-0.024577893978274812,-0.07882123924360773,-0.014395703853166575,-0.043573440696585974,-0.1348943862494797,-0.6276508403805199,-0.08747828091119214,-0.39697445793274044,False,False,False
40,126,pullback_high_volume_low_rsi,1,-1,1,-1,0.5,5,0.0005,0.13966253410349982,0.6838347343810628,-0.22350018966462948,-0.07589063301056242,-0.3172041111501588,-0.07589063301056242,-0.3172041111501588,1,1,-0.11716272155553231,-0.5606464341432644,-2.803232170716322,-0.352073848074819,-0.12817997390695712,-0.7557359409188961,-0.12817997390695712,-0.7557359409188961,-0.15490280519047928,-0.6259505456112765,-0.15490280519047928,-0.6259505456112765,0.10332176831423356,0.28414885340297136,0.10332176831423356,0.28414885340297136,-0.1061454692041075,-0.49534232267525224,-0.1061454692041075,-0.49534232267525224,False,False,False
40,126,pullback_high_volume_low_rsi,1,-1,1,-1,0.5,10,0.0005,0.12781415099865012,0.6180164240996762,-0.3229559385017896,-0.08773901611541213,-0.3830224214315454,-0.1530960802202781,-0.5868225321561342,1,0,-0.11485876764429659,-0.4904448328401725,-2.4522241642008624,-0.40704118287895114,-0.26473677877442536,-1.393016373991907,-0.13905971406835171,-0.6460878285334912,-0.15862838607340413,-0.6427541618154917,-0.18935101500369766,-0.8111699194891306,0.19513197659708337,0.4561756539950891,-0.10403294247697992,-0.2808976255906388,-0.07108914921518905,-0.33813550386485325,-0.16790346509332266,-0.7224193017239667,False,False,False
40,126,pullback_high_volume_low_rsi,1,-1,1,-1,1.0,1,0.0005,-0.003492214079850231,0.09524621387366176,-0.2830905132814563,-0.21904538119391248,-0.9057926316575599,-0.21214418497452836,-0.8795188867008004,0,0,-0.26371905479045,-0.9567452371956706,-5.274381095809,-1.0162011726693967,-0.28037527247670657,-1.587402538909604,-0.27804988140784026,-1.6654111578811182,-0.2529452905972587,-1.0217805864957883,-0.24500226808190417,-1.0080840688439927,-0.2744928189836413,-0.891709887895553,-0.21895997462046846,-0.7311230114339474,-0.06644738100280256,-0.3264078828571422,-0.10215144355163575,-0.4469769014832299,False,False,False
40,126,pullback_high_volume_low_rsi,1,-1,1,-1,1.0,2,0.0005,0.017983883481482943,0.1927198706324653,-0.286724003959414,-0.1975692836325793,-0.8083189748987563,-0.1810958974087442,-0.7387832495814993,0,0,-0.16320246317772902,-0.555214808652603,-3.2640492635545804,-0.9165686882625734,-0.3427836723793043,-1.9021816883880391,-0.30021977313696424,-1.644462263637,-0.16070565221462885,-0.6184801130809007,-0.1724040018179538,-0.6994085999599594,-0.1656992741408292,-0.4919495042243052,-0.15008696544847933,-0.4430426594935593,-0.10191467157105172,-0.47645692296961106,-0.0859323668884413,-0.3911435692203208,False,False,False
40,126,pullback_high_volume_low_rsi,1,-1,1,-1,1.0,3,0.0005,-0.0014559597286071257,0.10690949819466722,-0.273263624900981,-0.21700912684266938,-0.8941293473365544,-0.17339495698998297,-0.7169570113629483,0,0,-0.19099929640926272,-0.6671849260986837,-3.8199859281852544,-1.0067545271920626,-0.3658087799816395,-2.063120585798608,-0.3326720387338028,-1.8506023815234498,-0.18548988349579099,-0.7360840463238418,-0.10072353054781424,-0.442687273169482,-0.19650870932273445,-0.5982858058735255,-0.18632651919762622,-0.5630380073265038,-0.10037725679161458,-0.46940923341358365,-0.05296115145332703,-0.2387328509658042,False,False,False
40,126,pullback_high_volume_low_rsi,1,-1,1,-1,1.0,5,0.0005,0.1009587437217403,0.5463091721913228,-0.26891189490137457,-0.11459442339232195,-0.4547296733398988,-0.11459442339232195,-0.4547296733398988,0,0,-0.12799939371032443,-0.49878907731612687,-2.5599878742064885,-0.5316295043425787,-0.18237980620870498,-1.0341895071226812,-0.18237980620870498,-1.0341895071226812,-0.20620365755403514,-0.8209966674159538,-0.20620365755403514,-0.8209966674159538,-0.07361898121194388,-0.17658148721629996,-0.07361898121194388,-0.17658148721629996,0.003429148135684734,-0.04724285879452972,0.003429148135684734,-0.04724285879452972,False,False,False
40,126,pullback_high_volume_low_rsi,1,-1,1,-1,1.0,10,0.0005,0.17122058443052923,0.8185408632967216,-0.32647444462477204,-0.04433258268353302,-0.18249798223449998,-0.10968964678839899,-0.3862980929590888,2,1,0.03322122421127849,0.00707148539821173,0.03535742699105865,-0.20566889959020626,-0.37625493907852636,-2.163928732621936,-0.2505778743724527,-1.4170001871635203,0.17653554934008442,0.5254277523241309,0.14581292040979088,0.35701199465049194,0.28776288942889394,0.9091037383679145,-0.011402029645169343,0.1720304587821866,-0.11009310091752744,-0.5112847815277074,-0.20690741679566105,-0.8955685793868209,False,False,False
40,126,pullback_low_volume_high_rsi,1,-1,-1,1,0.25,1,0.0005,0.21589726256310326,1.0036256371675922,-0.26077643000923134,0.0003440954490410153,0.0025867916363706556,0.007245291668425136,0.02886053659313015,2,2,0.0031030000984638706,0.0661537836659516,0.06206000196927741,0.0015963367815372137,-0.0023253910688663115,0.07800861897151412,0.0,0.0,0.008531391265794053,0.054298948360389065,0.016474413781148556,0.06799546601218465,-0.05553284436317285,-0.16058687646160563,0.0,0.0,0.04903134531522513,0.17697269134085036,0.013327282766391946,0.056403672714762654,False,False,False
40,126,pullback_low_volume_high_rsi,1,-1,-1,1,0.25,2,0.0005,0.20258280850709331,0.946123904868804,-0.2316674972111925,-0.012970358606968935,-0.05491494066241753,0.003503027616866161,0.014620784654839403,1,2,-0.014784358458488578,-0.062053601284827176,-0.3102680064241359,-0.06017243346791343,-0.04256389924234005,-0.25771942475103893,0.0,0.0,0.024814390516741947,0.13860298395281867,0.013116040913417004,0.057674497073759934,-0.015612308692349863,-0.04890684473074591,0.0,0.0,-0.013956408224627292,-0.07520035783890844,0.002025896457983123,0.010112995910381839,False,False,False
40,126,pullback_low_volume_high_rsi,1,-1,-1,1,0.25,3,0.0005,0.16998364201035265,0.817436632523822,-0.20648298532333753,-0.045569525103709596,-0.18360221300739954,-0.001955355251023194,-0.006429877033793496,0,1,-0.04411713804226802,-0.2381643526410235,-1.1908217632051175,-0.21140735584551165,-0.03313674124783672,-0.212518204275158,0.0,0.0,-0.08422833351011749,-0.28579035232332917,0.0005380194378592495,0.007606420831030691,-0.010182190125108237,-0.03524779854702176,0.0,0.0,-0.055097534836699325,-0.263810501006889,-0.007681429498411774,-0.03313411855910958,False,False,False
40,126,pullback_low_volume_high_rsi,1,-1,-1,1,0.25,5,0.0005,0.2161890948958105,1.0043833905091952,-0.21988831808861653,0.0006359277817482578,0.0033445449779736514,0.0006359277817482578,0.0033445449779736514,1,1,0.0,0.0,0.0,0.0029502131203284518,0.0,0.0,0.0,0.0,0.010362941421311778,0.04232392843778565,0.010362941421311778,0.04232392843778565,0.0,0.0,0.0,0.0,-0.006504117945899335,-0.02795666940284447,-0.006504117945899335,-0.02795666940284447,False,False,False
40,126,pullback_low_volume_high_rsi,1,-1,-1,1,0.25,10,0.0005,0.2797675423907844,1.2013355825187437,-0.19672816700819518,0.06421437527672214,0.20029673698752215,-0.001142688828143834,-0.0035033737370666618,3,0,0.06158131351030116,0.26861035422897267,1.2316262702060232,0.20008887555330646,-0.12567706470607365,-0.7469285454584156,0.0,0.0,0.03072262893029354,0.16841575767363892,0.0,0.0,0.2991649190740633,0.7370732795857279,0.0,0.0,0.09243999809030878,0.3688049507843064,-0.004374317787824822,-0.015478847074807067,True,False,False
40,126,pullback_low_volume_high_rsi,1,-1,-1,1,0.5,1,0.0005,0.16983533023616038,0.8177167904261752,-0.24527509680440207,-0.045717836877901874,-0.1833220551050464,-0.038816640658517754,-0.1570483101482869,0,1,-0.016030641662935885,-0.07178377513930251,-0.35891887569651254,-0.21209540778266456,-0.0031016078280297066,-0.07854717488441598,-0.000776216759163395,-0.1565557938559301,-0.15321711161829565,-0.597743248186275,-0.14527408910294115,-0.5840467305344794,-0.024785085818693986,-0.054402408895723564,0.030747758544478865,0.10618446756588207,-0.007276197507177784,-0.06502037539418903,-0.042980260056010966,-0.18558939402027674,False,False,False
40,126,pullback_low_volume_high_rsi,1,-1,-1,1,0.5,2,0.0005,0.1620857197814667,0.7880661338692481,-0.2460425294495835,-0.053467447332595563,-0.2129727116619735,-0.03699406110876047,-0.14343698634471658,1,1,-0.08703495111208737,-0.4003443170844216,-2.001721585422108,-0.2480476072258437,-0.11493739983362516,-0.663943663242931,-0.07237350059128511,-0.40622423849189204,-0.13434202873453138,-0.5175772733811794,-0.14604037833785632,-0.5985057602602382,0.10811668811441666,0.3178194938360649,0.12372899680676652,0.3667263385668108,-0.05913250239054957,-0.28311136078766375,-0.04315019770793915,-0.19779800703837347,False,False,False
40,126,pullback_low_volume_high_rsi,1,-1,-1,1,0.5,3,0.0005,0.14925888302447343,0.7382735042939269,-0.25659098400443503,-0.06629428408958882,-0.26276534123729467,-0.022680114236902416,-0.08559300526368863,0,2,-0.06028345011726577,-0.30086884585272133,-1.5043442292636067,-0.3075542103007398,0.00791214764916437,-0.07353229124815153,0.04104888889700109,0.13898591302700647,-0.14787419903816335,-0.5540446729985273,-0.0631078460901866,-0.2606478998441675,-0.007197702005351525,0.001409262026806135,0.002984488119756712,0.03665706057382789,-0.11336919822918001,-0.5282054004572911,-0.06595309289089246,-0.2975290180095117,False,False,False
40,126,pullback_low_volume_high_rsi,1,-1,-1,1,0.5,5,0.0005,0.13664224153004434,0.6991550942631573,-0.21988831808861675,-0.07891092558401791,-0.3018837512680643,-0.07891092558401791,-0.3018837512680643,1,1,-0.061652515243099115,-0.35956454643444713,-1.7978227321722355,-0.36608566990927743,-0.07519932182475242,-0.4989644795108389,-0.07519932182475242,-0.4989644795108389,-0.2545742430884248,-1.0318818816752366,-0.2545742430884248,-1.0318818816752366,0.07138057412368659,0.26837150139100074,0.07138057412368659,0.26837150139100074,-0.04810570866144581,-0.22016461335805543,-0.04810570866144581,-0.22016461335805543,False,False,False
40,126,pullback_low_volume_high_rsi,1,-1,-1,1,0.5,10,0.0005,0.2596141910241605,1.1444780210839118,-0.1967281670081953,0.04406102391009825,0.14343917555269026,-0.021296040194767718,-0.060360935171898555,2,2,0.03071894770550243,0.10777511003738732,0.5388755501869366,0.14329031904508296,-0.11347626676314726,-0.6856951583724187,0.012200797942926389,0.061233387085996904,-0.10781444002119889,-0.3881448532125553,-0.13853706895149243,-0.5565606108861942,0.25835136895118516,0.7323547299141172,-0.04081355012287813,-0.004718549671610672,0.16925233543220375,0.60369507328733,0.07243801955407014,0.21941127542821648,False,False,False
40,126,pullback_low_volume_high_rsi,1,-1,-1,1,1.0,1,0.0005,0.006877778580602012,0.1369031323324104,-0.3292467638298745,-0.20867538853346024,-0.8641357131988112,-0.20177419231407612,-0.8378619682420517,0,0,-0.19801707976599187,-0.8036464219689254,-4.018232109844627,-0.968092426232074,-0.11863221412371283,-0.6711423952547924,-0.11630682305484652,-0.7491510142263065,-0.35318260141492375,-1.5164875300582945,-0.34523957889956924,-1.502791012406499,-0.2774019454082709,-0.9361504486830585,-0.22186910104509805,-0.7755635722214529,-0.0883698408471334,-0.4174156491890403,-0.12407390339596658,-0.537984667815128,False,False,False
40,126,pullback_low_volume_high_rsi,1,-1,-1,1,1.0,2,0.0005,0.004227193875511626,0.12477901766337623,-0.31908468284022506,-0.21132597323855062,-0.8762598278678453,-0.19485258701471553,-0.8067241025505885,0,0,-0.17082484513112067,-0.8827648998489406,-4.413824499244702,-0.9803890894663831,-0.1683577256108253,-0.9544324068109035,-0.12579382636848524,-0.6967129820598645,-0.3947536368692105,-1.7231088766386882,-0.40645198647253544,-1.8040373635177467,-0.10324354093001986,-0.23385403303891916,-0.08763123223767,-0.18494718830817325,-0.17329196465141605,-0.8110973928869777,-0.15730965996880564,-0.7257840391376874,False,False,False
40,126,pullback_low_volume_high_rsi,1,-1,-1,1,1.0,3,0.0005,0.059617197862861016,0.3822162445783905,-0.29609909869883744,-0.15593596925120123,-0.618822600952831,-0.11232179939851483,-0.44165026497922505,1,1,-0.10827916854006725,-0.3904517452440437,-2.165583370801345,-0.7234223061481906,0.036420110978621745,0.10893361742338148,0.06955685222645847,0.3214518216985395,-0.4192592751679304,-1.838600019204789,-0.33449292221995364,-1.5452032460504292,-0.08432678464277243,-0.16235768289811436,-0.0741445945176642,-0.1271098843510926,-0.13223155243736207,-0.618545807589973,-0.08481544709907451,-0.3878694251421935,False,False,False
40,126,pullback_low_volume_high_rsi,1,-1,-1,1,1.0,5,0.0005,-0.025484478677707423,-0.013500952926332915,-0.45775356428262004,-0.24103764579176967,-1.0145397984575546,-0.24103764579176967,-1.0145397984575546,0,0,-0.20249384453102776,-0.9042006648251673,-4.521003324125836,-1.1182282729542175,-0.24507012773973658,-1.356595917427227,-0.24507012773973658,-1.356595917427227,-0.4790753990330665,-2.215473579816912,-0.4790753990330665,-2.215473579816912,-0.15991756132231894,-0.45180541222310744,-0.15991756132231894,-0.45180541222310744,-0.06665912131124108,-0.31910261906689347,-0.06665912131124108,-0.31910261906689347,False,False,False
40,126,pullback_low_volume_high_rsi,1,-1,-1,1,1.0,10,0.0005,0.008793643009961327,0.14730871904262027,-0.30793523605391937,-0.20675952410410092,-0.8537301264886012,-0.2721165882089669,-1.05753023721319,1,0,-0.27212057780630117,-1.4313379509606328,-7.156689754803163,-0.9592042968902049,-0.2623813816662387,-1.525044940951446,-0.13670431696016505,-0.7781163954930304,-0.35307847063451336,-1.4698655902441824,-0.3838010995648069,-1.6382813479178213,0.13602152950159963,0.6337627701651217,-0.16314338957246366,-0.10331050942060616,-0.28185977394636363,-1.3928103116770831,-0.37867408982449724,-1.7770941095361965,False,False,False
40,126,pullback_low_volume_low_rsi,1,-1,-1,-1,0.25,1,0.0005,0.18000881894375653,0.8629611445015796,-0.26077643000923145,-0.03554434817030572,-0.138077701029642,-0.028643151950921597,-0.11180395607288252,1,1,-0.039221276954634066,-0.12869696033673944,-0.7844255390926813,-0.16489828772266216,0.018937409024030627,0.14754246616333622,0.02126280009289694,0.0695338471918221,-0.08756640901882928,-0.33732422329055,-0.07962338650347478,-0.3236277056387544,-0.07285940914966615,-0.2061296602557091,-0.017326564786493304,-0.04554278379410348,-0.005583144759601977,-0.05126426041776977,-0.04128720730843516,-0.17183327904385748,False,False,False
40,126,pullback_low_volume_low_rsi,1,-1,-1,-1,0.25,2,0.0005,0.19690386318538144,0.9224816529513785,-0.2316674972111925,-0.018649303928680805,-0.07855719257984306,-0.002175917704845709,-0.009021467262586125,1,2,-0.02038739333419959,-0.13375085132862524,-0.6687542566431262,-0.0865183480176486,-0.03439346705193724,-0.24191901092513934,0.00817043219040281,0.015800413825899584,-0.0063813196164619335,-0.02558269173211114,-0.018079669219786876,-0.10651117861116988,0.04051696072249111,0.12456023697477148,0.05612926941484098,0.1734670817055174,-0.06553455649184325,-0.3068290977566997,-0.04955225180923284,-0.22151574400740942,False,False,False
40,126,pullback_low_volume_low_rsi,1,-1,-1,-1,0.25,3,0.0005,0.19368273955983928,0.9102837113620098,-0.20648298532333742,-0.02187042755422297,-0.09075513416921177,0.02174374229846343,0.08641720180439427,1,3,-0.007006455210151752,-0.09468373625293675,-0.4734186812646837,-0.10146187062354783,-0.009541960215901257,-0.13973888963467074,0.023594781031935463,0.07277931464048726,-0.137821049296748,-0.5301060053737227,-0.053054696348771246,-0.2367092322193628,0.06394875198047956,0.20600099213681056,0.0741309421055878,0.24124879068383231,-0.0044709502044022464,-0.04962858287120275,0.042945155133885304,0.18104779957657668,False,True,False
40,126,pullback_low_volume_low_rsi,1,-1,-1,-1,0.25,5,0.0005,0.2153994752491719,1.007752242995619,-0.21988831808861653,-0.00015369186489033737,0.006713397464397364,-0.00015369186489033737,0.006713397464397364,2,2,0.0037175290813538098,-0.006728163639713125,-0.033640818198565625,-0.0007130113973644826,-0.011047815287842822,-0.09023913471748624,-0.011047815287842822,-0.09023913471748624,-0.053436308369038565,-0.22355509571529164,-0.053436308369038565,-0.22355509571529164,0.04310548382723689,0.1564223617248387,0.04310548382723689,0.1564223617248387,0.01848287345055044,0.07678280743805999,0.01848287345055044,0.07678280743805999,False,False,False
40,126,pullback_low_volume_low_rsi,1,-1,-1,-1,0.25,10,0.0005,0.22878633773922674,1.027898367247393,-0.1967281670081955,0.013233170625164492,0.026859521716171342,-0.05212389347970148,-0.17694058900841747,2,1,0.037523322838936,0.14767797386256315,0.7383898693128157,0.026831647778781043,-0.22560118369646787,-1.2399510056770984,-0.09992411899039422,-0.4930224602186827,-0.06700322381993251,-0.25891482277523825,-0.09772585275022605,-0.4273305804488772,0.2567719340456409,0.717777411864852,-0.04239298502842237,-0.01929586772087588,0.14204986949780452,0.5542707705003646,0.04523555361967091,0.16998697264125107,False,False,False
40,126,pullback_low_volume_low_rsi,1,-1,-1,-1,0.5,1,0.0005,0.12781160155041338,0.6651234944323522,-0.28354733760354156,-0.08774156556364887,-0.3359153510988694,-0.08084036934426475,-0.3096416061421099,1,0,-0.10184892485826114,-0.4419671627327544,-2.209835813663772,-0.40705301034718494,-0.0665263900796671,-0.4007230430414356,-0.06420099901080079,-0.4787316620129497,-0.13717145963685518,-0.5188251980185259,-0.12922843712150067,-0.5051286803667303,-0.16501187677399898,-0.4832112824240732,-0.10947903241082613,-0.32262440596246755,0.012769190767043748,0.01066675349417312,-0.022934871781789434,-0.10990226513191459,False,False,False
40,126,pullback_low_volume_low_rsi,1,-1,-1,-1,0.5,2,0.0005,0.1536797006199382,0.7584617608137214,-0.2460425294495836,-0.06187346649412406,-0.24257708471750017,-0.04540008027028897,-0.17304135940024323,2,2,-0.06683327391109961,-0.2765205056048241,-1.3826025280241205,-0.28704503544307963,-0.146729005376262,-0.8440759929318418,-0.10416510613392194,-0.5863565681808028,-0.15082563222781808,-0.5627613733616237,-0.16252398183114303,-0.6436898602406824,0.042320520167232534,0.17299912309279086,0.0579328288595824,0.22190596782353678,0.013062457554062767,0.00972036215197547,0.029044762236673183,0.09503371590126575,False,False,False
40,126,pullback_low_volume_low_rsi,1,-1,-1,-1,0.5,3,0.0005,0.152370574574199,0.7534470363761371,-0.20816494854951106,-0.06318259253986325,-0.2475918091550845,-0.019568422687176845,-0.07041947318147845,1,1,-0.04600670198586798,-0.2874707073664488,-1.4373535368322439,-0.29311836789867024,-0.038883377648538886,-0.3162905581795057,-0.005746636400702165,-0.10377235390434769,-0.17191818037977535,-0.6745520901394954,-0.08715182743179861,-0.3811553169851355,0.010298632308468836,0.08102114751186362,0.020480822433577073,0.11626894605888538,-0.05313002632319708,-0.25865085655339193,-0.005713920984909526,-0.02797447410561249,False,False,False
40,126,pullback_low_volume_low_rsi,1,-1,-1,-1,0.5,5,0.0005,0.17958423848201566,0.8585494803433653,-0.21988831808861664,-0.03596892863204659,-0.14248936518785627,-0.03596892863204659,-0.14248936518785627,2,2,-0.025959947393910165,-0.22636441890472653,-1.1318220945236326,-0.1668680127210251,-0.10415274405114272,-0.6488278653479195,-0.10415274405114272,-0.6488278653479195,-0.16675792735660777,-0.6527780271996648,-0.16675792735660777,-0.6527780271996648,0.07979815012813662,0.2982652103792117,0.07979815012813662,0.2982652103792117,0.05223284926332239,0.19609902753846642,0.05223284926332239,0.19609902753846642,False,False,False
40,126,pullback_low_volume_low_rsi,1,-1,-1,-1,0.5,10,0.0005,0.15888265334160745,0.7669811419479708,-0.207821691794974,-0.0566705137724548,-0.23405770358325073,-0.12202757787732077,-0.43785781430783954,1,1,-0.08911719647672589,-0.343921693145707,-1.7823439295345178,-0.26290735845447816,-0.2809613261746359,-1.4619714661621064,-0.15528426146856222,-0.7150429207036908,-0.11411873344702328,-0.38227545239180416,-0.14484136237731682,-0.5506912100654431,0.31835622962144905,0.9425523782648441,0.019191310547385765,0.20547909867911618,-0.0641156595064285,-0.3055679338996098,-0.1609299753845621,-0.6898517317587233,False,False,False
40,126,pullback_low_volume_low_rsi,1,-1,-1,-1,1.0,1,0.0005,0.033825751090786005,0.2643079563244579,-0.2871883034796453,-0.18172741602327624,-0.7367308892067637,-0.17482621980389212,-0.7104571442500042,1,1,-0.20539670379445385,-0.8752380392204743,-4.376190196102371,-0.843074673670247,-0.17601464709391523,-0.9974760194891108,-0.17368925602504892,-1.075484638460625,-0.36520626086292907,-1.5809674974482069,-0.35726323834757456,-1.5672709797964113,-0.23477876049499247,-0.7530000589518377,-0.17924591613181962,-0.5924131824902321,0.05685960403542434,0.197863429542248,0.021155541486591156,0.0772944109161603,False,False,False
40,126,pullback_low_volume_low_rsi,1,-1,-1,-1,1.0,2,0.0005,0.07020187984338366,0.42635067915505404,-0.29373796174548006,-0.1453512872706786,-0.5746881663761676,-0.1288779010468435,-0.5051524410589106,0,0,-0.1193723282839727,-0.6319296351768938,-3.159648175884469,-0.674317567293105,-0.14285967554707701,-0.8140052202798342,-0.10029577630473696,-0.5562857955287953,-0.28732376505440316,-1.1866088444599288,-0.2990221146577281,-1.2675373313389875,-0.05530051030950234,-0.053191509422509275,-0.039688201617152474,-0.004284664691763362,-0.0958849810208684,-0.4498540500739534,-0.07990267633825798,-0.3645406963246631,False,False,False
40,126,pullback_low_volume_low_rsi,1,-1,-1,-1,1.0,3,0.0005,0.04464616537522925,0.31345474196437545,-0.2968481857838565,-0.170907001738833,-0.6875841035668462,-0.1272928318861466,-0.51041176759324,0,0,-0.13273718002663826,-0.6846897193300103,-3.4234485966500516,-0.792876319225668,-0.1063761623563837,-0.6242206249155565,-0.07323942110854698,-0.4117024206403985,-0.3805621832113827,-1.647519296694769,-0.29579583026340595,-1.354122523540409,-0.02266960859555711,0.0561231167021885,-0.012487418470448874,0.09137091524921026,-0.15909819769689282,-0.745158813744464,-0.11168209235860527,-0.5144824312966846,False,False,False
40,126,pullback_low_volume_low_rsi,1,-1,-1,-1,1.0,5,0.0005,-0.003991364238599804,0.08455807785778888,-0.3448655215045987,-0.21954453135266205,-0.9164807676734327,-0.21954453135266205,-0.9164807676734327,0,0,-0.1922086912946525,-1.003487919450335,-5.017439597251674,-1.0185168433943155,-0.21130924729489042,-1.2027091471644482,-0.21130924729489042,-1.2027091471644482,-0.4098763416216067,-1.8211367481989962,-0.4098763416216067,-1.8211367481989962,-0.07269307527389701,-0.11050104117082771,-0.07269307527389701,-0.11050104117082771,-0.1731081352944146,-0.8042666917362217,-0.1731081352944146,-0.8042666917362217,False,False,False
40,126,pullback_low_volume_low_rsi,1,-1,-1,-1,1.0,10,0.0005,0.09318393807909064,0.5318866040960769,-0.2364323683448395,-0.1223692290349716,-0.46915224143514467,-0.18772629313983757,-0.6729523521597335,1,0,-0.12877465214741524,-0.6881051544467671,-3.4405257722338356,-0.5676985899734827,-0.1712172325521626,-0.9702772296049308,-0.04554016784608894,-0.22334868414651518,-0.2890241664084534,-1.1911692663516005,-0.31974679533874695,-1.3595850240252394,0.07562385265874716,0.33666496314987115,-0.22354106641531613,-0.4004083164358567,-0.08633207174266788,-0.4059330792886034,-0.1831463876208015,-0.7902168771477169,False,False,False
40,252,near_high_high_volume_high_rsi,-1,1,1,1,0.25,1,0.0005,0.20865197089467813,0.9747651005744621,-0.26077643000923156,-0.00690119621938412,-0.026273744956759493,0.0,0.0,1,0,-0.005134206792110407,0.03215605065985927,-0.10268413584220815,-0.032016213502129985,-0.0023253910688663115,0.07800861897151412,0.0,0.0,-0.007943022515354503,-0.013696517651795581,0.0,0.0,-0.05553284436317285,-0.16058687646160563,0.0,0.0,0.03570406254883318,0.12056901862608771,0.0,0.0,False,False,False
40,252,near_high_high_volume_high_rsi,-1,1,1,1,0.25,2,0.0005,0.19907978089022715,0.9315031202139646,-0.23166749721119217,-0.016473386223835096,-0.06953572531725694,0.0,0.0,1,0,-0.01579730668748014,-0.0671100992400181,-0.3355504962000905,-0.07642377258654719,-0.04256389924234005,-0.25771942475103893,0.0,0.0,0.011698349603324942,0.08092848687905874,0.0,0.0,-0.015612308692349863,-0.04890684473074591,0.0,0.0,-0.015982304682610415,-0.08531335374929028,0.0,0.0,False,False,False
40,252,near_high_high_volume_high_rsi,-1,1,1,1,0.25,3,0.0005,0.17193899726137585,0.8238665095576155,-0.20648298532333742,-0.0436141698526864,-0.17717233597360604,0.0,0.0,0,0,-0.040276423293062136,-0.22159729336146872,-1.1079864668073436,-0.20233601963086675,-0.03313674124783672,-0.212518204275158,0.0,0.0,-0.08476635294797674,-0.29339677315435986,0.0,0.0,-0.010182190125108237,-0.03524779854702176,0.0,0.0,-0.04741610533828755,-0.23067638244777944,0.0,0.0,False,False,False
40,252,near_high_high_volume_high_rsi,-1,1,1,1,0.25,5,0.0005,0.21555316711406225,1.0010388455312216,-0.21988831808861653,0.0,0.0,0.0,0.0,0,0,0.0,0.0,0.0,0.0,0.0,0.0,0.0,0.0,0.0,0.0,0.0,0.0,0.0,0.0,0.0,0.0,0.0,0.0,0.0,0.0,False,False,False
40,252,near_high_high_volume_high_rsi,-1,1,1,1,0.25,10,0.0005,0.2809102312189282,1.2048389562558104,-0.19672816700819518,0.06535706410486597,0.2038001107245888,0.0,0.0,3,0,0.06376847240421357,0.2763497777663762,1.2753694480842714,0.2035886136031396,-0.12567706470607365,-0.7469285454584156,0.0,0.0,0.03072262893029354,0.16841575767363892,0.0,0.0,0.2991649190740633,0.7370732795857279,0.0,0.0,0.0968143158781336,0.3842837978591135,0.0,0.0,True,False,False
40,252,near_high_high_volume_high_rsi,-1,1,1,1,0.5,1,0.0005,0.18973894290345816,0.903149126353255,-0.26077643000923134,-0.025814224210604086,-0.09788971917796663,-0.018913027991219966,-0.07161597422120713,1,2,-0.033962929398916764,-0.07592144434289899,-0.6792585879783353,-0.11975803722217737,-0.014129331370270615,0.004359608074923305,-0.011803940301404303,-0.07364901089659082,-0.0904541066929423,-0.3252314835485981,-0.08251108417758779,-0.3115349658968025,-0.05379652742756291,-0.1562024967607213,0.0017363169356099384,0.004384379700884344,0.04833964748747399,0.17232766290938184,0.01263558493864081,0.05175864428329413,False,False,False
40,252,near_high_high_volume_high_rsi,-1,1,1,1,0.5,2,0.0005,0.19825079573848048,0.9409223698864705,-0.2316674972111924,-0.01730237137558177,-0.06011647564475109,-0.0008289851517466751,0.009419249672505847,3,3,0.0055529776505186534,0.010888229173653952,0.05444114586826976,-0.080269622605109,0.02845450069742217,0.22696960763133878,0.07101839993976222,0.4846890323823777,-0.11343159271914782,-0.4108209058538086,-0.12512994232247276,-0.49174939273286733,0.0064458163665965795,0.016318397428263354,0.022058125058946443,0.06522524215900927,0.004660138934440727,0.0054580609190445495,0.020642443617051143,0.09077141466833483,False,False,False
40,252,near_high_high_volume_high_rsi,-1,1,1,1,0.5,3,0.0005,0.1778731025425806,0.8594212486574008,-0.2064829853233373,-0.03768006457148165,-0.1416175968738208,0.005934105281204749,0.03555473909978524,1,2,-0.019916843408772644,-0.08690589733916321,-0.43452948669581604,-0.17480636019392304,0.029096037915467665,0.22285678840576062,0.062232779163304386,0.4353749926809186,-0.143687755729754,-0.5305895401822285,-0.058921402781777266,-0.23719276702786862,-0.016041713604895813,-0.04653001942274115,-0.005859523479787576,-0.011282220875719395,-0.023791973212649475,-0.12728177525558526,0.023624132125638075,0.10339460719219418,False,False,False
40,252,near_high_high_volume_high_rsi,-1,1,1,1,0.5,5,0.0005,0.20315752311511326,0.9595875390371555,-0.21988831808861653,-0.01239564399894899,-0.04145130649406603,-0.01239564399894899,-0.04145130649406603,1,1,-0.008548072839355991,-0.03200256309057781,-0.17096145678711983,-0.05750620213522404,-0.007402898651975409,-0.04086705970146243,-0.007402898651975409,-0.04086705970146243,-0.059897677491535406,-0.20154089099306116,-0.059897677491535406,-0.20154089099306116,-0.009693247026736573,-0.023138066479693187,-0.009693247026736573,-0.023138066479693187,0.022610920166226345,0.09730618088160092,0.022610920166226345,0.09730618088160092,False,False,False
40,252,near_high_high_volume_high_rsi,-1,1,1,1,0.5,10,0.0005,0.3082228276564922,1.34351542336817,-0.1967281670081953,0.09266966054242998,0.3424765778369485,0.027312596437564007,0.1386764671123597,3,2,0.05764670041052955,0.2708028989057932,1.152934008210591,0.34212116679169063,0.011803552939430473,0.12570295878709747,0.13748061764550412,0.8726315042455131,-0.025704657378914808,-0.04971147197357384,-0.05642728630920835,-0.21812722964721276,0.2991649190740633,0.7370732795857279,0.0,0.0,0.10348984788162863,0.4159028390244889,0.006675532003495022,0.031619041165375394,True,False,False
40,252,near_high_high_volume_high_rsi,-1,1,1,1,1.0,1,0.0005,0.16284455965528943,0.8093443712025479,-0.2443658344387344,-0.052708607458772816,-0.1916944743286737,-0.045807411239388696,-0.1654207293719142,0,0,-0.052763835515709845,-0.1566333375013167,-1.055276710314197,-0.24452717705085492,-0.030266387844548603,-0.0923963320616954,-0.027940996775682292,-0.17040495103320952,-0.04198679867107269,-0.14103033066599702,-0.034043776155718186,-0.12733381301420144,-0.063540872360347,-0.17223634433663637,-0.00800802799717415,-0.011649467875030739,-0.0725808197815061,-0.336908418552927,-0.10828488233033928,-0.45747743717901473,False,False,False
40,252,near_high_high_volume_high_rsi,-1,1,1,1,1.0,2,0.0005,0.19523269141265298,0.940956447546121,-0.21461068993556354,-0.02032047570140927,-0.06008239798510062,-0.0038470894775741726,0.009453327332156314,1,2,-0.03294157491098593,-0.1108707939044265,-0.6588314982197185,-0.09427129266282816,-0.03555926637930806,-0.12177053624738665,0.00700463286303199,0.13594888850365228,0.027994075111851924,0.14122781799855977,0.01629572550852698,0.06029933111950103,-0.037728399220212205,-0.09997105156146635,-0.022116090527862342,-0.05106420683072044,-0.03032388344266379,-0.1351756856438585,-0.014341578760053375,-0.049862331894568235,False,False,False
40,252,near_high_high_volume_high_rsi,-1,1,1,1,1.0,3,0.0005,0.15846408966055225,0.7833479700378375,-0.23956780952827195,-0.057089077453509995,-0.21769087549338406,-0.013474907600823594,-0.04051853951977802,0,1,-0.058724966435560466,-0.2230440289326836,-1.1744993287112093,-0.26484917024346344,-0.025215902188183703,-0.1109135391471614,0.007920839059653018,0.1016046651279966,-0.09223403068293723,-0.3351745187182058,-0.007467677734960487,-0.04177774556384595,-0.015921984719224236,-0.03475002384011694,-0.005739794594115999,0.0004977747069048188,-0.0923007123492745,-0.4312775522949902,-0.044884607010986954,-0.20060116984721077,False,False,False
40,252,near_high_high_volume_high_rsi,-1,1,1,1,1.0,5,0.0005,0.19071873555801244,0.9219674085181644,-0.2126893948108215,-0.024834431556049807,-0.07907143701305719,-0.024834431556049807,-0.07907143701305719,2,2,-0.01505619874374875,-0.0031656831718435696,-0.301123974874975,-0.11521255701572876,0.011406708042403402,0.0991186992558526,0.011406708042403402,0.0991186992558526,0.08244730205343909,0.30663126008356745,0.08244730205343909,0.30663126008356745,-0.0415191055299009,-0.10545006559953973,-0.0415191055299009,-0.10545006559953973,-0.12680356846518115,-0.5984357904010584,-0.12680356846518115,-0.5984357904010584,False,False,False
40,252,near_high_high_volume_high_rsi,-1,1,1,1,1.0,10,0.0005,0.2532298849912964,1.1411445623148242,-0.22101449714894694,0.037676717877234145,0.14010571678360262,-0.027680346227631825,-0.0636943939409862,3,1,0.011497435557223934,0.07044240793833123,0.22994871114447868,0.1399603196310056,0.012898959220038364,0.04752273184515099,0.138576023926112,0.7944512773035666,0.010095911894409504,0.09336208403151147,-0.020626717035884035,-0.07505367364212745,0.25549720448364743,0.6403543330101801,-0.04366771459041585,-0.0967189465755478,-0.09229203417721599,-0.42810697337482445,-0.1891063500553496,-0.812390771233938,True,False,False
40,252,near_high_high_volume_low_rsi,-1,1,1,-1,0.25,1,0.0005,0.20865197089467813,0.9747651005744621,-0.26077643000923156,-0.00690119621938412,-0.026273744956759493,0.0,0.0,1,0,-0.005134206792110407,0.03215605065985927,-0.10268413584220815,-0.032016213502129985,-0.0023253910688663115,0.07800861897151412,0.0,0.0,-0.007943022515354503,-0.013696517651795581,0.0,0.0,-0.05553284436317285,-0.16058687646160563,0.0,0.0,0.03570406254883318,0.12056901862608771,0.0,0.0,False,False,False
40,252,near_high_high_volume_low_rsi,-1,1,1,-1,0.25,2,0.0005,0.19907978089022715,0.9315031202139646,-0.23166749721119217,-0.016473386223835096,-0.06953572531725694,0.0,0.0,1,0,-0.01579730668748014,-0.0671100992400181,-0.3355504962000905,-0.07642377258654719,-0.04256389924234005,-0.25771942475103893,0.0,0.0,0.011698349603324942,0.08092848687905874,0.0,0.0,-0.015612308692349863,-0.04890684473074591,0.0,0.0,-0.015982304682610415,-0.08531335374929028,0.0,0.0,False,False,False
40,252,near_high_high_volume_low_rsi,-1,1,1,-1,0.25,3,0.0005,0.17193899726137585,0.8238665095576155,-0.20648298532333742,-0.0436141698526864,-0.17717233597360604,0.0,0.0,0,0,-0.040276423293062136,-0.22159729336146872,-1.1079864668073436,-0.20233601963086675,-0.03313674124783672,-0.212518204275158,0.0,0.0,-0.08476635294797674,-0.29339677315435986,0.0,0.0,-0.010182190125108237,-0.03524779854702176,0.0,0.0,-0.04741610533828755,-0.23067638244777944,0.0,0.0,False,False,False
40,252,near_high_high_volume_low_rsi,-1,1,1,-1,0.25,5,0.0005,0.21555316711406225,1.0010388455312216,-0.21988831808861653,0.0,0.0,0.0,0.0,0,0,0.0,0.0,0.0,0.0,0.0,0.0,0.0,0.0,0.0,0.0,0.0,0.0,0.0,0.0,0.0,0.0,0.0,0.0,0.0,0.0,False,False,False
40,252,near_high_high_volume_low_rsi,-1,1,1,-1,0.25,10,0.0005,0.2809102312189282,1.2048389562558104,-0.19672816700819518,0.06535706410486597,0.2038001107245888,0.0,0.0,3,0,0.06376847240421357,0.2763497777663762,1.2753694480842714,0.2035886136031396,-0.12567706470607365,-0.7469285454584156,0.0,0.0,0.03072262893029354,0.16841575767363892,0.0,0.0,0.2991649190740633,0.7370732795857279,0.0,0.0,0.0968143158781336,0.3842837978591135,0.0,0.0,True,False,False
40,252,near_high_high_volume_low_rsi,-1,1,1,-1,0.5,1,0.0005,0.20061208777790784,0.9438811396382885,-0.26077643000923134,-0.014941079336154406,-0.05715770589293312,-0.008039883116770286,-0.030883960936173627,1,2,-0.029672430926358073,-0.07306622721721456,-0.5934486185271615,-0.0693150536185264,-0.013231865755123362,0.010009656224385433,-0.01090647468625705,-0.06799896274712869,-0.046112996097592784,-0.15614211065881456,-0.03816997358223828,-0.14244559300701898,-0.05379652742756291,-0.1562024967607213,0.0017363169356099384,0.004384379700884344,0.04833964748747399,0.17232766290938184,0.01263558493864081,0.05175864428329413,False,False,False
40,252,near_high_high_volume_low_rsi,-1,1,1,-1,0.5,2,0.0005,0.21682393712278336,1.0120979415180413,-0.23166749721119229,0.0012707700087211116,0.011059095986819756,0.017744156232556207,0.08059482130407669,3,3,0.0055529776505186534,0.010888229173653952,0.05444114586826976,0.005895390105999557,0.02938452879267528,0.2326373304873619,0.07194842803501533,0.49035675523840083,-0.0382807149868023,-0.1075337891597552,-0.04997906459012724,-0.18846227603881394,0.0064458163665965795,0.016318397428263354,0.022058125058946443,0.06522524215900927,0.004660138934440727,0.0054580609190445495,0.020642443617051143,0.09077141466833483,True,True,False
40,252,near_high_high_volume_low_rsi,-1,1,1,-1,0.5,3,0.0005,0.17896386895153493,0.8636442209130627,-0.20648298532333764,-0.03658929816252732,-0.13739462461815888,0.007024871690159085,0.039777711355447165,1,2,-0.019916843408772644,-0.08690589733916321,-0.43452948669581604,-0.1697460475872558,0.029096037915467665,0.22285678840576062,0.062232779163304386,0.4353749926809186,-0.13934976516673792,-0.5121771389886625,-0.054583412218761174,-0.2187803658343026,-0.016041713604895813,-0.04653001942274115,-0.005859523479787576,-0.011282220875719395,-0.023791973212649475,-0.12728177525558526,0.023624132125638075,0.10339460719219418,False,False,False
40,252,near_high_high_volume_low_rsi,-1,1,1,-1,0.5,5,0.0005,0.22353660822450405,1.037170112719974,-0.21988831808861642,0.007983441110441802,0.03613126718875237,0.007983441110441802,0.03613126718875237,2,2,0.007604010757125468,0.03708405720095387,0.15208021514250936,0.03609377133569535,-0.007402898651975409,-0.04086705970146243,-0.007402898651975409,-0.04086705970146243,0.027184950155421106,0.13181224106284484,0.027184950155421106,0.13181224106284484,-0.009693247026736573,-0.023138066479693187,-0.009693247026736573,-0.023138066479693187,0.022610920166226345,0.09730618088160092,0.022610920166226345,0.09730618088160092,False,False,False
40,252,near_high_high_volume_low_rsi,-1,1,1,-1,0.5,10,0.0005,0.29934496240901964,1.3117921832505528,-0.1967281670081955,0.0837917952949574,0.3107533377193312,0.018434731190091425,0.10695322699474241,3,2,0.05764670041052955,0.2708028989057932,1.152934008210591,0.3104308480201122,0.011803552939430473,0.12570295878709747,0.13748061764550412,0.8726315042455131,-0.06029515790233586,-0.1876912225299916,-0.0910177868326294,-0.3561069802036305,0.2991649190740633,0.7370732795857279,0.0,0.0,0.10348984788162863,0.4159028390244889,0.006675532003495022,0.031619041165375394,True,False,False
40,252,near_high_high_volume_low_rsi,-1,1,1,-1,1.0,1,0.0005,0.18253979602651782,0.8866432390161875,-0.2443658344387345,-0.03301337108754443,-0.11439560651503411,-0.02611217486816031,-0.08812186155827462,0,1,-0.030636312367909868,-0.09898995943133826,-0.6127262473581974,-0.15315651135886607,-0.0299218347336474,-0.0859233521395606,-0.02759644366478109,-0.16393197111107471,-0.028403900206031674,-0.08920654986819887,-0.02046087769067717,-0.07551003221640329,-0.04215646864113398,-0.10877336899447765,0.013376375722038869,0.051813507467127984,-0.031350790002172335,-0.15161847224650815,-0.06705485255100552,-0.27218749087259586,False,False,False
40,252,near_high_high_volume_low_rsi,-1,1,1,-1,1.0,2,0.0005,0.20186274452088626,0.9624003247260886,-0.21461068993556343,-0.013690422593175988,-0.03863852080513297,0.0027829636306591077,0.030897204512123966,2,2,-0.01760994078822653,-0.08848122742958298,-0.4424061371479149,-0.06351297351122452,-0.053882943646195836,-0.2265267986525631,-0.011319044403855782,0.03119262609847584,0.045559385315000256,0.2035705185391843,0.033861035711675314,0.12264203166012555,0.011229512004079512,0.041672991697620176,0.026841820696429375,0.09057983642836609,-0.04644939358053257,-0.21863544655678613,-0.030467088897922157,-0.13332209280749585,False,False,False
40,252,near_high_high_volume_low_rsi,-1,1,1,-1,1.0,3,0.0005,0.12231148269593395,0.6343387482240879,-0.31625274668286707,-0.0932416844181283,-0.3667000973071337,-0.0496275145654419,-0.18952776133352767,1,1,-0.10904054101969551,-0.5087672152799745,-2.5438360763998724,-0.43256930838222607,-0.11709321052844701,-0.6557544097632423,-0.08395646928061029,-0.4432362054880843,-0.10098787151094402,-0.36178002079670657,-0.016221518562967274,-0.06838324764234671,0.019913365007035555,0.06529322738950039,0.030095555132143792,0.10054102593652214,-0.15866229603256998,-0.7432429632861187,-0.11124619069428243,-0.5125665808383393,False,False,False
40,252,near_high_high_volume_low_rsi,-1,1,1,-1,1.0,5,0.0005,0.19553672895071617,0.9345218919208121,-0.20257001570842104,-0.020016438163346084,-0.06651695361040943,-0.020016438163346084,-0.06651695361040943,1,1,-0.008524824389644081,-0.0019905229102405997,-0.17049648779288162,-0.09286079360993185,-0.009222785673772327,0.006597786448456322,-0.009222785673772327,0.006597786448456322,0.032152589656113895,0.10224560162099627,0.032152589656113895,0.10224560162099627,-0.007826863105515836,-0.010578832268937521,-0.007826863105515836,-0.010578832268937521,-0.08322871290608269,-0.3836032885701867,-0.08322871290608269,-0.3836032885701867,False,False,False
40,252,near_high_high_volume_low_rsi,-1,1,1,-1,1.0,10,0.0005,0.263837032198474,1.1905347467828673,-0.2183673220869432,0.04828386508441174,0.18949590125164573,-0.017073199020454233,-0.014304209472943086,2,1,-0.00832832980528897,-0.009921260653584119,-0.1665665961057794,0.18929924857320185,-0.038012177910287104,-0.1992498002798353,0.08766488679578655,0.5476787451785803,0.010095911894409504,0.09336208403151147,-0.020626717035884035,-0.07505367364212745,0.28053671387841295,0.7042923998834144,-0.018628205195650338,-0.03278087970231347,-0.026752571504987444,-0.11320460533867971,-0.12356688738312105,-0.4974884031977932,False,False,False
40,252,near_high_low_volume_high_rsi,-1,1,-1,1,0.25,1,0.0005,0.20865197089467813,0.9747651005744621,-0.26077643000923156,-0.00690119621938412,-0.026273744956759493,0.0,0.0,1,0,-0.005134206792110407,0.03215605065985927,-0.10268413584220815,-0.032016213502129985,-0.0023253910688663115,0.07800861897151412,0.0,0.0,-0.007943022515354503,-0.013696517651795581,0.0,0.0,-0.05553284436317285,-0.16058687646160563,0.0,0.0,0.03570406254883318,0.12056901862608771,0.0,0.0,False,False,False
40,252,near_high_low_volume_high_rsi,-1,1,-1,1,0.25,2,0.0005,0.19907978089022715,0.9315031202139646,-0.23166749721119217,-0.016473386223835096,-0.06953572531725694,0.0,0.0,1,0,-0.01579730668748014,-0.0671100992400181,-0.3355504962000905,-0.07642377258654719,-0.04256389924234005,-0.25771942475103893,0.0,0.0,0.011698349603324942,0.08092848687905874,0.0,0.0,-0.015612308692349863,-0.04890684473074591,0.0,0.0,-0.015982304682610415,-0.08531335374929028,0.0,0.0,False,False,False
40,252,near_high_low_volume_high_rsi,-1,1,-1,1,0.25,3,0.0005,0.17193899726137585,0.8238665095576155,-0.20648298532333742,-0.0436141698526864,-0.17717233597360604,0.0,0.0,0,0,-0.040276423293062136,-0.22159729336146872,-1.1079864668073436,-0.20233601963086675,-0.03313674124783672,-0.212518204275158,0.0,0.0,-0.08476635294797674,-0.29339677315435986,0.0,0.0,-0.010182190125108237,-0.03524779854702176,0.0,0.0,-0.04741610533828755,-0.23067638244777944,0.0,0.0,False,False,False
40,252,near_high_low_volume_high_rsi,-1,1,-1,1,0.25,5,0.0005,0.21555316711406225,1.0010388455312216,-0.21988831808861653,0.0,0.0,0.0,0.0,0,0,0.0,0.0,0.0,0.0,0.0,0.0,0.0,0.0,0.0,0.0,0.0,0.0,0.0,0.0,0.0,0.0,0.0,0.0,0.0,0.0,False,False,False
40,252,near_high_low_volume_high_rsi,-1,1,-1,1,0.25,10,0.0005,0.2809102312189282,1.2048389562558104,-0.19672816700819518,0.06535706410486597,0.2038001107245888,0.0,0.0,3,0,0.06376847240421357,0.2763497777663762,1.2753694480842714,0.2035886136031396,-0.12567706470607365,-0.7469285454584156,0.0,0.0,0.03072262893029354,0.16841575767363892,0.0,0.0,0.2991649190740633,0.7370732795857279,0.0,0.0,0.0968143158781336,0.3842837978591135,0.0,0.0,True,False,False
40,252,near_high_low_volume_high_rsi,-1,1,-1,1,0.5,1,0.0005,0.2144241587486826,1.0001914611574045,-0.26077643000923145,-0.0011290083653796579,-0.0008473843738170395,0.0057721878540044624,0.025426360582942453,1,1,-0.008807215435794324,0.013404770088761508,-0.1761443087158865,-0.005237725710530762,-0.004833326441000763,0.06299238747660696,-0.002507935372134451,-0.015016231494907162,-0.022273258923745543,-0.05690908152406382,-0.01433023640839104,-0.04321256387226824,-0.012781104430587886,-0.03618284729908394,0.042751739932584965,0.12440402916252169,0.03191689012426524,0.10825362683725437,-0.0037871724245679417,-0.01231539178883334,False,False,False
40,252,near_high_low_volume_high_rsi,-1,1,-1,1,0.5,2,0.0005,0.20241767863074078,0.9472518764806649,-0.23166749721119195,-0.013135488483321467,-0.05378696905055669,0.003337897740513629,0.015748756266700248,1,2,-0.019871601127847915,-0.06303272678586275,-0.3974320225569583,-0.06093850839301602,-0.045696831382426195,-0.2741533656047308,-0.003132932140086142,-0.016433940853691875,-0.035586004638801905,-0.09623459802749412,-0.04728435424212685,-0.17716308490655286,0.03389987695265151,0.09029786881410473,0.04951218564500137,0.13920471354485064,-0.004157197616893926,-0.02983085554423137,0.01182510706571649,0.055482498205058906,False,False,False
40,252,near_high_low_volume_high_rsi,-1,1,-1,1,0.5,3,0.0005,0.16399309317673594,0.7948204004679854,-0.2064829853233372,-0.05156007393732631,-0.20621844506323617,-0.00794590408463991,-0.029046109089630123,1,2,-0.04168364895654397,-0.2296965888246282,-1.148482944123141,-0.23919886971571497,-0.03763416381877338,-0.23626781841139555,-0.00449742257093666,-0.02374961413623755,-0.1470540668535536,-0.5519403965392475,-0.06228771390557686,-0.2585436233848877,0.023691529121787624,0.06214461476248212,0.03387371924689586,0.09739241330950388,-0.045733134094314565,-0.22312535923786087,0.001682971243972986,0.0075510232099185726,False,False,False
40,252,near_high_low_volume_high_rsi,-1,1,-1,1,0.5,5,0.0005,0.20390346883997545,0.9587314630467435,-0.21988831808861653,-0.011649698274086795,-0.04230738248447807,-0.011649698274086795,-0.04230738248447807,2,2,0.0013486402879075987,0.004379671954580333,0.021898359772901665,-0.05404559083987958,0.0,0.0,0.0,0.0,-0.056296849102369206,-0.20382738561575264,-0.056296849102369206,-0.20382738561575264,0.0036231805466540035,0.012896620350897559,0.0036231805466540035,0.012896620350897559,0.0026972805758151974,0.008759343909160666,0.0026972805758151974,0.008759343909160666,False,False,False
40,252,near_high_low_volume_high_rsi,-1,1,-1,1,0.5,10,0.0005,0.2657988546836634,1.177777003100268,-0.1967281670081954,0.05024568756960113,0.17673815756904632,-0.015111376535264842,-0.027061953155542495,2,1,0.018490797963188088,0.02109597647900474,0.1054798823950237,0.17655474446174627,-0.05113249076906423,-0.30813943540735955,0.07454457393700942,0.4387891100510561,-0.09522732901678843,-0.32063956271285043,-0.12594995794708197,-0.48905532038648936,0.28407279019078735,0.7010158252428172,-0.015092128883275935,-0.03605745434291063,0.08811408669544041,0.35033138836536903,-0.008700229182693198,-0.03395240949374445,False,False,False
40,252,near_high_low_volume_high_rsi,-1,1,-1,1,1.0,1,0.0005,0.11758835383029353,0.6255072304443835,-0.23026953027247443,-0.09796481328376871,-0.3755316150868381,-0.0910636170643846,-0.3492578701300786,0,1,-0.07007754546197964,-0.3577198453394136,-1.7885992266970678,-0.45448097374477264,-0.10923699257533115,-0.5648784488606438,-0.10691160150646484,-0.6428870678321579,-0.24244927724658072,-0.971185867861767,-0.23450625473122622,-0.9574893502099714,-0.00946872902556195,-0.016773468979618067,0.0460641153376109,0.14381340748198757,-0.03091809834862813,-0.15056124181818342,-0.06662216089746131,-0.27113026044427113,False,False,False
40,252,near_high_low_volume_high_rsi,-1,1,-1,1,1.0,2,0.0005,0.10250698474377051,0.5622179091740448,-0.25066730075491706,-0.11304618237029174,-0.4388209363571768,-0.09657279614645664,-0.36928521103991985,0,0,-0.08921444565893344,-0.4432683895590475,-2.2163419477952373,-0.5244468633136443,-0.09804869002587302,-0.5136884072226163,-0.05548479078353297,-0.2559689824715774,-0.24514187509705998,-0.9852398067225073,-0.2568402247003849,-1.066168293601566,-0.02915691257123121,-0.06944335836084747,-0.013544603878881345,-0.02053651363010156,-0.08038020129199386,-0.3728483718954787,-0.06439789660938344,-0.2875350181461884,False,False,False
40,252,near_high_low_volume_high_rsi,-1,1,-1,1,1.0,3,0.0005,0.13648650228869053,0.7107597892752291,-0.2310822594832438,-0.07906666482537172,-0.2902790562559925,-0.03545249497268532,-0.11310672028238644,1,1,-0.06728885710366272,-0.3328009803146954,-1.664004901573477,-0.36680817955011885,-0.0836489639593736,-0.42874176828685817,-0.05051222271153688,-0.21622356401170018,-0.2772664625685064,-1.1361498608520448,-0.19250010962052966,-0.842753087697685,0.11315038583329518,0.35471954305525044,0.12333257595840341,0.3899673416022722,-0.05092875024795185,-0.23686019234253264,-0.0035126449096642975,-0.0061838098947532005,False,False,False
40,252,near_high_low_volume_high_rsi,-1,1,-1,1,1.0,5,0.0005,0.1193591111185821,0.6453668414670819,-0.2772677727370674,-0.09619405599548014,-0.3556720040641397,-0.09619405599548014,-0.3556720040641397,1,1,-0.13754354781474815,-0.6792708285747499,-3.396354142873749,-0.4462660293206364,-0.19700046466958365,-1.1213061379800628,-0.19700046466958365,-1.1213061379800628,-0.24906460704912892,-1.0015007698518925,-0.24906460704912892,-1.0015007698518925,0.1773112002172199,0.59198971072273,0.1773112002172199,0.59198971072273,-0.07808663095991264,-0.3570408872976072,-0.07808663095991264,-0.3570408872976072,False,False,False
40,252,near_high_low_volume_high_rsi,-1,1,-1,1,1.0,10,0.0005,0.1451037446872867,0.7414028393681822,-0.2842355638277413,-0.07044942242677554,-0.2596360061630394,-0.1358064865316415,-0.4634361168876282,1,0,-0.08662624633903604,-0.4866513943643995,-2.4332569718219976,-0.32683083885979963,-0.17058148421743047,-0.9662913710067794,-0.04490441951135682,-0.21936282554836378,-0.3176104161988529,-1.3299837596691833,-0.3483330451291464,-1.4983995173428222,0.2677956566224995,0.8015757629218275,-0.031369262451563795,0.06450248333609965,-0.0026710084606416107,-0.0070114177220196305,-0.09948532433877522,-0.3912952155811331,False,False,False
40,252,near_high_low_volume_low_rsi,-1,1,-1,-1,0.25,1,0.0005,0.20865197089467813,0.9747651005744621,-0.26077643000923156,-0.00690119621938412,-0.026273744956759493,0.0,0.0,1,0,-0.005134206792110407,0.03215605065985927,-0.10268413584220815,-0.032016213502129985,-0.0023253910688663115,0.07800861897151412,0.0,0.0,-0.007943022515354503,-0.013696517651795581,0.0,0.0,-0.05553284436317285,-0.16058687646160563,0.0,0.0,0.03570406254883318,0.12056901862608771,0.0,0.0,False,False,False
40,252,near_high_low_volume_low_rsi,-1,1,-1,-1,0.25,2,0.0005,0.19907978089022715,0.9315031202139646,-0.23166749721119217,-0.016473386223835096,-0.06953572531725694,0.0,0.0,1,0,-0.01579730668748014,-0.0671100992400181,-0.3355504962000905,-0.07642377258654719,-0.04256389924234005,-0.25771942475103893,0.0,0.0,0.011698349603324942,0.08092848687905874,0.0,0.0,-0.015612308692349863,-0.04890684473074591,0.0,0.0,-0.015982304682610415,-0.08531335374929028,0.0,0.0,False,False,False
40,252,near_high_low_volume_low_rsi,-1,1,-1,-1,0.25,3,0.0005,0.17193899726137585,0.8238665095576155,-0.20648298532333742,-0.0436141698526864,-0.17717233597360604,0.0,0.0,0,0,-0.040276423293062136,-0.22159729336146872,-1.1079864668073436,-0.20233601963086675,-0.03313674124783672,-0.212518204275158,0.0,0.0,-0.08476635294797674,-0.29339677315435986,0.0,0.0,-0.010182190125108237,-0.03524779854702176,0.0,0.0,-0.04741610533828755,-0.23067638244777944,0.0,0.0,False,False,False
40,252,near_high_low_volume_low_rsi,-1,1,-1,-1,0.25,5,0.0005,0.21555316711406225,1.0010388455312216,-0.21988831808861653,0.0,0.0,0.0,0.0,0,0,0.0,0.0,0.0,0.0,0.0,0.0,0.0,0.0,0.0,0.0,0.0,0.0,0.0,0.0,0.0,0.0,0.0,0.0,0.0,0.0,False,False,False
40,252,near_high_low_volume_low_rsi,-1,1,-1,-1,0.25,10,0.0005,0.2809102312189282,1.2048389562558104,-0.19672816700819518,0.06535706410486597,0.2038001107245888,0.0,0.0,3,0,0.06376847240421357,0.2763497777663762,1.2753694480842714,0.2035886136031396,-0.12567706470607365,-0.7469285454584156,0.0,0.0,0.03072262893029354,0.16841575767363892,0.0,0.0,0.2991649190740633,0.7370732795857279,0.0,0.0,0.0968143158781336,0.3842837978591135,0.0,0.0,True,False,False
40,252,near_high_low_volume_low_rsi,-1,1,-1,-1,0.5,1,0.0005,0.21134177806683074,0.987483215343083,-0.2442585750716011,-0.004211389047231506,-0.013555630188138545,0.002689807172152614,0.012718114768620947,1,1,-0.013871222405829053,0.0016523825261819391,-0.27742444811658107,-0.019537588352867973,-0.004833326441000763,0.06299238747660696,-0.002507935372134451,-0.015016231494907162,-0.022909118370657344,-0.05968762242424308,-0.014966095855302841,-0.0459911047724475,-0.024655593311070145,-0.06986523049017501,0.030877251052102705,0.09072164597143062,0.03197959248894944,0.10512427544208858,-0.0037244700598837444,-0.015444743183999132,False,False,False
40,252,near_high_low_volume_low_rsi,-1,1,-1,-1,0.5,2,0.0005,0.20105146947417962,0.9502170614777475,-0.21449920693996816,-0.014501697639882627,-0.05082178405347404,0.001971688583952469,0.018713941263782896,1,1,-0.026564788155374885,-0.09375455310135439,-0.5312957631074977,-0.067276662338294,-0.045696831382426195,-0.2741533656047308,-0.003132932140086142,-0.016433940853691875,-0.03403090654949392,-0.0887160576488022,-0.045729256152818865,-0.16964454452786093,0.04360202165734672,0.1382804290848848,0.05921433034969659,0.18718727381563072,-0.01909866976125585,-0.09879304855390658,-0.0031163650786454333,-0.013479694804616305,False,False,False
40,252,near_high_low_volume_low_rsi,-1,1,-1,-1,0.5,3,0.0005,0.1781006617991081,0.8566856980407174,-0.18963741663300038,-0.03745250531495414,-0.1443531474905042,0.006161664537732259,0.032819188483101835,1,2,-0.0420713124161054,-0.23152634784731205,-1.1576317392365603,-0.17375066122380728,-0.03763416381877338,-0.23626781841139555,-0.00449742257093666,-0.02374961413623755,-0.1597935009490552,-0.614790448096933,-0.07502714800107846,-0.3213936749425731,0.10166194925345406,0.3015902811692247,0.1118441393785623,0.33683807971624646,-0.04650846101343742,-0.22678487728322855,0.000907644324850132,0.0038915051645508902,False,False,False
40,252,near_high_low_volume_low_rsi,-1,1,-1,-1,0.5,5,0.0005,0.21126021850822863,1.0095567537846681,-0.20245682358537187,-0.004292948605833624,0.00851790825344656,-0.004292948605833624,0.00851790825344656,1,1,0.0,0.0,0.0,-0.019915961631693235,0.0,0.0,0.0,0.0,-0.15583133810172867,-0.6173906639116521,-0.15583133810172867,-0.6173906639116521,0.14716115317069267,0.4801361418408886,0.14716115317069267,0.4801361418408886,0.0,0.0,0.0,0.0,False,False,False
40,252,near_high_low_volume_low_rsi,-1,1,-1,-1,0.5,10,0.0005,0.28614448410754023,1.2524604305090876,-0.19672816700819518,0.07059131699347798,0.25142158497786604,0.005234252888612012,0.04762147425327723,3,2,0.07228301610382704,0.29513619297453814,1.4456603220765407,0.25116066784046137,-0.12567706470607365,-0.7469285454584156,0.0,0.0,0.047751716329520466,0.2059885880899628,0.017029087399226928,0.037572830416323866,0.30489820199917284,0.8690802235793896,0.005733282925109551,0.13200694399366175,0.0968143158781336,0.3842837978591135,0.0,0.0,True,False,False
40,252,near_high_low_volume_low_rsi,-1,1,-1,-1,1.0,1,0.0005,0.12936049885975032,0.6831331332045326,-0.24991808549701733,-0.08619266825431193,-0.31790571232668896,-0.07929147203492781,-0.29163196736992947,1,1,-0.06582669066426472,-0.3525601843936269,-1.7628009219681344,-0.39986732465267916,-0.12197315176903678,-0.6458821906246582,-0.11964776070017047,-0.7238908095961724,-0.24824718603434648,-0.9966392082542543,-0.24030416351899198,-0.9829426906024588,0.04086997759869093,0.15685586159892628,0.09640282196186378,0.3174427380605319,-0.009680229559492659,-0.05923817816259558,-0.04538429210832584,-0.1798071967886833,False,False,False
40,252,near_high_low_volume_low_rsi,-1,1,-1,-1,1.0,2,0.0005,0.15925495723913619,0.8066392972536356,-0.23765714815194194,-0.056298209874926064,-0.194399548277586,-0.03982482365109097,-0.12486382296032905,1,1,-0.06782986174588757,-0.3368748060186937,-1.6843740300934684,-0.26118015628661706,-0.08659074644844234,-0.442745286700983,-0.04402684720610228,-0.18502586194994408,-0.22550805796735762,-0.8827019296949046,-0.23720640757068256,-0.9636304165739633,0.1565057437528774,0.46843868318206605,0.17211805244522727,0.517345527912812,-0.049068977043332795,-0.23100432533640441,-0.03308667236072238,-0.14569097158711414,False,False,False
40,252,near_high_low_volume_low_rsi,-1,1,-1,-1,1.0,3,0.0005,0.15614459658753121,0.7930849313214936,-0.24431415320556893,-0.059408570526531035,-0.20795391420972797,-0.015794400673844633,-0.03078157823612193,1,2,-0.053390198904160524,-0.29396321895768235,-1.4698160947884116,-0.27560982435064085,-0.10401360173266516,-0.552965844016491,-0.07087686048482844,-0.34044763974133296,-0.2536809197943086,-1.0183120977111664,-0.16891456684633188,-0.7249153245568065,0.14197540037008483,0.4423724539626229,0.15215759049519306,0.4776202525096447,-0.0027667960756558863,-0.03496059389887374,0.044649309262631665,0.1957157885489057,False,False,False
40,252,near_high_low_volume_low_rsi,-1,1,-1,-1,1.0,5,0.0005,0.1416662154774655,0.7475531731350791,-0.18883874331360984,-0.07388695163659675,-0.2534856723961425,-0.07388695163659675,-0.2534856723961425,1,1,-0.0769172760393807,-0.2832809684919572,-1.538345520787614,-0.342778316022138,-0.1404590556595673,-0.7892725012889906,-0.1404590556595673,-0.7892725012889906,-0.11509552188675065,-0.395721381513942,-0.11509552188675065,-0.395721381513942,0.0021893837854511933,0.09064134072685925,0.0021893837854511933,0.09064134072685925,-0.03873903019201075,-0.17084055546997245,-0.03873903019201075,-0.17084055546997245,False,False,False
40,252,near_high_low_volume_low_rsi,-1,1,-1,-1,1.0,10,0.0005,0.19966953923296704,0.9650025334583613,-0.22700011738130543,-0.015883627881095208,-0.03603631207286029,-0.08124069198596118,-0.2398364227974491,2,2,-0.038330198666429394,-0.22303757238322874,-1.1151878619161437,-0.07368774995864578,-0.09824036717037976,-0.5448887945121363,0.027436697535693888,0.2020397509462793,-0.2823674521311472,-1.162590980283293,-0.31309008106144076,-1.331006737956932,0.3630134693873712,1.0200310955722398,0.06384855031330794,0.2829578159865118,0.021579969837520974,0.09881364974567886,-0.07523434604061263,-0.28547014811343463,False,False,False
40,252,pullback_high_volume_high_rsi,1,-1,1,1,0.25,1,0.0005,0.20796532029141424,0.9721286240545935,-0.26077643000923156,-0.0075878468226480145,-0.02891022147662803,-0.0006866506032638942,-0.002636476519868536,1,0,-0.005134206792110407,0.03215605065985927,-0.10268413584220815,-0.035201741288416445,-0.0023253910688663115,0.07800861897151412,0.0,0.0,-0.007943022515354503,-0.013696517651795581,0.0,0.0,-0.05553284436317285,-0.16058687646160563,0.0,0.0,0.03305592096686527,0.10963083542078111,-0.002648141581967911,-0.010938183205306595,False,False,False
40,252,pullback_high_volume_high_rsi,1,-1,1,1,0.25,2,0.0005,0.19447590552597238,0.9136055356074075,-0.23166749721119217,-0.02107726158808987,-0.08743330992381404,-0.0046038753642547725,-0.017897584606557104,1,0,-0.02430685043797276,-0.10505831376879388,-0.5252915688439693,-0.09778219392590326,-0.04256389924234005,-0.25771942475103893,0.0,0.0,0.011698349603324942,0.08092848687905874,0.0,0.0,-0.015612308692349863,-0.04890684473074591,0.0,0.0,-0.03300139218359566,-0.16120978280684184,-0.01701908750098524,-0.07589642905755156,False,False,False
40,252,pullback_high_volume_high_rsi,1,-1,1,1,0.25,3,0.0005,0.16326005162725843,0.7900973971327995,-0.21592743407478743,-0.05229311548680382,-0.2109414483984221,-0.008678945634117419,-0.03376911242481606,0,0,-0.05614082917912444,-0.2529574887147589,-1.2647874435737945,-0.2425996156165609,-0.03313674124783672,-0.212518204275158,0.0,0.0,-0.08476635294797674,-0.29339677315435986,0.0,0.0,-0.010182190125108237,-0.03524779854702176,0.0,0.0,-0.07914491711041216,-0.37217597441092193,-0.03172881177212461,-0.1414995919631425,False,False,False
40,252,pullback_high_volume_high_rsi,1,-1,1,1,0.25,5,0.0005,0.20106796177280484,0.9445356581155264,-0.21988831808861653,-0.014485205341257412,-0.056503187415695155,-0.014485205341257412,-0.056503187415695155,0,0,0.0,0.0,0.0,-0.06720015082679073,0.0,0.0,0.0,0.0,0.0,0.0,0.0,0.0,0.0,0.0,0.0,0.0,-0.05293284094279094,-0.2435828608543536,-0.05293284094279094,-0.2435828608543536,False,False,False
40,252,pullback_high_volume_high_rsi,1,-1,1,1,0.25,10,0.0005,0.26781731061158043,1.155129778768967,-0.19672816700819518,0.05226414349751818,0.15409093323774536,-0.013092920607347791,-0.04970917748684345,3,0,0.03905716534562542,0.16868796172508443,0.7811433069125084,0.15393102268271505,-0.12567706470607365,-0.7469285454584156,0.0,0.0,0.03072262893029354,0.16841575767363892,0.0,0.0,0.2991649190740633,0.7370732795857279,0.0,0.0,0.047391701760957305,0.16896016577652995,-0.0494226141171763,-0.21532363208258354,True,False,False
40,252,pullback_high_volume_high_rsi,1,-1,1,1,0.5,1,0.0005,0.18350803852086295,0.868593806639497,-0.26077643000923123,-0.0320451285931993,-0.13244503889172454,-0.02514393237381518,-0.10617129393496505,0,1,-0.033426993897577195,-0.10868367261600664,-0.6685398779515439,-0.14866461496361258,-0.05497311840465002,-0.24775684182085655,-0.05264772733578371,-0.3257654607923707,-0.014238517232091574,-0.05519549138125113,-0.006295494716737071,-0.041498973729455546,-0.052615470563062816,-0.15870919940522377,0.0029173738001100347,0.0018776770563818657,-0.006088679879861836,-0.05865814582678952,-0.04179274242869502,-0.17922716445287723,False,False,False
40,252,pullback_high_volume_high_rsi,1,-1,1,1,0.5,2,0.0005,0.1962909032210629,0.906289640116671,-0.23166749721119262,-0.019262263892999343,-0.09474920541455056,-0.002788877669164247,-0.025213480097293628,1,2,-0.02119608950907359,-0.11718181613065304,-0.5859090806532652,-0.09465087777314973,-0.026359240610700496,-0.18032846771966637,0.016204658631639557,0.07739095703137255,-0.07165742937782071,-0.28416239601981763,-0.08335577898114566,-0.36509088289887637,-0.016032938407446684,-0.0540351645416397,-0.0004206297150968208,-0.005128319810893789,0.031598579658393966,0.09714974987031288,0.04758088434100438,0.18246310361960316,False,False,False
40,252,pullback_high_volume_high_rsi,1,-1,1,1,0.5,3,0.0005,0.163362180536059,0.7713011583166239,-0.20648298532333687,-0.05219098657800325,-0.22973768721459764,-0.00857681672531685,-0.0525653512409916,0,1,-0.054899985115048455,-0.20386252697261303,-1.097999702300969,-0.2421258164598706,-0.08163158314959995,-0.5471832648811025,-0.04849484190176323,-0.3346650606059445,-0.08565969721962086,-0.31229591548667823,-0.0008933442716441142,-0.018899142332318375,-0.02816838708049696,-0.08859336864420064,-0.017986196955388722,-0.053345570097178885,-0.015616946232781759,-0.09542913845854784,0.03179915910550579,0.1352472439892316,False,False,False
40,252,pullback_high_volume_high_rsi,1,-1,1,1,0.5,5,0.0005,0.18408492739132676,0.863523858371415,-0.21988831808861642,-0.03146823972273549,-0.1375149871598066,-0.03146823972273549,-0.1375149871598066,1,1,-0.0182135179617382,-0.06707393168370929,-0.36427035923476403,-0.14598829673462296,-0.009143565294472245,-0.05434470963322591,-0.009143565294472245,-0.05434470963322591,-0.1236450333247554,-0.5156862321792687,-0.1236450333247554,-0.5156862321792687,-0.02728347062900416,-0.07980315373419267,-0.02728347062900416,-0.07980315373419267,0.027299514956688586,0.08802287363083683,0.027299514956688586,0.08802287363083683,False,False,False
40,252,pullback_high_volume_high_rsi,1,-1,1,1,0.5,10,0.0005,0.20362224324197964,0.8980671937523172,-0.30941183511046755,-0.01193092387208261,-0.10297165177890433,-0.07728798797694858,-0.30677176250349314,1,0,-0.01569577665966848,-0.06869958024185441,-0.34349790120927204,-0.1028647911502978,-0.23718886324539312,-1.2569717855272224,-0.11151179853931947,-0.5100432400688066,-0.0011028252546905204,0.02570718187209331,-0.03182545418498406,-0.1427085758015456,0.2914154233219992,0.7039169524878989,-0.007749495752064073,-0.03315632709782901,-0.030288728064646442,-0.16310634235580213,-0.12710304394278005,-0.5473901402149156,False,False,False
40,252,pullback_high_volume_high_rsi,1,-1,1,1,1.0,1,0.0005,0.032205107308589165,0.253167279456311,-0.2897458194877255,-0.18334805980547308,-0.7478715660749106,-0.17644686358608896,-0.7215978211181511,0,0,-0.19109590313309988,-0.7071342720157898,-3.8219180626619975,-0.8505932075145642,-0.22328692383850113,-1.2441756254144232,-0.22096153276963482,-1.3221842443859373,-0.20321553669281278,-0.8195101604389569,-0.19527251417745828,-0.8058136427871613,-0.17897626957338697,-0.5396854667192927,-0.12344342521021412,-0.37909859025768716,-0.1294279347907662,-0.5947583835926229,-0.16513199733959938,-0.7153274022187106,False,False,False
40,252,pullback_high_volume_high_rsi,1,-1,1,1,1.0,2,0.0005,0.14681517104513375,0.6953120139019612,-0.2702105213039462,-0.0687379960689285,-0.3057268316292604,-0.0522646098450934,-0.23619110631200346,1,1,-0.03538175617435391,-0.19974645085623163,-0.9987322542811581,-0.31889114407006164,-0.24848222492310923,-1.3543190740836022,-0.20591832568076918,-1.0965996493325634,-0.014390890919067756,-0.10904070679361322,-0.026089240522392698,-0.18996919367267195,0.08192106349633232,0.22502466202345162,0.09753337218868219,0.27393150675419753,-0.05637262142964006,-0.29045219491885005,-0.04039031674702964,-0.20513884116955977,False,False,False
40,252,pullback_high_volume_high_rsi,1,-1,1,1,1.0,3,0.0005,0.04288576267694877,0.2966477739408227,-0.35651428819644826,-0.17266740443711348,-0.7043910715903989,-0.12905323458442708,-0.5272187356167928,0,0,-0.16993357586136226,-0.7450879151787101,-3.7254395758935503,-0.8010432263597626,-0.17625735422704958,-0.992998556222823,-0.14312061297921286,-0.780480351947665,-0.15549200292980503,-0.6259922645304509,-0.07072564998182829,-0.332595491376091,-0.16360979749567495,-0.4898646136004417,-0.1534276073705667,-0.45461681505341994,-0.19085877287173714,-0.8641835658269693,-0.14344266753344959,-0.6335071833791899,False,False,False
40,252,pullback_high_volume_high_rsi,1,-1,1,1,1.0,5,0.0005,0.021127435706298492,0.2076366130571325,-0.38281697058542785,-0.19442573140776376,-0.793402232474089,-0.19442573140776376,-0.793402232474089,1,1,-0.2553654585087366,-1.1958461621653642,-5.979230810826821,-0.9019850369671503,-0.25271097283657973,-1.343464437902975,-0.25271097283657973,-1.343464437902975,-0.25801994418089347,-1.0482278864277532,-0.25801994418089347,-1.0482278864277532,0.0916460366023395,0.26040406549590045,0.0916460366023395,0.26040406549590045,-0.3023455591798231,-1.4092898811850505,-0.3023455591798231,-1.4092898811850505,False,False,False
40,252,pullback_high_volume_high_rsi,1,-1,1,1,1.0,10,0.0005,0.12454420487922246,0.6099981815622026,-0.30080781973722615,-0.09100896223483979,-0.39104066396901893,-0.15636602633970575,-0.5948407746936077,1,0,-0.10604019400110992,-0.4757046825904324,-2.3785234129521617,-0.4222112041001997,-0.2724590334282776,-1.426863756019956,-0.14678196872220395,-0.6799352105615403,-0.07769700364665622,-0.33663877365271544,-0.10841963257694975,-0.5050545313263544,0.18222848300094396,0.5168123028601784,-0.11693643607311932,-0.22026097672554945,-0.13438338435556363,-0.6147705915281494,-0.23119770023369723,-0.9990543893872629,False,False,False
40,252,pullback_high_volume_low_rsi,1,-1,1,-1,0.25,1,0.0005,0.21995011699044387,1.0134353227610338,-0.26077643000923134,0.004396949876381617,0.012396477229812186,0.011298146095765738,0.03867022218657168,3,3,0.02542358731210459,0.12923190201192292,0.5084717462420918,0.012383612569234257,0.021431439306863087,0.2205351770004973,0.0237568303757294,0.14252655802898317,0.029415735317346092,0.10192966085341504,0.037358757832700595,0.11562617850521062,-0.07755653243939387,-0.22639534676517004,-0.022023688076221015,-0.0658084703035644,0.04495849070398594,0.1565341431704308,0.00925442815515276,0.035965124544343086,True,True,False
40,252,pullback_high_volume_low_rsi,1,-1,1,-1,0.25,2,0.0005,0.21390367182061332,0.9810390675633724,-0.23166749721119273,-0.0016494952934489326,-0.01999977796784913,0.014823890930386163,0.049535947349407805,1,2,-0.009025271817934777,-0.053953686591031724,-0.2697684329551586,-0.019979022849244018,-0.003180668548836696,-0.057962389644342416,0.03938323069350336,0.1997570351066965,0.05043777185562526,0.20390219867690407,0.038739422252300315,0.12297371179784533,-0.014869875087032858,-0.04994498353772103,0.0007424336053170055,-0.0010381388069751196,-0.03162759078573729,-0.15736338248116444,-0.015645286103126876,-0.07205002873187416,False,False,False
40,252,pullback_high_volume_low_rsi,1,-1,1,-1,0.25,3,0.0005,0.18197504875292103,0.8578704481125083,-0.2119680967690275,-0.03357811836114122,-0.14316839741871323,0.010036051491545184,0.03400393855489281,1,2,-0.03922384440738569,-0.12673257173638458,-0.7844768881477138,-0.15577650196794834,0.01172149626888741,0.014176526402869039,0.04485823751672413,0.22669473067802703,-0.04328514353779189,-0.14648697745001282,0.04148120941018485,0.14690979570434703,-0.035162545276979484,-0.10697816602275634,-0.024980355151871247,-0.07173036747573458,-0.06539251399645019,-0.311816690297199,-0.017976408658162635,-0.08114030784941956,False,False,False
40,252,pullback_high_volume_low_rsi,1,-1,1,-1,0.25,5,0.0005,0.21606143312587167,0.9940754396357123,-0.21988831808861664,0.0005082660118094218,-0.006963405895509256,0.0005082660118094218,-0.006963405895509256,1,1,-0.016279802760199247,-0.08206754941489108,-0.4103377470744554,-0.006956179499521802,-0.0250362778866422,-0.1381920088549411,-0.0250362778866422,-0.1381920088549411,0.07694913136742332,0.2580552301591461,0.07694913136742332,0.2580552301591461,-0.007523327633756294,-0.02594308997484107,-0.007523327633756294,-0.02594308997484107,-0.03106835355498183,-0.1473233303859126,-0.03106835355498183,-0.1473233303859126,False,False,False
40,252,pullback_high_volume_low_rsi,1,-1,1,-1,0.25,10,0.0005,0.30621648782701705,1.2679160826531821,-0.1967281670081954,0.0906633207129548,0.26687723712196054,0.02530625660808883,0.06307712639737173,3,3,0.13911138839668102,0.4827871848586305,2.413935924293152,0.2666002806118245,-0.10491891570713174,-0.6478518598815362,0.020758148998941905,0.09907668557687949,0.16188362008897994,0.5617099317709489,0.1311609911586864,0.39329417409730993,0.2240334636450667,0.5560295657833024,-0.07513145542899657,-0.18104371380242545,0.11633915670438211,0.40954480393395853,0.019524840826248502,0.02526100607484505,True,True,False
40,252,pullback_high_volume_low_rsi,1,-1,1,-1,0.5,1,0.0005,0.10953676329233786,0.5673760271358251,-0.26077643000923145,-0.10601640382172439,-0.43366281839539644,-0.09911520760234027,-0.40738907343863695,0,0,-0.12022899216623117,-0.45057327998598046,-2.4045798433246235,-0.4918341272416781,-0.14731745570307786,-0.8392488174325556,-0.14499206463421155,-0.9172574364040698,-0.1525196153876982,-0.6241325735145199,-0.1445765928723437,-0.6104360558627243,-0.09314052862938449,-0.277013986457441,-0.03760768426621164,-0.11642710999583539,-0.03442517626482933,-0.17774749564772485,-0.07012923881366251,-0.29831651427381256,False,False,False
40,252,pullback_high_volume_low_rsi,1,-1,1,-1,0.5,2,0.0005,0.12388434885744726,0.615856014023435,-0.23166749721119217,-0.09166881825661499,-0.38518283150778654,-0.0751954320327799,-0.3156471061905296,0,0,-0.09728868825982229,-0.4426063542854053,-2.2130317714270262,-0.42527242574964097,-0.12814955071328815,-0.7568333484365581,-0.0855856514709481,-0.4991139236855192,-0.13601757835148454,-0.5653272599161513,-0.14771592795480948,-0.64625574679521,-0.03626798765096351,-0.11029070061739643,-0.020655678958613644,-0.06138385588665052,-0.06642782580635642,-0.31988544865465923,-0.05044552112374601,-0.23457209490536896,False,False,False
40,252,pullback_high_volume_low_rsi,1,-1,1,-1,0.5,3,0.0005,0.07272417632122896,0.416286451853525,-0.2070099443002954,-0.1428289907928333,-0.5847523936776966,-0.09921482094014689,-0.40758005770409056,0,0,-0.1395272707036136,-0.5970537624080544,-2.985268812040272,-0.6626160622230793,-0.2476477387450704,-1.3646547223053336,-0.21451099749723368,-1.1521365180301757,-0.19359098546670261,-0.7893226340248672,-0.10882463251872587,-0.4959258608705074,-0.03404338740129331,-0.1055441370508714,-0.023861197276185075,-0.07029633850384964,-0.08546355594052457,-0.4047848907912415,-0.03804745060223702,-0.1741085083434621,False,False,False
40,252,pullback_high_volume_low_rsi,1,-1,1,-1,0.5,5,0.0005,0.13578810586203338,0.6722066633550774,-0.23161040118381448,-0.07976506125202887,-0.3288321821761442,-0.07976506125202887,-0.3288321821761442,0,0,-0.043955501192766144,-0.2752500295466429,-1.3762501477332145,-0.37004819887346097,-0.058860671245008156,-0.4139834743887969,-0.058860671245008156,-0.4139834743887969,-0.2098585271478608,-0.85120046546495,-0.2098585271478608,-0.85120046546495,-0.029050331140524133,-0.07748094671645245,-0.029050331140524133,-0.07748094671645245,-0.02559055913157282,-0.1365165847044889,-0.02559055913157282,-0.1365165847044889,False,False,False
40,252,pullback_high_volume_low_rsi,1,-1,1,-1,0.5,10,0.0005,0.1307999838015783,0.6305265362252372,-0.3229559385017896,-0.08475318331248394,-0.37051230930598433,-0.1501102474173499,-0.5743124200305731,1,0,-0.07689008303596567,-0.3413099168979052,-1.7065495844895258,-0.39318922773069664,-0.2888835916958258,-1.5092190986547902,-0.16320652698975213,-0.7622905531963746,-0.06265398164090019,-0.25571738674254885,-0.09337661057119373,-0.42413314441618777,0.1614518533169489,0.37746214838691705,-0.1377130657571144,-0.35961113119881083,-0.09112618443103115,-0.4269024470532615,-0.18794050030916476,-0.811186244912375,False,False,False
40,252,pullback_high_volume_low_rsi,1,-1,1,-1,1.0,1,0.0005,0.0021938188146939375,0.1241634051963274,-0.3052020496535405,-0.2133593482993683,-0.8768754403348942,-0.2064581520799842,-0.8506016953781347,0,0,-0.21411308028269016,-0.9022930186052325,-4.511465093026162,-0.9898223772628075,-0.21199532817955813,-1.1882329928102153,-0.20966993711069182,-1.2662416117817294,-0.15943339622387742,-0.6062806335857911,-0.15149037370852292,-0.5925841159339955,-0.2584888928777972,-0.817347271757873,-0.20295604851462434,-0.6567603952962674,-0.2162308323858222,-0.9872387654525918,-0.2519348949346554,-1.1078077840786795,False,False,False
40,252,pullback_high_volume_low_rsi,1,-1,1,-1,1.0,2,0.0005,-0.0008043887367814584,0.11378340995799985,-0.3752643106410103,-0.2163575558508437,-0.8872554355732217,-0.1998841696270086,-0.8177197102559648,0,0,-0.21846073696363993,-0.9603182023019636,-4.801591011509818,-1.0037317416744604,-0.2836424995319722,-1.5540762653809799,-0.24107860028963213,-1.2963568406299408,-0.16136013019137985,-0.6381558260741343,-0.1730584797947048,-0.7190843129531931,-0.1191470793235494,-0.3447687877745428,-0.10353477063119954,-0.29586194304379687,-0.2755613437359,-1.2824805785297928,-0.2595790390532896,-1.1971672247805025,False,False,False
40,252,pullback_high_volume_low_rsi,1,-1,1,-1,1.0,3,0.0005,-0.01123787890657535,0.06926236523021825,-0.3450578191661685,-0.2267910460206376,-0.9317764803010034,-0.1831768761679512,-0.7546041443273973,0,0,-0.21096517346974586,-0.7687521905941095,-4.219303469394917,-1.0521350674501049,-0.36924010894810166,-2.0232680971226285,-0.33610336770026494,-1.8107498928474703,-0.2540877650036859,-1.0351669362716693,-0.16932141205570916,-0.7417701631173095,-0.1678425819358058,-0.5023374449165495,-0.15766039181069758,-0.46708964636952777,-0.09986385987648783,-0.467848749086728,-0.052447754538200275,-0.23717236663894856,False,False,False
40,252,pullback_high_volume_low_rsi,1,-1,1,-1,1.0,5,0.0005,0.04265776871951732,0.2988702502745231,-0.3419728881579346,-0.17289539839454493,-0.7021685952566985,-0.17289539839454493,-0.7021685952566985,1,1,-0.2007813316035662,-1.0168408840893872,-5.084204420446936,-0.8021009420059019,-0.23266769202126614,-1.2903352937978823,-0.23266769202126614,-1.2903352937978823,-0.3012448218076973,-1.2506926051180136,-0.3012448218076973,-1.2506926051180136,0.0333754439924685,0.15685468256730417,0.0333754439924685,0.15685468256730417,-0.16889497118586627,-0.782989163060761,-0.16889497118586627,-0.782989163060761,False,False,False
40,252,pullback_high_volume_low_rsi,1,-1,1,-1,1.0,10,0.0005,0.1258736835964529,0.6361942670414693,-0.4703937666581217,-0.08967948351760935,-0.36484457848975227,-0.15503654762247532,-0.5686446892143411,2,1,-0.0029068315370085474,-0.17671004178642508,-0.8835502089321253,-0.4160434509883796,-0.1380148078441359,-0.8051914872807766,-0.01233774313806224,-0.05826294182236097,0.1528764126712021,0.5718825051838832,0.12215378374090857,0.40346674751024425,0.1322011447701188,0.45177140370792646,-0.1669637743039445,-0.2853018758778014,-0.369841158628734,-1.7359341201830483,-0.4666554745068676,-2.1202179180421616,False,False,False
40,252,pullback_low_volume_high_rsi,1,-1,-1,1,0.25,1,0.0005,0.20743564386221758,0.9706552485755274,-0.2607764300092311,-0.008117523251844672,-0.030383596955694148,-0.0012163270324605513,-0.004109851998934655,1,0,-0.006422739585790871,0.02449703369609968,-0.12845479171581742,-0.03765903030109132,-0.004902456656227239,0.06269058504399494,-0.002577065587360927,-0.015318033927519181,-0.007943022515354503,-0.013696517651795581,0.0,0.0,-0.05553284436317285,-0.16058687646160563,0.0,0.0,0.03355011144361453,0.11366329777883333,-0.0021539511052186544,-0.006905720847254382,False,False,False
40,252,pullback_low_volume_high_rsi,1,-1,-1,1,0.25,2,0.0005,0.1973429575436194,0.9253224816548242,-0.23166749721119273,-0.018210209570442837,-0.07571636387639735,-0.001736823346607741,-0.006180638559140417,1,1,-0.020070981820026534,-0.08542846245345359,-0.42714231226726795,-0.08448128976368374,-0.040388242632310556,-0.2458518715613629,0.002175656610029497,0.011867553189676028,0.011698349603324942,0.08092848687905874,0.0,0.0,-0.015612308692349863,-0.04890684473074591,0.0,0.0,-0.024529654947703206,-0.12195008017616127,-0.00854735026509279,-0.03663672642687099,False,False,False
40,252,pullback_low_volume_high_rsi,1,-1,-1,1,0.25,3,0.0005,0.1701383957719529,0.8172025524197727,-0.20648298532333742,-0.04541477134210936,-0.1838362931114489,-0.0018006014894229594,-0.006663957137842846,0,0,-0.043596950191988726,-0.23597266766014754,-1.1798633383007378,-0.2106894180686181,-0.03313674124783672,-0.212518204275158,0.0,0.0,-0.08476635294797674,-0.29339677315435986,0.0,0.0,-0.010182190125108237,-0.03524779854702176,0.0,0.0,-0.05405715913614073,-0.2594271310451371,-0.00664105379785318,-0.028750748597357656,False,False,False
40,252,pullback_low_volume_high_rsi,1,-1,-1,1,0.25,5,0.0005,0.213413648410669,0.9934625208826576,-0.21988831808861653,-0.0021395187033932395,-0.007576324648563948,-0.0021395187033932395,-0.007576324648563948,0,0,0.0,0.0,0.0,-0.009925712213085185,0.0,0.0,0.0,0.0,0.0,0.0,0.0,0.0,0.0,0.0,0.0,0.0,-0.007938734431571781,-0.033937562510450325,-0.007938734431571781,-0.033937562510450325,False,False,False
40,252,pullback_low_volume_high_rsi,1,-1,-1,1,0.25,10,0.0005,0.2535796943991835,1.109233697379098,-0.21076625922808934,0.03802652728512124,0.10819485184787636,-0.027330536819744733,-0.09560525887671245,2,0,0.013041843595942626,0.06588364569384741,0.2608368719188525,0.10808257075224745,-0.12567706470607365,-0.7469285454584156,0.0,0.0,0.03072262893029354,0.16841575767363892,0.0,0.0,0.2991649190740633,0.7370732795857279,0.0,0.0,-0.0046389417384082865,-0.03664846628594409,-0.10145325761654189,-0.4209322641450576,False,False,False
40,252,pullback_low_volume_high_rsi,1,-1,-1,1,0.5,1,0.0005,0.1454004136313578,0.7137286674631844,-0.26077643000923145,-0.07015275348270444,-0.28731017806803716,-0.06325155726332032,-0.26103643311127767,0,1,-0.05511926695706115,-0.3338505934286237,-1.6692529671431184,-0.3254545243846144,-0.05796816772132529,-0.41447525582025524,-0.05564277665245898,-0.49248387479176936,-0.1457669869937428,-0.5568072357316336,-0.1378239644783883,-0.543110718079838,-0.027791303709274295,-0.07324261023150669,0.027741540653898555,0.08734426623009894,-0.05227036619279701,-0.2532259310369922,-0.0879744287416302,-0.3737949496630799,False,False,False
40,252,pullback_low_volume_high_rsi,1,-1,-1,1,0.5,2,0.0005,0.18947167546288446,0.8837748862051189,-0.23166749721119217,-0.02608149165117779,-0.11726395932610267,-0.009608105427342695,-0.04772823400884574,2,2,-0.018643767961945557,-0.0951153843851601,-0.4755769219258005,-0.12099795145842832,-0.14940890851887256,-0.8615173330754554,-0.10684500927653251,-0.6037979083244165,0.020615472159004833,0.08422941356915481,0.00891712255567989,0.003300926690096073,0.10975109649318848,0.32650434173016685,0.12536340518553835,0.37541118646091276,-0.057903008082895946,-0.274460182339475,-0.04192070340028553,-0.18914682859018472,False,False,False
40,252,pullback_low_volume_high_rsi,1,-1,-1,1,0.5,3,0.0005,0.09892851635257904,0.5292502281163998,-0.2935842730215169,-0.1166246507614832,-0.4717886174148218,-0.0730104809087968,-0.29461628144121577,0,0,-0.11508770689838738,-0.4846515743232075,-2.423257871616037,-0.541048189283946,-0.1597159913730093,-0.9125997448514755,-0.12657925012517257,-0.7000815405763176,-0.0879608238467493,-0.3024047660907685,-0.003194470898772561,-0.009007992936408638,-0.0664322650824809,-0.1875871640644846,-0.056250074957372664,-0.15233936551746285,-0.14221458995002545,-0.6668983825556465,-0.0947984846117379,-0.43622200010786705,False,False,False
40,252,pullback_low_volume_high_rsi,1,-1,-1,1,0.5,5,0.0005,0.12154812802911175,0.6208874985911248,-0.21988831808861664,-0.0940050390849505,-0.3801513469400968,-0.0940050390849505,-0.3801513469400968,0,0,-0.05681368095255401,-0.2242493684674654,-1.1362736190510803,-0.4361106837052723,-0.23473547623770452,-1.2661496903622271,-0.23473547623770452,-1.2661496903622271,-0.09818676637033286,-0.39569876142954463,-0.09818676637033286,-0.39569876142954463,-0.01544059553477517,-0.009531134322321777,-0.01544059553477517,-0.009531134322321777,-0.012651714104268574,-0.052799975505386176,-0.012651714104268574,-0.052799975505386176,False,False,False
40,252,pullback_low_volume_high_rsi,1,-1,-1,1,0.5,10,0.0005,0.2300605309566628,1.026053931831048,-0.19672816700819507,0.01450736384260054,0.025015086299826406,-0.05084970026226543,-0.1787850244247624,2,1,0.01231606994749268,0.0052668579577716534,0.026334289788858267,0.024989126457476925,-0.18543255024457528,-1.0346350032621516,-0.05975548553850163,-0.28770645780373605,-0.1924829154640728,-0.7490652582473869,-0.22320554439436635,-0.9174810159210258,0.28348460912438367,0.7595989741629302,-0.015680309949679616,0.022525694577202326,0.21006469013956064,0.7967493658731689,0.11325037426142703,0.41246556801405543,False,False,False
40,252,pullback_low_volume_high_rsi,1,-1,-1,1,1.0,1,0.0005,0.010744360272832099,0.15558199411322887,-0.459507842389295,-0.20480880684123015,-0.8454568514179928,-0.19790761062184603,-0.8191831064612332,0,0,-0.21395682183015263,-0.8709629202103963,-4.354814601051982,-0.9501544773538558,-0.1076467366364211,-0.6182809613246798,-0.10532134556755479,-0.6962895802961939,-0.3778468933003739,-1.6474519858032965,-0.3699038707850194,-1.633755468151501,-0.32026690702388416,-1.1236448790961129,-0.2647340626607113,-0.9630580026345071,-0.005283178466760852,-0.06500015227500067,-0.040987241015594034,-0.18556917090108838,False,False,False
40,252,pullback_low_volume_high_rsi,1,-1,-1,1,1.0,2,0.0005,0.02336924344802327,0.21503592486072773,-0.35438322752090934,-0.19218392366603898,-0.7860029206704938,-0.17571053744220388,-0.7164671953532369,0,0,-0.1372692876426782,-0.6927163859135017,-3.4635819295675083,-0.8915847827201853,-0.15289545731136278,-0.8711245761197652,-0.11033155806902273,-0.6134051513687263,-0.38250525394853696,-1.6648547652624617,-0.3942036035518619,-1.7457832521415204,-0.12164311797399363,-0.30150216959476683,-0.10603080928164377,-0.2525953248640209,-0.11050508217444355,-0.5143081957072383,-0.09452277749183313,-0.428994841957948,False,False,False
40,252,pullback_low_volume_high_rsi,1,-1,-1,1,1.0,3,0.0005,-0.0021904322610497573,0.09550112776583432,-0.44215000966745566,-0.217743599375112,-0.9055377177653873,-0.1741294295224256,-0.7283653817917812,0,0,-0.16443837614358414,-0.6842420524221562,-3.421210262110781,-1.0101619117472334,-0.1250974149657682,-0.7063066137611529,-0.09196067371793148,-0.49378840948599495,-0.4155989577319642,-1.8316933006802973,-0.33083260478398746,-1.5382965275259375,-0.18662475490067076,-0.557339629264338,-0.17644256477556253,-0.5220918307173162,-0.14225199738649752,-0.6621774910831594,-0.09483589204820997,-0.43150110863537994,False,False,False
40,252,pullback_low_volume_high_rsi,1,-1,-1,1,1.0,5,0.0005,0.0547310635368643,0.358134222196768,-0.4212641529597656,-0.16082210357719795,-0.6429046233344535,-0.16082210357719795,-0.6429046233344535,0,0,-0.12269381169417598,-0.6084620446789162,-3.0423102233945807,-0.7460901907885085,-0.19298953183599232,-1.0892496434918268,-0.19298953183599232,-1.0892496434918268,-0.36509310001531503,-1.5755758235390596,-0.36509310001531503,-1.5755758235390596,-0.05239809155235964,-0.07091927289554445,-0.05239809155235964,-0.07091927289554445,-0.023708844423611763,-0.1276744458660054,-0.023708844423611763,-0.1276744458660054,False,False,False
40,252,pullback_low_volume_high_rsi,1,-1,-1,1,1.0,10,0.0005,0.06328128793367505,0.3987796450312408,-0.2791481971117641,-0.1522718791803872,-0.6022592004999807,-0.21762894328525317,-0.8060593112245695,1,0,-0.18442900877482127,-0.8523389238605341,-4.26169461930267,-0.7064237617989204,-0.2576686188784263,-1.4348068157493894,-0.13199155417235264,-0.6878782702909738,-0.2872900700497294,-1.1857403989937385,-0.31801269898002293,-1.3541561566673774,0.07652238025683689,0.43215974142676605,-0.2226425388172264,-0.3049135381589618,-0.11118939867121624,-0.5189374487273297,-0.20800371454934985,-0.9032212465864431,False,False,False
40,252,pullback_low_volume_low_rsi,1,-1,-1,-1,0.25,1,0.0005,0.16112341152007947,0.7859123984317122,-0.26077643000923156,-0.054429755593982776,-0.21512644709950934,-0.047528559374598656,-0.18885270214274985,0,0,-0.05153589074747633,-0.1381860033296856,-1.0307178149495266,-0.25251197336933906,-0.009670547067982538,0.005568870683479998,-0.007345155999116226,-0.07243974828803412,-0.12731766518987375,-0.4950052232092117,-0.11937464267451925,-0.4813087055574161,-0.09340123442697013,-0.27457344934612016,-0.037868390063797275,-0.11398657288451453,0.005978087459123982,-0.0017985573132510702,-0.0297259750897092,-0.12236757593933878,False,False,False
40,252,pullback_low_volume_low_rsi,1,-1,-1,-1,0.25,2,0.0005,0.1681719737928351,0.807333389923346,-0.2316674972111924,-0.047381193321227144,-0.19370545560787555,-0.030907807097392048,-0.12416973029061862,0,0,-0.042414012188018324,-0.1444117000071347,-0.8482802437603665,-0.21981209534330284,-0.08264597413099661,-0.4822590254366774,-0.04008207488865656,-0.2245396006856385,-0.04683674238823765,-0.1740005109440852,-0.05853509199156259,-0.25492899782314393,-0.037991281987799,-0.11482288907018423,-0.022378973295449134,-0.06591604433943832,-0.02169672819913404,-0.10773909191582565,-0.005714423516523626,-0.02242573816653537,False,False,False
40,252,pullback_low_volume_low_rsi,1,-1,-1,-1,0.25,3,0.0005,0.15687620842407224,0.7596217677808732,-0.2064829853233371,-0.05867695868999001,-0.24141707775034837,-0.015062788837303609,-0.06424474177674233,1,2,-0.04044167108898877,-0.23032322616147347,-1.1516161308073674,-0.2722157112121692,-0.03352296885893247,-0.23154752799451983,-0.0003862276110957463,-0.019029323719361835,-0.17712621233421055,-0.6929900062695159,-0.09235985938623381,-0.39959323311515604,0.02308909373345358,0.04955892349871993,0.03327128385856182,0.08480672204574169,-0.04736037331904508,-0.2290989243284271,5.573201924247151e-05,0.0015774581193523374,False,False,False
40,252,pullback_low_volume_low_rsi,1,-1,-1,-1,0.25,5,0.0005,0.17623304124565164,0.8405077841891979,-0.2198883180886163,-0.039320125868410605,-0.16053106134202366,-0.039320125868410605,-0.16053106134202366,1,1,-0.056744750245099285,-0.2861328944710006,-1.4306644723550028,-0.18241497629029937,-0.05047158468255031,-0.29037296573529237,-0.05047158468255031,-0.29037296573529237,-0.07003545187081484,-0.2832710425829881,-0.07003545187081484,-0.2832710425829881,0.030255934064691292,0.07308712677987728,0.030255934064691292,0.07308712677987728,-0.06301791580764826,-0.2889947463590131,-0.06301791580764826,-0.2889947463590131,False,False,False
40,252,pullback_low_volume_low_rsi,1,-1,-1,-1,0.25,10,0.0005,0.23643527812260823,1.0393050235646357,-0.1967281670081955,0.020882111008545978,0.038266178033414144,-0.04447495309631999,-0.16553393269117467,2,0,0.012718387135188136,0.05494506400453408,0.2543677427037627,0.038226466639371445,-0.18873846629310653,-1.0576348076694961,-0.06306140158703288,-0.31070626221108044,-0.06700322381993251,-0.25891482277523825,-0.09772585275022605,-0.4273305804488772,0.2976379387947583,0.7184165144890694,-0.0015269802793049791,-0.01865676509665848,0.09243999809030878,0.3688049507843064,-0.004374317787824822,-0.015478847074807067,False,False,False
40,252,pullback_low_volume_low_rsi,1,-1,-1,-1,0.5,1,0.0005,0.10136436834345441,0.5534286551899772,-0.24017796532239333,-0.11418879877060784,-0.4476101903412444,-0.10728760255122372,-0.4213364453844849,0,0,-0.12762349059690192,-0.4803305359698271,-2.5524698119380385,-0.5297477197826725,-0.11271854587489294,-0.6473098041642801,-0.11039315480602663,-0.7253184231357942,-0.1425284353189109,-0.5403626277810443,-0.1345854128035564,-0.5266661101292487,-0.14536906453683462,-0.4202984441586099,-0.08983622017366177,-0.25971156769700426,-0.06062655448305998,-0.28864893832892285,-0.09633061703189316,-0.40921795695501056,False,False,False
40,252,pullback_low_volume_low_rsi,1,-1,-1,-1,0.5,2,0.0005,0.11823578713690908,0.6133907973312893,-0.24604252944958382,-0.09731737997715317,-0.38764804819993226,-0.08084399375331808,-0.3181123228826753,1,1,-0.08031230242538734,-0.3395802279645755,-1.6979011398228774,-0.45147738388671715,-0.2208461300514034,-1.2215484768961011,-0.17828223080906336,-0.9638290521450621,-0.06874374897687563,-0.2509745357053508,-0.08044209858020057,-0.3319030225844095,0.013354375585468148,0.07469531112741035,0.02896668427781801,0.12360215585815626,-0.09188085587389905,-0.4281859202238002,-0.07589855119128863,-0.3428725664745099,False,False,False
40,252,pullback_low_volume_low_rsi,1,-1,-1,-1,0.5,3,0.0005,0.16554203191403416,0.8213030632743227,-0.25961500754161393,-0.05001113520002809,-0.1797357822568989,-0.006396965347341688,-0.0025634462832928584,1,2,-0.04917025515391471,-0.2419971096649401,-1.2099855483247004,-0.2320129918275066,-0.0272846820184256,-0.26799203144559935,0.005852059229411122,-0.05547382717044136,-0.07105582828940382,-0.21600218788428083,0.01371052465857292,0.07739458527007903,0.02959717041126031,0.16079256846031675,0.039779360536368547,0.1960403670073385,-0.12053567513867391,-0.5635633652869187,-0.07311956980038636,-0.3328869828391393,False,False,False
40,252,pullback_low_volume_low_rsi,1,-1,-1,-1,0.5,5,0.0005,0.11747147844598138,0.6243724809388513,-0.21988831808861664,-0.09808168866808087,-0.37666636459237024,-0.09808168866808087,-0.37666636459237024,1,1,-0.12071621952917755,-0.5538302565975577,-2.7691512829877882,-0.45502318514382994,-0.17792371426202092,-1.00365852061191,-0.17792371426202092,-1.00365852061191,-0.20576793854250042,-0.818390223264144,-0.20576793854250042,-0.818390223264144,0.0690434499332151,0.28575582179708114,0.0690434499332151,0.28575582179708114,-0.06350872479633418,-0.28927028993097137,-0.06350872479633418,-0.28927028993097137,False,False,False
40,252,pullback_low_volume_low_rsi,1,-1,-1,-1,0.5,10,0.0005,0.20304657846107088,0.9373653974315529,-0.20446740214950065,-0.012506588652991368,-0.06367344809966868,-0.07786365275785734,-0.2674735588242575,2,1,-0.017920586678422445,-0.059351375220958236,-0.3584117335684489,-0.06360736986772883,-0.23897735773988427,-1.2733158033110517,-0.11330029303381062,-0.5263872578526361,-0.18414309104622228,-0.6988993624009586,-0.21486571997651582,-0.8673151200745975,0.2918321741000782,0.8602917844133365,-0.007332744973985061,0.12321850482760865,0.1483019176893774,0.5801966119590422,0.05148760181124379,0.19591281409992867,False,False,False
40,252,pullback_low_volume_low_rsi,1,-1,-1,-1,1.0,1,0.0005,0.03496330821046523,0.2699805068113622,-0.28691417942882647,-0.18058985890359702,-0.7310583387198594,-0.1736886626842129,-0.7047845937630999,0,0,-0.15206300156552732,-0.7093729171610768,-3.5468645858053836,-0.837797288350841,-0.18402654746199842,-1.0401665125083146,-0.1817011563931321,-1.1181751314798287,-0.34030501595732465,-1.458028266997968,-0.33236199344197015,-1.4443317493461725,-0.12009945566905622,-0.27953467663163134,-0.06456661130588337,-0.11894780017002571,-0.0795174000990968,-0.37857932181383896,-0.11522146264792998,-0.4991483404399267,False,False,False
40,252,pullback_low_volume_low_rsi,1,-1,-1,-1,1.0,2,0.0005,0.06389269225058758,0.40357653438176144,-0.24178239605431373,-0.15166047486347467,-0.5974623111494601,-0.13518708863963957,-0.5279265858322032,0,0,-0.16587635127385714,-0.7655638870332911,-3.8278194351664556,-0.7035873185905077,-0.19295550874917444,-1.089715408366739,-0.1503916095068344,-0.8319959836157002,-0.22770558948803554,-0.8918575551235709,-0.23940393909136048,-0.9727860420026296,-0.041595649805880264,0.028631750801709654,-0.0259833411135304,0.07753859553245557,-0.13879719379853983,-0.6392702189430114,-0.12281488911592942,-0.5539568651937211,False,False,False
40,252,pullback_low_volume_low_rsi,1,-1,-1,-1,1.0,3,0.0005,0.015263230303760311,0.17888825249010398,-0.38469896528071224,-0.20028993681030194,-0.8221505930411176,-0.15667576695761554,-0.6449782570675116,1,1,-0.19051973792267501,-0.9951869168241658,-4.975934584120829,-0.9291904150232986,-0.26013958320785224,-1.428490919618767,-0.22700284196001552,-1.2159727153436088,-0.4057027630133285,-1.7559400269768786,-0.3209364100653518,-1.4625432538225187,0.012340396759270122,0.1857343150159908,0.02252258688437836,0.22098211356301256,-0.12089989263749779,-0.5618829140295646,-0.07348378729921023,-0.33120653158178515,False,False,False
40,252,pullback_low_volume_low_rsi,1,-1,-1,-1,1.0,5,0.0005,0.03718740797636455,0.27901362749035247,-0.4406217420592581,-0.1783657591376977,-0.722025218040869,-0.1783657591376977,-0.722025218040869,1,1,-0.16945734586272954,-0.7768312716291581,-3.8841563581457903,-0.8274791854174592,-0.3403766061485618,-1.8675178763345675,-0.3403766061485618,-1.8675178763345675,-0.3580920024255969,-1.5287274329768632,-0.3580920024255969,-1.5287274329768632,0.025577627659381097,0.27131892563887006,0.025577627659381097,0.27131892563887006,0.0014619144231027281,-0.02493511028145301,0.0014619144231027281,-0.02493511028145301,False,False,False
40,252,pullback_low_volume_low_rsi,1,-1,-1,-1,1.0,10,0.0005,0.053542837301054025,0.35575928657387157,-0.2609728324209599,-0.16201032981300822,-0.64527955895735,-0.2273673939178742,-0.8490796696819388,1,0,-0.11612074101340752,-0.6059002655748185,-3.029501327874092,-0.7516026416224204,-0.1305593187831522,-0.7364684545943738,-0.0048822540770785405,0.010460090864041871,-0.4034557226201695,-1.7723812377886987,-0.434178351550463,-1.9407969954623376,0.00693899678174259,0.18281476753579728,-0.2922259222923207,-0.5542585120499306,-0.10168216324366286,-0.475332076555263,-0.19849647912179647,-0.8596158744143765,False,False,False
40,504,near_high_high_volume_high_rsi,-1,1,1,1,0.25,1,0.0005,0.20865197089467813,0.9747651005744621,-0.26077643000923156,-0.00690119621938412,-0.026273744956759493,0.0,0.0,1,0,-0.005134206792110407,0.03215605065985927,-0.10268413584220815,-0.032016213502129985,-0.0023253910688663115,0.07800861897151412,0.0,0.0,-0.007943022515354503,-0.013696517651795581,0.0,0.0,-0.05553284436317285,-0.16058687646160563,0.0,0.0,0.03570406254883318,0.12056901862608771,0.0,0.0,False,False,False
40,504,near_high_high_volume_high_rsi,-1,1,1,1,0.25,2,0.0005,0.19907978089022715,0.9315031202139646,-0.23166749721119217,-0.016473386223835096,-0.06953572531725694,0.0,0.0,1,0,-0.01579730668748014,-0.0671100992400181,-0.3355504962000905,-0.07642377258654719,-0.04256389924234005,-0.25771942475103893,0.0,0.0,0.011698349603324942,0.08092848687905874,0.0,0.0,-0.015612308692349863,-0.04890684473074591,0.0,0.0,-0.015982304682610415,-0.08531335374929028,0.0,0.0,False,False,False
40,504,near_high_high_volume_high_rsi,-1,1,1,1,0.25,3,0.0005,0.17193899726137585,0.8238665095576155,-0.20648298532333742,-0.0436141698526864,-0.17717233597360604,0.0,0.0,0,0,-0.040276423293062136,-0.22159729336146872,-1.1079864668073436,-0.20233601963086675,-0.03313674124783672,-0.212518204275158,0.0,0.0,-0.08476635294797674,-0.29339677315435986,0.0,0.0,-0.010182190125108237,-0.03524779854702176,0.0,0.0,-0.04741610533828755,-0.23067638244777944,0.0,0.0,False,False,False
40,504,near_high_high_volume_high_rsi,-1,1,1,1,0.25,5,0.0005,0.21555316711406225,1.0010388455312216,-0.21988831808861653,0.0,0.0,0.0,0.0,0,0,0.0,0.0,0.0,0.0,0.0,0.0,0.0,0.0,0.0,0.0,0.0,0.0,0.0,0.0,0.0,0.0,0.0,0.0,0.0,0.0,False,False,False
40,504,near_high_high_volume_high_rsi,-1,1,1,1,0.25,10,0.0005,0.2809102312189282,1.2048389562558104,-0.19672816700819518,0.06535706410486597,0.2038001107245888,0.0,0.0,3,0,0.06376847240421357,0.2763497777663762,1.2753694480842714,0.2035886136031396,-0.12567706470607365,-0.7469285454584156,0.0,0.0,0.03072262893029354,0.16841575767363892,0.0,0.0,0.2991649190740633,0.7370732795857279,0.0,0.0,0.0968143158781336,0.3842837978591135,0.0,0.0,True,False,False
40,504,near_high_high_volume_high_rsi,-1,1,1,1,0.5,1,0.0005,0.20039651185212648,0.9428047084742122,-0.26077643000923156,-0.01515665526193577,-0.058234137057009416,-0.00825545904255165,-0.031960392100249924,1,2,-0.030093596279619494,-0.07706785071030497,-0.6018719255923899,-0.07031515920114254,-0.014074196461646205,0.0020064092382046095,-0.011748805392779893,-0.07600220973330951,-0.046112996097592784,-0.15614211065881456,-0.03816997358223828,-0.14244559300701898,-0.05379652742756291,-0.1562024967607213,0.0017363169356099384,0.004384379700884344,0.04833964748747399,0.17232766290938184,0.01263558493864081,0.05175864428329413,False,False,False
40,504,near_high_high_volume_high_rsi,-1,1,1,1,0.5,2,0.0005,0.18963507971166482,0.8979266405285056,-0.23166749721119217,-0.025918087402397427,-0.103112205002716,-0.009444701178562331,-0.03357647968545907,2,2,-0.016810288026180786,-0.051037864120355325,-0.3362057605236157,-0.12023988211076758,-0.07568692922206233,-0.4355443523093401,-0.033123029979722274,-0.17782492755830115,-0.0382807149868023,-0.1075337891597552,-0.04997906459012724,-0.18846227603881394,0.0064458163665965795,0.016318397428263354,0.022058125058946443,0.06522524215900927,0.004660138934440727,0.0054580609190445495,0.020642443617051143,0.09077141466833483,False,False,False
40,504,near_high_high_volume_high_rsi,-1,1,1,1,0.5,3,0.0005,0.16118907523326453,0.7858805802857063,-0.2064829853233371,-0.054364091880797716,-0.2151582652455153,-0.010749922028111314,-0.03798592927190925,0,1,-0.03317688113985784,-0.19541537078301413,-0.9770768539150706,-0.252207344520391,-0.0425617890670662,-0.263548966310443,-0.009425047819229482,-0.051030762035285004,-0.13934976516673792,-0.5121771389886625,-0.054583412218761174,-0.2187803658343026,-0.016041713604895813,-0.04653001942274115,-0.005859523479787576,-0.011282220875719395,-0.023791973212649475,-0.12728177525558526,0.023624132125638075,0.10339460719219418,False,False,False
40,504,near_high_high_volume_high_rsi,-1,1,1,1,0.5,5,0.0005,0.22345167463200055,1.0368653216495072,-0.21988831808861653,0.007898507517938302,0.0358264761182856,0.007898507517938302,0.0358264761182856,2,2,0.007440352028389441,0.03708405720095387,0.14880704056778882,0.03578929656748091,-0.007730216109447463,-0.04247091534134828,-0.007730216109447463,-0.04247091534134828,0.027184950155421106,0.13181224106284484,0.027184950155421106,0.13181224106284484,-0.009693247026736573,-0.023138066479693187,-0.009693247026736573,-0.023138066479693187,0.022610920166226345,0.09730618088160092,0.022610920166226345,0.09730618088160092,False,False,False
40,504,near_high_high_volume_high_rsi,-1,1,1,1,0.5,10,0.0005,0.2529400342374608,1.1077101946384682,-0.1967281670081955,0.03738686712339856,0.10667134910724663,-0.02797019698146741,-0.09712876161734219,2,1,0.021597344989646383,0.11410580824724864,0.43194689979292766,0.10656064905317367,-0.15041729695682782,-0.8660978868063163,-0.02474023225075417,-0.11916934134790069,-0.06029515790233586,-0.1876912225299916,-0.0910177868326294,-0.3561069802036305,0.2991649190740633,0.7370732795857279,0.0,0.0,0.10348984788162863,0.4159028390244889,0.006675532003495022,0.031619041165375394,False,False,False
40,504,near_high_high_volume_high_rsi,-1,1,1,1,1.0,1,0.0005,0.15457369118818143,0.7699272900318295,-0.25112142329922615,-0.06097947592588082,-0.2311115554993921,-0.0540782797064967,-0.20483781054263261,0,0,-0.05299845457651742,-0.21358246451313728,-1.0679123225656864,-0.2828976105631187,-0.03586732189632946,-0.14226558725512906,-0.03354193082746315,-0.22027420622664318,-0.05948919648904627,-0.20500125060147711,-0.05154617397369177,-0.19130473294968153,-0.103051587172174,-0.29770047961186696,-0.04751874280900115,-0.13711360315026133,-0.046507712663988565,-0.22216367842479745,-0.08221177521282175,-0.34273269705088516,False,False,False
40,504,near_high_high_volume_high_rsi,-1,1,1,1,1.0,2,0.0005,0.19015966880645485,0.9144245609871288,-0.21461068993556343,-0.0253934983076074,-0.08661428454409281,-0.008920112083772302,-0.017078559226835877,0,1,-0.010163797953399056,-0.023551323880265707,-0.20327595906798113,-0.11780619439551152,-0.002274489608144359,0.046796076804577647,0.040289409634195694,0.3045155015556166,-0.0017920222247902462,0.04600649326720441,-0.013490371828115189,-0.03492199361185433,-0.07808182948456688,-0.22205143225520774,-0.062469520792217015,-0.17314458752446182,-0.018053106298653754,-0.09310914102773582,-0.0020708016160433385,-0.007795787278445543,False,False,False
40,504,near_high_high_volume_high_rsi,-1,1,1,1,1.0,3,0.0005,0.1727050061023705,0.8380325947088079,-0.21908780934074457,-0.042848161011691754,-0.1630062508224137,0.0007660088409946475,0.014166085151192331,1,2,-0.05944072913357901,-0.18614701413182777,-1.1888145826715801,-0.19878233099223355,0.02392091761467241,0.17914284954300008,0.05705765886250913,0.3916610538181581,-0.06614009787857467,-0.22473767080977436,0.018626255069402076,0.0686591023445855,-0.05274136038858335,-0.14755635745388118,-0.04255917026347511,-0.11230855890685942,-0.07468153798164279,-0.35205928831641176,-0.027265432643355236,-0.12138290586863232,False,False,False
40,504,near_high_high_volume_high_rsi,-1,1,1,1,1.0,5,0.0005,0.19513077609361118,0.9287306981568536,-0.20257001570842115,-0.02042239102045107,-0.07230814737436797,-0.02042239102045107,-0.07230814737436797,1,1,-0.04053759921354527,-0.17430206494937928,-0.8715103247468964,-0.09474410092821482,-0.04621359971940864,-0.26122516816172514,-0.04621359971940864,-0.26122516816172514,0.09068464305009316,0.35029886375638664,0.09068464305009316,0.35029886375638664,-0.03486159870768191,-0.08737896173703341,-0.03486159870768191,-0.08737896173703341,-0.07252650201224586,-0.33574414709094563,-0.07252650201224586,-0.33574414709094563,False,False,False
40,504,near_high_high_volume_high_rsi,-1,1,1,1,1.0,10,0.0005,0.2575423884206707,1.1550058889898231,-0.22101449714894705,0.041989221306608426,0.15396704345860157,-0.023367842798257543,-0.04983306726598724,2,2,0.014303401821656125,0.03325711712338841,0.16628558561694207,0.1538072614723516,-0.055224334503059413,-0.3288688504892606,0.07045273020301424,0.418059694969155,0.08383113814637166,0.3704942791242489,0.053108509216078126,0.20207852145061,0.24543592719854823,0.6207459965366237,-0.05372899187551505,-0.11632728304910422,-0.06611888069819583,-0.3039800448774721,-0.16293319657632943,-0.6882638427365856,False,False,False
40,504,near_high_high_volume_low_rsi,-1,1,1,-1,0.25,1,0.0005,0.20865197089467813,0.9747651005744621,-0.26077643000923156,-0.00690119621938412,-0.026273744956759493,0.0,0.0,1,0,-0.005134206792110407,0.03215605065985927,-0.10268413584220815,-0.032016213502129985,-0.0023253910688663115,0.07800861897151412,0.0,0.0,-0.007943022515354503,-0.013696517651795581,0.0,0.0,-0.05553284436317285,-0.16058687646160563,0.0,0.0,0.03570406254883318,0.12056901862608771,0.0,0.0,False,False,False
40,504,near_high_high_volume_low_rsi,-1,1,1,-1,0.25,2,0.0005,0.19907978089022715,0.9315031202139646,-0.23166749721119217,-0.016473386223835096,-0.06953572531725694,0.0,0.0,1,0,-0.01579730668748014,-0.0671100992400181,-0.3355504962000905,-0.07642377258654719,-0.04256389924234005,-0.25771942475103893,0.0,0.0,0.011698349603324942,0.08092848687905874,0.0,0.0,-0.015612308692349863,-0.04890684473074591,0.0,0.0,-0.015982304682610415,-0.08531335374929028,0.0,0.0,False,False,False
40,504,near_high_high_volume_low_rsi,-1,1,1,-1,0.25,3,0.0005,0.17193899726137585,0.8238665095576155,-0.20648298532333742,-0.0436141698526864,-0.17717233597360604,0.0,0.0,0,0,-0.040276423293062136,-0.22159729336146872,-1.1079864668073436,-0.20233601963086675,-0.03313674124783672,-0.212518204275158,0.0,0.0,-0.08476635294797674,-0.29339677315435986,0.0,0.0,-0.010182190125108237,-0.03524779854702176,0.0,0.0,-0.04741610533828755,-0.23067638244777944,0.0,0.0,False,False,False
40,504,near_high_high_volume_low_rsi,-1,1,1,-1,0.25,5,0.0005,0.21555316711406225,1.0010388455312216,-0.21988831808861653,0.0,0.0,0.0,0.0,0,0,0.0,0.0,0.0,0.0,0.0,0.0,0.0,0.0,0.0,0.0,0.0,0.0,0.0,0.0,0.0,0.0,0.0,0.0,0.0,0.0,False,False,False
40,504,near_high_high_volume_low_rsi,-1,1,1,-1,0.25,10,0.0005,0.2809102312189282,1.2048389562558104,-0.19672816700819518,0.06535706410486597,0.2038001107245888,0.0,0.0,3,0,0.06376847240421357,0.2763497777663762,1.2753694480842714,0.2035886136031396,-0.12567706470607365,-0.7469285454584156,0.0,0.0,0.03072262893029354,0.16841575767363892,0.0,0.0,0.2991649190740633,0.7370732795857279,0.0,0.0,0.0968143158781336,0.3842837978591135,0.0,0.0,True,False,False
40,504,near_high_high_volume_low_rsi,-1,1,1,-1,0.5,1,0.0005,0.19472043104440284,0.9211477651812142,-0.26077643000923145,-0.020832736069659408,-0.07989108035000736,-0.013931539850275287,-0.05361733539324787,1,1,-0.03069768455630273,-0.08849418847224788,-0.6139536911260546,-0.09664778462120922,-0.023023917387197113,-0.04943602039804729,-0.0206985263183308,-0.1274446393695614,-0.038371451725408345,-0.12755235654644848,-0.030428429210053842,-0.1138558388946529,-0.061775095230327315,-0.17912733277359794,-0.006242250867154464,-0.018540456311992304,0.03586746233402138,0.12125233055080065,0.00016339978518820075,0.0006833119247129371,False,False,False
40,504,near_high_high_volume_low_rsi,-1,1,1,-1,0.5,2,0.0005,0.17976437518842192,0.8569484337365832,-0.2316674972111925,-0.03578879192564033,-0.14409041179463833,-0.019315405701805233,-0.0745546864773814,0,1,-0.03001801376424118,-0.09566557624886318,-0.6003602752848236,-0.16603231770982196,-0.07568692922206233,-0.4355443523093401,-0.033123029979722274,-0.17782492755830115,-0.0444237188361325,-0.14242430776698045,-0.05612206843945744,-0.2233527946460392,-0.015612308692349863,-0.04890684473074591,0.0,0.0,-0.007349395469658848,-0.04677497016603316,0.008632909212951567,0.03853838358325712,False,False,False
40,504,near_high_high_volume_low_rsi,-1,1,1,-1,0.5,3,0.0005,0.15596215194715968,0.7632252055350218,-0.20648298532333698,-0.05959101516690257,-0.23781363999619975,-0.01597684531421617,-0.06064130402259371,0,1,-0.04595942220297444,-0.2569529824460073,-1.2847649122300364,-0.27645622639063033,-0.056418699864052124,-0.3357536520982439,-0.023281958616215404,-0.12323544782308593,-0.13934976516673792,-0.5121771389886625,-0.054583412218761174,-0.2187803658343026,-0.010182190125108237,-0.03524779854702176,0.0,0.0,-0.03550014454189676,-0.17815231279377064,0.01191596079639079,0.0525240696540088,False,False,False
40,504,near_high_high_volume_low_rsi,-1,1,1,-1,0.5,5,0.0005,0.22116785070330214,1.0252034720246386,-0.21988831808861675,0.005614683589239888,0.024164626493416996,0.005614683589239888,0.024164626493416996,2,2,0.00520562607899222,0.021805170569483334,0.10411252157984441,0.024139549230573112,-0.01324394727360656,-0.07459234417046567,-0.01324394727360656,-0.07459234417046567,0.027184950155421106,0.13181224106284484,0.027184950155421106,0.13181224106284484,0.0,0.0,0.0,0.0,0.01041125215798444,0.04361034113896667,0.01041125215798444,0.04361034113896667,False,False,False
40,504,near_high_high_volume_low_rsi,-1,1,1,-1,0.5,10,0.0005,0.24961310944475357,1.0958202355751614,-0.1967281670081955,0.03405994233069132,0.09478139004393982,-0.03129712177417465,-0.109018720680649,2,0,0.015069178596333832,0.08766735410412835,0.30138357192667664,0.09468302900237817,-0.15041729695682782,-0.8660978868063163,-0.02474023225075417,-0.11916934134790069,-0.06029515790233586,-0.1876912225299916,-0.0910177868326294,-0.3561069802036305,0.2991649190740633,0.7370732795857279,0.0,0.0,0.09043351509500352,0.3630259307382483,-0.006380800783130081,-0.021257867120865193,False,False,False
40,504,near_high_high_volume_low_rsi,-1,1,1,-1,1.0,1,0.0005,0.17513369169409088,0.8474622048215938,-0.26092779230841234,-0.040419475419971373,-0.15357664070962773,-0.03351827920058725,-0.12730289575286824,1,1,-0.04850830699191766,-0.1511819319248992,-0.9701661398383532,-0.18751510804099195,0.006038719670583781,0.10402100644395973,0.008364110739450092,0.02601238747244561,-0.032749303167069144,-0.10879705935336736,-0.02480628065171464,-0.09510054170157178,-0.06816354870195629,-0.19356680449643104,-0.012630704338783438,-0.03297992803482541,-0.06426731081676618,-0.3048686011624395,-0.09997137336559936,-0.42543761978852723,False,False,False
40,504,near_high_high_volume_low_rsi,-1,1,1,-1,1.0,2,0.0005,0.19441135159652045,0.9277064100656066,-0.21806562016740827,-0.021141815517541795,-0.07333243546561496,-0.0046684292937067,-0.003796710148358029,1,3,-0.007352307424884019,-0.0006973916206183262,-0.14704614849768038,-0.09808167423656726,-0.009404248867316056,0.010063969683502982,0.033159650375024,0.2677833944345419,0.026651454469161173,0.12819591582381884,0.014953104865836231,0.047267428944760104,-0.005300365982451982,-0.011458752924739635,0.010311942709897881,0.03744809180600628,-0.08486511838729971,-0.39457205571094367,-0.0688828137046893,-0.3092587019616534,False,False,False
40,504,near_high_high_volume_low_rsi,-1,1,1,-1,1.0,3,0.0005,0.1839343722547515,0.8753977526077785,-0.23194575059524003,-0.03161879485931074,-0.12564109292344305,0.011995374993375663,0.05153124305016299,2,2,-0.03159165854084489,-0.1296044598048382,-0.648022299024191,-0.14668675613835597,0.02569872886568625,0.18642146123828973,0.05883547011352297,0.3989396655134477,-0.11087297914854166,-0.40074680831997345,-0.02610662620056492,-0.10735003516561359,0.054783344272126167,0.14153788871029704,0.0649655343972344,0.1767856872573188,-0.08888204594737603,-0.4168942519146075,-0.04146594060908848,-0.18621786946682806,False,False,False
40,504,near_high_high_volume_low_rsi,-1,1,1,-1,1.0,5,0.0005,0.23990419772005267,1.0815951159192898,-0.2025700157084207,0.02435103060599042,0.08055627038806823,0.02435103060599042,0.08055627038806823,2,2,0.040865193722776416,0.08934664099541872,0.4467332049770936,0.08047267171267405,-0.016349490819136392,-0.1166039822683973,-0.016349490819136392,-0.1166039822683973,0.09807987826468922,0.3832425164807334,0.09807987826468922,0.3832425164807334,0.11568085731094424,0.29529726425923475,0.11568085731094424,0.29529726425923475,-0.07478945230990308,-0.3469769645398544,-0.07478945230990308,-0.3469769645398544,False,False,False
40,504,near_high_high_volume_low_rsi,-1,1,1,-1,1.0,10,0.0005,0.26949524494062205,1.2051377746009921,-0.21836732208694332,0.0539420778265598,0.20409892906977056,-0.011414986278306172,0.00029881834518175054,3,2,0.042842255992922795,0.24402365377487623,0.8568451198584559,0.2038871218443689,0.04656610539977191,0.28310989728797753,0.17224317010584556,1.0300384427463931,0.039118406586073684,0.20493741026177492,0.008395777655780146,0.036521652588136,0.20984226814010376,0.5220406414538957,-0.08932265093395952,-0.21503263813183215,-0.05663184077059813,-0.2577974520689595,-0.15344615664873174,-0.642081249928073,True,False,False
40,504,near_high_low_volume_high_rsi,-1,1,-1,1,0.25,1,0.0005,0.20865197089467813,0.9747651005744621,-0.26077643000923156,-0.00690119621938412,-0.026273744956759493,0.0,0.0,1,0,-0.005134206792110407,0.03215605065985927,-0.10268413584220815,-0.032016213502129985,-0.0023253910688663115,0.07800861897151412,0.0,0.0,-0.007943022515354503,-0.013696517651795581,0.0,0.0,-0.05553284436317285,-0.16058687646160563,0.0,0.0,0.03570406254883318,0.12056901862608771,0.0,0.0,False,False,False
40,504,near_high_low_volume_high_rsi,-1,1,-1,1,0.25,2,0.0005,0.19907978089022715,0.9315031202139646,-0.23166749721119217,-0.016473386223835096,-0.06953572531725694,0.0,0.0,1,0,-0.01579730668748014,-0.0671100992400181,-0.3355504962000905,-0.07642377258654719,-0.04256389924234005,-0.25771942475103893,0.0,0.0,0.011698349603324942,0.08092848687905874,0.0,0.0,-0.015612308692349863,-0.04890684473074591,0.0,0.0,-0.015982304682610415,-0.08531335374929028,0.0,0.0,False,False,False
40,504,near_high_low_volume_high_rsi,-1,1,-1,1,0.25,3,0.0005,0.17193899726137585,0.8238665095576155,-0.20648298532333742,-0.0436141698526864,-0.17717233597360604,0.0,0.0,0,0,-0.040276423293062136,-0.22159729336146872,-1.1079864668073436,-0.20233601963086675,-0.03313674124783672,-0.212518204275158,0.0,0.0,-0.08476635294797674,-0.29339677315435986,0.0,0.0,-0.010182190125108237,-0.03524779854702176,0.0,0.0,-0.04741610533828755,-0.23067638244777944,0.0,0.0,False,False,False
40,504,near_high_low_volume_high_rsi,-1,1,-1,1,0.25,5,0.0005,0.21555316711406225,1.0010388455312216,-0.21988831808861653,0.0,0.0,0.0,0.0,0,0,0.0,0.0,0.0,0.0,0.0,0.0,0.0,0.0,0.0,0.0,0.0,0.0,0.0,0.0,0.0,0.0,0.0,0.0,0.0,0.0,False,False,False
40,504,near_high_low_volume_high_rsi,-1,1,-1,1,0.25,10,0.0005,0.2809102312189282,1.2048389562558104,-0.19672816700819518,0.06535706410486597,0.2038001107245888,0.0,0.0,3,0,0.06376847240421357,0.2763497777663762,1.2753694480842714,0.2035886136031396,-0.12567706470607365,-0.7469285454584156,0.0,0.0,0.03072262893029354,0.16841575767363892,0.0,0.0,0.2991649190740633,0.7370732795857279,0.0,0.0,0.0968143158781336,0.3842837978591135,0.0,0.0,True,False,False
40,504,near_high_low_volume_high_rsi,-1,1,-1,1,0.5,1,0.0005,0.22300428107039094,1.0324117468938636,-0.24425857507160098,0.007451113956328692,0.031372901362642036,0.014352310175712812,0.05764664631940153,2,1,0.012602902222108359,0.07407545672272209,0.2520580444421672,0.03134034358675998,-0.0033908351086167077,0.0703230662131673,-0.0010654440397503961,-0.007685552758346814,-0.027624948540000194,-0.0779903943512914,-0.01968192602464569,-0.06429387669949582,0.028596639552833425,0.07782784723227687,0.08412948391600628,0.2384147236938825,0.029506102661786437,0.1002368864440848,-0.0061979598870467445,-0.020332132182002915,False,False,False
40,504,near_high_low_volume_high_rsi,-1,1,-1,1,0.5,2,0.0005,0.20790739416510173,0.9691773378009413,-0.21449920693996816,-0.007645772948960516,-0.03186150773028029,0.00882761327487458,0.037674217586976644,1,3,-0.026513681772739606,-0.10915971763600818,-0.5457985881800409,-0.03547047371804412,-0.03767151408887348,-0.2330321777987957,0.004892385153466572,0.024687246952243225,-0.04602274098018011,-0.13706730112080256,-0.05772109058350505,-0.2179957879998613,0.07190425519114418,0.19743739909301172,0.08751656388349405,0.24634424382375764,-0.01535584945660573,-0.0812521341512138,0.0006264552260046852,0.004061219598076482,False,True,False
40,504,near_high_low_volume_high_rsi,-1,1,-1,1,0.5,3,0.0005,0.18089878574351625,0.8585820342455847,-0.18963741663300027,-0.034654381370545995,-0.14245681128563692,0.008959788482140407,0.034715524687969124,1,2,-0.028908477287800327,-0.17070651929899922,-0.853532596494996,-0.16076953001673253,-0.03313674124783672,-0.212518204275158,0.0,0.0,-0.17655622893027223,-0.687289444052059,-0.09178987598229549,-0.3938926708976992,0.10204467814363882,0.2693721025596033,0.11222686826874706,0.30461990110662507,-0.024680213327763934,-0.12889483432284043,0.022735892010523617,0.101781548124939,False,False,False
40,504,near_high_low_volume_high_rsi,-1,1,-1,1,0.5,5,0.0005,0.21037899406403193,0.9795758850801806,-0.20245682358537176,-0.005174173050030317,-0.021462960451041013,-0.005174173050030317,-0.021462960451041013,1,1,-0.005834608583245804,-0.030379838078215482,-0.1518991903910774,-0.02400416156860432,-0.008217550050920064,-0.044438606457679164,-0.008217550050920064,-0.044438606457679164,-0.08009626484490773,-0.318005968770674,-0.08009626484490773,-0.318005968770674,0.07124952181190758,0.19736661763367425,0.07124952181190758,0.19736661763367425,-0.003451667115571544,-0.0163210696987518,-0.003451667115571544,-0.0163210696987518,False,False,False
40,504,near_high_low_volume_high_rsi,-1,1,-1,1,0.5,10,0.0005,0.28658036022851396,1.247088394477426,-0.19672816700819573,0.07102719311445171,0.24604954894620445,0.005670129009585745,0.04224943822161564,2,2,0.03678974108388877,0.16482785427255248,0.7357948216777754,0.24579420673293978,-0.05113249076906423,-0.30813943540735955,0.07454457393700942,0.4387891100510561,-0.04855181865286129,-0.16348340184029198,-0.07927444758315483,-0.3318991595139309,0.28407279019078735,0.7010158252428172,-0.015092128883275935,-0.03605745434291063,0.12213130082063883,0.49313911038539693,0.025316984942505227,0.10885531252628344,False,False,False
40,504,near_high_low_volume_high_rsi,-1,1,-1,1,1.0,1,0.0005,0.1506024900270968,0.7570698523027176,-0.23620753372874803,-0.06495067708696545,-0.24396899322850396,-0.05804948086758133,-0.21769524827174447,1,1,-0.05138999910398134,-0.24961691393779295,-1.2480845696889646,-0.30132091287063345,-0.06774003210426383,-0.3233182590950131,-0.06541464103539751,-0.4013268780665272,-0.19737621802643823,-0.7620693644331152,-0.18943319551108373,-0.7483728467813197,0.04224011872182354,0.1264694758619752,0.09777296308499639,0.28705635232358084,-0.03503996610369886,-0.1759155687805728,-0.07074402865253204,-0.2964845874066605,False,False,False
40,504,near_high_low_volume_high_rsi,-1,1,-1,1,1.0,2,0.0005,0.14024661646396286,0.7104290046340096,-0.20904383058653309,-0.07530655065009939,-0.290609840897212,-0.058833164426264295,-0.22107411557995504,1,1,-0.08117478077677509,-0.4252655992880807,-2.1263279964404034,-0.34936415761523065,-0.08378309967884223,-0.48298133927156717,-0.04121920043650218,-0.22526191452052824,-0.2075993969055676,-0.8097754741369486,-0.21929774650889255,-0.8907039610160074,0.07867778188912466,0.23439999102281261,0.09429009058147453,0.28330683575355853,-0.07856646187470795,-0.3675498593045942,-0.06258415719209753,-0.28223650555530394,False,False,False
40,504,near_high_low_volume_high_rsi,-1,1,-1,1,1.0,3,0.0005,0.12687921367832744,0.6555178942585879,-0.2855564601280488,-0.08867395343573481,-0.3455209512726337,-0.04505978358304841,-0.16834861529902767,1,1,-0.10704978724448577,-0.560809333199763,-2.804046665998815,-0.41137856902289005,-0.10948900408078965,-0.6335198539538901,-0.07635226283295293,-0.4210016496787321,-0.25501586113316876,-1.0276286845826388,-0.17024950818519202,-0.7342319114282789,0.13980230791554105,0.40746851209140245,0.14998449804064928,0.4427163106384242,-0.10461057040818189,-0.4880988124456358,-0.05719446506989434,-0.25742242999785636,False,False,False
40,504,near_high_low_volume_high_rsi,-1,1,-1,1,1.0,5,0.0005,0.12816846000366677,0.6751875710007791,-0.3064966493779686,-0.08738470711039548,-0.3258512745304425,-0.08738470711039548,-0.3258512745304425,1,1,-0.09001800222332035,-0.4854157702960257,-2.427078851480128,-0.40539746309621577,-0.13013432402673342,-0.7337922237073591,-0.13013432402673342,-0.7337922237073591,-0.2870313656082062,-1.184114794119923,-0.2870313656082062,-1.184114794119923,0.1435205993264035,0.49825946339754446,0.1435205993264035,0.49825946339754446,-0.04990168041990728,-0.23703931688469232,-0.04990168041990728,-0.23703931688469232,False,False,False
40,504,near_high_low_volume_high_rsi,-1,1,-1,1,1.0,10,0.0005,0.18103064024689042,0.8754384762634897,-0.3075313337621354,-0.03452252686717183,-0.12560036926773188,-0.0998795909720378,-0.3294004799923207,2,2,-0.0475639942121624,-0.30502139035742315,-1.5251069517871156,-0.16015782708914628,-0.11990725381001388,-0.6928139073561792,0.005769810896059768,0.05411463810223649,-0.3231003490844132,-1.3569981763310273,-0.35382297801470675,-1.5254139340046662,0.3551849129504894,1.0036961709560663,0.05601999387642609,0.26662289137033834,0.024779265385689087,0.0827711266413329,-0.07203505049244452,-0.3015126712177806,False,False,False
40,504,near_high_low_volume_low_rsi,-1,1,-1,-1,0.25,1,0.0005,0.20865197089467813,0.9747651005744621,-0.26077643000923156,-0.00690119621938412,-0.026273744956759493,0.0,0.0,1,0,-0.005134206792110407,0.03215605065985927,-0.10268413584220815,-0.032016213502129985,-0.0023253910688663115,0.07800861897151412,0.0,0.0,-0.007943022515354503,-0.013696517651795581,0.0,0.0,-0.05553284436317285,-0.16058687646160563,0.0,0.0,0.03570406254883318,0.12056901862608771,0.0,0.0,False,False,False
40,504,near_high_low_volume_low_rsi,-1,1,-1,-1,0.25,2,0.0005,0.19907978089022715,0.9315031202139646,-0.23166749721119217,-0.016473386223835096,-0.06953572531725694,0.0,0.0,1,0,-0.01579730668748014,-0.0671100992400181,-0.3355504962000905,-0.07642377258654719,-0.04256389924234005,-0.25771942475103893,0.0,0.0,0.011698349603324942,0.08092848687905874,0.0,0.0,-0.015612308692349863,-0.04890684473074591,0.0,0.0,-0.015982304682610415,-0.08531335374929028,0.0,0.0,False,False,False
40,504,near_high_low_volume_low_rsi,-1,1,-1,-1,0.25,3,0.0005,0.17193899726137585,0.8238665095576155,-0.20648298532333742,-0.0436141698526864,-0.17717233597360604,0.0,0.0,0,0,-0.040276423293062136,-0.22159729336146872,-1.1079864668073436,-0.20233601963086675,-0.03313674124783672,-0.212518204275158,0.0,0.0,-0.08476635294797674,-0.29339677315435986,0.0,0.0,-0.010182190125108237,-0.03524779854702176,0.0,0.0,-0.04741610533828755,-0.23067638244777944,0.0,0.0,False,False,False
40,504,near_high_low_volume_low_rsi,-1,1,-1,-1,0.25,5,0.0005,0.21555316711406225,1.0010388455312216,-0.21988831808861653,0.0,0.0,0.0,0.0,0,0,0.0,0.0,0.0,0.0,0.0,0.0,0.0,0.0,0.0,0.0,0.0,0.0,0.0,0.0,0.0,0.0,0.0,0.0,0.0,0.0,False,False,False
40,504,near_high_low_volume_low_rsi,-1,1,-1,-1,0.25,10,0.0005,0.2809102312189282,1.2048389562558104,-0.19672816700819518,0.06535706410486597,0.2038001107245888,0.0,0.0,3,0,0.06376847240421357,0.2763497777663762,1.2753694480842714,0.2035886136031396,-0.12567706470607365,-0.7469285454584156,0.0,0.0,0.03072262893029354,0.16841575767363892,0.0,0.0,0.2991649190740633,0.7370732795857279,0.0,0.0,0.0968143158781336,0.3842837978591135,0.0,0.0,True,False,False
40,504,near_high_low_volume_low_rsi,-1,1,-1,-1,0.5,1,0.0005,0.21106413166904292,0.986457663219386,-0.24425857507160054,-0.004489035445019329,-0.014581182311835583,0.002412160774364791,0.01169256264492391,1,2,-0.013149976739637026,0.005317721894462113,-0.2629995347927405,-0.020825652924152623,-0.0033908351086167077,0.0703230662131673,-0.0010654440397503961,-0.007685552758346814,-0.022909118370657344,-0.05968762242424308,-0.014966095855302841,-0.0459911047724475,-0.03681520102795233,-0.10490327996537552,0.018717643335220524,0.055683596496230114,0.04122657523565865,0.14357015885996305,0.005522512686825465,0.02300114023387534,False,False,False
40,504,near_high_low_volume_low_rsi,-1,1,-1,-1,0.5,2,0.0005,0.20016399679080354,0.9457176218528921,-0.21449920693996782,-0.015389170323258705,-0.05532122367832948,0.0010842159005763907,0.014214501638927457,1,2,-0.02740107308255013,-0.09826942898357788,-0.5480214616510026,-0.07139384927299798,-0.03767151408887348,-0.2330321777987957,0.004892385153466572,0.024687246952243225,-0.03403090654949392,-0.0887160576488022,-0.045729256152818865,-0.16964454452786093,0.032789712127279325,0.1074539085358569,0.04840202081962919,0.15636075326660281,-0.02077123961560634,-0.10782280031835356,-0.004788934932995925,-0.022509446569063285,False,False,False
40,504,near_high_low_volume_low_rsi,-1,1,-1,-1,0.5,3,0.0005,0.1819248034227825,0.871490226245807,-0.18963741663300016,-0.03362836369127975,-0.1295486192854146,0.009985806161406652,0.04762371668819143,1,2,-0.035511633381134944,-0.20065994945498428,-1.0032997472749212,-0.1560096014431787,-0.03313674124783672,-0.212518204275158,0.0,0.0,-0.1597935009490552,-0.614790448096933,-0.07502714800107846,-0.3213936749425731,0.10318304354831542,0.3048684366003912,0.11336523367342366,0.34011623514741296,-0.03788652551443317,-0.18880169463481056,0.009529579823854384,0.04187468781296888,False,False,False
40,504,near_high_low_volume_low_rsi,-1,1,-1,-1,0.5,5,0.0005,0.22049512806658322,1.0448181811485617,-0.20245682358537165,0.004941960952520974,0.043779335617340154,0.004941960952520974,0.043779335617340154,2,2,0.00038738005035632295,-0.0019445209423109566,-0.009722604711554783,0.02292687701455058,-0.008217550050920064,-0.044438606457679164,-0.008217550050920064,-0.044438606457679164,-0.15583133810172867,-0.6173906639116521,-0.15583133810172867,-0.6173906639116521,0.1885565123358628,0.5893935215297289,0.1885565123358628,0.5893935215297289,0.00899231015163271,0.04054956457305725,0.00899231015163271,0.04054956457305725,False,False,False
40,504,near_high_low_volume_low_rsi,-1,1,-1,-1,0.5,10,0.0005,0.3096406853838438,1.3684819809755602,-0.1967281670081954,0.09408751826978157,0.3674431354443386,0.028730454164915598,0.16364302471974979,3,4,0.07716466628990404,0.3150719183178256,1.5432933257980808,0.3670618149182287,-0.05113249076906423,-0.30813943540735955,0.07454457393700942,0.4387891100510561,0.047751716329520466,0.2059885880899628,0.017029087399226928,0.037572830416323866,0.2996210850488845,0.861469794439966,0.0004561659748212321,0.12439651485423808,0.10657761625028761,0.4241552485456884,0.009763300372154005,0.03987145068657494,True,True,False
40,504,near_high_low_volume_low_rsi,-1,1,-1,-1,1.0,1,0.0005,0.1781705594372105,0.8797399752659003,-0.18824243214263514,-0.03738260767685175,-0.12129887026532127,-0.030481411457467633,-0.09502512530856178,1,1,-0.058797729429371226,-0.2963962714218241,-1.4819813571091205,-0.17342639023749695,-0.08526858112760971,-0.42753502662097764,-0.0829431900587434,-0.5055436455924918,-0.189367545738794,-0.7354898564888229,-0.1814245232234395,-0.7217933388370273,0.17830554703353552,0.5496950154481267,0.23383839139670837,0.7102818919097323,-0.03232687773113274,-0.1652575162226706,-0.06803094027996592,-0.2858265348487583,False,False,False
40,504,near_high_low_volume_low_rsi,-1,1,-1,-1,1.0,2,0.0005,0.15148959504464332,0.7653002748850752,-0.20851300261891104,-0.06406357206941893,-0.23573857064614634,-0.04759018584558383,-0.1662028453288894,1,1,-0.10926509328678957,-0.4976354646176764,-2.4881773230883817,-0.2972054316210488,-0.13688118424778994,-0.7746778315616719,-0.09431728500544989,-0.516958406810633,-0.16178950170261586,-0.6125717536884233,-0.1734878513059408,-0.693500240567482,0.14756959226796873,0.4787916169105203,0.1631819009603186,0.5276984616412662,-0.0816490023257892,-0.3826991755469295,-0.06566669764317878,-0.2973858217976392,False,False,False
40,504,near_high_low_volume_low_rsi,-1,1,-1,-1,1.0,3,0.0005,0.15581958792808348,0.782319152098465,-0.2434123438018554,-0.05973357918597877,-0.21871969343275655,-0.016119409333292367,-0.0415473574591505,1,1,-0.11741461505246875,-0.5633201564629515,-2.8166007823147576,-0.2771176131890009,-0.11164466505015147,-0.639441557822497,-0.07850792380231475,-0.426923353547339,-0.14966277400162298,-0.5536109380911907,-0.06489642105364624,-0.2602141649368308,0.17727446411884018,0.5737747839758686,0.18745665424394842,0.6090225825228903,-0.12318456505478603,-0.5730293748347124,-0.07576845971649848,-0.3423529923869329,False,False,False
40,504,near_high_low_volume_low_rsi,-1,1,-1,-1,1.0,5,0.0005,0.1741752274288877,0.8708479041668024,-0.18883874331361017,-0.04137793968517456,-0.13019094136441922,-0.04137793968517456,-0.13019094136441922,0,0,-0.04216104444108071,-0.15542413569147923,-0.8432208888216142,-0.1919616410149009,-0.06402409358219652,-0.3691190219205076,-0.06402409358219652,-0.3691190219205076,-0.0499140253970789,-0.14426983606640142,-0.0499140253970789,-0.14426983606640142,-0.016490280851516603,0.024155056513205486,-0.016490280851516603,0.024155056513205486,-0.03440806348508252,-0.16657843531655703,-0.03440806348508252,-0.16657843531655703,False,False,False
40,504,near_high_low_volume_low_rsi,-1,1,-1,-1,1.0,10,0.0005,0.23028661320469213,1.063407406503505,-0.1539050452730164,0.014733446090629876,0.06236856097228349,-0.050623618014236094,-0.14143154975230532,2,2,-0.037981036238335264,-0.2600766457443159,-1.3003832287215793,0.06230383690973186,-0.1191656943546262,-0.676974320698551,0.006511370351447443,0.06995422475986462,-0.23233705106122438,-0.937620783243494,-0.2630596799915179,-1.1060365409171329,0.45230891938276296,1.2121146470846336,0.15314400030869968,0.4750413674989056,0.04320362187795568,0.15682102920991925,-0.05361069400017793,-0.22746276864919424,False,False,False
40,504,pullback_high_volume_high_rsi,1,-1,1,1,0.25,1,0.0005,0.20865197089467813,0.9747651005744621,-0.26077643000923156,-0.00690119621938412,-0.026273744956759493,0.0,0.0,1,0,-0.005134206792110407,0.03215605065985927,-0.10268413584220815,-0.032016213502129985,-0.0023253910688663115,0.07800861897151412,0.0,0.0,-0.007943022515354503,-0.013696517651795581,0.0,0.0,-0.05553284436317285,-0.16058687646160563,0.0,0.0,0.03570406254883318,0.12056901862608771,0.0,0.0,False,False,False
40,504,pullback_high_volume_high_rsi,1,-1,1,1,0.25,2,0.0005,0.19907978089022715,0.9315031202139646,-0.23166749721119217,-0.016473386223835096,-0.06953572531725694,0.0,0.0,1,0,-0.01579730668748014,-0.0671100992400181,-0.3355504962000905,-0.07642377258654719,-0.04256389924234005,-0.25771942475103893,0.0,0.0,0.011698349603324942,0.08092848687905874,0.0,0.0,-0.015612308692349863,-0.04890684473074591,0.0,0.0,-0.015982304682610415,-0.08531335374929028,0.0,0.0,False,False,False
40,504,pullback_high_volume_high_rsi,1,-1,1,1,0.25,3,0.0005,0.17193899726137585,0.8238665095576155,-0.20648298532333742,-0.0436141698526864,-0.17717233597360604,0.0,0.0,0,0,-0.040276423293062136,-0.22159729336146872,-1.1079864668073436,-0.20233601963086675,-0.03313674124783672,-0.212518204275158,0.0,0.0,-0.08476635294797674,-0.29339677315435986,0.0,0.0,-0.010182190125108237,-0.03524779854702176,0.0,0.0,-0.04741610533828755,-0.23067638244777944,0.0,0.0,False,False,False
40,504,pullback_high_volume_high_rsi,1,-1,1,1,0.25,5,0.0005,0.21555316711406225,1.0010388455312216,-0.21988831808861653,0.0,0.0,0.0,0.0,0,0,0.0,0.0,0.0,0.0,0.0,0.0,0.0,0.0,0.0,0.0,0.0,0.0,0.0,0.0,0.0,0.0,0.0,0.0,0.0,0.0,False,False,False
40,504,pullback_high_volume_high_rsi,1,-1,1,1,0.25,10,0.0005,0.2809102312189282,1.2048389562558104,-0.19672816700819518,0.06535706410486597,0.2038001107245888,0.0,0.0,3,0,0.06376847240421357,0.2763497777663762,1.2753694480842714,0.2035886136031396,-0.12567706470607365,-0.7469285454584156,0.0,0.0,0.03072262893029354,0.16841575767363892,0.0,0.0,0.2991649190740633,0.7370732795857279,0.0,0.0,0.0968143158781336,0.3842837978591135,0.0,0.0,True,False,False
40,504,pullback_high_volume_high_rsi,1,-1,1,1,0.5,1,0.0005,0.1261436504387088,0.6400702051030707,-0.26077643000923145,-0.08940951667535346,-0.3609686404281509,-0.08250832045596934,-0.3346948954713914,0,0,-0.08712357727891573,-0.3838692282348485,-1.9193461411742423,-0.4147910136158726,-0.10451298355879746,-0.5576931217134286,-0.10218759248993114,-0.6357017406849427,-0.15424166606553835,-0.6248912109474015,-0.14629864355018385,-0.6111946932956059,-0.069734170999034,-0.2100453347562684,-0.014201326635861156,-0.04945845829466278,-0.03413935118754563,-0.17498308452011635,-0.06984341373637881,-0.29555210314620406,False,False,False
40,504,pullback_high_volume_high_rsi,1,-1,1,1,0.5,2,0.0005,0.1391041214530051,0.6837658705943893,-0.23166749721119262,-0.07644904566105715,-0.31727297493683226,-0.05997565943722205,-0.24773724961957533,0,1,-0.04295541679493475,-0.21106130701790926,-1.0553065350895463,-0.3546644509315111,-0.04461151131395069,-0.2939617095296202,-0.0020476120716106383,-0.03624228477858127,-0.21980605445687718,-0.8970207093107652,-0.23150440406020212,-0.9779491961898239,-0.041299322275918815,-0.12816090450619833,-0.02568701358356895,-0.07925405977545241,-0.005063756262757124,-0.04833670543230528,0.010918548419853291,0.036976648316984995,False,False,False
40,504,pullback_high_volume_high_rsi,1,-1,1,1,0.5,3,0.0005,0.1372805240728292,0.6780217030598102,-0.2064829853233373,-0.07827264304123305,-0.32301714247141133,-0.034658473188546646,-0.1458448064978053,0,1,-0.04908905210093206,-0.20624944806758838,-1.0312472403379418,-0.3631245325187648,0.006567822599267581,-0.08999386360114814,0.0397045638471043,0.12252434067400986,-0.22238076412547647,-0.8948522095256519,-0.13761441117749973,-0.6014554363712921,-0.0329052247416759,-0.10441299150164751,-0.02272303461656766,-0.06916519295462575,-0.06527287946018823,-0.30808590463352925,-0.017856774121900676,-0.07740952218574981,False,False,False
40,504,pullback_high_volume_high_rsi,1,-1,1,1,0.5,5,0.0005,0.15493902338875332,0.7474217458905822,-0.21988831808861653,-0.06061414372530893,-0.2536170996406394,-0.06061414372530893,-0.2536170996406394,0,0,-0.040387706426867065,-0.16029743110640127,-0.8077541285373413,-0.2812027516776606,-0.01842323284751557,-0.13766337328461886,-0.01842323284751557,-0.13766337328461886,-0.15201753911728644,-0.6432230749824501,-0.15201753911728644,-0.6432230749824501,-0.06235218000621856,-0.18293148892818367,-0.06235218000621856,-0.18293148892818367,-0.01626029793706696,-0.0853756790707596,-0.01626029793706696,-0.0853756790707596,False,False,False
40,504,pullback_high_volume_high_rsi,1,-1,1,1,0.5,10,0.0005,0.22645723771929172,0.9898131239830271,-0.20992215251449842,0.010904070605229466,-0.011225721548194456,-0.054452993499636504,-0.21502583227278327,2,0,-0.0011387236708889636,-0.012132352233868937,-0.060661761169344686,-0.01121407185975615,-0.19191622325281188,-1.064837328773884,-0.06623915854673823,-0.31790878331546835,-0.02571787425346983,-0.09180020424061097,-0.05644050318376337,-0.2602159619142499,0.2914154233219992,0.7039169524878989,-0.007749495752064073,-0.03315632709782901,0.023440426911691903,0.0675354997728731,-0.0733738889664417,-0.3167482980862404,False,False,False
40,504,pullback_high_volume_high_rsi,1,-1,1,1,1.0,1,0.0005,0.061919535856069796,0.3763555164466061,-0.31454527064074345,-0.15363363125799245,-0.6246833290846154,-0.14673243503860833,-0.598409584127856,0,0,-0.16773837826611881,-0.6755814248173977,-3.3779071240869882,-0.7127412383446706,-0.18172823726826648,-1.024842460712221,-0.17940284619940017,-1.1028510796837352,-0.21711213617474412,-0.8951088362942623,-0.20916911365938962,-0.8814123186424667,-0.15374851926397115,-0.4560540133405332,-0.0982156749007983,-0.29546713687892756,-0.06696458191698151,-0.3212389193529184,-0.1026686444658147,-0.4418079379790061,False,False,False
40,504,pullback_high_volume_high_rsi,1,-1,1,1,1.0,2,0.0005,0.11588799698907404,0.5848010154574884,-0.28755363176041693,-0.09966517012498821,-0.41623783007373316,-0.08319178390115312,-0.3467021047564762,0,1,-0.06448487742397535,-0.31419227413578305,-1.5709613706789152,-0.4623693145378343,-0.2465548489396836,-1.3491562032912334,-0.20399094969734355,-1.0914367785401946,-0.07878872915211144,-0.376297160136561,-0.09048707875543638,-0.45722564701561974,-0.002645201412712961,0.003859966617674071,0.012967107279636902,0.052766811348419984,-0.050181025695839265,-0.2520873881350051,-0.03419872101322885,-0.1667740343857148,False,False,False
40,504,pullback_high_volume_high_rsi,1,-1,1,1,1.0,3,0.0005,0.0557588400612028,0.34897955923489954,-0.28115156918613937,-0.15979432705285945,-0.652059286296322,-0.11618015720017305,-0.474886950322716,0,0,-0.15265899177825493,-0.6600363468525345,-3.3001817342626727,-0.7413221025340008,-0.21036247820694953,-1.1596782587029497,-0.1772257369591128,-0.9471600544277917,-0.1779808334970434,-0.7334543857360936,-0.09321448054906667,-0.4400576125817337,-0.12209088632800236,-0.3521445174768657,-0.11190869620289412,-0.31689671892984395,-0.12733715005946644,-0.5866183079689754,-0.07992104472117889,-0.35594192552119597,False,False,False
40,504,pullback_high_volume_high_rsi,1,-1,1,1,1.0,5,0.0005,0.02437228008704584,0.22109347826338466,-0.2869573226808263,-0.1911808870270164,-0.7799453672678369,-0.1911808870270164,-0.7799453672678369,0,0,-0.20219325501626156,-0.8756142046964546,-4.378071023482272,-0.8869314684012554,-0.25670108488845167,-1.3693882787987561,-0.25670108488845167,-1.3693882787987561,-0.191198683512122,-0.763598296946252,-0.191198683512122,-0.763598296946252,-0.08943558012461583,-0.25642920465831176,-0.08943558012461583,-0.25642920465831176,-0.21318782652040114,-0.9876301124466571,-0.21318782652040114,-0.9876301124466571,False,False,False
40,504,pullback_high_volume_high_rsi,1,-1,1,1,1.0,10,0.0005,0.05095571116544817,0.3264623032765874,-0.40898816571702223,-0.16459745594861408,-0.6745765422546341,-0.22995452005348005,-0.878376652979223,1,0,-0.22149988526326625,-0.9864048886976086,-4.932024443488043,-0.763604906169231,-0.3202616219495831,-1.6602814536429444,-0.19458455724350943,-0.9133529081845289,-0.1589607193750202,-0.6526311673725991,-0.18968334830531375,-0.821046925046238,0.2005351391616388,0.5108999021692976,-0.0986297799124245,-0.2261733774164303,-0.2840390511515123,-1.320178610022618,-0.3808533670296459,-1.7044624078817314,False,False,False
40,504,pullback_high_volume_low_rsi,1,-1,1,-1,0.25,1,0.0005,0.2320184023747236,1.055033874072821,-0.26077643000923145,0.01646523526066135,0.05399502854159932,0.02336643148004547,0.08026877349835881,3,3,0.034514264900467606,0.15831386706707606,0.6902852980093521,0.05393899425845534,0.005017484763512936,0.10262153006485297,0.007342875832379248,0.024612911093338852,0.06401104503742228,0.21400620406929916,0.07195406755277678,0.22770272172109474,-0.07379874001950926,-0.21518614427135796,-0.018265895656336406,-0.05459926780975233,0.07397729493170435,0.2726710200766518,0.03827323238287117,0.15210200145056407,True,True,False
40,504,pullback_high_volume_low_rsi,1,-1,1,-1,0.25,2,0.0005,0.2045146192932219,0.9458192678271855,-0.2316674972111925,-0.01103854782084035,-0.05521957770403607,0.005434838402994746,0.014316147613220864,0,2,-0.009909776741223064,-0.061715116081289156,-0.3085755804064458,-0.05516227262362899,-0.005156570955874518,-0.07468378914389895,0.037407328286465535,0.18303563560713998,-0.022425998223422505,-0.0740552569009727,-0.03412434782674745,-0.15498374378003144,-0.01466298252657161,-0.049374975261605614,0.0009493261657782526,-0.0004681305308597006,-0.003394580608832909,-0.030605636407235348,0.012587724073777506,0.05470771734205493,False,False,False
40,504,pullback_high_volume_low_rsi,1,-1,1,-1,0.25,3,0.0005,0.19091714956222527,0.8905076349027881,-0.2064829853233373,-0.024636017551836975,-0.11053121062843352,0.018978152300849427,0.06664112534517252,0,4,-0.013512636277574042,-0.10093809237958584,-0.5046904618979292,-0.11429206947722816,-0.00825464254303121,-0.09525953802137344,0.02488209870480551,0.11725866625378456,-0.07394630725387263,-0.266643718036516,0.010820045694104108,0.02675305511784387,-0.0002633347422871246,-0.012009958108695984,0.009918855382821112,0.023237840438325774,-0.018770630012116873,-0.10661664673779825,0.028645475326170677,0.12405973570998119,False,True,False
40,504,pullback_high_volume_low_rsi,1,-1,1,-1,0.25,5,0.0005,0.21826656131207955,1.0035255491610562,-0.21988831808861653,0.002713394198017305,0.002486703629834608,0.002713394198017305,0.002486703629834608,2,2,-0.0006797372747965325,-0.004142803548206397,-0.020714017741031987,0.0024841230097469276,0.004619486081019364,0.009279442657014414,0.004619486081019364,0.009279442657014414,-0.01334979060480368,-0.075510196176791,-0.01334979060480368,-0.075510196176791,-0.005978960630612429,-0.01756504975342721,-0.005978960630612429,-0.01756504975342721,0.022939847025617688,0.09499303367595668,0.022939847025617688,0.09499303367595668,False,False,False
40,504,pullback_high_volume_low_rsi,1,-1,1,-1,0.25,10,0.0005,0.3104462122179177,1.2825539731009152,-0.19672816700819562,0.09489304510385543,0.28151512756969366,0.029535980998989464,0.07771501684510485,3,2,0.14386494245690984,0.5230117383911306,2.6150586919556527,0.2812229803332976,-0.15361293805298892,-0.883557118358475,-0.027935873346915274,-0.1366285729000593,0.11907192646363951,0.4235704626199839,0.08834929753334597,0.25515470494634496,0.2950356215630743,0.7237267001421875,-0.004129297510989005,-0.01334657944354034,0.16865795845018017,0.6224530141622774,0.07184364257204656,0.2381692163031639,True,False,False
40,504,pullback_high_volume_low_rsi,1,-1,1,-1,0.5,1,0.0005,0.12721436462571778,0.6306685473481263,-0.26077643000923156,-0.08833880248834447,-0.3703702981830953,-0.08143760626896035,-0.3440965532263358,0,1,-0.06979805853329102,-0.36236389192665946,-1.8118194596332973,-0.40982372781189086,-0.10487756417318694,-0.6165694087920564,-0.10255217310432063,-0.6945780277635705,-0.22537142935922327,-0.9281682963828155,-0.21742840684386877,-0.9144717787310199,-0.034718552893395094,-0.10815837506126258,0.020814291469777757,0.05242850140034305,0.008513197147848706,-0.010521808288143863,-0.027190865400984476,-0.13109082691423157,False,False,False
40,504,pullback_high_volume_low_rsi,1,-1,1,-1,0.5,2,0.0005,0.1054453927125869,0.5442750967823135,-0.23166749721119206,-0.11010777440147534,-0.4567637487489081,-0.09363438817764025,-0.3872280234316512,1,1,-0.12678412148982854,-0.6008543847637229,-3.004271923818614,-0.5108149227202523,-0.16392150302175512,-0.931964809097491,-0.12135760377941507,-0.6742453843464521,-0.1882700970012181,-0.7803068561069941,-0.19996844660454305,-0.8612353429860529,0.007406052365228621,0.011740749765509984,0.023018361057578485,0.0606475944962559,-0.08964673995790196,-0.4214019134204516,-0.07366443527529154,-0.3360885596711613,False,False,False
40,504,pullback_high_volume_low_rsi,1,-1,1,-1,0.5,3,0.0005,0.09479376457768152,0.5004471153533092,-0.20648298532333742,-0.12075940253638073,-0.5005917301779124,-0.07714523268369433,-0.3234193942043063,0,0,-0.09742159793278249,-0.4886901472633804,-2.443450736316902,-0.5602302399596829,-0.11438694477835343,-0.6968261231506506,-0.08125020353051671,-0.4843079188754926,-0.23710146029774948,-0.9756981273004579,-0.15233510734977274,-0.682301354146098,-0.08045625108721155,-0.23837301438450065,-0.07027406096210331,-0.2031252158374789,-0.05616073709894431,-0.28055417137611016,-0.008744631760656763,-0.049877788928330724,False,False,False
40,504,pullback_high_volume_low_rsi,1,-1,1,-1,0.5,5,0.0005,0.16433155440608482,0.7777355340569957,-0.25194315880841855,-0.051221612707977426,-0.22330331147422589,-0.051221612707977426,-0.22330331147422589,2,2,-0.014139848961529422,-0.16279119330712088,-0.8139559665356044,-0.23762867135639423,-0.06682518027845297,-0.44904059263499907,-0.06682518027845297,-0.44904059263499907,-0.23516079995058692,-0.9547978445386793,-0.23516079995058692,-0.9547978445386793,0.06302042794337348,0.16584118046186236,0.06302042794337348,0.16584118046186236,0.03854548235539412,0.1234582060207573,0.03854548235539412,0.1234582060207573,False,False,False
40,504,pullback_high_volume_low_rsi,1,-1,1,-1,0.5,10,0.0005,0.13154278871552605,0.6436031229072849,-0.3229559385017896,-0.0840103783985362,-0.35743572262393664,-0.14936744250340217,-0.5612358333485254,1,0,-0.12059353025839037,-0.5006498028450328,-2.503249014225164,-0.38974318736908753,-0.22315367603780012,-1.194917436570579,-0.09747661133172647,-0.44798889111216345,-0.16474889603775278,-0.6395734868438078,-0.19547152496804632,-0.8079892445174467,0.16590317649365494,0.4467405950485853,-0.13326174258040835,-0.29033268453714256,-0.07643816447902796,-0.36172611884625777,-0.17325248035716156,-0.7460099167053713,False,False,False
40,504,pullback_high_volume_low_rsi,1,-1,1,-1,1.0,1,0.0005,0.0427797591826502,0.29693723108630954,-0.33845367374745683,-0.17277340793141205,-0.704101614444912,-0.16587221171202793,-0.6778278694881525,0,0,-0.16033983457547907,-0.58927349621433,-3.2067966915095814,-0.8015350005968002,-0.10029297009624516,-0.6185886007100649,-0.09796757902737885,-0.6965972196815791,-0.14214420920318616,-0.5599583917185951,-0.13420118668783165,-0.5462618740667995,-0.17853545994777198,-0.5383338627443193,-0.12300261558459913,-0.3777469862827136,-0.25502570856002427,-1.1666403074672271,-0.29072977110885745,-1.2872093260933148,False,False,False
40,504,pullback_high_volume_low_rsi,1,-1,1,-1,1.0,2,0.0005,0.007188408974094562,0.14868503347362724,-0.4065140494868571,-0.2083647581399677,-0.8523538120575943,-0.1918913719161326,-0.7828180867403374,0,0,-0.1991711462869465,-0.9487052385710069,-4.743526192855034,-0.9666513414284897,-0.19198286900827533,-1.0704340821599176,-0.14941896976593527,-0.8127146574088786,-0.20635942356561765,-0.8269763949820961,-0.2180577731689426,-0.9079048818611548,-0.1502150765762047,-0.44572630249921114,-0.13460276788385483,-0.3968194577684652,-0.27287224712674274,-1.2608204157050171,-0.2568899424441323,-1.1755070619557269,False,False,False
40,504,pullback_high_volume_low_rsi,1,-1,1,-1,1.0,3,0.0005,-0.028422283708222085,-0.0034373092565070135,-0.3146197058104545,-0.24397545082228433,-1.0044761547877286,-0.20036128096959793,-0.8273038188141225,0,0,-0.24360423029251083,-1.1155535309360234,-5.577767654680117,-1.1318574163801645,-0.30379475426561975,-1.6497091994286184,-0.27065801301778303,-1.4371909951534605,-0.3326839310240498,-1.3920823757727319,-0.24791757807607306,-1.098685602618372,-0.1525473947906928,-0.45268996713016185,-0.14236520466558455,-0.4174421685831401,-0.1834137063194019,-0.8390246860993151,-0.13599760098111435,-0.6083483036515358,False,False,False
40,504,pullback_high_volume_low_rsi,1,-1,1,-1,1.0,5,0.0005,0.0654957199829056,0.3873957628602519,-0.28606334203538974,-0.15005744713115665,-0.6136430826709697,-0.15005744713115665,-0.6136430826709697,1,1,-0.20338501148085086,-0.8694333160285599,-4.347166580142799,-0.6961505095944712,-0.285568143154893,-1.5176263546582585,-0.285568143154893,-1.5176263546582585,-0.2825397148236446,-1.1663429137388461,-0.2825397148236446,-1.1663429137388461,0.13956327474716335,0.4241776559768998,0.13956327474716335,0.4241776559768998,-0.12423030813805713,-0.5725237183182738,-0.12423030813805713,-0.5725237183182738,False,False,False
40,504,pullback_high_volume_low_rsi,1,-1,1,-1,1.0,10,0.0005,0.0635012895524174,0.38408041181976993,-0.3171109230531737,-0.15205187756164484,-0.6169584337114516,-0.2174089416665108,-0.8207585444360405,0,0,-0.15268020317666575,-0.7407891847875445,-3.7039459239377224,-0.7054031244235209,-0.14362434345036923,-0.8329408783517795,-0.01794727874429558,-0.08601233289336385,-0.16173606290296227,-0.6486374912233094,-0.1924586918332558,-0.8170532488969483,-0.0643813641840778,-0.14537057293443312,-0.3635462832581411,-0.882443852520161,-0.22460872664850218,-1.0192745017690141,-0.3214230425266358,-1.4035582996281275,False,False,False
40,504,pullback_low_volume_high_rsi,1,-1,-1,1,0.25,1,0.0005,0.2089147548975494,0.9759792600982209,-0.260776430009231,-0.006638412216512846,-0.025059585433000686,0.0002627840028712747,0.0012141595237588065,1,1,-0.00461918574088882,0.03653098820596212,-0.09238371481777641,-0.030797098949606524,-0.0012953489664231377,0.08675849406371983,0.0010300421024431738,0.008749875092205706,-0.007943022515354503,-0.013696517651795581,0.0,0.0,-0.05553284436317285,-0.16058687646160563,0.0,0.0,0.03570406254883318,0.12056901862608771,0.0,0.0,False,False,False
40,504,pullback_low_volume_high_rsi,1,-1,-1,1,0.25,2,0.0005,0.19830020317712704,0.9290428543039273,-0.2316674972111924,-0.017252963936935206,-0.07199599122729428,-0.0007795777131001103,-0.0024602659100373403,1,0,-0.01579730668748014,-0.0671100992400181,-0.3355504962000905,-0.08004041029842822,-0.04553561402041528,-0.26982880372895823,-0.0029717147780752295,-0.012109378977919305,0.011698349603324942,0.08092848687905874,0.0,0.0,-0.015612308692349863,-0.04890684473074591,0.0,0.0,-0.015982304682610415,-0.08531335374929028,0.0,0.0,False,False,False
40,504,pullback_low_volume_high_rsi,1,-1,-1,1,0.25,3,0.0005,0.16983210962691242,0.8161039117926011,-0.20648298532333698,-0.04572105748714983,-0.18493493373862047,-0.002106887634463428,-0.007762597765014423,0,0,-0.044411808288918886,-0.24159538334937103,-1.207976916746855,-0.21211034891895625,-0.04140751123955022,-0.2525143842509626,-0.0082707699917135,-0.039996179975804624,-0.08476635294797674,-0.29339677315435986,0.0,0.0,-0.010182190125108237,-0.03524779854702176,0.0,0.0,-0.04741610533828755,-0.23067638244777944,0.0,0.0,False,False,False
40,504,pullback_low_volume_high_rsi,1,-1,-1,1,0.25,5,0.0005,0.20998494590469519,0.9801948203138673,-0.21988831808861664,-0.0055682212093670636,-0.02084402521735429,-0.0055682212093670636,-0.02084402521735429,0,0,0.0,0.0,0.0,-0.025832240295595287,-0.021588831385922713,-0.1130808960289511,-0.021588831385922713,-0.1130808960289511,0.0,0.0,0.0,0.0,0.0,0.0,0.0,0.0,0.0,0.0,0.0,0.0,False,False,False
40,504,pullback_low_volume_high_rsi,1,-1,-1,1,0.25,10,0.0005,0.2707813786583926,1.1691682607196885,-0.19672816700819507,0.05522821154433033,0.1681294151884669,-0.01012885256053564,-0.0356706955361219,3,0,0.06376847240421357,0.2763497777663762,1.2753694480842714,0.1679549359538047,-0.15883547066637105,-0.9070916561982373,-0.0331584059602974,-0.16016311073982162,0.03072262893029354,0.16841575767363892,0.0,0.0,0.2991649190740633,0.7370732795857279,0.0,0.0,0.0968143158781336,0.3842837978591135,0.0,0.0,True,False,False
40,504,pullback_low_volume_high_rsi,1,-1,-1,1,0.5,1,0.0005,0.15520636235237983,0.7585700122376684,-0.27545575909036113,-0.060346804761682415,-0.24246883329355318,-0.053445608542298295,-0.21619508833679368,1,1,-0.10204576197398307,-0.4082945645275258,-2.041472822637629,-0.2799625056297561,0.10712896172929276,0.37240054075869766,0.10945435279815907,0.29439192178718354,-0.11464880869131955,-0.4374063107303884,-0.10670578617596505,-0.4237097930785928,-0.1361461722753392,-0.3978867913496409,-0.08061332791216635,-0.23729991488803526,-0.0894427152566466,-0.41870233770541077,-0.12514677780547978,-0.5392713563314985,False,False,False
40,504,pullback_low_volume_high_rsi,1,-1,-1,1,0.5,2,0.0005,0.17180045735324234,0.8257197430713017,-0.28874366027764264,-0.04375270976081991,-0.17531910245991988,-0.027279323536984812,-0.10578337714266295,1,1,-0.0423643151505112,-0.12151366456953477,-0.847286303010224,-0.20297873766646024,0.03059716701124704,0.002662861035028108,0.07316106625358709,0.26038228578606704,-0.021521194890193662,-0.08105399999148943,-0.033219544493518605,-0.16198248687054817,-0.06320743541082874,-0.16197332914758011,-0.047595126718478875,-0.1130664844168342,-0.11088036963988923,-0.5176256246459832,-0.09489806495727882,-0.4323122708966929,False,False,False
40,504,pullback_low_volume_high_rsi,1,-1,-1,1,0.5,3,0.0005,0.14871855574354442,0.7307114143248146,-0.2516055957976556,-0.06683461137051783,-0.270327431206407,-0.023220441517831425,-0.09315509523280097,0,1,-0.08002040520527187,-0.3241346895125701,-1.6206734475628504,-0.3100609110287467,0.02611320691070307,-0.009909294266969626,0.05924994815853979,0.20260891000818837,-0.10014214705270219,-0.3656607001997654,-0.015375794104725449,-0.07226392704540552,-0.13377965012013648,-0.3944107551987986,-0.12359745999502825,-0.35916295665177683,-0.05989866335784155,-0.28260867882537477,-0.012482558019554002,-0.05193229637759533,False,False,False
40,504,pullback_low_volume_high_rsi,1,-1,-1,1,0.5,5,0.0005,0.1840479473734753,0.8753539105399007,-0.21988831808861653,-0.031505219740586954,-0.12568493499132083,-0.031505219740586954,-0.12568493499132083,2,2,-0.02625918533025251,-0.1646927767096546,-0.8234638835482729,-0.14615985541940857,-0.08447619963596686,-0.5494023040377107,-0.08447619963596686,-0.5494023040377107,-0.11604431881103316,-0.46484243094904976,-0.11604431881103316,-0.46484243094904976,0.031957828975461844,0.13545687752974056,0.031957828975461844,0.13545687752974056,0.04132575943094241,0.18753828357502933,0.04132575943094241,0.18753828357502933,False,False,False
40,504,pullback_low_volume_high_rsi,1,-1,-1,1,0.5,10,0.0005,0.22131026889283834,1.0294955878497396,-0.1967281670081955,0.005757101778776086,0.028456742318518025,-0.059599962326089884,-0.1753433684060708,2,1,-0.001784085796910806,-0.09415578607837277,-0.47077893039186386,0.026708500069171585,-0.06728761437476649,-0.42511626727107443,0.05838945033130716,0.3218122781873412,-0.160263997523572,-0.5819777537913641,-0.19098662645386555,-0.750393511465003,0.20424623323547975,0.5873983981674004,-0.09491868583858354,-0.14967488141832752,0.06371944278094488,0.2368046951143289,-0.033094873097188726,-0.1474791027447846,False,False,False
40,504,pullback_low_volume_high_rsi,1,-1,-1,1,1.0,1,0.0005,0.029506422098526608,0.24401567014451717,-0.3036760735281322,-0.18604674501553564,-0.7570231753867044,-0.17914554879615152,-0.7307494304299449,0,0,-0.2162243503078749,-0.9124513455893172,-4.562256727946585,-0.8631130198940061,-0.1670918705894966,-0.9466333557268793,-0.16476647952063028,-1.0246419746983935,-0.29129023303755086,-1.2046069716720686,-0.28334721052219636,-1.190910454020273,-0.2653568300262532,-0.878269335451755,-0.20982398566308036,-0.7176824589901494,-0.023450075495973666,-0.12885543948263967,-0.05915413804480685,-0.24942445810872738,False,False,False
40,504,pullback_low_volume_high_rsi,1,-1,-1,1,1.0,2,0.0005,0.0925272185810746,0.5294577441370102,-0.2706498770394211,-0.12302594853298765,-0.4715811013942114,-0.10655256230915255,-0.40204537607695445,0,0,-0.09142355003389413,-0.40213826415593334,-2.0106913207796664,-0.5707452605782738,-0.09984421764304274,-0.5799819834517403,-0.05728031840070269,-0.3222625587007014,-0.2670060973859576,-1.0867341080213047,-0.27870444698928254,-1.1676625949003632,-0.08300288242474552,-0.17450389673671174,-0.06739057373239565,-0.12559705200596583,-0.046809724605015424,-0.2242945448601263,-0.03082741992240501,-0.138981191110836,False,False,False
40,504,pullback_low_volume_high_rsi,1,-1,-1,1,1.0,3,0.0005,0.11244125241663316,0.6059219308561354,-0.36379205927650327,-0.10311191469742909,-0.39511691467508614,-0.059497744844742684,-0.2179445787014801,2,2,-0.04618980237290371,-0.27807936022063245,-1.3903968011031622,-0.47835954385613977,-0.1332529755465508,-0.7821199741407039,-0.10011623429871408,-0.569601769865546,-0.3664880909220244,-1.5954274258938725,-0.28172173797404765,-1.3020306527395127,0.04087337080074338,0.22596125369943898,0.05105556092585162,0.26120905224646074,0.0691248092473904,0.2580014921409868,0.11654091458567795,0.4886778745887662,False,False,False
40,504,pullback_low_volume_high_rsi,1,-1,-1,1,1.0,5,0.0005,0.05071767122719617,0.34053331381309965,-0.3700071962523641,-0.16483549588686608,-0.6605055317181219,-0.16483549588686608,-0.6605055317181219,0,0,-0.1262839452704031,-0.695976211258235,-3.4798810562911746,-0.7647092273974412,-0.23388509737841545,-1.3123650966301943,-0.23388509737841545,-1.3123650966301943,-0.3754735699811883,-1.6343998782887903,-0.3754735699811883,-1.6343998782887903,-0.018682793162390743,0.051682817681223625,-0.018682793162390743,0.051682817681223625,-0.012829382302877113,-0.0795873258862756,-0.012829382302877113,-0.0795873258862756,False,False,False
40,504,pullback_low_volume_high_rsi,1,-1,-1,1,1.0,10,0.0005,0.14199968726625634,0.7374929495719846,-0.3050214258391388,-0.07355347984780591,-0.26354589595923694,-0.13891054395267188,-0.46734600668382575,1,1,-0.1504381811235469,-0.6868513567654038,-3.434256783827019,-0.3412312648084837,-0.23865368654230634,-1.3686875996226837,-0.1129766218362327,-0.6217590541642681,-0.2646036374634988,-1.0794507693872704,-0.29532626639379234,-1.2478665270609093,0.36255759071834537,1.1532182248363925,0.06339267164428208,0.4161449452506645,-0.062222675704787456,-0.2942519441435372,-0.15903699158292106,-0.6785357420026508,False,False,False
40,504,pullback_low_volume_low_rsi,1,-1,-1,-1,0.25,1,0.0005,0.16891892043975187,0.8135761186876437,-0.26077643000923134,-0.046634246674310376,-0.1874627268435779,-0.039733050454926255,-0.1611889818868184,2,1,-0.05319730465209693,-0.17453656284368463,-1.0639460930419387,-0.21634684054367603,0.008268215178621308,0.055736968748616,0.01059360624748762,-0.02227165022289812,-0.11466282448281517,-0.44365030072587797,-0.10671980196746067,-0.4299537830740824,-0.13610406704434697,-0.40481009443598526,-0.08057122268117412,-0.24422321797437962,0.05117262450394988,0.1870593028312838,0.0154685619551167,0.06649028420519609,False,False,False
40,504,pullback_low_volume_low_rsi,1,-1,-1,-1,0.25,2,0.0005,0.19099317717581576,0.8875842175458148,-0.23166749721119262,-0.024559989938246485,-0.11345462798540673,-0.008086603714411389,-0.043918902668149795,0,1,-0.02474052918214975,-0.09036422671179473,-0.494810583642995,-0.11393936014519473,-0.04250396901607023,-0.2998017793338873,5.993022626982203e-05,-0.04208235458284837,-0.0031483745190339363,-0.014406305733515312,-0.014846724122358879,-0.09533479261257405,-0.04451223209802313,-0.13611136602499574,-0.028899923405673267,-0.08720452129424983,-0.006977089348229271,-0.04461708739859371,0.009005215334381145,0.040696266350696564,False,False,False
40,504,pullback_low_volume_low_rsi,1,-1,-1,-1,0.25,3,0.0005,0.17755437967055632,0.8357109123710433,-0.2064829853233372,-0.03799878744350593,-0.16532793316017824,0.005615382409180469,0.011844402813427801,1,2,-0.04209784174882358,-0.15635979449977516,-0.8419568349764717,-0.17628498783967517,0.03019551934358633,0.05661204294025679,0.06333226059142305,0.2691302472154148,-0.10189785087535763,-0.3873206474389328,-0.01713149792738089,-0.09392387428457294,-0.057540216544319955,-0.17328533040388994,-0.04735802641921172,-0.13803753185686818,-0.02665546695332721,-0.1394342585956604,0.02076063838496034,0.09124212385211905,False,False,False
40,504,pullback_low_volume_low_rsi,1,-1,-1,-1,0.25,5,0.0005,0.1881750849116821,0.8862211357622685,-0.21988831808861642,-0.02737808220238014,-0.11481770976895311,-0.02737808220238014,-0.11481770976895311,1,1,-0.03048695458034123,-0.128943957695775,-0.6447197884788749,-0.12701312891353964,-0.020426386782555594,-0.13670995192617097,-0.020426386782555594,-0.13670995192617097,-0.07003545187081484,-0.2832710425829881,-0.07003545187081484,-0.2832710425829881,-0.040547522378126866,-0.12117796346537901,-0.040547522378126866,-0.12117796346537901,0.01630359436346196,0.06747622144252119,0.01630359436346196,0.06747622144252119,False,False,False
40,504,pullback_low_volume_low_rsi,1,-1,-1,-1,0.25,10,0.0005,0.23095895355856855,1.0208307838849267,-0.19672816700819518,0.015405786444506298,0.019791938353705074,-0.04995127766035967,-0.18400817237088374,2,0,0.012718387135188136,0.05494506400453408,0.2543677427037627,0.01977139892428658,-0.1570132829388784,-0.8977498980769814,-0.03133621823280475,-0.15082135261856572,-0.06700322381993251,-0.25891482277523825,-0.09772585275022605,-0.4273305804488772,0.2240334636450667,0.5560295657833024,-0.07513145542899657,-0.18104371380242545,0.09243999809030878,0.3688049507843064,-0.004374317787824822,-0.015478847074807067,False,False,False
40,504,pullback_low_volume_low_rsi,1,-1,-1,-1,0.5,1,0.0005,0.11705766708046461,0.6177794283112461,-0.260776430009231,-0.09849550003359764,-0.3832594172199755,-0.09159430381421352,-0.356985672263216,0,0,-0.0989017774928822,-0.3957948139072648,-1.9789740695363238,-0.45694294986386214,-0.08175841172622444,-0.4938284021936412,-0.07943302065735813,-0.5718370211651553,-0.11604514325953996,-0.4155698608577514,-0.10810212074418546,-0.4018733432059558,-0.13162323709913504,-0.3760197669567782,-0.07609039273596219,-0.21543289049517256,-0.06775988226292018,-0.3199773100623872,-0.10346394481175336,-0.44054632868847493,False,False,False
40,504,pullback_low_volume_low_rsi,1,-1,-1,-1,0.5,2,0.0005,0.1647872309944982,0.8010117766801742,-0.23166749721119229,-0.05076593611956404,-0.20002706885104737,-0.03429254989572894,-0.13049134353379044,1,1,-0.08015241100046266,-0.3374072995832053,-1.6870364979160264,-0.23551468437808062,-0.12379811556328946,-0.7319371869756817,-0.0812342163209494,-0.4742177622246427,-0.04739954846145089,-0.14751025793778405,-0.05909789806477583,-0.2284387448168428,0.10532065157609005,0.32732095900162894,0.12093296026843992,0.37622780373237485,-0.11290527353947444,-0.5273043412286266,-0.09692296885686402,-0.4419909874793363,False,False,False
40,504,pullback_low_volume_low_rsi,1,-1,-1,-1,0.5,3,0.0005,0.20791006034376158,0.9957972505415967,-0.20648298532333675,-0.007643106770300667,-0.005241594989624843,0.035971063082385735,0.1719307409839812,1,2,-0.04342073788481082,-0.24454879936732982,-1.222743996836649,-0.03545810471091912,-0.018943664009365424,-0.17202196513517165,0.014193077238471297,0.040496239139986345,-0.1257215093865911,-0.43686302712602665,-0.04095515643861436,-0.1434662539716668,0.20560094796144956,0.6425388597197849,0.2157831380865578,0.6777866582668066,-0.06789781176025622,-0.317075633599488,-0.02048170642196867,-0.08639925115170854,False,False,False
40,504,pullback_low_volume_low_rsi,1,-1,-1,-1,0.5,5,0.0005,0.1814934921061626,0.8673026776693461,-0.21988831808861653,-0.03405967500789964,-0.13373616786187548,-0.03405967500789964,-0.13373616786187548,1,1,-0.061794974565013816,-0.24802492026086492,-1.2401246013043246,-0.15801055240295586,-0.19348092078756962,-1.0783237386235665,-0.19348092078756962,-1.0783237386235665,-0.08100905980053907,-0.2884250986397463,-0.08100905980053907,-0.2884250986397463,0.22446061725733357,0.6994121963191257,0.22446061725733357,0.6994121963191257,-0.04258088932948856,-0.20762474188198354,-0.04258088932948856,-0.20762474188198354,False,False,False
40,504,pullback_low_volume_low_rsi,1,-1,-1,-1,0.5,10,0.0005,0.19298002047176643,0.9088584993971526,-0.20748746916171668,-0.022573146642295816,-0.092180346134069,-0.08793021074716179,-0.2959804568586578,2,0,-0.05560326247743408,-0.3596155423321051,-1.7980777116605253,-0.10472194375298136,-0.12998823907134271,-0.7662954019637667,-0.004311174365269066,-0.019366856505351027,-0.20858630297588965,-0.8264027414549129,-0.2393089319061832,-0.9948184991285518,0.2708037263414522,0.804901465936316,-0.028361192732611062,0.06782818635058807,0.018781714116474557,0.04706431729955651,-0.07803260176165905,-0.33721948055955697,False,False,False
40,504,pullback_low_volume_low_rsi,1,-1,-1,-1,1.0,1,0.0005,0.015138039055856423,0.17580855775698584,-0.2928634575712089,-0.20041512805820583,-0.8252302877742357,-0.1935139318388217,-0.7989565428174763,0,0,-0.17487268525480704,-0.7237011775732406,-3.6185058878662026,-0.9297712055984501,-0.1447095085061152,-0.8192015390343648,-0.14238411743724888,-0.8972101580058789,-0.3353619696775989,-1.4319014883061498,-0.3274189471622444,-1.4182049706543542,-0.20503586200349888,-0.6282008161121164,-0.14950301764032603,-0.46761393965051073,-0.12272412165939728,-0.5694759897266598,-0.15842818420823046,-0.6900450083527475,False,False,False
40,504,pullback_low_volume_low_rsi,1,-1,-1,-1,1.0,2,0.0005,0.034425205174509976,0.26662411592874863,-0.2760296477338361,-0.18112796193955227,-0.734414729602473,-0.16465457571571718,-0.664879004285216,0,0,-0.16354349821350334,-0.6975340306245028,-3.487670153122514,-0.8402936703022623,-0.16708530351480855,-0.9468121979102867,-0.1245214042724685,-0.6890927731592478,-0.3086900370076291,-1.2891587715271944,-0.32038838661095403,-1.3700872584062531,-0.16000169291219812,-0.4482558633387189,-0.14438938421984826,-0.399349018607973,-0.09465662133937758,-0.44410157385562554,-0.07867431665676716,-0.35878822010633526,False,False,False
40,504,pullback_low_volume_low_rsi,1,-1,-1,-1,1.0,3,0.0005,0.10114693997537105,0.5705098354817085,-0.2673048238807002,-0.1144062271386912,-0.43052901004951305,-0.0707920572860048,-0.253356674075907,1,1,-0.14456301458823584,-0.5764722565875242,-2.8912602917647168,-0.5307564192650063,-0.11758169307823252,-0.6614143289042878,-0.0844449518303958,-0.4488961246291297,-0.20880437031629273,-0.8302966873348688,-0.12403801736831599,-0.536899914180509,-0.17154433609823916,-0.4915301842707607,-0.16136214597313092,-0.4562823857237389,0.03574595546657511,0.11538714830391883,0.08316206080486266,0.34606353075169827,False,False,False
40,504,pullback_low_volume_low_rsi,1,-1,-1,-1,1.0,5,0.0005,0.05136984000457767,0.34047530026734973,-0.33933857656133326,-0.16418332710948458,-0.6605635452638718,-0.16418332710948458,-0.6605635452638718,0,0,-0.14521823941746181,-0.7279514327029244,-3.6397571635146218,-0.7616836686171502,-0.22279070927454092,-1.2392660275071903,-0.22279070927454092,-1.2392660275071903,-0.3206653874073132,-1.3438078348090385,-0.3206653874073132,-1.3438078348090385,-0.06764576956038271,-0.09864197756428827,-0.06764576956038271,-0.09864197756428827,-0.040375111222183735,-0.21663683789865856,-0.040375111222183735,-0.21663683789865856,False,False,False
40,504,pullback_low_volume_low_rsi,1,-1,-1,-1,1.0,10,0.0005,0.008181712324802248,0.14546818487895893,-0.3603514629944158,-0.20737145478926,-0.8555706606522626,-0.27272851889412597,-1.0593707713768514,0,0,-0.20274796785348348,-1.0762120422474846,-5.381060211237423,-0.9620431820402212,-0.24528214863471864,-1.4116751349165215,-0.119605083928645,-0.6647465894581058,-0.3678278174609009,-1.5608537507460278,-0.3985504463911944,-1.7292695084196668,-0.042818311676863674,-0.023734851205237883,-0.34198323075092696,-0.7608081307909658,-0.16021378707224831,-0.7407489495784477,-0.2570281029503819,-1.1250327474375612,False,False,False
60,126,near_high_high_volume_high_rsi,-1,1,1,1,0.25,1,0.0005,0.20604650310683836,0.965028790536765,-0.26077643000923145,-0.009506664007223886,-0.03601005499445653,-0.002605467787839766,-0.009736310037697038,1,0,-0.010742647821627482,0.011511241184683718,-0.21485295643254965,-0.0441035691310132,-0.0023253910688663115,0.07800861897151412,0.0,0.0,-0.019159904574388653,-0.054986136602146685,-0.01121688205903415,-0.041289618950351104,-0.05553284436317285,-0.16058687646160563,0.0,0.0,0.03570406254883318,0.12056901862608771,0.0,0.0,False,False,False
60,126,near_high_high_volume_high_rsi,-1,1,1,1,0.25,2,0.0005,0.19517597771053485,0.9167445102038425,-0.23166749721119195,-0.020377189403527396,-0.08429433532737907,-0.0039038031796923,-0.01475861001012213,0,0,-0.01579730668748014,-0.0671100992400181,-0.3355504962000905,-0.09453440038180738,-0.04256389924234005,-0.25771942475103893,0.0,0.0,-0.00546853175355877,0.01599784962753703,-0.017166881356883712,-0.0649306372515217,-0.015612308692349863,-0.04890684473074591,0.0,0.0,-0.015982304682610415,-0.08531335374929028,0.0,0.0,False,False,False
60,126,near_high_high_volume_high_rsi,-1,1,1,1,0.25,3,0.0005,0.16655649041464904,0.8030916074025675,-0.2064829853233372,-0.04899667669941321,-0.1979472381286541,-0.005382506846726809,-0.02077490215504807,0,0,-0.040276423293062136,-0.22159729336146872,-1.1079864668073436,-0.2273066889037455,-0.03313674124783672,-0.212518204275158,0.0,0.0,-0.10717761717084295,-0.385454574837615,-0.022411264222866212,-0.09205780168325517,-0.010182190125108237,-0.03524779854702176,0.0,0.0,-0.04741610533828755,-0.23067638244777944,0.0,0.0,False,False,False
60,126,near_high_high_volume_high_rsi,-1,1,1,1,0.25,5,0.0005,0.2108815652596412,0.9831921335659028,-0.21988831808861686,-0.004671601854421059,-0.01784671196531873,-0.004671601854421059,-0.01784671196531873,0,0,0.0,0.0,0.0,-0.02167261987827361,0.0,0.0,0.0,0.0,-0.02006843608642317,-0.07586354442311327,-0.02006843608642317,-0.07586354442311327,0.0,0.0,0.0,0.0,0.0,0.0,0.0,0.0,False,False,False
60,126,near_high_high_volume_high_rsi,-1,1,1,1,0.25,10,0.0005,0.2628994044201227,1.1418299186668994,-0.1967281670081954,0.04734623730606047,0.14079107313567785,-0.0180108267988055,-0.06300903758891097,2,0,0.026769965466349577,0.1324378373661143,0.5353993093269915,0.14064496474256621,-0.12567706470607365,-0.7469285454584156,0.0,0.0,-0.04327438494543445,-0.11940812312688487,-0.07399701387572799,-0.2878238808005238,0.2991649190740633,0.7370732795857279,0.0,0.0,0.0968143158781336,0.3842837978591135,0.0,0.0,False,False,False
60,126,near_high_high_volume_high_rsi,-1,1,1,1,0.5,1,0.0005,0.16994125455601528,0.830624341701748,-0.28069020366829,-0.045611912558046974,-0.17041450382947354,-0.038710716338662854,-0.14414075887271405,0,0,-0.03955664485360966,-0.14169692288949082,-0.7911328970721931,-0.21160400085381695,-0.04599009974244006,-0.18296123025120015,-0.04366470867357375,-0.26096984922271427,-0.033123189964779254,-0.10043261552778149,-0.02518016744942475,-0.0867360978759859,-0.08802700393991048,-0.25612112613364246,-0.032494159576737625,-0.09553424967203683,-0.015974113224012765,-0.08388045844302516,-0.05167817577284595,-0.20444947706911287,False,False,False
60,126,near_high_high_volume_high_rsi,-1,1,1,1,0.5,2,0.0005,0.17788645773975942,0.854191430123864,-0.2523654297130271,-0.03766670937430283,-0.14684741540735757,-0.021193323150467736,-0.07731169009010064,1,1,-0.05380707679636565,-0.16478407971798464,-1.076141535927313,-0.17474440240709194,-0.0627240345614124,-0.36512286603408184,-0.020160135319072348,-0.10740344128304291,-0.05598402666747426,-0.17785797489370903,-0.0676823762707992,-0.25878646177276776,-0.051630126925257036,-0.15171018454226026,-0.03601781823290717,-0.10280333981151435,0.01654408051341849,0.06908646275944841,0.032526385196028906,0.15439981650873869,False,False,False
60,126,near_high_high_volume_high_rsi,-1,1,1,1,0.5,3,0.0005,0.15568068250666567,0.7649747438504044,-0.2278593575960448,-0.05987248460739658,-0.23606410168081715,-0.01625831475471018,-0.05889176570721111,0,2,-0.05244484488928092,-0.2805918318153653,-1.4029591590768264,-0.27776202692356833,-0.05779075598934469,-0.33861152630719316,-0.024654014741507968,-0.12609332203203516,-0.13100553321348052,-0.47668916353947544,-0.046239180265503776,-0.18329239038511558,-0.005494086244480112,-0.023095758667828092,0.004688103880628125,0.012152039879193666,-0.047098933789217146,-0.22257213732353737,0.00031717154907040523,0.008104245124242071,False,False,False
60,126,near_high_high_volume_high_rsi,-1,1,1,1,0.5,5,0.0005,0.18370172733935886,0.8825528478151105,-0.24090356718648387,-0.031851439774703394,-0.11848599771611112,-0.031851439774703394,-0.11848599771611112,0,0,-0.039562805663413636,-0.16602657265136556,-0.8301328632568278,-0.14776604863267384,-0.04145042059942328,-0.21931924993855556,-0.04145042059942328,-0.21931924993855556,-0.04664351034114356,-0.16242293466987112,-0.04664351034114356,-0.16242293466987112,-0.0007233835016982049,-0.00036325758360888916,-0.0007233835016982049,-0.00036325758360888916,-0.037675190727403995,-0.16963021063286,-0.037675190727403995,-0.16963021063286,False,False,False
60,126,near_high_high_volume_high_rsi,-1,1,1,1,0.5,10,0.0005,0.25254878567206607,1.1084881940184863,-0.21836732208694265,0.03699561855800382,0.10744934848726473,-0.028361445546862152,-0.09635076223732408,3,0,0.049890362386480924,0.22100836680774832,0.9978072477296185,0.10733784105075818,-0.1611627854950488,-0.9185784180110721,-0.03548572078897516,-0.1716498725526564,0.01398773845817014,0.09377148880643538,-0.016734890472123398,-0.07464426886720354,0.2477356966287223,0.6257492718789636,-0.05142922244534098,-0.11132400770676432,0.08579298631479171,0.34824524480906127,-0.011021329563341897,-0.03603855305005221,True,False,False
60,126,near_high_high_volume_high_rsi,-1,1,1,1,1.0,1,0.0005,0.1372970588969471,0.7058998671669017,-0.2566866400290494,-0.07825610821711515,-0.2951389783643199,-0.07135491199773103,-0.2688652334075604,0,0,-0.07180478217309416,-0.22727432877393017,-1.4360956434618832,-0.36304782372186206,-0.041738527218113,-0.1532605615965289,-0.039413136149246686,-0.23126918056804302,-0.14162113356209782,-0.5231210926811517,-0.13367811104674332,-0.5094245750293561,-0.10187103712807533,-0.2949733452932255,-0.046338192764902475,-0.13438646883161987,-0.03393550499216769,-0.15957531225463484,-0.06963956754100087,-0.28014433088072255,False,False,False
60,126,near_high_high_volume_high_rsi,-1,1,1,1,1.0,2,0.0005,0.166712290938285,0.8155601016059065,-0.21461068993556331,-0.04884087617577726,-0.18547874392531505,-0.03236748995194216,-0.11594301860805811,2,2,-0.042694570947636956,-0.14433222840171656,-0.8538914189527391,-0.22658389496050685,-0.12283627990120616,-0.6871740030386666,-0.0802723806588661,-0.4294545782876277,-0.08696412676978293,-0.28911336889502803,-0.09866247637310788,-0.37004185577408677,0.015457729245840879,0.04250052409737726,0.031070037938190742,0.09140736882812317,0.0015749848745090222,0.00044891209159492185,0.017557289557119438,0.0857622658408852,False,False,False
60,126,near_high_high_volume_high_rsi,-1,1,1,1,1.0,3,0.0005,0.19530915201034738,0.9117522525164492,-0.22917817774124816,-0.020244015103714874,-0.08928659301477238,0.023370154748971528,0.08788574295883367,1,2,-0.053301006887985,-0.2138932879275675,-1.0694664396378375,-0.09391657461939559,-0.07160117306073022,-0.4135568376663544,-0.038464431812893496,-0.20103863339119643,-0.03835267356171679,-0.10813382508010982,0.046413679386259954,0.18526294807425003,0.11266042230961881,0.2807120386214289,0.12284261243472705,0.31595983716845066,-0.06824934021425322,-0.3196527507750252,-0.020833234875965667,-0.08897636832724576,False,False,False
60,126,near_high_high_volume_high_rsi,-1,1,1,1,1.0,5,0.0005,0.14982492343075848,0.7488689451489142,-0.20378629976901075,-0.06572824368330377,-0.25216990038230735,-0.06572824368330377,-0.25216990038230735,0,0,-0.0632249841284298,-0.32698929765115187,-1.6349464882557592,-0.3049282205560124,-0.0851254249878135,-0.4729899074838563,-0.0851254249878135,-0.4729899074838563,-0.11454067253802247,-0.4652994289453902,-0.11454067253802247,-0.4652994289453902,-0.02380533142895458,-0.047627568363148076,-0.02380533142895458,-0.047627568363148076,-0.04132454326904611,-0.1886791663569135,-0.04132454326904611,-0.1886791663569135,False,False,False
60,126,near_high_high_volume_high_rsi,-1,1,1,1,1.0,10,0.0005,0.17269424624234153,0.817429764258431,-0.2706675384156273,-0.04285892087172072,-0.18360908127279063,-0.10821598497658669,-0.38740919199737944,2,1,0.01762598416213257,0.007797549270513293,0.038987746352566466,-0.1988322484217616,-0.24368992063231376,-1.339168519255145,-0.11801285592624011,-0.5922399737967293,0.08622917523061169,0.33302663296445423,0.05550654630031815,0.1646108752908153,0.07893232090574132,0.21571369428899778,-0.22023259816832197,-0.5213595852967301,-0.04368035258147618,-0.2001185957479712,-0.14049466845960978,-0.5844023936070847,False,False,False
60,126,near_high_high_volume_low_rsi,-1,1,1,-1,0.25,1,0.0005,0.20865197089467813,0.9747651005744621,-0.26077643000923156,-0.00690119621938412,-0.026273744956759493,0.0,0.0,1,0,-0.005134206792110407,0.03215605065985927,-0.10268413584220815,-0.032016213502129985,-0.0023253910688663115,0.07800861897151412,0.0,0.0,-0.007943022515354503,-0.013696517651795581,0.0,0.0,-0.05553284436317285,-0.16058687646160563,0.0,0.0,0.03570406254883318,0.12056901862608771,0.0,0.0,False,False,False
60,126,near_high_high_volume_low_rsi,-1,1,1,-1,0.25,2,0.0005,0.19907978089022715,0.9315031202139646,-0.23166749721119217,-0.016473386223835096,-0.06953572531725694,0.0,0.0,1,0,-0.01579730668748014,-0.0671100992400181,-0.3355504962000905,-0.07642377258654719,-0.04256389924234005,-0.25771942475103893,0.0,0.0,0.011698349603324942,0.08092848687905874,0.0,0.0,-0.015612308692349863,-0.04890684473074591,0.0,0.0,-0.015982304682610415,-0.08531335374929028,0.0,0.0,False,False,False
60,126,near_high_high_volume_low_rsi,-1,1,1,-1,0.25,3,0.0005,0.17193899726137585,0.8238665095576155,-0.20648298532333742,-0.0436141698526864,-0.17717233597360604,0.0,0.0,0,0,-0.040276423293062136,-0.22159729336146872,-1.1079864668073436,-0.20233601963086675,-0.03313674124783672,-0.212518204275158,0.0,0.0,-0.08476635294797674,-0.29339677315435986,0.0,0.0,-0.010182190125108237,-0.03524779854702176,0.0,0.0,-0.04741610533828755,-0.23067638244777944,0.0,0.0,False,False,False
60,126,near_high_high_volume_low_rsi,-1,1,1,-1,0.25,5,0.0005,0.21555316711406225,1.0010388455312216,-0.21988831808861653,0.0,0.0,0.0,0.0,0,0,0.0,0.0,0.0,0.0,0.0,0.0,0.0,0.0,0.0,0.0,0.0,0.0,0.0,0.0,0.0,0.0,0.0,0.0,0.0,0.0,False,False,False
60,126,near_high_high_volume_low_rsi,-1,1,1,-1,0.25,10,0.0005,0.2809102312189282,1.2048389562558104,-0.19672816700819518,0.06535706410486597,0.2038001107245888,0.0,0.0,3,0,0.06376847240421357,0.2763497777663762,1.2753694480842714,0.2035886136031396,-0.12567706470607365,-0.7469285454584156,0.0,0.0,0.03072262893029354,0.16841575767363892,0.0,0.0,0.2991649190740633,0.7370732795857279,0.0,0.0,0.0968143158781336,0.3842837978591135,0.0,0.0,True,False,False
60,126,near_high_high_volume_low_rsi,-1,1,1,-1,0.5,1,0.0005,0.18494699660665526,0.888675975723263,-0.2607764300092317,-0.030606170507406993,-0.11236286980795862,-0.023704974288022873,-0.08608912485119913,1,1,-0.027630884545982837,-0.10641684181250666,-0.5526176909196567,-0.141988962246198,0.010250552017783132,0.1510244434630741,0.012575943086649444,0.07301582449155997,-0.032378839512042346,-0.09754192089210334,-0.024435816996687842,-0.08384540324030776,-0.07822815696407348,-0.2277922736501704,-0.02269531260090063,-0.06720539718856477,-0.022882929579923328,-0.11529176273290997,-0.05858699212875651,-0.23586078135899768,False,False,False
60,126,near_high_high_volume_low_rsi,-1,1,1,-1,0.5,2,0.0005,0.1837082367053109,0.8765340732312871,-0.23166749721119195,-0.03184493040875136,-0.12450477229993451,-0.015371544184916264,-0.05496904698267757,0,2,-0.032538642235508286,-0.14503865988158404,-0.7251932994079202,-0.14773585020859506,-0.027328630014263444,-0.1777532474460527,0.015235269228076609,0.07996617730498623,-0.05598402666747426,-0.17785797489370903,-0.0676823762707992,-0.25878646177276776,-0.03774865445675313,-0.11232407231711539,-0.022136345764403265,-0.06341722758636947,-0.009438294854331453,-0.04549424671274527,0.006544009828278963,0.03981910703654501,False,False,False
60,126,near_high_high_volume_low_rsi,-1,1,1,-1,0.5,3,0.0005,0.1671308248718173,0.808724715606331,-0.2064829853233372,-0.04842234224224495,-0.1923141299248906,-0.0048081723895585515,-0.015141793951284566,1,2,-0.03997635322344684,-0.2171972597100768,-1.0859862985503839,-0.2246422211770229,-0.029508468432559942,-0.19624523493477242,0.0036282728152767785,0.01627296934038558,-0.13100553321348052,-0.47668916353947544,-0.046239180265503776,-0.18329239038511558,0.01664095142663191,0.03768977473567181,0.02682314155174015,0.07293757328269357,-0.05044423801433373,-0.2381492844853812,-0.00302813267604618,-0.0074729020376017585,False,False,False
60,126,near_high_high_volume_low_rsi,-1,1,1,-1,0.5,5,0.0005,0.19969781183829793,0.9427586037747381,-0.21988831808861642,-0.015855355275764316,-0.0582802417564835,-0.015855355275764316,-0.0582802417564835,2,2,-0.020499302434652922,-0.08119117539129644,-0.40998604869305844,-0.07355658693418449,0.02468671296774838,0.1296990900398156,0.02468671296774838,0.1296990900398156,-0.04664351034114356,-0.16242293466987112,-0.04664351034114356,-0.16242293466987112,5.10241088111929e-05,4.058388727823381e-05,5.10241088111929e-05,4.058388727823381e-05,-0.041049628978117036,-0.1858616735926668,-0.041049628978117036,-0.1858616735926668,False,False,False
60,126,near_high_high_volume_low_rsi,-1,1,1,-1,0.5,10,0.0005,0.2658778024621187,1.1549557403748043,-0.19672816700819507,0.05032463534805642,0.15391689484358273,-0.015032428756809546,-0.04988321588100608,3,0,0.049890362386480924,0.22100836680774832,0.9978072477296185,0.15375716489993313,-0.13318808641497237,-0.7825198332544763,-0.007511021708898724,-0.03559128779606058,0.01398773845817014,0.09377148880643538,-0.016734890472123398,-0.07464426886720354,0.2708582753465323,0.6788792528449527,-0.028306643727531,-0.05819402674077523,0.08579298631479171,0.34824524480906127,-0.011021329563341897,-0.03603855305005221,True,False,False
60,126,near_high_high_volume_low_rsi,-1,1,1,-1,1.0,1,0.0005,0.15813739890680445,0.7887200515711515,-0.263393971182047,-0.0574157682072578,-0.21231879396007003,-0.05051457198787368,-0.18604504900331054,0,1,-0.056535609054487956,-0.22137820696708072,-1.1307121810897591,-0.2663647626985487,-0.06836016785323662,-0.31903735021872937,-0.06603477678437031,-0.3970459691902435,-0.12145161475730837,-0.44049328174122004,-0.11350859224195387,-0.42679676408942446,-0.04471105025573929,-0.12371906371543206,0.010821794107433558,0.03686781274617357,-0.0004570723840997548,-0.014158907248973174,-0.03616113493293294,-0.13472792587506088,False,False,False
60,126,near_high_high_volume_low_rsi,-1,1,1,-1,1.0,2,0.0005,0.16234199026199692,0.7961900458535061,-0.21461068993556376,-0.053211176852065334,-0.20484879967771552,-0.03673779062823024,-0.13531307436045859,1,2,-0.06544034210804117,-0.2434648683234028,-1.3088068421608234,-0.24685871037982973,-0.11873896711346199,-0.6677338603299231,-0.07617506787112194,-0.4100144355788842,-0.1191629541411694,-0.42648878283373726,-0.13086130374449434,-0.507417269712796,0.04074063054820054,0.11021814857977474,0.056352939240550404,0.15912499331052066,-0.012141717102620353,-0.060440953813068354,0.0038405875799900624,0.024872399936221923,False,False,False
60,126,near_high_high_volume_low_rsi,-1,1,1,-1,1.0,3,0.0005,0.16883205655960953,0.8135376048061057,-0.23183658072197022,-0.046721110554452716,-0.18750124072511587,-0.003106940701766314,-0.010328904751509826,1,2,-0.06292989845163854,-0.29435202043997066,-1.4717601021998532,-0.21674982177241564,-0.09160843351052428,-0.5218400555498404,-0.05847169226268756,-0.30932185127468237,-0.03425136339275281,-0.09516168700023453,0.05051498955522393,0.19823508615412533,0.06132063015124101,0.15665288457330873,0.07150282027634924,0.19190068312033048,-0.10580809503842392,-0.4935423538797068,-0.05839198970013637,-0.26286597143192736,False,False,False
60,126,near_high_high_volume_low_rsi,-1,1,1,-1,1.0,5,0.0005,0.13394675914559917,0.6901340233542534,-0.20378629976901053,-0.08160640796846308,-0.31090482217696813,-0.08160640796846308,-0.31090482217696813,0,0,-0.08432216488732558,-0.3510910911957724,-1.755455455978862,-0.3785906236547208,-0.050945458443136804,-0.27895999918699865,-0.050945458443136804,-0.27895999918699865,-0.10570693056757974,-0.4232221832045462,-0.10570693056757974,-0.4232221832045462,-0.0638989763200315,-0.16352237039164486,-0.0638989763200315,-0.16352237039164486,-0.10474535345461966,-0.4875716449249283,-0.10474535345461966,-0.4875716449249283,False,False,False
60,126,near_high_high_volume_low_rsi,-1,1,1,-1,1.0,10,0.0005,0.13360090476962116,0.6689787023853109,-0.27066753841562696,-0.08195226234444108,-0.3320601431459107,-0.14730932644930705,-0.5358602538704995,2,1,-0.039005299697538076,-0.22222212489652554,-1.1111106244826277,-0.380195120497001,-0.2622610076800872,-1.437095228119818,-0.13658394297401355,-0.6901666826614024,0.06595798751029935,0.23295037410685082,0.035235358580005816,0.0645346164332119,0.04245639561549064,0.12207433896373698,-0.25670852345857265,-0.6149989406219909,-0.12046699501056679,-0.5665185887567881,-0.2172813108887004,-0.9508023866159017,False,False,False
60,126,near_high_low_volume_high_rsi,-1,1,-1,1,0.25,1,0.0005,0.20602458574534932,0.9648277651932401,-0.26077643000923145,-0.00952858136871293,-0.03621108033798148,-0.002627385149328809,-0.00993733538122199,1,0,-0.010789672748896528,0.010915607007782935,-0.21579345497793057,-0.04420524873879853,-0.0023253910688663115,0.07800861897151412,0.0,0.0,-0.019253954428926745,-0.05617740495594825,-0.011310931913572242,-0.04248088730415267,-0.05553284436317285,-0.16058687646160563,0.0,0.0,0.03570406254883318,0.12056901862608771,0.0,0.0,False,False,False
60,126,near_high_low_volume_high_rsi,-1,1,-1,1,0.25,2,0.0005,0.19907978089022715,0.9315031202139646,-0.23166749721119217,-0.016473386223835096,-0.06953572531725694,0.0,0.0,1,0,-0.01579730668748014,-0.0671100992400181,-0.3355504962000905,-0.07642377258654719,-0.04256389924234005,-0.25771942475103893,0.0,0.0,0.011698349603324942,0.08092848687905874,0.0,0.0,-0.015612308692349863,-0.04890684473074591,0.0,0.0,-0.015982304682610415,-0.08531335374929028,0.0,0.0,False,False,False
60,126,near_high_low_volume_high_rsi,-1,1,-1,1,0.25,3,0.0005,0.17193899726137585,0.8238665095576155,-0.20648298532333742,-0.0436141698526864,-0.17717233597360604,0.0,0.0,0,0,-0.040276423293062136,-0.22159729336146872,-1.1079864668073436,-0.20233601963086675,-0.03313674124783672,-0.212518204275158,0.0,0.0,-0.08476635294797674,-0.29339677315435986,0.0,0.0,-0.010182190125108237,-0.03524779854702176,0.0,0.0,-0.04741610533828755,-0.23067638244777944,0.0,0.0,False,False,False
60,126,near_high_low_volume_high_rsi,-1,1,-1,1,0.25,5,0.0005,0.21555316711406225,1.0010388455312216,-0.21988831808861653,0.0,0.0,0.0,0.0,0,0,0.0,0.0,0.0,0.0,0.0,0.0,0.0,0.0,0.0,0.0,0.0,0.0,0.0,0.0,0.0,0.0,0.0,0.0,0.0,0.0,False,False,False
60,126,near_high_low_volume_high_rsi,-1,1,-1,1,0.25,10,0.0005,0.2809102312189282,1.2048389562558104,-0.19672816700819518,0.06535706410486597,0.2038001107245888,0.0,0.0,3,0,0.06376847240421357,0.2763497777663762,1.2753694480842714,0.2035886136031396,-0.12567706470607365,-0.7469285454584156,0.0,0.0,0.03072262893029354,0.16841575767363892,0.0,0.0,0.2991649190740633,0.7370732795857279,0.0,0.0,0.0968143158781336,0.3842837978591135,0.0,0.0,True,False,False
60,126,near_high_low_volume_high_rsi,-1,1,-1,1,0.5,1,0.0005,0.1613898097855604,0.7960249542928676,-0.28069020366829,-0.05416335732850186,-0.205013891238354,-0.04726216110911774,-0.17874014628159451,0,0,-0.054866531624615855,-0.17213352847238617,-1.097330632492317,-0.2512760914333527,-0.0037149853589388826,0.06484839570550704,-0.001389594290072571,-0.013160223266007076,-0.11064258090574253,-0.39964353814184106,-0.10269955839038802,-0.3859470204900455,-0.10601807789029283,-0.3092164377246025,-0.05048523352711998,-0.14862956126299687,-0.0019782254573694757,-0.03505061922016983,-0.03768228800620266,-0.15561963784625754,False,False,False
60,126,near_high_low_volume_high_rsi,-1,1,-1,1,0.5,2,0.0005,0.13253350108555106,0.6755721219565677,-0.2523654297130272,-0.08301966602851119,-0.3254667235746539,-0.06654627980467609,-0.25593099825739696,0,0,-0.07498702435412707,-0.28988023482006875,-1.4997404870825415,-0.3851470481274833,-0.049022253541518124,-0.29586219063543173,-0.006458354299178071,-0.038142765884392804,-0.1377627593619184,-0.5001324378471037,-0.14946110896524334,-0.5810609247261624,-0.08933436694604491,-0.2607324361871215,-0.07372205825369504,-0.21182559145637558,-0.06063968176220924,-0.28389827900470577,-0.044657377079598826,-0.1985849252554155,False,False,False
60,126,near_high_low_volume_high_rsi,-1,1,-1,1,0.5,3,0.0005,0.11130318544057993,0.5841113901491403,-0.24555575347857972,-0.10424998167348232,-0.4169274553820813,-0.060635811820795915,-0.23975511940847527,0,1,-0.07197719909943234,-0.38153840448918064,-1.907692022445903,-0.48363929451483,-0.06875811508237661,-0.4087042408480399,-0.03562137383453989,-0.19618603657288192,-0.26292072605223504,-1.0690539385319693,-0.1781543731042583,-0.7756571653776095,-0.008292816716519491,-0.030882795431768195,0.001889373408588746,0.004365003115253563,-0.07519628311648807,-0.3543725681303213,-0.02778017777820052,-0.12369618568254187,False,False,False
60,126,near_high_low_volume_high_rsi,-1,1,-1,1,0.5,5,0.0005,0.1577327401940669,0.7814316930097793,-0.24090356718648365,-0.05782042691999534,-0.21960715252144225,-0.05782042691999534,-0.21960715252144225,1,1,-0.03104174214172828,-0.1493396052555985,-0.7466980262779924,-0.26824206618777746,-0.012390191457347655,-0.06945392731300082,-0.012390191457347655,-0.06945392731300082,-0.17166428125675437,-0.6539186458624983,-0.17166428125675437,-0.6539186458624983,0.0007569420715669573,0.0034283068004449246,0.0007569420715669573,0.0034283068004449246,-0.049693292826108904,-0.22922528319819618,-0.049693292826108904,-0.22922528319819618,False,False,False
60,126,near_high_low_volume_high_rsi,-1,1,-1,1,0.5,10,0.0005,0.1996067695176751,0.9172355943929806,-0.22885245334186255,-0.015946397596387163,-0.08380325113824094,-0.08130346170125313,-0.28760336186282975,2,0,-0.0488083011353202,-0.2630794918450192,-1.315397459225096,-0.08371628285190975,-0.15252668085727095,-0.8761522591782188,-0.026849616151197297,-0.12922371371980318,-0.1923780039270655,-0.7398675147054167,-0.22310063285735904,-0.9082832723790556,0.2680967248215367,0.6711809353328232,-0.031068194252526604,-0.06589234425290469,0.05491007858663055,0.21370853101537823,-0.041904237291503055,-0.17057526684373525,False,False,False
60,126,near_high_low_volume_high_rsi,-1,1,-1,1,1.0,1,0.0005,0.15350696735929015,0.7730035196666011,-0.20100729388721872,-0.0620461997547721,-0.2280353258646205,-0.05514500353538798,-0.201761580907861,1,1,-0.06738511242065381,-0.3526246762173095,-1.7631233810865472,-0.28784638419132896,-0.11200758542352829,-0.5875021675267619,-0.10968219435466198,-0.665510786498276,-0.16136677772897356,-0.6179511577958934,-0.15342375521361906,-0.6042546401440978,0.051958501202236995,0.1691830773357833,0.10749134556540985,0.32976995379738894,-0.02276263941777934,-0.11774718490785707,-0.05846670196661252,-0.23831620353394478,False,False,False
60,126,near_high_low_volume_high_rsi,-1,1,-1,1,1.0,2,0.0005,0.12542326896321376,0.6581281844619632,-0.22754227866098853,-0.09012989815084849,-0.3429106610692584,-0.07365651192701339,-0.27337493575200145,1,1,-0.09386048369638889,-0.4737999968479542,-2.368999984239771,-0.41813302656395346,-0.16225667798470855,-0.917787015278867,-0.1196927787423685,-0.6600675905278279,-0.21067200904146777,-0.8236694888784324,-0.2223703586447927,-0.9045979757574911,0.04615115493099187,0.1697099215339436,0.06176346362334173,0.2186167662646895,-0.02546428940806922,-0.12393050481747603,-0.009481984725458803,-0.03861715106818575,False,False,False
60,126,near_high_low_volume_high_rsi,-1,1,-1,1,1.0,3,0.0005,0.12875094062153947,0.665436701967423,-0.2689352448080089,-0.08680222649252278,-0.3356021435637986,-0.04318805663983638,-0.15842980759019254,1,1,-0.12037508813188635,-0.623845654818199,-3.119228274090995,-0.4026952034835585,-0.12129595777514957,-0.6895429294578144,-0.08815921652731284,-0.4770247251826564,-0.21013510531396196,-0.8283415977377901,-0.12536875236598521,-0.5349448245834303,0.12703540013599213,0.38132132618378345,0.13721759026110036,0.4165691247308052,-0.11945421848862314,-0.5581483801785836,-0.07203811315033559,-0.32747199773080415,False,False,False
60,126,near_high_low_volume_high_rsi,-1,1,-1,1,1.0,5,0.0005,0.1181268166157372,0.6509526711895837,-0.19788143983941853,-0.09742635049832504,-0.3500861743416379,-0.09742635049832504,-0.3500861743416379,0,0,-0.0811866780735836,-0.3880784533676085,-1.9403922668380424,-0.45198292283393293,-0.07548520737817865,-0.4121400554701594,-0.07548520737817865,-0.4121400554701594,-0.1559885828561356,-0.573052736967033,-0.1559885828561356,-0.573052736967033,-0.08455361375455728,-0.16855051431390422,-0.08455361375455728,-0.16855051431390422,-0.07781974239260991,-0.36401685126505756,-0.07781974239260991,-0.36401685126505756,False,False,False
60,126,near_high_low_volume_high_rsi,-1,1,-1,1,1.0,10,0.0005,0.17205295057246928,0.8466240655804653,-0.2706675384156271,-0.04350021654159297,-0.15441477995075625,-0.10885728064645894,-0.35821489067534507,2,0,-0.052969439239654914,-0.22138789721087937,-1.1069394860543968,-0.20180736439179467,-0.19665037858817191,-1.1214689849600015,-0.07097331388209827,-0.3745404395015859,-0.17000931696357457,-0.6836668792311441,-0.2007319458938681,-0.852082636904783,0.1567519823807504,0.5302089531961235,-0.1424129366933129,-0.2068643263896044,0.06407043848426475,0.24089108480938537,-0.03274387739386886,-0.14339271304972812,False,False,False
60,126,near_high_low_volume_low_rsi,-1,1,-1,-1,0.25,1,0.0005,0.20602458574534932,0.9648277651932401,-0.26077643000923145,-0.00952858136871293,-0.03621108033798148,-0.002627385149328809,-0.00993733538122199,1,0,-0.010789672748896528,0.010915607007782935,-0.21579345497793057,-0.04420524873879853,-0.0023253910688663115,0.07800861897151412,0.0,0.0,-0.019253954428926745,-0.05617740495594825,-0.011310931913572242,-0.04248088730415267,-0.05553284436317285,-0.16058687646160563,0.0,0.0,0.03570406254883318,0.12056901862608771,0.0,0.0,False,False,False
60,126,near_high_low_volume_low_rsi,-1,1,-1,-1,0.25,2,0.0005,0.19907978089022715,0.9315031202139646,-0.23166749721119217,-0.016473386223835096,-0.06953572531725694,0.0,0.0,1,0,-0.01579730668748014,-0.0671100992400181,-0.3355504962000905,-0.07642377258654719,-0.04256389924234005,-0.25771942475103893,0.0,0.0,0.011698349603324942,0.08092848687905874,0.0,0.0,-0.015612308692349863,-0.04890684473074591,0.0,0.0,-0.015982304682610415,-0.08531335374929028,0.0,0.0,False,False,False
60,126,near_high_low_volume_low_rsi,-1,1,-1,-1,0.25,3,0.0005,0.17193899726137585,0.8238665095576155,-0.20648298532333742,-0.0436141698526864,-0.17717233597360604,0.0,0.0,0,0,-0.040276423293062136,-0.22159729336146872,-1.1079864668073436,-0.20233601963086675,-0.03313674124783672,-0.212518204275158,0.0,0.0,-0.08476635294797674,-0.29339677315435986,0.0,0.0,-0.010182190125108237,-0.03524779854702176,0.0,0.0,-0.04741610533828755,-0.23067638244777944,0.0,0.0,False,False,False
60,126,near_high_low_volume_low_rsi,-1,1,-1,-1,0.25,5,0.0005,0.21555316711406225,1.0010388455312216,-0.21988831808861653,0.0,0.0,0.0,0.0,0,0,0.0,0.0,0.0,0.0,0.0,0.0,0.0,0.0,0.0,0.0,0.0,0.0,0.0,0.0,0.0,0.0,0.0,0.0,0.0,0.0,False,False,False
60,126,near_high_low_volume_low_rsi,-1,1,-1,-1,0.25,10,0.0005,0.2809102312189282,1.2048389562558104,-0.19672816700819518,0.06535706410486597,0.2038001107245888,0.0,0.0,3,0,0.06376847240421357,0.2763497777663762,1.2753694480842714,0.2035886136031396,-0.12567706470607365,-0.7469285454584156,0.0,0.0,0.03072262893029354,0.16841575767363892,0.0,0.0,0.2991649190740633,0.7370732795857279,0.0,0.0,0.0968143158781336,0.3842837978591135,0.0,0.0,True,False,False
60,126,near_high_low_volume_low_rsi,-1,1,-1,-1,0.5,1,0.0005,0.17701025221949296,0.8553121563006618,-0.24425857507160087,-0.03854291489456929,-0.14572668923055976,-0.03164171867518517,-0.11945294427380027,0,0,-0.03762960210956068,-0.1140301407767686,-0.7525920421912136,-0.17880931841829026,-0.011578651071042279,0.02431158486728502,-0.009253260002175967,-0.0536970341042291,-0.06368055314807908,-0.22576185627550283,-0.055737530632724575,-0.21206533862370724,-0.08882564207320542,-0.2574336433452339,-0.03329279771003257,-0.09684676688362825,0.005660761975186501,-0.002298425278034366,-0.03004330057364668,-0.12286744390412208,False,False,False
60,126,near_high_low_volume_low_rsi,-1,1,-1,-1,0.5,2,0.0005,0.16073238988525174,0.7927227184594619,-0.21449920693996805,-0.05482077722881051,-0.20831612707175973,-0.03834739100497542,-0.1387804017545028,0,0,-0.05262857485698025,-0.2544098555404073,-1.2720492777020365,-0.254326011363134,-0.05800364792503632,-0.3406612838105857,-0.015439748682696264,-0.08294185905954676,-0.0814263018386121,-0.28595504650011616,-0.09312465144193705,-0.3668835333791749,-0.03392395766853862,-0.08240235158855347,-0.018311648976188755,-0.033495506857807555,-0.04725350178892418,-0.22286466458069848,-0.031271197106313764,-0.1375513108314082,False,False,False
60,126,near_high_low_volume_low_rsi,-1,1,-1,-1,0.5,3,0.0005,0.16082253345695774,0.7889821538785149,-0.2224561769508594,-0.05473063365710451,-0.21205669165270669,-0.011116463804418109,-0.03488435567910064,1,1,-0.06751477062004896,-0.34911354069336614,-1.7455677034668307,-0.2539078149018484,-0.050435753352916946,-0.3017551454890721,-0.017299012105080225,-0.08923694121391412,-0.14787969504236975,-0.5649870302706226,-0.06311334209439301,-0.2715902571162627,0.07194731683908318,0.21969322919135947,0.08212950696419141,0.25494102773838123,-0.08459378788718097,-0.39647193589766017,-0.03717768254889342,-0.16579555344988073,False,False,False
60,126,near_high_low_volume_low_rsi,-1,1,-1,-1,0.5,5,0.0005,0.22261112711430964,1.0568274577808079,-0.20245682358537187,0.0070579600002473875,0.05578861224958631,0.0070579600002473875,0.05578861224958631,1,1,-0.021696438521711214,-0.10768415200013726,-0.5384207600006863,0.03274347621398016,-0.024760216700492554,-0.13136640387102339,-0.024760216700492554,-0.13136640387102339,-0.08339714634090556,-0.3102232745119682,-0.08339714634090556,-0.3102232745119682,0.16715387276679627,0.5305051608177224,0.16715387276679627,0.5305051608177224,-0.018632660342929874,-0.08400190012925113,-0.018632660342929874,-0.08400190012925113,False,False,False
60,126,near_high_low_volume_low_rsi,-1,1,-1,-1,0.5,10,0.0005,0.22478728860833086,1.035251483373073,-0.1967281670081954,0.00923412149426861,0.03421263784185147,-0.05612294261059736,-0.16958747288273734,2,1,-0.042045073877162276,-0.17109950724903428,-0.8554975362451713,0.03417713307988147,-0.14477608582791657,-0.8383442280970206,-0.01909902112184292,-0.091415682638605,-0.15505817425988688,-0.5795761568832606,-0.18578080319018042,-0.7479919145568995,0.3265223752016355,0.9328322698058317,0.027357456127572233,0.1957589902201038,0.060685938073592016,0.23737714238519203,-0.03612837780454159,-0.14690665547392145,False,False,False
60,126,near_high_low_volume_low_rsi,-1,1,-1,-1,1.0,1,0.0005,0.17466215386379735,0.8747420678417084,-0.1998820457776338,-0.040891013250264896,-0.1262967776895132,-0.033989817030880776,-0.1000230327327537,2,2,-0.02917059837744651,-0.17654825459121998,-0.8827412729560998,-0.1897026789155317,-0.09771186827465161,-0.49562953569976,-0.0953864772057853,-0.5736381546712741,-0.1579566514968127,-0.6148099272240385,-0.1500136289814582,-0.6011134095722429,0.05448153867778993,0.2393490756603397,0.11001438304096278,0.3999359521219453,0.03937067151975859,0.14253302651732003,0.0036666089709254113,0.021964007891232318,False,False,False
60,126,near_high_low_volume_low_rsi,-1,1,-1,-1,1.0,2,0.0005,0.14630761131407533,0.7507461109514744,-0.1998820457776337,-0.06924555579998692,-0.2502927345797472,-0.05277216957615183,-0.18075700926249028,2,2,-0.06084846243673847,-0.36338726373959,-1.81693631869795,-0.32124582870705354,-0.14749862581739803,-0.8345433959687905,-0.10493472657505798,-0.5768239712177514,-0.2077853856013614,-0.8165471435381061,-0.21948373520468634,-0.8974756304171648,0.06073791215120994,0.25671906524479937,0.0763502208435598,0.3056259099755453,0.02580170094392109,0.08977261605892606,0.041784005626531506,0.17508596980821634,False,False,False
60,126,near_high_low_volume_low_rsi,-1,1,-1,-1,1.0,3,0.0005,0.10707345678204949,0.5832988815911267,-0.2539370194386159,-0.10847971033201276,-0.4177399639400948,-0.06486554047932636,-0.24056762796648878,1,1,-0.08925764730586827,-0.46039296235766763,-2.3019648117883382,-0.5032619644814106,-0.07023904626005484,-0.4156908378120965,-0.03710230501221812,-0.20317263353693849,-0.2670639564299879,-1.0893715292636905,-0.18229760348201118,-0.7959747561093306,0.018937286727326086,0.11907030989898593,0.029119476852434323,0.15431810844600768,-0.1082762483516817,-0.5050950869032388,-0.06086014301339415,-0.27441870445545935,False,False,False
60,126,near_high_low_volume_low_rsi,-1,1,-1,-1,1.0,5,0.0005,0.05725369507697531,0.3729610236640956,-0.25407605197437855,-0.15829947203708694,-0.6280778218671259,-0.15829947203708694,-0.6280778218671259,0,0,-0.15491450658019223,-0.5547504407089754,-3.0982901316038447,-0.7343871312886862,-0.0689847833500159,-0.37161881744769953,-0.0689847833500159,-0.37161881744769953,-0.25938208863369483,-1.0526059312072569,-0.25938208863369483,-1.0526059312072569,-0.2160747934680376,-0.6721590739437968,-0.2160747934680376,-0.6721590739437968,-0.09375421969234687,-0.4373418074741539,-0.09375421969234687,-0.4373418074741539,False,False,False
60,126,near_high_low_volume_low_rsi,-1,1,-1,-1,1.0,10,0.0005,0.10724669577111356,0.5835453872736435,-0.2706675384156274,-0.10830647134294868,-0.4174934582575781,-0.17366353544781465,-0.6212935689821669,2,0,-0.10016220105578444,-0.411709334096147,-2.058546670480735,-0.5024582695444098,-0.25335277705413894,-1.4647893106303342,-0.1276757123480653,-0.7178607651719187,-0.22291359871796068,-0.8977876497464238,-0.2536362276482542,-1.0662034074200628,0.04179607261341012,0.20158776110446286,-0.25736884646065317,-0.535485518481265,0.022589196606391804,0.07436898155412974,-0.0742251192717418,-0.30991481630498374,False,False,False
60,126,pullback_high_volume_high_rsi,1,-1,1,1,0.25,1,0.0005,0.20796532029141424,0.9721286240545935,-0.26077643000923156,-0.0075878468226480145,-0.02891022147662803,-0.0006866506032638942,-0.002636476519868536,1,0,-0.005134206792110407,0.03215605065985927,-0.10268413584220815,-0.035201741288416445,-0.0023253910688663115,0.07800861897151412,0.0,0.0,-0.007943022515354503,-0.013696517651795581,0.0,0.0,-0.05553284436317285,-0.16058687646160563,0.0,0.0,0.03305592096686527,0.10963083542078111,-0.002648141581967911,-0.010938183205306595,False,False,False
60,126,pullback_high_volume_high_rsi,1,-1,1,1,0.25,2,0.0005,0.19447590552597238,0.9136055356074075,-0.23166749721119217,-0.02107726158808987,-0.08743330992381404,-0.0046038753642547725,-0.017897584606557104,1,0,-0.02430685043797276,-0.10505831376879388,-0.5252915688439693,-0.09778219392590326,-0.04256389924234005,-0.25771942475103893,0.0,0.0,0.011698349603324942,0.08092848687905874,0.0,0.0,-0.015612308692349863,-0.04890684473074591,0.0,0.0,-0.03300139218359566,-0.16120978280684184,-0.01701908750098524,-0.07589642905755156,False,False,False
60,126,pullback_high_volume_high_rsi,1,-1,1,1,0.25,3,0.0005,0.16326005162725843,0.7900973971327995,-0.21592743407478743,-0.05229311548680382,-0.2109414483984221,-0.008678945634117419,-0.03376911242481606,0,0,-0.05614082917912444,-0.2529574887147589,-1.2647874435737945,-0.2425996156165609,-0.03313674124783672,-0.212518204275158,0.0,0.0,-0.08476635294797674,-0.29339677315435986,0.0,0.0,-0.010182190125108237,-0.03524779854702176,0.0,0.0,-0.07914491711041216,-0.37217597441092193,-0.03172881177212461,-0.1414995919631425,False,False,False
60,126,pullback_high_volume_high_rsi,1,-1,1,1,0.25,5,0.0005,0.20106796177280484,0.9445356581155264,-0.21988831808861653,-0.014485205341257412,-0.056503187415695155,-0.014485205341257412,-0.056503187415695155,0,0,0.0,0.0,0.0,-0.06720015082679073,0.0,0.0,0.0,0.0,0.0,0.0,0.0,0.0,0.0,0.0,0.0,0.0,-0.05293284094279094,-0.2435828608543536,-0.05293284094279094,-0.2435828608543536,False,False,False
60,126,pullback_high_volume_high_rsi,1,-1,1,1,0.25,10,0.0005,0.26781731061158043,1.155129778768967,-0.19672816700819518,0.05226414349751818,0.15409093323774536,-0.013092920607347791,-0.04970917748684345,3,0,0.03905716534562542,0.16868796172508443,0.7811433069125084,0.15393102268271505,-0.12567706470607365,-0.7469285454584156,0.0,0.0,0.03072262893029354,0.16841575767363892,0.0,0.0,0.2991649190740633,0.7370732795857279,0.0,0.0,0.047391701760957305,0.16896016577652995,-0.0494226141171763,-0.21532363208258354,True,False,False
60,126,pullback_high_volume_high_rsi,1,-1,1,1,0.5,1,0.0005,0.17740840583404216,0.844973398787749,-0.26077643000923134,-0.03814476128002009,-0.15606544674347256,-0.03124356506063597,-0.12979170178671307,1,1,-0.025784662084932908,-0.074929617805913,-0.5156932416986582,-0.17696219355401716,-0.024670568354693057,-0.062184959376003546,-0.022345177285826745,-0.14019357834751767,-0.12273366248934647,-0.48496646393904064,-0.11479063997399197,-0.47126994628724506,-0.02689875581517276,-0.08767427623582247,0.02863408854800009,0.07291260022578316,0.015265342519701353,0.03677474257234126,-0.02043872002913183,-0.08379427605374645,False,False,False
60,126,pullback_high_volume_high_rsi,1,-1,1,1,0.5,2,0.0005,0.17050409311323378,0.8098447142271211,-0.2316674972111925,-0.04504907400082847,-0.19119413130410046,-0.028575687776993375,-0.12165840598684352,0,1,-0.02310794705356578,-0.14113355844642772,-0.7056677922321386,-0.2089928652126474,-0.020187482739150164,-0.14732874903683446,0.02237641650318989,0.11039067571420447,-0.12081455660945739,-0.4832754580282119,-0.13251290621278233,-0.5642039449072707,-0.01769159609989912,-0.06121327538987731,-0.0020792874075492573,-0.012306430659131395,-0.026028411367981397,-0.13493836785602098,-0.010046106685370981,-0.0496250141067307,False,False,False
60,126,pullback_high_volume_high_rsi,1,-1,1,1,0.5,3,0.0005,0.18396614048661553,0.858530324405214,-0.21664032527294397,-0.031587026627446724,-0.14250852112600754,0.012027143225239678,0.034663814847598506,2,2,-0.01124101259396093,-0.10646023219720424,-0.5323011609860212,-0.14653937611008105,0.07524939068587533,0.27107500464231116,0.10838613193371205,0.48359320891746915,-0.17313306580211063,-0.6755948490180506,-0.08836671285413389,-0.3821980758636907,0.043800919398679694,0.1018402361445786,0.05398310952378793,0.13708803469160036,-0.06628294458660156,-0.3147607005389871,-0.018866839248314005,-0.08408431809120764,False,False,False
60,126,pullback_high_volume_high_rsi,1,-1,1,1,0.5,5,0.0005,0.17554236157793923,0.8299582358492207,-0.25634487226074265,-0.04001080553612302,-0.1710806096820009,-0.04001080553612302,-0.1710806096820009,2,2,-0.0328228057785388,-0.16993042024079635,-0.8496521012039817,-0.1856191958197992,0.024383021818914052,0.07795462529342312,0.024383021818914052,0.07795462529342312,-0.18336388804112635,-0.7542099167656244,-0.18336388804112635,-0.7542099167656244,0.1013109886021819,0.26398430585936683,0.1013109886021819,0.26398430585936683,-0.09002863337599165,-0.4178154657750158,-0.09002863337599165,-0.4178154657750158,False,False,False
60,126,pullback_high_volume_high_rsi,1,-1,1,1,0.5,10,0.0005,0.25491975535039546,1.1275900431587558,-0.2706675384156271,0.03936658823633321,0.1265511976275342,-0.02599047586853276,-0.07724891309705462,2,1,0.042134805134078634,0.198703447393827,0.8426961026815727,0.12641986691373325,-0.07657345117758285,-0.5087679643688872,0.0491036135284908,0.23816058108952848,-0.00763468976225079,0.05564343104483327,-0.03835731869254433,-0.11277232662880565,0.1606986437800133,0.4406521715401722,-0.13846627529404998,-0.29642110804555566,0.09190430003040806,0.34176346374282074,-0.004910015847725546,-0.042520334116292746,False,False,False
60,126,pullback_high_volume_high_rsi,1,-1,1,1,1.0,1,0.0005,-0.004205072459750769,0.09439875505655448,-0.4401394616528629,-0.21975823957381302,-0.9066400904746671,-0.2128570433544289,-0.8803663455179076,0,0,-0.18470832919318303,-0.8674574818441646,-4.3372874092208225,-1.019508284271813,-0.14613058935964518,-0.8352659327724196,-0.14380519829077887,-0.9132745517439337,-0.22328606902672088,-0.8996490309159096,-0.21534304651136638,-0.8859525132641141,-0.11542691142697503,-0.3391713063088684,-0.05989406706380218,-0.17858442984726275,-0.359929227961732,-1.8880889465162798,-0.39563329051056517,-2.0086579651423673,False,False,False
60,126,pullback_high_volume_high_rsi,1,-1,1,1,1.0,2,0.0005,0.03265815482881029,0.2553211297866738,-0.429151103718182,-0.18289501228525196,-0.7457177157445478,-0.16642162606141686,-0.6761819904272908,0,0,-0.16219783861341047,-0.824852327654909,-4.124261638274545,-0.8484914173795048,-0.23447482199884206,-1.2904998190126133,-0.191910922756502,-1.0327803942615743,-0.08992085522797888,-0.3592048362972047,-0.10161920483130382,-0.4401333231762634,-0.06418702739245874,-0.18289059648462058,-0.048574718700108876,-0.13398375175387467,-0.30051558743399565,-1.4736333951514022,-0.28453328275138523,-1.3883200414021117,False,False,False
60,126,pullback_high_volume_high_rsi,1,-1,1,1,1.0,3,0.0005,0.08636266460119013,0.4742887523070781,-0.36225586206083604,-0.12919050251287212,-0.5267500932241435,-0.08557633266018572,-0.3495777572505374,1,1,-0.14819987418286318,-0.7118049261520862,-3.559024630760431,-0.5993440237624047,-0.10576560997413598,-0.646286440009793,-0.07262886872629926,-0.43376823573463497,-0.19063413839159038,-0.7773234122943795,-0.10586778544361364,-0.48392663914001965,0.0859311097958042,0.2284866742532402,0.09611329992091244,0.26373447280026197,-0.2652047419374175,-1.2955476422034087,-0.21778863659912995,-1.0648712597556294,False,False,False
60,126,pullback_high_volume_high_rsi,1,-1,1,1,1.0,5,0.0005,0.14764163980718115,0.7285325352689254,-0.28449569128702157,-0.0679115273068811,-0.2725063102622962,-0.0679115273068811,-0.2725063102622962,1,1,-0.0929087307296832,-0.45827185878395515,-2.2913592939197756,-0.3150569681536852,-0.11947711776175907,-0.7073815607419747,-0.11947711776175907,-0.7073815607419747,-0.06634034369760733,-0.20916215682593564,-0.06634034369760733,-0.20916215682593564,0.2115132615581965,0.574567389136298,0.2115132615581965,0.574567389136298,-0.2329106494927038,-1.1224819269263737,-0.2329106494927038,-1.1224819269263737,False,False,False
60,126,pullback_high_volume_high_rsi,1,-1,1,1,1.0,10,0.0005,0.15255020093930627,0.743553054393363,-0.2913625593619169,-0.06300296617475598,-0.2574857911378585,-0.12836003027962195,-0.46128590186244733,1,1,-0.08440021504534612,-0.4508100946562178,-2.254050473281089,-0.2922850404764282,-0.03991955358484489,-0.3031687639995222,0.08575751112122876,0.44375978145889344,-0.18534729150848883,-0.737279877281285,-0.21606992043878237,-0.9056956349549239,0.12101839170948203,0.3527989971643005,-0.17814652736458125,-0.38427428242142736,-0.12888087650584734,-0.5984514253129134,-0.22569519238398095,-0.9827352231720269,False,False,False
60,126,pullback_high_volume_low_rsi,1,-1,1,-1,0.25,1,0.0005,0.21616032579547784,1.000679800762543,-0.26077643000923134,0.0006071586814155872,-0.0003590447686785403,0.0075083549007997075,0.025914700188080952,3,3,0.019906972760765917,0.09027954245225106,0.39813945521531835,-0.0003586721637041027,0.02379417333454703,0.23400973257506874,0.026119564403413342,0.15600111360355462,0.016019772186984804,0.053570983931603644,0.023962794702339307,0.06726750158339923,-0.07448631746421519,-0.21692318321226123,-0.01895347310104234,-0.056336306750655596,0.03674731103610451,0.12698810097289848,0.001043248487271331,0.006419082346810767,False,True,False
60,126,pullback_high_volume_low_rsi,1,-1,1,-1,0.25,2,0.0005,0.22606267096159693,1.029374448764131,-0.2316674972111924,0.010509503847534685,0.0283356032329094,0.02698289007136978,0.09787132855016634,3,3,0.006820503843750436,0.005061681666986062,0.02530840833493031,0.0283061974661658,0.007811162010631589,0.001350239200902159,0.05037506125297164,0.2590696639519411,0.05508471578794816,0.22245895112932046,0.043386366184623215,0.14153046425026172,0.005829845676869283,0.008773124133069965,0.021442154369219146,0.05767996886381588,-0.020077429940449587,-0.10236850646866402,-0.004095125257839172,-0.017055152719373745,True,True,False
60,126,pullback_high_volume_low_rsi,1,-1,1,-1,0.25,3,0.0005,0.20394944428908368,0.9419226743981249,-0.20648298532333753,-0.011603722824978568,-0.05911617113309664,0.03201044702770783,0.1180561648405094,1,4,-0.009892448880141735,-0.03173621762325768,-0.1978489776028347,-0.05905482229485854,0.02061850340331417,0.06364694516247926,0.05375524465115089,0.27616514943763726,-0.02085278431395543,-0.057362258818938416,0.06391356863402131,0.23603451433542144,0.0010678865536719595,-0.006110176427576941,0.011250076678780196,0.029137622119444817,-0.04481836001710193,-0.21997651460919337,0.0025977453211856183,0.010699867838586063,False,True,False
60,126,pullback_high_volume_low_rsi,1,-1,1,-1,0.25,5,0.0005,0.22439106882408177,1.0266239456487256,-0.21988831808861675,0.008837901710019525,0.025585100117504034,0.008837901710019525,0.025585100117504034,3,3,0.01819122004580409,0.04816008321272808,0.2408004160636404,0.025558548733367867,0.04561608049618404,0.24449840921636223,0.04561608049618404,0.24449840921636223,0.0278314319737345,0.0766594837248109,0.0278314319737345,0.0766594837248109,0.008551008117873682,0.01966068270064525,0.008551008117873682,0.01966068270064525,-0.04063444295668184,-0.18841075297248322,-0.04063444295668184,-0.18841075297248322,True,True,False
60,126,pullback_high_volume_low_rsi,1,-1,1,-1,0.25,10,0.0005,0.3174291176508919,1.3081612214491192,-0.1967281670081954,0.10187595053682963,0.3071223759178976,0.03651888643196366,0.10332226519330878,3,2,0.15373811512225444,0.48835245213754197,2.44176226068771,0.30680365431265244,-0.10491891570713174,-0.6478518598815362,0.020758148998941905,0.09907668557687949,0.20443941674325927,0.720381434988433,0.17371678781296573,0.5519656773147941,0.2483351013425723,0.6111180651814349,-0.05082981773149098,-0.12595521440429303,0.1030368135012496,0.3655868390936491,0.006222497623115997,-0.0186969587654644,True,False,False
60,126,pullback_high_volume_low_rsi,1,-1,1,-1,0.5,1,0.0005,0.1183793780541127,0.6024691481967412,-0.2982625953064084,-0.09717378905994956,-0.39856969733448033,-0.09027259284056544,-0.37229595237772084,0,0,-0.11413672853006007,-0.41284142754822983,-2.2827345706012014,-0.4508112330751745,-0.11449737305367713,-0.6630879797722598,-0.11217198198481082,-0.7410965987437739,-0.11973330152606554,-0.48897203986997173,-0.11179027901071104,-0.47527552221817615,-0.11377608400644301,-0.33671081522648794,-0.05824323964327016,-0.1761239387648823,-0.044373100624119255,-0.2266265753406536,-0.08007716317295244,-0.3471955939667413,False,False,False
60,126,pullback_high_volume_low_rsi,1,-1,1,-1,0.5,2,0.0005,0.11278360291118461,0.5739901895170216,-0.2316674972111924,-0.10276956420287764,-0.42704865601419995,-0.08629617797904254,-0.357512930696943,0,0,-0.09562881471205154,-0.4348385915881589,-2.1741929579407944,-0.4767713023139949,-0.18429442023873688,-1.0347233888810208,-0.14173052099639682,-0.7770039641299819,-0.07778739505852328,-0.34109943676478904,-0.08948574466184822,-0.4220279236438478,-0.02227505166036492,-0.07429757515349411,-0.006662742968015056,-0.025390730422748198,-0.11347023436557979,-0.5285777464115288,-0.09748792968296938,-0.4432643926622385,False,False,False
60,126,pullback_high_volume_low_rsi,1,-1,1,-1,0.5,3,0.0005,0.0821864437805313,0.45557270477580386,-0.21595141295753262,-0.13336672333353095,-0.5454661407554178,-0.08975255348084454,-0.3682938047818117,0,0,-0.1005654444123647,-0.5484260057493161,-2.74213002874658,-0.6187184587408939,-0.09534493836753888,-0.6035616542329678,-0.06220819711970216,-0.3910434499578098,-0.24445195697060984,-0.9909390386908503,-0.1596856040226331,-0.6975422655364905,-0.09184751060527496,-0.27366006153818945,-0.08166532048016673,-0.2384122629911677,-0.10578595045719053,-0.49329035726566434,-0.058369845118902974,-0.2626139748178849,False,False,False
60,126,pullback_high_volume_low_rsi,1,-1,1,-1,0.5,5,0.0005,0.10436109209458788,0.5492262736194571,-0.2529338267197411,-0.11119207501947437,-0.4518125719117645,-0.11119207501947437,-0.4518125719117645,0,0,-0.10104675827977777,-0.4773012762239247,-2.386506381119623,-0.5158452390571274,-0.021919480135262015,-0.226707558883685,-0.021919480135262015,-0.226707558883685,-0.21529708967468064,-0.8681255329896693,-0.21529708967468064,-0.8681255329896693,-0.04480062834235432,-0.1222050205297307,-0.04480062834235432,-0.1222050205297307,-0.15729288821720122,-0.7278949935641644,-0.15729288821720122,-0.7278949935641644,False,False,False
60,126,pullback_high_volume_low_rsi,1,-1,1,-1,0.5,10,0.0005,0.12952300553221274,0.6449609301278584,-0.3287632738128886,-0.0860301615818495,-0.3560779154033632,-0.15138722568671548,-0.559878026127952,1,0,-0.12642150108689076,-0.6297337299909773,-3.1486686499548866,-0.39911341936500394,-0.18719773028472964,-1.0520147832504363,-0.061520665578655986,-0.30508623779202054,-0.06564527188905189,-0.20745267673151835,-0.09636790081934543,-0.37586843440515727,0.22283572647591288,0.5796543478927597,-0.07632919259815041,-0.15741893169296817,-0.23860617451976907,-1.0969964304359403,-0.33542049039790267,-1.4812802282950537,False,False,False
60,126,pullback_high_volume_low_rsi,1,-1,1,-1,1.0,1,0.0005,0.029101876870782473,0.24061030860550867,-0.3783844454792429,-0.18645129024327978,-0.7604285369257129,-0.17955009402389566,-0.7341547919689534,0,0,-0.17237813218120868,-0.8090729235481373,-4.045364617740686,-0.8649897969006277,-0.16501507638843105,-0.9317452329916625,-0.16268968531956474,-1.0097538519631766,-0.1797411879739863,-0.6864006141046121,-0.1717981654586318,-0.6727040964528165,-0.13220631074859535,-0.3900403556435,-0.0766734663854225,-0.22945347918189435,-0.25628048279559734,-1.2114749366768525,-0.2919845453444305,-1.3320439553029404,False,False,False
60,126,pullback_high_volume_low_rsi,1,-1,1,-1,1.0,2,0.0005,0.03241323582074718,0.25491441265804615,-0.45870054508248015,-0.18313993129331507,-0.7461244328731754,-0.16666654506947998,-0.6765887075559185,0,0,-0.1447456388235605,-0.6436229865336572,-3.218114932668286,-0.849627652171794,-0.1606852742249385,-0.9123235923625431,-0.11812137498259845,-0.6546041676115042,-0.08728030885906657,-0.32165250042206317,-0.09897865846239151,-0.4025809873011219,-0.1288060034221825,-0.37492238070477135,-0.11319369472983265,-0.32601553597402544,-0.31800269566293193,-1.5466201108291404,-0.3020203909803215,-1.4613067570798504,False,False,False
60,126,pullback_high_volume_low_rsi,1,-1,1,-1,1.0,3,0.0005,-0.04093193525358241,-0.06784802271414116,-0.37262207508749257,-0.25648510236764466,-1.0688868682453627,-0.21287093251495826,-0.8917145322717567,0,0,-0.25232288575740014,-1.1049078259797418,-5.5245391298987085,-1.1898925253643935,-0.2927662600061758,-1.6276689081953124,-0.25962951875833906,-1.4151507039201545,-0.21500820510973306,-0.8529080461987303,-0.13024185216175632,-0.5595112730443704,-0.21539928654319818,-0.6638112312955606,-0.20521709641808994,-0.6285634327485388,-0.2892464849716021,-1.3569076057607532,-0.24183037963331455,-1.1262312233129737,False,False,False
60,126,pullback_high_volume_low_rsi,1,-1,1,-1,1.0,5,0.0005,0.03435642122104188,0.26482831341916013,-0.3360799107043295,-0.18119674589302037,-0.7362105321120614,-0.18119674589302037,-0.7362105321120614,0,0,-0.1752627689909918,-0.8161331467952206,-4.080665733976103,-0.8406127746531239,-0.10085384993382074,-0.5577479554685267,-0.10085384993382074,-0.5577479554685267,-0.2642825993493725,-1.0745183381219146,-0.2642825993493725,-1.0745183381219146,-0.0991215974588795,-0.264928616649169,-0.0991215974588795,-0.264928616649169,-0.24967168804816287,-1.189131148164181,-0.24967168804816287,-1.189131148164181,False,False,False
60,126,pullback_high_volume_low_rsi,1,-1,1,-1,1.0,10,0.0005,0.042566984482568015,0.3011030349497288,-0.4084992461810051,-0.17298618263149423,-0.6999358105814928,-0.2383432467363602,-0.9037359213060816,0,0,-0.1354259979933644,-0.6334110256927741,-3.16705512846387,-0.8025221106584658,-0.18755434414333627,-1.060087683244781,-0.06187727943726262,-0.3131591377863652,-0.023747864431110433,-0.11804653037475732,-0.05447049336140397,-0.28646228804839624,-0.08329765184339255,-0.20673436814076718,-0.38246257091745584,-0.9438076477264951,-0.3381926956862631,-1.783698864621083,-0.4350070115643967,-2.1679826624801963,False,False,False
60,126,pullback_low_volume_high_rsi,1,-1,-1,1,0.25,1,0.0005,0.19254834896405204,0.912534453743621,-0.26077643000923134,-0.02300481815001021,-0.08850439178760061,-0.01610362193062609,-0.06223064683084112,1,0,-0.02892911771601958,-0.041289128745045756,-0.5785823543203916,-0.10672456572088762,-0.0023253910688663115,0.07800861897151412,0.0,0.0,-0.07383130015328865,-0.27537853074427865,-0.06588827763793415,-0.26168201309248307,-0.05553284436317285,-0.16058687646160563,0.0,0.0,0.03355011144361453,0.11366329777883333,-0.0021539511052186544,-0.006905720847254382,False,False,False
60,126,pullback_low_volume_high_rsi,1,-1,-1,1,0.25,2,0.0005,0.18077020664715127,0.8611626588602804,-0.23166749721119217,-0.034782960466910984,-0.13987618667094115,-0.018309574243075888,-0.07034046135368421,0,0,-0.03354677709502163,-0.15819091726619527,-0.7909545863309764,-0.16136603758879223,-0.04256389924234005,-0.25771942475103893,0.0,0.0,-0.05775300187105925,-0.19443175435622928,-0.0694513514743842,-0.275360241235288,-0.015612308692349863,-0.04890684473074591,0.0,0.0,-0.024529654947703206,-0.12195008017616127,-0.00854735026509279,-0.03663672642687099,False,False,False
60,126,pullback_low_volume_high_rsi,1,-1,-1,1,0.25,3,0.0005,0.15197497904662227,0.7461535242539048,-0.2064829853233372,-0.06357818806743998,-0.2548853212773168,-0.019964018214753576,-0.07771298530371074,0,0,-0.043596950191988726,-0.23597266766014754,-1.1798633383007378,-0.2949536252176564,-0.03313674124783672,-0.212518204275158,0.0,0.0,-0.1592784844956121,-0.6079902707419922,-0.07451213154763536,-0.31459349758763233,-0.010182190125108237,-0.03524779854702176,0.0,0.0,-0.05405715913614073,-0.2594271310451371,-0.00664105379785318,-0.028750748597357656,False,False,False
60,126,pullback_low_volume_high_rsi,1,-1,-1,1,0.25,5,0.0005,0.19341463985113694,0.9148083493475739,-0.21988831808861642,-0.02213852726292531,-0.08623049618364764,-0.02213852726292531,-0.08623049618364764,0,0,-0.003969367215785891,-0.016968781255225163,-0.08484390627612581,-0.10270564594029126,0.0,0.0,0.0,0.0,-0.08444770180750227,-0.3348103089251755,-0.08444770180750227,-0.3348103089251755,0.0,0.0,0.0,0.0,-0.007938734431571781,-0.033937562510450325,-0.007938734431571781,-0.033937562510450325,False,False,False
60,126,pullback_low_volume_high_rsi,1,-1,-1,1,0.25,10,0.0005,0.23143565687324763,1.0228357065440243,-0.2107662592280901,0.01588248975918538,0.02179686101280276,-0.04947457434568059,-0.18200324971178605,1,0,-0.03318819879480228,-0.13765830343166185,-0.6882915171583093,0.021774240939906597,-0.12567706470607365,-0.7469285454584156,0.0,0.0,-0.06173745585119628,-0.23866814057737962,-0.09246008478148982,-0.40708389825101854,0.2991649190740633,0.7370732795857279,0.0,0.0,-0.0046389417384082865,-0.03664846628594409,-0.10145325761654189,-0.4209322641450576,False,False,False
60,126,pullback_low_volume_high_rsi,1,-1,-1,1,0.5,1,0.0005,0.15714453771888115,0.7619552083210499,-0.24527509680440196,-0.0584086293951811,-0.23908363721017167,-0.05150743317579698,-0.21280989225341218,1,1,-0.03557040314801907,-0.14263444201186248,-0.7131722100593124,-0.2709708707934389,0.029682002488400583,0.0761178725536722,0.032007393557266894,-0.0018907464178419264,-0.19524792709861072,-0.7611938816501811,-0.18730490458325622,-0.7474973639983855,-0.04032477086970965,-0.12152249277864491,0.015208073493463203,0.039064383682960724,-0.030816035426328492,-0.16374639124508006,-0.06652009797516167,-0.28431540987116777,False,False,False
60,126,pullback_low_volume_high_rsi,1,-1,-1,1,0.5,2,0.0005,0.15501896689305794,0.7558299614073594,-0.2647711227318703,-0.06053420022100431,-0.24520888412386221,-0.04406081399716921,-0.17567315880660528,1,1,-0.11100306497201007,-0.4904017057116466,-2.452008528558233,-0.2808318756410199,-0.11196551077800887,-0.6442582224714928,-0.06940161153566882,-0.38653879772045385,-0.1283978225572271,-0.4674934033781961,-0.14009617216055203,-0.5484218902572549,0.13052179835800448,0.3337343489505823,0.14613410705035434,0.3826411936813282,-0.11004061916601127,-0.5133100080450971,-0.09405831448340085,-0.4279966542958068,False,False,False
60,126,pullback_low_volume_high_rsi,1,-1,-1,1,0.5,3,0.0005,0.16027652142926097,0.7783106338480549,-0.31537973294939514,-0.055276645684801284,-0.2227282116831667,-0.011662475832114882,-0.045555875709560656,2,2,-0.06634231695058779,-0.25914146519725956,-1.3268463390117557,-0.2564408884586282,0.01670134258396505,0.03371593621070268,0.04983808383180177,0.24623414048586068,-0.14938597648514063,-0.5519988666052218,-0.06461962353716388,-0.25860209345086194,0.08115465018556844,0.21076500649721275,0.09133684031067668,0.2460128050442345,-0.15041726314065518,-0.7019669798046173,-0.10300115780236763,-0.4712905973568378,False,False,False
60,126,pullback_low_volume_high_rsi,1,-1,-1,1,0.5,5,0.0005,0.1760084970192033,0.8335633675044308,-0.21988831808861653,-0.03954467009485896,-0.16747547802679075,-0.03954467009485896,-0.16747547802679075,1,1,-0.06826356108999365,-0.38944292033876915,-1.9472146016938456,-0.18345668785248456,-0.07870379051965282,-0.5126952807673549,-0.07870379051965282,-0.5126952807673549,-0.16680601973893294,-0.6542790737925466,-0.16680601973893294,-0.6542790737925466,0.1646488947414093,0.44014574364161907,0.1646488947414093,0.44014574364161907,-0.05782333166033449,-0.2661905599101834,-0.05782333166033449,-0.2661905599101834,False,False,False
60,126,pullback_low_volume_high_rsi,1,-1,-1,1,0.5,10,0.0005,0.21992869800155757,0.9873821617883106,-0.1967281670081954,0.004375530887495316,-0.013656683742910958,-0.060981533217370654,-0.21745679446749977,2,0,0.004358707371649118,0.012893356499641184,0.06446678249820592,-0.013642511281032018,-0.17458141514087155,-0.9857723012646095,-0.048904350434797905,-0.23884375580619382,-0.06919843879416421,-0.24047353372586588,-0.09992106772445775,-0.4088892913995048,0.2165343989203563,0.5705534218119465,-0.08263052015370698,-0.16651985777378142,0.07791585353746244,0.26626024672514825,-0.018898462340671163,-0.11802355113396523,False,False,False
60,126,pullback_low_volume_high_rsi,1,-1,-1,1,1.0,1,0.0005,0.02409520695252554,0.21869389279554652,-0.35288687636237126,-0.1914579601615367,-0.7823449527356751,-0.1845567639421526,-0.7560712077789156,0,0,-0.18836858644726284,-0.8058974757779526,-4.029487378889763,-0.8882168734743048,-0.17721331697381615,-1.0057524562713187,-0.17488792590494984,-1.0837610752428328,-0.3643315269929077,-1.5766044730716573,-0.3563885044775532,-1.5629079554198617,-0.19952385592070954,-0.6060424952845864,-0.14399101155753669,-0.44545561882298074,-0.026067979593129564,-0.1418245799305804,-0.061772042141962746,-0.2623935985566681,False,False,False
60,126,pullback_low_volume_high_rsi,1,-1,-1,1,1.0,2,0.0005,0.11132399890760047,0.6142706029931171,-0.23074458710585988,-0.10422916820646178,-0.3867682425381045,-0.08775578198262668,-0.31723251722084755,0,0,-0.08946625865672997,-0.4398129767625489,-2.1990648838127442,-0.4835427361236952,-0.138044238241527,-0.775210865918584,-0.09548033899918695,-0.5174914411675451,-0.22348493144815929,-0.8846732376487085,-0.23518328105148423,-0.9656017245277673,-0.04088827907193293,-0.014275792632049256,-0.025275970379583068,0.03463105209869666,-0.016595061169471848,-0.10441508760651375,-0.0006127564868614321,-0.01910173385722347,False,False,False
60,126,pullback_low_volume_high_rsi,1,-1,-1,1,1.0,3,0.0005,0.12336004149013058,0.6606761635346098,-0.28233633024516935,-0.09219312562393167,-0.3403626819966118,-0.04857895577124527,-0.16319034602300575,2,2,-0.05341114869389352,-0.34393379229697607,-1.7196689614848804,-0.4277048064672912,-0.15435502775801657,-0.8827472830823366,-0.12121828651017985,-0.6702290788071785,-0.30101953116003566,-1.2504685953962054,-0.21625317821205892,-0.9570718222418454,0.04753273037022954,0.32791882513195636,0.057714920495337774,0.3631666236789781,0.053945101790008776,0.1948796984883845,0.10136120712829633,0.4255560809361639,False,False,False
60,126,pullback_low_volume_high_rsi,1,-1,-1,1,1.0,5,0.0005,0.05972393079358085,0.3844092667946738,-0.2573803269067445,-0.1558292363204814,-0.6166295787365478,-0.1558292363204814,-0.6166295787365478,0,0,-0.11831282789207043,-0.5033223256455207,-2.5166116282276034,-0.722927147890259,-0.10830167969203974,-0.5982985102289806,-0.10830167969203974,-0.5982985102289806,-0.30428260287634057,-1.2669101607938067,-0.30428260287634057,-1.2669101607938067,-0.1283239760921011,-0.3308170707717757,-0.1283239760921011,-0.3308170707717757,-0.08708345156364117,-0.40834614106206074,-0.08708345156364117,-0.40834614106206074,False,False,False
60,126,pullback_low_volume_high_rsi,1,-1,-1,1,1.0,10,0.0005,-0.008004436400947168,0.07918492870394307,-0.44930066136473545,-0.22355760351500942,-0.9218539168272785,-0.2889146676198754,-1.1256540275518674,1,0,-0.21662680434373316,-0.9328233273793746,-4.664116636896873,-1.037134394767262,-0.4186111613961131,-2.151120286744293,-0.29293409669003945,-1.404191741285877,-0.3247141901338326,-1.3595771170132853,-0.35543681906412616,-1.5279928746869242,0.009004423244450166,0.1448968039547286,-0.2901604958296131,-0.5921764756309993,-0.1085394185536337,-0.5060695377454638,-0.2053537344317673,-0.8903533356045773,False,False,False
60,126,pullback_low_volume_low_rsi,1,-1,-1,-1,0.25,1,0.0005,0.1698752748826109,0.8228621096208826,-0.26077643000923134,-0.045677892231451356,-0.178176735910339,-0.038776696012067235,-0.1519029909535795,0,0,-0.028179647396694096,-0.11718603327132388,-0.5859301663566193,-0.21191009551383866,-0.017592442571373157,-0.007177731548055011,-0.015267051502506845,-0.08518635051956913,-0.038766852222015036,-0.1438880959523292,-0.030823829706660533,-0.13019157830053363,-0.11243221927183056,-0.33177473556448733,-0.05689937490865771,-0.1711878591028817,-0.01483628607234233,-0.09048397059031854,-0.05054034862117551,-0.21105298921640625,False,False,False
60,126,pullback_low_volume_low_rsi,1,-1,-1,-1,0.25,2,0.0005,0.18450249909921967,0.8705858580697711,-0.23166749721119262,-0.031050668014842575,-0.1304529874614505,-0.01457728179100748,-0.060917262144193574,1,1,-0.060703022887600544,-0.2362067978191534,-1.2140604577520109,-0.14405108693398036,-0.0721213286023834,-0.4133758675233199,-0.029557429360043352,-0.15565644277228097,0.08824547711954822,0.31482306634047497,0.07654712751622328,0.23389457946141623,-0.055871489283357834,-0.16558449788160712,-0.04025918059100797,-0.1166776531508612,-0.06553455649184325,-0.3068290977566997,-0.04955225180923284,-0.22151574400740942,False,False,False
60,126,pullback_low_volume_low_rsi,1,-1,-1,-1,0.25,3,0.0005,0.18305242717265258,0.8603893434039528,-0.20648298532333675,-0.03250073994140967,-0.1406495021272688,0.011113429911276729,0.036522833846337255,0,2,-0.030476399791018238,-0.15842100184962082,-0.7921050092481041,-0.15077829927783692,-0.034826002524211086,-0.2345053512597468,-0.0016892612763743653,-0.021987146984588812,-0.06820854140353716,-0.24087649644658016,0.016557811544439582,0.0525202767077797,-0.02612679705782539,-0.08233665243949484,-0.015944606932717154,-0.04708885389247308,-0.0044709502044022464,-0.04962858287120275,0.042945155133885304,0.18104779957657668,False,False,False
60,126,pullback_low_volume_low_rsi,1,-1,-1,-1,0.25,5,0.0005,0.22481196248342195,1.024825563397919,-0.21988831808861675,0.009258795369359696,0.023786717866697504,0.009258795369359696,0.023786717866697504,2,2,0.009413346175904724,0.028715902498136325,0.14357951249068163,0.023762032785125935,-0.013671534875227875,-0.08267957414288274,-0.013671534875227875,-0.08267957414288274,0.0003438189012590076,-0.019351002441787335,0.0003438189012590076,-0.019351002441787335,0.03197226187226554,0.07834127580847094,0.03197226187226554,0.07834127580847094,0.01848287345055044,0.07678280743805999,0.01848287345055044,0.07678280743805999,False,False,False
60,126,pullback_low_volume_low_rsi,1,-1,-1,-1,0.25,10,0.0005,0.23527493070393746,1.0326505588276904,-0.1967281670081954,0.019721763589875208,0.031611713296468835,-0.04563530051499076,-0.17218839742811998,2,1,0.05439461427183734,0.2210427223124562,1.0878922854367468,0.03157890768933491,-0.22560118369646787,-1.2399510056770984,-0.09992411899039422,-0.4930224602186827,-0.03326064095412984,-0.11218532587545216,-0.06398326988442338,-0.2806010835490911,0.2483351013425723,0.6111180651814349,-0.05082981773149098,-0.12595521440429303,0.14204986949780452,0.5542707705003646,0.04523555361967091,0.16998697264125107,False,False,False
60,126,pullback_low_volume_low_rsi,1,-1,-1,-1,0.5,1,0.0005,0.1424231387334718,0.7118796090600245,-0.25994790214001184,-0.07313002838059046,-0.2891592364711971,-0.06622883216120634,-0.26288549151443763,1,1,-0.10566469074064577,-0.3435197168971865,-2.1132938148129154,-0.3392667774716246,-0.15948564936930754,-0.9090376748592541,-0.15716025830044122,-0.9870462938307683,-0.13442804855226864,-0.48946721810818994,-0.12648502603691414,-0.47577070045639436,-0.0769013329290229,-0.1975722156861831,-0.021368488565850052,-0.036985339224577474,0.07982619988304807,0.26585416033542375,0.044122137334214884,0.14528514170933604,False,False,False
60,126,pullback_low_volume_low_rsi,1,-1,-1,-1,0.5,2,0.0005,0.17055095910233598,0.8104906570721334,-0.2263571108545751,-0.045002208011726275,-0.19054818845908816,-0.02852882178789118,-0.12101246314183123,1,1,-0.03961444661335167,-0.15723694688009887,-0.7922889322670335,-0.2087754432664535,-0.2177682224111388,-1.2041038461445575,-0.17520432316879875,-0.9463844213935184,-0.04884311691727761,-0.14465796289793986,-0.06054146652060255,-0.2255864497769986,0.15391352671072034,0.45260670828272354,0.1695258354030702,0.5015135530134694,-0.030385776309425738,-0.16981593086225788,-0.014403471626815323,-0.0845025771129676,False,False,False
60,126,pullback_low_volume_low_rsi,1,-1,-1,-1,0.5,3,0.0005,0.17060776366751806,0.821199199109145,-0.2321592261506259,-0.044945403446544185,-0.17983964642207662,-0.0013312335938577835,-0.0026673104484705723,1,1,-0.10560632189685681,-0.42279380200410854,-2.1139690100205426,-0.20851191401312535,-0.13210310978597306,-0.7778663298727421,-0.09896636853813634,-0.5653481255975841,-0.1145632492257922,-0.39260661464730484,-0.029796896277815454,-0.09920984149294498,0.1977510746332134,0.601859183375908,0.20793326475832163,0.6371069819229298,-0.09664939456792143,-0.4529809893609122,-0.04923328922963388,-0.22230460691313275,False,False,False
60,126,pullback_low_volume_low_rsi,1,-1,-1,-1,0.5,5,0.0005,0.145854327693004,0.7166387266278366,-0.23213486479366452,-0.06969883942105826,-0.284400118903385,-0.06969883942105826,-0.284400118903385,1,1,-0.06039632128925254,-0.3747749747913494,-1.873874873956747,-0.3233487141674721,-0.10255548177049412,-0.632330724084166,-0.10255548177049412,-0.632330724084166,-0.263900386842016,-1.0814559082391373,-0.263900386842016,-1.0814559082391373,0.12330589301325934,0.3942619096244987,0.12330589301325934,0.3942619096244987,-0.018237160808010966,-0.11721922549853281,-0.018237160808010966,-0.11721922549853281,False,False,False
60,126,pullback_low_volume_low_rsi,1,-1,-1,-1,0.5,10,0.0005,0.13257871986706293,0.6537093780434144,-0.230598322432643,-0.08297444724699932,-0.34732946748780713,-0.1483315113518653,-0.5511295782123959,1,1,-0.15813654320948733,-0.6812014575239063,-3.406007287619531,-0.3849372679506607,-0.2387703493538358,-1.263602149343101,-0.11309328464776214,-0.5166736038846854,-0.24432521897115533,-0.9947728291671729,-0.27504784790144887,-1.1631885868408118,0.3031784407840856,0.8856459956175083,0.004013521710022339,0.14857271603178046,-0.07750273706513888,-0.3676300858806396,-0.1743170529432725,-0.7519138837397531,False,False,False
60,126,pullback_low_volume_low_rsi,1,-1,-1,-1,1.0,1,0.0005,0.014150582483349883,0.17082170519403794,-0.3420019183982087,-0.20140258463071237,-0.8302171403371836,-0.19450138841132825,-0.8039433953804241,0,0,-0.13967516894515503,-0.7241423461101013,-3.6207117305505063,-0.9343522404573997,-0.14324266990598988,-0.8126268415358326,-0.14091727883712357,-0.8906354605073468,-0.4220581956485021,-1.9224948111831615,-0.4141151731331476,-1.9087982935313659,-0.09529951755614241,-0.19467061548873754,-0.03976667319296956,-0.03408373902713191,-0.13610766798432017,-0.6356578506843699,-0.17181173053315335,-0.7562268693104576,False,False,False
60,126,pullback_low_volume_low_rsi,1,-1,-1,-1,1.0,2,0.0005,0.025294246225708417,0.22442917827863615,-0.35086355053288865,-0.19025892088835383,-0.7766096672525854,-0.17378553466451874,-0.7070739419353285,0,0,-0.1574975047079994,-0.7274806380306893,-3.6374031901534463,-0.8826542585091144,-0.10058449131076985,-0.5808997158259869,-0.0580205920684298,-0.32318029107494795,-0.3429043629831485,-1.4622771985141367,-0.35460271258647347,-1.5432056853931955,-0.12763103910425766,-0.3145820379700194,-0.1120187304119078,-0.26567519323927347,-0.18736397031174112,-0.8740615602353916,-0.1713816656291307,-0.7887482064861013,False,False,False
60,126,pullback_low_volume_low_rsi,1,-1,-1,-1,1.0,3,0.0005,0.04399965539092632,0.3120543053181235,-0.3859091645770709,-0.17155351172313593,-0.6889845402130981,-0.12793934187044953,-0.511812204239492,1,2,-0.11232710772013227,-0.6247090405682493,-3.123545202841246,-0.7958756255822331,-0.19177147663492222,-1.0794983843407386,-0.1586347353870855,-0.8669801800655806,-0.4372389108425626,-1.9991295078841147,-0.35247255789458587,-1.705732734729755,0.00278052686317265,0.1672416857860014,0.012962716988280887,0.20248948433302316,-0.032882738805342315,-0.1699196967957599,0.014533366532945236,0.060756685652019526,False,False,False
60,126,pullback_low_volume_low_rsi,1,-1,-1,-1,1.0,5,0.0005,-0.057641543829102915,-0.18624157231968427,-0.4689327200512601,-0.27319471094316516,-1.1872804178509058,-0.27319471094316516,-1.1872804178509058,0,0,-0.27624299532990676,-1.1379083678654747,-5.689541839327373,-1.2674121869830903,-0.1470755792514553,-0.8234910186300355,-0.1470755792514553,-0.8234910186300355,-0.3897609177805631,-1.7132401470330816,-0.3897609177805631,-1.7132401470330816,-0.2645235565048478,-0.8778545083340489,-0.2645235565048478,-0.8778545083340489,-0.2879624341549657,-1.3979622273969006,-0.2879624341549657,-1.3979622273969006,False,False,False
60,126,pullback_low_volume_low_rsi,1,-1,-1,-1,1.0,10,0.0005,-0.00465638835990323,0.08348409163615755,-0.39742602530004023,-0.22020955547396548,-0.917554753895064,-0.28556661957883145,-1.121354864619653,1,0,-0.29680886856279726,-1.4358986001539842,-7.179493000769921,-1.021602041028881,-0.36439686515025305,-1.985164423516836,-0.2387198004441794,-1.2382358780584202,-0.3950224100877162,-1.762610985090069,-0.42574503901800975,-1.931026742763708,0.20325968513487425,0.8183082908101428,-0.09590523393918904,0.0812350112244149,-0.22922087197534147,-1.1091862152178995,-0.3260351878534751,-1.493470013077013,False,False,False
60,252,near_high_high_volume_high_rsi,-1,1,1,1,0.25,1,0.0005,0.20869430130854094,0.974930135026953,-0.26077643000923156,-0.006858865805521308,-0.02610871050426855,4.233041386281222e-05,0.00016503445249094195,1,1,-0.005134206792110407,0.03215605065985927,-0.10268413584220815,-0.031819833117515114,-0.0023253910688663115,0.07800861897151412,0.0,0.0,-0.007943022515354503,-0.013696517651795581,0.0,0.0,-0.05553284436317285,-0.16058687646160563,0.0,0.0,0.03586746233402138,0.12125233055080065,0.00016339978518820075,0.0006833119247129371,False,False,False
60,252,near_high_high_volume_high_rsi,-1,1,1,1,0.25,2,0.0005,0.2013949284726746,0.940584757776008,-0.23166749721119217,-0.014158238641387655,-0.06045408775521355,0.002315147582447441,0.009081637562043388,1,1,-0.011480852081004356,-0.047840907448389536,-0.23920453724194768,-0.06568327819509918,-0.04256389924234005,-0.25771942475103893,0.0,0.0,0.011698349603324942,0.08092848687905874,0.0,0.0,-0.015612308692349863,-0.04890684473074591,0.0,0.0,-0.007349395469658848,-0.04677497016603316,0.008632909212951567,0.03853838358325712,False,False,False
60,252,near_high_high_volume_high_rsi,-1,1,1,1,0.25,3,0.0005,0.1751491084798198,0.8364038007565789,-0.20648298532333742,-0.04040405863424246,-0.16463504477464264,0.003210111218443945,0.012537291198963407,0,1,-0.03431844289486674,-0.19533525853446432,-0.9766762926723216,-0.18744358607759273,-0.03313674124783672,-0.212518204275158,0.0,0.0,-0.08476635294797674,-0.29339677315435986,0.0,0.0,-0.010182190125108237,-0.03524779854702176,0.0,0.0,-0.03550014454189676,-0.17815231279377064,0.01191596079639079,0.0525240696540088,False,False,False
60,252,near_high_high_volume_high_rsi,-1,1,1,1,0.25,5,0.0005,0.21834199901254947,1.010804673553498,-0.21988831808861653,0.0027888318984872207,0.009765828022276324,0.0027888318984872207,0.009765828022276324,1,1,0.0,0.0,0.0,0.00975569336382135,0.0,0.0,0.0,0.0,0.0,0.0,0.0,0.0,0.0,0.0,0.0,0.0,0.01041125215798444,0.04361034113896667,0.01041125215798444,0.04361034113896667,False,False,False
60,252,near_high_high_volume_high_rsi,-1,1,1,1,0.25,10,0.0005,0.2792423680582381,1.2000343225272951,-0.19672816700819518,0.06368920094417585,0.19899547699607356,-0.0016678631606901195,-0.004804633728515251,3,0,0.06057807201264853,0.2657208442059436,1.2115614402529706,0.19878896596712245,-0.12567706470607365,-0.7469285454584156,0.0,0.0,0.03072262893029354,0.16841575767363892,0.0,0.0,0.2991649190740633,0.7370732795857279,0.0,0.0,0.09043351509500352,0.3630259307382483,-0.006380800783130081,-0.021257867120865193,True,False,False
60,252,near_high_high_volume_high_rsi,-1,1,1,1,0.5,1,0.0005,0.17183900144699216,0.8360725143044462,-0.26077643000923134,-0.04371416566707009,-0.1649663312267754,-0.03681296944768597,-0.1386925862700159,0,0,-0.04953801027303861,-0.1701726544725548,-0.9907602054607723,-0.20279992287906526,-0.04525350568051478,-0.18385181540787432,-0.04292811461164847,-0.26186043437938844,-0.05382251486556244,-0.17975843248350398,-0.04587949235020794,-0.1660619148317084,-0.05553284436317285,-0.16058687646160563,0.0,0.0,-0.022295063766812895,-0.11514569873134906,-0.05799912631564608,-0.23571471735743676,False,False,False
60,252,near_high_high_volume_high_rsi,-1,1,1,1,0.5,2,0.0005,0.16473906311885855,0.8000736757895268,-0.23166749721119229,-0.0508141039952037,-0.20096516974169476,-0.0343407177713686,-0.13142944442443782,0,0,-0.04272625269499153,-0.16184810986268106,-0.8545250538998306,-0.2357381460710103,-0.10110411627318672,-0.573982391873711,-0.058540217030846664,-0.3162629671226721,-0.064645842679389,-0.22242071643468075,-0.07634419228271394,-0.3033492033137395,-0.015612308692349863,-0.04890684473074591,0.0,0.0,-0.02080666271059406,-0.10127550329068136,-0.004824358027983644,-0.01596214954139108,False,False,False
60,252,near_high_high_volume_high_rsi,-1,1,1,1,0.5,3,0.0005,0.15439224852227373,0.7571102850289132,-0.22099963476965834,-0.061160918591788516,-0.24392856050230838,-0.017546748739102114,-0.06675622452870233,0,1,-0.06930984770033921,-0.27848532020985484,-1.392426601049274,-0.2837393642164606,-0.09159912917341928,-0.5197934087875131,-0.05846238792558256,-0.3072752045123551,-0.06643866412252741,-0.2171449249359434,0.01832768882544933,0.07625184821841646,-0.010182190125108237,-0.03524779854702176,0.0,0.0,-0.07218103127815101,-0.3398257154837662,-0.024764925939863458,-0.10914933303598678,False,False,False
60,252,near_high_high_volume_high_rsi,-1,1,1,1,0.5,5,0.0005,0.2068312522819835,0.9706781558744731,-0.21988831808861686,-0.008721914832078737,-0.03036068965674843,-0.008721914832078737,-0.03036068965674843,2,2,0.004504312830960755,0.02387377305998628,0.0900862566192151,-0.04046293983453021,0.00900862566192151,0.04774754611997256,0.00900862566192151,0.04774754611997256,-0.06754879640108435,-0.24769586332202387,-0.06754879640108435,-0.24769586332202387,0.0,0.0,0.0,0.0,0.018747040357519396,0.0876360287428034,0.018747040357519396,0.0876360287428034,False,False,False
60,252,near_high_high_volume_high_rsi,-1,1,1,1,0.5,10,0.0005,0.2706958706057827,1.1685935922973902,-0.1967281670081955,0.05514270349172046,0.16755474676616866,-0.010214360613145512,-0.03624536395842015,3,1,0.06279042672591129,0.26629880654344024,1.2558085345182257,0.1673808639036903,-0.157753362483684,-0.9018720633539461,-0.03207629777761034,-0.1549435178955304,0.026781212745057514,0.1312499815964785,-0.003941416185236024,-0.03716577607716043,0.2991649190740633,0.7370732795857279,0.0,0.0,0.09879964070676506,0.401347631490402,0.0019853248286314518,0.017063833631288494,True,False,False
60,252,near_high_high_volume_high_rsi,-1,1,1,1,1.0,1,0.0005,0.13913777293517948,0.7137623397532635,-0.2566866400290495,-0.07641539417888277,-0.28727650577795805,-0.06951419795949865,-0.26100276082119855,0,1,-0.05164048796106224,-0.22351293861464008,-1.1175646930732004,-0.3545083340781848,-0.03749882079639533,-0.1455104226313364,-0.035173429727529015,-0.22351904160285052,-0.006779992943497293,-0.0038836536969841795,0.0011630295718572103,0.009812863954811402,-0.18586169843147826,-0.5620373439673423,-0.1303288540683054,-0.4014504675057367,-0.06578215512572916,-0.30151545459794377,-0.10148621767456234,-0.4220844732240315,False,False,False
60,252,near_high_high_volume_high_rsi,-1,1,1,1,1.0,2,0.0005,0.17355625912623296,0.8423688879918481,-0.21461068993556343,-0.04199690798782929,-0.15866995753937352,-0.025523521763994195,-0.08913423222211658,1,1,-0.048610797208208045,-0.21087379731170164,-1.0543689865585082,-0.1948331752676414,-0.06207036174581648,-0.36804550405376035,-0.01950646250347643,-0.11032607930272142,0.03221569676704816,0.14149949615783664,0.02051734716372322,0.0605710092787779,-0.09479336756972279,-0.275908291354409,-0.07918105887737292,-0.22700144662366306,-0.03515123267059961,-0.1458393032689943,-0.019168927987989193,-0.060525949519704025,False,False,False
60,252,near_high_high_volume_high_rsi,-1,1,1,1,1.0,3,0.0005,0.15754825877925938,0.7757568995408349,-0.21155111244054725,-0.058004908334802874,-0.22528194599038665,-0.014390738482116472,-0.0481096100167806,0,2,-0.05700463836255376,-0.18096496986734767,-1.1400927672510752,-0.2690979172860353,-0.004750257755223863,-0.07000079074758436,0.028386483492612857,0.14251741352757363,-0.07237247974960859,-0.2430347236605397,0.012393873198368155,0.05036204949382017,-0.041636796975498935,-0.11889521607415565,-0.0314546068503907,-0.0836474175271339,-0.10830226853320646,-0.5053589651834234,-0.06088616319491891,-0.27468258273564394,False,False,False
60,252,near_high_high_volume_high_rsi,-1,1,1,1,1.0,5,0.0005,0.1417156652011884,0.7151468556422842,-0.2025700157084206,-0.07383750191287386,-0.2858919898889374,-0.07383750191287386,-0.2858919898889374,0,0,-0.08805249893634659,-0.3212310714305291,-1.7610499787269318,-0.3425489075454037,-0.09964464821760277,-0.6107879731531345,-0.09964464821760277,-0.6107879731531345,-0.010379969625175178,-0.02440031121085262,-0.010379969625175178,-0.02440031121085262,-0.08558128477557969,-0.22205602802669666,-0.08558128477557969,-0.22205602802669666,-0.09052371309711349,-0.4204061148343616,-0.09052371309711349,-0.4204061148343616,False,False,False
60,252,near_high_high_volume_high_rsi,-1,1,1,1,1.0,10,0.0005,0.17302364174057194,0.8457936678148555,-0.2706675384156272,-0.04252952537349031,-0.15524517771636603,-0.10788658947835628,-0.35904528844095485,1,1,-0.05019516779124511,-0.1580651559311147,-1.0039033558249022,-0.19730410804395815,-0.08867136778373119,-0.49370737159486666,0.03700569692234246,0.253221173863549,0.02639357154640254,0.07548267007954812,-0.004329057383891,-0.0929330875940908,-0.07498653846900716,-0.19447426477417407,-0.37415145754307044,-0.931547544359902,-0.025403797113483062,-0.12165604708805533,-0.12221811299161667,-0.5059398449471688,False,False,False
60,252,near_high_high_volume_low_rsi,-1,1,1,-1,0.25,1,0.0005,0.20865197089467813,0.9747651005744621,-0.26077643000923156,-0.00690119621938412,-0.026273744956759493,0.0,0.0,1,0,-0.005134206792110407,0.03215605065985927,-0.10268413584220815,-0.032016213502129985,-0.0023253910688663115,0.07800861897151412,0.0,0.0,-0.007943022515354503,-0.013696517651795581,0.0,0.0,-0.05553284436317285,-0.16058687646160563,0.0,0.0,0.03570406254883318,0.12056901862608771,0.0,0.0,False,False,False
60,252,near_high_high_volume_low_rsi,-1,1,1,-1,0.25,2,0.0005,0.19907978089022715,0.9315031202139646,-0.23166749721119217,-0.016473386223835096,-0.06953572531725694,0.0,0.0,1,0,-0.01579730668748014,-0.0671100992400181,-0.3355504962000905,-0.07642377258654719,-0.04256389924234005,-0.25771942475103893,0.0,0.0,0.011698349603324942,0.08092848687905874,0.0,0.0,-0.015612308692349863,-0.04890684473074591,0.0,0.0,-0.015982304682610415,-0.08531335374929028,0.0,0.0,False,False,False
60,252,near_high_high_volume_low_rsi,-1,1,1,-1,0.25,3,0.0005,0.17193899726137585,0.8238665095576155,-0.20648298532333742,-0.0436141698526864,-0.17717233597360604,0.0,0.0,0,0,-0.040276423293062136,-0.22159729336146872,-1.1079864668073436,-0.20233601963086675,-0.03313674124783672,-0.212518204275158,0.0,0.0,-0.08476635294797674,-0.29339677315435986,0.0,0.0,-0.010182190125108237,-0.03524779854702176,0.0,0.0,-0.04741610533828755,-0.23067638244777944,0.0,0.0,False,False,False
60,252,near_high_high_volume_low_rsi,-1,1,1,-1,0.25,5,0.0005,0.21555316711406225,1.0010388455312216,-0.21988831808861653,0.0,0.0,0.0,0.0,0,0,0.0,0.0,0.0,0.0,0.0,0.0,0.0,0.0,0.0,0.0,0.0,0.0,0.0,0.0,0.0,0.0,0.0,0.0,0.0,0.0,False,False,False
60,252,near_high_high_volume_low_rsi,-1,1,1,-1,0.25,10,0.0005,0.2809102312189282,1.2048389562558104,-0.19672816700819518,0.06535706410486597,0.2038001107245888,0.0,0.0,3,0,0.06376847240421357,0.2763497777663762,1.2753694480842714,0.2035886136031396,-0.12567706470607365,-0.7469285454584156,0.0,0.0,0.03072262893029354,0.16841575767363892,0.0,0.0,0.2991649190740633,0.7370732795857279,0.0,0.0,0.0968143158781336,0.3842837978591135,0.0,0.0,True,False,False
60,252,near_high_high_volume_low_rsi,-1,1,1,-1,0.5,1,0.0005,0.17875836385057697,0.8628199283330406,-0.2607764300092318,-0.036794803263485276,-0.13821891719818102,-0.029893607044101156,-0.11194517224142153,0,0,-0.04018872400762086,-0.12104488791046453,-0.8037744801524171,-0.17069943233084076,-0.027379956273904105,-0.07683143863287745,-0.025054565205037793,-0.15484005760439157,-0.05299749174133761,-0.1753122600492243,-0.04505446922598311,-0.1616157423974287,-0.05553284436317285,-0.16058687646160563,0.0,0.0,-0.014116373641703372,-0.08150289935932342,-0.049820436190536554,-0.20207191798541113,False,False,False
60,252,near_high_high_volume_low_rsi,-1,1,1,-1,0.5,2,0.0005,0.1723727116448237,0.8280182395165477,-0.2316674972111924,-0.04318045546923854,-0.17302060601467384,-0.026707069245403448,-0.1034848806974169,0,1,-0.04164838138505811,-0.14343021367221942,-0.8329676277011622,-0.2003239202993902,-0.08201974631912567,-0.46939785983737015,-0.03945584707678562,-0.21167843508633122,-0.06768445407776635,-0.23368359988869392,-0.0793828036810913,-0.31461208676775265,-0.015612308692349863,-0.04890684473074591,0.0,0.0,-0.00837914172179599,-0.053176827455744924,0.007603162960814425,0.03213652629354535,False,False,False
60,252,near_high_high_volume_low_rsi,-1,1,1,-1,0.5,3,0.0005,0.15847400514936427,0.7725424233875803,-0.2064829853233373,-0.05707916196469798,-0.2284964221436413,-0.013464992112011576,-0.051324086170035255,0,1,-0.0625277114334285,-0.24475824445688338,-1.25055422866857,-0.2648031700433978,-0.09159912917341928,-0.5197934087875131,-0.05846238792558256,-0.3072752045123551,-0.07775351721745039,-0.25828481042047247,0.007012835730526357,0.03511196273388739,-0.010182190125108237,-0.03524779854702176,0.0,0.0,-0.04730190564940662,-0.2312316784932943,0.00011419968888093379,-0.0005552960455148526,False,False,False
60,252,near_high_high_volume_low_rsi,-1,1,1,-1,0.5,5,0.0005,0.19821567591415667,0.936510322249371,-0.2198883180886163,-0.017337491199905575,-0.06452852328185055,-0.017337491199905575,-0.06452852328185055,1,1,-8.443359213949897e-05,-0.001100318119024557,-0.005501590595122785,-0.08043255143048424,-0.00016886718427899794,-0.002200636238049114,-0.00016886718427899794,-0.002200636238049114,-0.09337277898719232,-0.3551389901580124,-0.09337277898719232,-0.3551389901580124,0.0,0.0,0.0,0.0,0.018747040357519396,0.0876360287428034,0.018747040357519396,0.0876360287428034,False,False,False
60,252,near_high_high_volume_low_rsi,-1,1,1,-1,0.5,10,0.0005,0.2720196274605855,1.1772961372159774,-0.19672816700819507,0.05646646034652325,0.1762572916847558,-0.008890603758342719,-0.027542819039833022,3,2,0.06558615250406885,0.2920024602104933,1.311723050081377,0.17607437760441882,-0.157753362483684,-0.9018720633539461,-0.03207629777761034,-0.1549435178955304,0.032372664301372645,0.18265728893058464,0.001650035371079106,0.014241531256945716,0.2991649190740633,0.7370732795857279,0.0,0.0,0.09879964070676506,0.401347631490402,0.0019853248286314518,0.017063833631288494,True,False,False
60,252,near_high_high_volume_low_rsi,-1,1,1,-1,1.0,1,0.0005,0.1073000503124566,0.5794283217348379,-0.2650481399503781,-0.10825311680160565,-0.42161052379638364,-0.10135192058222153,-0.39533677883962415,0,0,-0.13211805579301994,-0.46864056322482195,-2.642361115860399,-0.502210745733661,-0.0189723833454285,-0.03964237390160119,-0.01664699227656219,-0.11765099287311531,-0.12904657124882335,-0.5014952232365301,-0.12110354873346885,-0.4877987055847345,-0.14691585449436384,-0.4357859032131138,-0.09138301013119099,-0.27519902675150815,-0.13518954033721653,-0.6400662046710416,-0.1708936028860497,-0.7606352232971293,False,False,False
60,252,near_high_high_volume_low_rsi,-1,1,1,-1,1.0,2,0.0005,0.16626069932570853,0.8115957071574079,-0.2146106899355631,-0.04929246778835372,-0.18944313837381366,-0.032819081564518626,-0.11990741305655672,0,0,-0.05314311506260638,-0.22364649416015603,-1.11823247080078,-0.22867893081000332,-0.0584068282106176,-0.34841544623362797,-0.015842928968277548,-0.09069602148258904,-0.015417118825678422,-0.07172323840647121,-0.027115468429003364,-0.15265172528552995,-0.047879401914595165,-0.13359987108154303,-0.0322670932222453,-0.08469302635079712,-0.06997865308891793,-0.313693117238769,-0.053996348406307515,-0.22837976348947875,False,False,False
60,252,near_high_high_volume_low_rsi,-1,1,1,-1,1.0,3,0.0005,0.10595612389322695,0.5684072485525544,-0.27180503947801293,-0.1095970432208353,-0.43263159697866715,-0.0659828733681489,-0.2554592610050611,0,1,-0.1246691041037119,-0.43959166103939074,-2.493382082074238,-0.5084455250098036,-0.004769423735533573,-0.06360451223321206,0.028367317512303147,0.14891369204194593,-0.1621791857549979,-0.628948510100509,-0.07741283280702116,-0.33555173694614915,-0.0871590224524259,-0.25023481197827246,-0.07697683232731767,-0.2149870134312507,-0.17595456789791142,-0.8447635953633328,-0.12853846255962387,-0.6140872129155535,False,False,False
60,252,near_high_high_volume_low_rsi,-1,1,1,-1,1.0,5,0.0005,0.18555105996818178,0.871447670300047,-0.20257001570842093,-0.030002107145880474,-0.12959117523117458,-0.030002107145880474,-0.12959117523117458,1,1,-0.060966786029752806,-0.28871721818808904,-1.4435860909404452,-0.1391865753937382,-0.09218683538052552,-0.5760978254341909,-0.09218683538052552,-0.5760978254341909,-0.02974673667898009,-0.10442461286010096,-0.02974673667898009,-0.10442461286010096,0.12785571176311095,0.3422300188408284,0.12785571176311095,0.3422300188408284,-0.10175655759959379,-0.4730098235160771,-0.10175655759959379,-0.4730098235160771,False,False,False
60,252,near_high_high_volume_low_rsi,-1,1,1,-1,1.0,10,0.0005,0.18362528209024287,0.8496483180631226,-0.21836732208694298,-0.03192788502381938,-0.151390527468099,-0.09728494912868535,-0.3551906381926878,1,0,-0.045084520686367036,-0.2154195708100526,-1.077097854050263,-0.1512334193062813,-0.18727330731379221,-1.0469493780218633,-0.061596242607718565,-0.3000208325634476,-0.005589999986877814,-0.04153076442078696,-0.03631262891717135,-0.20994652209442588,0.1950376891079182,0.488318300036258,-0.1041272299661451,-0.2487549795494699,-0.08457904138585626,-0.38930837719931827,-0.18139335726398986,-0.7735921750584318,False,False,False
60,252,near_high_low_volume_high_rsi,-1,1,-1,1,0.25,1,0.0005,0.20865197089467813,0.9747651005744621,-0.26077643000923156,-0.00690119621938412,-0.026273744956759493,0.0,0.0,1,0,-0.005134206792110407,0.03215605065985927,-0.10268413584220815,-0.032016213502129985,-0.0023253910688663115,0.07800861897151412,0.0,0.0,-0.007943022515354503,-0.013696517651795581,0.0,0.0,-0.05553284436317285,-0.16058687646160563,0.0,0.0,0.03570406254883318,0.12056901862608771,0.0,0.0,False,False,False
60,252,near_high_low_volume_high_rsi,-1,1,-1,1,0.25,2,0.0005,0.19907978089022715,0.9315031202139646,-0.23166749721119217,-0.016473386223835096,-0.06953572531725694,0.0,0.0,1,0,-0.01579730668748014,-0.0671100992400181,-0.3355504962000905,-0.07642377258654719,-0.04256389924234005,-0.25771942475103893,0.0,0.0,0.011698349603324942,0.08092848687905874,0.0,0.0,-0.015612308692349863,-0.04890684473074591,0.0,0.0,-0.015982304682610415,-0.08531335374929028,0.0,0.0,False,False,False
60,252,near_high_low_volume_high_rsi,-1,1,-1,1,0.25,3,0.0005,0.17193899726137585,0.8238665095576155,-0.20648298532333742,-0.0436141698526864,-0.17717233597360604,0.0,0.0,0,0,-0.040276423293062136,-0.22159729336146872,-1.1079864668073436,-0.20233601963086675,-0.03313674124783672,-0.212518204275158,0.0,0.0,-0.08476635294797674,-0.29339677315435986,0.0,0.0,-0.010182190125108237,-0.03524779854702176,0.0,0.0,-0.04741610533828755,-0.23067638244777944,0.0,0.0,False,False,False
60,252,near_high_low_volume_high_rsi,-1,1,-1,1,0.25,5,0.0005,0.21555316711406225,1.0010388455312216,-0.21988831808861653,0.0,0.0,0.0,0.0,0,0,0.0,0.0,0.0,0.0,0.0,0.0,0.0,0.0,0.0,0.0,0.0,0.0,0.0,0.0,0.0,0.0,0.0,0.0,0.0,0.0,False,False,False
60,252,near_high_low_volume_high_rsi,-1,1,-1,1,0.25,10,0.0005,0.2809102312189282,1.2048389562558104,-0.19672816700819518,0.06535706410486597,0.2038001107245888,0.0,0.0,3,0,0.06376847240421357,0.2763497777663762,1.2753694480842714,0.2035886136031396,-0.12567706470607365,-0.7469285454584156,0.0,0.0,0.03072262893029354,0.16841575767363892,0.0,0.0,0.2991649190740633,0.7370732795857279,0.0,0.0,0.0968143158781336,0.3842837978591135,0.0,0.0,True,False,False
60,252,near_high_low_volume_high_rsi,-1,1,-1,1,0.5,1,0.0005,0.18665634797927133,0.8959293792799953,-0.26077643000923134,-0.02889681913479092,-0.1051094662512263,-0.0219956229154068,-0.07883572129446681,1,0,-0.04028909599287511,-0.10555497316471857,-0.8057819198575022,-0.1340588937832672,-0.021946545501597026,-0.04430735631098748,-0.019621154432730714,-0.1223159752825016,-0.07647906333627352,-0.2587172853035733,-0.06853604082091902,-0.24502076765177772,-0.0586316464841532,-0.16680259001844966,-0.0030988021209803485,-0.006215713556844027,0.03548228092745154,0.12364512139349215,-0.0002217816213816448,0.0030761027674044428,False,False,False
60,252,near_high_low_volume_high_rsi,-1,1,-1,1,0.5,2,0.0005,0.178597846400824,0.8624681286589867,-0.2316674972111924,-0.03695532071323826,-0.13857071687223488,-0.020481934489403164,-0.06903499155497794,1,2,-0.028364640749143688,-0.16965406913216907,-0.8482703456608454,-0.1714441091634852,-0.04542413336425466,-0.2762860466012942,-0.0028602341219146066,-0.01856662185025526,-0.10845577219471125,-0.38251420692006133,-0.1201541217980362,-0.46344269379912006,0.01471968278483815,0.05250123187804845,0.030331991477188014,0.10140807660879436,-0.011305148134032716,-0.06302209166304396,0.004677156548577699,0.022291262086246322,False,False,False
60,252,near_high_low_volume_high_rsi,-1,1,-1,1,0.5,3,0.0005,0.15447667918292196,0.7663179507390984,-0.20648298532333675,-0.06107648793114029,-0.2347208947921232,-0.017462318078453887,-0.05754855881851717,1,2,-0.04688284893458394,-0.26574454650972845,-1.3287227325486421,-0.28334767124447313,-0.05666067366518601,-0.34639032828916416,-0.02352393241734929,-0.13387212401400617,-0.19519083691119432,-0.753862894171897,-0.11042448396321758,-0.46046612101753714,0.046761163279775975,0.1509674095374215,0.05694335340488421,0.18621520808444325,-0.03710502420398187,-0.18509876473029274,0.010311081134305677,0.045577617717486696,False,False,False
60,252,near_high_low_volume_high_rsi,-1,1,-1,1,0.5,5,0.0005,0.17990124199038537,0.8885707161211358,-0.22348408986200352,-0.035651925123676875,-0.11246812941008577,-0.035651925123676875,-0.11246812941008577,3,3,0.010237293668013625,0.04488769561368744,0.2047458733602725,-0.16539736159298127,0.011696721556595291,0.05615198027780233,0.011696721556595291,0.05615198027780233,-0.2434920166256842,-0.9790066520741908,-0.2434920166256842,-0.9790066520741908,0.08785036711172522,0.30586942577934517,0.08785036711172522,0.30586942577934517,0.00877786577943196,0.03362341094957255,0.00877786577943196,0.03362341094957255,False,False,False
60,252,near_high_low_volume_high_rsi,-1,1,-1,1,0.5,10,0.0005,0.24657292649348372,1.1397430458645303,-0.1967281670081954,0.031019759379421474,0.13870420033330877,-0.034337304725444495,-0.06509591039128004,2,2,0.01613655006421344,0.007018705715493068,0.03509352857746534,0.13856025762886612,-0.059578943073033575,-0.3523457246562085,0.06609812163304007,0.39458282080220713,-0.18913936651455443,-0.7292020378027428,-0.21986199544484797,-0.8976177954763818,0.3201968198112404,0.9090199134440283,0.02103190073717709,0.17194663385830045,0.09185204320146045,0.36638313608719464,-0.004962272676673152,-0.017900661771918847,False,False,False
60,252,near_high_low_volume_high_rsi,-1,1,-1,1,1.0,1,0.0005,0.13182018782561933,0.6901160673683028,-0.23005180169724893,-0.08373297928844292,-0.3109227781629188,-0.0768317830690588,-0.2846490332061593,1,1,-0.12637169479155091,-0.6271995267362089,-3.1359976336810447,-0.38845627002146865,-0.12165139311251716,-0.6412765128492723,-0.11932600204365085,-0.7192851318207865,-0.16838264735135944,-0.6501823574900581,-0.16043962483600493,-0.6364858398382626,0.10752519442130049,0.3484951797255703,0.16305803878447334,0.509082056187176,-0.13109199647058467,-0.6131225406231456,-0.16679605901941785,-0.7336915592492333,False,False,False
60,252,near_high_low_volume_high_rsi,-1,1,-1,1,1.0,2,0.0005,0.10861792208313137,0.5865033708910025,-0.23744150926340335,-0.10693524503093088,-0.4145354746402191,-0.09046185880709579,-0.3449997493229622,1,1,-0.14102453559482053,-0.6377176890834163,-3.188588445417081,-0.4960968398777688,-0.16317606188030687,-0.922796974336349,-0.12061216263796681,-0.6650775495853101,-0.18399986671644508,-0.7195536078825948,-0.19569821631977002,-0.8004820947616536,0.05276933270181172,0.19508022441253214,0.06838164139416159,0.24398706914327806,-0.1188730093093342,-0.5558817702842378,-0.10289070462672378,-0.47056841653494746,False,False,False
60,252,near_high_low_volume_high_rsi,-1,1,-1,1,1.0,3,0.0005,0.10524462661980882,0.5722282031099462,-0.27447581360071893,-0.11030854049425343,-0.4288106424212754,-0.06669437064156702,-0.2516383064476694,1,1,-0.13334808946576981,-0.6845447427898953,-3.4227237139494764,-0.5117463221307367,-0.11690076273320482,-0.6665561332480896,-0.0837640214853681,-0.4540379289729316,-0.19214295206339882,-0.7500712269074581,-0.10737659911542208,-0.45667445375309823,0.029545433505746788,0.13759846621466665,0.039727623630855025,0.1728462647616884,-0.1497954161983348,-0.702533352331701,-0.10237931086004726,-0.4718569698839216,False,False,False
60,252,near_high_low_volume_high_rsi,-1,1,-1,1,1.0,5,0.0005,0.1095596454138672,0.6103212354121618,-0.3029131765079027,-0.10599352170019505,-0.3907176101190598,-0.10599352170019505,-0.3907176101190598,1,1,-0.07659044138297222,-0.3785778869908765,-1.8928894349543826,-0.4917279718933912,-0.06248174177438459,-0.334894904862878,-0.06248174177438459,-0.334894904862878,-0.2922864603307107,-1.2096136592912836,-0.2922864603307107,-1.2096136592912836,0.03082291402002979,0.23201724707234217,0.03082291402002979,0.23201724707234217,-0.09069914099155985,-0.42226086911887506,-0.09069914099155985,-0.42226086911887506,False,False,False
60,252,near_high_low_volume_high_rsi,-1,1,-1,1,1.0,10,0.0005,0.1862858496646782,0.9104550131004768,-0.2706675384156271,-0.029267317449384045,-0.09058383243074475,-0.09462438155425001,-0.29438394315533356,1,1,-0.06776740276044857,-0.3508368344444476,-1.7541841722222378,-0.13577771944263262,-0.07527879371755652,-0.42020761426364317,0.050398270988517124,0.32672093119477247,-0.14432284655061078,-0.5703477330483006,-0.17504547548090432,-0.7387634907219395,0.18452305033192817,0.6085539462369348,-0.11464186874213511,-0.12851933334879306,-0.060256011803340614,-0.28146605462525204,-0.15707032768147422,-0.6657498524843655,False,False,False
60,252,near_high_low_volume_low_rsi,-1,1,-1,-1,0.25,1,0.0005,0.20865197089467813,0.9747651005744621,-0.26077643000923156,-0.00690119621938412,-0.026273744956759493,0.0,0.0,1,0,-0.005134206792110407,0.03215605065985927,-0.10268413584220815,-0.032016213502129985,-0.0023253910688663115,0.07800861897151412,0.0,0.0,-0.007943022515354503,-0.013696517651795581,0.0,0.0,-0.05553284436317285,-0.16058687646160563,0.0,0.0,0.03570406254883318,0.12056901862608771,0.0,0.0,False,False,False
60,252,near_high_low_volume_low_rsi,-1,1,-1,-1,0.25,2,0.0005,0.19907978089022715,0.9315031202139646,-0.23166749721119217,-0.016473386223835096,-0.06953572531725694,0.0,0.0,1,0,-0.01579730668748014,-0.0671100992400181,-0.3355504962000905,-0.07642377258654719,-0.04256389924234005,-0.25771942475103893,0.0,0.0,0.011698349603324942,0.08092848687905874,0.0,0.0,-0.015612308692349863,-0.04890684473074591,0.0,0.0,-0.015982304682610415,-0.08531335374929028,0.0,0.0,False,False,False
60,252,near_high_low_volume_low_rsi,-1,1,-1,-1,0.25,3,0.0005,0.17193899726137585,0.8238665095576155,-0.20648298532333742,-0.0436141698526864,-0.17717233597360604,0.0,0.0,0,0,-0.040276423293062136,-0.22159729336146872,-1.1079864668073436,-0.20233601963086675,-0.03313674124783672,-0.212518204275158,0.0,0.0,-0.08476635294797674,-0.29339677315435986,0.0,0.0,-0.010182190125108237,-0.03524779854702176,0.0,0.0,-0.04741610533828755,-0.23067638244777944,0.0,0.0,False,False,False
60,252,near_high_low_volume_low_rsi,-1,1,-1,-1,0.25,5,0.0005,0.21555316711406225,1.0010388455312216,-0.21988831808861653,0.0,0.0,0.0,0.0,0,0,0.0,0.0,0.0,0.0,0.0,0.0,0.0,0.0,0.0,0.0,0.0,0.0,0.0,0.0,0.0,0.0,0.0,0.0,0.0,0.0,False,False,False
60,252,near_high_low_volume_low_rsi,-1,1,-1,-1,0.25,10,0.0005,0.2809102312189282,1.2048389562558104,-0.19672816700819518,0.06535706410486597,0.2038001107245888,0.0,0.0,3,0,0.06376847240421357,0.2763497777663762,1.2753694480842714,0.2035886136031396,-0.12567706470607365,-0.7469285454584156,0.0,0.0,0.03072262893029354,0.16841575767363892,0.0,0.0,0.2991649190740633,0.7370732795857279,0.0,0.0,0.0968143158781336,0.3842837978591135,0.0,0.0,True,False,False
60,252,near_high_low_volume_low_rsi,-1,1,-1,-1,0.5,1,0.0005,0.220748048202696,1.0398454791318894,-0.26077643000923156,0.0051948810886337515,0.03880663360066783,0.012096077308017872,0.06508037855742732,2,3,-0.0035513877260138216,0.048922737678869455,-0.07102775452027643,0.024100230853415505,0.0040277895403182384,0.11512310137874349,0.00635318060918455,0.037114482407229366,-0.011130564992345882,-0.017277626021004577,-0.0031875424769913785,-0.0035811083692089962,-0.0265164594908891,-0.05145372438031137,0.02901638487228375,0.10913315208129426,0.0506282786171921,0.18643699262167324,0.01492421606835892,0.06586797399558553,False,True,False
60,252,near_high_low_volume_low_rsi,-1,1,-1,-1,0.5,2,0.0005,0.20040205117629162,0.9544266510477585,-0.23166749721119217,-0.015151115937770632,-0.0466121944834631,0.0013222702860644642,0.022923530833793837,1,3,-0.021088499705938513,-0.11222113475546397,-0.5611056737773198,-0.070289461020785,-0.04182522290597768,-0.25431906988887676,0.0007386763363623761,0.0034003548621621693,-0.06127113198030654,-0.20841587585120558,-0.07296948158363148,-0.2893443627302643,0.0426397194953716,0.15609487646937492,0.05825202818772146,0.20500172120012083,-0.0003517765058993483,-0.01602639365972236,0.015630528176711067,0.06928696008956792,False,True,False
60,252,near_high_low_volume_low_rsi,-1,1,-1,-1,0.5,3,0.0005,0.17674694693040638,0.8625706802083578,-0.2064829853233371,-0.03880622018365587,-0.13846816532286377,0.004807949669030531,0.038704170650742276,1,2,-0.023056985324673485,-0.1455574069514719,-0.7277870347573595,-0.1800308513357224,-0.03313674124783672,-0.212518204275158,0.0,0.0,-0.12116219741149026,-0.44333530529338827,-0.036395844463513516,-0.1499385321390284,0.008588899133269878,0.0639831964239228,0.018771089258378115,0.09923099497094456,-0.012977229401510249,-0.07859660962778581,0.0344388759367773,0.15207977281999363,False,False,False
60,252,near_high_low_volume_low_rsi,-1,1,-1,-1,0.5,5,0.0005,0.19211673326134115,0.9209454519807552,-0.21988831808861653,-0.023436433852721095,-0.08009339355046641,-0.023436433852721095,-0.08009339355046641,1,1,-0.023911658304549888,-0.08858323071017404,-0.47823316609099775,-0.10872692879673374,-0.000926795294137861,-0.005248915189784986,-0.000926795294137861,-0.005248915189784986,-0.046896521314961914,-0.1719175462305631,-0.046896521314961914,-0.1719175462305631,-0.0861364260604005,-0.24138528125868064,-0.0861364260604005,-0.24138528125868064,0.03594841238961366,0.16344764602942474,0.03594841238961366,0.16344764602942474,False,False,False
60,252,near_high_low_volume_low_rsi,-1,1,-1,-1,0.5,10,0.0005,0.2963363978474205,1.32799657140272,-0.19672816700819584,0.08078323073335825,0.3269577258714984,0.015426166628492277,0.1231576151469096,2,3,0.04235620629683068,0.19816853512016258,0.8471241259366136,0.3266184197856894,-0.05113249076906423,-0.30813943540735955,0.07454457393700942,0.4387891100510561,-0.05372027435991056,-0.14987916316223693,-0.0844429032902041,-0.31829492083587585,0.3201968198112404,0.9090199134440283,0.02103190073717709,0.17194663385830045,0.1358449033627256,0.5462162334025621,0.03903058748459198,0.1619324355434486,False,True,False
60,252,near_high_low_volume_low_rsi,-1,1,-1,-1,1.0,1,0.0005,0.14069249695692831,0.7383621485990307,-0.2300924616868396,-0.07486067015713394,-0.26267669693219087,-0.06795947393774981,-0.23640295197543137,1,1,-0.10530624026361779,-0.4621385220339884,-2.310692610169942,-0.34729561694410466,-0.12490017961708122,-0.6631717191412146,-0.12257478854821491,-0.7411803381127288,-0.13728267670361083,-0.5244940876736593,-0.12933965418825633,-0.5107975700218638,0.058689419128124864,0.26088762106580476,0.11422226349129772,0.4214744975274104,-0.08571230091015436,-0.39978295639431743,-0.12141636345898754,-0.5203519750204051,False,False,False
60,252,near_high_low_volume_low_rsi,-1,1,-1,-1,1.0,2,0.0005,0.1444725511162348,0.7430477035617294,-0.23744150926340335,-0.07108061599782745,-0.25799114196949213,-0.05460722977399235,-0.1884554166522352,1,1,-0.0882483989099937,-0.3522163588193193,-1.764967978199874,-0.32975908890364103,-0.1683610858690907,-0.9528955067669335,-0.12579718662675066,-0.6951760820158945,-0.1402345888702956,-0.5285555544012045,-0.15193293847362055,-0.6094840412802632,0.07344709318091591,0.2928206512540682,0.08905940187326578,0.3417274959848141,-0.03626220894969179,-0.17587716323743408,-0.020279904267081372,-0.0905638094881438,False,False,False
60,252,near_high_low_volume_low_rsi,-1,1,-1,-1,1.0,3,0.0005,0.16235842220774588,0.8099482240272836,-0.22663873891690656,-0.05319474490631637,-0.19109062150393796,-0.00958057505362997,-0.01391828553033192,1,2,-0.07836603955648525,-0.4301282707251616,-2.1506413536258076,-0.24678247885899912,-0.11213045504316344,-0.6425774118033578,-0.07899371379532671,-0.4300592075281998,-0.18517099500757972,-0.7275798946160862,-0.10040464205960298,-0.43418312146172633,0.1476730305192555,0.5076569022698566,0.15785522064436375,0.5429047008168784,-0.044601624069807055,-0.21767912964696529,0.0028144812684804954,0.012997252800814152,False,False,False
60,252,near_high_low_volume_low_rsi,-1,1,-1,-1,1.0,5,0.0005,0.1672932790895738,0.8326760437294753,-0.18883874331360995,-0.04825988802448844,-0.16836280180174623,-0.04825988802448844,-0.16836280180174623,1,1,-0.028149039618144633,-0.09987023342228823,-0.5629807923628927,-0.22388855923861795,-0.03671732981723452,-0.19837096147881628,-0.03671732981723452,-0.19837096147881628,-0.2106788139661393,-0.8514918669225919,-0.2106788139661393,-0.8514918669225919,-0.019580749419054744,-0.001369505365760193,-0.019580749419054744,-0.001369505365760193,0.07014443046638652,0.29236481645783263,0.07014443046638652,0.29236481645783263,False,False,False
60,252,near_high_low_volume_low_rsi,-1,1,-1,-1,1.0,10,0.0005,0.20098333887619702,0.9492144705645494,-0.23291620901595478,-0.014569828237865234,-0.05182437496667214,-0.0799268923427312,-0.25562448569126095,1,1,-0.058702073080953876,-0.31666143606947045,-1.5833071803473522,-0.06759273562496744,-0.08766790574989258,-0.48841857008347855,0.038009158956181066,0.2585099753749371,-0.1945224053360839,-0.7954649117270828,-0.22524503426637743,-0.9638806694007217,0.29749308387164497,0.847291440928771,-0.0016718352024183147,0.11021816134304308,-0.02973624041201517,-0.14490430205546234,-0.12655055629014877,-0.5291880999145758,False,False,False
60,252,pullback_high_volume_high_rsi,1,-1,1,1,0.25,1,0.0005,0.20865197089467813,0.9747651005744621,-0.26077643000923156,-0.00690119621938412,-0.026273744956759493,0.0,0.0,1,0,-0.005134206792110407,0.03215605065985927,-0.10268413584220815,-0.032016213502129985,-0.0023253910688663115,0.07800861897151412,0.0,0.0,-0.007943022515354503,-0.013696517651795581,0.0,0.0,-0.05553284436317285,-0.16058687646160563,0.0,0.0,0.03570406254883318,0.12056901862608771,0.0,0.0,False,False,False
60,252,pullback_high_volume_high_rsi,1,-1,1,1,0.25,2,0.0005,0.19907978089022715,0.9315031202139646,-0.23166749721119217,-0.016473386223835096,-0.06953572531725694,0.0,0.0,1,0,-0.01579730668748014,-0.0671100992400181,-0.3355504962000905,-0.07642377258654719,-0.04256389924234005,-0.25771942475103893,0.0,0.0,0.011698349603324942,0.08092848687905874,0.0,0.0,-0.015612308692349863,-0.04890684473074591,0.0,0.0,-0.015982304682610415,-0.08531335374929028,0.0,0.0,False,False,False
60,252,pullback_high_volume_high_rsi,1,-1,1,1,0.25,3,0.0005,0.17193899726137585,0.8238665095576155,-0.20648298532333742,-0.0436141698526864,-0.17717233597360604,0.0,0.0,0,0,-0.040276423293062136,-0.22159729336146872,-1.1079864668073436,-0.20233601963086675,-0.03313674124783672,-0.212518204275158,0.0,0.0,-0.08476635294797674,-0.29339677315435986,0.0,0.0,-0.010182190125108237,-0.03524779854702176,0.0,0.0,-0.04741610533828755,-0.23067638244777944,0.0,0.0,False,False,False
60,252,pullback_high_volume_high_rsi,1,-1,1,1,0.25,5,0.0005,0.21555316711406225,1.0010388455312216,-0.21988831808861653,0.0,0.0,0.0,0.0,0,0,0.0,0.0,0.0,0.0,0.0,0.0,0.0,0.0,0.0,0.0,0.0,0.0,0.0,0.0,0.0,0.0,0.0,0.0,0.0,0.0,False,False,False
60,252,pullback_high_volume_high_rsi,1,-1,1,1,0.25,10,0.0005,0.2809102312189282,1.2048389562558104,-0.19672816700819518,0.06535706410486597,0.2038001107245888,0.0,0.0,3,0,0.06376847240421357,0.2763497777663762,1.2753694480842714,0.2035886136031396,-0.12567706470607365,-0.7469285454584156,0.0,0.0,0.03072262893029354,0.16841575767363892,0.0,0.0,0.2991649190740633,0.7370732795857279,0.0,0.0,0.0968143158781336,0.3842837978591135,0.0,0.0,True,False,False
60,252,pullback_high_volume_high_rsi,1,-1,1,1,0.5,1,0.0005,0.15816485956573634,0.7658693466780961,-0.26077643000923134,-0.05738830754832591,-0.23516949885312544,-0.05048711132894179,-0.20889575389636594,1,1,-0.04458875686148023,-0.2284554497656323,-1.1422772488281614,-0.26623736647746993,-0.06801471860458741,-0.32884714873124077,-0.0656893275357211,-0.4068557677027549,-0.15353026344990606,-0.6119841906372667,-0.14558724093455155,-0.5982876729854711,0.010718081322631967,0.016976188272613157,0.06625092568580482,0.1775630647342188,-0.021162795118373046,-0.12806375080002386,-0.05686685766720623,-0.24863276942611157,False,False,False
60,252,pullback_high_volume_high_rsi,1,-1,1,1,0.5,2,0.0005,0.1627779291264959,0.7789994594759643,-0.23166749721119217,-0.05277523798756634,-0.2220393860552573,-0.03630185176373124,-0.15250366073800037,1,1,-0.07140572451762472,-0.33354242762289665,-1.6677121381144833,-0.24483629117655117,-0.11137930071260582,-0.6360031427003984,-0.06881540147026577,-0.37828371794935944,-0.1263085518722522,-0.5074127028580921,-0.13800690147557715,-0.5883411897371509,0.06366796033850797,0.1600857410479316,0.07928026903085783,0.20899258577867752,-0.03143214832264363,-0.15967215238770116,-0.015449843640033212,-0.07435879863841088,False,False,False
60,252,pullback_high_volume_high_rsi,1,-1,1,1,0.5,3,0.0005,0.10360323382629955,0.5483072237840084,-0.2415905613992405,-0.1119499332877627,-0.45273162174721315,-0.0683357634350763,-0.2755592857736071,0,0,-0.1164181483357527,-0.5843554993443969,-2.9217774967219845,-0.5193611153415492,-0.12431440750627476,-0.71468626082266,-0.09117766625843804,-0.502168056547502,-0.17016472121479587,-0.6626081944625702,-0.08539836826681912,-0.3692114213082104,-0.04415198975646595,-0.13464120771515842,-0.03396979963135771,-0.09939340916813666,-0.10852188916523064,-0.5061028042262234,-0.061105783826943094,-0.275426421778444,False,False,False
60,252,pullback_high_volume_high_rsi,1,-1,1,1,0.5,5,0.0005,0.15199453412663733,0.7459333477708566,-0.21988831808861664,-0.06355863298742492,-0.25510549776036495,-0.06355863298742492,-0.25510549776036495,1,1,-0.08213248035317455,-0.342558497058171,-1.712792485290855,-0.29486290476906885,-0.11048582216593172,-0.6384085704359516,-0.11048582216593172,-0.6384085704359516,-0.08000479213792633,-0.29471754649457726,-0.08000479213792633,-0.29471754649457726,0.028556616164534976,0.07141559432001476,0.028556616164534976,0.07141559432001476,-0.08426016856842278,-0.3903994476217647,-0.08426016856842278,-0.3903994476217647,False,False,False
60,252,pullback_high_volume_high_rsi,1,-1,1,1,0.5,10,0.0005,0.22174924720472244,0.9719546643451895,-0.3229559385017896,0.006196080090660194,-0.029084181186032065,-0.059160984014205775,-0.23288429191062088,2,0,0.04963046284844119,0.2047735880091473,0.9926092569688238,-0.029053998569454068,-0.2825245692265813,-1.4859850845309552,-0.15684750452050766,-0.7390565390725395,-0.002833061540063575,0.03458762441863916,-0.033555690470357113,-0.13382813325499976,0.2866446236339413,0.7088018636155248,-0.012520295440122009,-0.028271415970203106,0.10209398723694596,0.37495955159965544,0.0052796713588123545,-0.009324246259458047,False,False,False
60,252,pullback_high_volume_high_rsi,1,-1,1,1,1.0,1,0.0005,0.059935446532877856,0.3658848530603696,-0.30121293113018566,-0.1556177205811844,-0.635153992470852,-0.14871652436180027,-0.6088802475140924,0,0,-0.14499947239009792,-0.6728125098751463,-3.3640625493757312,-0.7219458784330347,-0.11529463885491631,-0.6851465038728279,-0.11296924778605,-0.7631551228443421,-0.22114695644223903,-0.9138687660865564,-0.21320393392688453,-0.9001722484347608,-0.14499120714680602,-0.4272107739877338,-0.08945836278363317,-0.2666238975261282,-0.1450077376333898,-0.6604785158774648,-0.180711800182223,-0.7810475345035525,False,False,False
60,252,pullback_high_volume_high_rsi,1,-1,1,1,1.0,2,0.0005,0.08573522370120967,0.46375346311430016,-0.3953545752642901,-0.12981794341285258,-0.5372853824169215,-0.11334455718901748,-0.4677496570996645,1,1,-0.15924592081937133,-0.8221335337721196,-4.110667668860597,-0.602254864314557,-0.22437540571874093,-1.2340650194441383,-0.18181150647640087,-0.9763455946930995,-0.09411643592000174,-0.4403666932977147,-0.10581478552332668,-0.5212951801767735,0.12246401113898608,0.3346803846245415,0.13807631983133595,0.38358722935528744,-0.261485678528924,-1.2039003742465244,-0.2455033738463136,-1.118587020497234,False,False,False
60,252,pullback_high_volume_high_rsi,1,-1,1,1,1.0,3,0.0005,0.15226231560685943,0.709590760960069,-0.3411096108299976,-0.06329085150720282,-0.29144808457115257,-0.019676681654516415,-0.11427574859754652,1,1,-0.09944290539680967,-0.5145810711264469,-2.5729053556322343,-0.2936206057863756,-0.05536703615978489,-0.4315813543242901,-0.022230294911948167,-0.21906315004913213,-0.14351877463383444,-0.5975807879286037,-0.0587524216858577,-0.30418401477424384,0.17276959436401085,0.4424682068349032,0.18295178448911908,0.47771600538192494,-0.18793418341410606,-0.8414381567722173,-0.1405180780758185,-0.6107617743244379,False,False,False
60,252,pullback_high_volume_high_rsi,1,-1,1,1,1.0,5,0.0005,0.0774576349640681,0.433660094552231,-0.2453989567833912,-0.13809553214999415,-0.5673787509789906,-0.13809553214999415,-0.5673787509789906,1,1,-0.18767433222193897,-0.7980707560615878,-3.990353780307939,-0.6406564746827377,-0.25971648272105974,-1.385804945029548,-0.25971648272105974,-1.385804945029548,-0.20161904032606892,-0.8095842430325003,-0.20161904032606892,-0.8095842430325003,0.12711995018859423,0.36275478438132003,0.12711995018859423,0.36275478438132003,-0.173729624117809,-0.7865572690906752,-0.173729624117809,-0.7865572690906752,False,False,False
60,252,pullback_high_volume_high_rsi,1,-1,1,1,1.0,10,0.0005,0.05536643959346832,0.3477711101743203,-0.4377535921882547,-0.16018672752059393,-0.6532677353569013,-0.2255437916254599,-0.8570678460814901,1,0,-0.15946278520423857,-0.8022052900430463,-4.0110264502152315,-0.7431425372461794,-0.22278794499490318,-1.2203578521577079,-0.09711088028882953,-0.4734293066992923,-0.09613762541357396,-0.38405272792838474,-0.1268602543438675,-0.5524684856020237,0.0906304023321749,0.2726328392176095,-0.2085345167418884,-0.4644404403681184,-0.3363535273377337,-1.597604275835649,-0.4331678432158673,-1.9818880736947626,False,False,False
60,252,pullback_high_volume_low_rsi,1,-1,1,-1,0.25,1,0.0005,0.23179333916638445,1.0566289453716164,-0.26077643000923145,0.0162401720523222,0.05559009984039487,0.02314136827170632,0.08186384479715436,2,3,0.006598251240121256,0.07932251922928779,0.1319650248024251,0.05553241024417475,0.02379417333454703,0.23400973257506874,0.026119564403413342,0.15600111360355462,0.11156622422819806,0.38361112143585663,0.11950924674355257,0.3973076390876522,-0.04730483237983241,-0.13674196805079508,0.008228011983340444,0.02384490841081055,-0.01059767085430452,-0.07536469411649316,-0.0463017334031377,-0.19593371274258087,False,True,False
60,252,pullback_high_volume_low_rsi,1,-1,1,-1,0.25,2,0.0005,0.24569679459252836,1.0909739945965684,-0.2316674972111924,0.030143627478466106,0.08993514906534683,0.0466170137023012,0.15947087438260377,3,4,0.021349367830843624,0.045108297361828975,0.22554148680914488,0.08984181729493317,0.007811162010631589,0.001350239200902159,0.05037506125297164,0.2590696639519411,0.09421823932049378,0.32590329156634246,0.08251988971716884,0.24497480468728372,0.03488757365105566,0.08886635552275579,0.05049988234340552,0.1377732002535017,-0.006357087207214285,-0.05773985949596938,0.00962521747539613,0.027573494253320896,True,True,False
60,252,pullback_high_volume_low_rsi,1,-1,1,-1,0.25,3,0.0005,0.19428365989381935,0.902709911574715,-0.23897068647252562,-0.0212695072202429,-0.09832893395650655,0.0223446626324435,0.0788434020170995,2,3,-0.0031084238228674677,-0.0079314759020358,-0.06216847645734935,-0.09867406498828159,0.02061850340331417,0.06364694516247926,0.05375524465115089,0.27616514943763726,-0.026835351049049105,-0.07950989696655086,0.057931001898927637,0.213886876187809,0.030014371764299996,0.07370686905829338,0.04019656188940823,0.10895466760531514,-0.09845449284703123,-0.46064379820734846,-0.05103838750874368,-0.22996741575956905,False,True,False
60,252,pullback_high_volume_low_rsi,1,-1,1,-1,0.25,5,0.0005,0.20781640757516295,0.9623302759716809,-0.25310553752177767,-0.007736759538899296,-0.03870856955954072,-0.007736759538899296,-0.03870856955954072,3,3,0.02580805350358517,0.09504573303226432,0.4752286651613216,-0.03866839906597154,0.04561608049618404,0.24449840921636223,0.04561608049618404,0.24449840921636223,0.05890157273551355,0.1747507995579185,0.05890157273551355,0.1747507995579185,0.0060000265109863005,0.015340666506610146,0.0060000265109863005,0.015340666506610146,-0.11976746930053661,-0.560071912917985,-0.11976746930053661,-0.560071912917985,False,False,False
60,252,pullback_high_volume_low_rsi,1,-1,1,-1,0.25,10,0.0005,0.2985774699495911,1.2434025363280272,-0.22102605493188354,0.08302430283552886,0.24236369079680564,0.017667238730662893,0.03856358007221683,2,3,0.0964848281134939,0.300486723639648,1.50243361819824,0.24211217364715795,-0.10491891570713174,-0.6478518598815362,0.020758148998941905,0.09907668557687949,0.20672711498440388,0.7005854555324746,0.17600448605411034,0.5321696978588357,0.3095382241916833,0.7589720310975571,0.010373305117620024,0.021898751511829184,-0.013757458757416074,-0.09961200825317862,-0.11057177463554968,-0.4838958061122921,False,True,False
60,252,pullback_high_volume_low_rsi,1,-1,1,-1,0.5,1,0.0005,0.1174745608484733,0.5908868434060387,-0.26077643000923123,-0.09807860626558895,-0.4101520021251829,-0.09117741004620483,-0.3838782571684234,1,1,-0.10403241322227985,-0.5596569576324322,-2.7982847881621606,-0.4550088851800058,-0.1431807474378186,-0.8154907607557282,-0.1408553563689523,-0.8934993797272424,-0.194117941314651,-0.7993735481012907,-0.18617491879929648,-0.7856770304494951,0.013624433482372522,0.019266719868097026,0.06915727784554537,0.17985359632970266,-0.06488407900674109,-0.31994036716357377,-0.10058814155557427,-0.4405093857896615,False,False,False
60,252,pullback_high_volume_low_rsi,1,-1,1,-1,0.5,2,0.0005,0.09929743114744749,0.5179054093119461,-0.258116115165797,-0.11625573596661476,-0.4831334362192755,-0.09978234974277966,-0.4135977109020186,1,1,-0.13647986998128847,-0.5971019458145652,-2.985509729072826,-0.5393367099315075,-0.1893389497486032,-1.0611040435225543,-0.14677505050626316,-0.8033846187715152,-0.16211670996198912,-0.6783696812521359,-0.17381505956531407,-0.7592981681311947,0.007879723627844948,0.0045612381253815615,0.02349203232019481,0.053468082856127475,-0.11084303000058782,-0.5158342103769944,-0.0948607253179774,-0.4305208566277041,False,False,False
60,252,pullback_high_volume_low_rsi,1,-1,1,-1,0.5,3,0.0005,0.12224936363036099,0.6050536381709599,-0.2645404609974228,-0.09330380348370126,-0.39598520736026166,-0.04968963363101486,-0.21881287138665562,1,1,-0.10878227572264909,-0.5440622854182547,-2.7203114270912736,-0.4328574928074639,-0.16653700437227248,-0.9452026069794343,-0.13340026312443576,-0.7326844027042763,-0.20262426341190554,-0.8259391452454177,-0.1178579104639288,-0.5325423720910578,0.0576771389944466,0.13704786706290573,0.06785932911955483,0.17229566560992748,-0.0510275470730257,-0.26218542559109176,-0.0036114417347381522,-0.03150904314331232,False,False,False
60,252,pullback_high_volume_low_rsi,1,-1,1,-1,0.5,5,0.0005,0.15101529943462566,0.7162018564007103,-0.21988831808861653,-0.06453786767943659,-0.28483698913051125,-0.06453786767943659,-0.28483698913051125,1,1,-0.08290791268914366,-0.34410876655132683,-1.720543832756634,-0.2994057964608133,-0.2067199906602022,-1.1306664675032132,-0.2067199906602022,-1.1306664675032132,-0.16772944443618631,-0.6540904897803241,-0.16772944443618631,-0.6540904897803241,0.14152671412687323,0.3658549596429822,0.14152671412687323,0.3658549596429822,0.0019136190578989964,-0.03412704332232952,0.0019136190578989964,-0.03412704332232952,False,False,False
60,252,pullback_high_volume_low_rsi,1,-1,1,-1,0.5,10,0.0005,0.17852170827218705,0.8108517070512156,-0.3022571320742976,-0.0370314588418752,-0.190187138480006,-0.10238852294674117,-0.3939872492045948,1,1,-0.10059929980300397,-0.478175115948897,-2.3908755797444847,-0.18998976845806553,-0.0985564894158899,-0.6110880378387405,0.027120575290183746,0.1358405076196751,-0.11826534117998966,-0.47673064120268727,-0.1489879701102832,-0.6451463988763262,0.20330559610183463,0.4805187604880391,-0.09585932297222866,-0.2565545190976888,-0.10264211019011804,-0.47961959069510673,-0.19945642606825165,-0.8639033885542202,False,False,False
60,252,pullback_high_volume_low_rsi,1,-1,1,-1,1.0,1,0.0005,0.008173445165361004,0.1530791300049701,-0.31307367959390986,-0.20737972194870125,-0.8479597155262515,-0.20047852572931713,-0.821685970569492,0,0,-0.21376043631423208,-0.7473944797690085,-4.275208726284641,-0.9620815352667217,-0.2752091744710732,-1.5521749796006352,-0.27288378340220687,-1.6301835985721493,-0.17384054272035,-0.704346387220885,-0.16589752020499549,-0.6906498695690895,-0.2536803299081142,-0.790442572317132,-0.19814748554494133,-0.6298556958555264,-0.1211136707269278,-0.5570101988320671,-0.15681773327576098,-0.6775792174581549,False,False,False
60,252,pullback_high_volume_low_rsi,1,-1,1,-1,1.0,2,0.0005,0.042878865856620596,0.296597939020249,-0.30046349718624754,-0.17267430125744165,-0.7044409065109726,-0.15620091503360656,-0.6349051811937156,0,0,-0.17862952005745308,-0.6492578736940144,-3.5725904011490615,-0.8010752222725135,-0.2676778996580914,-1.4787738707570062,-0.22511400041575136,-1.2210544460059671,-0.04220128121285982,-0.23457917497856662,-0.05389963081618476,-0.31550766185762535,-0.2254854084289446,-0.6954900140430104,-0.20987309973659474,-0.6465831693122644,-0.13177363168596157,-0.6030257333450184,-0.11579132700335115,-0.5177123795957281,False,False,False
60,252,pullback_high_volume_low_rsi,1,-1,1,-1,1.0,3,0.0005,0.007268014650710253,0.15012672741592717,-0.33189463815566245,-0.208285152463352,-0.8509121181152944,-0.1646709826106656,-0.6737397821416884,1,1,-0.1768178740096772,-0.6454549682834501,-3.536357480193544,-0.9662820326510707,-0.42911371965561185,-2.3396775657707236,-0.3959769784077751,-2.1271593614955653,0.024043755756229634,0.03313651516268856,0.10881010870420638,0.3265332883170484,-0.2200352668222858,-0.679163870172863,-0.20985307669717757,-0.6439160716258412,-0.13360048119706858,-0.6117460663940373,-0.08618437585878103,-0.38106968394625784,False,False,False
60,252,pullback_high_volume_low_rsi,1,-1,1,-1,1.0,5,0.0005,0.058044140041770165,0.35920021170183225,-0.29621637518187705,-0.15750902707229208,-0.6418386338293893,-0.15750902707229208,-0.6418386338293893,0,0,-0.13149753185127144,-0.5738550999961578,-2.869275499980789,-0.7307200779329979,-0.2816399746782875,-1.5639984104914069,-0.2816399746782875,-1.5639984104914069,-0.11340163082490151,-0.46426200405390206,-0.11340163082490151,-0.46426200405390206,-0.06309940237753642,-0.17367601338106708,-0.06309940237753642,-0.17367601338106708,-0.14959343287764137,-0.6834481959384134,-0.14959343287764137,-0.6834481959384134,False,False,False
60,252,pullback_high_volume_low_rsi,1,-1,1,-1,1.0,10,0.0005,0.07635455873406705,0.4417780079740772,-0.31711092305317357,-0.1391986083799952,-0.5592608375571444,-0.20455567248486117,-0.7630609482817332,1,0,-0.1747023265100786,-0.7876132005528346,-3.9380660027641725,-0.6457738953394119,-0.2632667256928136,-1.460801714319106,-0.13758966098673997,-0.7138731688606904,-0.09415034359838081,-0.3768134671807539,-0.12487297252867435,-0.5452292248543928,0.12179007703390843,0.4395001783153053,-0.17737484204015486,-0.2975731012704226,-0.2552543094217764,-1.1984129339249152,-0.35206862529991,-1.5826967317840286,False,False,False
60,252,pullback_low_volume_high_rsi,1,-1,-1,1,0.25,1,0.0005,0.19431303822812973,0.9183661705808255,-0.26077643000923123,-0.02124012888593252,-0.0826726749503961,-0.014338932666548398,-0.056398929993636604,1,0,-0.02892911771601958,-0.041289128745045756,-0.5785823543203916,-0.09853777223645746,-0.0023253910688663115,0.07800861897151412,0.0,0.0,-0.06878204198457794,-0.2583291442310667,-0.06083901946922343,-0.2446326265792711,-0.05553284436317285,-0.16058687646160563,0.0,0.0,0.03570406254883318,0.12056901862608771,0.0,0.0,False,False,False
60,252,pullback_low_volume_high_rsi,1,-1,-1,1,0.25,2,0.0005,0.18485440861264846,0.8758119531809091,-0.23166749721119229,-0.030698758501413792,-0.12522689235031248,-0.014225372277578696,-0.055691167033055544,0,0,-0.029273101962475234,-0.1273502665758598,-0.636751332879299,-0.14241849893659517,-0.04256389924234005,-0.25771942475103893,0.0,0.0,-0.050055180772221375,-0.1693871794024293,-0.06175353037554632,-0.25031566628148805,-0.015612308692349863,-0.04890684473074591,0.0,0.0,-0.015982304682610415,-0.08531335374929028,0.0,0.0,False,False,False
60,252,pullback_low_volume_high_rsi,1,-1,-1,1,0.25,3,0.0005,0.15803561169158709,0.7688759172668356,-0.20648298532333698,-0.057517555422475164,-0.232162928264386,-0.013903385569788762,-0.05499059229077996,0,0,-0.040276423293062136,-0.22159729336146872,-1.1079864668073436,-0.2668369766612575,-0.03313674124783672,-0.212518204275158,0.0,0.0,-0.14202844443496976,-0.5385494397925891,-0.057262091486993016,-0.2451526666382292,-0.010182190125108237,-0.03524779854702176,0.0,0.0,-0.04741610533828755,-0.23067638244777944,0.0,0.0,False,False,False
60,252,pullback_low_volume_high_rsi,1,-1,-1,1,0.25,5,0.0005,0.19317150910092185,0.9129164833297685,-0.21988831808861642,-0.022381658013140404,-0.08812236220145309,-0.022381658013140404,-0.08812236220145309,0,0,0.0,0.0,0.0,-0.10383358459909296,0.0,0.0,0.0,0.0,-0.09406910609295838,-0.37478291429125243,-0.09406910609295838,-0.37478291429125243,0.0,0.0,0.0,0.0,0.0,0.0,0.0,0.0,False,False,False
60,252,pullback_low_volume_high_rsi,1,-1,-1,1,0.25,10,0.0005,0.25828340952247264,1.1174074416043027,-0.19672816700819562,0.04273024240841039,0.11636859607308114,-0.02262682169645558,-0.08743151465150767,2,0,0.017538430013468664,0.07280782864086693,0.3507686002693733,0.11624783253174135,-0.12567706470607365,-0.7469285454584156,0.0,0.0,-0.06173745585119628,-0.23866814057737962,-0.09246008478148982,-0.40708389825101854,0.2991649190740633,0.7370732795857279,0.0,0.0,0.0968143158781336,0.3842837978591135,0.0,0.0,False,False,False
60,252,pullback_low_volume_high_rsi,1,-1,-1,1,0.5,1,0.0005,0.0620152587210987,0.3797227795982152,-0.2649910120216228,-0.15353790839296355,-0.6213160659330064,-0.14663671217357943,-0.5950423209762469,0,0,-0.1610287464525597,-0.579788739451993,-3.2205749290511942,-0.7122971582770451,-0.1759277604062175,-0.9958718354756539,-0.17360236933735118,-1.073880454447168,-0.1591058990626686,-0.6130081898771992,-0.15116287654731408,-0.5993116722254036,-0.16295159384245084,-0.48907687989834164,-0.10741874947927799,-0.328490003436736,-0.1172632279463357,-0.5465692890267869,-0.15296729049516888,-0.6671383076528746,False,False,False
60,252,pullback_low_volume_high_rsi,1,-1,-1,1,0.5,2,0.0005,0.10362772743330817,0.5455382612193904,-0.33184532494730434,-0.11192543968075408,-0.45550058431183116,-0.09545205345691898,-0.3859648589945742,0,0,-0.09338602860730333,-0.41768094260494404,-2.08840471302472,-0.5192474839468609,-0.21238915766364352,-1.1807706769944537,-0.16982525842130347,-0.9230512522434148,-0.044020108521675594,-0.165411060766969,-0.055718458125000536,-0.24633954764602772,-0.0246083988070267,-0.07494267116638376,-0.008996090114676836,-0.026035826435637843,-0.14275194869293106,-0.6699508244429191,-0.12676964401032065,-0.5846374706936288,False,False,False
60,252,pullback_low_volume_high_rsi,1,-1,-1,1,0.5,3,0.0005,0.09176674674168628,0.49867081303325506,-0.2902622161883056,-0.12378642037237597,-0.5023680324979665,-0.08017225051968957,-0.3251956965243605,0,0,-0.11355714248077198,-0.5733393930273292,-2.866696965136646,-0.5742732618114262,-0.1367676922161618,-0.7973594168865404,-0.10363095096832509,-0.5848412126113824,-0.18428974046069135,-0.7248700885508611,-0.09952338751271461,-0.43147331539650124,-0.08681236542157245,-0.2559089942899164,-0.07663017529646421,-0.22066119574289467,-0.09034659274538215,-0.4218086975037971,-0.0429304874070946,-0.1911323150560177,False,False,False
60,252,pullback_low_volume_high_rsi,1,-1,-1,1,0.5,5,0.0005,0.16745529143597082,0.7933446346494939,-0.21988831808861653,-0.04809787567809143,-0.20769421088172768,-0.04809787567809143,-0.20769421088172768,1,1,-0.07042979455609899,-0.2864670539457837,-1.4323352697289184,-0.22313694724160527,-0.13603021067928567,-0.7941071203670712,-0.13603021067928567,-0.7941071203670712,-0.10581175890730776,-0.41152363037655326,-0.10581175890730776,-0.41152363037655326,0.0976111367032031,0.2507075581755963,0.0976111367032031,0.2507075581755963,-0.03504783020489022,-0.16141047751501414,-0.03504783020489022,-0.16141047751501414,False,False,False
60,252,pullback_low_volume_high_rsi,1,-1,-1,1,0.5,10,0.0005,0.14096563619339086,0.6910758318101103,-0.21268097241689576,-0.07458753092067139,-0.30996301372111124,-0.13994459502553735,-0.5137631244457,2,0,-0.08794057641359954,-0.3680752517107771,-1.8403762585538854,-0.34602846211581106,-0.24093356599261895,-1.3293981090696136,-0.1152565012865453,-0.5824695636111981,-0.23121125695864042,-0.9241911618623244,-0.26193388588893396,-1.0926069195359633,0.15772404749472502,0.4132912093006792,-0.14144087157933827,-0.3237820702850487,0.05533010413144135,0.18804065844077023,-0.04148421174669226,-0.19624313941834326,False,False,False
60,252,pullback_low_volume_high_rsi,1,-1,-1,1,1.0,1,0.0005,0.07056849412472688,0.42472111474932006,-0.38777376652572704,-0.14498467298933537,-0.5763177307819015,-0.13808347676995125,-0.550043985825142,1,1,-0.1426495706418094,-0.6133433660637264,-3.066716830318632,-0.6726167605443496,-0.1487343850233156,-0.8434019492043658,-0.14640899395444928,-0.92141056817588,-0.3887940961506716,-1.702396145094425,-0.3808510736353171,-1.6886996274426294,-0.13656475626030318,-0.383284782923087,-0.08103191189713033,-0.22269790646148135,0.11105701137111423,0.3902112302595174,0.07535294882228105,0.2696422116334297,False,False,False
60,252,pullback_low_volume_high_rsi,1,-1,-1,1,1.0,2,0.0005,0.14587007752729142,0.7420388739966243,-0.3427281130748878,-0.06968308958677083,-0.2589999715345973,-0.053209703362935734,-0.18946424621734037,2,2,-0.03721899239267068,-0.2795226530954903,-1.3976132654774513,-0.3232756471163204,-0.1345814106867007,-0.7572423788397811,-0.09201751144436066,-0.4995229540887422,-0.31125644801593744,-1.301413644495679,-0.3229547976192624,-1.3823421313747377,0.13443188415133323,0.45857115958290107,0.1500441928436831,0.507478004313647,0.06014342590135935,0.1981970726488005,0.07612573058396976,0.28351042639809076,False,False,False
60,252,pullback_low_volume_high_rsi,1,-1,-1,1,1.0,3,0.0005,0.10401414530193986,0.5686003728399205,-0.37549625947010623,-0.11153902181212239,-0.4324384726913011,-0.06792485195943598,-0.25526613671769505,1,1,-0.09986881002968717,-0.5318033986125829,-2.659016993062914,-0.5174548038679493,-0.12263985927382759,-0.6958910413541106,-0.08950311802599087,-0.4833728370789527,-0.33271506880103896,-1.4060100105697293,-0.24794871585306222,-1.1126132374153694,0.11258493989571328,0.42175132030297424,0.12276713002082151,0.456999118849996,-0.07709776078554675,-0.36771575587105504,-0.029681655447259203,-0.1370393734232756,False,False,False
60,252,pullback_low_volume_high_rsi,1,-1,-1,1,1.0,5,0.0005,0.1110112538512098,0.6000884898940348,-0.4363973799407401,-0.10454191326285245,-0.40095035563718673,-0.10454191326285245,-0.40095035563718673,1,1,-0.03899597808972921,-0.20234022245615613,-1.0117011122807806,-0.4849936313277781,-0.009841414251026581,-0.07819998966605435,-0.009841414251026581,-0.07819998966605435,-0.3774585542917177,-1.6351545506705474,-0.3774585542917177,-1.6351545506705474,0.06311151118343594,0.26346493637696244,0.06311151118343594,0.26346493637696244,-0.06815054192843184,-0.3264804552462579,-0.06815054192843184,-0.3264804552462579,False,False,False
60,252,pullback_low_volume_high_rsi,1,-1,-1,1,1.0,10,0.0005,0.05352619573963824,0.34617725115423187,-0.5235758193113988,-0.162026971374424,-0.6548615943769898,-0.22738403547928998,-0.8586617051015786,1,1,-0.1869766590282746,-1.0327192842189727,-5.163596421094863,-0.7516798455978414,-0.35561619406927336,-1.9552517742324156,-0.2299391293631997,-1.208323228774,-0.4968069365035147,-2.332194339084297,-0.5275295654338082,-2.500610096757936,0.3934606935635454,1.0876122779647255,0.09429577448948212,0.3505389983789977,-0.018337123987275827,-0.1101867942055299,-0.11515143986540943,-0.4944705920646434,False,False,False
60,252,pullback_low_volume_low_rsi,1,-1,-1,-1,0.25,1,0.0005,0.16341278157892836,0.795544052918003,-0.26077643000923134,-0.05214038553513389,-0.20549479261321857,-0.04523918931574977,-0.17922104765645908,1,1,-0.052500064232152255,-0.18063397487480398,-1.050001284643045,-0.2418910667526553,0.013629556578241164,0.13531331363591903,0.015954947647107476,0.05730469466440491,-0.1224168862570496,-0.47545582225407523,-0.1144738637416951,-0.46175930460227965,-0.08400319663435041,-0.24569604438082138,-0.028470352271177557,-0.08510916791921574,-0.020996931829954102,-0.11557190536878659,-0.056700994378787284,-0.2361409239948743,False,False,False
60,252,pullback_low_volume_low_rsi,1,-1,-1,-1,0.25,2,0.0005,0.20369008424555868,0.9402285836273024,-0.23166749721119217,-0.011863082868503572,-0.06081026190391914,0.004610303355331524,0.008725463413337797,1,2,-0.018991778200478926,-0.10271501063328098,-0.5135750531664048,-0.0607471549934198,-0.013411526222900427,-0.12802190783011547,0.029152373019439626,0.12969751692092346,0.027936937144561913,0.09772602953964094,0.01623858754123697,0.0167975426605822,-0.024572030178057425,-0.07740811343644649,-0.008959721485707561,-0.028501268705700578,-0.03219659005113229,-0.15462013613489534,-0.016214285368521875,-0.06930678238560506,False,False,False
60,252,pullback_low_volume_low_rsi,1,-1,-1,-1,0.25,3,0.0005,0.14611631962534588,0.7172962751697423,-0.2702330112248511,-0.06943684748871637,-0.2837425703614793,-0.025822677636029967,-0.10657023438787327,0,1,-0.05263987649005153,-0.24578109161367429,-1.2289054580683714,-0.3221332742096669,-0.05394370304909302,-0.3380918239336759,-0.020806961801256296,-0.12557361965851788,-0.03786571163777719,-0.14282531449740588,0.04690064131019955,0.15057145865695398,-0.05133604993101004,-0.1534703592936727,-0.041153859805901805,-0.11822256074665094,-0.12500841229754234,-0.5831225552261017,-0.07759230695925479,-0.35244617277832224,False,False,False
60,252,pullback_low_volume_low_rsi,1,-1,-1,-1,0.25,5,0.0005,0.18721698223234573,0.8862218841724913,-0.21988831808861664,-0.02833618488171652,-0.11481696135873032,-0.02833618488171652,-0.11481696135873032,1,1,-0.02352956516541793,-0.08061779826891147,-0.47059130330835863,-0.1314579844086546,0.04250860202083251,0.18207575893792383,0.04250860202083251,0.18207575893792383,-0.11305023407214487,-0.44166526289952246,-0.11305023407214487,-0.44166526289952246,-0.032585364536830363,-0.09700711713962396,-0.032585364536830363,-0.09700711713962396,-0.0144737657940055,-0.06422847939819898,-0.0144737657940055,-0.06422847939819898,False,False,False
60,252,pullback_low_volume_low_rsi,1,-1,-1,-1,0.25,10,0.0005,0.1807292023992153,0.8385491682816392,-0.21131633705498432,-0.034823964714846944,-0.1624896772495824,-0.10018102881971291,-0.3662897879741712,1,0,-0.07061782995535992,-0.29734755439613714,-1.4867377719806856,-0.16232105075138614,-0.1601619601100026,-0.9134187292483453,-0.03448489540392896,-0.16649018378992966,-0.08311791155093662,-0.3229635771669739,-0.11384054048123016,-0.4913793348406128,0.19550468042962965,0.48830129565831515,-0.10366023864443363,-0.24877198392741273,-0.05811774835978323,-0.2717315316253004,-0.15493206423791683,-0.6560153294844139,False,False,False
60,252,pullback_low_volume_low_rsi,1,-1,-1,-1,0.5,1,0.0005,0.09466976221691903,0.516512393220131,-0.24017796532239344,-0.12088340489714322,-0.4845264523110906,-0.1139822086777591,-0.4582527073543311,0,0,-0.14658987293952863,-0.5154809935749317,-2.9317974587905726,-0.5608055150179097,-0.17072111815930802,-0.9675199138346351,-0.1683957270904417,-1.0455285328061492,-0.17601386976827116,-0.6817116607836546,-0.16807084725291666,-0.6680151431318591,-0.12245862771974925,-0.3492503263662088,-0.0669257833565764,-0.18866344990460315,-0.017588643962112016,-0.10853481496116091,-0.0532927065109452,-0.22910383358724862,False,False,False
60,252,pullback_low_volume_low_rsi,1,-1,-1,-1,0.5,2,0.0005,0.11053680555785816,0.5792223123344057,-0.2460425294495836,-0.10501636155620409,-0.4218165331968159,-0.08854297533236899,-0.35228080787955895,1,1,-0.1075977136495262,-0.4534031143808726,-2.2670155719043628,-0.48719470450013647,-0.24696028047506247,-1.3593947640710788,-0.2043963812327224,-1.10167533932004,-0.11389958422239932,-0.43434528174144815,-0.12559793382572426,-0.5152737686205069,0.07213642001516507,0.2301526995081652,0.08774872870751493,0.2790595442389111,-0.10129584307665307,-0.47246094702029706,-0.08531353839404265,-0.3871475932710068,False,False,False
60,252,pullback_low_volume_low_rsi,1,-1,-1,-1,0.5,3,0.0005,0.16421624798435097,0.8004363531824128,-0.2506582172508076,-0.05133691912971128,-0.20060249234880878,-0.007722749277024876,-0.023430156375202738,1,2,-0.0574980486329737,-0.36414018173600415,-1.8207009086800208,-0.2381636039824263,-0.09459002662058213,-0.6061362457336295,-0.061453285372745414,-0.39361804145847146,-0.27527697496299486,-1.1268772534354006,-0.19051062201501812,-0.8334804802810407,0.22085531299218997,0.6963920384324435,0.2310375031172982,0.7316398369794652,-0.02040607064536526,-0.12214411773837885,0.02701003469292229,0.10853226470940058,False,False,False
60,252,pullback_low_volume_low_rsi,1,-1,-1,-1,0.5,5,0.0005,0.14697366271265522,0.7227941480237077,-0.23110337709766782,-0.06857950440140703,-0.2782446975075139,-0.06857950440140703,-0.2782446975075139,1,1,-0.1178779218655065,-0.4876665909230114,-2.4383329546150567,-0.31815586530035744,-0.2054497250185534,-1.1246907275246056,-0.2054497250185534,-1.1246907275246056,-0.18753563127647177,-0.7438753975170935,-0.18753563127647177,-0.7438753975170935,0.2086386215974445,0.6591629735804464,0.2086386215974445,0.6591629735804464,-0.04822021245454122,-0.23145778432892927,-0.04822021245454122,-0.23145778432892927,False,False,False
60,252,pullback_low_volume_low_rsi,1,-1,-1,-1,0.5,10,0.0005,0.15485205395552804,0.7490659411267108,-0.24480032063189916,-0.060701113158534215,-0.2519729044045108,-0.12605817726340018,-0.4557730151290996,2,1,-0.09115403191475407,-0.53843312293208,-2.6921656146604,-0.2816062225910769,-0.23809101232668872,-1.2693715594558026,-0.11241394762061507,-0.5224430139973869,-0.30943542606006536,-1.2942024880367553,-0.3401580549903589,-1.4626182457103942,0.3356854405804677,0.9583507778442194,0.03652052150640439,0.22127749825849152,0.05578294849718057,0.19250531359164258,-0.04103136738095303,-0.1917784842674709,False,False,False
60,252,pullback_low_volume_low_rsi,1,-1,-1,-1,1.0,1,0.0005,0.02460751162481678,0.22136711053407782,-0.3579286204680977,-0.19094565548924547,-0.7796717349971438,-0.18404445926986135,-0.7533979900403842,0,0,-0.1436918111687372,-0.7668026218413395,-3.8340131092066976,-0.885840175979435,-0.1977040908347738,-1.1205660352160223,-0.1953786997659075,-1.1985746541875364,-0.38354572616836213,-1.7128155721071745,-0.37560270365300763,-1.699119054455379,-0.08967953150270058,-0.18353487685273706,-0.03414668713952773,-0.02294800039113143,-0.08773561411631037,-0.41303920846665676,-0.12343967666514355,-0.5336082270927445,False,False,False
60,252,pullback_low_volume_low_rsi,1,-1,-1,-1,1.0,2,0.0005,0.02389291523973669,0.21767993249215628,-0.3524738960540933,-0.19166025187432556,-0.7833589130390652,-0.17518686565049046,-0.7138231877218084,1,1,-0.22239536162287565,-1.156030449072424,-5.78015224536212,-0.8891553505818196,-0.2491360828381376,-1.403541550213212,-0.20657218359579754,-1.145822125462173,-0.3576410595687999,-1.5495766119596432,-0.3693394091721248,-1.630505098838702,0.07310814054305204,0.3729050367643115,0.0887204492354019,0.42181188149505744,-0.1956546404076137,-0.9085193479316362,-0.1796723357250033,-0.823205994182346,False,False,False
60,252,pullback_low_volume_low_rsi,1,-1,-1,-1,1.0,3,0.0005,0.050397999515551906,0.338497090583466,-0.3223532042092787,-0.16515516759851034,-0.6625417549477556,-0.12154099774582394,-0.48536941897414954,0,1,-0.1409459682477039,-0.7603827776633096,-3.801913888316548,-0.7661922569252565,-0.21822282098866763,-1.2122972257300408,-0.1850860797408309,-0.999779021454883,-0.35628551245245654,-1.5530557140861807,-0.2715191595044798,-1.2596589409318208,-0.007916639611543541,0.09205987469372368,0.002265550513564696,0.12730767324074543,-0.06366911550674015,-0.3084683295965784,-0.016253010168452597,-0.07779194714879895,False,False,False
60,252,pullback_low_volume_low_rsi,1,-1,-1,-1,1.0,5,0.0005,-0.0002042216036322042,0.1039263426744751,-0.3573681198330779,-0.21575738871769445,-0.8971125028567465,-0.21575738871769445,-0.8971125028567465,0,0,-0.2114852219118647,-0.9611227577822592,-4.8056137889112955,-1.0009474303085704,-0.26487522419612586,-1.5071808514857146,-0.26487522419612586,-1.5071808514857146,-0.33658379245469017,-1.4371343609213152,-0.33658379245469017,-1.4371343609213152,-0.15809521962760353,-0.4402385414777472,-0.15809521962760353,-0.4402385414777472,-0.10391049461277402,-0.4851111546432032,-0.10391049461277402,-0.4851111546432032,False,False,False
60,252,pullback_low_volume_low_rsi,1,-1,-1,-1,1.0,10,0.0005,0.11484272335532486,0.6276201085076751,-0.28889470753400537,-0.10071044375873739,-0.37341873702354644,-0.16606750786360336,-0.5772188477481353,1,0,-0.14929846986628215,-0.6204254060747223,-3.1021270303736115,-0.4672185758488317,-0.2367499872850275,-1.3208292842576068,-0.11107292257895385,-0.5739007387991911,-0.2045482359989943,-0.8010063612064651,-0.23527086492928784,-0.969422118880104,0.1760772506099677,0.7671845477718514,-0.12308766846409558,0.03011126818612353,-0.09404870373357,-0.4398444509429794,-0.1908630196117036,-0.8241282488020929,False,False,False
60,504,near_high_high_volume_high_rsi,-1,1,1,1,0.25,1,0.0005,0.20869430130854094,0.974930135026953,-0.26077643000923156,-0.006858865805521308,-0.02610871050426855,4.233041386281222e-05,0.00016503445249094195,1,1,-0.005134206792110407,0.03215605065985927,-0.10268413584220815,-0.031819833117515114,-0.0023253910688663115,0.07800861897151412,0.0,0.0,-0.007943022515354503,-0.013696517651795581,0.0,0.0,-0.05553284436317285,-0.16058687646160563,0.0,0.0,0.03586746233402138,0.12125233055080065,0.00016339978518820075,0.0006833119247129371,False,False,False
60,504,near_high_high_volume_high_rsi,-1,1,1,1,0.25,2,0.0005,0.2013949284726746,0.940584757776008,-0.23166749721119217,-0.014158238641387655,-0.06045408775521355,0.002315147582447441,0.009081637562043388,1,1,-0.011480852081004356,-0.047840907448389536,-0.23920453724194768,-0.06568327819509918,-0.04256389924234005,-0.25771942475103893,0.0,0.0,0.011698349603324942,0.08092848687905874,0.0,0.0,-0.015612308692349863,-0.04890684473074591,0.0,0.0,-0.007349395469658848,-0.04677497016603316,0.008632909212951567,0.03853838358325712,False,False,False
60,504,near_high_high_volume_high_rsi,-1,1,1,1,0.25,3,0.0005,0.1751491084798198,0.8364038007565789,-0.20648298532333742,-0.04040405863424246,-0.16463504477464264,0.003210111218443945,0.012537291198963407,0,1,-0.03431844289486674,-0.19533525853446432,-0.9766762926723216,-0.18744358607759273,-0.03313674124783672,-0.212518204275158,0.0,0.0,-0.08476635294797674,-0.29339677315435986,0.0,0.0,-0.010182190125108237,-0.03524779854702176,0.0,0.0,-0.03550014454189676,-0.17815231279377064,0.01191596079639079,0.0525240696540088,False,False,False
60,504,near_high_high_volume_high_rsi,-1,1,1,1,0.25,5,0.0005,0.21834199901254947,1.010804673553498,-0.21988831808861653,0.0027888318984872207,0.009765828022276324,0.0027888318984872207,0.009765828022276324,1,1,0.0,0.0,0.0,0.00975569336382135,0.0,0.0,0.0,0.0,0.0,0.0,0.0,0.0,0.0,0.0,0.0,0.0,0.01041125215798444,0.04361034113896667,0.01041125215798444,0.04361034113896667,False,False,False
60,504,near_high_high_volume_high_rsi,-1,1,1,1,0.25,10,0.0005,0.3011477096773698,1.3031571090290348,-0.19672816700819518,0.08559454256330756,0.30211826349781323,0.020237478458441593,0.09831815277322442,3,1,0.06057807201264853,0.2657208442059436,1.2115614402529706,0.3018047349975595,-0.05113249076906423,-0.30813943540735955,0.07454457393700942,0.4387891100510561,0.03072262893029354,0.16841575767363892,0.0,0.0,0.2991649190740633,0.7370732795857279,0.0,0.0,0.09043351509500352,0.3630259307382483,-0.006380800783130081,-0.021257867120865193,True,False,False
60,504,near_high_high_volume_high_rsi,-1,1,1,1,0.5,1,0.0005,0.177922332127618,0.8580829640844929,-0.26077643000923134,-0.03763083498644426,-0.14295588144672866,-0.03072963876706014,-0.11668213648996917,1,0,-0.0410108455390823,-0.14668176964674812,-0.8202169107816459,-0.1745779729904479,-0.04171870886748508,-0.16674317304594732,-0.039393317798618765,-0.24475179201746144,-0.04030298221067952,-0.1266203662475489,-0.032359959695325013,-0.11292384859575333,-0.0940281272580541,-0.27395056474988844,-0.038495282894881244,-0.1133636882882828,0.02292778277151286,0.06976853333389965,-0.01277627977732032,-0.05080048529218806,False,False,False
60,504,near_high_high_volume_high_rsi,-1,1,1,1,0.5,2,0.0005,0.15740924802903722,0.7713515686617967,-0.23166749721119206,-0.05814391908502503,-0.22968727686942492,-0.041670532861189935,-0.16015155155216798,0,1,-0.0639094492010176,-0.19012625415927764,-1.278188984020352,-0.2697428196648002,-0.09370614199316685,-0.5341772804336169,-0.051142242750826794,-0.27645785568257797,-0.03411275640886835,-0.09426941570378156,-0.04581110601219329,-0.1751979025828403,-0.09761079991706723,-0.2859830926147737,-0.08199849122471736,-0.2370762478840278,-0.006128310398071379,-0.04400841520606846,0.009853994284539036,0.041304938543221814,False,False,False
60,504,near_high_high_volume_high_rsi,-1,1,1,1,0.5,3,0.0005,0.17684602897562018,0.844836116557832,-0.20648298532333675,-0.038707138138442065,-0.1562027289733896,0.0049070317142443365,0.02096960700021644,0,2,-0.03534839146424462,-0.13135511965030716,-0.7069678292848924,-0.17957118726981994,-0.0730667350528793,-0.4195326025364604,-0.039929993805042585,-0.2070143982613024,-0.04932218261831456,-0.14685775729134876,0.035444170329662184,0.1465390158630111,-0.010496598182451633,-0.03512041762055995,-0.00031440805734339605,0.00012738092646180643,-0.021374600310174685,-0.11585248200926557,0.026041505028112866,0.11482390043851387,False,False,False
60,504,near_high_high_volume_high_rsi,-1,1,1,1,0.5,5,0.0005,0.2036488940286616,0.9551227545145778,-0.21988831808861653,-0.011904273085400652,-0.045916091016643734,-0.011904273085400652,-0.045916091016643734,1,1,-0.004325489896545243,-0.02384577660347076,-0.11922888301735379,-0.05522662109205465,-0.008650979793090485,-0.04769155320694152,-0.008650979793090485,-0.04769155320694152,-0.06634507143490831,-0.25082634875629006,-0.06634507143490831,-0.25082634875629006,0.0,0.0,0.0,0.0,0.022610920166226345,0.09730618088160092,0.022610920166226345,0.09730618088160092,False,False,False
60,504,near_high_high_volume_high_rsi,-1,1,1,1,0.5,10,0.0005,0.301720275450728,1.306673909591199,-0.1967281670081953,0.08616710833666574,0.3056350640599774,0.020810044231799774,0.10183495333538861,3,3,0.0770703830815892,0.33401715305783736,1.541407661631784,0.3053178859385681,-0.07760910916719777,-0.4481204925437825,0.048067955538875884,0.29880805291463314,0.05065091828154977,0.25213146709118583,0.019928289351256234,0.08371570941754691,0.2991649190740633,0.7370732795857279,0.0,0.0,0.10348984788162863,0.4159028390244889,0.006675532003495022,0.031619041165375394,True,True,False
60,504,near_high_high_volume_high_rsi,-1,1,1,1,1.0,1,0.0005,0.12346936928775709,0.6455594554651258,-0.2459649892269442,-0.09208379782630516,-0.35547939006609575,-0.08518260160692104,-0.32920564510933625,0,0,-0.0884036087368657,-0.3101348192052673,-1.768072174737314,-0.4271976100336213,-0.05518922103706303,-0.26624427616041824,-0.05286382996819672,-0.34425289513193236,-0.030358861021363648,-0.09204521712678582,-0.022415838506009145,-0.07834869947499024,-0.12161799643666837,-0.3540253622501164,-0.06608515207349552,-0.19343848578851075,-0.1484816096322078,-0.7008126035877089,-0.18418567218104098,-0.8213816222137966,False,False,False
60,504,near_high_high_volume_high_rsi,-1,1,1,1,1.0,2,0.0005,0.18183858131936903,0.8703928789897059,-0.21461068993556343,-0.03371458579469322,-0.13064596654151572,-0.017241199570858123,-0.06111024122425879,1,2,-0.03585381832446133,-0.11235776346293663,-0.7170763664892266,-0.15640960532420656,-0.09283420707069134,-0.537096448957032,-0.05027030782835129,-0.2793770242059931,0.03878512311664739,0.16526712570634206,0.02708677351332245,0.08433863882728332,-0.05753730083019404,-0.16342801022503728,-0.041924992137844175,-0.11452116549429137,-0.014170335818728619,-0.06128751670083599,0.0018119688638817966,0.02402583704845429,False,False,False
60,504,near_high_high_volume_high_rsi,-1,1,1,1,1.0,3,0.0005,0.13662972313696664,0.688630900966493,-0.25783276529582444,-0.07892344397709561,-0.31240794456472853,-0.03530927412440921,-0.1352356085911225,0,1,-0.054455645967403044,-0.24216599210491419,-1.210829960524571,-0.3661437455722116,-0.03040626439212213,-0.2152151368489943,0.002730476855714592,-0.002696932573836297,-0.07850502754268396,-0.2691168473608341,0.006261325405292784,0.02427992579352578,-0.020161148848824473,-0.06151159073576873,-0.009978958723716236,-0.02626379218874697,-0.17148368786634283,-0.8175158483114489,-0.12406758252805528,-0.5868394658636693,False,False,False
60,504,near_high_high_volume_high_rsi,-1,1,1,1,1.0,5,0.0005,0.15118038893141983,0.7570466665711001,-0.20257001570842081,-0.06437277818264242,-0.2439921789601215,-0.06437277818264242,-0.2439921789601215,0,0,-0.07218410984867774,-0.31945767659982444,-1.597288382999122,-0.29863990886563446,-0.07076074433968471,-0.39924536420479473,-0.07076074433968471,-0.39924536420479473,-0.07360747535767076,-0.26879520091335096,-0.07360747535767076,-0.26879520091335096,-0.02994843961865068,-0.07438202473919286,-0.02994843961865068,-0.07438202473919286,-0.08063773018525344,-0.3701201522862979,-0.08063773018525344,-0.3701201522862979,False,False,False
60,504,near_high_high_volume_high_rsi,-1,1,1,1,1.0,10,0.0005,0.18128256473329363,0.8713120266598892,-0.21836732208694287,-0.03427060238076862,-0.12972681887133242,-0.09962766648563459,-0.33352692959592123,1,1,-0.053885245953417815,-0.25736807932014616,-1.2868403966007307,-0.1589890922949602,-0.08453568841719572,-0.5037183453972635,0.04114137628887793,0.24321020006115218,-0.02323480348963991,-0.06904851605527162,-0.05395743241993345,-0.23746427372891055,0.08314250925619682,0.24669303973300438,-0.21602240981786647,-0.4903802398527235,-0.09612202228646916,-0.44568764258502075,-0.19293633816460276,-0.8299714404441343,False,False,False
60,504,near_high_high_volume_low_rsi,-1,1,1,-1,0.25,1,0.0005,0.20865197089467813,0.9747651005744621,-0.26077643000923156,-0.00690119621938412,-0.026273744956759493,0.0,0.0,1,0,-0.005134206792110407,0.03215605065985927,-0.10268413584220815,-0.032016213502129985,-0.0023253910688663115,0.07800861897151412,0.0,0.0,-0.007943022515354503,-0.013696517651795581,0.0,0.0,-0.05553284436317285,-0.16058687646160563,0.0,0.0,0.03570406254883318,0.12056901862608771,0.0,0.0,False,False,False
60,504,near_high_high_volume_low_rsi,-1,1,1,-1,0.25,2,0.0005,0.19907978089022715,0.9315031202139646,-0.23166749721119217,-0.016473386223835096,-0.06953572531725694,0.0,0.0,1,0,-0.01579730668748014,-0.0671100992400181,-0.3355504962000905,-0.07642377258654719,-0.04256389924234005,-0.25771942475103893,0.0,0.0,0.011698349603324942,0.08092848687905874,0.0,0.0,-0.015612308692349863,-0.04890684473074591,0.0,0.0,-0.015982304682610415,-0.08531335374929028,0.0,0.0,False,False,False
60,504,near_high_high_volume_low_rsi,-1,1,1,-1,0.25,3,0.0005,0.17193899726137585,0.8238665095576155,-0.20648298532333742,-0.0436141698526864,-0.17717233597360604,0.0,0.0,0,0,-0.040276423293062136,-0.22159729336146872,-1.1079864668073436,-0.20233601963086675,-0.03313674124783672,-0.212518204275158,0.0,0.0,-0.08476635294797674,-0.29339677315435986,0.0,0.0,-0.010182190125108237,-0.03524779854702176,0.0,0.0,-0.04741610533828755,-0.23067638244777944,0.0,0.0,False,False,False
60,504,near_high_high_volume_low_rsi,-1,1,1,-1,0.25,5,0.0005,0.21555316711406225,1.0010388455312216,-0.21988831808861653,0.0,0.0,0.0,0.0,0,0,0.0,0.0,0.0,0.0,0.0,0.0,0.0,0.0,0.0,0.0,0.0,0.0,0.0,0.0,0.0,0.0,0.0,0.0,0.0,0.0,False,False,False
60,504,near_high_high_volume_low_rsi,-1,1,1,-1,0.25,10,0.0005,0.30284413279919,1.3079568218504902,-0.19672816700819518,0.08729096568512773,0.30691797631926865,0.02193390158026176,0.10311786559467984,3,1,0.06376847240421357,0.2763497777663762,1.2753694480842714,0.306599466833274,-0.05113249076906423,-0.30813943540735955,0.07454457393700942,0.4387891100510561,0.03072262893029354,0.16841575767363892,0.0,0.0,0.2991649190740633,0.7370732795857279,0.0,0.0,0.0968143158781336,0.3842837978591135,0.0,0.0,True,False,False
60,504,near_high_high_volume_low_rsi,-1,1,1,-1,0.5,1,0.0005,0.19759801816876021,0.9333612394256058,-0.26077643000923134,-0.017955148945302035,-0.0676776061056158,-0.011053952725917915,-0.0414038611488563,1,2,-0.012318929415845226,-0.019053878523517143,-0.2463785883169045,-0.08329800571104982,-0.02330010997347909,-0.052456749744633546,-0.020974718904612777,-0.13046536871614767,-0.0013377488582113628,0.014348992697599261,0.00660527365714314,0.028045510349394842,-0.09591271882001706,-0.27954647790104403,-0.04037987445684421,-0.1189596014394384,0.04833964748747399,0.17232766290938184,0.01263558493864081,0.05175864428329413,False,False,False
60,504,near_high_high_volume_low_rsi,-1,1,1,-1,0.5,2,0.0005,0.1792755467209568,0.8571208274949522,-0.23166749721119217,-0.03627762039310545,-0.14391801803626936,-0.01980423416927035,-0.07438229271901242,2,2,-0.038987656955337124,-0.14527799983307838,-0.7797531391067425,-0.16830010376933482,-0.08263545284511498,-0.4728622251598359,-0.04007155360277492,-0.21514280040879696,0.042412869150537214,0.19609397960294217,0.03071451954721227,0.11516549272388343,-0.10089503851420867,-0.2960140605852013,-0.0852827298218588,-0.2471072158544554,0.004660138934440727,0.0054580609190445495,0.020642443617051143,0.09077141466833483,False,False,False
60,504,near_high_high_volume_low_rsi,-1,1,1,-1,0.5,3,0.0005,0.17955433320524783,0.8549136421248523,-0.20648298532333698,-0.03599883390881442,-0.14612520340636925,0.007615335943871981,0.03104713256723679,0,3,-0.02675736418391239,-0.1004246264320996,-0.5351472836782478,-0.16700675007834728,-0.08157125449870661,-0.46369355282499924,-0.04843451325086989,-0.25117534854984125,-0.029722755155175307,-0.07356747760861393,0.055043597792801435,0.21982929554574593,-0.005997181245532612,-0.022059343908240936,0.004185008879575625,0.013188454638780822,-0.023791973212649475,-0.12728177525558526,0.023624132125638075,0.10339460719219418,False,True,False
60,504,near_high_high_volume_low_rsi,-1,1,1,-1,0.5,5,0.0005,0.21066737011998748,0.9817854593394407,-0.21988831808861653,-0.004885796994074765,-0.019253386191780852,-0.004885796994074765,-0.019253386191780852,2,2,0.00015498146143577696,-0.01844907799479406,-0.0922453899739703,-0.02266631968107151,-0.02230095724335479,-0.11620407348327344,-0.02230095724335479,-0.11620407348327344,-0.05057588197533791,-0.19732419312420668,-0.05057588197533791,-0.19732419312420668,0.02801044742271186,0.07930591749368532,0.02801044742271186,0.07930591749368532,0.022610920166226345,0.09730618088160092,0.022610920166226345,0.09730618088160092,False,False,False
60,504,near_high_high_volume_low_rsi,-1,1,1,-1,0.5,10,0.0005,0.27028012569633053,1.1956722862650184,-0.1967281670081955,0.05472695858226828,0.19463344073379685,-0.010630105522597688,-0.009166669990791965,2,2,0.030107731468097088,0.148247357948802,0.6021546293619418,0.19443145648409943,-0.08629961527330399,-0.49455967365338327,0.03937744943276966,0.25236887180503237,-0.04327438494543445,-0.11940812312688487,-0.07399701387572799,-0.2878238808005238,0.2708582753465323,0.6788792528449527,-0.028306643727531,-0.05819402674077523,0.10348984788162863,0.4159028390244889,0.006675532003495022,0.031619041165375394,False,False,False
60,504,near_high_high_volume_low_rsi,-1,1,1,-1,1.0,1,0.0005,0.12216494178297532,0.6375816112425782,-0.2855667906282301,-0.09338822533108693,-0.3634572342886434,-0.0864870291117028,-0.3371834893318839,0,0,-0.09352930102076196,-0.3044752846820692,-1.8705860204152391,-0.43324914489272875,-0.05939978587569139,-0.2907170715997831,-0.05707439480682508,-0.3687256905712972,-0.0777669480770995,-0.2872738897795155,-0.06982392556174499,-0.27357737212771993,-0.10929165396442442,-0.3182334977643553,-0.05375880960125157,-0.15764662130274965,-0.1228434053169285,-0.5752859700834019,-0.15854746786576168,-0.6958549887094896,False,False,False
60,504,near_high_high_volume_low_rsi,-1,1,1,-1,1.0,2,0.0005,0.16738812875893516,0.8165220690913925,-0.21461068993556331,-0.04816503835512709,-0.1845167764398291,-0.03169165213129199,-0.11498105112257218,0,0,-0.03807905337257167,-0.14584364594897714,-0.7615810674514334,-0.22344853012361468,-0.09363864848743386,-0.5426729129607899,-0.05107474924509381,-0.28495348820975097,-0.030150592787677066,-0.08747020539143091,-0.04184894239100201,-0.16839869227048965,-0.018122823635579044,-0.04782796891645191,-0.0025105149432291807,0.0010788758142940003,-0.04600751395746627,-0.20421708650652337,-0.030025209274855857,-0.1189037327572331,False,False,False
60,504,near_high_high_volume_low_rsi,-1,1,1,-1,1.0,3,0.0005,0.12550030287249125,0.6416097566559569,-0.2806371587616222,-0.090052864241571,-0.3594290888752647,-0.046438694388884594,-0.18225675290165866,1,1,-0.10566270913136078,-0.45989466387950745,-2.299473319397537,-0.41777564879813883,-0.03835929990297382,-0.25553336407366467,-0.0052225586551370995,-0.043015159798506675,-0.17296611835974773,-0.6642559636853502,-0.08819976541177099,-0.37085919053099037,0.07112387130798026,0.18416239098329668,0.0813060614330885,0.21941018953031843,-0.19520514752064955,-0.9314469901096576,-0.147789042182362,-0.7007706076618783,False,False,False
60,504,near_high_high_volume_low_rsi,-1,1,1,-1,1.0,5,0.0005,0.17898236415215973,0.8563823368605693,-0.20563144755531448,-0.036570802961902515,-0.14465650867065227,-0.036570802961902515,-0.14465650867065227,1,1,-0.07541424802150909,-0.3485301525418772,-1.742650762709386,-0.16966024415939426,-0.07879538008441855,-0.43886683314969377,-0.07879538008441855,-0.43886683314969377,-0.07203311595859963,-0.2581934719340606,-0.07203311595859963,-0.2581934719340606,0.15471524994869768,0.39708308949403015,0.15471524994869768,0.39708308949403015,-0.12245958466014861,-0.5740891018751815,-0.12245958466014861,-0.5740891018751815,False,False,False
60,504,near_high_high_volume_low_rsi,-1,1,1,-1,1.0,10,0.0005,0.19895592986285737,0.9228493097293398,-0.21836732208694298,-0.016597237251204877,-0.07818953580188182,-0.08195430135607085,-0.2819896465264706,1,1,-0.06445515075879205,-0.3261044886942591,-1.6305224434712955,-0.07810839324660668,-0.07962746959946343,-0.478513403352508,0.04604959510661022,0.2684151421059076,-0.04928283191812066,-0.17369557403601021,-0.0800054608484142,-0.34211133170964914,0.2016797949467044,0.503890391432611,-0.09748512412735888,-0.23318288815311683,-0.10713894787910183,-0.4995968117482157,-0.20395326375723544,-0.8838806096073292,False,False,False
60,504,near_high_low_volume_high_rsi,-1,1,-1,1,0.25,1,0.0005,0.20865197089467813,0.9747651005744621,-0.26077643000923156,-0.00690119621938412,-0.026273744956759493,0.0,0.0,1,0,-0.005134206792110407,0.03215605065985927,-0.10268413584220815,-0.032016213502129985,-0.0023253910688663115,0.07800861897151412,0.0,0.0,-0.007943022515354503,-0.013696517651795581,0.0,0.0,-0.05553284436317285,-0.16058687646160563,0.0,0.0,0.03570406254883318,0.12056901862608771,0.0,0.0,False,False,False
60,504,near_high_low_volume_high_rsi,-1,1,-1,1,0.25,2,0.0005,0.19907978089022715,0.9315031202139646,-0.23166749721119217,-0.016473386223835096,-0.06953572531725694,0.0,0.0,1,0,-0.01579730668748014,-0.0671100992400181,-0.3355504962000905,-0.07642377258654719,-0.04256389924234005,-0.25771942475103893,0.0,0.0,0.011698349603324942,0.08092848687905874,0.0,0.0,-0.015612308692349863,-0.04890684473074591,0.0,0.0,-0.015982304682610415,-0.08531335374929028,0.0,0.0,False,False,False
60,504,near_high_low_volume_high_rsi,-1,1,-1,1,0.25,3,0.0005,0.17193899726137585,0.8238665095576155,-0.20648298532333742,-0.0436141698526864,-0.17717233597360604,0.0,0.0,0,0,-0.040276423293062136,-0.22159729336146872,-1.1079864668073436,-0.20233601963086675,-0.03313674124783672,-0.212518204275158,0.0,0.0,-0.08476635294797674,-0.29339677315435986,0.0,0.0,-0.010182190125108237,-0.03524779854702176,0.0,0.0,-0.04741610533828755,-0.23067638244777944,0.0,0.0,False,False,False
60,504,near_high_low_volume_high_rsi,-1,1,-1,1,0.25,5,0.0005,0.21555316711406225,1.0010388455312216,-0.21988831808861653,0.0,0.0,0.0,0.0,0,0,0.0,0.0,0.0,0.0,0.0,0.0,0.0,0.0,0.0,0.0,0.0,0.0,0.0,0.0,0.0,0.0,0.0,0.0,0.0,0.0,False,False,False
60,504,near_high_low_volume_high_rsi,-1,1,-1,1,0.25,10,0.0005,0.30284413279919,1.3079568218504902,-0.19672816700819518,0.08729096568512773,0.30691797631926865,0.02193390158026176,0.10311786559467984,3,1,0.06376847240421357,0.2763497777663762,1.2753694480842714,0.306599466833274,-0.05113249076906423,-0.30813943540735955,0.07454457393700942,0.4387891100510561,0.03072262893029354,0.16841575767363892,0.0,0.0,0.2991649190740633,0.7370732795857279,0.0,0.0,0.0968143158781336,0.3842837978591135,0.0,0.0,True,False,False
60,504,near_high_low_volume_high_rsi,-1,1,-1,1,0.5,1,0.0005,0.17825695539719155,0.8640825378544683,-0.26077643000923145,-0.0372962117168707,-0.13695630767675326,-0.030395015497486577,-0.11068256271999377,1,0,-0.04623488575304846,-0.12579229057492164,-0.9246977150609692,-0.17302557979644534,-0.02400067709497944,-0.055045272648774235,-0.021675286026113127,-0.13305389162028836,-0.0735422802657677,-0.24628332521837426,-0.0655992577504132,-0.23258680756657868,-0.06846909441111748,-0.19653930850106904,-0.01293625004794463,-0.03595243203946341,0.011644742774365113,0.028888839056960935,-0.02405931977446807,-0.09168017956912677,False,False,False
60,504,near_high_low_volume_high_rsi,-1,1,-1,1,0.5,2,0.0005,0.16339539854042662,0.7990551188987614,-0.23166749721119229,-0.05215776857363563,-0.20198372663246023,-0.035684382349800536,-0.1324480013152033,0,1,-0.041870439849831964,-0.20129831868157316,-1.0064915934078658,-0.24197171060834283,-0.0415351272468818,-0.25533526154221275,0.0010287719954582553,0.0023841632088261733,-0.09792330123671467,-0.3310672817168081,-0.10962165084003961,-0.41199576859586684,-0.04220575245278213,-0.12223200910636067,-0.026593443760432267,-0.07332516437561476,-0.03082163869919441,-0.14726137582093357,-0.014839334016583994,-0.061948022071643294,False,False,False
60,504,near_high_low_volume_high_rsi,-1,1,-1,1,0.5,3,0.0005,0.1551161519989952,0.7623619135211189,-0.2064829853233371,-0.06043701511506705,-0.23867693201010265,-0.016822845262380648,-0.061504596036496606,1,3,-0.029565211032576588,-0.1684304038368426,-0.842152019184213,-0.28038101190638576,-0.019113891500182056,-0.14281552253345464,0.014022849747654664,0.06970268174170335,-0.19996335100903995,-0.7739165941331455,-0.1151969980610632,-0.48051982097878565,0.016838627939814943,0.03957088070124537,0.02702081806492318,0.07481867924826713,-0.04001653056497112,-0.19404528514023056,0.007399574773316431,0.03663109730754888,False,False,False
60,504,near_high_low_volume_high_rsi,-1,1,-1,1,0.5,5,0.0005,0.18169847944273654,0.8785670536115455,-0.2198883180886163,-0.03385468767132571,-0.12247179191967605,-0.03385468767132571,-0.12247179191967605,2,2,-0.00848496050502301,-0.03838228283414796,-0.1919114141707398,-0.15705956968570609,0.002112829021913898,0.006909039995523836,0.002112829021913898,0.006909039995523836,-0.131021808301921,-0.47322711891644975,-0.131021808301921,-0.47322711891644975,0.009177728911804683,0.025597023749985626,0.009177728911804683,0.025597023749985626,-0.019082750031959916,-0.08367360566381976,-0.019082750031959916,-0.08367360566381976,False,False,False
60,504,near_high_low_volume_high_rsi,-1,1,-1,1,0.5,10,0.0005,0.2521521740154895,1.1377815680816257,-0.19672816700819562,0.036599006901427256,0.1367427225504041,-0.028758057203438714,-0.06705738817418472,2,2,0.026811982175731996,0.060835996574684414,0.3041799828734221,0.13660081540376068,-0.05113249076906423,-0.30813943540735955,0.07454457393700942,0.4387891100510561,-0.15867258923856142,-0.5718389303082424,-0.18939521816885496,-0.7402546879818813,0.2788668996898136,0.6930751870143704,-0.020298019384249688,-0.04399809257135745,0.10475645512052822,0.4298114285567284,0.007942139242394619,0.045527630697614896,False,False,False
60,504,near_high_low_volume_high_rsi,-1,1,-1,1,1.0,1,0.0005,0.13930733274746498,0.7207883171797792,-0.23005180169724904,-0.07624583436659726,-0.2802505283514424,-0.06934463814721314,-0.2539767833946829,1,1,-0.11521195263545525,-0.5246003772309654,-2.6230018861548268,-0.35372170767619004,-0.11636550647023736,-0.6160844525721958,-0.11404011540137104,-0.6940930715437099,-0.13704835600279286,-0.5170262411350378,-0.12910533348743836,-0.5033297234832422,0.07757390627358896,0.2674999503347909,0.1331067506367618,0.42808682679639654,-0.11405839880067314,-0.532174513326893,-0.14976246134950633,-0.6527435319529807,False,False,False
60,504,near_high_low_volume_high_rsi,-1,1,-1,1,1.0,2,0.0005,0.11319879471247285,0.6073293797688566,-0.23744150926340324,-0.1023543724015894,-0.393709465762365,-0.0858809861777543,-0.32417374044510805,1,1,-0.1102159779797961,-0.5745778666472298,-2.8728893332361487,-0.4748451334395263,-0.12324341971053276,-0.6961614889927468,-0.08067952046819271,-0.4384420642417078,-0.1885691431032146,-0.7274351996813946,-0.20026749270653954,-0.8083636865604533,0.003410016229260071,0.051587084867573796,0.019022324921609934,0.10049392959831971,-0.09718853624905943,-0.4529942443017128,-0.08120623156644902,-0.36768089055242253,False,False,False
60,504,near_high_low_volume_high_rsi,-1,1,-1,1,1.0,3,0.0005,0.10594431746147559,0.5775528657726084,-0.2904289818187398,-0.10960884965258666,-0.42348597975861313,-0.06599467979990026,-0.24631364378500709,1,1,-0.11695387477912034,-0.613762076564659,-3.068810382823295,-0.5085002977227701,-0.13078685816030533,-0.7463853120050823,-0.09765011691246861,-0.5338671077299242,-0.2946505345863142,-1.2207530022946396,-0.20988418163833744,-0.9273562291402797,0.11426184710165388,0.39768144224112023,0.12444403722676212,0.432929240788142,-0.10312089139793534,-0.4811388411242357,-0.05570478605964779,-0.2504624586764563,False,False,False
60,504,near_high_low_volume_high_rsi,-1,1,-1,1,1.0,5,0.0005,0.12736866750358522,0.6819544443368737,-0.26922238638478824,-0.08818449961047703,-0.3190844011943479,-0.08818449961047703,-0.3190844011943479,0,0,-0.046029298804674434,-0.22572563333735107,-1.1286281666867553,-0.40910788178683205,-0.07313137343344489,-0.40328645936693475,-0.07313137343344489,-0.40328645936693475,-0.25433056175551627,-1.0334543940832954,-0.25433056175551627,-1.0334543940832954,-0.01892722417590398,0.04257981500200525,-0.01892722417590398,0.04257981500200525,-0.007850330113192694,-0.0481648073077674,-0.007850330113192694,-0.0481648073077674,False,False,False
60,504,near_high_low_volume_high_rsi,-1,1,-1,1,1.0,10,0.0005,0.22872053679681725,1.0511706126118616,-0.24544361831639006,0.013167369682755004,0.050131767080640044,-0.052189694422110966,-0.15366834364394877,1,2,-0.03447092102430949,-0.21163829127944828,-1.0581914563972412,0.0500797419644955,-0.05352304503670746,-0.3350843896818826,0.07215401966936619,0.41184415577653305,-0.2062307132773895,-0.8372953916506622,-0.23695334220768305,-1.0057111493243012,0.38975673893779117,1.080622254826928,0.09059181986372788,0.3435489752412,-0.015418797011911511,-0.08819219287701396,-0.11223311289004512,-0.47247599073612745,False,False,False
60,504,near_high_low_volume_low_rsi,-1,1,-1,-1,0.25,1,0.0005,0.20865197089467813,0.9747651005744621,-0.26077643000923156,-0.00690119621938412,-0.026273744956759493,0.0,0.0,1,0,-0.005134206792110407,0.03215605065985927,-0.10268413584220815,-0.032016213502129985,-0.0023253910688663115,0.07800861897151412,0.0,0.0,-0.007943022515354503,-0.013696517651795581,0.0,0.0,-0.05553284436317285,-0.16058687646160563,0.0,0.0,0.03570406254883318,0.12056901862608771,0.0,0.0,False,False,False
60,504,near_high_low_volume_low_rsi,-1,1,-1,-1,0.25,2,0.0005,0.19907978089022715,0.9315031202139646,-0.23166749721119217,-0.016473386223835096,-0.06953572531725694,0.0,0.0,1,0,-0.01579730668748014,-0.0671100992400181,-0.3355504962000905,-0.07642377258654719,-0.04256389924234005,-0.25771942475103893,0.0,0.0,0.011698349603324942,0.08092848687905874,0.0,0.0,-0.015612308692349863,-0.04890684473074591,0.0,0.0,-0.015982304682610415,-0.08531335374929028,0.0,0.0,False,False,False
60,504,near_high_low_volume_low_rsi,-1,1,-1,-1,0.25,3,0.0005,0.17193899726137585,0.8238665095576155,-0.20648298532333742,-0.0436141698526864,-0.17717233597360604,0.0,0.0,0,0,-0.040276423293062136,-0.22159729336146872,-1.1079864668073436,-0.20233601963086675,-0.03313674124783672,-0.212518204275158,0.0,0.0,-0.08476635294797674,-0.29339677315435986,0.0,0.0,-0.010182190125108237,-0.03524779854702176,0.0,0.0,-0.04741610533828755,-0.23067638244777944,0.0,0.0,False,False,False
60,504,near_high_low_volume_low_rsi,-1,1,-1,-1,0.25,5,0.0005,0.21555316711406225,1.0010388455312216,-0.21988831808861653,0.0,0.0,0.0,0.0,0,0,0.0,0.0,0.0,0.0,0.0,0.0,0.0,0.0,0.0,0.0,0.0,0.0,0.0,0.0,0.0,0.0,0.0,0.0,0.0,0.0,False,False,False
60,504,near_high_low_volume_low_rsi,-1,1,-1,-1,0.25,10,0.0005,0.30284413279919,1.3079568218504902,-0.19672816700819518,0.08729096568512773,0.30691797631926865,0.02193390158026176,0.10311786559467984,3,1,0.06376847240421357,0.2763497777663762,1.2753694480842714,0.306599466833274,-0.05113249076906423,-0.30813943540735955,0.07454457393700942,0.4387891100510561,0.03072262893029354,0.16841575767363892,0.0,0.0,0.2991649190740633,0.7370732795857279,0.0,0.0,0.0968143158781336,0.3842837978591135,0.0,0.0,True,False,False
60,504,near_high_low_volume_low_rsi,-1,1,-1,-1,0.5,1,0.0005,0.21573675516097168,1.017790143598738,-0.24425857507160076,0.0001835880469094331,0.016751298067516407,0.007084784266293553,0.0430250430242759,1,2,0.0005706979463855344,0.001713796109020671,0.008568980545103355,0.0008517065620858427,-0.029109066382237758,-0.08177025447769304,-0.026783675313371447,-0.15977887344920716,-0.0029562834950449535,0.012165744622012697,0.00498673902030955,0.02586226227380828,0.03021534836617823,0.11212030023099018,0.08574819272935108,0.2727071766925958,0.004097679387816022,-0.008738152403971355,-0.03160638316101716,-0.12930717103005906,False,False,False
60,504,near_high_low_volume_low_rsi,-1,1,-1,-1,0.5,2,0.0005,0.21196233127793263,1.0012826156296417,-0.21449920693996793,-0.0035908358361296244,0.00024377009842013742,0.012882550387705471,0.06977949541567707,1,1,-0.023274634265254668,-0.08745235646964183,-0.46549268530509336,-0.016658701350602264,-0.04945522411362191,-0.29499534414019957,-0.0068913248712818564,-0.03727591938916064,-0.014154610204604401,-0.016576402206245122,-0.025852959807929343,-0.09750488908530386,0.09075759557062746,0.29738103599872423,0.10636990426297732,0.34628788072947014,-0.032394658325904935,-0.15832831073303855,-0.01641235364329452,-0.07301495698374827,False,False,False
60,504,near_high_low_volume_low_rsi,-1,1,-1,-1,0.5,3,0.0005,0.2088658509270267,0.984322744034479,-0.1896374166330005,-0.006687316187035552,-0.01671610149674263,0.03692685366565085,0.1604562344768634,1,2,-0.036969980968485805,-0.2067482994115774,-1.0337414970578869,-0.03102397555354354,-0.03313674124783672,-0.212518204275158,0.0,0.0,-0.09705367802483345,-0.3439058286266159,-0.012287325076856703,-0.05050905547225604,0.1577880222696184,0.473816781490746,0.16797021239472665,0.5090645800377678,-0.04080322068913489,-0.20097839454799682,0.006612884649152662,0.02969798789978262,False,False,False
60,504,near_high_low_volume_low_rsi,-1,1,-1,-1,0.5,5,0.0005,0.26341663037214014,1.2163387412069835,-0.20245682358537176,0.04786346325807789,0.2152998956757619,0.04786346325807789,0.2152998956757619,3,3,0.008684993319277523,0.03458660200953695,0.17293301004768474,0.21507646445179524,0.0,0.0,0.0,0.0,0.008377676486922336,0.028623639446016647,0.008377676486922336,0.028623639446016647,0.18657521649206155,0.5983602614341114,0.18657521649206155,0.5983602614341114,0.00899231015163271,0.04054956457305725,0.00899231015163271,0.04054956457305725,True,True,False
60,504,near_high_low_volume_low_rsi,-1,1,-1,-1,0.5,10,0.0005,0.31157235333667965,1.3754103589265592,-0.1967281670081954,0.0960191862226174,0.3743715133953376,0.030662122117751434,0.17057140267074877,3,3,0.06585782153631625,0.27097836379273016,1.317156430726325,0.37398300282410096,-0.05113249076906423,-0.30813943540735955,0.07454457393700942,0.4387891100510561,0.025138026822344894,0.1178014790397719,-0.005584602107948644,-0.05061427863386703,0.33489735433771095,0.9508481814237687,0.035732435263647666,0.21377490183804082,0.10657761625028761,0.4241552485456884,0.009763300372154005,0.03987145068657494,True,True,False
60,504,near_high_low_volume_low_rsi,-1,1,-1,-1,1.0,1,0.0005,0.1571482484727844,0.8028180713462433,-0.18824243214263492,-0.058404918641277836,-0.1982207741849783,-0.051503722421893716,-0.1719470292282188,1,1,-0.09859360208416912,-0.4921404921575634,-2.4607024607878167,-0.270953655764994,-0.10957788292641268,-0.57530895688185,-0.10725249185754637,-0.6533175758533641,-0.16680172450180097,-0.6474426872769979,-0.15885870198644647,-0.6337461696252024,0.1531161611970817,0.5250358611498643,0.20864900556025456,0.68562273761147,-0.08760932124192555,-0.4089720274332768,-0.12331338379075873,-0.5295410460593646,False,False,False
60,504,near_high_low_volume_low_rsi,-1,1,-1,-1,1.0,2,0.0005,0.13669356264166055,0.7093013566733185,-0.2244099231889921,-0.0788596044724017,-0.29173748885790307,-0.062386218248566605,-0.22220176354064614,1,1,-0.09259958356258524,-0.49581158605625625,-2.479057930281281,-0.36584757963993314,-0.12498860870239281,-0.7071737759500659,-0.08242470946005276,-0.449454351199027,-0.23818222154287572,-0.9519288322549618,-0.24988057114620066,-1.0328573191340205,0.12748425258580443,0.43619724106579516,0.1430965612781543,0.4851040857965411,-0.06021055842277767,-0.2844493961624466,-0.044228253740167256,-0.1991360424131563,False,False,False
60,504,near_high_low_volume_low_rsi,-1,1,-1,-1,1.0,3,0.0005,0.1374429441339442,0.7122956042745788,-0.2857211231345437,-0.07811022298011805,-0.28874324125664275,-0.03449605312743165,-0.1115709052830367,2,2,-0.05628389848033877,-0.3422080599764732,-1.711040299882366,-0.36237102904076185,-0.12692334741491051,-0.7259301944785412,-0.0937866061670738,-0.5134119902033831,-0.2990810672577955,-1.2424216445692868,-0.21431471430981874,-0.9490248714149271,0.12127777223911762,0.4317656458812299,0.13145996236422586,0.46701344442825166,0.01435555045423298,0.04151407452559486,0.06177165579252053,0.2721904569733743,False,False,False
60,504,near_high_low_volume_low_rsi,-1,1,-1,-1,1.0,5,0.0005,0.13139256496515106,0.6911715546246319,-0.29103663071847474,-0.08416060214891119,-0.3098672909065897,-0.08416060214891119,-0.3098672909065897,1,1,-0.03405116719652379,-0.14362755572672342,-0.718137778633617,-0.3904401093971248,-0.05474125768953808,-0.3053401997130688,-0.05474125768953808,-0.3053401997130688,-0.32215195340249436,-1.3552310009066917,-0.32215195340249436,-1.3552310009066917,-0.0133610767035095,0.018085088259621962,-0.0133610767035095,0.018085088259621962,0.060983970484596695,0.2515374033942711,0.060983970484596695,0.2515374033942711,False,False,False
60,504,near_high_low_volume_low_rsi,-1,1,-1,-1,1.0,10,0.0005,0.20765148629128816,0.980981163776189,-0.25094831185372,-0.007901680822774093,-0.02005768175503253,-0.07325874492764006,-0.22385779247962134,1,1,-0.027830708547002314,-0.1773274264783537,-0.8866371323917684,-0.03665768834931029,-0.05352304503670746,-0.3350843896818826,0.07215401966936619,0.41184415577653305,-0.21713026045335537,-0.8653162026721942,-0.2478528893836489,-1.033731960345833,0.27808207826679876,0.7886755730301299,-0.021082840807264525,0.051602293444402036,-0.0021383720572971665,-0.019570463274824812,-0.09895268793543077,-0.4038542611339383,False,False,False
60,504,pullback_high_volume_high_rsi,1,-1,1,1,0.25,1,0.0005,0.20865197089467813,0.9747651005744621,-0.26077643000923156,-0.00690119621938412,-0.026273744956759493,0.0,0.0,1,0,-0.005134206792110407,0.03215605065985927,-0.10268413584220815,-0.032016213502129985,-0.0023253910688663115,0.07800861897151412,0.0,0.0,-0.007943022515354503,-0.013696517651795581,0.0,0.0,-0.05553284436317285,-0.16058687646160563,0.0,0.0,0.03570406254883318,0.12056901862608771,0.0,0.0,False,False,False
60,504,pullback_high_volume_high_rsi,1,-1,1,1,0.25,2,0.0005,0.19907978089022715,0.9315031202139646,-0.23166749721119217,-0.016473386223835096,-0.06953572531725694,0.0,0.0,1,0,-0.01579730668748014,-0.0671100992400181,-0.3355504962000905,-0.07642377258654719,-0.04256389924234005,-0.25771942475103893,0.0,0.0,0.011698349603324942,0.08092848687905874,0.0,0.0,-0.015612308692349863,-0.04890684473074591,0.0,0.0,-0.015982304682610415,-0.08531335374929028,0.0,0.0,False,False,False
60,504,pullback_high_volume_high_rsi,1,-1,1,1,0.25,3,0.0005,0.17193899726137585,0.8238665095576155,-0.20648298532333742,-0.0436141698526864,-0.17717233597360604,0.0,0.0,0,0,-0.040276423293062136,-0.22159729336146872,-1.1079864668073436,-0.20233601963086675,-0.03313674124783672,-0.212518204275158,0.0,0.0,-0.08476635294797674,-0.29339677315435986,0.0,0.0,-0.010182190125108237,-0.03524779854702176,0.0,0.0,-0.04741610533828755,-0.23067638244777944,0.0,0.0,False,False,False
60,504,pullback_high_volume_high_rsi,1,-1,1,1,0.25,5,0.0005,0.21555316711406225,1.0010388455312216,-0.21988831808861653,0.0,0.0,0.0,0.0,0,0,0.0,0.0,0.0,0.0,0.0,0.0,0.0,0.0,0.0,0.0,0.0,0.0,0.0,0.0,0.0,0.0,0.0,0.0,0.0,0.0,False,False,False
60,504,pullback_high_volume_high_rsi,1,-1,1,1,0.25,10,0.0005,0.30284413279919,1.3079568218504902,-0.19672816700819518,0.08729096568512773,0.30691797631926865,0.02193390158026176,0.10311786559467984,3,1,0.06376847240421357,0.2763497777663762,1.2753694480842714,0.306599466833274,-0.05113249076906423,-0.30813943540735955,0.07454457393700942,0.4387891100510561,0.03072262893029354,0.16841575767363892,0.0,0.0,0.2991649190740633,0.7370732795857279,0.0,0.0,0.0968143158781336,0.3842837978591135,0.0,0.0,True,False,False
60,504,pullback_high_volume_high_rsi,1,-1,1,1,0.5,1,0.0005,0.1384272617181561,0.6880988902874197,-0.26077643000923156,-0.07712590539590614,-0.3129399552438019,-0.07022470917652202,-0.2866662102870424,0,0,-0.07702289676199603,-0.3333566941678228,-1.666783470839114,-0.35780455666000094,-0.08911337658017682,-0.47598892460091125,-0.0867879855113105,-0.5539975435724254,-0.16384118376881096,-0.6686826989147807,-0.15589816125345646,-0.6549861812629851,-0.06493241694381524,-0.1907244637347344,-0.00939957258064239,-0.030137587273128763,0.0033201238181186365,-0.019869004672662394,-0.032383938730714545,-0.1404380232987501,False,False,False
60,504,pullback_high_volume_high_rsi,1,-1,1,1,0.5,2,0.0005,0.1197443464739616,0.6096151646593391,-0.23166749721119229,-0.09580882064010066,-0.3914236808718825,-0.07933543441626556,-0.32188795555462557,0,0,-0.08229762356425896,-0.4639931434824388,-2.319965717412194,-0.4444788351887328,-0.14303065012435723,-0.8127375043831393,-0.10046675088201718,-0.5550180796321004,-0.19925847001231967,-0.8142024201513228,-0.2109568196156446,-0.8951309070303816,-0.019860893557726245,-0.06592159109761853,-0.004248584865376381,-0.017014746366872613,-0.02156459700416069,-0.11524878258173832,-0.005582292321550275,-0.02993542883244804,False,False,False
60,504,pullback_high_volume_high_rsi,1,-1,1,1,0.5,3,0.0005,0.11671325371941577,0.59716643157111,-0.24882976283244274,-0.09883991339464648,-0.40387241396011153,-0.05522574354196008,-0.2267000779865055,1,1,-0.08958690740104647,-0.48566460503454617,-2.428323025172731,-0.4585407615112623,-0.12114889278063634,-0.6922536969745973,-0.08801215153279962,-0.47973549269943927,-0.25021785439037414,-1.0230528257241278,-0.1654515014423974,-0.729656052569768,0.04089339130155678,0.09442827515273322,0.05107558142666502,0.12967607369975498,-0.05802492202145659,-0.2790755130944951,-0.010608816683169042,-0.04839913064671564,False,False,False
60,504,pullback_high_volume_high_rsi,1,-1,1,1,0.5,5,0.0005,0.19117735154991378,0.8869403062200377,-0.21988831808861664,-0.024375815564148473,-0.11409853931118386,-0.024375815564148473,-0.11409853931118386,2,2,-0.00550147704913273,-0.04681166897728162,-0.2340583448864081,-0.1139801315608638,0.0070200614364344105,0.007394072307314703,0.0070200614364344105,0.007394072307314703,-0.20272327317194683,-0.826261390197134,-0.20272327317194683,-0.826261390197134,0.1255701344973852,0.3231179297724672,0.1255701344973852,0.3231179297724672,-0.01802301553469987,-0.10101741026187794,-0.01802301553469987,-0.10101741026187794,False,False,False
60,504,pullback_high_volume_high_rsi,1,-1,1,1,0.5,10,0.0005,0.23215412639040767,1.0166523905655722,-0.24668291085337657,0.016600959276345417,0.01561354503435064,-0.04875610482852055,-0.18818656569023817,2,1,-0.006118955168879614,-0.033849355498729305,-0.16924677749364653,0.015597341805517043,-0.17313097055278415,-0.9779110000979303,-0.0474539058467105,-0.23098245463951472,-0.11655041539168032,-0.4619632440717709,-0.14727304432197386,-0.6303790017454098,0.29997598277011317,0.7212592214384584,0.0008110636960498852,-0.01581405814726944,0.10431250505392109,0.3942645330743123,0.007498189175787484,0.009980735215198822,False,False,False
60,504,pullback_high_volume_high_rsi,1,-1,1,1,1.0,1,0.0005,0.1009524629245282,0.5284403308570104,-0.3145452706407431,-0.11460070418953405,-0.4725985146742112,-0.10769950797014993,-0.4463247697174517,0,0,-0.12357948882018377,-0.5341191535561374,-2.6705957677806866,-0.531658642384465,-0.18321544480850704,-1.0344746286061532,-0.18089005373964073,-1.1124832475776674,-0.21309095671433687,-0.8878233701266182,-0.20514793419898236,-0.8741268524748226,-0.0639435328318605,-0.18041493698565658,-0.008410688468687644,-0.01982806052405095,0.002046240440216618,-0.04374179243863885,-0.033657822108616564,-0.16431081106472656,False,False,False
60,504,pullback_high_volume_high_rsi,1,-1,1,1,1.0,2,0.0005,0.11116619421362506,0.5631821273962665,-0.28755363176041704,-0.10438697290043719,-0.4378567181349551,-0.0879135866766021,-0.36832099281769815,0,2,-0.06539518518592613,-0.2843030915593019,-1.4215154577965095,-0.4842748278674083,-0.2751412403217418,-1.515441762840495,-0.23257734107940176,-1.257722338089456,-0.12587304214996053,-0.550230268440094,-0.13757139175328548,-0.6311587553191528,-0.004917328221891726,-0.012356193117250669,0.010694980470458137,0.036550651613495244,0.010836325521481838,-0.01837591467850974,0.026818630204092253,0.06693743907078054,False,False,False
60,504,pullback_high_volume_high_rsi,1,-1,1,1,1.0,3,0.0005,0.042202344070742415,0.29287630833713785,-0.2811515691861395,-0.17335082304331983,-0.7081625371940837,-0.12973665319063343,-0.5309902012204777,0,0,-0.15742858243143487,-0.6786697546757742,-3.3933487733788708,-0.8042137601791274,-0.30482768546034844,-1.6493947204956978,-0.2716909442125117,-1.43687651622054,-0.1969398756838412,-0.8127295765237916,-0.11217352273586445,-0.5193328033694318,-0.055751068028808914,-0.16550178594951737,-0.04556887790370068,-0.1302539874024956,-0.11791728917902855,-0.5446099328277567,-0.070501183840741,-0.3139335503799773,False,False,False
60,504,pullback_high_volume_high_rsi,1,-1,1,1,1.0,5,0.0005,0.1103637380862923,0.56843351989684,-0.3220276425089269,-0.10518942902776995,-0.4326053256343816,-0.10518942902776995,-0.4326053256343816,0,0,-0.10018613358687978,-0.525873481481353,-2.629367407406765,-0.4879976037285866,-0.1173153547610819,-0.6927655993247765,-0.1173153547610819,-0.6927655993247765,-0.08305691241267765,-0.35898136363792954,-0.08305691241267765,-0.35898136363792954,-0.0022021780162915228,0.013659382174226464,-0.0022021780162915228,0.013659382174226464,-0.19717016611949512,-0.8948401523487275,-0.19717016611949512,-0.8948401523487275,False,False,False
60,504,pullback_high_volume_high_rsi,1,-1,1,1,1.0,10,0.0005,0.030075435473292167,0.2443443986967745,-0.3761207077918505,-0.18547773164077008,-0.7566944468344471,-0.25083479574563605,-0.9604945575590359,0,0,-0.19408607568329772,-0.8420270258854861,-4.21013512942743,-0.860473237874638,-0.28119311957841997,-1.5363751028094568,-0.15551605487234632,-0.7894465573510412,-0.17742003978492416,-0.7106129016903678,-0.2081426687152177,-0.8790286593640068,-0.049631112795010424,-0.14742047256423796,-0.3487960318690737,-0.8844937521499658,-0.2107521115816713,-0.9734411500806042,-0.3075664274598049,-1.3577249479397178,False,False,False
60,504,pullback_high_volume_low_rsi,1,-1,1,-1,0.25,1,0.0005,0.23067175135183526,1.0523129519477652,-0.26077643000923156,0.015118584237773014,0.05127410641654362,0.022019780457157134,0.07754785137330311,3,3,0.029922307964778128,0.1687617123471683,0.5984461592955626,0.051220895817818114,0.016603563214514283,0.18991224240749283,0.018928954283380595,0.1119036234359787,0.08485185376702864,0.29620878754667235,0.09279487628238314,0.30990530519846793,-0.07755653243939387,-0.22639534676517004,-0.022023688076221015,-0.0658084703035644,0.04324105271504197,0.14761118228684378,0.00753699016620879,0.02704216366075607,True,True,False
60,504,pullback_high_volume_low_rsi,1,-1,1,-1,0.25,2,0.0005,0.24843723522974592,1.1007045089011191,-0.23166749721119217,0.03288406811568367,0.09966566336989757,0.04935745433951877,0.1692013886871545,2,4,0.023140877140573113,0.07635192298755189,0.38175961493775945,0.09956223358845577,-0.004659593628581371,-0.061803703389544884,0.03790430561375868,0.19591572136149404,0.09618818197949897,0.32574377498650153,0.08448983237617402,0.2448152881074428,0.002547704495321934,-0.0008740856311273415,0.018160013187671797,0.04803275909961857,0.04373404978582429,0.15357793160623112,0.05971635446843471,0.2388912853555214,False,True,False
60,504,pullback_high_volume_low_rsi,1,-1,1,-1,0.25,3,0.0005,0.20524895150485656,0.9445460607129772,-0.2064829853233371,-0.010304215609205691,-0.05649278481824438,0.03330995424348071,0.12067955115536166,1,3,-0.015898316909543797,-0.0495911389446263,-0.31796633819087594,-0.05643415844493561,0.016540326888673906,0.03791814619084688,0.04967706813651063,0.2504363504660049,-0.014858908074514732,-0.04416468165553322,0.06990744487346201,0.24923209149882664,-0.016937725744572862,-0.05501759623371938,-0.0067555356194646254,-0.01976979768669762,-0.025439542446955565,-0.13844080319192997,0.021976562891331985,0.09223557925584946,False,True,False
60,504,pullback_high_volume_low_rsi,1,-1,1,-1,0.25,5,0.0005,0.22969232447175947,1.0448486943618813,-0.21988831808861686,0.014139157357697218,0.04380984883065975,0.014139157357697218,0.04380984883065975,3,3,0.01644167936520957,0.05253302135611421,0.26266510678057103,0.043764384395503814,0.029685080527414476,0.15013293222852675,0.029685080527414476,0.15013293222852675,0.009943511704801455,0.01007300903627173,0.009943511704801455,0.01007300903627173,-0.007523327633756294,-0.02594308997484107,-0.007523327633756294,-0.02594308997484107,0.022939847025617688,0.09499303367595668,0.022939847025617688,0.09499303367595668,True,True,False
60,504,pullback_high_volume_low_rsi,1,-1,1,-1,0.25,10,0.0005,0.33206065166464493,1.386720150053196,-0.1967281670081953,0.11650748455058269,0.38568130452197447,0.051150420445716716,0.18188119379738565,3,3,0.16677246747024188,0.5594311741833657,2.7971558709168285,0.3852810570176274,-0.06612880837427149,-0.37881311404945006,0.05954825633180216,0.3681154314089656,0.1648869764903036,0.5628327825834292,0.13416434756001006,0.39441702490979025,0.2240334636450667,0.5560295657833024,-0.07513145542899657,-0.18104371380242545,0.16865795845018017,0.6224530141622774,0.07184364257204656,0.2381692163031639,True,True,True
60,504,pullback_high_volume_low_rsi,1,-1,1,-1,0.5,1,0.0005,0.14018685051130242,0.6790079299862009,-0.26077643000923145,-0.07536631660275983,-0.3220309155450207,-0.06846512038337571,-0.29575717058826123,1,1,-0.05929216930045478,-0.3626061707625485,-1.8130308538127422,-0.3496414254163055,-0.11077405150976882,-0.640750181963581,-0.10844866044090251,-0.7187588009350951,-0.22090885977008057,-0.9098641394806873,-0.21296583725472606,-0.8961676218288918,0.041642175624618805,0.10051712325651163,0.09717501998779166,0.26110399971811726,-0.007810287091140733,-0.08446215956151593,-0.043514349639973915,-0.20503117818760364,False,False,False
60,504,pullback_high_volume_low_rsi,1,-1,1,-1,0.5,2,0.0005,0.12057711417702,0.6031366749717058,-0.2316674972111924,-0.09497605293704225,-0.3979021705595158,-0.07850266671320716,-0.3283664452422589,1,1,-0.10894885697061701,-0.5321212773804203,-2.660606386902101,-0.44061543705727446,-0.19109612725113412,-1.0727481722853958,-0.14853222800879406,-0.8150287475343568,-0.22207658731083302,-0.9147508361928013,-0.23377493691415796,-0.99567932307186,0.07583740721217724,0.19071583288488358,0.0914497159045271,0.2396226776156295,-0.02680158669009991,-0.1494917185680391,-0.010819282007489495,-0.06417836481874883,False,False,False
60,504,pullback_high_volume_low_rsi,1,-1,1,-1,0.5,3,0.0005,0.12199100853792921,0.6049403226023341,-0.2260538660092004,-0.09356215857613304,-0.3960985229288875,-0.049947988723446635,-0.21892618695528143,1,2,-0.07282164745803221,-0.4413013644595406,-2.206506822297703,-0.4340560606405919,-0.14094790132273616,-0.8196276275595276,-0.10781116007489944,-0.6071094232843695,-0.27584668691915115,-1.1378747766099933,-0.1910803339711744,-0.8444780034556333,0.05843174667226436,0.1400962603781869,0.0686139367973726,0.17534405892520866,-0.0046953935933282676,-0.06297510135955364,0.04272071174495928,0.1677012810882258,False,False,False
60,504,pullback_high_volume_low_rsi,1,-1,1,-1,0.5,5,0.0005,0.11105999477368678,0.565544276979548,-0.27545053695559374,-0.10449317234037547,-0.43549456855167357,-0.10449317234037547,-0.43549456855167357,2,2,-0.09924455614937011,-0.4207112558682086,-2.103556279341043,-0.48476751114068206,-0.24120869037460746,-1.2967132403060573,-0.24120869037460746,-1.2967132403060573,-0.22776673382237655,-0.9198195114543118,-0.22776673382237655,-0.9198195114543118,0.04142147932870621,0.11000411695011192,0.04142147932870621,0.11000411695011192,0.029277621523636332,0.0783969997178946,0.029277621523636332,0.0783969997178946,False,False,False
60,504,pullback_high_volume_low_rsi,1,-1,1,-1,0.5,10,0.0005,0.1424221896109059,0.6942710867619523,-0.2706675384156272,-0.07313097750315634,-0.3067677587692693,-0.1384880416080223,-0.5105678694938581,1,0,-0.10127109184430327,-0.42374464080393576,-2.1187232040196786,-0.3392711806663379,-0.25483928285456425,-1.4028587176231293,-0.1291622181484906,-0.6559301721647137,-0.17186832414379638,-0.683417750312718,-0.20259095307408992,-0.8518335079863569,0.21684055851106665,0.5702116383511205,-0.08232436056299663,-0.16686164123460734,-0.030673859544810167,-0.1640715312951535,-0.12748817542294377,-0.548355329154267,False,False,False
60,504,pullback_high_volume_low_rsi,1,-1,1,-1,1.0,1,0.0005,0.05407832503462884,0.34361771409237496,-0.3384536737474565,-0.1614748420794334,-0.6574211314388466,-0.1545736458600493,-0.6311473864820871,0,0,-0.13879013975952448,-0.5305674942688996,-2.7758027951904896,-0.7491183926515321,-0.2418344419372963,-1.3553153240888713,-0.23950905086843,-1.4333239430603855,-0.11750061631011532,-0.47787760548673563,-0.10955759379476082,-0.46418108783494005,-0.1504742495909126,-0.4457833270544027,-0.09494140522773975,-0.2851964505927971,-0.12710602992813635,-0.5832573830510636,-0.16281009247696954,-0.7038264016771513,False,False,False
60,504,pullback_high_volume_low_rsi,1,-1,1,-1,1.0,2,0.0005,0.06358079698971264,0.38222725912465405,-0.3124034930776014,-0.1519723701243496,-0.6188115864065675,-0.1354989839005145,-0.5492758610893106,0,0,-0.14744003382036935,-0.6525298186597847,-3.262649093298923,-0.7050342714005766,-0.2450699815139049,-1.3789598768850329,-0.20250608227156486,-1.1212404521339938,-0.09586601700241015,-0.40279413809669795,-0.1075643666057351,-0.4837226249757567,-0.04152109343153221,-0.10841544627053046,-0.025908784739182344,-0.059508601539784545,-0.19901405063832855,-0.9022654992228714,-0.18303174595571814,-0.8169521454735811,False,False,False
60,504,pullback_high_volume_low_rsi,1,-1,1,-1,1.0,3,0.0005,0.01720592537160348,0.18987281488076285,-0.3460468525587518,-0.19834724174245877,-0.8111660306504587,-0.15473307188977237,-0.6339936946768527,0,0,-0.12895237350164884,-0.5453634590224558,-2.7268172951122787,-0.920177812268011,-0.37936600624617756,-2.170020256482105,-0.34622926499834084,-1.957502052206947,-0.1202520129451341,-0.47771230147082,-0.03548565999715736,-0.18431552831646014,-0.12495454054596422,-0.36302808851447144,-0.11477235042085598,-0.3277802899674497,-0.13295020645733346,-0.6130146165740915,-0.08553410111904591,-0.38233823412631207,False,False,False
60,504,pullback_high_volume_low_rsi,1,-1,1,-1,1.0,5,0.0005,0.1252664586783392,0.633068776150578,-0.2894172063435624,-0.09028670843572306,-0.3679700693806436,-0.09028670843572306,-0.3679700693806436,0,0,-0.08790281618429685,-0.39409064493294227,-1.9704532246647113,-0.4188605050184528,-0.16383375662691435,-0.9294104997759605,-0.16383375662691435,-0.9294104997759605,-0.05833006544772301,-0.24211372032755363,-0.05833006544772301,-0.24211372032755363,-0.00677227949293191,-0.01734746360847561,-0.00677227949293191,-0.01734746360847561,-0.11747556692087069,-0.5460675695383309,-0.11747556692087069,-0.5460675695383309,False,False,False
60,504,pullback_high_volume_low_rsi,1,-1,1,-1,1.0,10,0.0005,0.16235617216056086,0.7934782584752532,-0.2288386122167242,-0.053196994953501386,-0.20756058705596836,-0.11855405905836736,-0.41136069778055717,1,0,-0.08198035453656394,-0.47324820100221426,-2.366241005011071,-0.24679291733789108,-0.1513723283015478,-0.872079233847104,-0.025695263595474138,-0.12515068838868826,-0.012588380771580088,-0.07539995906166097,-0.043311009701873626,-0.2438157167352999,0.1895379476369501,0.6345215650728236,-0.1096269714371132,-0.10255171451290424,-0.18258813486693615,-0.8710964429427676,-0.27940245074506975,-1.255380240801881,False,False,False
60,504,pullback_low_volume_high_rsi,1,-1,-1,1,0.25,1,0.0005,0.2095734675482337,0.9785093939596367,-0.2607764300092309,-0.005979699565828556,-0.022529451571584924,0.0009214966535555646,0.0037442933851745686,2,1,-0.0033267237066977318,0.044221257817515514,-0.06653447413395464,-0.027741181657815004,0.0012895751019590396,0.10213903328682661,0.003614966170825351,0.024130414315312487,-0.007943022515354503,-0.013696517651795581,0.0,0.0,-0.05553284436317285,-0.16058687646160563,0.0,0.0,0.03570406254883318,0.12056901862608771,0.0,0.0,False,False,False
60,504,pullback_low_volume_high_rsi,1,-1,-1,1,0.25,2,0.0005,0.19773105941755054,0.9268206082928243,-0.2316674972111924,-0.017822107696511713,-0.07421823723839727,-0.0013487214726766172,-0.004682511921140331,1,0,-0.01579730668748014,-0.0671100992400181,-0.3355504962000905,-0.08268079720248767,-0.04770151045210058,-0.2817288450544464,-0.005137611209760529,-0.02400942030340747,0.011698349603324942,0.08092848687905874,0.0,0.0,-0.015612308692349863,-0.04890684473074591,0.0,0.0,-0.015982304682610415,-0.08531335374929028,0.0,0.0,False,False,False
60,504,pullback_low_volume_high_rsi,1,-1,-1,1,0.25,3,0.0005,0.16983210962691242,0.8161039117926011,-0.20648298532333698,-0.04572105748714983,-0.18493493373862047,-0.002106887634463428,-0.007762597765014423,0,0,-0.044411808288918886,-0.24159538334937103,-1.207976916746855,-0.21211034891895625,-0.04140751123955022,-0.2525143842509626,-0.0082707699917135,-0.039996179975804624,-0.08476635294797674,-0.29339677315435986,0.0,0.0,-0.010182190125108237,-0.03524779854702176,0.0,0.0,-0.04741610533828755,-0.23067638244777944,0.0,0.0,False,False,False
60,504,pullback_low_volume_high_rsi,1,-1,-1,1,0.25,5,0.0005,0.20998494590469519,0.9801948203138673,-0.21988831808861664,-0.0055682212093670636,-0.02084402521735429,-0.0055682212093670636,-0.02084402521735429,0,0,0.0,0.0,0.0,-0.025832240295595287,-0.021588831385922713,-0.1130808960289511,-0.021588831385922713,-0.1130808960289511,0.0,0.0,0.0,0.0,0.0,0.0,0.0,0.0,0.0,0.0,0.0,0.0,False,False,False
60,504,pullback_low_volume_high_rsi,1,-1,-1,1,0.25,10,0.0005,0.292541836971697,1.2711973894500992,-0.1967281670081953,0.07698866985763475,0.2701585439188776,0.011631605752768781,0.0663584331942888,3,1,0.06376847240421357,0.2763497777663762,1.2753694480842714,0.26987818217535053,-0.08661810999862718,-0.4981691083859964,0.03905895470744647,0.24875943707241926,0.03072262893029354,0.16841575767363892,0.0,0.0,0.2991649190740633,0.7370732795857279,0.0,0.0,0.0968143158781336,0.3842837978591135,0.0,0.0,True,False,False
60,504,pullback_low_volume_high_rsi,1,-1,-1,1,0.5,1,0.0005,0.06833196948144415,0.4056330564041471,-0.26077643000923145,-0.1472211976326181,-0.5954057891270745,-0.14032000141323397,-0.5691320441703149,0,0,-0.13590874038862738,-0.5374857878094603,-2.7181748077725474,-0.6829925053001631,-0.06532529198504622,-0.4540419581633439,-0.06299990091617991,-0.532050577134858,-0.2549049543641584,-1.0276992470479636,-0.24696193184880388,-1.014002729396168,-0.13874860669673938,-0.412178254838742,-0.08321576233356653,-0.25159137837713635,-0.13306887408051538,-0.6209296174555766,-0.16877293662934856,-0.7414986360816643,False,False,False
60,504,pullback_low_volume_high_rsi,1,-1,-1,1,0.5,2,0.0005,0.1274740853070202,0.6425132974459514,-0.3212288882551061,-0.08807908180704205,-0.35852554808527015,-0.07160569558320695,-0.2889898227680132,1,1,-0.10068697690475603,-0.4621355637388619,-2.3106778186943093,-0.4086188247024645,-0.13358060407378924,-0.7830169768892122,-0.09101670483144919,-0.5252975521381733,-0.06779334973572282,-0.22352609447251615,-0.07949169933904776,-0.3044545813515749,0.01591893134382527,0.03980078231151707,0.031531240036175134,0.08870762704226298,-0.1488431112034162,-0.7007450330052076,-0.13286080652080579,-0.6154316792559174,False,False,False
60,504,pullback_low_volume_high_rsi,1,-1,-1,1,0.5,3,0.0005,0.134997144034386,0.6745997703472335,-0.28272443056660834,-0.08055602307967624,-0.32643907518398807,-0.03694185322698984,-0.14926673921038203,0,0,-0.07879845463563917,-0.3873542011604915,-1.9367710058024574,-0.37371765007307534,-0.051041177671813154,-0.3769538082738889,-0.017904436423976433,-0.16443560399873092,-0.11349413680805664,-0.3977545940470941,-0.028727783860079903,-0.10435782089273427,-0.04967732369102151,-0.1460135161611229,-0.039495133565913276,-0.11076571761410114,-0.10655573159946519,-0.4970509002328171,-0.059139626261177636,-0.2663745177850377,False,False,False
60,504,pullback_low_volume_high_rsi,1,-1,-1,1,0.5,5,0.0005,0.1553868028130192,0.7546406268036605,-0.21988831808861675,-0.06016636430104305,-0.24639821872756107,-0.06016636430104305,-0.24639821872756107,1,1,-0.0716209371638944,-0.29029405774652184,-1.4514702887326092,-0.279125401433816,-0.18988951896911177,-1.0653535548426225,-0.18988951896911177,-1.0653535548426225,-0.07554529173324687,-0.26897878201824965,-0.07554529173324687,-0.26897878201824965,0.1199445136623003,0.31916527779168924,0.1199445136623003,0.31916527779168924,-0.06769658259454192,-0.31160933347479397,-0.06769658259454192,-0.31160933347479397,False,False,False
60,504,pullback_low_volume_high_rsi,1,-1,-1,1,0.5,10,0.0005,0.18676680242631294,0.8821952306931774,-0.22638073947430915,-0.02878636468774931,-0.11884361483804418,-0.09414342879261528,-0.322643725562633,2,1,0.00471840638815868,-0.05147945534247461,-0.25739727671237306,-0.1335464705675918,-0.04845866201569038,-0.3243384786525524,0.07721840269038327,0.42259006680586325,-0.2691954425284704,-1.0983156737299944,-0.2999180714587639,-1.2667314314036333,0.16549118311300526,0.43727601604929134,-0.13367373596105803,-0.29979726353643654,0.05789547479200774,0.22137956796760316,-0.038918841086125866,-0.16290422989151032,False,False,False
60,504,pullback_low_volume_high_rsi,1,-1,-1,1,1.0,1,0.0005,-0.009446491227901754,0.062350182919471,-0.4553993065376434,-0.224999658341964,-0.9386886626117505,-0.21809846212257988,-0.912414917654991,0,0,-0.22890899124030378,-0.9922951600530188,-4.961475800265093,-1.0438244139688426,-0.20614980532251692,-1.1827066438188878,-0.2038244142536506,-1.260715262790402,-0.4251704077239564,-1.9244665977396431,-0.4172273852086019,-1.9107700800878475,-0.25166817715809064,-0.8018836762871497,-0.1961353327949178,-0.6412967998255441,-0.010967006342156527,-0.08125808438174265,-0.04667106889098971,-0.20182710300783036,False,False,False
60,504,pullback_low_volume_high_rsi,1,-1,-1,1,1.0,2,0.0005,0.024881625375231975,0.22215703249045032,-0.43558852909945056,-0.19067154173883027,-0.7788818130407713,-0.17419815551499518,-0.7093460877235143,0,0,-0.16870755180805924,-0.7850421970716888,-3.9252109853584436,-0.8845685001600296,-0.22166953076593032,-1.2527425900972984,-0.17910563152359027,-0.9950231653462596,-0.38592541956758,-1.6998119579758963,-0.3976237691709049,-1.780740444854955,-0.11574557285018816,-0.31734180404607915,-0.1001332641578383,-0.26843495931533323,-0.03306869028790782,-0.17448101811718097,-0.017086385605297405,-0.0891676643678907,False,False,False
60,504,pullback_low_volume_high_rsi,1,-1,-1,1,1.0,3,0.0005,0.08533887017724973,0.49849650337736895,-0.3555318408168622,-0.13021429693681252,-0.5025423421538526,-0.08660012708412612,-0.3253700061802466,2,2,-0.11143704999788645,-0.667496540692694,-3.33748270346347,-0.6040936381505739,-0.23721422693327276,-1.3547018008033218,-0.20407748568543604,-1.1421835965281637,-0.35029910230687256,-1.5256774007700777,-0.2655327493588958,-1.2322806276157179,0.08654525567670945,0.3746405886143128,0.09672744580181769,0.4098883871613346,0.014340126937499864,0.019708719417933618,0.061756232275787415,0.25038510186571306,False,False,False
60,504,pullback_low_volume_high_rsi,1,-1,-1,1,1.0,5,0.0005,0.044920461938871226,0.31202785109735476,-0.3233606267330541,-0.17063270517519102,-0.6890109944338668,-0.17063270517519102,-0.6890109944338668,0,0,-0.1569418250291887,-0.7777938940203708,-3.888969470101854,-0.7916037952942668,-0.2367331922386463,-1.3420501150032964,-0.2367331922386463,-1.3420501150032964,-0.2957211745203472,-1.2259940781895804,-0.2957211745203472,-1.2259940781895804,-0.07715045781973107,-0.1887666944744648,-0.07715045781973107,-0.1887666944744648,-0.0691114419338863,-0.3295937098511612,-0.0691114419338863,-0.3295937098511612,False,False,False
60,504,pullback_low_volume_high_rsi,1,-1,-1,1,1.0,10,0.0005,0.11968015732766601,0.6390913534146632,-0.43001904604717145,-0.09587300978639623,-0.3619474921165584,-0.1612300738912622,-0.5657476028411472,1,1,-0.09169098090421979,-0.5202900843841924,-2.601450421920962,-0.44477662318765193,-0.16197723551935983,-0.9189507564031139,-0.03630017081328618,-0.17202221094469827,-0.4430520320443241,-1.9955205793798494,-0.4737746609746176,-2.1639363370534883,0.35021380034573335,1.111893415095346,0.051048881271670066,0.3748201355096181,-0.021404726289079745,-0.12162941236527092,-0.11821904216721335,-0.5059132102243844,False,False,False
60,504,pullback_low_volume_low_rsi,1,-1,-1,-1,0.25,1,0.0005,0.2100415559398392,0.974860563191773,-0.2607764300092318,-0.005511611174223052,-0.026178282339448522,0.001389585045161068,9.546261731097072e-05,2,2,-0.010241726394881412,-0.04248134145889115,-0.21240670729445577,-0.026151115370109824,0.06837565234788934,0.4146766385486451,0.07070104341675565,0.336668019577131,-0.05778730035119528,-0.2166116105065048,-0.04984427783584078,-0.2029150928547092,-0.07413218367068208,-0.2157740786343295,-0.018599339307509233,-0.05518720217272388,0.03730384756143246,0.1308113957165472,0.0015997850125992752,0.010242377090459498,False,False,False
60,504,pullback_low_volume_low_rsi,1,-1,-1,-1,0.25,2,0.0005,0.22775588029838856,1.029376857812298,-0.23166749721119206,0.012202713184326308,0.028338012281076352,0.028676099408161404,0.09787373759833329,2,4,0.007426244509942559,0.010807348682314255,0.054036743411571275,0.028308604014300975,0.025158376621645218,0.06079765748951527,0.06772227586398527,0.3185170822405542,0.04983421218009676,0.18017262706004722,0.03813586257677182,0.09924414018098848,-0.01126055112318669,-0.039182960124886757,0.004351757569163173,0.009723884605859157,-0.0103058876017601,-0.05966033698159956,0.005676417080850316,0.025653016767690717,False,True,False
60,504,pullback_low_volume_low_rsi,1,-1,-1,-1,0.25,3,0.0005,0.18678242340355733,0.8745417434051659,-0.2064829853233371,-0.02877074371050492,-0.1264971021260557,0.014843426142181482,0.05067523384755035,0,3,-0.028019589094403496,-0.13833189621013403,-0.6916594810506701,-0.13347400131346981,-0.022024106648563357,-0.1841430066316918,0.011112634599273363,0.028375197643466188,-0.024426077456564332,-0.07650786645870777,0.06034027549141241,0.21688890669565208,-0.03161310073224266,-0.09629156134529715,-0.021430910607134424,-0.06104376279827539,-0.036110353597395894,-0.1803722310749709,0.011305751740891656,0.050304151372808525,False,True,False
60,504,pullback_low_volume_low_rsi,1,-1,-1,-1,0.25,5,0.0005,0.23516806170364646,1.0664859898944372,-0.21988831808861664,0.01961489458958421,0.06544714436321564,0.01961489458958421,0.06544714436321564,3,3,0.01902561183763296,0.0697103694388913,0.34855184719445653,0.06537922544702526,0.023211390816653577,0.0777918688388397,0.023211390816653577,0.0777918688388397,0.057298243256611814,0.2122306809879575,0.057298243256611814,0.2122306809879575,-0.013684797969142792,-0.042642340384994704,-0.013684797969142792,-0.042642340384994704,0.014839832858612345,0.06162887003894291,0.014839832858612345,0.06162887003894291,True,True,False
60,504,pullback_low_volume_low_rsi,1,-1,-1,-1,0.25,10,0.0005,0.2478582117779009,1.0838961778308103,-0.1967281670081954,0.032305044663838656,0.08285733229958869,-0.033052019441027314,-0.12094277842500012,2,1,0.0006703226261199902,-0.07477018125741719,-0.37385090628708595,0.08277134565703968,-0.025408904404099264,-0.2143613262865134,0.10026816030197439,0.5325672191719022,-0.08397463155274543,-0.32646716820065835,-0.11469726048303897,-0.4948829258742973,0.22810316758497784,0.5685210869553156,-0.07106175148908545,-0.16855219263041232,0.026749549656339244,0.06482096377167901,-0.07006476622179436,-0.3194628340874345,False,False,False
60,504,pullback_low_volume_low_rsi,1,-1,-1,-1,0.5,1,0.0005,0.07884339220350123,0.456935111691349,-0.2708925306296117,-0.13670977491056102,-0.5441037338398726,-0.1298085786911769,-0.517829988883113,0,0,-0.16575676006185291,-0.6504482541830902,-3.3151352012370583,-0.6342276327502049,-0.1476570038670415,-0.8366246982006766,-0.1453316127981752,-0.9146333171721908,-0.19270042841649793,-0.7465193494676927,-0.18475740590114342,-0.7328228318158971,-0.18385651625666433,-0.5543771588984876,-0.12832367189349148,-0.39379028243688197,-0.027982358187021772,-0.15050399959751404,-0.06368642073585495,-0.27107301822360175,False,False,False
60,504,pullback_low_volume_low_rsi,1,-1,-1,-1,0.5,2,0.0005,0.11390625657105646,0.593256731045714,-0.23166749721119217,-0.10164691054300579,-0.4077821144855076,-0.08517352431917069,-0.33824638916825067,1,1,-0.08994113545405902,-0.362536370824298,-1.81268185412149,-0.47156305752268646,-0.2438768467456417,-1.3344081360467732,-0.20131294750330164,-1.0766887112957342,-0.10186496602859507,-0.3590655425554614,-0.11356331563192001,-0.43999402943452015,0.041655920369091826,0.1469956972476808,0.05726822906144169,0.19590254197842671,-0.07801730487952296,-0.36600719909313467,-0.06203500019691255,-0.2806938453438444,False,False,False
60,504,pullback_low_volume_low_rsi,1,-1,-1,-1,0.5,3,0.0005,0.17821953884556896,0.8714021065885706,-0.210658084878385,-0.03733362826849329,-0.12963673894265093,0.006280541584193111,0.04753559703095511,1,2,-0.07038448530246322,-0.3820342708253111,-1.9101713541265555,-0.17319916366034097,-0.10468795022881272,-0.5853480585161247,-0.071551208980976,-0.3728298542409667,-0.24658178616100068,-0.9875396200495978,-0.16181543321302394,-0.694142846895238,0.28666754968393326,0.7981268842322987,0.2968497398090415,0.8333746827793205,-0.036081020376113715,-0.1787204831344975,0.011335084962173836,0.05195589931328193,False,False,False
60,504,pullback_low_volume_low_rsi,1,-1,-1,-1,0.5,5,0.0005,0.12738728297732616,0.6502614598505323,-0.21988831808861675,-0.0881658841367361,-0.3507773856806893,-0.0881658841367361,-0.3507773856806893,1,1,-0.09345817268859524,-0.3854420333795414,-1.927210166897707,-0.4090215203847234,-0.18707199386274764,-1.046238542742387,-0.18707199386274764,-1.046238542742387,-0.17190250043324395,-0.6781943376614639,-0.17190250043324395,-0.6781943376614639,0.03021469097286089,0.14981312710358707,0.03021469097286089,0.14981312710358707,-0.01501384494394653,-0.09268972909761897,-0.01501384494394653,-0.09268972909761897,False,False,False
60,504,pullback_low_volume_low_rsi,1,-1,-1,-1,0.5,10,0.0005,0.1537454863595591,0.7629605684440532,-0.360378124515913,-0.06180768075450316,-0.23807827708716833,-0.12716474485936913,-0.44187838781175715,2,1,-0.055099705862203585,-0.3659017410618806,-1.829508705309403,-0.2867398404858369,-0.15317093124474157,-0.8797322627387336,-0.02749386653866792,-0.13280371728031798,-0.3854439545990025,-1.7037673111417022,-0.41616658352929603,-1.8721830688153411,0.3356854405804677,0.9583507778442194,0.03652052150640439,0.22127749825849152,0.0429715195203344,0.1479287806149724,-0.053842796357799205,-0.2363550172441411,False,False,False
60,504,pullback_low_volume_low_rsi,1,-1,-1,-1,1.0,1,0.0005,0.03663861686376779,0.27829840985974014,-0.348328483906467,-0.17891455025029446,-0.7227404356714815,-0.17201335403091034,-0.6964666907147219,1,0,-0.18419179775998162,-0.8770754737891949,-4.385377368945974,-0.8300251517790036,-0.2719006641034154,-1.552423187525348,-0.2695752730345491,-1.6304318064968621,-0.35292007464723774,-1.5455246446569917,-0.34497705213188323,-1.531828127005196,-0.09648293141654785,-0.20862630292139817,-0.040950087053374995,-0.048039426459792534,0.019883573837550905,0.042146599490143766,-0.015820488711282277,-0.07842241913594394,False,False,False
60,504,pullback_low_volume_low_rsi,1,-1,-1,-1,1.0,2,0.0005,0.032390153809836564,0.2582303387624671,-0.3546613503414149,-0.18316301330422569,-0.7428085067687544,-0.1666896270803906,-0.6732727814514976,1,1,-0.18609087070813313,-0.8557236101609433,-4.278618050804717,-0.8497347348522281,-0.2880469225393536,-1.6629202065981765,-0.24548302329701355,-1.4052007818471377,-0.35557840889048375,-1.548558082561669,-0.3672767584938087,-1.6294865694407277,-0.08413481887691265,-0.16288913776021763,-0.06852251018456279,-0.11398229302947172,0.012323573228060658,0.017099447692846104,0.028305877910671073,0.10241280144213638,False,False,False
60,504,pullback_low_volume_low_rsi,1,-1,-1,-1,1.0,3,0.0005,-0.0041301255122443425,0.08295689915394693,-0.38667768876440245,-0.2196832926263066,-0.9180819463772747,-0.1760691227736202,-0.7409096104036687,0,0,-0.2119153462823246,-0.9687463692170197,-4.843731846085098,-1.01916058839469,-0.3657741319823856,-2.0810152735521474,-0.3326373907345489,-1.8684970692769896,-0.3711767746599727,-1.6555453380945302,-0.28641042171199593,-1.3621485649401703,-0.053254027692767325,-0.03812118964142863,-0.04307183756765909,-0.002873391094406874,-0.058056560582263605,-0.2819474003395093,-0.010640455243976055,-0.051271017891729886,False,False,False
60,504,pullback_low_volume_low_rsi,1,-1,-1,-1,1.0,5,0.0005,0.02623537428516043,0.22855559298630762,-0.4142643155083716,-0.18931779282890182,-0.7724832525449139,-0.18931779282890182,-0.7724832525449139,1,1,-0.20825974786127321,-0.7860748167551379,-4.165194957225464,-0.8782881521231479,-0.3939292320921891,-2.2098315333162013,-0.3939292320921891,-2.2098315333162013,-0.3316636890741096,-1.4058124981567024,-0.3316636890741096,-1.4058124981567024,-0.08485580664843684,-0.16633713535357353,-0.08485580664843684,-0.16633713535357353,0.10430256144911665,0.3860899089949624,0.10430256144911665,0.3860899089949624,False,False,False
60,504,pullback_low_volume_low_rsi,1,-1,-1,-1,1.0,10,0.0005,0.1164219641729709,0.6272001005794051,-0.35394663195564635,-0.09913120294109135,-0.37383874495181646,-0.16448826704595731,-0.5776388556764053,2,0,-0.1270586641221645,-0.5849796563689238,-2.924898281844619,-0.4598921197415532,-0.2989627960383847,-1.6342904460323404,-0.17328573133231107,-0.8873619005739248,-0.3251113063941393,-1.371440113461196,-0.35583393532443286,-1.539855871134835,0.2677842401444437,0.9369115928593131,-0.0313806789296196,0.19983831327358526,0.04484546779405574,0.2014808007233484,-0.05196884808407787,-0.1828029971357651,False,False,False
