section,variant_order,variant,score_definition,k,transaction_cost_rate,transaction_cost_bps_one_side,start,end,return_days,train_end,total_return,annual_return,sharpe,max_drawdown,annual_turnover_single_side,avg_holding_days,is_sharpe,oos_sharpe,date,signal_top1_k0,signal_top1_k1,signal_top1_k0_name,signal_top1_k1_name,signal_disagree,held_top1_k0,held_top1_k1,held_top1_k0_name,held_top1_k1_name,held_disagree,episode_id,start_date,end_date,trading_days,k0_asset_start,k1_asset_start,k0_asset_start_name,k1_asset_start_name,k0_episode_return,k1_episode_return,k1_minus_k0_return_diff,abs_return_diff,abs_rank,episode_count,episode_signed_diff_sum,episode_abs_diff_sum,top3_abs_share_of_abs_episode_diff,top5_abs_share_of_abs_episode_diff,window_start,window_end,signal_overlap_days,signal_total_comparable_days,signal_all_match,held_overlap_days,held_total_comparable_days,held_all_match,window_max_drawdown
metrics,0.0,k0,momentum,0.0,0.0001,1.0,2014-02-07,2026-06-04,2997.0,2022-09-02,19.402882853921728,0.2886180586404987,1.0825914554328644,-0.3190790906409155,22.49249249249249,11.182835820895525,1.0640438550861535,1.1271081140013048,,,,,,,,,,,,,,,,,,,,,,,,,,,,,,,,,,,,,,
metrics,0.0,k0,momentum,0.0,0.0005,5.0,2014-02-07,2026-06-04,2997.0,2022-09-02,15.471682249151218,0.2656344761453819,1.0149505589115655,-0.3218027229118037,22.49249249249249,11.182835820895525,0.9926792367323664,1.0664007321659004,,,,,,,,,,,,,,,,,,,,,,,,,,,,,,,,,,,,,,
metrics,1.0,k0.5,momentum * ER^0.5,0.5,0.0001,1.0,2014-02-07,2026-06-04,2997.0,2022-09-02,21.823091002603128,0.3008213985756387,1.1353034950377758,-0.2937733698069492,22.49249249249249,11.182835820895525,1.0844338930371755,1.2455025344718618,,,,,,,,,,,,,,,,,,,,,,,,,,,,,,,,,,,,,,
metrics,1.0,k0.5,momentum * ER^0.5,0.5,0.0005,5.0,2014-02-07,2026-06-04,2997.0,2022-09-02,17.425141770662215,0.2776176749072199,1.0662240045066715,-0.2949152314519986,22.49249249249249,11.182835820895525,1.0112431900362366,1.1835187723597695,,,,,,,,,,,,,,,,,,,,,,,,,,,,,,,,,,,,,,
metrics,2.0,k1,momentum * ER,1.0,0.0001,1.0,2014-02-07,2026-06-04,2997.0,2022-09-02,29.011400207473805,0.3311170981150251,1.2346118158832449,-0.2579467007454498,22.912912912912915,10.978021978021978,1.1934072213253193,1.3281356809018097,,,,,,,,,,,,,,,,,,,,,,,,,,,,,,,,,,,,,,
metrics,2.0,k1,momentum * ER,1.0,0.0005,5.0,2014-02-07,2026-06-04,2997.0,2022-09-02,23.138776353282108,0.306966167421836,1.1637749478957689,-0.2622193265943886,22.912912912912915,10.978021978021978,1.1174459234740617,1.266136280427537,,,,,,,,,,,,,,,,,,,,,,,,,,,,,,,,,,,,,,
metrics,3.0,k1.5,momentum * ER^1.5,1.5,0.0001,1.0,2014-02-07,2026-06-04,2997.0,2022-09-02,34.40064677593431,0.349730891342328,1.2968712785032457,-0.2772987058628874,22.324324324324326,11.266917293233083,1.2601218929428488,1.3833969140367803,,,,,,,,,,,,,,,,,,,,,,,,,,,,,,,,,,,,,,
metrics,3.0,k1.5,momentum * ER^1.5,1.5,0.0005,5.0,2014-02-07,2026-06-04,2997.0,2022-09-02,27.63448097929024,0.325870792615563,1.2273545155370778,-0.2865088721583094,22.324324324324326,11.266917293233083,1.1855524847930607,1.3224939135390688,,,,,,,,,,,,,,,,,,,,,,,,,,,,,,,,,,,,,,
metrics,4.0,k2,momentum * ER^2,2.0,0.0001,1.0,2014-02-07,2026-06-04,2997.0,2022-09-02,30.295811807512248,0.3358158406469615,1.27036301243277,-0.3203184903657633,22.744744744744747,11.059040590405903,1.3236826611070878,1.1803573283383426,,,,,,,,,,,,,,,,,,,,,,,,,,,,,,,,,,,,,,
metrics,4.0,k2,momentum * ER^2,2.0,0.0005,5.0,2014-02-07,2026-06-04,2997.0,2022-09-02,24.211224129056102,0.3117520214782576,1.1984505969435937,-0.3230586155666562,22.744744744744747,11.059040590405903,1.2493299590614066,1.1126045182987558,,,,,,,,,,,,,,,,,,,,,,,,,,,,,,,,,,,,,,
metrics,5.0,k3,momentum * ER^3,3.0,0.0001,1.0,2014-02-07,2026-06-04,2997.0,2022-09-02,29.459234995251403,0.3327759658671612,1.272227481740096,-0.288376045578412,23.5015015015015,10.70357142857143,1.2526464658876622,1.3257057764333482,,,,,,,,,,,,,,,,,,,,,,,,,,,,,,,,,,,,,,
metrics,5.0,k3,momentum * ER^3,3.0,0.0005,5.0,2014-02-07,2026-06-04,2997.0,2022-09-02,23.36618520644607,0.3079970370462908,1.1974427898690196,-0.2911832860681029,23.5015015015015,10.70357142857143,1.171961962717149,1.2611221260393644,,,,,,,,,,,,,,,,,,,,,,,,,,,,,,,,,,,,,,
metrics,6.0,er,ER,,0.0001,1.0,2014-02-07,2026-06-04,2997.0,2022-09-02,6.348007280505917,0.1825814861049179,0.7980768741472695,-0.3892024597151754,32.24624624624625,7.8046875,0.9840945785561054,0.3484922093119454,,,,,,,,,,,,,,,,,,,,,,,,,,,,,,,,,,,,,,
metrics,6.0,er,ER,,0.0005,5.0,2014-02-07,2026-06-04,2997.0,2022-09-02,4.407307674868531,0.1524764054888292,0.6946282620601285,-0.4330601832458202,32.24624624624625,7.8046875,0.8784396770226844,0.2505630752908965,,,,,,,,,,,,,,,,,,,,,,,,,,,,,,,,,,,,,,
daily_top1_selection,,,,,,,,,,,,,,,,,,,2014-01-02,,,,,False,,,,,,,,,,,,,,,,,,,,,,,,,,,,,,,,
daily_top1_selection,,,,,,,,,,,,,,,,,,,2014-01-03,,,,,False,,,,,,,,,,,,,,,,,,,,,,,,,,,,,,,,
daily_top1_selection,,,,,,,,,,,,,,,,,,,2014-01-06,,,,,False,,,,,,,,,,,,,,,,,,,,,,,,,,,,,,,,
daily_top1_selection,,,,,,,,,,,,,,,,,,,2014-01-07,,,,,False,,,,,,,,,,,,,,,,,,,,,,,,,,,,,,,,
daily_top1_selection,,,,,,,,,,,,,,,,,,,2014-01-08,,,,,False,,,,,,,,,,,,,,,,,,,,,,,,,,,,,,,,
daily_top1_selection,,,,,,,,,,,,,,,,,,,2014-01-09,,,,,False,,,,,,,,,,,,,,,,,,,,,,,,,,,,,,,,
daily_top1_selection,,,,,,,,,,,,,,,,,,,2014-01-10,,,,,False,,,,,,,,,,,,,,,,,,,,,,,,,,,,,,,,
daily_top1_selection,,,,,,,,,,,,,,,,,,,2014-01-13,,,,,False,,,,,,,,,,,,,,,,,,,,,,,,,,,,,,,,
daily_top1_selection,,,,,,,,,,,,,,,,,,,2014-01-14,,,,,False,,,,,,,,,,,,,,,,,,,,,,,,,,,,,,,,
daily_top1_selection,,,,,,,,,,,,,,,,,,,2014-01-15,,,,,False,,,,,,,,,,,,,,,,,,,,,,,,,,,,,,,,
daily_top1_selection,,,,,,,,,,,,,,,,,,,2014-01-16,,,,,False,,,,,,,,,,,,,,,,,,,,,,,,,,,,,,,,
daily_top1_selection,,,,,,,,,,,,,,,,,,,2014-01-17,,,,,False,,,,,,,,,,,,,,,,,,,,,,,,,,,,,,,,
daily_top1_selection,,,,,,,,,,,,,,,,,,,2014-01-20,,,,,False,,,,,,,,,,,,,,,,,,,,,,,,,,,,,,,,
daily_top1_selection,,,,,,,,,,,,,,,,,,,2014-01-21,,,,,False,,,,,,,,,,,,,,,,,,,,,,,,,,,,,,,,
daily_top1_selection,,,,,,,,,,,,,,,,,,,2014-01-22,,,,,False,,,,,,,,,,,,,,,,,,,,,,,,,,,,,,,,
daily_top1_selection,,,,,,,,,,,,,,,,,,,2014-01-23,,,,,False,,,,,,,,,,,,,,,,,,,,,,,,,,,,,,,,
daily_top1_selection,,,,,,,,,,,,,,,,,,,2014-01-24,,,,,False,,,,,,,,,,,,,,,,,,,,,,,,,,,,,,,,
daily_top1_selection,,,,,,,,,,,,,,,,,,,2014-01-27,,,,,False,,,,,,,,,,,,,,,,,,,,,,,,,,,,,,,,
daily_top1_selection,,,,,,,,,,,,,,,,,,,2014-01-28,,,,,False,,,,,,,,,,,,,,,,,,,,,,,,,,,,,,,,
daily_top1_selection,,,,,,,,,,,,,,,,,,,2014-01-29,,,,,False,,,,,,,,,,,,,,,,,,,,,,,,,,,,,,,,
daily_top1_selection,,,,,,,,,,,,,,,,,,,2014-01-30,159915.SZ,159915.SZ,创业板,创业板,False,,,,,,,,,,,,,,,,,,,,,,,,,,,,,,,,
daily_top1_selection,,,,,,,,,,,,,,,,,,,2014-02-07,159915.SZ,159915.SZ,创业板,创业板,False,159915.SZ,159915.SZ,创业板,创业板,False,,,,,,,,,,,,,,,,,,,,,,,,,,,
daily_top1_selection,,,,,,,,,,,,,,,,,,,2014-02-10,159915.SZ,159915.SZ,创业板,创业板,False,159915.SZ,159915.SZ,创业板,创业板,False,,,,,,,,,,,,,,,,,,,,,,,,,,,
daily_top1_selection,,,,,,,,,,,,,,,,,,,2014-02-11,159915.SZ,159915.SZ,创业板,创业板,False,159915.SZ,159915.SZ,创业板,创业板,False,,,,,,,,,,,,,,,,,,,,,,,,,,,
daily_top1_selection,,,,,,,,,,,,,,,,,,,2014-02-12,159915.SZ,159915.SZ,创业板,创业板,False,159915.SZ,159915.SZ,创业板,创业板,False,,,,,,,,,,,,,,,,,,,,,,,,,,,
daily_top1_selection,,,,,,,,,,,,,,,,,,,2014-02-13,159915.SZ,159915.SZ,创业板,创业板,False,159915.SZ,159915.SZ,创业板,创业板,False,,,,,,,,,,,,,,,,,,,,,,,,,,,
daily_top1_selection,,,,,,,,,,,,,,,,,,,2014-02-14,159915.SZ,159915.SZ,创业板,创业板,False,159915.SZ,159915.SZ,创业板,创业板,False,,,,,,,,,,,,,,,,,,,,,,,,,,,
daily_top1_selection,,,,,,,,,,,,,,,,,,,2014-02-17,159915.SZ,159915.SZ,创业板,创业板,False,159915.SZ,159915.SZ,创业板,创业板,False,,,,,,,,,,,,,,,,,,,,,,,,,,,
daily_top1_selection,,,,,,,,,,,,,,,,,,,2014-02-18,159915.SZ,159915.SZ,创业板,创业板,False,159915.SZ,159915.SZ,创业板,创业板,False,,,,,,,,,,,,,,,,,,,,,,,,,,,
daily_top1_selection,,,,,,,,,,,,,,,,,,,2014-02-19,159915.SZ,518880.SH,创业板,黄金,True,159915.SZ,159915.SZ,创业板,创业板,False,,,,,,,,,,,,,,,,,,,,,,,,,,,
daily_top1_selection,,,,,,,,,,,,,,,,,,,2014-02-20,159915.SZ,518880.SH,创业板,黄金,True,159915.SZ,518880.SH,创业板,黄金,True,,,,,,,,,,,,,,,,,,,,,,,,,,,
daily_top1_selection,,,,,,,,,,,,,,,,,,,2014-02-21,159915.SZ,518880.SH,创业板,黄金,True,159915.SZ,518880.SH,创业板,黄金,True,,,,,,,,,,,,,,,,,,,,,,,,,,,
daily_top1_selection,,,,,,,,,,,,,,,,,,,2014-02-24,159915.SZ,159915.SZ,创业板,创业板,False,159915.SZ,518880.SH,创业板,黄金,True,,,,,,,,,,,,,,,,,,,,,,,,,,,
daily_top1_selection,,,,,,,,,,,,,,,,,,,2014-02-25,518880.SH,518880.SH,黄金,黄金,False,159915.SZ,518880.SH,创业板,黄金,True,,,,,,,,,,,,,,,,,,,,,,,,,,,
daily_top1_selection,,,,,,,,,,,,,,,,,,,2014-02-26,518880.SH,518880.SH,黄金,黄金,False,518880.SH,518880.SH,黄金,黄金,False,,,,,,,,,,,,,,,,,,,,,,,,,,,
daily_top1_selection,,,,,,,,,,,,,,,,,,,2014-02-27,518880.SH,518880.SH,黄金,黄金,False,518880.SH,518880.SH,黄金,黄金,False,,,,,,,,,,,,,,,,,,,,,,,,,,,
daily_top1_selection,,,,,,,,,,,,,,,,,,,2014-02-28,518880.SH,518880.SH,黄金,黄金,False,518880.SH,518880.SH,黄金,黄金,False,,,,,,,,,,,,,,,,,,,,,,,,,,,
daily_top1_selection,,,,,,,,,,,,,,,,,,,2014-03-03,518880.SH,518880.SH,黄金,黄金,False,518880.SH,518880.SH,黄金,黄金,False,,,,,,,,,,,,,,,,,,,,,,,,,,,
daily_top1_selection,,,,,,,,,,,,,,,,,,,2014-03-04,518880.SH,518880.SH,黄金,黄金,False,518880.SH,518880.SH,黄金,黄金,False,,,,,,,,,,,,,,,,,,,,,,,,,,,
daily_top1_selection,,,,,,,,,,,,,,,,,,,2014-03-05,518880.SH,518880.SH,黄金,黄金,False,518880.SH,518880.SH,黄金,黄金,False,,,,,,,,,,,,,,,,,,,,,,,,,,,
daily_top1_selection,,,,,,,,,,,,,,,,,,,2014-03-06,518880.SH,518880.SH,黄金,黄金,False,518880.SH,518880.SH,黄金,黄金,False,,,,,,,,,,,,,,,,,,,,,,,,,,,
daily_top1_selection,,,,,,,,,,,,,,,,,,,2014-03-07,518880.SH,518880.SH,黄金,黄金,False,518880.SH,518880.SH,黄金,黄金,False,,,,,,,,,,,,,,,,,,,,,,,,,,,
daily_top1_selection,,,,,,,,,,,,,,,,,,,2014-03-10,518880.SH,518880.SH,黄金,黄金,False,518880.SH,518880.SH,黄金,黄金,False,,,,,,,,,,,,,,,,,,,,,,,,,,,
daily_top1_selection,,,,,,,,,,,,,,,,,,,2014-03-11,518880.SH,518880.SH,黄金,黄金,False,518880.SH,518880.SH,黄金,黄金,False,,,,,,,,,,,,,,,,,,,,,,,,,,,
daily_top1_selection,,,,,,,,,,,,,,,,,,,2014-03-12,518880.SH,518880.SH,黄金,黄金,False,518880.SH,518880.SH,黄金,黄金,False,,,,,,,,,,,,,,,,,,,,,,,,,,,
daily_top1_selection,,,,,,,,,,,,,,,,,,,2014-03-13,518880.SH,518880.SH,黄金,黄金,False,518880.SH,518880.SH,黄金,黄金,False,,,,,,,,,,,,,,,,,,,,,,,,,,,
daily_top1_selection,,,,,,,,,,,,,,,,,,,2014-03-14,518880.SH,518880.SH,黄金,黄金,False,518880.SH,518880.SH,黄金,黄金,False,,,,,,,,,,,,,,,,,,,,,,,,,,,
daily_top1_selection,,,,,,,,,,,,,,,,,,,2014-03-17,518880.SH,518880.SH,黄金,黄金,False,518880.SH,518880.SH,黄金,黄金,False,,,,,,,,,,,,,,,,,,,,,,,,,,,
daily_top1_selection,,,,,,,,,,,,,,,,,,,2014-03-18,518880.SH,518880.SH,黄金,黄金,False,518880.SH,518880.SH,黄金,黄金,False,,,,,,,,,,,,,,,,,,,,,,,,,,,
daily_top1_selection,,,,,,,,,,,,,,,,,,,2014-03-19,518880.SH,518880.SH,黄金,黄金,False,518880.SH,518880.SH,黄金,黄金,False,,,,,,,,,,,,,,,,,,,,,,,,,,,
daily_top1_selection,,,,,,,,,,,,,,,,,,,2014-03-20,518880.SH,518880.SH,黄金,黄金,False,518880.SH,518880.SH,黄金,黄金,False,,,,,,,,,,,,,,,,,,,,,,,,,,,
daily_top1_selection,,,,,,,,,,,,,,,,,,,2014-03-21,518880.SH,518880.SH,黄金,黄金,False,518880.SH,518880.SH,黄金,黄金,False,,,,,,,,,,,,,,,,,,,,,,,,,,,
daily_top1_selection,,,,,,,,,,,,,,,,,,,2014-03-24,518880.SH,518880.SH,黄金,黄金,False,518880.SH,518880.SH,黄金,黄金,False,,,,,,,,,,,,,,,,,,,,,,,,,,,
daily_top1_selection,,,,,,,,,,,,,,,,,,,2014-03-25,510300.SH,510300.SH,沪深300,沪深300,False,518880.SH,518880.SH,黄金,黄金,False,,,,,,,,,,,,,,,,,,,,,,,,,,,
daily_top1_selection,,,,,,,,,,,,,,,,,,,2014-03-26,510300.SH,510300.SH,沪深300,沪深300,False,510300.SH,510300.SH,沪深300,沪深300,False,,,,,,,,,,,,,,,,,,,,,,,,,,,
daily_top1_selection,,,,,,,,,,,,,,,,,,,2014-03-27,510300.SH,510300.SH,沪深300,沪深300,False,510300.SH,510300.SH,沪深300,沪深300,False,,,,,,,,,,,,,,,,,,,,,,,,,,,
daily_top1_selection,,,,,,,,,,,,,,,,,,,2014-03-28,510300.SH,510300.SH,沪深300,沪深300,False,510300.SH,510300.SH,沪深300,沪深300,False,,,,,,,,,,,,,,,,,,,,,,,,,,,
daily_top1_selection,,,,,,,,,,,,,,,,,,,2014-03-31,510300.SH,510300.SH,沪深300,沪深300,False,510300.SH,510300.SH,沪深300,沪深300,False,,,,,,,,,,,,,,,,,,,,,,,,,,,
daily_top1_selection,,,,,,,,,,,,,,,,,,,2014-04-01,510300.SH,510300.SH,沪深300,沪深300,False,510300.SH,510300.SH,沪深300,沪深300,False,,,,,,,,,,,,,,,,,,,,,,,,,,,
daily_top1_selection,,,,,,,,,,,,,,,,,,,2014-04-02,510300.SH,510300.SH,沪深300,沪深300,False,510300.SH,510300.SH,沪深300,沪深300,False,,,,,,,,,,,,,,,,,,,,,,,,,,,
daily_top1_selection,,,,,,,,,,,,,,,,,,,2014-04-03,510300.SH,510300.SH,沪深300,沪深300,False,510300.SH,510300.SH,沪深300,沪深300,False,,,,,,,,,,,,,,,,,,,,,,,,,,,
daily_top1_selection,,,,,,,,,,,,,,,,,,,2014-04-04,510300.SH,510300.SH,沪深300,沪深300,False,510300.SH,510300.SH,沪深300,沪深300,False,,,,,,,,,,,,,,,,,,,,,,,,,,,
daily_top1_selection,,,,,,,,,,,,,,,,,,,2014-04-08,510300.SH,510300.SH,沪深300,沪深300,False,510300.SH,510300.SH,沪深300,沪深300,False,,,,,,,,,,,,,,,,,,,,,,,,,,,
daily_top1_selection,,,,,,,,,,,,,,,,,,,2014-04-09,510300.SH,510300.SH,沪深300,沪深300,False,510300.SH,510300.SH,沪深300,沪深300,False,,,,,,,,,,,,,,,,,,,,,,,,,,,
daily_top1_selection,,,,,,,,,,,,,,,,,,,2014-04-10,510300.SH,510300.SH,沪深300,沪深300,False,510300.SH,510300.SH,沪深300,沪深300,False,,,,,,,,,,,,,,,,,,,,,,,,,,,
daily_top1_selection,,,,,,,,,,,,,,,,,,,2014-04-11,510300.SH,510300.SH,沪深300,沪深300,False,510300.SH,510300.SH,沪深300,沪深300,False,,,,,,,,,,,,,,,,,,,,,,,,,,,
daily_top1_selection,,,,,,,,,,,,,,,,,,,2014-04-14,510300.SH,510300.SH,沪深300,沪深300,False,510300.SH,510300.SH,沪深300,沪深300,False,,,,,,,,,,,,,,,,,,,,,,,,,,,
daily_top1_selection,,,,,,,,,,,,,,,,,,,2014-04-15,510300.SH,510300.SH,沪深300,沪深300,False,510300.SH,510300.SH,沪深300,沪深300,False,,,,,,,,,,,,,,,,,,,,,,,,,,,
daily_top1_selection,,,,,,,,,,,,,,,,,,,2014-04-16,510300.SH,510300.SH,沪深300,沪深300,False,510300.SH,510300.SH,沪深300,沪深300,False,,,,,,,,,,,,,,,,,,,,,,,,,,,
daily_top1_selection,,,,,,,,,,,,,,,,,,,2014-04-17,510300.SH,510300.SH,沪深300,沪深300,False,510300.SH,510300.SH,沪深300,沪深300,False,,,,,,,,,,,,,,,,,,,,,,,,,,,
daily_top1_selection,,,,,,,,,,,,,,,,,,,2014-04-18,510300.SH,510300.SH,沪深300,沪深300,False,510300.SH,510300.SH,沪深300,沪深300,False,,,,,,,,,,,,,,,,,,,,,,,,,,,
daily_top1_selection,,,,,,,,,,,,,,,,,,,2014-04-21,510300.SH,510300.SH,沪深300,沪深300,False,510300.SH,510300.SH,沪深300,沪深300,False,,,,,,,,,,,,,,,,,,,,,,,,,,,
daily_top1_selection,,,,,,,,,,,,,,,,,,,2014-04-22,510300.SH,510300.SH,沪深300,沪深300,False,510300.SH,510300.SH,沪深300,沪深300,False,,,,,,,,,,,,,,,,,,,,,,,,,,,
daily_top1_selection,,,,,,,,,,,,,,,,,,,2014-04-23,510300.SH,510300.SH,沪深300,沪深300,False,510300.SH,510300.SH,沪深300,沪深300,False,,,,,,,,,,,,,,,,,,,,,,,,,,,
daily_top1_selection,,,,,,,,,,,,,,,,,,,2014-04-24,510300.SH,510300.SH,沪深300,沪深300,False,510300.SH,510300.SH,沪深300,沪深300,False,,,,,,,,,,,,,,,,,,,,,,,,,,,
daily_top1_selection,,,,,,,,,,,,,,,,,,,2014-04-25,510300.SH,510300.SH,沪深300,沪深300,False,510300.SH,510300.SH,沪深300,沪深300,False,,,,,,,,,,,,,,,,,,,,,,,,,,,
daily_top1_selection,,,,,,,,,,,,,,,,,,,2014-04-28,518880.SH,518880.SH,黄金,黄金,False,510300.SH,510300.SH,沪深300,沪深300,False,,,,,,,,,,,,,,,,,,,,,,,,,,,
daily_top1_selection,,,,,,,,,,,,,,,,,,,2014-04-29,518880.SH,518880.SH,黄金,黄金,False,518880.SH,518880.SH,黄金,黄金,False,,,,,,,,,,,,,,,,,,,,,,,,,,,
daily_top1_selection,,,,,,,,,,,,,,,,,,,2014-04-30,518880.SH,518880.SH,黄金,黄金,False,518880.SH,518880.SH,黄金,黄金,False,,,,,,,,,,,,,,,,,,,,,,,,,,,
daily_top1_selection,,,,,,,,,,,,,,,,,,,2014-05-05,518880.SH,518880.SH,黄金,黄金,False,518880.SH,518880.SH,黄金,黄金,False,,,,,,,,,,,,,,,,,,,,,,,,,,,
daily_top1_selection,,,,,,,,,,,,,,,,,,,2014-05-06,518880.SH,518880.SH,黄金,黄金,False,518880.SH,518880.SH,黄金,黄金,False,,,,,,,,,,,,,,,,,,,,,,,,,,,
daily_top1_selection,,,,,,,,,,,,,,,,,,,2014-05-07,518880.SH,518880.SH,黄金,黄金,False,518880.SH,518880.SH,黄金,黄金,False,,,,,,,,,,,,,,,,,,,,,,,,,,,
daily_top1_selection,,,,,,,,,,,,,,,,,,,2014-05-08,513100.SH,513100.SH,纳指,纳指,False,518880.SH,518880.SH,黄金,黄金,False,,,,,,,,,,,,,,,,,,,,,,,,,,,
daily_top1_selection,,,,,,,,,,,,,,,,,,,2014-05-09,513100.SH,513100.SH,纳指,纳指,False,513100.SH,513100.SH,纳指,纳指,False,,,,,,,,,,,,,,,,,,,,,,,,,,,
daily_top1_selection,,,,,,,,,,,,,,,,,,,2014-05-12,518880.SH,518880.SH,黄金,黄金,False,513100.SH,513100.SH,纳指,纳指,False,,,,,,,,,,,,,,,,,,,,,,,,,,,
daily_top1_selection,,,,,,,,,,,,,,,,,,,2014-05-13,513100.SH,513100.SH,纳指,纳指,False,513100.SH,513100.SH,纳指,纳指,False,,,,,,,,,,,,,,,,,,,,,,,,,,,
daily_top1_selection,,,,,,,,,,,,,,,,,,,2014-05-14,513100.SH,513100.SH,纳指,纳指,False,513100.SH,513100.SH,纳指,纳指,False,,,,,,,,,,,,,,,,,,,,,,,,,,,
daily_top1_selection,,,,,,,,,,,,,,,,,,,2014-05-15,513100.SH,513100.SH,纳指,纳指,False,513100.SH,513100.SH,纳指,纳指,False,,,,,,,,,,,,,,,,,,,,,,,,,,,
daily_top1_selection,,,,,,,,,,,,,,,,,,,2014-05-16,513100.SH,513100.SH,纳指,纳指,False,513100.SH,513100.SH,纳指,纳指,False,,,,,,,,,,,,,,,,,,,,,,,,,,,
daily_top1_selection,,,,,,,,,,,,,,,,,,,2014-05-19,513100.SH,513100.SH,纳指,纳指,False,513100.SH,513100.SH,纳指,纳指,False,,,,,,,,,,,,,,,,,,,,,,,,,,,
daily_top1_selection,,,,,,,,,,,,,,,,,,,2014-05-20,513100.SH,513100.SH,纳指,纳指,False,513100.SH,513100.SH,纳指,纳指,False,,,,,,,,,,,,,,,,,,,,,,,,,,,
daily_top1_selection,,,,,,,,,,,,,,,,,,,2014-05-21,513100.SH,513100.SH,纳指,纳指,False,513100.SH,513100.SH,纳指,纳指,False,,,,,,,,,,,,,,,,,,,,,,,,,,,
daily_top1_selection,,,,,,,,,,,,,,,,,,,2014-05-22,513100.SH,513100.SH,纳指,纳指,False,513100.SH,513100.SH,纳指,纳指,False,,,,,,,,,,,,,,,,,,,,,,,,,,,
daily_top1_selection,,,,,,,,,,,,,,,,,,,2014-05-23,513100.SH,513100.SH,纳指,纳指,False,513100.SH,513100.SH,纳指,纳指,False,,,,,,,,,,,,,,,,,,,,,,,,,,,
daily_top1_selection,,,,,,,,,,,,,,,,,,,2014-05-26,513100.SH,513100.SH,纳指,纳指,False,513100.SH,513100.SH,纳指,纳指,False,,,,,,,,,,,,,,,,,,,,,,,,,,,
daily_top1_selection,,,,,,,,,,,,,,,,,,,2014-05-27,513100.SH,513100.SH,纳指,纳指,False,513100.SH,513100.SH,纳指,纳指,False,,,,,,,,,,,,,,,,,,,,,,,,,,,
daily_top1_selection,,,,,,,,,,,,,,,,,,,2014-05-28,159915.SZ,513100.SH,创业板,纳指,True,513100.SH,513100.SH,纳指,纳指,False,,,,,,,,,,,,,,,,,,,,,,,,,,,
daily_top1_selection,,,,,,,,,,,,,,,,,,,2014-05-29,513100.SH,513100.SH,纳指,纳指,False,159915.SZ,513100.SH,创业板,纳指,True,,,,,,,,,,,,,,,,,,,,,,,,,,,
daily_top1_selection,,,,,,,,,,,,,,,,,,,2014-05-30,513100.SH,513100.SH,纳指,纳指,False,159915.SZ,513100.SH,创业板,纳指,True,,,,,,,,,,,,,,,,,,,,,,,,,,,
daily_top1_selection,,,,,,,,,,,,,,,,,,,2014-06-03,513100.SH,513100.SH,纳指,纳指,False,159915.SZ,513100.SH,创业板,纳指,True,,,,,,,,,,,,,,,,,,,,,,,,,,,
daily_top1_selection,,,,,,,,,,,,,,,,,,,2014-06-04,513100.SH,513100.SH,纳指,纳指,False,159915.SZ,513100.SH,创业板,纳指,True,,,,,,,,,,,,,,,,,,,,,,,,,,,
daily_top1_selection,,,,,,,,,,,,,,,,,,,2014-06-05,513100.SH,513100.SH,纳指,纳指,False,159915.SZ,513100.SH,创业板,纳指,True,,,,,,,,,,,,,,,,,,,,,,,,,,,
daily_top1_selection,,,,,,,,,,,,,,,,,,,2014-06-06,513100.SH,513100.SH,纳指,纳指,False,513100.SH,513100.SH,纳指,纳指,False,,,,,,,,,,,,,,,,,,,,,,,,,,,
daily_top1_selection,,,,,,,,,,,,,,,,,,,2014-06-09,513100.SH,513100.SH,纳指,纳指,False,513100.SH,513100.SH,纳指,纳指,False,,,,,,,,,,,,,,,,,,,,,,,,,,,
daily_top1_selection,,,,,,,,,,,,,,,,,,,2014-06-10,513100.SH,513100.SH,纳指,纳指,False,513100.SH,513100.SH,纳指,纳指,False,,,,,,,,,,,,,,,,,,,,,,,,,,,
daily_top1_selection,,,,,,,,,,,,,,,,,,,2014-06-11,159915.SZ,513100.SH,创业板,纳指,True,513100.SH,513100.SH,纳指,纳指,False,,,,,,,,,,,,,,,,,,,,,,,,,,,
daily_top1_selection,,,,,,,,,,,,,,,,,,,2014-06-12,159915.SZ,513100.SH,创业板,纳指,True,513100.SH,513100.SH,纳指,纳指,False,,,,,,,,,,,,,,,,,,,,,,,,,,,
daily_top1_selection,,,,,,,,,,,,,,,,,,,2014-06-13,159915.SZ,159915.SZ,创业板,创业板,False,159915.SZ,513100.SH,创业板,纳指,True,,,,,,,,,,,,,,,,,,,,,,,,,,,
daily_top1_selection,,,,,,,,,,,,,,,,,,,2014-06-16,159915.SZ,159915.SZ,创业板,创业板,False,159915.SZ,159915.SZ,创业板,创业板,False,,,,,,,,,,,,,,,,,,,,,,,,,,,
daily_top1_selection,,,,,,,,,,,,,,,,,,,2014-06-17,159915.SZ,159915.SZ,创业板,创业板,False,159915.SZ,159915.SZ,创业板,创业板,False,,,,,,,,,,,,,,,,,,,,,,,,,,,
daily_top1_selection,,,,,,,,,,,,,,,,,,,2014-06-18,159915.SZ,159915.SZ,创业板,创业板,False,159915.SZ,159915.SZ,创业板,创业板,False,,,,,,,,,,,,,,,,,,,,,,,,,,,
daily_top1_selection,,,,,,,,,,,,,,,,,,,2014-06-19,513100.SH,513100.SH,纳指,纳指,False,159915.SZ,159915.SZ,创业板,创业板,False,,,,,,,,,,,,,,,,,,,,,,,,,,,
daily_top1_selection,,,,,,,,,,,,,,,,,,,2014-06-20,159915.SZ,513100.SH,创业板,纳指,True,513100.SH,159915.SZ,纳指,创业板,True,,,,,,,,,,,,,,,,,,,,,,,,,,,
daily_top1_selection,,,,,,,,,,,,,,,,,,,2014-06-23,159915.SZ,513100.SH,创业板,纳指,True,513100.SH,513100.SH,纳指,纳指,False,,,,,,,,,,,,,,,,,,,,,,,,,,,
daily_top1_selection,,,,,,,,,,,,,,,,,,,2014-06-24,159915.SZ,513100.SH,创业板,纳指,True,513100.SH,513100.SH,纳指,纳指,False,,,,,,,,,,,,,,,,,,,,,,,,,,,
daily_top1_selection,,,,,,,,,,,,,,,,,,,2014-06-25,159915.SZ,513100.SH,创业板,纳指,True,513100.SH,513100.SH,纳指,纳指,False,,,,,,,,,,,,,,,,,,,,,,,,,,,
daily_top1_selection,,,,,,,,,,,,,,,,,,,2014-06-26,159915.SZ,518880.SH,创业板,黄金,True,513100.SH,513100.SH,纳指,纳指,False,,,,,,,,,,,,,,,,,,,,,,,,,,,
daily_top1_selection,,,,,,,,,,,,,,,,,,,2014-06-27,159915.SZ,518880.SH,创业板,黄金,True,159915.SZ,513100.SH,创业板,纳指,True,,,,,,,,,,,,,,,,,,,,,,,,,,,
daily_top1_selection,,,,,,,,,,,,,,,,,,,2014-06-30,159915.SZ,159915.SZ,创业板,创业板,False,159915.SZ,518880.SH,创业板,黄金,True,,,,,,,,,,,,,,,,,,,,,,,,,,,
daily_top1_selection,,,,,,,,,,,,,,,,,,,2014-07-01,159915.SZ,518880.SH,创业板,黄金,True,159915.SZ,518880.SH,创业板,黄金,True,,,,,,,,,,,,,,,,,,,,,,,,,,,
daily_top1_selection,,,,,,,,,,,,,,,,,,,2014-07-02,159915.SZ,518880.SH,创业板,黄金,True,159915.SZ,518880.SH,创业板,黄金,True,,,,,,,,,,,,,,,,,,,,,,,,,,,
daily_top1_selection,,,,,,,,,,,,,,,,,,,2014-07-03,518880.SH,518880.SH,黄金,黄金,False,159915.SZ,518880.SH,创业板,黄金,True,,,,,,,,,,,,,,,,,,,,,,,,,,,
daily_top1_selection,,,,,,,,,,,,,,,,,,,2014-07-04,159915.SZ,518880.SH,创业板,黄金,True,518880.SH,518880.SH,黄金,黄金,False,,,,,,,,,,,,,,,,,,,,,,,,,,,
daily_top1_selection,,,,,,,,,,,,,,,,,,,2014-07-07,159915.SZ,513100.SH,创业板,纳指,True,518880.SH,518880.SH,黄金,黄金,False,,,,,,,,,,,,,,,,,,,,,,,,,,,
daily_top1_selection,,,,,,,,,,,,,,,,,,,2014-07-08,513100.SH,513100.SH,纳指,纳指,False,518880.SH,513100.SH,黄金,纳指,True,,,,,,,,,,,,,,,,,,,,,,,,,,,
daily_top1_selection,,,,,,,,,,,,,,,,,,,2014-07-09,518880.SH,518880.SH,黄金,黄金,False,518880.SH,513100.SH,黄金,纳指,True,,,,,,,,,,,,,,,,,,,,,,,,,,,
daily_top1_selection,,,,,,,,,,,,,,,,,,,2014-07-10,518880.SH,518880.SH,黄金,黄金,False,518880.SH,513100.SH,黄金,纳指,True,,,,,,,,,,,,,,,,,,,,,,,,,,,
daily_top1_selection,,,,,,,,,,,,,,,,,,,2014-07-11,518880.SH,518880.SH,黄金,黄金,False,518880.SH,513100.SH,黄金,纳指,True,,,,,,,,,,,,,,,,,,,,,,,,,,,
daily_top1_selection,,,,,,,,,,,,,,,,,,,2014-07-14,513100.SH,513100.SH,纳指,纳指,False,518880.SH,513100.SH,黄金,纳指,True,,,,,,,,,,,,,,,,,,,,,,,,,,,
daily_top1_selection,,,,,,,,,,,,,,,,,,,2014-07-15,513100.SH,513100.SH,纳指,纳指,False,513100.SH,513100.SH,纳指,纳指,False,,,,,,,,,,,,,,,,,,,,,,,,,,,
daily_top1_selection,,,,,,,,,,,,,,,,,,,2014-07-16,513100.SH,513100.SH,纳指,纳指,False,513100.SH,513100.SH,纳指,纳指,False,,,,,,,,,,,,,,,,,,,,,,,,,,,
daily_top1_selection,,,,,,,,,,,,,,,,,,,2014-07-17,513100.SH,513100.SH,纳指,纳指,False,513100.SH,513100.SH,纳指,纳指,False,,,,,,,,,,,,,,,,,,,,,,,,,,,
daily_top1_selection,,,,,,,,,,,,,,,,,,,2014-07-18,513100.SH,510300.SH,纳指,沪深300,True,513100.SH,513100.SH,纳指,纳指,False,,,,,,,,,,,,,,,,,,,,,,,,,,,
daily_top1_selection,,,,,,,,,,,,,,,,,,,2014-07-21,513100.SH,513100.SH,纳指,纳指,False,513100.SH,510300.SH,纳指,沪深300,True,,,,,,,,,,,,,,,,,,,,,,,,,,,
daily_top1_selection,,,,,,,,,,,,,,,,,,,2014-07-22,513100.SH,510300.SH,纳指,沪深300,True,513100.SH,510300.SH,纳指,沪深300,True,,,,,,,,,,,,,,,,,,,,,,,,,,,
daily_top1_selection,,,,,,,,,,,,,,,,,,,2014-07-23,513100.SH,510300.SH,纳指,沪深300,True,513100.SH,510300.SH,纳指,沪深300,True,,,,,,,,,,,,,,,,,,,,,,,,,,,
daily_top1_selection,,,,,,,,,,,,,,,,,,,2014-07-24,510300.SH,510300.SH,沪深300,沪深300,False,513100.SH,510300.SH,纳指,沪深300,True,,,,,,,,,,,,,,,,,,,,,,,,,,,
daily_top1_selection,,,,,,,,,,,,,,,,,,,2014-07-25,510300.SH,510300.SH,沪深300,沪深300,False,510300.SH,510300.SH,沪深300,沪深300,False,,,,,,,,,,,,,,,,,,,,,,,,,,,
daily_top1_selection,,,,,,,,,,,,,,,,,,,2014-07-28,510300.SH,510300.SH,沪深300,沪深300,False,510300.SH,510300.SH,沪深300,沪深300,False,,,,,,,,,,,,,,,,,,,,,,,,,,,
daily_top1_selection,,,,,,,,,,,,,,,,,,,2014-07-29,510300.SH,510300.SH,沪深300,沪深300,False,510300.SH,510300.SH,沪深300,沪深300,False,,,,,,,,,,,,,,,,,,,,,,,,,,,
daily_top1_selection,,,,,,,,,,,,,,,,,,,2014-07-30,510300.SH,510300.SH,沪深300,沪深300,False,510300.SH,510300.SH,沪深300,沪深300,False,,,,,,,,,,,,,,,,,,,,,,,,,,,
daily_top1_selection,,,,,,,,,,,,,,,,,,,2014-07-31,510300.SH,510300.SH,沪深300,沪深300,False,510300.SH,510300.SH,沪深300,沪深300,False,,,,,,,,,,,,,,,,,,,,,,,,,,,
daily_top1_selection,,,,,,,,,,,,,,,,,,,2014-08-01,510300.SH,510300.SH,沪深300,沪深300,False,510300.SH,510300.SH,沪深300,沪深300,False,,,,,,,,,,,,,,,,,,,,,,,,,,,
daily_top1_selection,,,,,,,,,,,,,,,,,,,2014-08-04,510300.SH,510300.SH,沪深300,沪深300,False,510300.SH,510300.SH,沪深300,沪深300,False,,,,,,,,,,,,,,,,,,,,,,,,,,,
daily_top1_selection,,,,,,,,,,,,,,,,,,,2014-08-05,510300.SH,510300.SH,沪深300,沪深300,False,510300.SH,510300.SH,沪深300,沪深300,False,,,,,,,,,,,,,,,,,,,,,,,,,,,
daily_top1_selection,,,,,,,,,,,,,,,,,,,2014-08-06,510300.SH,510300.SH,沪深300,沪深300,False,510300.SH,510300.SH,沪深300,沪深300,False,,,,,,,,,,,,,,,,,,,,,,,,,,,
daily_top1_selection,,,,,,,,,,,,,,,,,,,2014-08-07,510300.SH,510300.SH,沪深300,沪深300,False,510300.SH,510300.SH,沪深300,沪深300,False,,,,,,,,,,,,,,,,,,,,,,,,,,,
daily_top1_selection,,,,,,,,,,,,,,,,,,,2014-08-08,510300.SH,510300.SH,沪深300,沪深300,False,510300.SH,510300.SH,沪深300,沪深300,False,,,,,,,,,,,,,,,,,,,,,,,,,,,
daily_top1_selection,,,,,,,,,,,,,,,,,,,2014-08-11,510300.SH,510300.SH,沪深300,沪深300,False,510300.SH,510300.SH,沪深300,沪深300,False,,,,,,,,,,,,,,,,,,,,,,,,,,,
daily_top1_selection,,,,,,,,,,,,,,,,,,,2014-08-12,510300.SH,510300.SH,沪深300,沪深300,False,510300.SH,510300.SH,沪深300,沪深300,False,,,,,,,,,,,,,,,,,,,,,,,,,,,
daily_top1_selection,,,,,,,,,,,,,,,,,,,2014-08-13,510300.SH,510300.SH,沪深300,沪深300,False,510300.SH,510300.SH,沪深300,沪深300,False,,,,,,,,,,,,,,,,,,,,,,,,,,,
daily_top1_selection,,,,,,,,,,,,,,,,,,,2014-08-14,510300.SH,510300.SH,沪深300,沪深300,False,510300.SH,510300.SH,沪深300,沪深300,False,,,,,,,,,,,,,,,,,,,,,,,,,,,
daily_top1_selection,,,,,,,,,,,,,,,,,,,2014-08-15,510300.SH,510300.SH,沪深300,沪深300,False,510300.SH,510300.SH,沪深300,沪深300,False,,,,,,,,,,,,,,,,,,,,,,,,,,,
daily_top1_selection,,,,,,,,,,,,,,,,,,,2014-08-18,510300.SH,510300.SH,沪深300,沪深300,False,510300.SH,510300.SH,沪深300,沪深300,False,,,,,,,,,,,,,,,,,,,,,,,,,,,
daily_top1_selection,,,,,,,,,,,,,,,,,,,2014-08-19,510300.SH,510300.SH,沪深300,沪深300,False,510300.SH,510300.SH,沪深300,沪深300,False,,,,,,,,,,,,,,,,,,,,,,,,,,,
daily_top1_selection,,,,,,,,,,,,,,,,,,,2014-08-20,159915.SZ,159915.SZ,创业板,创业板,False,510300.SH,510300.SH,沪深300,沪深300,False,,,,,,,,,,,,,,,,,,,,,,,,,,,
daily_top1_selection,,,,,,,,,,,,,,,,,,,2014-08-21,159915.SZ,159915.SZ,创业板,创业板,False,159915.SZ,159915.SZ,创业板,创业板,False,,,,,,,,,,,,,,,,,,,,,,,,,,,
daily_top1_selection,,,,,,,,,,,,,,,,,,,2014-08-22,159915.SZ,159915.SZ,创业板,创业板,False,159915.SZ,159915.SZ,创业板,创业板,False,,,,,,,,,,,,,,,,,,,,,,,,,,,
daily_top1_selection,,,,,,,,,,,,,,,,,,,2014-08-25,159915.SZ,159915.SZ,创业板,创业板,False,159915.SZ,159915.SZ,创业板,创业板,False,,,,,,,,,,,,,,,,,,,,,,,,,,,
daily_top1_selection,,,,,,,,,,,,,,,,,,,2014-08-26,159915.SZ,159915.SZ,创业板,创业板,False,159915.SZ,159915.SZ,创业板,创业板,False,,,,,,,,,,,,,,,,,,,,,,,,,,,
daily_top1_selection,,,,,,,,,,,,,,,,,,,2014-08-27,159915.SZ,159915.SZ,创业板,创业板,False,159915.SZ,159915.SZ,创业板,创业板,False,,,,,,,,,,,,,,,,,,,,,,,,,,,
daily_top1_selection,,,,,,,,,,,,,,,,,,,2014-08-28,159915.SZ,159915.SZ,创业板,创业板,False,159915.SZ,159915.SZ,创业板,创业板,False,,,,,,,,,,,,,,,,,,,,,,,,,,,
daily_top1_selection,,,,,,,,,,,,,,,,,,,2014-08-29,159915.SZ,159915.SZ,创业板,创业板,False,159915.SZ,159915.SZ,创业板,创业板,False,,,,,,,,,,,,,,,,,,,,,,,,,,,
daily_top1_selection,,,,,,,,,,,,,,,,,,,2014-09-01,159915.SZ,159915.SZ,创业板,创业板,False,159915.SZ,159915.SZ,创业板,创业板,False,,,,,,,,,,,,,,,,,,,,,,,,,,,
daily_top1_selection,,,,,,,,,,,,,,,,,,,2014-09-02,159915.SZ,159915.SZ,创业板,创业板,False,159915.SZ,159915.SZ,创业板,创业板,False,,,,,,,,,,,,,,,,,,,,,,,,,,,
daily_top1_selection,,,,,,,,,,,,,,,,,,,2014-09-03,159915.SZ,513100.SH,创业板,纳指,True,159915.SZ,159915.SZ,创业板,创业板,False,,,,,,,,,,,,,,,,,,,,,,,,,,,
daily_top1_selection,,,,,,,,,,,,,,,,,,,2014-09-04,159915.SZ,159915.SZ,创业板,创业板,False,159915.SZ,513100.SH,创业板,纳指,True,,,,,,,,,,,,,,,,,,,,,,,,,,,
daily_top1_selection,,,,,,,,,,,,,,,,,,,2014-09-05,159915.SZ,159915.SZ,创业板,创业板,False,159915.SZ,513100.SH,创业板,纳指,True,,,,,,,,,,,,,,,,,,,,,,,,,,,
daily_top1_selection,,,,,,,,,,,,,,,,,,,2014-09-09,159915.SZ,159915.SZ,创业板,创业板,False,159915.SZ,513100.SH,创业板,纳指,True,,,,,,,,,,,,,,,,,,,,,,,,,,,
daily_top1_selection,,,,,,,,,,,,,,,,,,,2014-09-10,159915.SZ,159915.SZ,创业板,创业板,False,159915.SZ,513100.SH,创业板,纳指,True,,,,,,,,,,,,,,,,,,,,,,,,,,,
daily_top1_selection,,,,,,,,,,,,,,,,,,,2014-09-11,159915.SZ,159915.SZ,创业板,创业板,False,159915.SZ,513100.SH,创业板,纳指,True,,,,,,,,,,,,,,,,,,,,,,,,,,,
daily_top1_selection,,,,,,,,,,,,,,,,,,,2014-09-12,159915.SZ,159915.SZ,创业板,创业板,False,159915.SZ,159915.SZ,创业板,创业板,False,,,,,,,,,,,,,,,,,,,,,,,,,,,
daily_top1_selection,,,,,,,,,,,,,,,,,,,2014-09-15,159915.SZ,159915.SZ,创业板,创业板,False,159915.SZ,159915.SZ,创业板,创业板,False,,,,,,,,,,,,,,,,,,,,,,,,,,,
daily_top1_selection,,,,,,,,,,,,,,,,,,,2014-09-16,159915.SZ,159915.SZ,创业板,创业板,False,159915.SZ,159915.SZ,创业板,创业板,False,,,,,,,,,,,,,,,,,,,,,,,,,,,
daily_top1_selection,,,,,,,,,,,,,,,,,,,2014-09-17,159915.SZ,159915.SZ,创业板,创业板,False,159915.SZ,159915.SZ,创业板,创业板,False,,,,,,,,,,,,,,,,,,,,,,,,,,,
daily_top1_selection,,,,,,,,,,,,,,,,,,,2014-09-18,159915.SZ,159915.SZ,创业板,创业板,False,159915.SZ,159915.SZ,创业板,创业板,False,,,,,,,,,,,,,,,,,,,,,,,,,,,
daily_top1_selection,,,,,,,,,,,,,,,,,,,2014-09-19,159915.SZ,510300.SH,创业板,沪深300,True,159915.SZ,159915.SZ,创业板,创业板,False,,,,,,,,,,,,,,,,,,,,,,,,,,,
daily_top1_selection,,,,,,,,,,,,,,,,,,,2014-09-22,513100.SH,513100.SH,纳指,纳指,False,159915.SZ,510300.SH,创业板,沪深300,True,,,,,,,,,,,,,,,,,,,,,,,,,,,
daily_top1_selection,,,,,,,,,,,,,,,,,,,2014-09-23,159915.SZ,159915.SZ,创业板,创业板,False,513100.SH,510300.SH,纳指,沪深300,True,,,,,,,,,,,,,,,,,,,,,,,,,,,
daily_top1_selection,,,,,,,,,,,,,,,,,,,2014-09-24,159915.SZ,159915.SZ,创业板,创业板,False,513100.SH,510300.SH,纳指,沪深300,True,,,,,,,,,,,,,,,,,,,,,,,,,,,
daily_top1_selection,,,,,,,,,,,,,,,,,,,2014-09-25,159915.SZ,159915.SZ,创业板,创业板,False,513100.SH,510300.SH,纳指,沪深300,True,,,,,,,,,,,,,,,,,,,,,,,,,,,
daily_top1_selection,,,,,,,,,,,,,,,,,,,2014-09-26,159915.SZ,159915.SZ,创业板,创业板,False,513100.SH,510300.SH,纳指,沪深300,True,,,,,,,,,,,,,,,,,,,,,,,,,,,
daily_top1_selection,,,,,,,,,,,,,,,,,,,2014-09-29,159915.SZ,159915.SZ,创业板,创业板,False,513100.SH,159915.SZ,纳指,创业板,True,,,,,,,,,,,,,,,,,,,,,,,,,,,
daily_top1_selection,,,,,,,,,,,,,,,,,,,2014-09-30,159915.SZ,159915.SZ,创业板,创业板,False,159915.SZ,159915.SZ,创业板,创业板,False,,,,,,,,,,,,,,,,,,,,,,,,,,,
daily_top1_selection,,,,,,,,,,,,,,,,,,,2014-10-08,159915.SZ,159915.SZ,创业板,创业板,False,159915.SZ,159915.SZ,创业板,创业板,False,,,,,,,,,,,,,,,,,,,,,,,,,,,
daily_top1_selection,,,,,,,,,,,,,,,,,,,2014-10-09,159915.SZ,159915.SZ,创业板,创业板,False,159915.SZ,159915.SZ,创业板,创业板,False,,,,,,,,,,,,,,,,,,,,,,,,,,,
daily_top1_selection,,,,,,,,,,,,,,,,,,,2014-10-10,159915.SZ,159915.SZ,创业板,创业板,False,159915.SZ,159915.SZ,创业板,创业板,False,,,,,,,,,,,,,,,,,,,,,,,,,,,
daily_top1_selection,,,,,,,,,,,,,,,,,,,2014-10-13,159915.SZ,159915.SZ,创业板,创业板,False,159915.SZ,159915.SZ,创业板,创业板,False,,,,,,,,,,,,,,,,,,,,,,,,,,,
daily_top1_selection,,,,,,,,,,,,,,,,,,,2014-10-14,159915.SZ,159915.SZ,创业板,创业板,False,159915.SZ,159915.SZ,创业板,创业板,False,,,,,,,,,,,,,,,,,,,,,,,,,,,
daily_top1_selection,,,,,,,,,,,,,,,,,,,2014-10-15,159915.SZ,159915.SZ,创业板,创业板,False,159915.SZ,159915.SZ,创业板,创业板,False,,,,,,,,,,,,,,,,,,,,,,,,,,,
daily_top1_selection,,,,,,,,,,,,,,,,,,,2014-10-16,510300.SH,510300.SH,沪深300,沪深300,False,159915.SZ,159915.SZ,创业板,创业板,False,,,,,,,,,,,,,,,,,,,,,,,,,,,
daily_top1_selection,,,,,,,,,,,,,,,,,,,2014-10-17,510300.SH,510300.SH,沪深300,沪深300,False,510300.SH,510300.SH,沪深300,沪深300,False,,,,,,,,,,,,,,,,,,,,,,,,,,,
daily_top1_selection,,,,,,,,,,,,,,,,,,,2014-10-20,159915.SZ,159915.SZ,创业板,创业板,False,510300.SH,510300.SH,沪深300,沪深300,False,,,,,,,,,,,,,,,,,,,,,,,,,,,
daily_top1_selection,,,,,,,,,,,,,,,,,,,2014-10-21,159915.SZ,159915.SZ,创业板,创业板,False,510300.SH,510300.SH,沪深300,沪深300,False,,,,,,,,,,,,,,,,,,,,,,,,,,,
daily_top1_selection,,,,,,,,,,,,,,,,,,,2014-10-22,159915.SZ,159915.SZ,创业板,创业板,False,510300.SH,510300.SH,沪深300,沪深300,False,,,,,,,,,,,,,,,,,,,,,,,,,,,
daily_top1_selection,,,,,,,,,,,,,,,,,,,2014-10-23,518880.SH,518880.SH,黄金,黄金,False,510300.SH,510300.SH,沪深300,沪深300,False,,,,,,,,,,,,,,,,,,,,,,,,,,,
daily_top1_selection,,,,,,,,,,,,,,,,,,,2014-10-24,518880.SH,518880.SH,黄金,黄金,False,518880.SH,518880.SH,黄金,黄金,False,,,,,,,,,,,,,,,,,,,,,,,,,,,
daily_top1_selection,,,,,,,,,,,,,,,,,,,2014-10-27,518880.SH,518880.SH,黄金,黄金,False,518880.SH,518880.SH,黄金,黄金,False,,,,,,,,,,,,,,,,,,,,,,,,,,,
daily_top1_selection,,,,,,,,,,,,,,,,,,,2014-10-28,159915.SZ,159915.SZ,创业板,创业板,False,518880.SH,518880.SH,黄金,黄金,False,,,,,,,,,,,,,,,,,,,,,,,,,,,
daily_top1_selection,,,,,,,,,,,,,,,,,,,2014-10-29,159915.SZ,159915.SZ,创业板,创业板,False,518880.SH,518880.SH,黄金,黄金,False,,,,,,,,,,,,,,,,,,,,,,,,,,,
daily_top1_selection,,,,,,,,,,,,,,,,,,,2014-10-30,510300.SH,510300.SH,沪深300,沪深300,False,518880.SH,518880.SH,黄金,黄金,False,,,,,,,,,,,,,,,,,,,,,,,,,,,
daily_top1_selection,,,,,,,,,,,,,,,,,,,2014-10-31,510300.SH,510300.SH,沪深300,沪深300,False,510300.SH,510300.SH,沪深300,沪深300,False,,,,,,,,,,,,,,,,,,,,,,,,,,,
daily_top1_selection,,,,,,,,,,,,,,,,,,,2014-11-03,510300.SH,510300.SH,沪深300,沪深300,False,510300.SH,510300.SH,沪深300,沪深300,False,,,,,,,,,,,,,,,,,,,,,,,,,,,
daily_top1_selection,,,,,,,,,,,,,,,,,,,2014-11-04,513100.SH,510300.SH,纳指,沪深300,True,510300.SH,510300.SH,沪深300,沪深300,False,,,,,,,,,,,,,,,,,,,,,,,,,,,
daily_top1_selection,,,,,,,,,,,,,,,,,,,2014-11-05,513100.SH,513100.SH,纳指,纳指,False,510300.SH,510300.SH,沪深300,沪深300,False,,,,,,,,,,,,,,,,,,,,,,,,,,,
daily_top1_selection,,,,,,,,,,,,,,,,,,,2014-11-06,513100.SH,513100.SH,纳指,纳指,False,510300.SH,510300.SH,沪深300,沪深300,False,,,,,,,,,,,,,,,,,,,,,,,,,,,
daily_top1_selection,,,,,,,,,,,,,,,,,,,2014-11-07,513100.SH,513100.SH,纳指,纳指,False,513100.SH,513100.SH,纳指,纳指,False,,,,,,,,,,,,,,,,,,,,,,,,,,,
daily_top1_selection,,,,,,,,,,,,,,,,,,,2014-11-10,513100.SH,513100.SH,纳指,纳指,False,513100.SH,513100.SH,纳指,纳指,False,,,,,,,,,,,,,,,,,,,,,,,,,,,
daily_top1_selection,,,,,,,,,,,,,,,,,,,2014-11-11,513100.SH,513100.SH,纳指,纳指,False,513100.SH,513100.SH,纳指,纳指,False,,,,,,,,,,,,,,,,,,,,,,,,,,,
daily_top1_selection,,,,,,,,,,,,,,,,,,,2014-11-12,513100.SH,513100.SH,纳指,纳指,False,513100.SH,513100.SH,纳指,纳指,False,,,,,,,,,,,,,,,,,,,,,,,,,,,
daily_top1_selection,,,,,,,,,,,,,,,,,,,2014-11-13,513100.SH,513100.SH,纳指,纳指,False,513100.SH,513100.SH,纳指,纳指,False,,,,,,,,,,,,,,,,,,,,,,,,,,,
daily_top1_selection,,,,,,,,,,,,,,,,,,,2014-11-14,513100.SH,513100.SH,纳指,纳指,False,513100.SH,513100.SH,纳指,纳指,False,,,,,,,,,,,,,,,,,,,,,,,,,,,
daily_top1_selection,,,,,,,,,,,,,,,,,,,2014-11-17,513100.SH,513100.SH,纳指,纳指,False,513100.SH,513100.SH,纳指,纳指,False,,,,,,,,,,,,,,,,,,,,,,,,,,,
daily_top1_selection,,,,,,,,,,,,,,,,,,,2014-11-18,513100.SH,513100.SH,纳指,纳指,False,513100.SH,513100.SH,纳指,纳指,False,,,,,,,,,,,,,,,,,,,,,,,,,,,
daily_top1_selection,,,,,,,,,,,,,,,,,,,2014-11-19,513100.SH,513100.SH,纳指,纳指,False,513100.SH,513100.SH,纳指,纳指,False,,,,,,,,,,,,,,,,,,,,,,,,,,,
daily_top1_selection,,,,,,,,,,,,,,,,,,,2014-11-20,510300.SH,513100.SH,沪深300,纳指,True,513100.SH,513100.SH,纳指,纳指,False,,,,,,,,,,,,,,,,,,,,,,,,,,,
daily_top1_selection,,,,,,,,,,,,,,,,,,,2014-11-21,510300.SH,510300.SH,沪深300,沪深300,False,510300.SH,513100.SH,沪深300,纳指,True,,,,,,,,,,,,,,,,,,,,,,,,,,,
daily_top1_selection,,,,,,,,,,,,,,,,,,,2014-11-24,510300.SH,510300.SH,沪深300,沪深300,False,510300.SH,510300.SH,沪深300,沪深300,False,,,,,,,,,,,,,,,,,,,,,,,,,,,
daily_top1_selection,,,,,,,,,,,,,,,,,,,2014-11-25,510300.SH,510300.SH,沪深300,沪深300,False,510300.SH,510300.SH,沪深300,沪深300,False,,,,,,,,,,,,,,,,,,,,,,,,,,,
daily_top1_selection,,,,,,,,,,,,,,,,,,,2014-11-26,510300.SH,510300.SH,沪深300,沪深300,False,510300.SH,510300.SH,沪深300,沪深300,False,,,,,,,,,,,,,,,,,,,,,,,,,,,
daily_top1_selection,,,,,,,,,,,,,,,,,,,2014-11-27,510300.SH,510300.SH,沪深300,沪深300,False,510300.SH,510300.SH,沪深300,沪深300,False,,,,,,,,,,,,,,,,,,,,,,,,,,,
daily_top1_selection,,,,,,,,,,,,,,,,,,,2014-11-28,510300.SH,510300.SH,沪深300,沪深300,False,510300.SH,510300.SH,沪深300,沪深300,False,,,,,,,,,,,,,,,,,,,,,,,,,,,
daily_top1_selection,,,,,,,,,,,,,,,,,,,2014-12-01,510300.SH,510300.SH,沪深300,沪深300,False,510300.SH,510300.SH,沪深300,沪深300,False,,,,,,,,,,,,,,,,,,,,,,,,,,,
daily_top1_selection,,,,,,,,,,,,,,,,,,,2014-12-02,510300.SH,510300.SH,沪深300,沪深300,False,510300.SH,510300.SH,沪深300,沪深300,False,,,,,,,,,,,,,,,,,,,,,,,,,,,
daily_top1_selection,,,,,,,,,,,,,,,,,,,2014-12-03,510300.SH,510300.SH,沪深300,沪深300,False,510300.SH,510300.SH,沪深300,沪深300,False,,,,,,,,,,,,,,,,,,,,,,,,,,,
daily_top1_selection,,,,,,,,,,,,,,,,,,,2014-12-04,510300.SH,510300.SH,沪深300,沪深300,False,510300.SH,510300.SH,沪深300,沪深300,False,,,,,,,,,,,,,,,,,,,,,,,,,,,
daily_top1_selection,,,,,,,,,,,,,,,,,,,2014-12-05,510300.SH,510300.SH,沪深300,沪深300,False,510300.SH,510300.SH,沪深300,沪深300,False,,,,,,,,,,,,,,,,,,,,,,,,,,,
daily_top1_selection,,,,,,,,,,,,,,,,,,,2014-12-08,510300.SH,510300.SH,沪深300,沪深300,False,510300.SH,510300.SH,沪深300,沪深300,False,,,,,,,,,,,,,,,,,,,,,,,,,,,
daily_top1_selection,,,,,,,,,,,,,,,,,,,2014-12-09,510300.SH,510300.SH,沪深300,沪深300,False,510300.SH,510300.SH,沪深300,沪深300,False,,,,,,,,,,,,,,,,,,,,,,,,,,,
daily_top1_selection,,,,,,,,,,,,,,,,,,,2014-12-10,510300.SH,510300.SH,沪深300,沪深300,False,510300.SH,510300.SH,沪深300,沪深300,False,,,,,,,,,,,,,,,,,,,,,,,,,,,
daily_top1_selection,,,,,,,,,,,,,,,,,,,2014-12-11,510300.SH,510300.SH,沪深300,沪深300,False,510300.SH,510300.SH,沪深300,沪深300,False,,,,,,,,,,,,,,,,,,,,,,,,,,,
daily_top1_selection,,,,,,,,,,,,,,,,,,,2014-12-12,510300.SH,510300.SH,沪深300,沪深300,False,510300.SH,510300.SH,沪深300,沪深300,False,,,,,,,,,,,,,,,,,,,,,,,,,,,
daily_top1_selection,,,,,,,,,,,,,,,,,,,2014-12-15,510300.SH,510300.SH,沪深300,沪深300,False,510300.SH,510300.SH,沪深300,沪深300,False,,,,,,,,,,,,,,,,,,,,,,,,,,,
daily_top1_selection,,,,,,,,,,,,,,,,,,,2014-12-16,510300.SH,510300.SH,沪深300,沪深300,False,510300.SH,510300.SH,沪深300,沪深300,False,,,,,,,,,,,,,,,,,,,,,,,,,,,
daily_top1_selection,,,,,,,,,,,,,,,,,,,2014-12-17,510300.SH,510300.SH,沪深300,沪深300,False,510300.SH,510300.SH,沪深300,沪深300,False,,,,,,,,,,,,,,,,,,,,,,,,,,,
daily_top1_selection,,,,,,,,,,,,,,,,,,,2014-12-18,510300.SH,510300.SH,沪深300,沪深300,False,510300.SH,510300.SH,沪深300,沪深300,False,,,,,,,,,,,,,,,,,,,,,,,,,,,
daily_top1_selection,,,,,,,,,,,,,,,,,,,2014-12-19,510300.SH,510300.SH,沪深300,沪深300,False,510300.SH,510300.SH,沪深300,沪深300,False,,,,,,,,,,,,,,,,,,,,,,,,,,,
daily_top1_selection,,,,,,,,,,,,,,,,,,,2014-12-22,510300.SH,510300.SH,沪深300,沪深300,False,510300.SH,510300.SH,沪深300,沪深300,False,,,,,,,,,,,,,,,,,,,,,,,,,,,
daily_top1_selection,,,,,,,,,,,,,,,,,,,2014-12-23,510300.SH,510300.SH,沪深300,沪深300,False,510300.SH,510300.SH,沪深300,沪深300,False,,,,,,,,,,,,,,,,,,,,,,,,,,,
daily_top1_selection,,,,,,,,,,,,,,,,,,,2014-12-24,510300.SH,510300.SH,沪深300,沪深300,False,510300.SH,510300.SH,沪深300,沪深300,False,,,,,,,,,,,,,,,,,,,,,,,,,,,
daily_top1_selection,,,,,,,,,,,,,,,,,,,2014-12-25,510300.SH,510300.SH,沪深300,沪深300,False,510300.SH,510300.SH,沪深300,沪深300,False,,,,,,,,,,,,,,,,,,,,,,,,,,,
daily_top1_selection,,,,,,,,,,,,,,,,,,,2014-12-26,510300.SH,510300.SH,沪深300,沪深300,False,510300.SH,510300.SH,沪深300,沪深300,False,,,,,,,,,,,,,,,,,,,,,,,,,,,
daily_top1_selection,,,,,,,,,,,,,,,,,,,2014-12-29,510300.SH,510300.SH,沪深300,沪深300,False,510300.SH,510300.SH,沪深300,沪深300,False,,,,,,,,,,,,,,,,,,,,,,,,,,,
daily_top1_selection,,,,,,,,,,,,,,,,,,,2014-12-30,510300.SH,510300.SH,沪深300,沪深300,False,510300.SH,510300.SH,沪深300,沪深300,False,,,,,,,,,,,,,,,,,,,,,,,,,,,
daily_top1_selection,,,,,,,,,,,,,,,,,,,2014-12-31,510300.SH,510300.SH,沪深300,沪深300,False,510300.SH,510300.SH,沪深300,沪深300,False,,,,,,,,,,,,,,,,,,,,,,,,,,,
daily_top1_selection,,,,,,,,,,,,,,,,,,,2015-01-05,510300.SH,510300.SH,沪深300,沪深300,False,510300.SH,510300.SH,沪深300,沪深300,False,,,,,,,,,,,,,,,,,,,,,,,,,,,
daily_top1_selection,,,,,,,,,,,,,,,,,,,2015-01-06,510300.SH,510300.SH,沪深300,沪深300,False,510300.SH,510300.SH,沪深300,沪深300,False,,,,,,,,,,,,,,,,,,,,,,,,,,,
daily_top1_selection,,,,,,,,,,,,,,,,,,,2015-01-07,510300.SH,510300.SH,沪深300,沪深300,False,510300.SH,510300.SH,沪深300,沪深300,False,,,,,,,,,,,,,,,,,,,,,,,,,,,
daily_top1_selection,,,,,,,,,,,,,,,,,,,2015-01-08,510300.SH,510300.SH,沪深300,沪深300,False,510300.SH,510300.SH,沪深300,沪深300,False,,,,,,,,,,,,,,,,,,,,,,,,,,,
daily_top1_selection,,,,,,,,,,,,,,,,,,,2015-01-09,510300.SH,510300.SH,沪深300,沪深300,False,510300.SH,510300.SH,沪深300,沪深300,False,,,,,,,,,,,,,,,,,,,,,,,,,,,
daily_top1_selection,,,,,,,,,,,,,,,,,,,2015-01-12,510300.SH,510300.SH,沪深300,沪深300,False,510300.SH,510300.SH,沪深300,沪深300,False,,,,,,,,,,,,,,,,,,,,,,,,,,,
daily_top1_selection,,,,,,,,,,,,,,,,,,,2015-01-13,510300.SH,510300.SH,沪深300,沪深300,False,510300.SH,510300.SH,沪深300,沪深300,False,,,,,,,,,,,,,,,,,,,,,,,,,,,
daily_top1_selection,,,,,,,,,,,,,,,,,,,2015-01-14,510300.SH,510300.SH,沪深300,沪深300,False,510300.SH,510300.SH,沪深300,沪深300,False,,,,,,,,,,,,,,,,,,,,,,,,,,,
daily_top1_selection,,,,,,,,,,,,,,,,,,,2015-01-15,510300.SH,510300.SH,沪深300,沪深300,False,510300.SH,510300.SH,沪深300,沪深300,False,,,,,,,,,,,,,,,,,,,,,,,,,,,
daily_top1_selection,,,,,,,,,,,,,,,,,,,2015-01-16,510300.SH,510300.SH,沪深300,沪深300,False,510300.SH,510300.SH,沪深300,沪深300,False,,,,,,,,,,,,,,,,,,,,,,,,,,,
daily_top1_selection,,,,,,,,,,,,,,,,,,,2015-01-19,518880.SH,518880.SH,黄金,黄金,False,510300.SH,510300.SH,沪深300,沪深300,False,,,,,,,,,,,,,,,,,,,,,,,,,,,
daily_top1_selection,,,,,,,,,,,,,,,,,,,2015-01-20,159915.SZ,518880.SH,创业板,黄金,True,518880.SH,518880.SH,黄金,黄金,False,,,,,,,,,,,,,,,,,,,,,,,,,,,
daily_top1_selection,,,,,,,,,,,,,,,,,,,2015-01-21,159915.SZ,159915.SZ,创业板,创业板,False,518880.SH,518880.SH,黄金,黄金,False,,,,,,,,,,,,,,,,,,,,,,,,,,,
daily_top1_selection,,,,,,,,,,,,,,,,,,,2015-01-22,159915.SZ,159915.SZ,创业板,创业板,False,518880.SH,518880.SH,黄金,黄金,False,,,,,,,,,,,,,,,,,,,,,,,,,,,
daily_top1_selection,,,,,,,,,,,,,,,,,,,2015-01-23,510300.SH,518880.SH,沪深300,黄金,True,518880.SH,518880.SH,黄金,黄金,False,,,,,,,,,,,,,,,,,,,,,,,,,,,
daily_top1_selection,,,,,,,,,,,,,,,,,,,2015-01-26,159915.SZ,518880.SH,创业板,黄金,True,518880.SH,518880.SH,黄金,黄金,False,,,,,,,,,,,,,,,,,,,,,,,,,,,
daily_top1_selection,,,,,,,,,,,,,,,,,,,2015-01-27,159915.SZ,159915.SZ,创业板,创业板,False,159915.SZ,518880.SH,创业板,黄金,True,,,,,,,,,,,,,,,,,,,,,,,,,,,
daily_top1_selection,,,,,,,,,,,,,,,,,,,2015-01-28,159915.SZ,159915.SZ,创业板,创业板,False,159915.SZ,159915.SZ,创业板,创业板,False,,,,,,,,,,,,,,,,,,,,,,,,,,,
daily_top1_selection,,,,,,,,,,,,,,,,,,,2015-01-29,159915.SZ,159915.SZ,创业板,创业板,False,159915.SZ,159915.SZ,创业板,创业板,False,,,,,,,,,,,,,,,,,,,,,,,,,,,
daily_top1_selection,,,,,,,,,,,,,,,,,,,2015-01-30,159915.SZ,159915.SZ,创业板,创业板,False,159915.SZ,159915.SZ,创业板,创业板,False,,,,,,,,,,,,,,,,,,,,,,,,,,,
daily_top1_selection,,,,,,,,,,,,,,,,,,,2015-02-02,159915.SZ,159915.SZ,创业板,创业板,False,159915.SZ,159915.SZ,创业板,创业板,False,,,,,,,,,,,,,,,,,,,,,,,,,,,
daily_top1_selection,,,,,,,,,,,,,,,,,,,2015-02-03,159915.SZ,159915.SZ,创业板,创业板,False,159915.SZ,159915.SZ,创业板,创业板,False,,,,,,,,,,,,,,,,,,,,,,,,,,,
daily_top1_selection,,,,,,,,,,,,,,,,,,,2015-02-04,159915.SZ,159915.SZ,创业板,创业板,False,159915.SZ,159915.SZ,创业板,创业板,False,,,,,,,,,,,,,,,,,,,,,,,,,,,
daily_top1_selection,,,,,,,,,,,,,,,,,,,2015-02-05,159915.SZ,159915.SZ,创业板,创业板,False,159915.SZ,159915.SZ,创业板,创业板,False,,,,,,,,,,,,,,,,,,,,,,,,,,,
daily_top1_selection,,,,,,,,,,,,,,,,,,,2015-02-06,159915.SZ,159915.SZ,创业板,创业板,False,159915.SZ,159915.SZ,创业板,创业板,False,,,,,,,,,,,,,,,,,,,,,,,,,,,
daily_top1_selection,,,,,,,,,,,,,,,,,,,2015-02-09,159915.SZ,159915.SZ,创业板,创业板,False,159915.SZ,159915.SZ,创业板,创业板,False,,,,,,,,,,,,,,,,,,,,,,,,,,,
daily_top1_selection,,,,,,,,,,,,,,,,,,,2015-02-10,159915.SZ,159915.SZ,创业板,创业板,False,159915.SZ,159915.SZ,创业板,创业板,False,,,,,,,,,,,,,,,,,,,,,,,,,,,
daily_top1_selection,,,,,,,,,,,,,,,,,,,2015-02-11,159915.SZ,159915.SZ,创业板,创业板,False,159915.SZ,159915.SZ,创业板,创业板,False,,,,,,,,,,,,,,,,,,,,,,,,,,,
daily_top1_selection,,,,,,,,,,,,,,,,,,,2015-02-12,159915.SZ,159915.SZ,创业板,创业板,False,159915.SZ,159915.SZ,创业板,创业板,False,,,,,,,,,,,,,,,,,,,,,,,,,,,
daily_top1_selection,,,,,,,,,,,,,,,,,,,2015-02-13,159915.SZ,159915.SZ,创业板,创业板,False,159915.SZ,159915.SZ,创业板,创业板,False,,,,,,,,,,,,,,,,,,,,,,,,,,,
daily_top1_selection,,,,,,,,,,,,,,,,,,,2015-02-16,159915.SZ,159915.SZ,创业板,创业板,False,159915.SZ,159915.SZ,创业板,创业板,False,,,,,,,,,,,,,,,,,,,,,,,,,,,
daily_top1_selection,,,,,,,,,,,,,,,,,,,2015-02-17,159915.SZ,159915.SZ,创业板,创业板,False,159915.SZ,159915.SZ,创业板,创业板,False,,,,,,,,,,,,,,,,,,,,,,,,,,,
daily_top1_selection,,,,,,,,,,,,,,,,,,,2015-02-25,159915.SZ,513100.SH,创业板,纳指,True,159915.SZ,159915.SZ,创业板,创业板,False,,,,,,,,,,,,,,,,,,,,,,,,,,,
daily_top1_selection,,,,,,,,,,,,,,,,,,,2015-02-26,159915.SZ,159915.SZ,创业板,创业板,False,159915.SZ,513100.SH,创业板,纳指,True,,,,,,,,,,,,,,,,,,,,,,,,,,,
daily_top1_selection,,,,,,,,,,,,,,,,,,,2015-02-27,159915.SZ,159915.SZ,创业板,创业板,False,159915.SZ,513100.SH,创业板,纳指,True,,,,,,,,,,,,,,,,,,,,,,,,,,,
daily_top1_selection,,,,,,,,,,,,,,,,,,,2015-03-02,159915.SZ,159915.SZ,创业板,创业板,False,159915.SZ,513100.SH,创业板,纳指,True,,,,,,,,,,,,,,,,,,,,,,,,,,,
daily_top1_selection,,,,,,,,,,,,,,,,,,,2015-03-03,159915.SZ,159915.SZ,创业板,创业板,False,159915.SZ,513100.SH,创业板,纳指,True,,,,,,,,,,,,,,,,,,,,,,,,,,,
daily_top1_selection,,,,,,,,,,,,,,,,,,,2015-03-04,159915.SZ,159915.SZ,创业板,创业板,False,159915.SZ,513100.SH,创业板,纳指,True,,,,,,,,,,,,,,,,,,,,,,,,,,,
daily_top1_selection,,,,,,,,,,,,,,,,,,,2015-03-05,159915.SZ,159915.SZ,创业板,创业板,False,159915.SZ,159915.SZ,创业板,创业板,False,,,,,,,,,,,,,,,,,,,,,,,,,,,
daily_top1_selection,,,,,,,,,,,,,,,,,,,2015-03-06,159915.SZ,159915.SZ,创业板,创业板,False,159915.SZ,159915.SZ,创业板,创业板,False,,,,,,,,,,,,,,,,,,,,,,,,,,,
daily_top1_selection,,,,,,,,,,,,,,,,,,,2015-03-09,159915.SZ,159915.SZ,创业板,创业板,False,159915.SZ,159915.SZ,创业板,创业板,False,,,,,,,,,,,,,,,,,,,,,,,,,,,
daily_top1_selection,,,,,,,,,,,,,,,,,,,2015-03-10,159915.SZ,159915.SZ,创业板,创业板,False,159915.SZ,159915.SZ,创业板,创业板,False,,,,,,,,,,,,,,,,,,,,,,,,,,,
daily_top1_selection,,,,,,,,,,,,,,,,,,,2015-03-11,159915.SZ,159915.SZ,创业板,创业板,False,159915.SZ,159915.SZ,创业板,创业板,False,,,,,,,,,,,,,,,,,,,,,,,,,,,
daily_top1_selection,,,,,,,,,,,,,,,,,,,2015-03-12,159915.SZ,159915.SZ,创业板,创业板,False,159915.SZ,159915.SZ,创业板,创业板,False,,,,,,,,,,,,,,,,,,,,,,,,,,,
daily_top1_selection,,,,,,,,,,,,,,,,,,,2015-03-13,159915.SZ,159915.SZ,创业板,创业板,False,159915.SZ,159915.SZ,创业板,创业板,False,,,,,,,,,,,,,,,,,,,,,,,,,,,
daily_top1_selection,,,,,,,,,,,,,,,,,,,2015-03-16,159915.SZ,159915.SZ,创业板,创业板,False,159915.SZ,159915.SZ,创业板,创业板,False,,,,,,,,,,,,,,,,,,,,,,,,,,,
daily_top1_selection,,,,,,,,,,,,,,,,,,,2015-03-17,159915.SZ,159915.SZ,创业板,创业板,False,159915.SZ,159915.SZ,创业板,创业板,False,,,,,,,,,,,,,,,,,,,,,,,,,,,
daily_top1_selection,,,,,,,,,,,,,,,,,,,2015-03-18,159915.SZ,159915.SZ,创业板,创业板,False,159915.SZ,159915.SZ,创业板,创业板,False,,,,,,,,,,,,,,,,,,,,,,,,,,,
daily_top1_selection,,,,,,,,,,,,,,,,,,,2015-03-19,159915.SZ,159915.SZ,创业板,创业板,False,159915.SZ,159915.SZ,创业板,创业板,False,,,,,,,,,,,,,,,,,,,,,,,,,,,
daily_top1_selection,,,,,,,,,,,,,,,,,,,2015-03-20,159915.SZ,159915.SZ,创业板,创业板,False,159915.SZ,159915.SZ,创业板,创业板,False,,,,,,,,,,,,,,,,,,,,,,,,,,,
daily_top1_selection,,,,,,,,,,,,,,,,,,,2015-03-23,159915.SZ,159915.SZ,创业板,创业板,False,159915.SZ,159915.SZ,创业板,创业板,False,,,,,,,,,,,,,,,,,,,,,,,,,,,
daily_top1_selection,,,,,,,,,,,,,,,,,,,2015-03-24,159915.SZ,159915.SZ,创业板,创业板,False,159915.SZ,159915.SZ,创业板,创业板,False,,,,,,,,,,,,,,,,,,,,,,,,,,,
daily_top1_selection,,,,,,,,,,,,,,,,,,,2015-03-25,159915.SZ,159915.SZ,创业板,创业板,False,159915.SZ,159915.SZ,创业板,创业板,False,,,,,,,,,,,,,,,,,,,,,,,,,,,
daily_top1_selection,,,,,,,,,,,,,,,,,,,2015-03-26,159915.SZ,159915.SZ,创业板,创业板,False,159915.SZ,159915.SZ,创业板,创业板,False,,,,,,,,,,,,,,,,,,,,,,,,,,,
daily_top1_selection,,,,,,,,,,,,,,,,,,,2015-03-27,159915.SZ,159915.SZ,创业板,创业板,False,159915.SZ,159915.SZ,创业板,创业板,False,,,,,,,,,,,,,,,,,,,,,,,,,,,
daily_top1_selection,,,,,,,,,,,,,,,,,,,2015-03-30,159915.SZ,510300.SH,创业板,沪深300,True,159915.SZ,159915.SZ,创业板,创业板,False,,,,,,,,,,,,,,,,,,,,,,,,,,,
daily_top1_selection,,,,,,,,,,,,,,,,,,,2015-03-31,159915.SZ,510300.SH,创业板,沪深300,True,159915.SZ,510300.SH,创业板,沪深300,True,,,,,,,,,,,,,,,,,,,,,,,,,,,
daily_top1_selection,,,,,,,,,,,,,,,,,,,2015-04-01,159915.SZ,510300.SH,创业板,沪深300,True,159915.SZ,510300.SH,创业板,沪深300,True,,,,,,,,,,,,,,,,,,,,,,,,,,,
daily_top1_selection,,,,,,,,,,,,,,,,,,,2015-04-02,159915.SZ,510300.SH,创业板,沪深300,True,159915.SZ,510300.SH,创业板,沪深300,True,,,,,,,,,,,,,,,,,,,,,,,,,,,
daily_top1_selection,,,,,,,,,,,,,,,,,,,2015-04-03,159915.SZ,159915.SZ,创业板,创业板,False,159915.SZ,510300.SH,创业板,沪深300,True,,,,,,,,,,,,,,,,,,,,,,,,,,,
daily_top1_selection,,,,,,,,,,,,,,,,,,,2015-04-07,159915.SZ,159915.SZ,创业板,创业板,False,159915.SZ,510300.SH,创业板,沪深300,True,,,,,,,,,,,,,,,,,,,,,,,,,,,
daily_top1_selection,,,,,,,,,,,,,,,,,,,2015-04-08,510300.SH,510300.SH,沪深300,沪深300,False,159915.SZ,159915.SZ,创业板,创业板,False,,,,,,,,,,,,,,,,,,,,,,,,,,,
daily_top1_selection,,,,,,,,,,,,,,,,,,,2015-04-09,159915.SZ,510300.SH,创业板,沪深300,True,510300.SH,159915.SZ,沪深300,创业板,True,,,,,,,,,,,,,,,,,,,,,,,,,,,
daily_top1_selection,,,,,,,,,,,,,,,,,,,2015-04-10,159915.SZ,510300.SH,创业板,沪深300,True,510300.SH,159915.SZ,沪深300,创业板,True,,,,,,,,,,,,,,,,,,,,,,,,,,,
daily_top1_selection,,,,,,,,,,,,,,,,,,,2015-04-13,159915.SZ,510300.SH,创业板,沪深300,True,510300.SH,159915.SZ,沪深300,创业板,True,,,,,,,,,,,,,,,,,,,,,,,,,,,
daily_top1_selection,,,,,,,,,,,,,,,,,,,2015-04-14,510300.SH,510300.SH,沪深300,沪深300,False,510300.SH,159915.SZ,沪深300,创业板,True,,,,,,,,,,,,,,,,,,,,,,,,,,,
daily_top1_selection,,,,,,,,,,,,,,,,,,,2015-04-15,510300.SH,510300.SH,沪深300,沪深300,False,510300.SH,510300.SH,沪深300,沪深300,False,,,,,,,,,,,,,,,,,,,,,,,,,,,
daily_top1_selection,,,,,,,,,,,,,,,,,,,2015-04-16,510300.SH,510300.SH,沪深300,沪深300,False,510300.SH,510300.SH,沪深300,沪深300,False,,,,,,,,,,,,,,,,,,,,,,,,,,,
daily_top1_selection,,,,,,,,,,,,,,,,,,,2015-04-17,510300.SH,510300.SH,沪深300,沪深300,False,510300.SH,510300.SH,沪深300,沪深300,False,,,,,,,,,,,,,,,,,,,,,,,,,,,
daily_top1_selection,,,,,,,,,,,,,,,,,,,2015-04-20,510300.SH,510300.SH,沪深300,沪深300,False,510300.SH,510300.SH,沪深300,沪深300,False,,,,,,,,,,,,,,,,,,,,,,,,,,,
daily_top1_selection,,,,,,,,,,,,,,,,,,,2015-04-21,510300.SH,510300.SH,沪深300,沪深300,False,510300.SH,510300.SH,沪深300,沪深300,False,,,,,,,,,,,,,,,,,,,,,,,,,,,
daily_top1_selection,,,,,,,,,,,,,,,,,,,2015-04-22,510300.SH,510300.SH,沪深300,沪深300,False,510300.SH,510300.SH,沪深300,沪深300,False,,,,,,,,,,,,,,,,,,,,,,,,,,,
daily_top1_selection,,,,,,,,,,,,,,,,,,,2015-04-23,510300.SH,510300.SH,沪深300,沪深300,False,510300.SH,510300.SH,沪深300,沪深300,False,,,,,,,,,,,,,,,,,,,,,,,,,,,
daily_top1_selection,,,,,,,,,,,,,,,,,,,2015-04-24,159915.SZ,510300.SH,创业板,沪深300,True,510300.SH,510300.SH,沪深300,沪深300,False,,,,,,,,,,,,,,,,,,,,,,,,,,,
daily_top1_selection,,,,,,,,,,,,,,,,,,,2015-04-27,510300.SH,510300.SH,沪深300,沪深300,False,159915.SZ,510300.SH,创业板,沪深300,True,,,,,,,,,,,,,,,,,,,,,,,,,,,
daily_top1_selection,,,,,,,,,,,,,,,,,,,2015-04-28,159915.SZ,510300.SH,创业板,沪深300,True,159915.SZ,510300.SH,创业板,沪深300,True,,,,,,,,,,,,,,,,,,,,,,,,,,,
daily_top1_selection,,,,,,,,,,,,,,,,,,,2015-04-29,159915.SZ,510300.SH,创业板,沪深300,True,159915.SZ,510300.SH,创业板,沪深300,True,,,,,,,,,,,,,,,,,,,,,,,,,,,
daily_top1_selection,,,,,,,,,,,,,,,,,,,2015-04-30,159915.SZ,510300.SH,创业板,沪深300,True,159915.SZ,510300.SH,创业板,沪深300,True,,,,,,,,,,,,,,,,,,,,,,,,,,,
daily_top1_selection,,,,,,,,,,,,,,,,,,,2015-05-04,510300.SH,510300.SH,沪深300,沪深300,False,159915.SZ,510300.SH,创业板,沪深300,True,,,,,,,,,,,,,,,,,,,,,,,,,,,
daily_top1_selection,,,,,,,,,,,,,,,,,,,2015-05-05,159915.SZ,510300.SH,创业板,沪深300,True,510300.SH,510300.SH,沪深300,沪深300,False,,,,,,,,,,,,,,,,,,,,,,,,,,,
daily_top1_selection,,,,,,,,,,,,,,,,,,,2015-05-06,159915.SZ,159915.SZ,创业板,创业板,False,510300.SH,510300.SH,沪深300,沪深300,False,,,,,,,,,,,,,,,,,,,,,,,,,,,
daily_top1_selection,,,,,,,,,,,,,,,,,,,2015-05-07,159915.SZ,159915.SZ,创业板,创业板,False,510300.SH,159915.SZ,沪深300,创业板,True,,,,,,,,,,,,,,,,,,,,,,,,,,,
daily_top1_selection,,,,,,,,,,,,,,,,,,,2015-05-08,159915.SZ,159915.SZ,创业板,创业板,False,510300.SH,159915.SZ,沪深300,创业板,True,,,,,,,,,,,,,,,,,,,,,,,,,,,
daily_top1_selection,,,,,,,,,,,,,,,,,,,2015-05-11,159915.SZ,159915.SZ,创业板,创业板,False,510300.SH,159915.SZ,沪深300,创业板,True,,,,,,,,,,,,,,,,,,,,,,,,,,,
daily_top1_selection,,,,,,,,,,,,,,,,,,,2015-05-12,159915.SZ,159915.SZ,创业板,创业板,False,159915.SZ,159915.SZ,创业板,创业板,False,,,,,,,,,,,,,,,,,,,,,,,,,,,
daily_top1_selection,,,,,,,,,,,,,,,,,,,2015-05-13,159915.SZ,159915.SZ,创业板,创业板,False,159915.SZ,159915.SZ,创业板,创业板,False,,,,,,,,,,,,,,,,,,,,,,,,,,,
daily_top1_selection,,,,,,,,,,,,,,,,,,,2015-05-14,159915.SZ,159915.SZ,创业板,创业板,False,159915.SZ,159915.SZ,创业板,创业板,False,,,,,,,,,,,,,,,,,,,,,,,,,,,
daily_top1_selection,,,,,,,,,,,,,,,,,,,2015-05-15,159915.SZ,159915.SZ,创业板,创业板,False,159915.SZ,159915.SZ,创业板,创业板,False,,,,,,,,,,,,,,,,,,,,,,,,,,,
daily_top1_selection,,,,,,,,,,,,,,,,,,,2015-05-18,159915.SZ,159915.SZ,创业板,创业板,False,159915.SZ,159915.SZ,创业板,创业板,False,,,,,,,,,,,,,,,,,,,,,,,,,,,
daily_top1_selection,,,,,,,,,,,,,,,,,,,2015-05-19,159915.SZ,159915.SZ,创业板,创业板,False,159915.SZ,159915.SZ,创业板,创业板,False,,,,,,,,,,,,,,,,,,,,,,,,,,,
daily_top1_selection,,,,,,,,,,,,,,,,,,,2015-05-20,159915.SZ,159915.SZ,创业板,创业板,False,159915.SZ,159915.SZ,创业板,创业板,False,,,,,,,,,,,,,,,,,,,,,,,,,,,
daily_top1_selection,,,,,,,,,,,,,,,,,,,2015-05-21,159915.SZ,159915.SZ,创业板,创业板,False,159915.SZ,159915.SZ,创业板,创业板,False,,,,,,,,,,,,,,,,,,,,,,,,,,,
daily_top1_selection,,,,,,,,,,,,,,,,,,,2015-05-22,159915.SZ,159915.SZ,创业板,创业板,False,159915.SZ,159915.SZ,创业板,创业板,False,,,,,,,,,,,,,,,,,,,,,,,,,,,
daily_top1_selection,,,,,,,,,,,,,,,,,,,2015-05-25,159915.SZ,159915.SZ,创业板,创业板,False,159915.SZ,159915.SZ,创业板,创业板,False,,,,,,,,,,,,,,,,,,,,,,,,,,,
daily_top1_selection,,,,,,,,,,,,,,,,,,,2015-05-26,159915.SZ,159915.SZ,创业板,创业板,False,159915.SZ,159915.SZ,创业板,创业板,False,,,,,,,,,,,,,,,,,,,,,,,,,,,
daily_top1_selection,,,,,,,,,,,,,,,,,,,2015-05-27,159915.SZ,159915.SZ,创业板,创业板,False,159915.SZ,159915.SZ,创业板,创业板,False,,,,,,,,,,,,,,,,,,,,,,,,,,,
daily_top1_selection,,,,,,,,,,,,,,,,,,,2015-05-28,159915.SZ,159915.SZ,创业板,创业板,False,159915.SZ,159915.SZ,创业板,创业板,False,,,,,,,,,,,,,,,,,,,,,,,,,,,
daily_top1_selection,,,,,,,,,,,,,,,,,,,2015-05-29,159915.SZ,159915.SZ,创业板,创业板,False,159915.SZ,159915.SZ,创业板,创业板,False,,,,,,,,,,,,,,,,,,,,,,,,,,,
daily_top1_selection,,,,,,,,,,,,,,,,,,,2015-06-01,159915.SZ,159915.SZ,创业板,创业板,False,159915.SZ,159915.SZ,创业板,创业板,False,,,,,,,,,,,,,,,,,,,,,,,,,,,
daily_top1_selection,,,,,,,,,,,,,,,,,,,2015-06-02,159915.SZ,159915.SZ,创业板,创业板,False,159915.SZ,159915.SZ,创业板,创业板,False,,,,,,,,,,,,,,,,,,,,,,,,,,,
daily_top1_selection,,,,,,,,,,,,,,,,,,,2015-06-03,159915.SZ,159915.SZ,创业板,创业板,False,159915.SZ,159915.SZ,创业板,创业板,False,,,,,,,,,,,,,,,,,,,,,,,,,,,
daily_top1_selection,,,,,,,,,,,,,,,,,,,2015-06-04,159915.SZ,159915.SZ,创业板,创业板,False,159915.SZ,159915.SZ,创业板,创业板,False,,,,,,,,,,,,,,,,,,,,,,,,,,,
daily_top1_selection,,,,,,,,,,,,,,,,,,,2015-06-05,159915.SZ,159915.SZ,创业板,创业板,False,159915.SZ,159915.SZ,创业板,创业板,False,,,,,,,,,,,,,,,,,,,,,,,,,,,
daily_top1_selection,,,,,,,,,,,,,,,,,,,2015-06-08,159915.SZ,510300.SH,创业板,沪深300,True,159915.SZ,159915.SZ,创业板,创业板,False,,,,,,,,,,,,,,,,,,,,,,,,,,,
daily_top1_selection,,,,,,,,,,,,,,,,,,,2015-06-09,159915.SZ,510300.SH,创业板,沪深300,True,159915.SZ,510300.SH,创业板,沪深300,True,,,,,,,,,,,,,,,,,,,,,,,,,,,
daily_top1_selection,,,,,,,,,,,,,,,,,,,2015-06-10,159915.SZ,159915.SZ,创业板,创业板,False,159915.SZ,510300.SH,创业板,沪深300,True,,,,,,,,,,,,,,,,,,,,,,,,,,,
daily_top1_selection,,,,,,,,,,,,,,,,,,,2015-06-11,159915.SZ,159915.SZ,创业板,创业板,False,159915.SZ,510300.SH,创业板,沪深300,True,,,,,,,,,,,,,,,,,,,,,,,,,,,
daily_top1_selection,,,,,,,,,,,,,,,,,,,2015-06-12,159915.SZ,159915.SZ,创业板,创业板,False,159915.SZ,510300.SH,创业板,沪深300,True,,,,,,,,,,,,,,,,,,,,,,,,,,,
daily_top1_selection,,,,,,,,,,,,,,,,,,,2015-06-15,510300.SH,510300.SH,沪深300,沪深300,False,159915.SZ,510300.SH,创业板,沪深300,True,,,,,,,,,,,,,,,,,,,,,,,,,,,
daily_top1_selection,,,,,,,,,,,,,,,,,,,2015-06-16,510300.SH,510300.SH,沪深300,沪深300,False,510300.SH,510300.SH,沪深300,沪深300,False,,,,,,,,,,,,,,,,,,,,,,,,,,,
daily_top1_selection,,,,,,,,,,,,,,,,,,,2015-06-17,159915.SZ,510300.SH,创业板,沪深300,True,510300.SH,510300.SH,沪深300,沪深300,False,,,,,,,,,,,,,,,,,,,,,,,,,,,
daily_top1_selection,,,,,,,,,,,,,,,,,,,2015-06-18,510300.SH,510300.SH,沪深300,沪深300,False,510300.SH,510300.SH,沪深300,沪深300,False,,,,,,,,,,,,,,,,,,,,,,,,,,,
daily_top1_selection,,,,,,,,,,,,,,,,,,,2015-06-19,513100.SH,513100.SH,纳指,纳指,False,510300.SH,510300.SH,沪深300,沪深300,False,,,,,,,,,,,,,,,,,,,,,,,,,,,
daily_top1_selection,,,,,,,,,,,,,,,,,,,2015-06-23,513100.SH,513100.SH,纳指,纳指,False,510300.SH,513100.SH,沪深300,纳指,True,,,,,,,,,,,,,,,,,,,,,,,,,,,
daily_top1_selection,,,,,,,,,,,,,,,,,,,2015-06-24,513100.SH,513100.SH,纳指,纳指,False,513100.SH,513100.SH,纳指,纳指,False,,,,,,,,,,,,,,,,,,,,,,,,,,,
daily_top1_selection,,,,,,,,,,,,,,,,,,,2015-06-25,513100.SH,513100.SH,纳指,纳指,False,513100.SH,513100.SH,纳指,纳指,False,,,,,,,,,,,,,,,,,,,,,,,,,,,
daily_top1_selection,,,,,,,,,,,,,,,,,,,2015-06-26,513100.SH,513100.SH,纳指,纳指,False,513100.SH,513100.SH,纳指,纳指,False,,,,,,,,,,,,,,,,,,,,,,,,,,,
daily_top1_selection,,,,,,,,,,,,,,,,,,,2015-06-29,518880.SH,513100.SH,黄金,纳指,True,513100.SH,513100.SH,纳指,纳指,False,,,,,,,,,,,,,,,,,,,,,,,,,,,
daily_top1_selection,,,,,,,,,,,,,,,,,,,2015-06-30,518880.SH,513100.SH,黄金,纳指,True,513100.SH,513100.SH,纳指,纳指,False,,,,,,,,,,,,,,,,,,,,,,,,,,,
daily_top1_selection,,,,,,,,,,,,,,,,,,,2015-07-01,518880.SH,513100.SH,黄金,纳指,True,518880.SH,513100.SH,黄金,纳指,True,,,,,,,,,,,,,,,,,,,,,,,,,,,
daily_top1_selection,,,,,,,,,,,,,,,,,,,2015-07-02,513100.SH,513100.SH,纳指,纳指,False,518880.SH,513100.SH,黄金,纳指,True,,,,,,,,,,,,,,,,,,,,,,,,,,,
daily_top1_selection,,,,,,,,,,,,,,,,,,,2015-07-03,513100.SH,513100.SH,纳指,纳指,False,518880.SH,513100.SH,黄金,纳指,True,,,,,,,,,,,,,,,,,,,,,,,,,,,
daily_top1_selection,,,,,,,,,,,,,,,,,,,2015-07-06,518880.SH,518880.SH,黄金,黄金,False,518880.SH,513100.SH,黄金,纳指,True,,,,,,,,,,,,,,,,,,,,,,,,,,,
daily_top1_selection,,,,,,,,,,,,,,,,,,,2015-07-07,518880.SH,513100.SH,黄金,纳指,True,518880.SH,518880.SH,黄金,黄金,False,,,,,,,,,,,,,,,,,,,,,,,,,,,
daily_top1_selection,,,,,,,,,,,,,,,,,,,2015-07-08,513100.SH,513100.SH,纳指,纳指,False,518880.SH,518880.SH,黄金,黄金,False,,,,,,,,,,,,,,,,,,,,,,,,,,,
daily_top1_selection,,,,,,,,,,,,,,,,,,,2015-07-09,518880.SH,518880.SH,黄金,黄金,False,513100.SH,518880.SH,纳指,黄金,True,,,,,,,,,,,,,,,,,,,,,,,,,,,
daily_top1_selection,,,,,,,,,,,,,,,,,,,2015-07-10,518880.SH,518880.SH,黄金,黄金,False,513100.SH,518880.SH,纳指,黄金,True,,,,,,,,,,,,,,,,,,,,,,,,,,,
daily_top1_selection,,,,,,,,,,,,,,,,,,,2015-07-13,518880.SH,518880.SH,黄金,黄金,False,513100.SH,518880.SH,纳指,黄金,True,,,,,,,,,,,,,,,,,,,,,,,,,,,
daily_top1_selection,,,,,,,,,,,,,,,,,,,2015-07-14,513100.SH,513100.SH,纳指,纳指,False,513100.SH,518880.SH,纳指,黄金,True,,,,,,,,,,,,,,,,,,,,,,,,,,,
daily_top1_selection,,,,,,,,,,,,,,,,,,,2015-07-15,513100.SH,513100.SH,纳指,纳指,False,513100.SH,513100.SH,纳指,纳指,False,,,,,,,,,,,,,,,,,,,,,,,,,,,
daily_top1_selection,,,,,,,,,,,,,,,,,,,2015-07-16,513100.SH,513100.SH,纳指,纳指,False,513100.SH,513100.SH,纳指,纳指,False,,,,,,,,,,,,,,,,,,,,,,,,,,,
daily_top1_selection,,,,,,,,,,,,,,,,,,,2015-07-17,513100.SH,513100.SH,纳指,纳指,False,513100.SH,513100.SH,纳指,纳指,False,,,,,,,,,,,,,,,,,,,,,,,,,,,
daily_top1_selection,,,,,,,,,,,,,,,,,,,2015-07-20,513100.SH,513100.SH,纳指,纳指,False,513100.SH,513100.SH,纳指,纳指,False,,,,,,,,,,,,,,,,,,,,,,,,,,,
daily_top1_selection,,,,,,,,,,,,,,,,,,,2015-07-21,513100.SH,513100.SH,纳指,纳指,False,513100.SH,513100.SH,纳指,纳指,False,,,,,,,,,,,,,,,,,,,,,,,,,,,
daily_top1_selection,,,,,,,,,,,,,,,,,,,2015-07-22,513100.SH,513100.SH,纳指,纳指,False,513100.SH,513100.SH,纳指,纳指,False,,,,,,,,,,,,,,,,,,,,,,,,,,,
daily_top1_selection,,,,,,,,,,,,,,,,,,,2015-07-23,513100.SH,513100.SH,纳指,纳指,False,513100.SH,513100.SH,纳指,纳指,False,,,,,,,,,,,,,,,,,,,,,,,,,,,
daily_top1_selection,,,,,,,,,,,,,,,,,,,2015-07-24,513100.SH,513100.SH,纳指,纳指,False,513100.SH,513100.SH,纳指,纳指,False,,,,,,,,,,,,,,,,,,,,,,,,,,,
daily_top1_selection,,,,,,,,,,,,,,,,,,,2015-07-27,513100.SH,513100.SH,纳指,纳指,False,513100.SH,513100.SH,纳指,纳指,False,,,,,,,,,,,,,,,,,,,,,,,,,,,
daily_top1_selection,,,,,,,,,,,,,,,,,,,2015-07-28,513100.SH,513100.SH,纳指,纳指,False,513100.SH,513100.SH,纳指,纳指,False,,,,,,,,,,,,,,,,,,,,,,,,,,,
daily_top1_selection,,,,,,,,,,,,,,,,,,,2015-07-29,513100.SH,513100.SH,纳指,纳指,False,513100.SH,513100.SH,纳指,纳指,False,,,,,,,,,,,,,,,,,,,,,,,,,,,
daily_top1_selection,,,,,,,,,,,,,,,,,,,2015-07-30,513100.SH,513100.SH,纳指,纳指,False,513100.SH,513100.SH,纳指,纳指,False,,,,,,,,,,,,,,,,,,,,,,,,,,,
daily_top1_selection,,,,,,,,,,,,,,,,,,,2015-07-31,513100.SH,513100.SH,纳指,纳指,False,513100.SH,513100.SH,纳指,纳指,False,,,,,,,,,,,,,,,,,,,,,,,,,,,
daily_top1_selection,,,,,,,,,,,,,,,,,,,2015-08-03,513100.SH,513100.SH,纳指,纳指,False,513100.SH,513100.SH,纳指,纳指,False,,,,,,,,,,,,,,,,,,,,,,,,,,,
daily_top1_selection,,,,,,,,,,,,,,,,,,,2015-08-04,159915.SZ,159915.SZ,创业板,创业板,False,513100.SH,513100.SH,纳指,纳指,False,,,,,,,,,,,,,,,,,,,,,,,,,,,
daily_top1_selection,,,,,,,,,,,,,,,,,,,2015-08-05,159915.SZ,159915.SZ,创业板,创业板,False,159915.SZ,159915.SZ,创业板,创业板,False,,,,,,,,,,,,,,,,,,,,,,,,,,,
daily_top1_selection,,,,,,,,,,,,,,,,,,,2015-08-06,159915.SZ,513100.SH,创业板,纳指,True,159915.SZ,159915.SZ,创业板,创业板,False,,,,,,,,,,,,,,,,,,,,,,,,,,,
daily_top1_selection,,,,,,,,,,,,,,,,,,,2015-08-07,513100.SH,513100.SH,纳指,纳指,False,159915.SZ,159915.SZ,创业板,创业板,False,,,,,,,,,,,,,,,,,,,,,,,,,,,
daily_top1_selection,,,,,,,,,,,,,,,,,,,2015-08-10,513100.SH,513100.SH,纳指,纳指,False,159915.SZ,159915.SZ,创业板,创业板,False,,,,,,,,,,,,,,,,,,,,,,,,,,,
daily_top1_selection,,,,,,,,,,,,,,,,,,,2015-08-11,513100.SH,513100.SH,纳指,纳指,False,159915.SZ,159915.SZ,创业板,创业板,False,,,,,,,,,,,,,,,,,,,,,,,,,,,
daily_top1_selection,,,,,,,,,,,,,,,,,,,2015-08-12,513100.SH,513100.SH,纳指,纳指,False,513100.SH,513100.SH,纳指,纳指,False,,,,,,,,,,,,,,,,,,,,,,,,,,,
daily_top1_selection,,,,,,,,,,,,,,,,,,,2015-08-13,513100.SH,513100.SH,纳指,纳指,False,513100.SH,513100.SH,纳指,纳指,False,,,,,,,,,,,,,,,,,,,,,,,,,,,
daily_top1_selection,,,,,,,,,,,,,,,,,,,2015-08-14,513100.SH,513100.SH,纳指,纳指,False,513100.SH,513100.SH,纳指,纳指,False,,,,,,,,,,,,,,,,,,,,,,,,,,,
daily_top1_selection,,,,,,,,,,,,,,,,,,,2015-08-17,513100.SH,513100.SH,纳指,纳指,False,513100.SH,513100.SH,纳指,纳指,False,,,,,,,,,,,,,,,,,,,,,,,,,,,
daily_top1_selection,,,,,,,,,,,,,,,,,,,2015-08-18,518880.SH,518880.SH,黄金,黄金,False,513100.SH,513100.SH,纳指,纳指,False,,,,,,,,,,,,,,,,,,,,,,,,,,,
daily_top1_selection,,,,,,,,,,,,,,,,,,,2015-08-19,518880.SH,518880.SH,黄金,黄金,False,518880.SH,518880.SH,黄金,黄金,False,,,,,,,,,,,,,,,,,,,,,,,,,,,
daily_top1_selection,,,,,,,,,,,,,,,,,,,2015-08-20,518880.SH,518880.SH,黄金,黄金,False,518880.SH,518880.SH,黄金,黄金,False,,,,,,,,,,,,,,,,,,,,,,,,,,,
daily_top1_selection,,,,,,,,,,,,,,,,,,,2015-08-21,518880.SH,518880.SH,黄金,黄金,False,518880.SH,518880.SH,黄金,黄金,False,,,,,,,,,,,,,,,,,,,,,,,,,,,
daily_top1_selection,,,,,,,,,,,,,,,,,,,2015-08-24,518880.SH,518880.SH,黄金,黄金,False,518880.SH,518880.SH,黄金,黄金,False,,,,,,,,,,,,,,,,,,,,,,,,,,,
daily_top1_selection,,,,,,,,,,,,,,,,,,,2015-08-25,518880.SH,518880.SH,黄金,黄金,False,518880.SH,518880.SH,黄金,黄金,False,,,,,,,,,,,,,,,,,,,,,,,,,,,
daily_top1_selection,,,,,,,,,,,,,,,,,,,2015-08-26,518880.SH,518880.SH,黄金,黄金,False,518880.SH,518880.SH,黄金,黄金,False,,,,,,,,,,,,,,,,,,,,,,,,,,,
daily_top1_selection,,,,,,,,,,,,,,,,,,,2015-08-27,518880.SH,518880.SH,黄金,黄金,False,518880.SH,518880.SH,黄金,黄金,False,,,,,,,,,,,,,,,,,,,,,,,,,,,
daily_top1_selection,,,,,,,,,,,,,,,,,,,2015-08-28,518880.SH,518880.SH,黄金,黄金,False,518880.SH,518880.SH,黄金,黄金,False,,,,,,,,,,,,,,,,,,,,,,,,,,,
daily_top1_selection,,,,,,,,,,,,,,,,,,,2015-08-31,518880.SH,518880.SH,黄金,黄金,False,518880.SH,518880.SH,黄金,黄金,False,,,,,,,,,,,,,,,,,,,,,,,,,,,
daily_top1_selection,,,,,,,,,,,,,,,,,,,2015-09-01,518880.SH,518880.SH,黄金,黄金,False,518880.SH,518880.SH,黄金,黄金,False,,,,,,,,,,,,,,,,,,,,,,,,,,,
daily_top1_selection,,,,,,,,,,,,,,,,,,,2015-09-02,518880.SH,518880.SH,黄金,黄金,False,518880.SH,518880.SH,黄金,黄金,False,,,,,,,,,,,,,,,,,,,,,,,,,,,
daily_top1_selection,,,,,,,,,,,,,,,,,,,2015-09-07,518880.SH,518880.SH,黄金,黄金,False,518880.SH,518880.SH,黄金,黄金,False,,,,,,,,,,,,,,,,,,,,,,,,,,,
daily_top1_selection,,,,,,,,,,,,,,,,,,,2015-09-08,518880.SH,518880.SH,黄金,黄金,False,518880.SH,518880.SH,黄金,黄金,False,,,,,,,,,,,,,,,,,,,,,,,,,,,
daily_top1_selection,,,,,,,,,,,,,,,,,,,2015-09-09,518880.SH,518880.SH,黄金,黄金,False,518880.SH,518880.SH,黄金,黄金,False,,,,,,,,,,,,,,,,,,,,,,,,,,,
daily_top1_selection,,,,,,,,,,,,,,,,,,,2015-09-10,518880.SH,518880.SH,黄金,黄金,False,518880.SH,518880.SH,黄金,黄金,False,,,,,,,,,,,,,,,,,,,,,,,,,,,
daily_top1_selection,,,,,,,,,,,,,,,,,,,2015-09-11,518880.SH,518880.SH,黄金,黄金,False,518880.SH,518880.SH,黄金,黄金,False,,,,,,,,,,,,,,,,,,,,,,,,,,,
daily_top1_selection,,,,,,,,,,,,,,,,,,,2015-09-14,518880.SH,518880.SH,黄金,黄金,False,518880.SH,518880.SH,黄金,黄金,False,,,,,,,,,,,,,,,,,,,,,,,,,,,
daily_top1_selection,,,,,,,,,,,,,,,,,,,2015-09-15,518880.SH,518880.SH,黄金,黄金,False,518880.SH,518880.SH,黄金,黄金,False,,,,,,,,,,,,,,,,,,,,,,,,,,,
daily_top1_selection,,,,,,,,,,,,,,,,,,,2015-09-16,518880.SH,518880.SH,黄金,黄金,False,518880.SH,518880.SH,黄金,黄金,False,,,,,,,,,,,,,,,,,,,,,,,,,,,
daily_top1_selection,,,,,,,,,,,,,,,,,,,2015-09-17,518880.SH,518880.SH,黄金,黄金,False,518880.SH,518880.SH,黄金,黄金,False,,,,,,,,,,,,,,,,,,,,,,,,,,,
daily_top1_selection,,,,,,,,,,,,,,,,,,,2015-09-18,518880.SH,518880.SH,黄金,黄金,False,518880.SH,518880.SH,黄金,黄金,False,,,,,,,,,,,,,,,,,,,,,,,,,,,
daily_top1_selection,,,,,,,,,,,,,,,,,,,2015-09-21,518880.SH,518880.SH,黄金,黄金,False,518880.SH,518880.SH,黄金,黄金,False,,,,,,,,,,,,,,,,,,,,,,,,,,,
daily_top1_selection,,,,,,,,,,,,,,,,,,,2015-09-22,513100.SH,513100.SH,纳指,纳指,False,518880.SH,518880.SH,黄金,黄金,False,,,,,,,,,,,,,,,,,,,,,,,,,,,
daily_top1_selection,,,,,,,,,,,,,,,,,,,2015-09-23,513100.SH,513100.SH,纳指,纳指,False,513100.SH,513100.SH,纳指,纳指,False,,,,,,,,,,,,,,,,,,,,,,,,,,,
daily_top1_selection,,,,,,,,,,,,,,,,,,,2015-09-24,510300.SH,510300.SH,沪深300,沪深300,False,513100.SH,513100.SH,纳指,纳指,False,,,,,,,,,,,,,,,,,,,,,,,,,,,
daily_top1_selection,,,,,,,,,,,,,,,,,,,2015-09-25,159915.SZ,513100.SH,创业板,纳指,True,513100.SH,513100.SH,纳指,纳指,False,,,,,,,,,,,,,,,,,,,,,,,,,,,
daily_top1_selection,,,,,,,,,,,,,,,,,,,2015-09-28,159915.SZ,159915.SZ,创业板,创业板,False,513100.SH,513100.SH,纳指,纳指,False,,,,,,,,,,,,,,,,,,,,,,,,,,,
daily_top1_selection,,,,,,,,,,,,,,,,,,,2015-09-29,159915.SZ,159915.SZ,创业板,创业板,False,513100.SH,513100.SH,纳指,纳指,False,,,,,,,,,,,,,,,,,,,,,,,,,,,
daily_top1_selection,,,,,,,,,,,,,,,,,,,2015-09-30,159915.SZ,159915.SZ,创业板,创业板,False,159915.SZ,159915.SZ,创业板,创业板,False,,,,,,,,,,,,,,,,,,,,,,,,,,,
daily_top1_selection,,,,,,,,,,,,,,,,,,,2015-10-08,159915.SZ,159915.SZ,创业板,创业板,False,159915.SZ,159915.SZ,创业板,创业板,False,,,,,,,,,,,,,,,,,,,,,,,,,,,
daily_top1_selection,,,,,,,,,,,,,,,,,,,2015-10-09,159915.SZ,159915.SZ,创业板,创业板,False,159915.SZ,159915.SZ,创业板,创业板,False,,,,,,,,,,,,,,,,,,,,,,,,,,,
daily_top1_selection,,,,,,,,,,,,,,,,,,,2015-10-12,159915.SZ,159915.SZ,创业板,创业板,False,159915.SZ,159915.SZ,创业板,创业板,False,,,,,,,,,,,,,,,,,,,,,,,,,,,
daily_top1_selection,,,,,,,,,,,,,,,,,,,2015-10-13,159915.SZ,159915.SZ,创业板,创业板,False,159915.SZ,159915.SZ,创业板,创业板,False,,,,,,,,,,,,,,,,,,,,,,,,,,,
daily_top1_selection,,,,,,,,,,,,,,,,,,,2015-10-14,159915.SZ,159915.SZ,创业板,创业板,False,159915.SZ,159915.SZ,创业板,创业板,False,,,,,,,,,,,,,,,,,,,,,,,,,,,
daily_top1_selection,,,,,,,,,,,,,,,,,,,2015-10-15,159915.SZ,159915.SZ,创业板,创业板,False,159915.SZ,159915.SZ,创业板,创业板,False,,,,,,,,,,,,,,,,,,,,,,,,,,,
daily_top1_selection,,,,,,,,,,,,,,,,,,,2015-10-16,159915.SZ,159915.SZ,创业板,创业板,False,159915.SZ,159915.SZ,创业板,创业板,False,,,,,,,,,,,,,,,,,,,,,,,,,,,
daily_top1_selection,,,,,,,,,,,,,,,,,,,2015-10-19,159915.SZ,159915.SZ,创业板,创业板,False,159915.SZ,159915.SZ,创业板,创业板,False,,,,,,,,,,,,,,,,,,,,,,,,,,,
daily_top1_selection,,,,,,,,,,,,,,,,,,,2015-10-20,159915.SZ,159915.SZ,创业板,创业板,False,159915.SZ,159915.SZ,创业板,创业板,False,,,,,,,,,,,,,,,,,,,,,,,,,,,
daily_top1_selection,,,,,,,,,,,,,,,,,,,2015-10-21,159915.SZ,159915.SZ,创业板,创业板,False,159915.SZ,159915.SZ,创业板,创业板,False,,,,,,,,,,,,,,,,,,,,,,,,,,,
daily_top1_selection,,,,,,,,,,,,,,,,,,,2015-10-22,159915.SZ,159915.SZ,创业板,创业板,False,159915.SZ,159915.SZ,创业板,创业板,False,,,,,,,,,,,,,,,,,,,,,,,,,,,
daily_top1_selection,,,,,,,,,,,,,,,,,,,2015-10-23,159915.SZ,159915.SZ,创业板,创业板,False,159915.SZ,159915.SZ,创业板,创业板,False,,,,,,,,,,,,,,,,,,,,,,,,,,,
daily_top1_selection,,,,,,,,,,,,,,,,,,,2015-10-26,159915.SZ,159915.SZ,创业板,创业板,False,159915.SZ,159915.SZ,创业板,创业板,False,,,,,,,,,,,,,,,,,,,,,,,,,,,
daily_top1_selection,,,,,,,,,,,,,,,,,,,2015-10-27,159915.SZ,159915.SZ,创业板,创业板,False,159915.SZ,159915.SZ,创业板,创业板,False,,,,,,,,,,,,,,,,,,,,,,,,,,,
daily_top1_selection,,,,,,,,,,,,,,,,,,,2015-10-28,159915.SZ,159915.SZ,创业板,创业板,False,159915.SZ,159915.SZ,创业板,创业板,False,,,,,,,,,,,,,,,,,,,,,,,,,,,
daily_top1_selection,,,,,,,,,,,,,,,,,,,2015-10-29,159915.SZ,159915.SZ,创业板,创业板,False,159915.SZ,159915.SZ,创业板,创业板,False,,,,,,,,,,,,,,,,,,,,,,,,,,,
daily_top1_selection,,,,,,,,,,,,,,,,,,,2015-10-30,159915.SZ,159915.SZ,创业板,创业板,False,159915.SZ,159915.SZ,创业板,创业板,False,,,,,,,,,,,,,,,,,,,,,,,,,,,
daily_top1_selection,,,,,,,,,,,,,,,,,,,2015-11-02,159915.SZ,159915.SZ,创业板,创业板,False,159915.SZ,159915.SZ,创业板,创业板,False,,,,,,,,,,,,,,,,,,,,,,,,,,,
daily_top1_selection,,,,,,,,,,,,,,,,,,,2015-11-03,159915.SZ,513100.SH,创业板,纳指,True,159915.SZ,159915.SZ,创业板,创业板,False,,,,,,,,,,,,,,,,,,,,,,,,,,,
daily_top1_selection,,,,,,,,,,,,,,,,,,,2015-11-04,159915.SZ,159915.SZ,创业板,创业板,False,159915.SZ,513100.SH,创业板,纳指,True,,,,,,,,,,,,,,,,,,,,,,,,,,,
daily_top1_selection,,,,,,,,,,,,,,,,,,,2015-11-05,159915.SZ,513100.SH,创业板,纳指,True,159915.SZ,513100.SH,创业板,纳指,True,,,,,,,,,,,,,,,,,,,,,,,,,,,
daily_top1_selection,,,,,,,,,,,,,,,,,,,2015-11-06,159915.SZ,159915.SZ,创业板,创业板,False,159915.SZ,513100.SH,创业板,纳指,True,,,,,,,,,,,,,,,,,,,,,,,,,,,
daily_top1_selection,,,,,,,,,,,,,,,,,,,2015-11-09,159915.SZ,159915.SZ,创业板,创业板,False,159915.SZ,513100.SH,创业板,纳指,True,,,,,,,,,,,,,,,,,,,,,,,,,,,
daily_top1_selection,,,,,,,,,,,,,,,,,,,2015-11-10,159915.SZ,159915.SZ,创业板,创业板,False,159915.SZ,513100.SH,创业板,纳指,True,,,,,,,,,,,,,,,,,,,,,,,,,,,
daily_top1_selection,,,,,,,,,,,,,,,,,,,2015-11-11,159915.SZ,159915.SZ,创业板,创业板,False,159915.SZ,159915.SZ,创业板,创业板,False,,,,,,,,,,,,,,,,,,,,,,,,,,,
daily_top1_selection,,,,,,,,,,,,,,,,,,,2015-11-12,159915.SZ,159915.SZ,创业板,创业板,False,159915.SZ,159915.SZ,创业板,创业板,False,,,,,,,,,,,,,,,,,,,,,,,,,,,
daily_top1_selection,,,,,,,,,,,,,,,,,,,2015-11-13,159915.SZ,159915.SZ,创业板,创业板,False,159915.SZ,159915.SZ,创业板,创业板,False,,,,,,,,,,,,,,,,,,,,,,,,,,,
daily_top1_selection,,,,,,,,,,,,,,,,,,,2015-11-16,159915.SZ,159915.SZ,创业板,创业板,False,159915.SZ,159915.SZ,创业板,创业板,False,,,,,,,,,,,,,,,,,,,,,,,,,,,
daily_top1_selection,,,,,,,,,,,,,,,,,,,2015-11-17,159915.SZ,159915.SZ,创业板,创业板,False,159915.SZ,159915.SZ,创业板,创业板,False,,,,,,,,,,,,,,,,,,,,,,,,,,,
daily_top1_selection,,,,,,,,,,,,,,,,,,,2015-11-18,159915.SZ,159915.SZ,创业板,创业板,False,159915.SZ,159915.SZ,创业板,创业板,False,,,,,,,,,,,,,,,,,,,,,,,,,,,
daily_top1_selection,,,,,,,,,,,,,,,,,,,2015-11-19,159915.SZ,159915.SZ,创业板,创业板,False,159915.SZ,159915.SZ,创业板,创业板,False,,,,,,,,,,,,,,,,,,,,,,,,,,,
daily_top1_selection,,,,,,,,,,,,,,,,,,,2015-11-20,159915.SZ,159915.SZ,创业板,创业板,False,159915.SZ,159915.SZ,创业板,创业板,False,,,,,,,,,,,,,,,,,,,,,,,,,,,
daily_top1_selection,,,,,,,,,,,,,,,,,,,2015-11-23,159915.SZ,159915.SZ,创业板,创业板,False,159915.SZ,159915.SZ,创业板,创业板,False,,,,,,,,,,,,,,,,,,,,,,,,,,,
daily_top1_selection,,,,,,,,,,,,,,,,,,,2015-11-24,159915.SZ,159915.SZ,创业板,创业板,False,159915.SZ,159915.SZ,创业板,创业板,False,,,,,,,,,,,,,,,,,,,,,,,,,,,
daily_top1_selection,,,,,,,,,,,,,,,,,,,2015-11-25,159915.SZ,159915.SZ,创业板,创业板,False,159915.SZ,159915.SZ,创业板,创业板,False,,,,,,,,,,,,,,,,,,,,,,,,,,,
daily_top1_selection,,,,,,,,,,,,,,,,,,,2015-11-26,159915.SZ,159915.SZ,创业板,创业板,False,159915.SZ,159915.SZ,创业板,创业板,False,,,,,,,,,,,,,,,,,,,,,,,,,,,
daily_top1_selection,,,,,,,,,,,,,,,,,,,2015-11-27,159915.SZ,159915.SZ,创业板,创业板,False,159915.SZ,159915.SZ,创业板,创业板,False,,,,,,,,,,,,,,,,,,,,,,,,,,,
daily_top1_selection,,,,,,,,,,,,,,,,,,,2015-11-30,159915.SZ,159915.SZ,创业板,创业板,False,159915.SZ,159915.SZ,创业板,创业板,False,,,,,,,,,,,,,,,,,,,,,,,,,,,
daily_top1_selection,,,,,,,,,,,,,,,,,,,2015-12-01,159915.SZ,159915.SZ,创业板,创业板,False,159915.SZ,159915.SZ,创业板,创业板,False,,,,,,,,,,,,,,,,,,,,,,,,,,,
daily_top1_selection,,,,,,,,,,,,,,,,,,,2015-12-02,510300.SH,510300.SH,沪深300,沪深300,False,159915.SZ,159915.SZ,创业板,创业板,False,,,,,,,,,,,,,,,,,,,,,,,,,,,
daily_top1_selection,,,,,,,,,,,,,,,,,,,2015-12-03,159915.SZ,159915.SZ,创业板,创业板,False,510300.SH,510300.SH,沪深300,沪深300,False,,,,,,,,,,,,,,,,,,,,,,,,,,,
daily_top1_selection,,,,,,,,,,,,,,,,,,,2015-12-04,513100.SH,513100.SH,纳指,纳指,False,510300.SH,510300.SH,沪深300,沪深300,False,,,,,,,,,,,,,,,,,,,,,,,,,,,
daily_top1_selection,,,,,,,,,,,,,,,,,,,2015-12-07,513100.SH,513100.SH,纳指,纳指,False,510300.SH,510300.SH,沪深300,沪深300,False,,,,,,,,,,,,,,,,,,,,,,,,,,,
daily_top1_selection,,,,,,,,,,,,,,,,,,,2015-12-08,513100.SH,513100.SH,纳指,纳指,False,510300.SH,510300.SH,沪深300,沪深300,False,,,,,,,,,,,,,,,,,,,,,,,,,,,
daily_top1_selection,,,,,,,,,,,,,,,,,,,2015-12-09,513100.SH,513100.SH,纳指,纳指,False,510300.SH,510300.SH,沪深300,沪深300,False,,,,,,,,,,,,,,,,,,,,,,,,,,,
daily_top1_selection,,,,,,,,,,,,,,,,,,,2015-12-10,513100.SH,513100.SH,纳指,纳指,False,513100.SH,513100.SH,纳指,纳指,False,,,,,,,,,,,,,,,,,,,,,,,,,,,
daily_top1_selection,,,,,,,,,,,,,,,,,,,2015-12-11,513100.SH,513100.SH,纳指,纳指,False,513100.SH,513100.SH,纳指,纳指,False,,,,,,,,,,,,,,,,,,,,,,,,,,,
daily_top1_selection,,,,,,,,,,,,,,,,,,,2015-12-14,513100.SH,513100.SH,纳指,纳指,False,513100.SH,513100.SH,纳指,纳指,False,,,,,,,,,,,,,,,,,,,,,,,,,,,
daily_top1_selection,,,,,,,,,,,,,,,,,,,2015-12-15,513100.SH,513100.SH,纳指,纳指,False,513100.SH,513100.SH,纳指,纳指,False,,,,,,,,,,,,,,,,,,,,,,,,,,,
daily_top1_selection,,,,,,,,,,,,,,,,,,,2015-12-16,159915.SZ,513100.SH,创业板,纳指,True,513100.SH,513100.SH,纳指,纳指,False,,,,,,,,,,,,,,,,,,,,,,,,,,,
daily_top1_selection,,,,,,,,,,,,,,,,,,,2015-12-17,159915.SZ,513100.SH,创业板,纳指,True,159915.SZ,513100.SH,创业板,纳指,True,,,,,,,,,,,,,,,,,,,,,,,,,,,
daily_top1_selection,,,,,,,,,,,,,,,,,,,2015-12-18,159915.SZ,159915.SZ,创业板,创业板,False,159915.SZ,513100.SH,创业板,纳指,True,,,,,,,,,,,,,,,,,,,,,,,,,,,
daily_top1_selection,,,,,,,,,,,,,,,,,,,2015-12-21,510300.SH,510300.SH,沪深300,沪深300,False,159915.SZ,159915.SZ,创业板,创业板,False,,,,,,,,,,,,,,,,,,,,,,,,,,,
daily_top1_selection,,,,,,,,,,,,,,,,,,,2015-12-22,510300.SH,510300.SH,沪深300,沪深300,False,159915.SZ,159915.SZ,创业板,创业板,False,,,,,,,,,,,,,,,,,,,,,,,,,,,
daily_top1_selection,,,,,,,,,,,,,,,,,,,2015-12-23,510300.SH,510300.SH,沪深300,沪深300,False,159915.SZ,159915.SZ,创业板,创业板,False,,,,,,,,,,,,,,,,,,,,,,,,,,,
daily_top1_selection,,,,,,,,,,,,,,,,,,,2015-12-24,510300.SH,518880.SH,沪深300,黄金,True,510300.SH,159915.SZ,沪深300,创业板,True,,,,,,,,,,,,,,,,,,,,,,,,,,,
daily_top1_selection,,,,,,,,,,,,,,,,,,,2015-12-25,510300.SH,510300.SH,沪深300,沪深300,False,510300.SH,159915.SZ,沪深300,创业板,True,,,,,,,,,,,,,,,,,,,,,,,,,,,
daily_top1_selection,,,,,,,,,,,,,,,,,,,2015-12-28,510300.SH,510300.SH,沪深300,沪深300,False,510300.SH,510300.SH,沪深300,沪深300,False,,,,,,,,,,,,,,,,,,,,,,,,,,,
daily_top1_selection,,,,,,,,,,,,,,,,,,,2015-12-29,510300.SH,510300.SH,沪深300,沪深300,False,510300.SH,510300.SH,沪深300,沪深300,False,,,,,,,,,,,,,,,,,,,,,,,,,,,
daily_top1_selection,,,,,,,,,,,,,,,,,,,2015-12-30,159915.SZ,159915.SZ,创业板,创业板,False,510300.SH,510300.SH,沪深300,沪深300,False,,,,,,,,,,,,,,,,,,,,,,,,,,,
daily_top1_selection,,,,,,,,,,,,,,,,,,,2015-12-31,518880.SH,518880.SH,黄金,黄金,False,159915.SZ,510300.SH,创业板,沪深300,True,,,,,,,,,,,,,,,,,,,,,,,,,,,
daily_top1_selection,,,,,,,,,,,,,,,,,,,2016-01-04,518880.SH,518880.SH,黄金,黄金,False,159915.SZ,510300.SH,创业板,沪深300,True,,,,,,,,,,,,,,,,,,,,,,,,,,,
daily_top1_selection,,,,,,,,,,,,,,,,,,,2016-01-05,518880.SH,518880.SH,黄金,黄金,False,159915.SZ,518880.SH,创业板,黄金,True,,,,,,,,,,,,,,,,,,,,,,,,,,,
daily_top1_selection,,,,,,,,,,,,,,,,,,,2016-01-06,518880.SH,518880.SH,黄金,黄金,False,159915.SZ,518880.SH,创业板,黄金,True,,,,,,,,,,,,,,,,,,,,,,,,,,,
daily_top1_selection,,,,,,,,,,,,,,,,,,,2016-01-07,518880.SH,518880.SH,黄金,黄金,False,159915.SZ,518880.SH,创业板,黄金,True,,,,,,,,,,,,,,,,,,,,,,,,,,,
daily_top1_selection,,,,,,,,,,,,,,,,,,,2016-01-08,518880.SH,518880.SH,黄金,黄金,False,518880.SH,518880.SH,黄金,黄金,False,,,,,,,,,,,,,,,,,,,,,,,,,,,
daily_top1_selection,,,,,,,,,,,,,,,,,,,2016-01-11,518880.SH,518880.SH,黄金,黄金,False,518880.SH,518880.SH,黄金,黄金,False,,,,,,,,,,,,,,,,,,,,,,,,,,,
daily_top1_selection,,,,,,,,,,,,,,,,,,,2016-01-12,518880.SH,518880.SH,黄金,黄金,False,518880.SH,518880.SH,黄金,黄金,False,,,,,,,,,,,,,,,,,,,,,,,,,,,
daily_top1_selection,,,,,,,,,,,,,,,,,,,2016-01-13,518880.SH,518880.SH,黄金,黄金,False,518880.SH,518880.SH,黄金,黄金,False,,,,,,,,,,,,,,,,,,,,,,,,,,,
daily_top1_selection,,,,,,,,,,,,,,,,,,,2016-01-14,518880.SH,518880.SH,黄金,黄金,False,518880.SH,518880.SH,黄金,黄金,False,,,,,,,,,,,,,,,,,,,,,,,,,,,
daily_top1_selection,,,,,,,,,,,,,,,,,,,2016-01-15,518880.SH,518880.SH,黄金,黄金,False,518880.SH,518880.SH,黄金,黄金,False,,,,,,,,,,,,,,,,,,,,,,,,,,,
daily_top1_selection,,,,,,,,,,,,,,,,,,,2016-01-18,518880.SH,518880.SH,黄金,黄金,False,518880.SH,518880.SH,黄金,黄金,False,,,,,,,,,,,,,,,,,,,,,,,,,,,
daily_top1_selection,,,,,,,,,,,,,,,,,,,2016-01-19,518880.SH,518880.SH,黄金,黄金,False,518880.SH,518880.SH,黄金,黄金,False,,,,,,,,,,,,,,,,,,,,,,,,,,,
daily_top1_selection,,,,,,,,,,,,,,,,,,,2016-01-20,518880.SH,518880.SH,黄金,黄金,False,518880.SH,518880.SH,黄金,黄金,False,,,,,,,,,,,,,,,,,,,,,,,,,,,
daily_top1_selection,,,,,,,,,,,,,,,,,,,2016-01-21,518880.SH,518880.SH,黄金,黄金,False,518880.SH,518880.SH,黄金,黄金,False,,,,,,,,,,,,,,,,,,,,,,,,,,,
daily_top1_selection,,,,,,,,,,,,,,,,,,,2016-01-22,518880.SH,518880.SH,黄金,黄金,False,518880.SH,518880.SH,黄金,黄金,False,,,,,,,,,,,,,,,,,,,,,,,,,,,
daily_top1_selection,,,,,,,,,,,,,,,,,,,2016-01-25,518880.SH,518880.SH,黄金,黄金,False,518880.SH,518880.SH,黄金,黄金,False,,,,,,,,,,,,,,,,,,,,,,,,,,,
daily_top1_selection,,,,,,,,,,,,,,,,,,,2016-01-26,518880.SH,518880.SH,黄金,黄金,False,518880.SH,518880.SH,黄金,黄金,False,,,,,,,,,,,,,,,,,,,,,,,,,,,
daily_top1_selection,,,,,,,,,,,,,,,,,,,2016-01-27,518880.SH,518880.SH,黄金,黄金,False,518880.SH,518880.SH,黄金,黄金,False,,,,,,,,,,,,,,,,,,,,,,,,,,,
daily_top1_selection,,,,,,,,,,,,,,,,,,,2016-01-28,518880.SH,518880.SH,黄金,黄金,False,518880.SH,518880.SH,黄金,黄金,False,,,,,,,,,,,,,,,,,,,,,,,,,,,
daily_top1_selection,,,,,,,,,,,,,,,,,,,2016-01-29,518880.SH,518880.SH,黄金,黄金,False,518880.SH,518880.SH,黄金,黄金,False,,,,,,,,,,,,,,,,,,,,,,,,,,,
daily_top1_selection,,,,,,,,,,,,,,,,,,,2016-02-01,518880.SH,518880.SH,黄金,黄金,False,518880.SH,518880.SH,黄金,黄金,False,,,,,,,,,,,,,,,,,,,,,,,,,,,
daily_top1_selection,,,,,,,,,,,,,,,,,,,2016-02-02,518880.SH,518880.SH,黄金,黄金,False,518880.SH,518880.SH,黄金,黄金,False,,,,,,,,,,,,,,,,,,,,,,,,,,,
daily_top1_selection,,,,,,,,,,,,,,,,,,,2016-02-03,518880.SH,518880.SH,黄金,黄金,False,518880.SH,518880.SH,黄金,黄金,False,,,,,,,,,,,,,,,,,,,,,,,,,,,
daily_top1_selection,,,,,,,,,,,,,,,,,,,2016-02-04,518880.SH,518880.SH,黄金,黄金,False,518880.SH,518880.SH,黄金,黄金,False,,,,,,,,,,,,,,,,,,,,,,,,,,,
daily_top1_selection,,,,,,,,,,,,,,,,,,,2016-02-05,518880.SH,518880.SH,黄金,黄金,False,518880.SH,518880.SH,黄金,黄金,False,,,,,,,,,,,,,,,,,,,,,,,,,,,
daily_top1_selection,,,,,,,,,,,,,,,,,,,2016-02-15,518880.SH,518880.SH,黄金,黄金,False,518880.SH,518880.SH,黄金,黄金,False,,,,,,,,,,,,,,,,,,,,,,,,,,,
daily_top1_selection,,,,,,,,,,,,,,,,,,,2016-02-16,518880.SH,518880.SH,黄金,黄金,False,518880.SH,518880.SH,黄金,黄金,False,,,,,,,,,,,,,,,,,,,,,,,,,,,
daily_top1_selection,,,,,,,,,,,,,,,,,,,2016-02-17,518880.SH,518880.SH,黄金,黄金,False,518880.SH,518880.SH,黄金,黄金,False,,,,,,,,,,,,,,,,,,,,,,,,,,,
daily_top1_selection,,,,,,,,,,,,,,,,,,,2016-02-18,518880.SH,518880.SH,黄金,黄金,False,518880.SH,518880.SH,黄金,黄金,False,,,,,,,,,,,,,,,,,,,,,,,,,,,
daily_top1_selection,,,,,,,,,,,,,,,,,,,2016-02-19,518880.SH,518880.SH,黄金,黄金,False,518880.SH,518880.SH,黄金,黄金,False,,,,,,,,,,,,,,,,,,,,,,,,,,,
daily_top1_selection,,,,,,,,,,,,,,,,,,,2016-02-22,518880.SH,518880.SH,黄金,黄金,False,518880.SH,518880.SH,黄金,黄金,False,,,,,,,,,,,,,,,,,,,,,,,,,,,
daily_top1_selection,,,,,,,,,,,,,,,,,,,2016-02-23,518880.SH,518880.SH,黄金,黄金,False,518880.SH,518880.SH,黄金,黄金,False,,,,,,,,,,,,,,,,,,,,,,,,,,,
daily_top1_selection,,,,,,,,,,,,,,,,,,,2016-02-24,518880.SH,518880.SH,黄金,黄金,False,518880.SH,518880.SH,黄金,黄金,False,,,,,,,,,,,,,,,,,,,,,,,,,,,
daily_top1_selection,,,,,,,,,,,,,,,,,,,2016-02-25,518880.SH,518880.SH,黄金,黄金,False,518880.SH,518880.SH,黄金,黄金,False,,,,,,,,,,,,,,,,,,,,,,,,,,,
daily_top1_selection,,,,,,,,,,,,,,,,,,,2016-02-26,518880.SH,518880.SH,黄金,黄金,False,518880.SH,518880.SH,黄金,黄金,False,,,,,,,,,,,,,,,,,,,,,,,,,,,
daily_top1_selection,,,,,,,,,,,,,,,,,,,2016-02-29,518880.SH,518880.SH,黄金,黄金,False,518880.SH,518880.SH,黄金,黄金,False,,,,,,,,,,,,,,,,,,,,,,,,,,,
daily_top1_selection,,,,,,,,,,,,,,,,,,,2016-03-01,518880.SH,518880.SH,黄金,黄金,False,518880.SH,518880.SH,黄金,黄金,False,,,,,,,,,,,,,,,,,,,,,,,,,,,
daily_top1_selection,,,,,,,,,,,,,,,,,,,2016-03-02,518880.SH,518880.SH,黄金,黄金,False,518880.SH,518880.SH,黄金,黄金,False,,,,,,,,,,,,,,,,,,,,,,,,,,,
daily_top1_selection,,,,,,,,,,,,,,,,,,,2016-03-03,518880.SH,518880.SH,黄金,黄金,False,518880.SH,518880.SH,黄金,黄金,False,,,,,,,,,,,,,,,,,,,,,,,,,,,
daily_top1_selection,,,,,,,,,,,,,,,,,,,2016-03-04,518880.SH,518880.SH,黄金,黄金,False,518880.SH,518880.SH,黄金,黄金,False,,,,,,,,,,,,,,,,,,,,,,,,,,,
daily_top1_selection,,,,,,,,,,,,,,,,,,,2016-03-07,518880.SH,518880.SH,黄金,黄金,False,518880.SH,518880.SH,黄金,黄金,False,,,,,,,,,,,,,,,,,,,,,,,,,,,
daily_top1_selection,,,,,,,,,,,,,,,,,,,2016-03-08,518880.SH,518880.SH,黄金,黄金,False,518880.SH,518880.SH,黄金,黄金,False,,,,,,,,,,,,,,,,,,,,,,,,,,,
daily_top1_selection,,,,,,,,,,,,,,,,,,,2016-03-09,518880.SH,518880.SH,黄金,黄金,False,518880.SH,518880.SH,黄金,黄金,False,,,,,,,,,,,,,,,,,,,,,,,,,,,
daily_top1_selection,,,,,,,,,,,,,,,,,,,2016-03-10,518880.SH,518880.SH,黄金,黄金,False,518880.SH,518880.SH,黄金,黄金,False,,,,,,,,,,,,,,,,,,,,,,,,,,,
daily_top1_selection,,,,,,,,,,,,,,,,,,,2016-03-11,518880.SH,518880.SH,黄金,黄金,False,518880.SH,518880.SH,黄金,黄金,False,,,,,,,,,,,,,,,,,,,,,,,,,,,
daily_top1_selection,,,,,,,,,,,,,,,,,,,2016-03-14,510300.SH,513100.SH,沪深300,纳指,True,518880.SH,518880.SH,黄金,黄金,False,,,,,,,,,,,,,,,,,,,,,,,,,,,
daily_top1_selection,,,,,,,,,,,,,,,,,,,2016-03-15,513100.SH,513100.SH,纳指,纳指,False,510300.SH,513100.SH,沪深300,纳指,True,,,,,,,,,,,,,,,,,,,,,,,,,,,
daily_top1_selection,,,,,,,,,,,,,,,,,,,2016-03-16,513100.SH,513100.SH,纳指,纳指,False,510300.SH,513100.SH,沪深300,纳指,True,,,,,,,,,,,,,,,,,,,,,,,,,,,
daily_top1_selection,,,,,,,,,,,,,,,,,,,2016-03-17,513100.SH,513100.SH,纳指,纳指,False,510300.SH,513100.SH,沪深300,纳指,True,,,,,,,,,,,,,,,,,,,,,,,,,,,
daily_top1_selection,,,,,,,,,,,,,,,,,,,2016-03-18,513100.SH,513100.SH,纳指,纳指,False,510300.SH,513100.SH,沪深300,纳指,True,,,,,,,,,,,,,,,,,,,,,,,,,,,
daily_top1_selection,,,,,,,,,,,,,,,,,,,2016-03-21,510300.SH,513100.SH,沪深300,纳指,True,510300.SH,513100.SH,沪深300,纳指,True,,,,,,,,,,,,,,,,,,,,,,,,,,,
daily_top1_selection,,,,,,,,,,,,,,,,,,,2016-03-22,510300.SH,513100.SH,沪深300,纳指,True,510300.SH,513100.SH,沪深300,纳指,True,,,,,,,,,,,,,,,,,,,,,,,,,,,
daily_top1_selection,,,,,,,,,,,,,,,,,,,2016-03-23,513100.SH,513100.SH,纳指,纳指,False,510300.SH,513100.SH,沪深300,纳指,True,,,,,,,,,,,,,,,,,,,,,,,,,,,
daily_top1_selection,,,,,,,,,,,,,,,,,,,2016-03-24,159915.SZ,510300.SH,创业板,沪深300,True,513100.SH,513100.SH,纳指,纳指,False,,,,,,,,,,,,,,,,,,,,,,,,,,,
daily_top1_selection,,,,,,,,,,,,,,,,,,,2016-03-25,159915.SZ,510300.SH,创业板,沪深300,True,513100.SH,510300.SH,纳指,沪深300,True,,,,,,,,,,,,,,,,,,,,,,,,,,,
daily_top1_selection,,,,,,,,,,,,,,,,,,,2016-03-28,159915.SZ,159915.SZ,创业板,创业板,False,513100.SH,510300.SH,纳指,沪深300,True,,,,,,,,,,,,,,,,,,,,,,,,,,,
daily_top1_selection,,,,,,,,,,,,,,,,,,,2016-03-29,159915.SZ,159915.SZ,创业板,创业板,False,513100.SH,510300.SH,纳指,沪深300,True,,,,,,,,,,,,,,,,,,,,,,,,,,,
daily_top1_selection,,,,,,,,,,,,,,,,,,,2016-03-30,159915.SZ,159915.SZ,创业板,创业板,False,513100.SH,510300.SH,纳指,沪深300,True,,,,,,,,,,,,,,,,,,,,,,,,,,,
daily_top1_selection,,,,,,,,,,,,,,,,,,,2016-03-31,159915.SZ,159915.SZ,创业板,创业板,False,159915.SZ,510300.SH,创业板,沪深300,True,,,,,,,,,,,,,,,,,,,,,,,,,,,
daily_top1_selection,,,,,,,,,,,,,,,,,,,2016-04-01,159915.SZ,159915.SZ,创业板,创业板,False,159915.SZ,159915.SZ,创业板,创业板,False,,,,,,,,,,,,,,,,,,,,,,,,,,,
daily_top1_selection,,,,,,,,,,,,,,,,,,,2016-04-05,159915.SZ,159915.SZ,创业板,创业板,False,159915.SZ,159915.SZ,创业板,创业板,False,,,,,,,,,,,,,,,,,,,,,,,,,,,
daily_top1_selection,,,,,,,,,,,,,,,,,,,2016-04-06,159915.SZ,159915.SZ,创业板,创业板,False,159915.SZ,159915.SZ,创业板,创业板,False,,,,,,,,,,,,,,,,,,,,,,,,,,,
daily_top1_selection,,,,,,,,,,,,,,,,,,,2016-04-07,159915.SZ,159915.SZ,创业板,创业板,False,159915.SZ,159915.SZ,创业板,创业板,False,,,,,,,,,,,,,,,,,,,,,,,,,,,
daily_top1_selection,,,,,,,,,,,,,,,,,,,2016-04-08,159915.SZ,159915.SZ,创业板,创业板,False,159915.SZ,159915.SZ,创业板,创业板,False,,,,,,,,,,,,,,,,,,,,,,,,,,,
daily_top1_selection,,,,,,,,,,,,,,,,,,,2016-04-11,159915.SZ,159915.SZ,创业板,创业板,False,159915.SZ,159915.SZ,创业板,创业板,False,,,,,,,,,,,,,,,,,,,,,,,,,,,
daily_top1_selection,,,,,,,,,,,,,,,,,,,2016-04-12,159915.SZ,159915.SZ,创业板,创业板,False,159915.SZ,159915.SZ,创业板,创业板,False,,,,,,,,,,,,,,,,,,,,,,,,,,,
daily_top1_selection,,,,,,,,,,,,,,,,,,,2016-04-13,159915.SZ,159915.SZ,创业板,创业板,False,159915.SZ,159915.SZ,创业板,创业板,False,,,,,,,,,,,,,,,,,,,,,,,,,,,
daily_top1_selection,,,,,,,,,,,,,,,,,,,2016-04-14,159915.SZ,159915.SZ,创业板,创业板,False,159915.SZ,159915.SZ,创业板,创业板,False,,,,,,,,,,,,,,,,,,,,,,,,,,,
daily_top1_selection,,,,,,,,,,,,,,,,,,,2016-04-15,159915.SZ,159915.SZ,创业板,创业板,False,159915.SZ,159915.SZ,创业板,创业板,False,,,,,,,,,,,,,,,,,,,,,,,,,,,
daily_top1_selection,,,,,,,,,,,,,,,,,,,2016-04-18,159915.SZ,159915.SZ,创业板,创业板,False,159915.SZ,159915.SZ,创业板,创业板,False,,,,,,,,,,,,,,,,,,,,,,,,,,,
daily_top1_selection,,,,,,,,,,,,,,,,,,,2016-04-19,513100.SH,513100.SH,纳指,纳指,False,159915.SZ,159915.SZ,创业板,创业板,False,,,,,,,,,,,,,,,,,,,,,,,,,,,
daily_top1_selection,,,,,,,,,,,,,,,,,,,2016-04-20,513100.SH,513100.SH,纳指,纳指,False,513100.SH,513100.SH,纳指,纳指,False,,,,,,,,,,,,,,,,,,,,,,,,,,,
daily_top1_selection,,,,,,,,,,,,,,,,,,,2016-04-21,518880.SH,518880.SH,黄金,黄金,False,513100.SH,513100.SH,纳指,纳指,False,,,,,,,,,,,,,,,,,,,,,,,,,,,
daily_top1_selection,,,,,,,,,,,,,,,,,,,2016-04-22,513100.SH,513100.SH,纳指,纳指,False,513100.SH,513100.SH,纳指,纳指,False,,,,,,,,,,,,,,,,,,,,,,,,,,,
daily_top1_selection,,,,,,,,,,,,,,,,,,,2016-04-25,513100.SH,513100.SH,纳指,纳指,False,513100.SH,513100.SH,纳指,纳指,False,,,,,,,,,,,,,,,,,,,,,,,,,,,
daily_top1_selection,,,,,,,,,,,,,,,,,,,2016-04-26,518880.SH,518880.SH,黄金,黄金,False,513100.SH,513100.SH,纳指,纳指,False,,,,,,,,,,,,,,,,,,,,,,,,,,,
daily_top1_selection,,,,,,,,,,,,,,,,,,,2016-04-27,518880.SH,518880.SH,黄金,黄金,False,518880.SH,518880.SH,黄金,黄金,False,,,,,,,,,,,,,,,,,,,,,,,,,,,
daily_top1_selection,,,,,,,,,,,,,,,,,,,2016-04-28,518880.SH,518880.SH,黄金,黄金,False,518880.SH,518880.SH,黄金,黄金,False,,,,,,,,,,,,,,,,,,,,,,,,,,,
daily_top1_selection,,,,,,,,,,,,,,,,,,,2016-04-29,518880.SH,518880.SH,黄金,黄金,False,518880.SH,518880.SH,黄金,黄金,False,,,,,,,,,,,,,,,,,,,,,,,,,,,
daily_top1_selection,,,,,,,,,,,,,,,,,,,2016-05-03,518880.SH,518880.SH,黄金,黄金,False,518880.SH,518880.SH,黄金,黄金,False,,,,,,,,,,,,,,,,,,,,,,,,,,,
daily_top1_selection,,,,,,,,,,,,,,,,,,,2016-05-04,518880.SH,518880.SH,黄金,黄金,False,518880.SH,518880.SH,黄金,黄金,False,,,,,,,,,,,,,,,,,,,,,,,,,,,
daily_top1_selection,,,,,,,,,,,,,,,,,,,2016-05-05,518880.SH,518880.SH,黄金,黄金,False,518880.SH,518880.SH,黄金,黄金,False,,,,,,,,,,,,,,,,,,,,,,,,,,,
daily_top1_selection,,,,,,,,,,,,,,,,,,,2016-05-06,518880.SH,518880.SH,黄金,黄金,False,518880.SH,518880.SH,黄金,黄金,False,,,,,,,,,,,,,,,,,,,,,,,,,,,
daily_top1_selection,,,,,,,,,,,,,,,,,,,2016-05-09,518880.SH,518880.SH,黄金,黄金,False,518880.SH,518880.SH,黄金,黄金,False,,,,,,,,,,,,,,,,,,,,,,,,,,,
daily_top1_selection,,,,,,,,,,,,,,,,,,,2016-05-10,518880.SH,518880.SH,黄金,黄金,False,518880.SH,518880.SH,黄金,黄金,False,,,,,,,,,,,,,,,,,,,,,,,,,,,
daily_top1_selection,,,,,,,,,,,,,,,,,,,2016-05-11,518880.SH,518880.SH,黄金,黄金,False,518880.SH,518880.SH,黄金,黄金,False,,,,,,,,,,,,,,,,,,,,,,,,,,,
daily_top1_selection,,,,,,,,,,,,,,,,,,,2016-05-12,518880.SH,518880.SH,黄金,黄金,False,518880.SH,518880.SH,黄金,黄金,False,,,,,,,,,,,,,,,,,,,,,,,,,,,
daily_top1_selection,,,,,,,,,,,,,,,,,,,2016-05-13,518880.SH,518880.SH,黄金,黄金,False,518880.SH,518880.SH,黄金,黄金,False,,,,,,,,,,,,,,,,,,,,,,,,,,,
daily_top1_selection,,,,,,,,,,,,,,,,,,,2016-05-16,518880.SH,518880.SH,黄金,黄金,False,518880.SH,518880.SH,黄金,黄金,False,,,,,,,,,,,,,,,,,,,,,,,,,,,
daily_top1_selection,,,,,,,,,,,,,,,,,,,2016-05-17,518880.SH,518880.SH,黄金,黄金,False,518880.SH,518880.SH,黄金,黄金,False,,,,,,,,,,,,,,,,,,,,,,,,,,,
daily_top1_selection,,,,,,,,,,,,,,,,,,,2016-05-18,518880.SH,518880.SH,黄金,黄金,False,518880.SH,518880.SH,黄金,黄金,False,,,,,,,,,,,,,,,,,,,,,,,,,,,
daily_top1_selection,,,,,,,,,,,,,,,,,,,2016-05-19,518880.SH,518880.SH,黄金,黄金,False,518880.SH,518880.SH,黄金,黄金,False,,,,,,,,,,,,,,,,,,,,,,,,,,,
daily_top1_selection,,,,,,,,,,,,,,,,,,,2016-05-20,518880.SH,518880.SH,黄金,黄金,False,518880.SH,518880.SH,黄金,黄金,False,,,,,,,,,,,,,,,,,,,,,,,,,,,
daily_top1_selection,,,,,,,,,,,,,,,,,,,2016-05-23,518880.SH,518880.SH,黄金,黄金,False,518880.SH,518880.SH,黄金,黄金,False,,,,,,,,,,,,,,,,,,,,,,,,,,,
daily_top1_selection,,,,,,,,,,,,,,,,,,,2016-05-24,518880.SH,518880.SH,黄金,黄金,False,518880.SH,518880.SH,黄金,黄金,False,,,,,,,,,,,,,,,,,,,,,,,,,,,
daily_top1_selection,,,,,,,,,,,,,,,,,,,2016-05-25,513100.SH,513100.SH,纳指,纳指,False,518880.SH,518880.SH,黄金,黄金,False,,,,,,,,,,,,,,,,,,,,,,,,,,,
daily_top1_selection,,,,,,,,,,,,,,,,,,,2016-05-26,513100.SH,513100.SH,纳指,纳指,False,513100.SH,513100.SH,纳指,纳指,False,,,,,,,,,,,,,,,,,,,,,,,,,,,
daily_top1_selection,,,,,,,,,,,,,,,,,,,2016-05-27,513100.SH,513100.SH,纳指,纳指,False,513100.SH,513100.SH,纳指,纳指,False,,,,,,,,,,,,,,,,,,,,,,,,,,,
daily_top1_selection,,,,,,,,,,,,,,,,,,,2016-05-30,513100.SH,513100.SH,纳指,纳指,False,513100.SH,513100.SH,纳指,纳指,False,,,,,,,,,,,,,,,,,,,,,,,,,,,
daily_top1_selection,,,,,,,,,,,,,,,,,,,2016-05-31,513100.SH,513100.SH,纳指,纳指,False,513100.SH,513100.SH,纳指,纳指,False,,,,,,,,,,,,,,,,,,,,,,,,,,,
daily_top1_selection,,,,,,,,,,,,,,,,,,,2016-06-01,513100.SH,513100.SH,纳指,纳指,False,513100.SH,513100.SH,纳指,纳指,False,,,,,,,,,,,,,,,,,,,,,,,,,,,
daily_top1_selection,,,,,,,,,,,,,,,,,,,2016-06-02,513100.SH,513100.SH,纳指,纳指,False,513100.SH,513100.SH,纳指,纳指,False,,,,,,,,,,,,,,,,,,,,,,,,,,,
daily_top1_selection,,,,,,,,,,,,,,,,,,,2016-06-03,513100.SH,513100.SH,纳指,纳指,False,513100.SH,513100.SH,纳指,纳指,False,,,,,,,,,,,,,,,,,,,,,,,,,,,
daily_top1_selection,,,,,,,,,,,,,,,,,,,2016-06-06,159915.SZ,159915.SZ,创业板,创业板,False,513100.SH,513100.SH,纳指,纳指,False,,,,,,,,,,,,,,,,,,,,,,,,,,,
daily_top1_selection,,,,,,,,,,,,,,,,,,,2016-06-07,159915.SZ,159915.SZ,创业板,创业板,False,159915.SZ,159915.SZ,创业板,创业板,False,,,,,,,,,,,,,,,,,,,,,,,,,,,
daily_top1_selection,,,,,,,,,,,,,,,,,,,2016-06-08,159915.SZ,159915.SZ,创业板,创业板,False,159915.SZ,159915.SZ,创业板,创业板,False,,,,,,,,,,,,,,,,,,,,,,,,,,,
daily_top1_selection,,,,,,,,,,,,,,,,,,,2016-06-13,518880.SH,518880.SH,黄金,黄金,False,159915.SZ,159915.SZ,创业板,创业板,False,,,,,,,,,,,,,,,,,,,,,,,,,,,
daily_top1_selection,,,,,,,,,,,,,,,,,,,2016-06-14,513100.SH,513100.SH,纳指,纳指,False,159915.SZ,159915.SZ,创业板,创业板,False,,,,,,,,,,,,,,,,,,,,,,,,,,,
daily_top1_selection,,,,,,,,,,,,,,,,,,,2016-06-15,159915.SZ,513100.SH,创业板,纳指,True,159915.SZ,159915.SZ,创业板,创业板,False,,,,,,,,,,,,,,,,,,,,,,,,,,,
daily_top1_selection,,,,,,,,,,,,,,,,,,,2016-06-16,518880.SH,518880.SH,黄金,黄金,False,159915.SZ,513100.SH,创业板,纳指,True,,,,,,,,,,,,,,,,,,,,,,,,,,,
daily_top1_selection,,,,,,,,,,,,,,,,,,,2016-06-17,159915.SZ,513100.SH,创业板,纳指,True,518880.SH,513100.SH,黄金,纳指,True,,,,,,,,,,,,,,,,,,,,,,,,,,,
daily_top1_selection,,,,,,,,,,,,,,,,,,,2016-06-20,159915.SZ,513100.SH,创业板,纳指,True,518880.SH,513100.SH,黄金,纳指,True,,,,,,,,,,,,,,,,,,,,,,,,,,,
daily_top1_selection,,,,,,,,,,,,,,,,,,,2016-06-21,513100.SH,513100.SH,纳指,纳指,False,518880.SH,513100.SH,黄金,纳指,True,,,,,,,,,,,,,,,,,,,,,,,,,,,
daily_top1_selection,,,,,,,,,,,,,,,,,,,2016-06-22,159915.SZ,513100.SH,创业板,纳指,True,518880.SH,513100.SH,黄金,纳指,True,,,,,,,,,,,,,,,,,,,,,,,,,,,
daily_top1_selection,,,,,,,,,,,,,,,,,,,2016-06-23,159915.SZ,159915.SZ,创业板,创业板,False,518880.SH,513100.SH,黄金,纳指,True,,,,,,,,,,,,,,,,,,,,,,,,,,,
daily_top1_selection,,,,,,,,,,,,,,,,,,,2016-06-24,518880.SH,518880.SH,黄金,黄金,False,159915.SZ,159915.SZ,创业板,创业板,False,,,,,,,,,,,,,,,,,,,,,,,,,,,
daily_top1_selection,,,,,,,,,,,,,,,,,,,2016-06-27,518880.SH,518880.SH,黄金,黄金,False,159915.SZ,159915.SZ,创业板,创业板,False,,,,,,,,,,,,,,,,,,,,,,,,,,,
daily_top1_selection,,,,,,,,,,,,,,,,,,,2016-06-28,518880.SH,518880.SH,黄金,黄金,False,159915.SZ,159915.SZ,创业板,创业板,False,,,,,,,,,,,,,,,,,,,,,,,,,,,
daily_top1_selection,,,,,,,,,,,,,,,,,,,2016-06-29,518880.SH,518880.SH,黄金,黄金,False,159915.SZ,159915.SZ,创业板,创业板,False,,,,,,,,,,,,,,,,,,,,,,,,,,,
daily_top1_selection,,,,,,,,,,,,,,,,,,,2016-06-30,518880.SH,518880.SH,黄金,黄金,False,159915.SZ,159915.SZ,创业板,创业板,False,,,,,,,,,,,,,,,,,,,,,,,,,,,
daily_top1_selection,,,,,,,,,,,,,,,,,,,2016-07-01,518880.SH,518880.SH,黄金,黄金,False,518880.SH,518880.SH,黄金,黄金,False,,,,,,,,,,,,,,,,,,,,,,,,,,,
daily_top1_selection,,,,,,,,,,,,,,,,,,,2016-07-04,518880.SH,518880.SH,黄金,黄金,False,518880.SH,518880.SH,黄金,黄金,False,,,,,,,,,,,,,,,,,,,,,,,,,,,
daily_top1_selection,,,,,,,,,,,,,,,,,,,2016-07-05,518880.SH,518880.SH,黄金,黄金,False,518880.SH,518880.SH,黄金,黄金,False,,,,,,,,,,,,,,,,,,,,,,,,,,,
daily_top1_selection,,,,,,,,,,,,,,,,,,,2016-07-06,518880.SH,518880.SH,黄金,黄金,False,518880.SH,518880.SH,黄金,黄金,False,,,,,,,,,,,,,,,,,,,,,,,,,,,
daily_top1_selection,,,,,,,,,,,,,,,,,,,2016-07-07,518880.SH,518880.SH,黄金,黄金,False,518880.SH,518880.SH,黄金,黄金,False,,,,,,,,,,,,,,,,,,,,,,,,,,,
daily_top1_selection,,,,,,,,,,,,,,,,,,,2016-07-08,518880.SH,518880.SH,黄金,黄金,False,518880.SH,518880.SH,黄金,黄金,False,,,,,,,,,,,,,,,,,,,,,,,,,,,
daily_top1_selection,,,,,,,,,,,,,,,,,,,2016-07-11,159915.SZ,159915.SZ,创业板,创业板,False,518880.SH,518880.SH,黄金,黄金,False,,,,,,,,,,,,,,,,,,,,,,,,,,,
daily_top1_selection,,,,,,,,,,,,,,,,,,,2016-07-12,159915.SZ,510300.SH,创业板,沪深300,True,159915.SZ,159915.SZ,创业板,创业板,False,,,,,,,,,,,,,,,,,,,,,,,,,,,
daily_top1_selection,,,,,,,,,,,,,,,,,,,2016-07-13,159915.SZ,510300.SH,创业板,沪深300,True,159915.SZ,159915.SZ,创业板,创业板,False,,,,,,,,,,,,,,,,,,,,,,,,,,,
daily_top1_selection,,,,,,,,,,,,,,,,,,,2016-07-14,159915.SZ,159915.SZ,创业板,创业板,False,159915.SZ,159915.SZ,创业板,创业板,False,,,,,,,,,,,,,,,,,,,,,,,,,,,
daily_top1_selection,,,,,,,,,,,,,,,,,,,2016-07-15,510300.SH,510300.SH,沪深300,沪深300,False,159915.SZ,159915.SZ,创业板,创业板,False,,,,,,,,,,,,,,,,,,,,,,,,,,,
daily_top1_selection,,,,,,,,,,,,,,,,,,,2016-07-18,510300.SH,510300.SH,沪深300,沪深300,False,159915.SZ,159915.SZ,创业板,创业板,False,,,,,,,,,,,,,,,,,,,,,,,,,,,
daily_top1_selection,,,,,,,,,,,,,,,,,,,2016-07-19,159915.SZ,159915.SZ,创业板,创业板,False,510300.SH,510300.SH,沪深300,沪深300,False,,,,,,,,,,,,,,,,,,,,,,,,,,,
daily_top1_selection,,,,,,,,,,,,,,,,,,,2016-07-20,518880.SH,513100.SH,黄金,纳指,True,510300.SH,510300.SH,沪深300,沪深300,False,,,,,,,,,,,,,,,,,,,,,,,,,,,
daily_top1_selection,,,,,,,,,,,,,,,,,,,2016-07-21,513100.SH,513100.SH,纳指,纳指,False,510300.SH,510300.SH,沪深300,沪深300,False,,,,,,,,,,,,,,,,,,,,,,,,,,,
daily_top1_selection,,,,,,,,,,,,,,,,,,,2016-07-22,513100.SH,513100.SH,纳指,纳指,False,510300.SH,510300.SH,沪深300,沪深300,False,,,,,,,,,,,,,,,,,,,,,,,,,,,
daily_top1_selection,,,,,,,,,,,,,,,,,,,2016-07-25,513100.SH,513100.SH,纳指,纳指,False,510300.SH,510300.SH,沪深300,沪深300,False,,,,,,,,,,,,,,,,,,,,,,,,,,,
daily_top1_selection,,,,,,,,,,,,,,,,,,,2016-07-26,513100.SH,513100.SH,纳指,纳指,False,513100.SH,513100.SH,纳指,纳指,False,,,,,,,,,,,,,,,,,,,,,,,,,,,
daily_top1_selection,,,,,,,,,,,,,,,,,,,2016-07-27,513100.SH,513100.SH,纳指,纳指,False,513100.SH,513100.SH,纳指,纳指,False,,,,,,,,,,,,,,,,,,,,,,,,,,,
daily_top1_selection,,,,,,,,,,,,,,,,,,,2016-07-28,513100.SH,513100.SH,纳指,纳指,False,513100.SH,513100.SH,纳指,纳指,False,,,,,,,,,,,,,,,,,,,,,,,,,,,
daily_top1_selection,,,,,,,,,,,,,,,,,,,2016-07-29,513100.SH,513100.SH,纳指,纳指,False,513100.SH,513100.SH,纳指,纳指,False,,,,,,,,,,,,,,,,,,,,,,,,,,,
daily_top1_selection,,,,,,,,,,,,,,,,,,,2016-08-01,513100.SH,513100.SH,纳指,纳指,False,513100.SH,513100.SH,纳指,纳指,False,,,,,,,,,,,,,,,,,,,,,,,,,,,
daily_top1_selection,,,,,,,,,,,,,,,,,,,2016-08-02,513100.SH,513100.SH,纳指,纳指,False,513100.SH,513100.SH,纳指,纳指,False,,,,,,,,,,,,,,,,,,,,,,,,,,,
daily_top1_selection,,,,,,,,,,,,,,,,,,,2016-08-03,513100.SH,513100.SH,纳指,纳指,False,513100.SH,513100.SH,纳指,纳指,False,,,,,,,,,,,,,,,,,,,,,,,,,,,
daily_top1_selection,,,,,,,,,,,,,,,,,,,2016-08-04,513100.SH,513100.SH,纳指,纳指,False,513100.SH,513100.SH,纳指,纳指,False,,,,,,,,,,,,,,,,,,,,,,,,,,,
daily_top1_selection,,,,,,,,,,,,,,,,,,,2016-08-05,513100.SH,513100.SH,纳指,纳指,False,513100.SH,513100.SH,纳指,纳指,False,,,,,,,,,,,,,,,,,,,,,,,,,,,
daily_top1_selection,,,,,,,,,,,,,,,,,,,2016-08-08,513100.SH,513100.SH,纳指,纳指,False,513100.SH,513100.SH,纳指,纳指,False,,,,,,,,,,,,,,,,,,,,,,,,,,,
daily_top1_selection,,,,,,,,,,,,,,,,,,,2016-08-09,513100.SH,513100.SH,纳指,纳指,False,513100.SH,513100.SH,纳指,纳指,False,,,,,,,,,,,,,,,,,,,,,,,,,,,
daily_top1_selection,,,,,,,,,,,,,,,,,,,2016-08-10,513100.SH,513100.SH,纳指,纳指,False,513100.SH,513100.SH,纳指,纳指,False,,,,,,,,,,,,,,,,,,,,,,,,,,,
daily_top1_selection,,,,,,,,,,,,,,,,,,,2016-08-11,513100.SH,513100.SH,纳指,纳指,False,513100.SH,513100.SH,纳指,纳指,False,,,,,,,,,,,,,,,,,,,,,,,,,,,
daily_top1_selection,,,,,,,,,,,,,,,,,,,2016-08-12,513100.SH,513100.SH,纳指,纳指,False,513100.SH,513100.SH,纳指,纳指,False,,,,,,,,,,,,,,,,,,,,,,,,,,,
daily_top1_selection,,,,,,,,,,,,,,,,,,,2016-08-15,513100.SH,513100.SH,纳指,纳指,False,513100.SH,513100.SH,纳指,纳指,False,,,,,,,,,,,,,,,,,,,,,,,,,,,
daily_top1_selection,,,,,,,,,,,,,,,,,,,2016-08-16,510300.SH,513100.SH,沪深300,纳指,True,513100.SH,513100.SH,纳指,纳指,False,,,,,,,,,,,,,,,,,,,,,,,,,,,
daily_top1_selection,,,,,,,,,,,,,,,,,,,2016-08-17,510300.SH,510300.SH,沪深300,沪深300,False,510300.SH,513100.SH,沪深300,纳指,True,,,,,,,,,,,,,,,,,,,,,,,,,,,
daily_top1_selection,,,,,,,,,,,,,,,,,,,2016-08-18,510300.SH,510300.SH,沪深300,沪深300,False,510300.SH,510300.SH,沪深300,沪深300,False,,,,,,,,,,,,,,,,,,,,,,,,,,,
daily_top1_selection,,,,,,,,,,,,,,,,,,,2016-08-19,510300.SH,510300.SH,沪深300,沪深300,False,510300.SH,510300.SH,沪深300,沪深300,False,,,,,,,,,,,,,,,,,,,,,,,,,,,
daily_top1_selection,,,,,,,,,,,,,,,,,,,2016-08-22,510300.SH,510300.SH,沪深300,沪深300,False,510300.SH,510300.SH,沪深300,沪深300,False,,,,,,,,,,,,,,,,,,,,,,,,,,,
daily_top1_selection,,,,,,,,,,,,,,,,,,,2016-08-23,513100.SH,513100.SH,纳指,纳指,False,510300.SH,510300.SH,沪深300,沪深300,False,,,,,,,,,,,,,,,,,,,,,,,,,,,
daily_top1_selection,,,,,,,,,,,,,,,,,,,2016-08-24,510300.SH,510300.SH,沪深300,沪深300,False,513100.SH,510300.SH,纳指,沪深300,True,,,,,,,,,,,,,,,,,,,,,,,,,,,
daily_top1_selection,,,,,,,,,,,,,,,,,,,2016-08-25,510300.SH,510300.SH,沪深300,沪深300,False,513100.SH,510300.SH,纳指,沪深300,True,,,,,,,,,,,,,,,,,,,,,,,,,,,
daily_top1_selection,,,,,,,,,,,,,,,,,,,2016-08-26,510300.SH,510300.SH,沪深300,沪深300,False,513100.SH,510300.SH,纳指,沪深300,True,,,,,,,,,,,,,,,,,,,,,,,,,,,
daily_top1_selection,,,,,,,,,,,,,,,,,,,2016-08-29,159915.SZ,510300.SH,创业板,沪深300,True,513100.SH,510300.SH,纳指,沪深300,True,,,,,,,,,,,,,,,,,,,,,,,,,,,
daily_top1_selection,,,,,,,,,,,,,,,,,,,2016-08-30,510300.SH,510300.SH,沪深300,沪深300,False,513100.SH,510300.SH,纳指,沪深300,True,,,,,,,,,,,,,,,,,,,,,,,,,,,
daily_top1_selection,,,,,,,,,,,,,,,,,,,2016-08-31,510300.SH,510300.SH,沪深300,沪深300,False,510300.SH,510300.SH,沪深300,沪深300,False,,,,,,,,,,,,,,,,,,,,,,,,,,,
daily_top1_selection,,,,,,,,,,,,,,,,,,,2016-09-01,510300.SH,510300.SH,沪深300,沪深300,False,510300.SH,510300.SH,沪深300,沪深300,False,,,,,,,,,,,,,,,,,,,,,,,,,,,
daily_top1_selection,,,,,,,,,,,,,,,,,,,2016-09-02,510300.SH,510300.SH,沪深300,沪深300,False,510300.SH,510300.SH,沪深300,沪深300,False,,,,,,,,,,,,,,,,,,,,,,,,,,,
daily_top1_selection,,,,,,,,,,,,,,,,,,,2016-09-05,510300.SH,510300.SH,沪深300,沪深300,False,510300.SH,510300.SH,沪深300,沪深300,False,,,,,,,,,,,,,,,,,,,,,,,,,,,
daily_top1_selection,,,,,,,,,,,,,,,,,,,2016-09-06,159915.SZ,510300.SH,创业板,沪深300,True,510300.SH,510300.SH,沪深300,沪深300,False,,,,,,,,,,,,,,,,,,,,,,,,,,,
daily_top1_selection,,,,,,,,,,,,,,,,,,,2016-09-07,159915.SZ,510300.SH,创业板,沪深300,True,159915.SZ,510300.SH,创业板,沪深300,True,,,,,,,,,,,,,,,,,,,,,,,,,,,
daily_top1_selection,,,,,,,,,,,,,,,,,,,2016-09-08,159915.SZ,159915.SZ,创业板,创业板,False,159915.SZ,510300.SH,创业板,沪深300,True,,,,,,,,,,,,,,,,,,,,,,,,,,,
daily_top1_selection,,,,,,,,,,,,,,,,,,,2016-09-09,159915.SZ,159915.SZ,创业板,创业板,False,159915.SZ,159915.SZ,创业板,创业板,False,,,,,,,,,,,,,,,,,,,,,,,,,,,
daily_top1_selection,,,,,,,,,,,,,,,,,,,2016-09-12,518880.SH,518880.SH,黄金,黄金,False,159915.SZ,159915.SZ,创业板,创业板,False,,,,,,,,,,,,,,,,,,,,,,,,,,,
daily_top1_selection,,,,,,,,,,,,,,,,,,,2016-09-13,518880.SH,518880.SH,黄金,黄金,False,159915.SZ,159915.SZ,创业板,创业板,False,,,,,,,,,,,,,,,,,,,,,,,,,,,
daily_top1_selection,,,,,,,,,,,,,,,,,,,2016-09-14,518880.SH,518880.SH,黄金,黄金,False,518880.SH,159915.SZ,黄金,创业板,True,,,,,,,,,,,,,,,,,,,,,,,,,,,
daily_top1_selection,,,,,,,,,,,,,,,,,,,2016-09-19,513100.SH,513100.SH,纳指,纳指,False,518880.SH,159915.SZ,黄金,创业板,True,,,,,,,,,,,,,,,,,,,,,,,,,,,
daily_top1_selection,,,,,,,,,,,,,,,,,,,2016-09-20,513100.SH,513100.SH,纳指,纳指,False,518880.SH,513100.SH,黄金,纳指,True,,,,,,,,,,,,,,,,,,,,,,,,,,,
daily_top1_selection,,,,,,,,,,,,,,,,,,,2016-09-21,513100.SH,513100.SH,纳指,纳指,False,518880.SH,513100.SH,黄金,纳指,True,,,,,,,,,,,,,,,,,,,,,,,,,,,
daily_top1_selection,,,,,,,,,,,,,,,,,,,2016-09-22,513100.SH,513100.SH,纳指,纳指,False,518880.SH,513100.SH,黄金,纳指,True,,,,,,,,,,,,,,,,,,,,,,,,,,,
daily_top1_selection,,,,,,,,,,,,,,,,,,,2016-09-23,513100.SH,513100.SH,纳指,纳指,False,513100.SH,513100.SH,纳指,纳指,False,,,,,,,,,,,,,,,,,,,,,,,,,,,
daily_top1_selection,,,,,,,,,,,,,,,,,,,2016-09-26,513100.SH,513100.SH,纳指,纳指,False,513100.SH,513100.SH,纳指,纳指,False,,,,,,,,,,,,,,,,,,,,,,,,,,,
daily_top1_selection,,,,,,,,,,,,,,,,,,,2016-09-27,513100.SH,513100.SH,纳指,纳指,False,513100.SH,513100.SH,纳指,纳指,False,,,,,,,,,,,,,,,,,,,,,,,,,,,
daily_top1_selection,,,,,,,,,,,,,,,,,,,2016-09-28,513100.SH,513100.SH,纳指,纳指,False,513100.SH,513100.SH,纳指,纳指,False,,,,,,,,,,,,,,,,,,,,,,,,,,,
daily_top1_selection,,,,,,,,,,,,,,,,,,,2016-09-29,513100.SH,513100.SH,纳指,纳指,False,513100.SH,513100.SH,纳指,纳指,False,,,,,,,,,,,,,,,,,,,,,,,,,,,
daily_top1_selection,,,,,,,,,,,,,,,,,,,2016-09-30,513100.SH,518880.SH,纳指,黄金,True,513100.SH,513100.SH,纳指,纳指,False,,,,,,,,,,,,,,,,,,,,,,,,,,,
daily_top1_selection,,,,,,,,,,,,,,,,,,,2016-10-10,159915.SZ,159915.SZ,创业板,创业板,False,513100.SH,518880.SH,纳指,黄金,True,,,,,,,,,,,,,,,,,,,,,,,,,,,
daily_top1_selection,,,,,,,,,,,,,,,,,,,2016-10-11,513100.SH,513100.SH,纳指,纳指,False,159915.SZ,518880.SH,创业板,黄金,True,,,,,,,,,,,,,,,,,,,,,,,,,,,
daily_top1_selection,,,,,,,,,,,,,,,,,,,2016-10-12,513100.SH,513100.SH,纳指,纳指,False,159915.SZ,518880.SH,创业板,黄金,True,,,,,,,,,,,,,,,,,,,,,,,,,,,
daily_top1_selection,,,,,,,,,,,,,,,,,,,2016-10-13,513100.SH,513100.SH,纳指,纳指,False,159915.SZ,518880.SH,创业板,黄金,True,,,,,,,,,,,,,,,,,,,,,,,,,,,
daily_top1_selection,,,,,,,,,,,,,,,,,,,2016-10-14,513100.SH,513100.SH,纳指,纳指,False,159915.SZ,518880.SH,创业板,黄金,True,,,,,,,,,,,,,,,,,,,,,,,,,,,
daily_top1_selection,,,,,,,,,,,,,,,,,,,2016-10-17,513100.SH,513100.SH,纳指,纳指,False,159915.SZ,513100.SH,创业板,纳指,True,,,,,,,,,,,,,,,,,,,,,,,,,,,
daily_top1_selection,,,,,,,,,,,,,,,,,,,2016-10-18,513100.SH,513100.SH,纳指,纳指,False,513100.SH,513100.SH,纳指,纳指,False,,,,,,,,,,,,,,,,,,,,,,,,,,,
daily_top1_selection,,,,,,,,,,,,,,,,,,,2016-10-19,513100.SH,513100.SH,纳指,纳指,False,513100.SH,513100.SH,纳指,纳指,False,,,,,,,,,,,,,,,,,,,,,,,,,,,
daily_top1_selection,,,,,,,,,,,,,,,,,,,2016-10-20,513100.SH,513100.SH,纳指,纳指,False,513100.SH,513100.SH,纳指,纳指,False,,,,,,,,,,,,,,,,,,,,,,,,,,,
daily_top1_selection,,,,,,,,,,,,,,,,,,,2016-10-21,513100.SH,510300.SH,纳指,沪深300,True,513100.SH,513100.SH,纳指,纳指,False,,,,,,,,,,,,,,,,,,,,,,,,,,,
daily_top1_selection,,,,,,,,,,,,,,,,,,,2016-10-24,510300.SH,510300.SH,沪深300,沪深300,False,513100.SH,510300.SH,纳指,沪深300,True,,,,,,,,,,,,,,,,,,,,,,,,,,,
daily_top1_selection,,,,,,,,,,,,,,,,,,,2016-10-25,513100.SH,510300.SH,纳指,沪深300,True,510300.SH,510300.SH,沪深300,沪深300,False,,,,,,,,,,,,,,,,,,,,,,,,,,,
daily_top1_selection,,,,,,,,,,,,,,,,,,,2016-10-26,513100.SH,510300.SH,纳指,沪深300,True,510300.SH,510300.SH,沪深300,沪深300,False,,,,,,,,,,,,,,,,,,,,,,,,,,,
daily_top1_selection,,,,,,,,,,,,,,,,,,,2016-10-27,510300.SH,510300.SH,沪深300,沪深300,False,510300.SH,510300.SH,沪深300,沪深300,False,,,,,,,,,,,,,,,,,,,,,,,,,,,
daily_top1_selection,,,,,,,,,,,,,,,,,,,2016-10-28,510300.SH,510300.SH,沪深300,沪深300,False,510300.SH,510300.SH,沪深300,沪深300,False,,,,,,,,,,,,,,,,,,,,,,,,,,,
daily_top1_selection,,,,,,,,,,,,,,,,,,,2016-10-31,510300.SH,510300.SH,沪深300,沪深300,False,510300.SH,510300.SH,沪深300,沪深300,False,,,,,,,,,,,,,,,,,,,,,,,,,,,
daily_top1_selection,,,,,,,,,,,,,,,,,,,2016-11-01,510300.SH,510300.SH,沪深300,沪深300,False,510300.SH,510300.SH,沪深300,沪深300,False,,,,,,,,,,,,,,,,,,,,,,,,,,,
daily_top1_selection,,,,,,,,,,,,,,,,,,,2016-11-02,510300.SH,510300.SH,沪深300,沪深300,False,510300.SH,510300.SH,沪深300,沪深300,False,,,,,,,,,,,,,,,,,,,,,,,,,,,
daily_top1_selection,,,,,,,,,,,,,,,,,,,2016-11-03,510300.SH,510300.SH,沪深300,沪深300,False,510300.SH,510300.SH,沪深300,沪深300,False,,,,,,,,,,,,,,,,,,,,,,,,,,,
daily_top1_selection,,,,,,,,,,,,,,,,,,,2016-11-04,510300.SH,510300.SH,沪深300,沪深300,False,510300.SH,510300.SH,沪深300,沪深300,False,,,,,,,,,,,,,,,,,,,,,,,,,,,
daily_top1_selection,,,,,,,,,,,,,,,,,,,2016-11-07,518880.SH,518880.SH,黄金,黄金,False,510300.SH,510300.SH,沪深300,沪深300,False,,,,,,,,,,,,,,,,,,,,,,,,,,,
daily_top1_selection,,,,,,,,,,,,,,,,,,,2016-11-08,518880.SH,518880.SH,黄金,黄金,False,518880.SH,518880.SH,黄金,黄金,False,,,,,,,,,,,,,,,,,,,,,,,,,,,
daily_top1_selection,,,,,,,,,,,,,,,,,,,2016-11-09,518880.SH,518880.SH,黄金,黄金,False,518880.SH,518880.SH,黄金,黄金,False,,,,,,,,,,,,,,,,,,,,,,,,,,,
daily_top1_selection,,,,,,,,,,,,,,,,,,,2016-11-10,518880.SH,510300.SH,黄金,沪深300,True,518880.SH,518880.SH,黄金,黄金,False,,,,,,,,,,,,,,,,,,,,,,,,,,,
daily_top1_selection,,,,,,,,,,,,,,,,,,,2016-11-11,510300.SH,510300.SH,沪深300,沪深300,False,518880.SH,518880.SH,黄金,黄金,False,,,,,,,,,,,,,,,,,,,,,,,,,,,
daily_top1_selection,,,,,,,,,,,,,,,,,,,2016-11-14,510300.SH,510300.SH,沪深300,沪深300,False,518880.SH,518880.SH,黄金,黄金,False,,,,,,,,,,,,,,,,,,,,,,,,,,,
daily_top1_selection,,,,,,,,,,,,,,,,,,,2016-11-15,510300.SH,510300.SH,沪深300,沪深300,False,510300.SH,510300.SH,沪深300,沪深300,False,,,,,,,,,,,,,,,,,,,,,,,,,,,
daily_top1_selection,,,,,,,,,,,,,,,,,,,2016-11-16,510300.SH,510300.SH,沪深300,沪深300,False,510300.SH,510300.SH,沪深300,沪深300,False,,,,,,,,,,,,,,,,,,,,,,,,,,,
daily_top1_selection,,,,,,,,,,,,,,,,,,,2016-11-17,510300.SH,510300.SH,沪深300,沪深300,False,510300.SH,510300.SH,沪深300,沪深300,False,,,,,,,,,,,,,,,,,,,,,,,,,,,
daily_top1_selection,,,,,,,,,,,,,,,,,,,2016-11-18,510300.SH,510300.SH,沪深300,沪深300,False,510300.SH,510300.SH,沪深300,沪深300,False,,,,,,,,,,,,,,,,,,,,,,,,,,,
daily_top1_selection,,,,,,,,,,,,,,,,,,,2016-11-21,510300.SH,510300.SH,沪深300,沪深300,False,510300.SH,510300.SH,沪深300,沪深300,False,,,,,,,,,,,,,,,,,,,,,,,,,,,
daily_top1_selection,,,,,,,,,,,,,,,,,,,2016-11-22,510300.SH,510300.SH,沪深300,沪深300,False,510300.SH,510300.SH,沪深300,沪深300,False,,,,,,,,,,,,,,,,,,,,,,,,,,,
daily_top1_selection,,,,,,,,,,,,,,,,,,,2016-11-23,510300.SH,510300.SH,沪深300,沪深300,False,510300.SH,510300.SH,沪深300,沪深300,False,,,,,,,,,,,,,,,,,,,,,,,,,,,
daily_top1_selection,,,,,,,,,,,,,,,,,,,2016-11-24,510300.SH,510300.SH,沪深300,沪深300,False,510300.SH,510300.SH,沪深300,沪深300,False,,,,,,,,,,,,,,,,,,,,,,,,,,,
daily_top1_selection,,,,,,,,,,,,,,,,,,,2016-11-25,510300.SH,510300.SH,沪深300,沪深300,False,510300.SH,510300.SH,沪深300,沪深300,False,,,,,,,,,,,,,,,,,,,,,,,,,,,
daily_top1_selection,,,,,,,,,,,,,,,,,,,2016-11-28,510300.SH,510300.SH,沪深300,沪深300,False,510300.SH,510300.SH,沪深300,沪深300,False,,,,,,,,,,,,,,,,,,,,,,,,,,,
daily_top1_selection,,,,,,,,,,,,,,,,,,,2016-11-29,510300.SH,510300.SH,沪深300,沪深300,False,510300.SH,510300.SH,沪深300,沪深300,False,,,,,,,,,,,,,,,,,,,,,,,,,,,
daily_top1_selection,,,,,,,,,,,,,,,,,,,2016-11-30,510300.SH,510300.SH,沪深300,沪深300,False,510300.SH,510300.SH,沪深300,沪深300,False,,,,,,,,,,,,,,,,,,,,,,,,,,,
daily_top1_selection,,,,,,,,,,,,,,,,,,,2016-12-01,510300.SH,510300.SH,沪深300,沪深300,False,510300.SH,510300.SH,沪深300,沪深300,False,,,,,,,,,,,,,,,,,,,,,,,,,,,
daily_top1_selection,,,,,,,,,,,,,,,,,,,2016-12-02,510300.SH,510300.SH,沪深300,沪深300,False,510300.SH,510300.SH,沪深300,沪深300,False,,,,,,,,,,,,,,,,,,,,,,,,,,,
daily_top1_selection,,,,,,,,,,,,,,,,,,,2016-12-05,510300.SH,510300.SH,沪深300,沪深300,False,510300.SH,510300.SH,沪深300,沪深300,False,,,,,,,,,,,,,,,,,,,,,,,,,,,
daily_top1_selection,,,,,,,,,,,,,,,,,,,2016-12-06,513100.SH,510300.SH,纳指,沪深300,True,510300.SH,510300.SH,沪深300,沪深300,False,,,,,,,,,,,,,,,,,,,,,,,,,,,
daily_top1_selection,,,,,,,,,,,,,,,,,,,2016-12-07,513100.SH,513100.SH,纳指,纳指,False,513100.SH,510300.SH,纳指,沪深300,True,,,,,,,,,,,,,,,,,,,,,,,,,,,
daily_top1_selection,,,,,,,,,,,,,,,,,,,2016-12-08,513100.SH,513100.SH,纳指,纳指,False,513100.SH,513100.SH,纳指,纳指,False,,,,,,,,,,,,,,,,,,,,,,,,,,,
daily_top1_selection,,,,,,,,,,,,,,,,,,,2016-12-09,513100.SH,513100.SH,纳指,纳指,False,513100.SH,513100.SH,纳指,纳指,False,,,,,,,,,,,,,,,,,,,,,,,,,,,
daily_top1_selection,,,,,,,,,,,,,,,,,,,2016-12-12,513100.SH,513100.SH,纳指,纳指,False,513100.SH,513100.SH,纳指,纳指,False,,,,,,,,,,,,,,,,,,,,,,,,,,,
daily_top1_selection,,,,,,,,,,,,,,,,,,,2016-12-13,513100.SH,513100.SH,纳指,纳指,False,513100.SH,513100.SH,纳指,纳指,False,,,,,,,,,,,,,,,,,,,,,,,,,,,
daily_top1_selection,,,,,,,,,,,,,,,,,,,2016-12-14,513100.SH,513100.SH,纳指,纳指,False,513100.SH,513100.SH,纳指,纳指,False,,,,,,,,,,,,,,,,,,,,,,,,,,,
daily_top1_selection,,,,,,,,,,,,,,,,,,,2016-12-15,513100.SH,513100.SH,纳指,纳指,False,513100.SH,513100.SH,纳指,纳指,False,,,,,,,,,,,,,,,,,,,,,,,,,,,
daily_top1_selection,,,,,,,,,,,,,,,,,,,2016-12-16,513100.SH,513100.SH,纳指,纳指,False,513100.SH,513100.SH,纳指,纳指,False,,,,,,,,,,,,,,,,,,,,,,,,,,,
daily_top1_selection,,,,,,,,,,,,,,,,,,,2016-12-19,513100.SH,513100.SH,纳指,纳指,False,513100.SH,513100.SH,纳指,纳指,False,,,,,,,,,,,,,,,,,,,,,,,,,,,
daily_top1_selection,,,,,,,,,,,,,,,,,,,2016-12-20,513100.SH,513100.SH,纳指,纳指,False,513100.SH,513100.SH,纳指,纳指,False,,,,,,,,,,,,,,,,,,,,,,,,,,,
daily_top1_selection,,,,,,,,,,,,,,,,,,,2016-12-21,513100.SH,513100.SH,纳指,纳指,False,513100.SH,513100.SH,纳指,纳指,False,,,,,,,,,,,,,,,,,,,,,,,,,,,
daily_top1_selection,,,,,,,,,,,,,,,,,,,2016-12-22,513100.SH,513100.SH,纳指,纳指,False,513100.SH,513100.SH,纳指,纳指,False,,,,,,,,,,,,,,,,,,,,,,,,,,,
daily_top1_selection,,,,,,,,,,,,,,,,,,,2016-12-23,513100.SH,513100.SH,纳指,纳指,False,513100.SH,513100.SH,纳指,纳指,False,,,,,,,,,,,,,,,,,,,,,,,,,,,
daily_top1_selection,,,,,,,,,,,,,,,,,,,2016-12-26,513100.SH,513100.SH,纳指,纳指,False,513100.SH,513100.SH,纳指,纳指,False,,,,,,,,,,,,,,,,,,,,,,,,,,,
daily_top1_selection,,,,,,,,,,,,,,,,,,,2016-12-27,513100.SH,513100.SH,纳指,纳指,False,513100.SH,513100.SH,纳指,纳指,False,,,,,,,,,,,,,,,,,,,,,,,,,,,
daily_top1_selection,,,,,,,,,,,,,,,,,,,2016-12-28,513100.SH,513100.SH,纳指,纳指,False,513100.SH,513100.SH,纳指,纳指,False,,,,,,,,,,,,,,,,,,,,,,,,,,,
daily_top1_selection,,,,,,,,,,,,,,,,,,,2016-12-29,513100.SH,513100.SH,纳指,纳指,False,513100.SH,513100.SH,纳指,纳指,False,,,,,,,,,,,,,,,,,,,,,,,,,,,
daily_top1_selection,,,,,,,,,,,,,,,,,,,2016-12-30,513100.SH,513100.SH,纳指,纳指,False,513100.SH,513100.SH,纳指,纳指,False,,,,,,,,,,,,,,,,,,,,,,,,,,,
daily_top1_selection,,,,,,,,,,,,,,,,,,,2017-01-03,513100.SH,513100.SH,纳指,纳指,False,513100.SH,513100.SH,纳指,纳指,False,,,,,,,,,,,,,,,,,,,,,,,,,,,
daily_top1_selection,,,,,,,,,,,,,,,,,,,2017-01-04,513100.SH,513100.SH,纳指,纳指,False,513100.SH,513100.SH,纳指,纳指,False,,,,,,,,,,,,,,,,,,,,,,,,,,,
daily_top1_selection,,,,,,,,,,,,,,,,,,,2017-01-05,513100.SH,513100.SH,纳指,纳指,False,513100.SH,513100.SH,纳指,纳指,False,,,,,,,,,,,,,,,,,,,,,,,,,,,
daily_top1_selection,,,,,,,,,,,,,,,,,,,2017-01-06,513100.SH,513100.SH,纳指,纳指,False,513100.SH,513100.SH,纳指,纳指,False,,,,,,,,,,,,,,,,,,,,,,,,,,,
daily_top1_selection,,,,,,,,,,,,,,,,,,,2017-01-09,513100.SH,513100.SH,纳指,纳指,False,513100.SH,513100.SH,纳指,纳指,False,,,,,,,,,,,,,,,,,,,,,,,,,,,
daily_top1_selection,,,,,,,,,,,,,,,,,,,2017-01-10,513100.SH,513100.SH,纳指,纳指,False,513100.SH,513100.SH,纳指,纳指,False,,,,,,,,,,,,,,,,,,,,,,,,,,,
daily_top1_selection,,,,,,,,,,,,,,,,,,,2017-01-11,513100.SH,513100.SH,纳指,纳指,False,513100.SH,513100.SH,纳指,纳指,False,,,,,,,,,,,,,,,,,,,,,,,,,,,
daily_top1_selection,,,,,,,,,,,,,,,,,,,2017-01-12,513100.SH,513100.SH,纳指,纳指,False,513100.SH,513100.SH,纳指,纳指,False,,,,,,,,,,,,,,,,,,,,,,,,,,,
daily_top1_selection,,,,,,,,,,,,,,,,,,,2017-01-13,518880.SH,518880.SH,黄金,黄金,False,513100.SH,513100.SH,纳指,纳指,False,,,,,,,,,,,,,,,,,,,,,,,,,,,
daily_top1_selection,,,,,,,,,,,,,,,,,,,2017-01-16,518880.SH,518880.SH,黄金,黄金,False,518880.SH,518880.SH,黄金,黄金,False,,,,,,,,,,,,,,,,,,,,,,,,,,,
daily_top1_selection,,,,,,,,,,,,,,,,,,,2017-01-17,518880.SH,518880.SH,黄金,黄金,False,518880.SH,518880.SH,黄金,黄金,False,,,,,,,,,,,,,,,,,,,,,,,,,,,
daily_top1_selection,,,,,,,,,,,,,,,,,,,2017-01-18,518880.SH,518880.SH,黄金,黄金,False,518880.SH,518880.SH,黄金,黄金,False,,,,,,,,,,,,,,,,,,,,,,,,,,,
daily_top1_selection,,,,,,,,,,,,,,,,,,,2017-01-19,518880.SH,518880.SH,黄金,黄金,False,518880.SH,518880.SH,黄金,黄金,False,,,,,,,,,,,,,,,,,,,,,,,,,,,
daily_top1_selection,,,,,,,,,,,,,,,,,,,2017-01-20,518880.SH,518880.SH,黄金,黄金,False,518880.SH,518880.SH,黄金,黄金,False,,,,,,,,,,,,,,,,,,,,,,,,,,,
daily_top1_selection,,,,,,,,,,,,,,,,,,,2017-01-23,518880.SH,518880.SH,黄金,黄金,False,518880.SH,518880.SH,黄金,黄金,False,,,,,,,,,,,,,,,,,,,,,,,,,,,
daily_top1_selection,,,,,,,,,,,,,,,,,,,2017-01-24,518880.SH,518880.SH,黄金,黄金,False,518880.SH,518880.SH,黄金,黄金,False,,,,,,,,,,,,,,,,,,,,,,,,,,,
daily_top1_selection,,,,,,,,,,,,,,,,,,,2017-01-25,518880.SH,518880.SH,黄金,黄金,False,518880.SH,518880.SH,黄金,黄金,False,,,,,,,,,,,,,,,,,,,,,,,,,,,
daily_top1_selection,,,,,,,,,,,,,,,,,,,2017-01-26,510300.SH,510300.SH,沪深300,沪深300,False,518880.SH,518880.SH,黄金,黄金,False,,,,,,,,,,,,,,,,,,,,,,,,,,,
daily_top1_selection,,,,,,,,,,,,,,,,,,,2017-02-03,513100.SH,513100.SH,纳指,纳指,False,510300.SH,510300.SH,沪深300,沪深300,False,,,,,,,,,,,,,,,,,,,,,,,,,,,
daily_top1_selection,,,,,,,,,,,,,,,,,,,2017-02-06,513100.SH,513100.SH,纳指,纳指,False,510300.SH,510300.SH,沪深300,沪深300,False,,,,,,,,,,,,,,,,,,,,,,,,,,,
daily_top1_selection,,,,,,,,,,,,,,,,,,,2017-02-07,513100.SH,513100.SH,纳指,纳指,False,510300.SH,510300.SH,沪深300,沪深300,False,,,,,,,,,,,,,,,,,,,,,,,,,,,
daily_top1_selection,,,,,,,,,,,,,,,,,,,2017-02-08,513100.SH,513100.SH,纳指,纳指,False,510300.SH,510300.SH,沪深300,沪深300,False,,,,,,,,,,,,,,,,,,,,,,,,,,,
daily_top1_selection,,,,,,,,,,,,,,,,,,,2017-02-09,513100.SH,513100.SH,纳指,纳指,False,510300.SH,510300.SH,沪深300,沪深300,False,,,,,,,,,,,,,,,,,,,,,,,,,,,
daily_top1_selection,,,,,,,,,,,,,,,,,,,2017-02-10,513100.SH,513100.SH,纳指,纳指,False,513100.SH,513100.SH,纳指,纳指,False,,,,,,,,,,,,,,,,,,,,,,,,,,,
daily_top1_selection,,,,,,,,,,,,,,,,,,,2017-02-13,513100.SH,513100.SH,纳指,纳指,False,513100.SH,513100.SH,纳指,纳指,False,,,,,,,,,,,,,,,,,,,,,,,,,,,
daily_top1_selection,,,,,,,,,,,,,,,,,,,2017-02-14,513100.SH,513100.SH,纳指,纳指,False,513100.SH,513100.SH,纳指,纳指,False,,,,,,,,,,,,,,,,,,,,,,,,,,,
daily_top1_selection,,,,,,,,,,,,,,,,,,,2017-02-15,513100.SH,513100.SH,纳指,纳指,False,513100.SH,513100.SH,纳指,纳指,False,,,,,,,,,,,,,,,,,,,,,,,,,,,
daily_top1_selection,,,,,,,,,,,,,,,,,,,2017-02-16,513100.SH,513100.SH,纳指,纳指,False,513100.SH,513100.SH,纳指,纳指,False,,,,,,,,,,,,,,,,,,,,,,,,,,,
daily_top1_selection,,,,,,,,,,,,,,,,,,,2017-02-17,513100.SH,513100.SH,纳指,纳指,False,513100.SH,513100.SH,纳指,纳指,False,,,,,,,,,,,,,,,,,,,,,,,,,,,
daily_top1_selection,,,,,,,,,,,,,,,,,,,2017-02-20,513100.SH,513100.SH,纳指,纳指,False,513100.SH,513100.SH,纳指,纳指,False,,,,,,,,,,,,,,,,,,,,,,,,,,,
daily_top1_selection,,,,,,,,,,,,,,,,,,,2017-02-21,513100.SH,513100.SH,纳指,纳指,False,513100.SH,513100.SH,纳指,纳指,False,,,,,,,,,,,,,,,,,,,,,,,,,,,
daily_top1_selection,,,,,,,,,,,,,,,,,,,2017-02-22,513100.SH,513100.SH,纳指,纳指,False,513100.SH,513100.SH,纳指,纳指,False,,,,,,,,,,,,,,,,,,,,,,,,,,,
daily_top1_selection,,,,,,,,,,,,,,,,,,,2017-02-23,513100.SH,513100.SH,纳指,纳指,False,513100.SH,513100.SH,纳指,纳指,False,,,,,,,,,,,,,,,,,,,,,,,,,,,
daily_top1_selection,,,,,,,,,,,,,,,,,,,2017-02-24,513100.SH,513100.SH,纳指,纳指,False,513100.SH,513100.SH,纳指,纳指,False,,,,,,,,,,,,,,,,,,,,,,,,,,,
daily_top1_selection,,,,,,,,,,,,,,,,,,,2017-02-27,513100.SH,513100.SH,纳指,纳指,False,513100.SH,513100.SH,纳指,纳指,False,,,,,,,,,,,,,,,,,,,,,,,,,,,
daily_top1_selection,,,,,,,,,,,,,,,,,,,2017-02-28,513100.SH,513100.SH,纳指,纳指,False,513100.SH,513100.SH,纳指,纳指,False,,,,,,,,,,,,,,,,,,,,,,,,,,,
daily_top1_selection,,,,,,,,,,,,,,,,,,,2017-03-01,513100.SH,513100.SH,纳指,纳指,False,513100.SH,513100.SH,纳指,纳指,False,,,,,,,,,,,,,,,,,,,,,,,,,,,
daily_top1_selection,,,,,,,,,,,,,,,,,,,2017-03-02,513100.SH,513100.SH,纳指,纳指,False,513100.SH,513100.SH,纳指,纳指,False,,,,,,,,,,,,,,,,,,,,,,,,,,,
daily_top1_selection,,,,,,,,,,,,,,,,,,,2017-03-03,513100.SH,513100.SH,纳指,纳指,False,513100.SH,513100.SH,纳指,纳指,False,,,,,,,,,,,,,,,,,,,,,,,,,,,
daily_top1_selection,,,,,,,,,,,,,,,,,,,2017-03-06,513100.SH,513100.SH,纳指,纳指,False,513100.SH,513100.SH,纳指,纳指,False,,,,,,,,,,,,,,,,,,,,,,,,,,,
daily_top1_selection,,,,,,,,,,,,,,,,,,,2017-03-07,513100.SH,513100.SH,纳指,纳指,False,513100.SH,513100.SH,纳指,纳指,False,,,,,,,,,,,,,,,,,,,,,,,,,,,
daily_top1_selection,,,,,,,,,,,,,,,,,,,2017-03-08,513100.SH,513100.SH,纳指,纳指,False,513100.SH,513100.SH,纳指,纳指,False,,,,,,,,,,,,,,,,,,,,,,,,,,,
daily_top1_selection,,,,,,,,,,,,,,,,,,,2017-03-09,513100.SH,513100.SH,纳指,纳指,False,513100.SH,513100.SH,纳指,纳指,False,,,,,,,,,,,,,,,,,,,,,,,,,,,
daily_top1_selection,,,,,,,,,,,,,,,,,,,2017-03-10,513100.SH,513100.SH,纳指,纳指,False,513100.SH,513100.SH,纳指,纳指,False,,,,,,,,,,,,,,,,,,,,,,,,,,,
daily_top1_selection,,,,,,,,,,,,,,,,,,,2017-03-13,513100.SH,513100.SH,纳指,纳指,False,513100.SH,513100.SH,纳指,纳指,False,,,,,,,,,,,,,,,,,,,,,,,,,,,
daily_top1_selection,,,,,,,,,,,,,,,,,,,2017-03-14,513100.SH,513100.SH,纳指,纳指,False,513100.SH,513100.SH,纳指,纳指,False,,,,,,,,,,,,,,,,,,,,,,,,,,,
daily_top1_selection,,,,,,,,,,,,,,,,,,,2017-03-15,513100.SH,513100.SH,纳指,纳指,False,513100.SH,513100.SH,纳指,纳指,False,,,,,,,,,,,,,,,,,,,,,,,,,,,
daily_top1_selection,,,,,,,,,,,,,,,,,,,2017-03-16,513100.SH,513100.SH,纳指,纳指,False,513100.SH,513100.SH,纳指,纳指,False,,,,,,,,,,,,,,,,,,,,,,,,,,,
daily_top1_selection,,,,,,,,,,,,,,,,,,,2017-03-17,513100.SH,513100.SH,纳指,纳指,False,513100.SH,513100.SH,纳指,纳指,False,,,,,,,,,,,,,,,,,,,,,,,,,,,
daily_top1_selection,,,,,,,,,,,,,,,,,,,2017-03-20,513100.SH,513100.SH,纳指,纳指,False,513100.SH,513100.SH,纳指,纳指,False,,,,,,,,,,,,,,,,,,,,,,,,,,,
daily_top1_selection,,,,,,,,,,,,,,,,,,,2017-03-21,513100.SH,513100.SH,纳指,纳指,False,513100.SH,513100.SH,纳指,纳指,False,,,,,,,,,,,,,,,,,,,,,,,,,,,
daily_top1_selection,,,,,,,,,,,,,,,,,,,2017-03-22,518880.SH,518880.SH,黄金,黄金,False,513100.SH,513100.SH,纳指,纳指,False,,,,,,,,,,,,,,,,,,,,,,,,,,,
daily_top1_selection,,,,,,,,,,,,,,,,,,,2017-03-23,518880.SH,518880.SH,黄金,黄金,False,518880.SH,518880.SH,黄金,黄金,False,,,,,,,,,,,,,,,,,,,,,,,,,,,
daily_top1_selection,,,,,,,,,,,,,,,,,,,2017-03-24,159915.SZ,159915.SZ,创业板,创业板,False,518880.SH,518880.SH,黄金,黄金,False,,,,,,,,,,,,,,,,,,,,,,,,,,,
daily_top1_selection,,,,,,,,,,,,,,,,,,,2017-03-27,510300.SH,510300.SH,沪深300,沪深300,False,518880.SH,518880.SH,黄金,黄金,False,,,,,,,,,,,,,,,,,,,,,,,,,,,
daily_top1_selection,,,,,,,,,,,,,,,,,,,2017-03-28,159915.SZ,159915.SZ,创业板,创业板,False,518880.SH,518880.SH,黄金,黄金,False,,,,,,,,,,,,,,,,,,,,,,,,,,,
daily_top1_selection,,,,,,,,,,,,,,,,,,,2017-03-29,513100.SH,513100.SH,纳指,纳指,False,518880.SH,518880.SH,黄金,黄金,False,,,,,,,,,,,,,,,,,,,,,,,,,,,
daily_top1_selection,,,,,,,,,,,,,,,,,,,2017-03-30,518880.SH,518880.SH,黄金,黄金,False,513100.SH,513100.SH,纳指,纳指,False,,,,,,,,,,,,,,,,,,,,,,,,,,,
daily_top1_selection,,,,,,,,,,,,,,,,,,,2017-03-31,513100.SH,513100.SH,纳指,纳指,False,513100.SH,513100.SH,纳指,纳指,False,,,,,,,,,,,,,,,,,,,,,,,,,,,
daily_top1_selection,,,,,,,,,,,,,,,,,,,2017-04-05,510300.SH,510300.SH,沪深300,沪深300,False,513100.SH,513100.SH,纳指,纳指,False,,,,,,,,,,,,,,,,,,,,,,,,,,,
daily_top1_selection,,,,,,,,,,,,,,,,,,,2017-04-06,518880.SH,518880.SH,黄金,黄金,False,513100.SH,513100.SH,纳指,纳指,False,,,,,,,,,,,,,,,,,,,,,,,,,,,
daily_top1_selection,,,,,,,,,,,,,,,,,,,2017-04-07,518880.SH,518880.SH,黄金,黄金,False,513100.SH,513100.SH,纳指,纳指,False,,,,,,,,,,,,,,,,,,,,,,,,,,,
daily_top1_selection,,,,,,,,,,,,,,,,,,,2017-04-10,518880.SH,518880.SH,黄金,黄金,False,518880.SH,518880.SH,黄金,黄金,False,,,,,,,,,,,,,,,,,,,,,,,,,,,
daily_top1_selection,,,,,,,,,,,,,,,,,,,2017-04-11,518880.SH,518880.SH,黄金,黄金,False,518880.SH,518880.SH,黄金,黄金,False,,,,,,,,,,,,,,,,,,,,,,,,,,,
daily_top1_selection,,,,,,,,,,,,,,,,,,,2017-04-12,518880.SH,518880.SH,黄金,黄金,False,518880.SH,518880.SH,黄金,黄金,False,,,,,,,,,,,,,,,,,,,,,,,,,,,
daily_top1_selection,,,,,,,,,,,,,,,,,,,2017-04-13,518880.SH,518880.SH,黄金,黄金,False,518880.SH,518880.SH,黄金,黄金,False,,,,,,,,,,,,,,,,,,,,,,,,,,,
daily_top1_selection,,,,,,,,,,,,,,,,,,,2017-04-14,518880.SH,518880.SH,黄金,黄金,False,518880.SH,518880.SH,黄金,黄金,False,,,,,,,,,,,,,,,,,,,,,,,,,,,
daily_top1_selection,,,,,,,,,,,,,,,,,,,2017-04-17,518880.SH,518880.SH,黄金,黄金,False,518880.SH,518880.SH,黄金,黄金,False,,,,,,,,,,,,,,,,,,,,,,,,,,,
daily_top1_selection,,,,,,,,,,,,,,,,,,,2017-04-18,518880.SH,518880.SH,黄金,黄金,False,518880.SH,518880.SH,黄金,黄金,False,,,,,,,,,,,,,,,,,,,,,,,,,,,
daily_top1_selection,,,,,,,,,,,,,,,,,,,2017-04-19,518880.SH,518880.SH,黄金,黄金,False,518880.SH,518880.SH,黄金,黄金,False,,,,,,,,,,,,,,,,,,,,,,,,,,,
daily_top1_selection,,,,,,,,,,,,,,,,,,,2017-04-20,518880.SH,518880.SH,黄金,黄金,False,518880.SH,518880.SH,黄金,黄金,False,,,,,,,,,,,,,,,,,,,,,,,,,,,
daily_top1_selection,,,,,,,,,,,,,,,,,,,2017-04-21,518880.SH,518880.SH,黄金,黄金,False,518880.SH,518880.SH,黄金,黄金,False,,,,,,,,,,,,,,,,,,,,,,,,,,,
daily_top1_selection,,,,,,,,,,,,,,,,,,,2017-04-24,518880.SH,518880.SH,黄金,黄金,False,518880.SH,518880.SH,黄金,黄金,False,,,,,,,,,,,,,,,,,,,,,,,,,,,
daily_top1_selection,,,,,,,,,,,,,,,,,,,2017-04-25,513100.SH,513100.SH,纳指,纳指,False,518880.SH,518880.SH,黄金,黄金,False,,,,,,,,,,,,,,,,,,,,,,,,,,,
daily_top1_selection,,,,,,,,,,,,,,,,,,,2017-04-26,513100.SH,513100.SH,纳指,纳指,False,513100.SH,513100.SH,纳指,纳指,False,,,,,,,,,,,,,,,,,,,,,,,,,,,
daily_top1_selection,,,,,,,,,,,,,,,,,,,2017-04-27,513100.SH,513100.SH,纳指,纳指,False,513100.SH,513100.SH,纳指,纳指,False,,,,,,,,,,,,,,,,,,,,,,,,,,,
daily_top1_selection,,,,,,,,,,,,,,,,,,,2017-04-28,513100.SH,513100.SH,纳指,纳指,False,513100.SH,513100.SH,纳指,纳指,False,,,,,,,,,,,,,,,,,,,,,,,,,,,
daily_top1_selection,,,,,,,,,,,,,,,,,,,2017-05-02,513100.SH,513100.SH,纳指,纳指,False,513100.SH,513100.SH,纳指,纳指,False,,,,,,,,,,,,,,,,,,,,,,,,,,,
daily_top1_selection,,,,,,,,,,,,,,,,,,,2017-05-03,513100.SH,513100.SH,纳指,纳指,False,513100.SH,513100.SH,纳指,纳指,False,,,,,,,,,,,,,,,,,,,,,,,,,,,
daily_top1_selection,,,,,,,,,,,,,,,,,,,2017-05-04,513100.SH,513100.SH,纳指,纳指,False,513100.SH,513100.SH,纳指,纳指,False,,,,,,,,,,,,,,,,,,,,,,,,,,,
daily_top1_selection,,,,,,,,,,,,,,,,,,,2017-05-05,513100.SH,513100.SH,纳指,纳指,False,513100.SH,513100.SH,纳指,纳指,False,,,,,,,,,,,,,,,,,,,,,,,,,,,
daily_top1_selection,,,,,,,,,,,,,,,,,,,2017-05-08,513100.SH,513100.SH,纳指,纳指,False,513100.SH,513100.SH,纳指,纳指,False,,,,,,,,,,,,,,,,,,,,,,,,,,,
daily_top1_selection,,,,,,,,,,,,,,,,,,,2017-05-09,513100.SH,513100.SH,纳指,纳指,False,513100.SH,513100.SH,纳指,纳指,False,,,,,,,,,,,,,,,,,,,,,,,,,,,
daily_top1_selection,,,,,,,,,,,,,,,,,,,2017-05-10,513100.SH,513100.SH,纳指,纳指,False,513100.SH,513100.SH,纳指,纳指,False,,,,,,,,,,,,,,,,,,,,,,,,,,,
daily_top1_selection,,,,,,,,,,,,,,,,,,,2017-05-11,513100.SH,513100.SH,纳指,纳指,False,513100.SH,513100.SH,纳指,纳指,False,,,,,,,,,,,,,,,,,,,,,,,,,,,
daily_top1_selection,,,,,,,,,,,,,,,,,,,2017-05-12,513100.SH,513100.SH,纳指,纳指,False,513100.SH,513100.SH,纳指,纳指,False,,,,,,,,,,,,,,,,,,,,,,,,,,,
daily_top1_selection,,,,,,,,,,,,,,,,,,,2017-05-15,513100.SH,513100.SH,纳指,纳指,False,513100.SH,513100.SH,纳指,纳指,False,,,,,,,,,,,,,,,,,,,,,,,,,,,
daily_top1_selection,,,,,,,,,,,,,,,,,,,2017-05-16,513100.SH,513100.SH,纳指,纳指,False,513100.SH,513100.SH,纳指,纳指,False,,,,,,,,,,,,,,,,,,,,,,,,,,,
daily_top1_selection,,,,,,,,,,,,,,,,,,,2017-05-17,513100.SH,513100.SH,纳指,纳指,False,513100.SH,513100.SH,纳指,纳指,False,,,,,,,,,,,,,,,,,,,,,,,,,,,
daily_top1_selection,,,,,,,,,,,,,,,,,,,2017-05-18,513100.SH,513100.SH,纳指,纳指,False,513100.SH,513100.SH,纳指,纳指,False,,,,,,,,,,,,,,,,,,,,,,,,,,,
daily_top1_selection,,,,,,,,,,,,,,,,,,,2017-05-19,513100.SH,513100.SH,纳指,纳指,False,513100.SH,513100.SH,纳指,纳指,False,,,,,,,,,,,,,,,,,,,,,,,,,,,
daily_top1_selection,,,,,,,,,,,,,,,,,,,2017-05-22,513100.SH,513100.SH,纳指,纳指,False,513100.SH,513100.SH,纳指,纳指,False,,,,,,,,,,,,,,,,,,,,,,,,,,,
daily_top1_selection,,,,,,,,,,,,,,,,,,,2017-05-23,513100.SH,513100.SH,纳指,纳指,False,513100.SH,513100.SH,纳指,纳指,False,,,,,,,,,,,,,,,,,,,,,,,,,,,
daily_top1_selection,,,,,,,,,,,,,,,,,,,2017-05-24,513100.SH,513100.SH,纳指,纳指,False,513100.SH,513100.SH,纳指,纳指,False,,,,,,,,,,,,,,,,,,,,,,,,,,,
daily_top1_selection,,,,,,,,,,,,,,,,,,,2017-05-25,513100.SH,513100.SH,纳指,纳指,False,513100.SH,513100.SH,纳指,纳指,False,,,,,,,,,,,,,,,,,,,,,,,,,,,
daily_top1_selection,,,,,,,,,,,,,,,,,,,2017-05-26,513100.SH,513100.SH,纳指,纳指,False,513100.SH,513100.SH,纳指,纳指,False,,,,,,,,,,,,,,,,,,,,,,,,,,,
daily_top1_selection,,,,,,,,,,,,,,,,,,,2017-05-31,513100.SH,513100.SH,纳指,纳指,False,513100.SH,513100.SH,纳指,纳指,False,,,,,,,,,,,,,,,,,,,,,,,,,,,
daily_top1_selection,,,,,,,,,,,,,,,,,,,2017-06-01,513100.SH,510300.SH,纳指,沪深300,True,513100.SH,513100.SH,纳指,纳指,False,,,,,,,,,,,,,,,,,,,,,,,,,,,
daily_top1_selection,,,,,,,,,,,,,,,,,,,2017-06-02,513100.SH,513100.SH,纳指,纳指,False,513100.SH,510300.SH,纳指,沪深300,True,,,,,,,,,,,,,,,,,,,,,,,,,,,
daily_top1_selection,,,,,,,,,,,,,,,,,,,2017-06-05,513100.SH,513100.SH,纳指,纳指,False,513100.SH,510300.SH,纳指,沪深300,True,,,,,,,,,,,,,,,,,,,,,,,,,,,
daily_top1_selection,,,,,,,,,,,,,,,,,,,2017-06-06,513100.SH,513100.SH,纳指,纳指,False,513100.SH,510300.SH,纳指,沪深300,True,,,,,,,,,,,,,,,,,,,,,,,,,,,
daily_top1_selection,,,,,,,,,,,,,,,,,,,2017-06-07,510300.SH,510300.SH,沪深300,沪深300,False,513100.SH,510300.SH,纳指,沪深300,True,,,,,,,,,,,,,,,,,,,,,,,,,,,
daily_top1_selection,,,,,,,,,,,,,,,,,,,2017-06-08,510300.SH,510300.SH,沪深300,沪深300,False,510300.SH,510300.SH,沪深300,沪深300,False,,,,,,,,,,,,,,,,,,,,,,,,,,,
daily_top1_selection,,,,,,,,,,,,,,,,,,,2017-06-09,510300.SH,510300.SH,沪深300,沪深300,False,510300.SH,510300.SH,沪深300,沪深300,False,,,,,,,,,,,,,,,,,,,,,,,,,,,
daily_top1_selection,,,,,,,,,,,,,,,,,,,2017-06-12,510300.SH,510300.SH,沪深300,沪深300,False,510300.SH,510300.SH,沪深300,沪深300,False,,,,,,,,,,,,,,,,,,,,,,,,,,,
daily_top1_selection,,,,,,,,,,,,,,,,,,,2017-06-13,510300.SH,510300.SH,沪深300,沪深300,False,510300.SH,510300.SH,沪深300,沪深300,False,,,,,,,,,,,,,,,,,,,,,,,,,,,
daily_top1_selection,,,,,,,,,,,,,,,,,,,2017-06-14,510300.SH,510300.SH,沪深300,沪深300,False,510300.SH,510300.SH,沪深300,沪深300,False,,,,,,,,,,,,,,,,,,,,,,,,,,,
daily_top1_selection,,,,,,,,,,,,,,,,,,,2017-06-15,510300.SH,510300.SH,沪深300,沪深300,False,510300.SH,510300.SH,沪深300,沪深300,False,,,,,,,,,,,,,,,,,,,,,,,,,,,
daily_top1_selection,,,,,,,,,,,,,,,,,,,2017-06-16,510300.SH,510300.SH,沪深300,沪深300,False,510300.SH,510300.SH,沪深300,沪深300,False,,,,,,,,,,,,,,,,,,,,,,,,,,,
daily_top1_selection,,,,,,,,,,,,,,,,,,,2017-06-19,510300.SH,510300.SH,沪深300,沪深300,False,510300.SH,510300.SH,沪深300,沪深300,False,,,,,,,,,,,,,,,,,,,,,,,,,,,
daily_top1_selection,,,,,,,,,,,,,,,,,,,2017-06-20,510300.SH,510300.SH,沪深300,沪深300,False,510300.SH,510300.SH,沪深300,沪深300,False,,,,,,,,,,,,,,,,,,,,,,,,,,,
daily_top1_selection,,,,,,,,,,,,,,,,,,,2017-06-21,510300.SH,510300.SH,沪深300,沪深300,False,510300.SH,510300.SH,沪深300,沪深300,False,,,,,,,,,,,,,,,,,,,,,,,,,,,
daily_top1_selection,,,,,,,,,,,,,,,,,,,2017-06-22,510300.SH,510300.SH,沪深300,沪深300,False,510300.SH,510300.SH,沪深300,沪深300,False,,,,,,,,,,,,,,,,,,,,,,,,,,,
daily_top1_selection,,,,,,,,,,,,,,,,,,,2017-06-23,510300.SH,510300.SH,沪深300,沪深300,False,510300.SH,510300.SH,沪深300,沪深300,False,,,,,,,,,,,,,,,,,,,,,,,,,,,
daily_top1_selection,,,,,,,,,,,,,,,,,,,2017-06-26,510300.SH,510300.SH,沪深300,沪深300,False,510300.SH,510300.SH,沪深300,沪深300,False,,,,,,,,,,,,,,,,,,,,,,,,,,,
daily_top1_selection,,,,,,,,,,,,,,,,,,,2017-06-27,510300.SH,510300.SH,沪深300,沪深300,False,510300.SH,510300.SH,沪深300,沪深300,False,,,,,,,,,,,,,,,,,,,,,,,,,,,
daily_top1_selection,,,,,,,,,,,,,,,,,,,2017-06-28,510300.SH,510300.SH,沪深300,沪深300,False,510300.SH,510300.SH,沪深300,沪深300,False,,,,,,,,,,,,,,,,,,,,,,,,,,,
daily_top1_selection,,,,,,,,,,,,,,,,,,,2017-06-29,510300.SH,510300.SH,沪深300,沪深300,False,510300.SH,510300.SH,沪深300,沪深300,False,,,,,,,,,,,,,,,,,,,,,,,,,,,
daily_top1_selection,,,,,,,,,,,,,,,,,,,2017-06-30,510300.SH,510300.SH,沪深300,沪深300,False,510300.SH,510300.SH,沪深300,沪深300,False,,,,,,,,,,,,,,,,,,,,,,,,,,,
daily_top1_selection,,,,,,,,,,,,,,,,,,,2017-07-03,510300.SH,510300.SH,沪深300,沪深300,False,510300.SH,510300.SH,沪深300,沪深300,False,,,,,,,,,,,,,,,,,,,,,,,,,,,
daily_top1_selection,,,,,,,,,,,,,,,,,,,2017-07-04,510300.SH,510300.SH,沪深300,沪深300,False,510300.SH,510300.SH,沪深300,沪深300,False,,,,,,,,,,,,,,,,,,,,,,,,,,,
daily_top1_selection,,,,,,,,,,,,,,,,,,,2017-07-05,510300.SH,510300.SH,沪深300,沪深300,False,510300.SH,510300.SH,沪深300,沪深300,False,,,,,,,,,,,,,,,,,,,,,,,,,,,
daily_top1_selection,,,,,,,,,,,,,,,,,,,2017-07-06,510300.SH,510300.SH,沪深300,沪深300,False,510300.SH,510300.SH,沪深300,沪深300,False,,,,,,,,,,,,,,,,,,,,,,,,,,,
daily_top1_selection,,,,,,,,,,,,,,,,,,,2017-07-07,510300.SH,510300.SH,沪深300,沪深300,False,510300.SH,510300.SH,沪深300,沪深300,False,,,,,,,,,,,,,,,,,,,,,,,,,,,
daily_top1_selection,,,,,,,,,,,,,,,,,,,2017-07-10,510300.SH,510300.SH,沪深300,沪深300,False,510300.SH,510300.SH,沪深300,沪深300,False,,,,,,,,,,,,,,,,,,,,,,,,,,,
daily_top1_selection,,,,,,,,,,,,,,,,,,,2017-07-11,510300.SH,510300.SH,沪深300,沪深300,False,510300.SH,510300.SH,沪深300,沪深300,False,,,,,,,,,,,,,,,,,,,,,,,,,,,
daily_top1_selection,,,,,,,,,,,,,,,,,,,2017-07-12,510300.SH,510300.SH,沪深300,沪深300,False,510300.SH,510300.SH,沪深300,沪深300,False,,,,,,,,,,,,,,,,,,,,,,,,,,,
daily_top1_selection,,,,,,,,,,,,,,,,,,,2017-07-13,510300.SH,510300.SH,沪深300,沪深300,False,510300.SH,510300.SH,沪深300,沪深300,False,,,,,,,,,,,,,,,,,,,,,,,,,,,
daily_top1_selection,,,,,,,,,,,,,,,,,,,2017-07-14,510300.SH,510300.SH,沪深300,沪深300,False,510300.SH,510300.SH,沪深300,沪深300,False,,,,,,,,,,,,,,,,,,,,,,,,,,,
daily_top1_selection,,,,,,,,,,,,,,,,,,,2017-07-17,510300.SH,510300.SH,沪深300,沪深300,False,510300.SH,510300.SH,沪深300,沪深300,False,,,,,,,,,,,,,,,,,,,,,,,,,,,
daily_top1_selection,,,,,,,,,,,,,,,,,,,2017-07-18,510300.SH,510300.SH,沪深300,沪深300,False,510300.SH,510300.SH,沪深300,沪深300,False,,,,,,,,,,,,,,,,,,,,,,,,,,,
daily_top1_selection,,,,,,,,,,,,,,,,,,,2017-07-19,510300.SH,510300.SH,沪深300,沪深300,False,510300.SH,510300.SH,沪深300,沪深300,False,,,,,,,,,,,,,,,,,,,,,,,,,,,
daily_top1_selection,,,,,,,,,,,,,,,,,,,2017-07-20,510300.SH,510300.SH,沪深300,沪深300,False,510300.SH,510300.SH,沪深300,沪深300,False,,,,,,,,,,,,,,,,,,,,,,,,,,,
daily_top1_selection,,,,,,,,,,,,,,,,,,,2017-07-21,510300.SH,510300.SH,沪深300,沪深300,False,510300.SH,510300.SH,沪深300,沪深300,False,,,,,,,,,,,,,,,,,,,,,,,,,,,
daily_top1_selection,,,,,,,,,,,,,,,,,,,2017-07-24,510300.SH,510300.SH,沪深300,沪深300,False,510300.SH,510300.SH,沪深300,沪深300,False,,,,,,,,,,,,,,,,,,,,,,,,,,,
daily_top1_selection,,,,,,,,,,,,,,,,,,,2017-07-25,510300.SH,510300.SH,沪深300,沪深300,False,510300.SH,510300.SH,沪深300,沪深300,False,,,,,,,,,,,,,,,,,,,,,,,,,,,
daily_top1_selection,,,,,,,,,,,,,,,,,,,2017-07-26,513100.SH,513100.SH,纳指,纳指,False,510300.SH,510300.SH,沪深300,沪深300,False,,,,,,,,,,,,,,,,,,,,,,,,,,,
daily_top1_selection,,,,,,,,,,,,,,,,,,,2017-07-27,513100.SH,513100.SH,纳指,纳指,False,513100.SH,513100.SH,纳指,纳指,False,,,,,,,,,,,,,,,,,,,,,,,,,,,
daily_top1_selection,,,,,,,,,,,,,,,,,,,2017-07-28,513100.SH,513100.SH,纳指,纳指,False,513100.SH,513100.SH,纳指,纳指,False,,,,,,,,,,,,,,,,,,,,,,,,,,,
daily_top1_selection,,,,,,,,,,,,,,,,,,,2017-07-31,510300.SH,510300.SH,沪深300,沪深300,False,513100.SH,513100.SH,纳指,纳指,False,,,,,,,,,,,,,,,,,,,,,,,,,,,
daily_top1_selection,,,,,,,,,,,,,,,,,,,2017-08-01,510300.SH,510300.SH,沪深300,沪深300,False,513100.SH,513100.SH,纳指,纳指,False,,,,,,,,,,,,,,,,,,,,,,,,,,,
daily_top1_selection,,,,,,,,,,,,,,,,,,,2017-08-02,513100.SH,513100.SH,纳指,纳指,False,513100.SH,513100.SH,纳指,纳指,False,,,,,,,,,,,,,,,,,,,,,,,,,,,
daily_top1_selection,,,,,,,,,,,,,,,,,,,2017-08-03,513100.SH,513100.SH,纳指,纳指,False,513100.SH,513100.SH,纳指,纳指,False,,,,,,,,,,,,,,,,,,,,,,,,,,,
daily_top1_selection,,,,,,,,,,,,,,,,,,,2017-08-04,513100.SH,513100.SH,纳指,纳指,False,513100.SH,513100.SH,纳指,纳指,False,,,,,,,,,,,,,,,,,,,,,,,,,,,
daily_top1_selection,,,,,,,,,,,,,,,,,,,2017-08-07,513100.SH,513100.SH,纳指,纳指,False,513100.SH,513100.SH,纳指,纳指,False,,,,,,,,,,,,,,,,,,,,,,,,,,,
daily_top1_selection,,,,,,,,,,,,,,,,,,,2017-08-08,513100.SH,513100.SH,纳指,纳指,False,513100.SH,513100.SH,纳指,纳指,False,,,,,,,,,,,,,,,,,,,,,,,,,,,
daily_top1_selection,,,,,,,,,,,,,,,,,,,2017-08-09,510300.SH,518880.SH,沪深300,黄金,True,513100.SH,513100.SH,纳指,纳指,False,,,,,,,,,,,,,,,,,,,,,,,,,,,
daily_top1_selection,,,,,,,,,,,,,,,,,,,2017-08-10,518880.SH,518880.SH,黄金,黄金,False,510300.SH,518880.SH,沪深300,黄金,True,,,,,,,,,,,,,,,,,,,,,,,,,,,
daily_top1_selection,,,,,,,,,,,,,,,,,,,2017-08-11,518880.SH,518880.SH,黄金,黄金,False,510300.SH,518880.SH,沪深300,黄金,True,,,,,,,,,,,,,,,,,,,,,,,,,,,
daily_top1_selection,,,,,,,,,,,,,,,,,,,2017-08-14,159915.SZ,159915.SZ,创业板,创业板,False,510300.SH,518880.SH,沪深300,黄金,True,,,,,,,,,,,,,,,,,,,,,,,,,,,
daily_top1_selection,,,,,,,,,,,,,,,,,,,2017-08-15,159915.SZ,159915.SZ,创业板,创业板,False,510300.SH,518880.SH,沪深300,黄金,True,,,,,,,,,,,,,,,,,,,,,,,,,,,
daily_top1_selection,,,,,,,,,,,,,,,,,,,2017-08-16,159915.SZ,159915.SZ,创业板,创业板,False,510300.SH,518880.SH,沪深300,黄金,True,,,,,,,,,,,,,,,,,,,,,,,,,,,
daily_top1_selection,,,,,,,,,,,,,,,,,,,2017-08-17,159915.SZ,159915.SZ,创业板,创业板,False,159915.SZ,159915.SZ,创业板,创业板,False,,,,,,,,,,,,,,,,,,,,,,,,,,,
daily_top1_selection,,,,,,,,,,,,,,,,,,,2017-08-18,159915.SZ,159915.SZ,创业板,创业板,False,159915.SZ,159915.SZ,创业板,创业板,False,,,,,,,,,,,,,,,,,,,,,,,,,,,
daily_top1_selection,,,,,,,,,,,,,,,,,,,2017-08-21,159915.SZ,159915.SZ,创业板,创业板,False,159915.SZ,159915.SZ,创业板,创业板,False,,,,,,,,,,,,,,,,,,,,,,,,,,,
daily_top1_selection,,,,,,,,,,,,,,,,,,,2017-08-22,159915.SZ,159915.SZ,创业板,创业板,False,159915.SZ,159915.SZ,创业板,创业板,False,,,,,,,,,,,,,,,,,,,,,,,,,,,
daily_top1_selection,,,,,,,,,,,,,,,,,,,2017-08-23,159915.SZ,159915.SZ,创业板,创业板,False,159915.SZ,159915.SZ,创业板,创业板,False,,,,,,,,,,,,,,,,,,,,,,,,,,,
daily_top1_selection,,,,,,,,,,,,,,,,,,,2017-08-24,159915.SZ,159915.SZ,创业板,创业板,False,159915.SZ,159915.SZ,创业板,创业板,False,,,,,,,,,,,,,,,,,,,,,,,,,,,
daily_top1_selection,,,,,,,,,,,,,,,,,,,2017-08-25,159915.SZ,159915.SZ,创业板,创业板,False,159915.SZ,159915.SZ,创业板,创业板,False,,,,,,,,,,,,,,,,,,,,,,,,,,,
daily_top1_selection,,,,,,,,,,,,,,,,,,,2017-08-28,159915.SZ,159915.SZ,创业板,创业板,False,159915.SZ,159915.SZ,创业板,创业板,False,,,,,,,,,,,,,,,,,,,,,,,,,,,
daily_top1_selection,,,,,,,,,,,,,,,,,,,2017-08-29,159915.SZ,159915.SZ,创业板,创业板,False,159915.SZ,159915.SZ,创业板,创业板,False,,,,,,,,,,,,,,,,,,,,,,,,,,,
daily_top1_selection,,,,,,,,,,,,,,,,,,,2017-08-30,159915.SZ,159915.SZ,创业板,创业板,False,159915.SZ,159915.SZ,创业板,创业板,False,,,,,,,,,,,,,,,,,,,,,,,,,,,
daily_top1_selection,,,,,,,,,,,,,,,,,,,2017-08-31,159915.SZ,159915.SZ,创业板,创业板,False,159915.SZ,159915.SZ,创业板,创业板,False,,,,,,,,,,,,,,,,,,,,,,,,,,,
daily_top1_selection,,,,,,,,,,,,,,,,,,,2017-09-01,159915.SZ,159915.SZ,创业板,创业板,False,159915.SZ,159915.SZ,创业板,创业板,False,,,,,,,,,,,,,,,,,,,,,,,,,,,
daily_top1_selection,,,,,,,,,,,,,,,,,,,2017-09-04,159915.SZ,159915.SZ,创业板,创业板,False,159915.SZ,159915.SZ,创业板,创业板,False,,,,,,,,,,,,,,,,,,,,,,,,,,,
daily_top1_selection,,,,,,,,,,,,,,,,,,,2017-09-05,159915.SZ,159915.SZ,创业板,创业板,False,159915.SZ,159915.SZ,创业板,创业板,False,,,,,,,,,,,,,,,,,,,,,,,,,,,
daily_top1_selection,,,,,,,,,,,,,,,,,,,2017-09-06,159915.SZ,159915.SZ,创业板,创业板,False,159915.SZ,159915.SZ,创业板,创业板,False,,,,,,,,,,,,,,,,,,,,,,,,,,,
daily_top1_selection,,,,,,,,,,,,,,,,,,,2017-09-07,159915.SZ,159915.SZ,创业板,创业板,False,159915.SZ,159915.SZ,创业板,创业板,False,,,,,,,,,,,,,,,,,,,,,,,,,,,
daily_top1_selection,,,,,,,,,,,,,,,,,,,2017-09-08,159915.SZ,159915.SZ,创业板,创业板,False,159915.SZ,159915.SZ,创业板,创业板,False,,,,,,,,,,,,,,,,,,,,,,,,,,,
daily_top1_selection,,,,,,,,,,,,,,,,,,,2017-09-11,159915.SZ,159915.SZ,创业板,创业板,False,159915.SZ,159915.SZ,创业板,创业板,False,,,,,,,,,,,,,,,,,,,,,,,,,,,
daily_top1_selection,,,,,,,,,,,,,,,,,,,2017-09-12,159915.SZ,510300.SH,创业板,沪深300,True,159915.SZ,159915.SZ,创业板,创业板,False,,,,,,,,,,,,,,,,,,,,,,,,,,,
daily_top1_selection,,,,,,,,,,,,,,,,,,,2017-09-13,510300.SH,510300.SH,沪深300,沪深300,False,159915.SZ,510300.SH,创业板,沪深300,True,,,,,,,,,,,,,,,,,,,,,,,,,,,
daily_top1_selection,,,,,,,,,,,,,,,,,,,2017-09-14,510300.SH,510300.SH,沪深300,沪深300,False,510300.SH,510300.SH,沪深300,沪深300,False,,,,,,,,,,,,,,,,,,,,,,,,,,,
daily_top1_selection,,,,,,,,,,,,,,,,,,,2017-09-15,510300.SH,510300.SH,沪深300,沪深300,False,510300.SH,510300.SH,沪深300,沪深300,False,,,,,,,,,,,,,,,,,,,,,,,,,,,
daily_top1_selection,,,,,,,,,,,,,,,,,,,2017-09-18,159915.SZ,510300.SH,创业板,沪深300,True,510300.SH,510300.SH,沪深300,沪深300,False,,,,,,,,,,,,,,,,,,,,,,,,,,,
daily_top1_selection,,,,,,,,,,,,,,,,,,,2017-09-19,159915.SZ,159915.SZ,创业板,创业板,False,510300.SH,510300.SH,沪深300,沪深300,False,,,,,,,,,,,,,,,,,,,,,,,,,,,
daily_top1_selection,,,,,,,,,,,,,,,,,,,2017-09-20,159915.SZ,159915.SZ,创业板,创业板,False,510300.SH,159915.SZ,沪深300,创业板,True,,,,,,,,,,,,,,,,,,,,,,,,,,,
daily_top1_selection,,,,,,,,,,,,,,,,,,,2017-09-21,159915.SZ,159915.SZ,创业板,创业板,False,159915.SZ,159915.SZ,创业板,创业板,False,,,,,,,,,,,,,,,,,,,,,,,,,,,
daily_top1_selection,,,,,,,,,,,,,,,,,,,2017-09-22,159915.SZ,159915.SZ,创业板,创业板,False,159915.SZ,159915.SZ,创业板,创业板,False,,,,,,,,,,,,,,,,,,,,,,,,,,,
daily_top1_selection,,,,,,,,,,,,,,,,,,,2017-09-25,513100.SH,513100.SH,纳指,纳指,False,159915.SZ,159915.SZ,创业板,创业板,False,,,,,,,,,,,,,,,,,,,,,,,,,,,
daily_top1_selection,,,,,,,,,,,,,,,,,,,2017-09-26,159915.SZ,513100.SH,创业板,纳指,True,159915.SZ,159915.SZ,创业板,创业板,False,,,,,,,,,,,,,,,,,,,,,,,,,,,
daily_top1_selection,,,,,,,,,,,,,,,,,,,2017-09-27,513100.SH,513100.SH,纳指,纳指,False,159915.SZ,513100.SH,创业板,纳指,True,,,,,,,,,,,,,,,,,,,,,,,,,,,
daily_top1_selection,,,,,,,,,,,,,,,,,,,2017-09-28,513100.SH,513100.SH,纳指,纳指,False,513100.SH,513100.SH,纳指,纳指,False,,,,,,,,,,,,,,,,,,,,,,,,,,,
daily_top1_selection,,,,,,,,,,,,,,,,,,,2017-09-29,510300.SH,510300.SH,沪深300,沪深300,False,513100.SH,513100.SH,纳指,纳指,False,,,,,,,,,,,,,,,,,,,,,,,,,,,
daily_top1_selection,,,,,,,,,,,,,,,,,,,2017-10-09,513100.SH,513100.SH,纳指,纳指,False,513100.SH,513100.SH,纳指,纳指,False,,,,,,,,,,,,,,,,,,,,,,,,,,,
daily_top1_selection,,,,,,,,,,,,,,,,,,,2017-10-10,513100.SH,513100.SH,纳指,纳指,False,513100.SH,513100.SH,纳指,纳指,False,,,,,,,,,,,,,,,,,,,,,,,,,,,
daily_top1_selection,,,,,,,,,,,,,,,,,,,2017-10-11,513100.SH,513100.SH,纳指,纳指,False,513100.SH,513100.SH,纳指,纳指,False,,,,,,,,,,,,,,,,,,,,,,,,,,,
daily_top1_selection,,,,,,,,,,,,,,,,,,,2017-10-12,513100.SH,513100.SH,纳指,纳指,False,513100.SH,513100.SH,纳指,纳指,False,,,,,,,,,,,,,,,,,,,,,,,,,,,
daily_top1_selection,,,,,,,,,,,,,,,,,,,2017-10-13,513100.SH,513100.SH,纳指,纳指,False,513100.SH,513100.SH,纳指,纳指,False,,,,,,,,,,,,,,,,,,,,,,,,,,,
daily_top1_selection,,,,,,,,,,,,,,,,,,,2017-10-16,513100.SH,513100.SH,纳指,纳指,False,513100.SH,513100.SH,纳指,纳指,False,,,,,,,,,,,,,,,,,,,,,,,,,,,
daily_top1_selection,,,,,,,,,,,,,,,,,,,2017-10-17,513100.SH,513100.SH,纳指,纳指,False,513100.SH,513100.SH,纳指,纳指,False,,,,,,,,,,,,,,,,,,,,,,,,,,,
daily_top1_selection,,,,,,,,,,,,,,,,,,,2017-10-18,513100.SH,513100.SH,纳指,纳指,False,513100.SH,513100.SH,纳指,纳指,False,,,,,,,,,,,,,,,,,,,,,,,,,,,
daily_top1_selection,,,,,,,,,,,,,,,,,,,2017-10-19,513100.SH,513100.SH,纳指,纳指,False,513100.SH,513100.SH,纳指,纳指,False,,,,,,,,,,,,,,,,,,,,,,,,,,,
daily_top1_selection,,,,,,,,,,,,,,,,,,,2017-10-20,513100.SH,513100.SH,纳指,纳指,False,513100.SH,513100.SH,纳指,纳指,False,,,,,,,,,,,,,,,,,,,,,,,,,,,
daily_top1_selection,,,,,,,,,,,,,,,,,,,2017-10-23,513100.SH,513100.SH,纳指,纳指,False,513100.SH,513100.SH,纳指,纳指,False,,,,,,,,,,,,,,,,,,,,,,,,,,,
daily_top1_selection,,,,,,,,,,,,,,,,,,,2017-10-24,510300.SH,510300.SH,沪深300,沪深300,False,513100.SH,513100.SH,纳指,纳指,False,,,,,,,,,,,,,,,,,,,,,,,,,,,
daily_top1_selection,,,,,,,,,,,,,,,,,,,2017-10-25,510300.SH,510300.SH,沪深300,沪深300,False,510300.SH,510300.SH,沪深300,沪深300,False,,,,,,,,,,,,,,,,,,,,,,,,,,,
daily_top1_selection,,,,,,,,,,,,,,,,,,,2017-10-26,510300.SH,510300.SH,沪深300,沪深300,False,510300.SH,510300.SH,沪深300,沪深300,False,,,,,,,,,,,,,,,,,,,,,,,,,,,
daily_top1_selection,,,,,,,,,,,,,,,,,,,2017-10-27,510300.SH,510300.SH,沪深300,沪深300,False,510300.SH,510300.SH,沪深300,沪深300,False,,,,,,,,,,,,,,,,,,,,,,,,,,,
daily_top1_selection,,,,,,,,,,,,,,,,,,,2017-10-30,513100.SH,513100.SH,纳指,纳指,False,510300.SH,510300.SH,沪深300,沪深300,False,,,,,,,,,,,,,,,,,,,,,,,,,,,
daily_top1_selection,,,,,,,,,,,,,,,,,,,2017-10-31,513100.SH,513100.SH,纳指,纳指,False,510300.SH,510300.SH,沪深300,沪深300,False,,,,,,,,,,,,,,,,,,,,,,,,,,,
daily_top1_selection,,,,,,,,,,,,,,,,,,,2017-11-01,513100.SH,513100.SH,纳指,纳指,False,513100.SH,513100.SH,纳指,纳指,False,,,,,,,,,,,,,,,,,,,,,,,,,,,
daily_top1_selection,,,,,,,,,,,,,,,,,,,2017-11-02,513100.SH,513100.SH,纳指,纳指,False,513100.SH,513100.SH,纳指,纳指,False,,,,,,,,,,,,,,,,,,,,,,,,,,,
daily_top1_selection,,,,,,,,,,,,,,,,,,,2017-11-03,513100.SH,513100.SH,纳指,纳指,False,513100.SH,513100.SH,纳指,纳指,False,,,,,,,,,,,,,,,,,,,,,,,,,,,
daily_top1_selection,,,,,,,,,,,,,,,,,,,2017-11-06,513100.SH,513100.SH,纳指,纳指,False,513100.SH,513100.SH,纳指,纳指,False,,,,,,,,,,,,,,,,,,,,,,,,,,,
daily_top1_selection,,,,,,,,,,,,,,,,,,,2017-11-07,513100.SH,513100.SH,纳指,纳指,False,513100.SH,513100.SH,纳指,纳指,False,,,,,,,,,,,,,,,,,,,,,,,,,,,
daily_top1_selection,,,,,,,,,,,,,,,,,,,2017-11-08,513100.SH,513100.SH,纳指,纳指,False,513100.SH,513100.SH,纳指,纳指,False,,,,,,,,,,,,,,,,,,,,,,,,,,,
daily_top1_selection,,,,,,,,,,,,,,,,,,,2017-11-09,513100.SH,513100.SH,纳指,纳指,False,513100.SH,513100.SH,纳指,纳指,False,,,,,,,,,,,,,,,,,,,,,,,,,,,
daily_top1_selection,,,,,,,,,,,,,,,,,,,2017-11-10,510300.SH,513100.SH,沪深300,纳指,True,513100.SH,513100.SH,纳指,纳指,False,,,,,,,,,,,,,,,,,,,,,,,,,,,
daily_top1_selection,,,,,,,,,,,,,,,,,,,2017-11-13,510300.SH,510300.SH,沪深300,沪深300,False,510300.SH,513100.SH,沪深300,纳指,True,,,,,,,,,,,,,,,,,,,,,,,,,,,
daily_top1_selection,,,,,,,,,,,,,,,,,,,2017-11-14,510300.SH,510300.SH,沪深300,沪深300,False,510300.SH,510300.SH,沪深300,沪深300,False,,,,,,,,,,,,,,,,,,,,,,,,,,,
daily_top1_selection,,,,,,,,,,,,,,,,,,,2017-11-15,510300.SH,513100.SH,沪深300,纳指,True,510300.SH,510300.SH,沪深300,沪深300,False,,,,,,,,,,,,,,,,,,,,,,,,,,,
daily_top1_selection,,,,,,,,,,,,,,,,,,,2017-11-16,510300.SH,510300.SH,沪深300,沪深300,False,510300.SH,510300.SH,沪深300,沪深300,False,,,,,,,,,,,,,,,,,,,,,,,,,,,
daily_top1_selection,,,,,,,,,,,,,,,,,,,2017-11-17,510300.SH,510300.SH,沪深300,沪深300,False,510300.SH,510300.SH,沪深300,沪深300,False,,,,,,,,,,,,,,,,,,,,,,,,,,,
daily_top1_selection,,,,,,,,,,,,,,,,,,,2017-11-20,510300.SH,510300.SH,沪深300,沪深300,False,510300.SH,510300.SH,沪深300,沪深300,False,,,,,,,,,,,,,,,,,,,,,,,,,,,
daily_top1_selection,,,,,,,,,,,,,,,,,,,2017-11-21,510300.SH,510300.SH,沪深300,沪深300,False,510300.SH,510300.SH,沪深300,沪深300,False,,,,,,,,,,,,,,,,,,,,,,,,,,,
daily_top1_selection,,,,,,,,,,,,,,,,,,,2017-11-22,510300.SH,510300.SH,沪深300,沪深300,False,510300.SH,510300.SH,沪深300,沪深300,False,,,,,,,,,,,,,,,,,,,,,,,,,,,
daily_top1_selection,,,,,,,,,,,,,,,,,,,2017-11-23,513100.SH,513100.SH,纳指,纳指,False,510300.SH,510300.SH,沪深300,沪深300,False,,,,,,,,,,,,,,,,,,,,,,,,,,,
daily_top1_selection,,,,,,,,,,,,,,,,,,,2017-11-24,513100.SH,513100.SH,纳指,纳指,False,513100.SH,513100.SH,纳指,纳指,False,,,,,,,,,,,,,,,,,,,,,,,,,,,
daily_top1_selection,,,,,,,,,,,,,,,,,,,2017-11-27,513100.SH,513100.SH,纳指,纳指,False,513100.SH,513100.SH,纳指,纳指,False,,,,,,,,,,,,,,,,,,,,,,,,,,,
daily_top1_selection,,,,,,,,,,,,,,,,,,,2017-11-28,513100.SH,513100.SH,纳指,纳指,False,513100.SH,513100.SH,纳指,纳指,False,,,,,,,,,,,,,,,,,,,,,,,,,,,
daily_top1_selection,,,,,,,,,,,,,,,,,,,2017-11-29,513100.SH,513100.SH,纳指,纳指,False,513100.SH,513100.SH,纳指,纳指,False,,,,,,,,,,,,,,,,,,,,,,,,,,,
daily_top1_selection,,,,,,,,,,,,,,,,,,,2017-11-30,513100.SH,513100.SH,纳指,纳指,False,513100.SH,513100.SH,纳指,纳指,False,,,,,,,,,,,,,,,,,,,,,,,,,,,
daily_top1_selection,,,,,,,,,,,,,,,,,,,2017-12-01,513100.SH,513100.SH,纳指,纳指,False,513100.SH,513100.SH,纳指,纳指,False,,,,,,,,,,,,,,,,,,,,,,,,,,,
daily_top1_selection,,,,,,,,,,,,,,,,,,,2017-12-04,513100.SH,513100.SH,纳指,纳指,False,513100.SH,513100.SH,纳指,纳指,False,,,,,,,,,,,,,,,,,,,,,,,,,,,
daily_top1_selection,,,,,,,,,,,,,,,,,,,2017-12-05,513100.SH,513100.SH,纳指,纳指,False,513100.SH,513100.SH,纳指,纳指,False,,,,,,,,,,,,,,,,,,,,,,,,,,,
daily_top1_selection,,,,,,,,,,,,,,,,,,,2017-12-06,513100.SH,513100.SH,纳指,纳指,False,513100.SH,513100.SH,纳指,纳指,False,,,,,,,,,,,,,,,,,,,,,,,,,,,
daily_top1_selection,,,,,,,,,,,,,,,,,,,2017-12-07,513100.SH,513100.SH,纳指,纳指,False,513100.SH,513100.SH,纳指,纳指,False,,,,,,,,,,,,,,,,,,,,,,,,,,,
daily_top1_selection,,,,,,,,,,,,,,,,,,,2017-12-08,513100.SH,513100.SH,纳指,纳指,False,513100.SH,513100.SH,纳指,纳指,False,,,,,,,,,,,,,,,,,,,,,,,,,,,
daily_top1_selection,,,,,,,,,,,,,,,,,,,2017-12-11,513100.SH,513100.SH,纳指,纳指,False,513100.SH,513100.SH,纳指,纳指,False,,,,,,,,,,,,,,,,,,,,,,,,,,,
daily_top1_selection,,,,,,,,,,,,,,,,,,,2017-12-12,513100.SH,513100.SH,纳指,纳指,False,513100.SH,513100.SH,纳指,纳指,False,,,,,,,,,,,,,,,,,,,,,,,,,,,
daily_top1_selection,,,,,,,,,,,,,,,,,,,2017-12-13,513100.SH,513100.SH,纳指,纳指,False,513100.SH,513100.SH,纳指,纳指,False,,,,,,,,,,,,,,,,,,,,,,,,,,,
daily_top1_selection,,,,,,,,,,,,,,,,,,,2017-12-14,513100.SH,513100.SH,纳指,纳指,False,513100.SH,513100.SH,纳指,纳指,False,,,,,,,,,,,,,,,,,,,,,,,,,,,
daily_top1_selection,,,,,,,,,,,,,,,,,,,2017-12-15,513100.SH,513100.SH,纳指,纳指,False,513100.SH,513100.SH,纳指,纳指,False,,,,,,,,,,,,,,,,,,,,,,,,,,,
daily_top1_selection,,,,,,,,,,,,,,,,,,,2017-12-18,513100.SH,513100.SH,纳指,纳指,False,513100.SH,513100.SH,纳指,纳指,False,,,,,,,,,,,,,,,,,,,,,,,,,,,
daily_top1_selection,,,,,,,,,,,,,,,,,,,2017-12-19,513100.SH,513100.SH,纳指,纳指,False,513100.SH,513100.SH,纳指,纳指,False,,,,,,,,,,,,,,,,,,,,,,,,,,,
daily_top1_selection,,,,,,,,,,,,,,,,,,,2017-12-20,513100.SH,513100.SH,纳指,纳指,False,513100.SH,513100.SH,纳指,纳指,False,,,,,,,,,,,,,,,,,,,,,,,,,,,
daily_top1_selection,,,,,,,,,,,,,,,,,,,2017-12-21,513100.SH,513100.SH,纳指,纳指,False,513100.SH,513100.SH,纳指,纳指,False,,,,,,,,,,,,,,,,,,,,,,,,,,,
daily_top1_selection,,,,,,,,,,,,,,,,,,,2017-12-22,513100.SH,513100.SH,纳指,纳指,False,513100.SH,513100.SH,纳指,纳指,False,,,,,,,,,,,,,,,,,,,,,,,,,,,
daily_top1_selection,,,,,,,,,,,,,,,,,,,2017-12-25,513100.SH,513100.SH,纳指,纳指,False,513100.SH,513100.SH,纳指,纳指,False,,,,,,,,,,,,,,,,,,,,,,,,,,,
daily_top1_selection,,,,,,,,,,,,,,,,,,,2017-12-26,513100.SH,513100.SH,纳指,纳指,False,513100.SH,513100.SH,纳指,纳指,False,,,,,,,,,,,,,,,,,,,,,,,,,,,
daily_top1_selection,,,,,,,,,,,,,,,,,,,2017-12-27,513100.SH,513100.SH,纳指,纳指,False,513100.SH,513100.SH,纳指,纳指,False,,,,,,,,,,,,,,,,,,,,,,,,,,,
daily_top1_selection,,,,,,,,,,,,,,,,,,,2017-12-28,513100.SH,513100.SH,纳指,纳指,False,513100.SH,513100.SH,纳指,纳指,False,,,,,,,,,,,,,,,,,,,,,,,,,,,
daily_top1_selection,,,,,,,,,,,,,,,,,,,2017-12-29,510300.SH,510300.SH,沪深300,沪深300,False,513100.SH,513100.SH,纳指,纳指,False,,,,,,,,,,,,,,,,,,,,,,,,,,,
daily_top1_selection,,,,,,,,,,,,,,,,,,,2018-01-02,510300.SH,510300.SH,沪深300,沪深300,False,510300.SH,510300.SH,沪深300,沪深300,False,,,,,,,,,,,,,,,,,,,,,,,,,,,
daily_top1_selection,,,,,,,,,,,,,,,,,,,2018-01-03,159915.SZ,159915.SZ,创业板,创业板,False,510300.SH,510300.SH,沪深300,沪深300,False,,,,,,,,,,,,,,,,,,,,,,,,,,,
daily_top1_selection,,,,,,,,,,,,,,,,,,,2018-01-04,513100.SH,513100.SH,纳指,纳指,False,510300.SH,510300.SH,沪深300,沪深300,False,,,,,,,,,,,,,,,,,,,,,,,,,,,
daily_top1_selection,,,,,,,,,,,,,,,,,,,2018-01-05,510300.SH,510300.SH,沪深300,沪深300,False,510300.SH,510300.SH,沪深300,沪深300,False,,,,,,,,,,,,,,,,,,,,,,,,,,,
daily_top1_selection,,,,,,,,,,,,,,,,,,,2018-01-08,510300.SH,518880.SH,沪深300,黄金,True,510300.SH,510300.SH,沪深300,沪深300,False,,,,,,,,,,,,,,,,,,,,,,,,,,,
daily_top1_selection,,,,,,,,,,,,,,,,,,,2018-01-09,518880.SH,518880.SH,黄金,黄金,False,510300.SH,518880.SH,沪深300,黄金,True,,,,,,,,,,,,,,,,,,,,,,,,,,,
daily_top1_selection,,,,,,,,,,,,,,,,,,,2018-01-10,510300.SH,510300.SH,沪深300,沪深300,False,518880.SH,518880.SH,黄金,黄金,False,,,,,,,,,,,,,,,,,,,,,,,,,,,
daily_top1_selection,,,,,,,,,,,,,,,,,,,2018-01-11,510300.SH,518880.SH,沪深300,黄金,True,518880.SH,518880.SH,黄金,黄金,False,,,,,,,,,,,,,,,,,,,,,,,,,,,
daily_top1_selection,,,,,,,,,,,,,,,,,,,2018-01-12,510300.SH,518880.SH,沪深300,黄金,True,518880.SH,518880.SH,黄金,黄金,False,,,,,,,,,,,,,,,,,,,,,,,,,,,
daily_top1_selection,,,,,,,,,,,,,,,,,,,2018-01-15,510300.SH,510300.SH,沪深300,沪深300,False,518880.SH,518880.SH,黄金,黄金,False,,,,,,,,,,,,,,,,,,,,,,,,,,,
daily_top1_selection,,,,,,,,,,,,,,,,,,,2018-01-16,510300.SH,510300.SH,沪深300,沪深300,False,518880.SH,510300.SH,黄金,沪深300,True,,,,,,,,,,,,,,,,,,,,,,,,,,,
daily_top1_selection,,,,,,,,,,,,,,,,,,,2018-01-17,510300.SH,510300.SH,沪深300,沪深300,False,510300.SH,510300.SH,沪深300,沪深300,False,,,,,,,,,,,,,,,,,,,,,,,,,,,
daily_top1_selection,,,,,,,,,,,,,,,,,,,2018-01-18,510300.SH,510300.SH,沪深300,沪深300,False,510300.SH,510300.SH,沪深300,沪深300,False,,,,,,,,,,,,,,,,,,,,,,,,,,,
daily_top1_selection,,,,,,,,,,,,,,,,,,,2018-01-19,510300.SH,510300.SH,沪深300,沪深300,False,510300.SH,510300.SH,沪深300,沪深300,False,,,,,,,,,,,,,,,,,,,,,,,,,,,
daily_top1_selection,,,,,,,,,,,,,,,,,,,2018-01-22,510300.SH,510300.SH,沪深300,沪深300,False,510300.SH,510300.SH,沪深300,沪深300,False,,,,,,,,,,,,,,,,,,,,,,,,,,,
daily_top1_selection,,,,,,,,,,,,,,,,,,,2018-01-23,510300.SH,510300.SH,沪深300,沪深300,False,510300.SH,510300.SH,沪深300,沪深300,False,,,,,,,,,,,,,,,,,,,,,,,,,,,
daily_top1_selection,,,,,,,,,,,,,,,,,,,2018-01-24,510300.SH,510300.SH,沪深300,沪深300,False,510300.SH,510300.SH,沪深300,沪深300,False,,,,,,,,,,,,,,,,,,,,,,,,,,,
daily_top1_selection,,,,,,,,,,,,,,,,,,,2018-01-25,510300.SH,510300.SH,沪深300,沪深300,False,510300.SH,510300.SH,沪深300,沪深300,False,,,,,,,,,,,,,,,,,,,,,,,,,,,
daily_top1_selection,,,,,,,,,,,,,,,,,,,2018-01-26,510300.SH,510300.SH,沪深300,沪深300,False,510300.SH,510300.SH,沪深300,沪深300,False,,,,,,,,,,,,,,,,,,,,,,,,,,,
daily_top1_selection,,,,,,,,,,,,,,,,,,,2018-01-29,510300.SH,510300.SH,沪深300,沪深300,False,510300.SH,510300.SH,沪深300,沪深300,False,,,,,,,,,,,,,,,,,,,,,,,,,,,
daily_top1_selection,,,,,,,,,,,,,,,,,,,2018-01-30,513100.SH,513100.SH,纳指,纳指,False,510300.SH,510300.SH,沪深300,沪深300,False,,,,,,,,,,,,,,,,,,,,,,,,,,,
daily_top1_selection,,,,,,,,,,,,,,,,,,,2018-01-31,510300.SH,510300.SH,沪深300,沪深300,False,513100.SH,513100.SH,纳指,纳指,False,,,,,,,,,,,,,,,,,,,,,,,,,,,
daily_top1_selection,,,,,,,,,,,,,,,,,,,2018-02-01,510300.SH,510300.SH,沪深300,沪深300,False,513100.SH,513100.SH,纳指,纳指,False,,,,,,,,,,,,,,,,,,,,,,,,,,,
daily_top1_selection,,,,,,,,,,,,,,,,,,,2018-02-02,510300.SH,510300.SH,沪深300,沪深300,False,513100.SH,513100.SH,纳指,纳指,False,,,,,,,,,,,,,,,,,,,,,,,,,,,
daily_top1_selection,,,,,,,,,,,,,,,,,,,2018-02-05,510300.SH,510300.SH,沪深300,沪深300,False,513100.SH,513100.SH,纳指,纳指,False,,,,,,,,,,,,,,,,,,,,,,,,,,,
daily_top1_selection,,,,,,,,,,,,,,,,,,,2018-02-06,518880.SH,518880.SH,黄金,黄金,False,513100.SH,513100.SH,纳指,纳指,False,,,,,,,,,,,,,,,,,,,,,,,,,,,
daily_top1_selection,,,,,,,,,,,,,,,,,,,2018-02-07,518880.SH,518880.SH,黄金,黄金,False,518880.SH,518880.SH,黄金,黄金,False,,,,,,,,,,,,,,,,,,,,,,,,,,,
daily_top1_selection,,,,,,,,,,,,,,,,,,,2018-02-08,518880.SH,518880.SH,黄金,黄金,False,518880.SH,518880.SH,黄金,黄金,False,,,,,,,,,,,,,,,,,,,,,,,,,,,
daily_top1_selection,,,,,,,,,,,,,,,,,,,2018-02-09,518880.SH,518880.SH,黄金,黄金,False,518880.SH,518880.SH,黄金,黄金,False,,,,,,,,,,,,,,,,,,,,,,,,,,,
daily_top1_selection,,,,,,,,,,,,,,,,,,,2018-02-12,518880.SH,159915.SZ,黄金,创业板,True,518880.SH,518880.SH,黄金,黄金,False,,,,,,,,,,,,,,,,,,,,,,,,,,,
daily_top1_selection,,,,,,,,,,,,,,,,,,,2018-02-13,518880.SH,159915.SZ,黄金,创业板,True,518880.SH,518880.SH,黄金,黄金,False,,,,,,,,,,,,,,,,,,,,,,,,,,,
daily_top1_selection,,,,,,,,,,,,,,,,,,,2018-02-14,518880.SH,518880.SH,黄金,黄金,False,518880.SH,159915.SZ,黄金,创业板,True,,,,,,,,,,,,,,,,,,,,,,,,,,,
daily_top1_selection,,,,,,,,,,,,,,,,,,,2018-02-22,518880.SH,159915.SZ,黄金,创业板,True,518880.SH,159915.SZ,黄金,创业板,True,,,,,,,,,,,,,,,,,,,,,,,,,,,
daily_top1_selection,,,,,,,,,,,,,,,,,,,2018-02-23,518880.SH,518880.SH,黄金,黄金,False,518880.SH,159915.SZ,黄金,创业板,True,,,,,,,,,,,,,,,,,,,,,,,,,,,
daily_top1_selection,,,,,,,,,,,,,,,,,,,2018-02-26,513100.SH,513100.SH,纳指,纳指,False,518880.SH,159915.SZ,黄金,创业板,True,,,,,,,,,,,,,,,,,,,,,,,,,,,
daily_top1_selection,,,,,,,,,,,,,,,,,,,2018-02-27,513100.SH,513100.SH,纳指,纳指,False,513100.SH,159915.SZ,纳指,创业板,True,,,,,,,,,,,,,,,,,,,,,,,,,,,
daily_top1_selection,,,,,,,,,,,,,,,,,,,2018-02-28,513100.SH,513100.SH,纳指,纳指,False,513100.SH,513100.SH,纳指,纳指,False,,,,,,,,,,,,,,,,,,,,,,,,,,,
daily_top1_selection,,,,,,,,,,,,,,,,,,,2018-03-01,159915.SZ,159915.SZ,创业板,创业板,False,513100.SH,513100.SH,纳指,纳指,False,,,,,,,,,,,,,,,,,,,,,,,,,,,
daily_top1_selection,,,,,,,,,,,,,,,,,,,2018-03-02,518880.SH,513100.SH,黄金,纳指,True,513100.SH,513100.SH,纳指,纳指,False,,,,,,,,,,,,,,,,,,,,,,,,,,,
daily_top1_selection,,,,,,,,,,,,,,,,,,,2018-03-05,159915.SZ,159915.SZ,创业板,创业板,False,513100.SH,513100.SH,纳指,纳指,False,,,,,,,,,,,,,,,,,,,,,,,,,,,
daily_top1_selection,,,,,,,,,,,,,,,,,,,2018-03-06,159915.SZ,159915.SZ,创业板,创业板,False,159915.SZ,513100.SH,创业板,纳指,True,,,,,,,,,,,,,,,,,,,,,,,,,,,
daily_top1_selection,,,,,,,,,,,,,,,,,,,2018-03-07,159915.SZ,159915.SZ,创业板,创业板,False,159915.SZ,159915.SZ,创业板,创业板,False,,,,,,,,,,,,,,,,,,,,,,,,,,,
daily_top1_selection,,,,,,,,,,,,,,,,,,,2018-03-08,159915.SZ,159915.SZ,创业板,创业板,False,159915.SZ,159915.SZ,创业板,创业板,False,,,,,,,,,,,,,,,,,,,,,,,,,,,
daily_top1_selection,,,,,,,,,,,,,,,,,,,2018-03-09,159915.SZ,159915.SZ,创业板,创业板,False,159915.SZ,159915.SZ,创业板,创业板,False,,,,,,,,,,,,,,,,,,,,,,,,,,,
daily_top1_selection,,,,,,,,,,,,,,,,,,,2018-03-12,159915.SZ,159915.SZ,创业板,创业板,False,159915.SZ,159915.SZ,创业板,创业板,False,,,,,,,,,,,,,,,,,,,,,,,,,,,
daily_top1_selection,,,,,,,,,,,,,,,,,,,2018-03-13,159915.SZ,159915.SZ,创业板,创业板,False,159915.SZ,159915.SZ,创业板,创业板,False,,,,,,,,,,,,,,,,,,,,,,,,,,,
daily_top1_selection,,,,,,,,,,,,,,,,,,,2018-03-14,159915.SZ,159915.SZ,创业板,创业板,False,159915.SZ,159915.SZ,创业板,创业板,False,,,,,,,,,,,,,,,,,,,,,,,,,,,
daily_top1_selection,,,,,,,,,,,,,,,,,,,2018-03-15,159915.SZ,159915.SZ,创业板,创业板,False,159915.SZ,159915.SZ,创业板,创业板,False,,,,,,,,,,,,,,,,,,,,,,,,,,,
daily_top1_selection,,,,,,,,,,,,,,,,,,,2018-03-16,159915.SZ,159915.SZ,创业板,创业板,False,159915.SZ,159915.SZ,创业板,创业板,False,,,,,,,,,,,,,,,,,,,,,,,,,,,
daily_top1_selection,,,,,,,,,,,,,,,,,,,2018-03-19,159915.SZ,159915.SZ,创业板,创业板,False,159915.SZ,159915.SZ,创业板,创业板,False,,,,,,,,,,,,,,,,,,,,,,,,,,,
daily_top1_selection,,,,,,,,,,,,,,,,,,,2018-03-20,159915.SZ,159915.SZ,创业板,创业板,False,159915.SZ,159915.SZ,创业板,创业板,False,,,,,,,,,,,,,,,,,,,,,,,,,,,
daily_top1_selection,,,,,,,,,,,,,,,,,,,2018-03-21,159915.SZ,159915.SZ,创业板,创业板,False,159915.SZ,159915.SZ,创业板,创业板,False,,,,,,,,,,,,,,,,,,,,,,,,,,,
daily_top1_selection,,,,,,,,,,,,,,,,,,,2018-03-22,159915.SZ,159915.SZ,创业板,创业板,False,159915.SZ,159915.SZ,创业板,创业板,False,,,,,,,,,,,,,,,,,,,,,,,,,,,
daily_top1_selection,,,,,,,,,,,,,,,,,,,2018-03-23,159915.SZ,159915.SZ,创业板,创业板,False,159915.SZ,159915.SZ,创业板,创业板,False,,,,,,,,,,,,,,,,,,,,,,,,,,,
daily_top1_selection,,,,,,,,,,,,,,,,,,,2018-03-26,159915.SZ,159915.SZ,创业板,创业板,False,159915.SZ,159915.SZ,创业板,创业板,False,,,,,,,,,,,,,,,,,,,,,,,,,,,
daily_top1_selection,,,,,,,,,,,,,,,,,,,2018-03-27,159915.SZ,159915.SZ,创业板,创业板,False,159915.SZ,159915.SZ,创业板,创业板,False,,,,,,,,,,,,,,,,,,,,,,,,,,,
daily_top1_selection,,,,,,,,,,,,,,,,,,,2018-03-28,159915.SZ,159915.SZ,创业板,创业板,False,159915.SZ,159915.SZ,创业板,创业板,False,,,,,,,,,,,,,,,,,,,,,,,,,,,
daily_top1_selection,,,,,,,,,,,,,,,,,,,2018-03-29,159915.SZ,159915.SZ,创业板,创业板,False,159915.SZ,159915.SZ,创业板,创业板,False,,,,,,,,,,,,,,,,,,,,,,,,,,,
daily_top1_selection,,,,,,,,,,,,,,,,,,,2018-03-30,159915.SZ,159915.SZ,创业板,创业板,False,159915.SZ,159915.SZ,创业板,创业板,False,,,,,,,,,,,,,,,,,,,,,,,,,,,
daily_top1_selection,,,,,,,,,,,,,,,,,,,2018-04-02,159915.SZ,159915.SZ,创业板,创业板,False,159915.SZ,159915.SZ,创业板,创业板,False,,,,,,,,,,,,,,,,,,,,,,,,,,,
daily_top1_selection,,,,,,,,,,,,,,,,,,,2018-04-03,159915.SZ,159915.SZ,创业板,创业板,False,159915.SZ,159915.SZ,创业板,创业板,False,,,,,,,,,,,,,,,,,,,,,,,,,,,
daily_top1_selection,,,,,,,,,,,,,,,,,,,2018-04-04,159915.SZ,159915.SZ,创业板,创业板,False,159915.SZ,159915.SZ,创业板,创业板,False,,,,,,,,,,,,,,,,,,,,,,,,,,,
daily_top1_selection,,,,,,,,,,,,,,,,,,,2018-04-09,159915.SZ,159915.SZ,创业板,创业板,False,159915.SZ,159915.SZ,创业板,创业板,False,,,,,,,,,,,,,,,,,,,,,,,,,,,
daily_top1_selection,,,,,,,,,,,,,,,,,,,2018-04-10,518880.SH,518880.SH,黄金,黄金,False,159915.SZ,159915.SZ,创业板,创业板,False,,,,,,,,,,,,,,,,,,,,,,,,,,,
daily_top1_selection,,,,,,,,,,,,,,,,,,,2018-04-11,518880.SH,518880.SH,黄金,黄金,False,518880.SH,518880.SH,黄金,黄金,False,,,,,,,,,,,,,,,,,,,,,,,,,,,
daily_top1_selection,,,,,,,,,,,,,,,,,,,2018-04-12,518880.SH,518880.SH,黄金,黄金,False,518880.SH,518880.SH,黄金,黄金,False,,,,,,,,,,,,,,,,,,,,,,,,,,,
daily_top1_selection,,,,,,,,,,,,,,,,,,,2018-04-13,518880.SH,518880.SH,黄金,黄金,False,518880.SH,518880.SH,黄金,黄金,False,,,,,,,,,,,,,,,,,,,,,,,,,,,
daily_top1_selection,,,,,,,,,,,,,,,,,,,2018-04-16,518880.SH,518880.SH,黄金,黄金,False,518880.SH,518880.SH,黄金,黄金,False,,,,,,,,,,,,,,,,,,,,,,,,,,,
daily_top1_selection,,,,,,,,,,,,,,,,,,,2018-04-17,518880.SH,518880.SH,黄金,黄金,False,518880.SH,518880.SH,黄金,黄金,False,,,,,,,,,,,,,,,,,,,,,,,,,,,
daily_top1_selection,,,,,,,,,,,,,,,,,,,2018-04-18,518880.SH,518880.SH,黄金,黄金,False,518880.SH,518880.SH,黄金,黄金,False,,,,,,,,,,,,,,,,,,,,,,,,,,,
daily_top1_selection,,,,,,,,,,,,,,,,,,,2018-04-19,518880.SH,518880.SH,黄金,黄金,False,518880.SH,518880.SH,黄金,黄金,False,,,,,,,,,,,,,,,,,,,,,,,,,,,
daily_top1_selection,,,,,,,,,,,,,,,,,,,2018-04-20,518880.SH,518880.SH,黄金,黄金,False,518880.SH,518880.SH,黄金,黄金,False,,,,,,,,,,,,,,,,,,,,,,,,,,,
daily_top1_selection,,,,,,,,,,,,,,,,,,,2018-04-23,518880.SH,518880.SH,黄金,黄金,False,518880.SH,518880.SH,黄金,黄金,False,,,,,,,,,,,,,,,,,,,,,,,,,,,
daily_top1_selection,,,,,,,,,,,,,,,,,,,2018-04-24,159915.SZ,159915.SZ,创业板,创业板,False,518880.SH,518880.SH,黄金,黄金,False,,,,,,,,,,,,,,,,,,,,,,,,,,,
daily_top1_selection,,,,,,,,,,,,,,,,,,,2018-04-25,159915.SZ,159915.SZ,创业板,创业板,False,159915.SZ,159915.SZ,创业板,创业板,False,,,,,,,,,,,,,,,,,,,,,,,,,,,
daily_top1_selection,,,,,,,,,,,,,,,,,,,2018-04-26,518880.SH,518880.SH,黄金,黄金,False,159915.SZ,159915.SZ,创业板,创业板,False,,,,,,,,,,,,,,,,,,,,,,,,,,,
daily_top1_selection,,,,,,,,,,,,,,,,,,,2018-04-27,513100.SH,513100.SH,纳指,纳指,False,159915.SZ,159915.SZ,创业板,创业板,False,,,,,,,,,,,,,,,,,,,,,,,,,,,
daily_top1_selection,,,,,,,,,,,,,,,,,,,2018-05-02,513100.SH,513100.SH,纳指,纳指,False,159915.SZ,159915.SZ,创业板,创业板,False,,,,,,,,,,,,,,,,,,,,,,,,,,,
daily_top1_selection,,,,,,,,,,,,,,,,,,,2018-05-03,513100.SH,513100.SH,纳指,纳指,False,159915.SZ,159915.SZ,创业板,创业板,False,,,,,,,,,,,,,,,,,,,,,,,,,,,
daily_top1_selection,,,,,,,,,,,,,,,,,,,2018-05-04,513100.SH,513100.SH,纳指,纳指,False,513100.SH,513100.SH,纳指,纳指,False,,,,,,,,,,,,,,,,,,,,,,,,,,,
daily_top1_selection,,,,,,,,,,,,,,,,,,,2018-05-07,513100.SH,513100.SH,纳指,纳指,False,513100.SH,513100.SH,纳指,纳指,False,,,,,,,,,,,,,,,,,,,,,,,,,,,
daily_top1_selection,,,,,,,,,,,,,,,,,,,2018-05-08,513100.SH,513100.SH,纳指,纳指,False,513100.SH,513100.SH,纳指,纳指,False,,,,,,,,,,,,,,,,,,,,,,,,,,,
daily_top1_selection,,,,,,,,,,,,,,,,,,,2018-05-09,513100.SH,513100.SH,纳指,纳指,False,513100.SH,513100.SH,纳指,纳指,False,,,,,,,,,,,,,,,,,,,,,,,,,,,
daily_top1_selection,,,,,,,,,,,,,,,,,,,2018-05-10,513100.SH,513100.SH,纳指,纳指,False,513100.SH,513100.SH,纳指,纳指,False,,,,,,,,,,,,,,,,,,,,,,,,,,,
daily_top1_selection,,,,,,,,,,,,,,,,,,,2018-05-11,513100.SH,513100.SH,纳指,纳指,False,513100.SH,513100.SH,纳指,纳指,False,,,,,,,,,,,,,,,,,,,,,,,,,,,
daily_top1_selection,,,,,,,,,,,,,,,,,,,2018-05-14,513100.SH,513100.SH,纳指,纳指,False,513100.SH,513100.SH,纳指,纳指,False,,,,,,,,,,,,,,,,,,,,,,,,,,,
daily_top1_selection,,,,,,,,,,,,,,,,,,,2018-05-15,513100.SH,513100.SH,纳指,纳指,False,513100.SH,513100.SH,纳指,纳指,False,,,,,,,,,,,,,,,,,,,,,,,,,,,
daily_top1_selection,,,,,,,,,,,,,,,,,,,2018-05-16,513100.SH,513100.SH,纳指,纳指,False,513100.SH,513100.SH,纳指,纳指,False,,,,,,,,,,,,,,,,,,,,,,,,,,,
daily_top1_selection,,,,,,,,,,,,,,,,,,,2018-05-17,513100.SH,513100.SH,纳指,纳指,False,513100.SH,513100.SH,纳指,纳指,False,,,,,,,,,,,,,,,,,,,,,,,,,,,
daily_top1_selection,,,,,,,,,,,,,,,,,,,2018-05-18,510300.SH,510300.SH,沪深300,沪深300,False,513100.SH,513100.SH,纳指,纳指,False,,,,,,,,,,,,,,,,,,,,,,,,,,,
daily_top1_selection,,,,,,,,,,,,,,,,,,,2018-05-21,513100.SH,513100.SH,纳指,纳指,False,510300.SH,510300.SH,沪深300,沪深300,False,,,,,,,,,,,,,,,,,,,,,,,,,,,
daily_top1_selection,,,,,,,,,,,,,,,,,,,2018-05-22,159915.SZ,159915.SZ,创业板,创业板,False,510300.SH,510300.SH,沪深300,沪深300,False,,,,,,,,,,,,,,,,,,,,,,,,,,,
daily_top1_selection,,,,,,,,,,,,,,,,,,,2018-05-23,159915.SZ,159915.SZ,创业板,创业板,False,510300.SH,510300.SH,沪深300,沪深300,False,,,,,,,,,,,,,,,,,,,,,,,,,,,
daily_top1_selection,,,,,,,,,,,,,,,,,,,2018-05-24,513100.SH,513100.SH,纳指,纳指,False,510300.SH,510300.SH,沪深300,沪深300,False,,,,,,,,,,,,,,,,,,,,,,,,,,,
daily_top1_selection,,,,,,,,,,,,,,,,,,,2018-05-25,513100.SH,513100.SH,纳指,纳指,False,510300.SH,510300.SH,沪深300,沪深300,False,,,,,,,,,,,,,,,,,,,,,,,,,,,
daily_top1_selection,,,,,,,,,,,,,,,,,,,2018-05-28,513100.SH,513100.SH,纳指,纳指,False,513100.SH,513100.SH,纳指,纳指,False,,,,,,,,,,,,,,,,,,,,,,,,,,,
daily_top1_selection,,,,,,,,,,,,,,,,,,,2018-05-29,513100.SH,513100.SH,纳指,纳指,False,513100.SH,513100.SH,纳指,纳指,False,,,,,,,,,,,,,,,,,,,,,,,,,,,
daily_top1_selection,,,,,,,,,,,,,,,,,,,2018-05-30,513100.SH,513100.SH,纳指,纳指,False,513100.SH,513100.SH,纳指,纳指,False,,,,,,,,,,,,,,,,,,,,,,,,,,,
daily_top1_selection,,,,,,,,,,,,,,,,,,,2018-05-31,513100.SH,513100.SH,纳指,纳指,False,513100.SH,513100.SH,纳指,纳指,False,,,,,,,,,,,,,,,,,,,,,,,,,,,
daily_top1_selection,,,,,,,,,,,,,,,,,,,2018-06-01,513100.SH,513100.SH,纳指,纳指,False,513100.SH,513100.SH,纳指,纳指,False,,,,,,,,,,,,,,,,,,,,,,,,,,,
daily_top1_selection,,,,,,,,,,,,,,,,,,,2018-06-04,513100.SH,513100.SH,纳指,纳指,False,513100.SH,513100.SH,纳指,纳指,False,,,,,,,,,,,,,,,,,,,,,,,,,,,
daily_top1_selection,,,,,,,,,,,,,,,,,,,2018-06-05,513100.SH,513100.SH,纳指,纳指,False,513100.SH,513100.SH,纳指,纳指,False,,,,,,,,,,,,,,,,,,,,,,,,,,,
daily_top1_selection,,,,,,,,,,,,,,,,,,,2018-06-06,513100.SH,513100.SH,纳指,纳指,False,513100.SH,513100.SH,纳指,纳指,False,,,,,,,,,,,,,,,,,,,,,,,,,,,
daily_top1_selection,,,,,,,,,,,,,,,,,,,2018-06-07,513100.SH,513100.SH,纳指,纳指,False,513100.SH,513100.SH,纳指,纳指,False,,,,,,,,,,,,,,,,,,,,,,,,,,,
daily_top1_selection,,,,,,,,,,,,,,,,,,,2018-06-08,513100.SH,513100.SH,纳指,纳指,False,513100.SH,513100.SH,纳指,纳指,False,,,,,,,,,,,,,,,,,,,,,,,,,,,
daily_top1_selection,,,,,,,,,,,,,,,,,,,2018-06-11,513100.SH,513100.SH,纳指,纳指,False,513100.SH,513100.SH,纳指,纳指,False,,,,,,,,,,,,,,,,,,,,,,,,,,,
daily_top1_selection,,,,,,,,,,,,,,,,,,,2018-06-12,513100.SH,513100.SH,纳指,纳指,False,513100.SH,513100.SH,纳指,纳指,False,,,,,,,,,,,,,,,,,,,,,,,,,,,
daily_top1_selection,,,,,,,,,,,,,,,,,,,2018-06-13,513100.SH,513100.SH,纳指,纳指,False,513100.SH,513100.SH,纳指,纳指,False,,,,,,,,,,,,,,,,,,,,,,,,,,,
daily_top1_selection,,,,,,,,,,,,,,,,,,,2018-06-14,513100.SH,513100.SH,纳指,纳指,False,513100.SH,513100.SH,纳指,纳指,False,,,,,,,,,,,,,,,,,,,,,,,,,,,
daily_top1_selection,,,,,,,,,,,,,,,,,,,2018-06-15,513100.SH,513100.SH,纳指,纳指,False,513100.SH,513100.SH,纳指,纳指,False,,,,,,,,,,,,,,,,,,,,,,,,,,,
daily_top1_selection,,,,,,,,,,,,,,,,,,,2018-06-19,513100.SH,513100.SH,纳指,纳指,False,513100.SH,513100.SH,纳指,纳指,False,,,,,,,,,,,,,,,,,,,,,,,,,,,
daily_top1_selection,,,,,,,,,,,,,,,,,,,2018-06-20,513100.SH,513100.SH,纳指,纳指,False,513100.SH,513100.SH,纳指,纳指,False,,,,,,,,,,,,,,,,,,,,,,,,,,,
daily_top1_selection,,,,,,,,,,,,,,,,,,,2018-06-21,513100.SH,513100.SH,纳指,纳指,False,513100.SH,513100.SH,纳指,纳指,False,,,,,,,,,,,,,,,,,,,,,,,,,,,
daily_top1_selection,,,,,,,,,,,,,,,,,,,2018-06-22,513100.SH,513100.SH,纳指,纳指,False,513100.SH,513100.SH,纳指,纳指,False,,,,,,,,,,,,,,,,,,,,,,,,,,,
daily_top1_selection,,,,,,,,,,,,,,,,,,,2018-06-25,513100.SH,513100.SH,纳指,纳指,False,513100.SH,513100.SH,纳指,纳指,False,,,,,,,,,,,,,,,,,,,,,,,,,,,
daily_top1_selection,,,,,,,,,,,,,,,,,,,2018-06-26,513100.SH,513100.SH,纳指,纳指,False,513100.SH,513100.SH,纳指,纳指,False,,,,,,,,,,,,,,,,,,,,,,,,,,,
daily_top1_selection,,,,,,,,,,,,,,,,,,,2018-06-27,513100.SH,513100.SH,纳指,纳指,False,513100.SH,513100.SH,纳指,纳指,False,,,,,,,,,,,,,,,,,,,,,,,,,,,
daily_top1_selection,,,,,,,,,,,,,,,,,,,2018-06-28,513100.SH,513100.SH,纳指,纳指,False,513100.SH,513100.SH,纳指,纳指,False,,,,,,,,,,,,,,,,,,,,,,,,,,,
daily_top1_selection,,,,,,,,,,,,,,,,,,,2018-06-29,513100.SH,513100.SH,纳指,纳指,False,513100.SH,513100.SH,纳指,纳指,False,,,,,,,,,,,,,,,,,,,,,,,,,,,
daily_top1_selection,,,,,,,,,,,,,,,,,,,2018-07-02,513100.SH,513100.SH,纳指,纳指,False,513100.SH,513100.SH,纳指,纳指,False,,,,,,,,,,,,,,,,,,,,,,,,,,,
daily_top1_selection,,,,,,,,,,,,,,,,,,,2018-07-03,513100.SH,513100.SH,纳指,纳指,False,513100.SH,513100.SH,纳指,纳指,False,,,,,,,,,,,,,,,,,,,,,,,,,,,
daily_top1_selection,,,,,,,,,,,,,,,,,,,2018-07-04,513100.SH,513100.SH,纳指,纳指,False,513100.SH,513100.SH,纳指,纳指,False,,,,,,,,,,,,,,,,,,,,,,,,,,,
daily_top1_selection,,,,,,,,,,,,,,,,,,,2018-07-05,513100.SH,513100.SH,纳指,纳指,False,513100.SH,513100.SH,纳指,纳指,False,,,,,,,,,,,,,,,,,,,,,,,,,,,
daily_top1_selection,,,,,,,,,,,,,,,,,,,2018-07-06,513100.SH,513100.SH,纳指,纳指,False,513100.SH,513100.SH,纳指,纳指,False,,,,,,,,,,,,,,,,,,,,,,,,,,,
daily_top1_selection,,,,,,,,,,,,,,,,,,,2018-07-09,513100.SH,513100.SH,纳指,纳指,False,513100.SH,513100.SH,纳指,纳指,False,,,,,,,,,,,,,,,,,,,,,,,,,,,
daily_top1_selection,,,,,,,,,,,,,,,,,,,2018-07-10,513100.SH,513100.SH,纳指,纳指,False,513100.SH,513100.SH,纳指,纳指,False,,,,,,,,,,,,,,,,,,,,,,,,,,,
daily_top1_selection,,,,,,,,,,,,,,,,,,,2018-07-11,513100.SH,513100.SH,纳指,纳指,False,513100.SH,513100.SH,纳指,纳指,False,,,,,,,,,,,,,,,,,,,,,,,,,,,
daily_top1_selection,,,,,,,,,,,,,,,,,,,2018-07-12,513100.SH,513100.SH,纳指,纳指,False,513100.SH,513100.SH,纳指,纳指,False,,,,,,,,,,,,,,,,,,,,,,,,,,,
daily_top1_selection,,,,,,,,,,,,,,,,,,,2018-07-13,513100.SH,513100.SH,纳指,纳指,False,513100.SH,513100.SH,纳指,纳指,False,,,,,,,,,,,,,,,,,,,,,,,,,,,
daily_top1_selection,,,,,,,,,,,,,,,,,,,2018-07-16,513100.SH,513100.SH,纳指,纳指,False,513100.SH,513100.SH,纳指,纳指,False,,,,,,,,,,,,,,,,,,,,,,,,,,,
daily_top1_selection,,,,,,,,,,,,,,,,,,,2018-07-17,159915.SZ,513100.SH,创业板,纳指,True,513100.SH,513100.SH,纳指,纳指,False,,,,,,,,,,,,,,,,,,,,,,,,,,,
daily_top1_selection,,,,,,,,,,,,,,,,,,,2018-07-18,513100.SH,513100.SH,纳指,纳指,False,159915.SZ,513100.SH,创业板,纳指,True,,,,,,,,,,,,,,,,,,,,,,,,,,,
daily_top1_selection,,,,,,,,,,,,,,,,,,,2018-07-19,159915.SZ,159915.SZ,创业板,创业板,False,159915.SZ,513100.SH,创业板,纳指,True,,,,,,,,,,,,,,,,,,,,,,,,,,,
daily_top1_selection,,,,,,,,,,,,,,,,,,,2018-07-20,513100.SH,513100.SH,纳指,纳指,False,159915.SZ,159915.SZ,创业板,创业板,False,,,,,,,,,,,,,,,,,,,,,,,,,,,
daily_top1_selection,,,,,,,,,,,,,,,,,,,2018-07-23,159915.SZ,159915.SZ,创业板,创业板,False,159915.SZ,159915.SZ,创业板,创业板,False,,,,,,,,,,,,,,,,,,,,,,,,,,,
daily_top1_selection,,,,,,,,,,,,,,,,,,,2018-07-24,513100.SH,513100.SH,纳指,纳指,False,159915.SZ,159915.SZ,创业板,创业板,False,,,,,,,,,,,,,,,,,,,,,,,,,,,
daily_top1_selection,,,,,,,,,,,,,,,,,,,2018-07-25,513100.SH,513100.SH,纳指,纳指,False,513100.SH,159915.SZ,纳指,创业板,True,,,,,,,,,,,,,,,,,,,,,,,,,,,
daily_top1_selection,,,,,,,,,,,,,,,,,,,2018-07-26,513100.SH,513100.SH,纳指,纳指,False,513100.SH,159915.SZ,纳指,创业板,True,,,,,,,,,,,,,,,,,,,,,,,,,,,
daily_top1_selection,,,,,,,,,,,,,,,,,,,2018-07-27,513100.SH,513100.SH,纳指,纳指,False,513100.SH,513100.SH,纳指,纳指,False,,,,,,,,,,,,,,,,,,,,,,,,,,,
daily_top1_selection,,,,,,,,,,,,,,,,,,,2018-07-30,513100.SH,513100.SH,纳指,纳指,False,513100.SH,513100.SH,纳指,纳指,False,,,,,,,,,,,,,,,,,,,,,,,,,,,
daily_top1_selection,,,,,,,,,,,,,,,,,,,2018-07-31,510300.SH,510300.SH,沪深300,沪深300,False,513100.SH,513100.SH,纳指,纳指,False,,,,,,,,,,,,,,,,,,,,,,,,,,,
daily_top1_selection,,,,,,,,,,,,,,,,,,,2018-08-01,513100.SH,513100.SH,纳指,纳指,False,510300.SH,513100.SH,沪深300,纳指,True,,,,,,,,,,,,,,,,,,,,,,,,,,,
daily_top1_selection,,,,,,,,,,,,,,,,,,,2018-08-02,513100.SH,513100.SH,纳指,纳指,False,510300.SH,513100.SH,沪深300,纳指,True,,,,,,,,,,,,,,,,,,,,,,,,,,,
daily_top1_selection,,,,,,,,,,,,,,,,,,,2018-08-03,513100.SH,513100.SH,纳指,纳指,False,510300.SH,513100.SH,沪深300,纳指,True,,,,,,,,,,,,,,,,,,,,,,,,,,,
daily_top1_selection,,,,,,,,,,,,,,,,,,,2018-08-06,513100.SH,513100.SH,纳指,纳指,False,510300.SH,513100.SH,沪深300,纳指,True,,,,,,,,,,,,,,,,,,,,,,,,,,,
daily_top1_selection,,,,,,,,,,,,,,,,,,,2018-08-07,513100.SH,513100.SH,纳指,纳指,False,510300.SH,513100.SH,沪深300,纳指,True,,,,,,,,,,,,,,,,,,,,,,,,,,,
daily_top1_selection,,,,,,,,,,,,,,,,,,,2018-08-08,513100.SH,513100.SH,纳指,纳指,False,513100.SH,513100.SH,纳指,纳指,False,,,,,,,,,,,,,,,,,,,,,,,,,,,
daily_top1_selection,,,,,,,,,,,,,,,,,,,2018-08-09,513100.SH,513100.SH,纳指,纳指,False,513100.SH,513100.SH,纳指,纳指,False,,,,,,,,,,,,,,,,,,,,,,,,,,,
daily_top1_selection,,,,,,,,,,,,,,,,,,,2018-08-10,513100.SH,513100.SH,纳指,纳指,False,513100.SH,513100.SH,纳指,纳指,False,,,,,,,,,,,,,,,,,,,,,,,,,,,
daily_top1_selection,,,,,,,,,,,,,,,,,,,2018-08-13,513100.SH,513100.SH,纳指,纳指,False,513100.SH,513100.SH,纳指,纳指,False,,,,,,,,,,,,,,,,,,,,,,,,,,,
daily_top1_selection,,,,,,,,,,,,,,,,,,,2018-08-14,513100.SH,513100.SH,纳指,纳指,False,513100.SH,513100.SH,纳指,纳指,False,,,,,,,,,,,,,,,,,,,,,,,,,,,
daily_top1_selection,,,,,,,,,,,,,,,,,,,2018-08-15,513100.SH,513100.SH,纳指,纳指,False,513100.SH,513100.SH,纳指,纳指,False,,,,,,,,,,,,,,,,,,,,,,,,,,,
daily_top1_selection,,,,,,,,,,,,,,,,,,,2018-08-16,513100.SH,513100.SH,纳指,纳指,False,513100.SH,513100.SH,纳指,纳指,False,,,,,,,,,,,,,,,,,,,,,,,,,,,
daily_top1_selection,,,,,,,,,,,,,,,,,,,2018-08-17,513100.SH,513100.SH,纳指,纳指,False,513100.SH,513100.SH,纳指,纳指,False,,,,,,,,,,,,,,,,,,,,,,,,,,,
daily_top1_selection,,,,,,,,,,,,,,,,,,,2018-08-20,513100.SH,513100.SH,纳指,纳指,False,513100.SH,513100.SH,纳指,纳指,False,,,,,,,,,,,,,,,,,,,,,,,,,,,
daily_top1_selection,,,,,,,,,,,,,,,,,,,2018-08-21,513100.SH,513100.SH,纳指,纳指,False,513100.SH,513100.SH,纳指,纳指,False,,,,,,,,,,,,,,,,,,,,,,,,,,,
daily_top1_selection,,,,,,,,,,,,,,,,,,,2018-08-22,513100.SH,513100.SH,纳指,纳指,False,513100.SH,513100.SH,纳指,纳指,False,,,,,,,,,,,,,,,,,,,,,,,,,,,
daily_top1_selection,,,,,,,,,,,,,,,,,,,2018-08-23,513100.SH,513100.SH,纳指,纳指,False,513100.SH,513100.SH,纳指,纳指,False,,,,,,,,,,,,,,,,,,,,,,,,,,,
daily_top1_selection,,,,,,,,,,,,,,,,,,,2018-08-24,513100.SH,513100.SH,纳指,纳指,False,513100.SH,513100.SH,纳指,纳指,False,,,,,,,,,,,,,,,,,,,,,,,,,,,
daily_top1_selection,,,,,,,,,,,,,,,,,,,2018-08-27,513100.SH,513100.SH,纳指,纳指,False,513100.SH,513100.SH,纳指,纳指,False,,,,,,,,,,,,,,,,,,,,,,,,,,,
daily_top1_selection,,,,,,,,,,,,,,,,,,,2018-08-28,513100.SH,513100.SH,纳指,纳指,False,513100.SH,513100.SH,纳指,纳指,False,,,,,,,,,,,,,,,,,,,,,,,,,,,
daily_top1_selection,,,,,,,,,,,,,,,,,,,2018-08-29,513100.SH,513100.SH,纳指,纳指,False,513100.SH,513100.SH,纳指,纳指,False,,,,,,,,,,,,,,,,,,,,,,,,,,,
daily_top1_selection,,,,,,,,,,,,,,,,,,,2018-08-30,513100.SH,513100.SH,纳指,纳指,False,513100.SH,513100.SH,纳指,纳指,False,,,,,,,,,,,,,,,,,,,,,,,,,,,
daily_top1_selection,,,,,,,,,,,,,,,,,,,2018-08-31,513100.SH,513100.SH,纳指,纳指,False,513100.SH,513100.SH,纳指,纳指,False,,,,,,,,,,,,,,,,,,,,,,,,,,,
daily_top1_selection,,,,,,,,,,,,,,,,,,,2018-09-03,510300.SH,510300.SH,沪深300,沪深300,False,513100.SH,513100.SH,纳指,纳指,False,,,,,,,,,,,,,,,,,,,,,,,,,,,
daily_top1_selection,,,,,,,,,,,,,,,,,,,2018-09-04,513100.SH,513100.SH,纳指,纳指,False,510300.SH,510300.SH,沪深300,沪深300,False,,,,,,,,,,,,,,,,,,,,,,,,,,,
daily_top1_selection,,,,,,,,,,,,,,,,,,,2018-09-05,513100.SH,513100.SH,纳指,纳指,False,510300.SH,510300.SH,沪深300,沪深300,False,,,,,,,,,,,,,,,,,,,,,,,,,,,
daily_top1_selection,,,,,,,,,,,,,,,,,,,2018-09-06,513100.SH,513100.SH,纳指,纳指,False,510300.SH,510300.SH,沪深300,沪深300,False,,,,,,,,,,,,,,,,,,,,,,,,,,,
daily_top1_selection,,,,,,,,,,,,,,,,,,,2018-09-07,513100.SH,513100.SH,纳指,纳指,False,510300.SH,510300.SH,沪深300,沪深300,False,,,,,,,,,,,,,,,,,,,,,,,,,,,
daily_top1_selection,,,,,,,,,,,,,,,,,,,2018-09-10,513100.SH,513100.SH,纳指,纳指,False,510300.SH,510300.SH,沪深300,沪深300,False,,,,,,,,,,,,,,,,,,,,,,,,,,,
daily_top1_selection,,,,,,,,,,,,,,,,,,,2018-09-11,513100.SH,513100.SH,纳指,纳指,False,513100.SH,513100.SH,纳指,纳指,False,,,,,,,,,,,,,,,,,,,,,,,,,,,
daily_top1_selection,,,,,,,,,,,,,,,,,,,2018-09-12,513100.SH,513100.SH,纳指,纳指,False,513100.SH,513100.SH,纳指,纳指,False,,,,,,,,,,,,,,,,,,,,,,,,,,,
daily_top1_selection,,,,,,,,,,,,,,,,,,,2018-09-13,518880.SH,518880.SH,黄金,黄金,False,513100.SH,513100.SH,纳指,纳指,False,,,,,,,,,,,,,,,,,,,,,,,,,,,
daily_top1_selection,,,,,,,,,,,,,,,,,,,2018-09-14,518880.SH,518880.SH,黄金,黄金,False,513100.SH,513100.SH,纳指,纳指,False,,,,,,,,,,,,,,,,,,,,,,,,,,,
daily_top1_selection,,,,,,,,,,,,,,,,,,,2018-09-17,513100.SH,513100.SH,纳指,纳指,False,513100.SH,513100.SH,纳指,纳指,False,,,,,,,,,,,,,,,,,,,,,,,,,,,
daily_top1_selection,,,,,,,,,,,,,,,,,,,2018-09-18,513100.SH,513100.SH,纳指,纳指,False,513100.SH,513100.SH,纳指,纳指,False,,,,,,,,,,,,,,,,,,,,,,,,,,,
daily_top1_selection,,,,,,,,,,,,,,,,,,,2018-09-19,513100.SH,513100.SH,纳指,纳指,False,513100.SH,513100.SH,纳指,纳指,False,,,,,,,,,,,,,,,,,,,,,,,,,,,
daily_top1_selection,,,,,,,,,,,,,,,,,,,2018-09-20,513100.SH,518880.SH,纳指,黄金,True,513100.SH,513100.SH,纳指,纳指,False,,,,,,,,,,,,,,,,,,,,,,,,,,,
daily_top1_selection,,,,,,,,,,,,,,,,,,,2018-09-21,510300.SH,510300.SH,沪深300,沪深300,False,513100.SH,518880.SH,纳指,黄金,True,,,,,,,,,,,,,,,,,,,,,,,,,,,
daily_top1_selection,,,,,,,,,,,,,,,,,,,2018-09-25,513100.SH,513100.SH,纳指,纳指,False,510300.SH,518880.SH,沪深300,黄金,True,,,,,,,,,,,,,,,,,,,,,,,,,,,
daily_top1_selection,,,,,,,,,,,,,,,,,,,2018-09-26,513100.SH,513100.SH,纳指,纳指,False,510300.SH,518880.SH,沪深300,黄金,True,,,,,,,,,,,,,,,,,,,,,,,,,,,
daily_top1_selection,,,,,,,,,,,,,,,,,,,2018-09-27,510300.SH,510300.SH,沪深300,沪深300,False,510300.SH,518880.SH,沪深300,黄金,True,,,,,,,,,,,,,,,,,,,,,,,,,,,
daily_top1_selection,,,,,,,,,,,,,,,,,,,2018-09-28,510300.SH,510300.SH,沪深300,沪深300,False,510300.SH,518880.SH,沪深300,黄金,True,,,,,,,,,,,,,,,,,,,,,,,,,,,
daily_top1_selection,,,,,,,,,,,,,,,,,,,2018-10-08,518880.SH,518880.SH,黄金,黄金,False,510300.SH,510300.SH,沪深300,沪深300,False,,,,,,,,,,,,,,,,,,,,,,,,,,,
daily_top1_selection,,,,,,,,,,,,,,,,,,,2018-10-09,518880.SH,518880.SH,黄金,黄金,False,518880.SH,510300.SH,黄金,沪深300,True,,,,,,,,,,,,,,,,,,,,,,,,,,,
daily_top1_selection,,,,,,,,,,,,,,,,,,,2018-10-10,518880.SH,518880.SH,黄金,黄金,False,518880.SH,510300.SH,黄金,沪深300,True,,,,,,,,,,,,,,,,,,,,,,,,,,,
daily_top1_selection,,,,,,,,,,,,,,,,,,,2018-10-11,518880.SH,518880.SH,黄金,黄金,False,518880.SH,510300.SH,黄金,沪深300,True,,,,,,,,,,,,,,,,,,,,,,,,,,,
daily_top1_selection,,,,,,,,,,,,,,,,,,,2018-10-12,518880.SH,518880.SH,黄金,黄金,False,518880.SH,510300.SH,黄金,沪深300,True,,,,,,,,,,,,,,,,,,,,,,,,,,,
daily_top1_selection,,,,,,,,,,,,,,,,,,,2018-10-15,518880.SH,518880.SH,黄金,黄金,False,518880.SH,518880.SH,黄金,黄金,False,,,,,,,,,,,,,,,,,,,,,,,,,,,
daily_top1_selection,,,,,,,,,,,,,,,,,,,2018-10-16,518880.SH,518880.SH,黄金,黄金,False,518880.SH,518880.SH,黄金,黄金,False,,,,,,,,,,,,,,,,,,,,,,,,,,,
daily_top1_selection,,,,,,,,,,,,,,,,,,,2018-10-17,518880.SH,518880.SH,黄金,黄金,False,518880.SH,518880.SH,黄金,黄金,False,,,,,,,,,,,,,,,,,,,,,,,,,,,
daily_top1_selection,,,,,,,,,,,,,,,,,,,2018-10-18,518880.SH,518880.SH,黄金,黄金,False,518880.SH,518880.SH,黄金,黄金,False,,,,,,,,,,,,,,,,,,,,,,,,,,,
daily_top1_selection,,,,,,,,,,,,,,,,,,,2018-10-19,518880.SH,518880.SH,黄金,黄金,False,518880.SH,518880.SH,黄金,黄金,False,,,,,,,,,,,,,,,,,,,,,,,,,,,
daily_top1_selection,,,,,,,,,,,,,,,,,,,2018-10-22,518880.SH,518880.SH,黄金,黄金,False,518880.SH,518880.SH,黄金,黄金,False,,,,,,,,,,,,,,,,,,,,,,,,,,,
daily_top1_selection,,,,,,,,,,,,,,,,,,,2018-10-23,518880.SH,518880.SH,黄金,黄金,False,518880.SH,518880.SH,黄金,黄金,False,,,,,,,,,,,,,,,,,,,,,,,,,,,
daily_top1_selection,,,,,,,,,,,,,,,,,,,2018-10-24,518880.SH,518880.SH,黄金,黄金,False,518880.SH,518880.SH,黄金,黄金,False,,,,,,,,,,,,,,,,,,,,,,,,,,,
daily_top1_selection,,,,,,,,,,,,,,,,,,,2018-10-25,518880.SH,518880.SH,黄金,黄金,False,518880.SH,518880.SH,黄金,黄金,False,,,,,,,,,,,,,,,,,,,,,,,,,,,
daily_top1_selection,,,,,,,,,,,,,,,,,,,2018-10-26,518880.SH,518880.SH,黄金,黄金,False,518880.SH,518880.SH,黄金,黄金,False,,,,,,,,,,,,,,,,,,,,,,,,,,,
daily_top1_selection,,,,,,,,,,,,,,,,,,,2018-10-29,518880.SH,518880.SH,黄金,黄金,False,518880.SH,518880.SH,黄金,黄金,False,,,,,,,,,,,,,,,,,,,,,,,,,,,
daily_top1_selection,,,,,,,,,,,,,,,,,,,2018-10-30,518880.SH,518880.SH,黄金,黄金,False,518880.SH,518880.SH,黄金,黄金,False,,,,,,,,,,,,,,,,,,,,,,,,,,,
daily_top1_selection,,,,,,,,,,,,,,,,,,,2018-10-31,518880.SH,518880.SH,黄金,黄金,False,518880.SH,518880.SH,黄金,黄金,False,,,,,,,,,,,,,,,,,,,,,,,,,,,
daily_top1_selection,,,,,,,,,,,,,,,,,,,2018-11-01,518880.SH,518880.SH,黄金,黄金,False,518880.SH,518880.SH,黄金,黄金,False,,,,,,,,,,,,,,,,,,,,,,,,,,,
daily_top1_selection,,,,,,,,,,,,,,,,,,,2018-11-02,518880.SH,518880.SH,黄金,黄金,False,518880.SH,518880.SH,黄金,黄金,False,,,,,,,,,,,,,,,,,,,,,,,,,,,
daily_top1_selection,,,,,,,,,,,,,,,,,,,2018-11-05,518880.SH,518880.SH,黄金,黄金,False,518880.SH,518880.SH,黄金,黄金,False,,,,,,,,,,,,,,,,,,,,,,,,,,,
daily_top1_selection,,,,,,,,,,,,,,,,,,,2018-11-06,518880.SH,518880.SH,黄金,黄金,False,518880.SH,518880.SH,黄金,黄金,False,,,,,,,,,,,,,,,,,,,,,,,,,,,
daily_top1_selection,,,,,,,,,,,,,,,,,,,2018-11-07,518880.SH,518880.SH,黄金,黄金,False,518880.SH,518880.SH,黄金,黄金,False,,,,,,,,,,,,,,,,,,,,,,,,,,,
daily_top1_selection,,,,,,,,,,,,,,,,,,,2018-11-08,159915.SZ,159915.SZ,创业板,创业板,False,518880.SH,518880.SH,黄金,黄金,False,,,,,,,,,,,,,,,,,,,,,,,,,,,
daily_top1_selection,,,,,,,,,,,,,,,,,,,2018-11-09,159915.SZ,159915.SZ,创业板,创业板,False,159915.SZ,159915.SZ,创业板,创业板,False,,,,,,,,,,,,,,,,,,,,,,,,,,,
daily_top1_selection,,,,,,,,,,,,,,,,,,,2018-11-12,159915.SZ,159915.SZ,创业板,创业板,False,159915.SZ,159915.SZ,创业板,创业板,False,,,,,,,,,,,,,,,,,,,,,,,,,,,
daily_top1_selection,,,,,,,,,,,,,,,,,,,2018-11-13,159915.SZ,159915.SZ,创业板,创业板,False,159915.SZ,159915.SZ,创业板,创业板,False,,,,,,,,,,,,,,,,,,,,,,,,,,,
daily_top1_selection,,,,,,,,,,,,,,,,,,,2018-11-14,159915.SZ,159915.SZ,创业板,创业板,False,159915.SZ,159915.SZ,创业板,创业板,False,,,,,,,,,,,,,,,,,,,,,,,,,,,
daily_top1_selection,,,,,,,,,,,,,,,,,,,2018-11-15,159915.SZ,159915.SZ,创业板,创业板,False,159915.SZ,159915.SZ,创业板,创业板,False,,,,,,,,,,,,,,,,,,,,,,,,,,,
daily_top1_selection,,,,,,,,,,,,,,,,,,,2018-11-16,159915.SZ,159915.SZ,创业板,创业板,False,159915.SZ,159915.SZ,创业板,创业板,False,,,,,,,,,,,,,,,,,,,,,,,,,,,
daily_top1_selection,,,,,,,,,,,,,,,,,,,2018-11-19,159915.SZ,159915.SZ,创业板,创业板,False,159915.SZ,159915.SZ,创业板,创业板,False,,,,,,,,,,,,,,,,,,,,,,,,,,,
daily_top1_selection,,,,,,,,,,,,,,,,,,,2018-11-20,159915.SZ,159915.SZ,创业板,创业板,False,159915.SZ,159915.SZ,创业板,创业板,False,,,,,,,,,,,,,,,,,,,,,,,,,,,
daily_top1_selection,,,,,,,,,,,,,,,,,,,2018-11-21,159915.SZ,159915.SZ,创业板,创业板,False,159915.SZ,159915.SZ,创业板,创业板,False,,,,,,,,,,,,,,,,,,,,,,,,,,,
daily_top1_selection,,,,,,,,,,,,,,,,,,,2018-11-22,159915.SZ,159915.SZ,创业板,创业板,False,159915.SZ,159915.SZ,创业板,创业板,False,,,,,,,,,,,,,,,,,,,,,,,,,,,
daily_top1_selection,,,,,,,,,,,,,,,,,,,2018-11-23,159915.SZ,159915.SZ,创业板,创业板,False,159915.SZ,159915.SZ,创业板,创业板,False,,,,,,,,,,,,,,,,,,,,,,,,,,,
daily_top1_selection,,,,,,,,,,,,,,,,,,,2018-11-26,159915.SZ,159915.SZ,创业板,创业板,False,159915.SZ,159915.SZ,创业板,创业板,False,,,,,,,,,,,,,,,,,,,,,,,,,,,
daily_top1_selection,,,,,,,,,,,,,,,,,,,2018-11-27,159915.SZ,159915.SZ,创业板,创业板,False,159915.SZ,159915.SZ,创业板,创业板,False,,,,,,,,,,,,,,,,,,,,,,,,,,,
daily_top1_selection,,,,,,,,,,,,,,,,,,,2018-11-28,159915.SZ,159915.SZ,创业板,创业板,False,159915.SZ,159915.SZ,创业板,创业板,False,,,,,,,,,,,,,,,,,,,,,,,,,,,
daily_top1_selection,,,,,,,,,,,,,,,,,,,2018-11-29,159915.SZ,159915.SZ,创业板,创业板,False,159915.SZ,159915.SZ,创业板,创业板,False,,,,,,,,,,,,,,,,,,,,,,,,,,,
daily_top1_selection,,,,,,,,,,,,,,,,,,,2018-11-30,518880.SH,518880.SH,黄金,黄金,False,159915.SZ,159915.SZ,创业板,创业板,False,,,,,,,,,,,,,,,,,,,,,,,,,,,
daily_top1_selection,,,,,,,,,,,,,,,,,,,2018-12-03,513100.SH,513100.SH,纳指,纳指,False,518880.SH,518880.SH,黄金,黄金,False,,,,,,,,,,,,,,,,,,,,,,,,,,,
daily_top1_selection,,,,,,,,,,,,,,,,,,,2018-12-04,159915.SZ,159915.SZ,创业板,创业板,False,518880.SH,518880.SH,黄金,黄金,False,,,,,,,,,,,,,,,,,,,,,,,,,,,
daily_top1_selection,,,,,,,,,,,,,,,,,,,2018-12-05,159915.SZ,159915.SZ,创业板,创业板,False,518880.SH,518880.SH,黄金,黄金,False,,,,,,,,,,,,,,,,,,,,,,,,,,,
daily_top1_selection,,,,,,,,,,,,,,,,,,,2018-12-06,159915.SZ,159915.SZ,创业板,创业板,False,518880.SH,518880.SH,黄金,黄金,False,,,,,,,,,,,,,,,,,,,,,,,,,,,
daily_top1_selection,,,,,,,,,,,,,,,,,,,2018-12-07,159915.SZ,518880.SH,创业板,黄金,True,518880.SH,518880.SH,黄金,黄金,False,,,,,,,,,,,,,,,,,,,,,,,,,,,
daily_top1_selection,,,,,,,,,,,,,,,,,,,2018-12-10,518880.SH,518880.SH,黄金,黄金,False,159915.SZ,518880.SH,创业板,黄金,True,,,,,,,,,,,,,,,,,,,,,,,,,,,
daily_top1_selection,,,,,,,,,,,,,,,,,,,2018-12-11,518880.SH,518880.SH,黄金,黄金,False,159915.SZ,518880.SH,创业板,黄金,True,,,,,,,,,,,,,,,,,,,,,,,,,,,
daily_top1_selection,,,,,,,,,,,,,,,,,,,2018-12-12,518880.SH,518880.SH,黄金,黄金,False,159915.SZ,518880.SH,创业板,黄金,True,,,,,,,,,,,,,,,,,,,,,,,,,,,
daily_top1_selection,,,,,,,,,,,,,,,,,,,2018-12-13,518880.SH,518880.SH,黄金,黄金,False,159915.SZ,518880.SH,创业板,黄金,True,,,,,,,,,,,,,,,,,,,,,,,,,,,
daily_top1_selection,,,,,,,,,,,,,,,,,,,2018-12-14,518880.SH,518880.SH,黄金,黄金,False,159915.SZ,518880.SH,创业板,黄金,True,,,,,,,,,,,,,,,,,,,,,,,,,,,
daily_top1_selection,,,,,,,,,,,,,,,,,,,2018-12-17,518880.SH,518880.SH,黄金,黄金,False,518880.SH,518880.SH,黄金,黄金,False,,,,,,,,,,,,,,,,,,,,,,,,,,,
daily_top1_selection,,,,,,,,,,,,,,,,,,,2018-12-18,518880.SH,518880.SH,黄金,黄金,False,518880.SH,518880.SH,黄金,黄金,False,,,,,,,,,,,,,,,,,,,,,,,,,,,
daily_top1_selection,,,,,,,,,,,,,,,,,,,2018-12-19,518880.SH,518880.SH,黄金,黄金,False,518880.SH,518880.SH,黄金,黄金,False,,,,,,,,,,,,,,,,,,,,,,,,,,,
daily_top1_selection,,,,,,,,,,,,,,,,,,,2018-12-20,518880.SH,518880.SH,黄金,黄金,False,518880.SH,518880.SH,黄金,黄金,False,,,,,,,,,,,,,,,,,,,,,,,,,,,
daily_top1_selection,,,,,,,,,,,,,,,,,,,2018-12-21,518880.SH,518880.SH,黄金,黄金,False,518880.SH,518880.SH,黄金,黄金,False,,,,,,,,,,,,,,,,,,,,,,,,,,,
daily_top1_selection,,,,,,,,,,,,,,,,,,,2018-12-24,518880.SH,518880.SH,黄金,黄金,False,518880.SH,518880.SH,黄金,黄金,False,,,,,,,,,,,,,,,,,,,,,,,,,,,
daily_top1_selection,,,,,,,,,,,,,,,,,,,2018-12-25,518880.SH,518880.SH,黄金,黄金,False,518880.SH,518880.SH,黄金,黄金,False,,,,,,,,,,,,,,,,,,,,,,,,,,,
daily_top1_selection,,,,,,,,,,,,,,,,,,,2018-12-26,518880.SH,518880.SH,黄金,黄金,False,518880.SH,518880.SH,黄金,黄金,False,,,,,,,,,,,,,,,,,,,,,,,,,,,
daily_top1_selection,,,,,,,,,,,,,,,,,,,2018-12-27,518880.SH,518880.SH,黄金,黄金,False,518880.SH,518880.SH,黄金,黄金,False,,,,,,,,,,,,,,,,,,,,,,,,,,,
daily_top1_selection,,,,,,,,,,,,,,,,,,,2018-12-28,518880.SH,518880.SH,黄金,黄金,False,518880.SH,518880.SH,黄金,黄金,False,,,,,,,,,,,,,,,,,,,,,,,,,,,
daily_top1_selection,,,,,,,,,,,,,,,,,,,2019-01-02,518880.SH,518880.SH,黄金,黄金,False,518880.SH,518880.SH,黄金,黄金,False,,,,,,,,,,,,,,,,,,,,,,,,,,,
daily_top1_selection,,,,,,,,,,,,,,,,,,,2019-01-03,518880.SH,518880.SH,黄金,黄金,False,518880.SH,518880.SH,黄金,黄金,False,,,,,,,,,,,,,,,,,,,,,,,,,,,
daily_top1_selection,,,,,,,,,,,,,,,,,,,2019-01-04,518880.SH,518880.SH,黄金,黄金,False,518880.SH,518880.SH,黄金,黄金,False,,,,,,,,,,,,,,,,,,,,,,,,,,,
daily_top1_selection,,,,,,,,,,,,,,,,,,,2019-01-07,518880.SH,518880.SH,黄金,黄金,False,518880.SH,518880.SH,黄金,黄金,False,,,,,,,,,,,,,,,,,,,,,,,,,,,
daily_top1_selection,,,,,,,,,,,,,,,,,,,2019-01-08,518880.SH,518880.SH,黄金,黄金,False,518880.SH,518880.SH,黄金,黄金,False,,,,,,,,,,,,,,,,,,,,,,,,,,,
daily_top1_selection,,,,,,,,,,,,,,,,,,,2019-01-09,518880.SH,518880.SH,黄金,黄金,False,518880.SH,518880.SH,黄金,黄金,False,,,,,,,,,,,,,,,,,,,,,,,,,,,
daily_top1_selection,,,,,,,,,,,,,,,,,,,2019-01-10,518880.SH,518880.SH,黄金,黄金,False,518880.SH,518880.SH,黄金,黄金,False,,,,,,,,,,,,,,,,,,,,,,,,,,,
daily_top1_selection,,,,,,,,,,,,,,,,,,,2019-01-11,518880.SH,518880.SH,黄金,黄金,False,518880.SH,518880.SH,黄金,黄金,False,,,,,,,,,,,,,,,,,,,,,,,,,,,
daily_top1_selection,,,,,,,,,,,,,,,,,,,2019-01-14,518880.SH,518880.SH,黄金,黄金,False,518880.SH,518880.SH,黄金,黄金,False,,,,,,,,,,,,,,,,,,,,,,,,,,,
daily_top1_selection,,,,,,,,,,,,,,,,,,,2019-01-15,518880.SH,518880.SH,黄金,黄金,False,518880.SH,518880.SH,黄金,黄金,False,,,,,,,,,,,,,,,,,,,,,,,,,,,
daily_top1_selection,,,,,,,,,,,,,,,,,,,2019-01-16,518880.SH,518880.SH,黄金,黄金,False,518880.SH,518880.SH,黄金,黄金,False,,,,,,,,,,,,,,,,,,,,,,,,,,,
daily_top1_selection,,,,,,,,,,,,,,,,,,,2019-01-17,518880.SH,518880.SH,黄金,黄金,False,518880.SH,518880.SH,黄金,黄金,False,,,,,,,,,,,,,,,,,,,,,,,,,,,
daily_top1_selection,,,,,,,,,,,,,,,,,,,2019-01-18,510300.SH,510300.SH,沪深300,沪深300,False,518880.SH,518880.SH,黄金,黄金,False,,,,,,,,,,,,,,,,,,,,,,,,,,,
daily_top1_selection,,,,,,,,,,,,,,,,,,,2019-01-21,513100.SH,513100.SH,纳指,纳指,False,510300.SH,510300.SH,沪深300,沪深300,False,,,,,,,,,,,,,,,,,,,,,,,,,,,
daily_top1_selection,,,,,,,,,,,,,,,,,,,2019-01-22,513100.SH,510300.SH,纳指,沪深300,True,510300.SH,510300.SH,沪深300,沪深300,False,,,,,,,,,,,,,,,,,,,,,,,,,,,
daily_top1_selection,,,,,,,,,,,,,,,,,,,2019-01-23,513100.SH,513100.SH,纳指,纳指,False,510300.SH,510300.SH,沪深300,沪深300,False,,,,,,,,,,,,,,,,,,,,,,,,,,,
daily_top1_selection,,,,,,,,,,,,,,,,,,,2019-01-24,513100.SH,513100.SH,纳指,纳指,False,510300.SH,510300.SH,沪深300,沪深300,False,,,,,,,,,,,,,,,,,,,,,,,,,,,
daily_top1_selection,,,,,,,,,,,,,,,,,,,2019-01-25,513100.SH,513100.SH,纳指,纳指,False,510300.SH,510300.SH,沪深300,沪深300,False,,,,,,,,,,,,,,,,,,,,,,,,,,,
daily_top1_selection,,,,,,,,,,,,,,,,,,,2019-01-28,510300.SH,510300.SH,沪深300,沪深300,False,513100.SH,513100.SH,纳指,纳指,False,,,,,,,,,,,,,,,,,,,,,,,,,,,
daily_top1_selection,,,,,,,,,,,,,,,,,,,2019-01-29,510300.SH,510300.SH,沪深300,沪深300,False,513100.SH,513100.SH,纳指,纳指,False,,,,,,,,,,,,,,,,,,,,,,,,,,,
daily_top1_selection,,,,,,,,,,,,,,,,,,,2019-01-30,510300.SH,510300.SH,沪深300,沪深300,False,513100.SH,513100.SH,纳指,纳指,False,,,,,,,,,,,,,,,,,,,,,,,,,,,
daily_top1_selection,,,,,,,,,,,,,,,,,,,2019-01-31,510300.SH,510300.SH,沪深300,沪深300,False,513100.SH,513100.SH,纳指,纳指,False,,,,,,,,,,,,,,,,,,,,,,,,,,,
daily_top1_selection,,,,,,,,,,,,,,,,,,,2019-02-01,513100.SH,513100.SH,纳指,纳指,False,513100.SH,513100.SH,纳指,纳指,False,,,,,,,,,,,,,,,,,,,,,,,,,,,
daily_top1_selection,,,,,,,,,,,,,,,,,,,2019-02-11,510300.SH,510300.SH,沪深300,沪深300,False,513100.SH,513100.SH,纳指,纳指,False,,,,,,,,,,,,,,,,,,,,,,,,,,,
daily_top1_selection,,,,,,,,,,,,,,,,,,,2019-02-12,510300.SH,510300.SH,沪深300,沪深300,False,510300.SH,510300.SH,沪深300,沪深300,False,,,,,,,,,,,,,,,,,,,,,,,,,,,
daily_top1_selection,,,,,,,,,,,,,,,,,,,2019-02-13,510300.SH,510300.SH,沪深300,沪深300,False,510300.SH,510300.SH,沪深300,沪深300,False,,,,,,,,,,,,,,,,,,,,,,,,,,,
daily_top1_selection,,,,,,,,,,,,,,,,,,,2019-02-14,510300.SH,510300.SH,沪深300,沪深300,False,510300.SH,510300.SH,沪深300,沪深300,False,,,,,,,,,,,,,,,,,,,,,,,,,,,
daily_top1_selection,,,,,,,,,,,,,,,,,,,2019-02-15,510300.SH,510300.SH,沪深300,沪深300,False,510300.SH,510300.SH,沪深300,沪深300,False,,,,,,,,,,,,,,,,,,,,,,,,,,,
daily_top1_selection,,,,,,,,,,,,,,,,,,,2019-02-18,159915.SZ,159915.SZ,创业板,创业板,False,510300.SH,510300.SH,沪深300,沪深300,False,,,,,,,,,,,,,,,,,,,,,,,,,,,
daily_top1_selection,,,,,,,,,,,,,,,,,,,2019-02-19,159915.SZ,510300.SH,创业板,沪深300,True,159915.SZ,159915.SZ,创业板,创业板,False,,,,,,,,,,,,,,,,,,,,,,,,,,,
daily_top1_selection,,,,,,,,,,,,,,,,,,,2019-02-20,159915.SZ,510300.SH,创业板,沪深300,True,159915.SZ,159915.SZ,创业板,创业板,False,,,,,,,,,,,,,,,,,,,,,,,,,,,
daily_top1_selection,,,,,,,,,,,,,,,,,,,2019-02-21,159915.SZ,159915.SZ,创业板,创业板,False,159915.SZ,159915.SZ,创业板,创业板,False,,,,,,,,,,,,,,,,,,,,,,,,,,,
daily_top1_selection,,,,,,,,,,,,,,,,,,,2019-02-22,159915.SZ,159915.SZ,创业板,创业板,False,159915.SZ,159915.SZ,创业板,创业板,False,,,,,,,,,,,,,,,,,,,,,,,,,,,
daily_top1_selection,,,,,,,,,,,,,,,,,,,2019-02-25,159915.SZ,159915.SZ,创业板,创业板,False,159915.SZ,159915.SZ,创业板,创业板,False,,,,,,,,,,,,,,,,,,,,,,,,,,,
daily_top1_selection,,,,,,,,,,,,,,,,,,,2019-02-26,159915.SZ,159915.SZ,创业板,创业板,False,159915.SZ,159915.SZ,创业板,创业板,False,,,,,,,,,,,,,,,,,,,,,,,,,,,
daily_top1_selection,,,,,,,,,,,,,,,,,,,2019-02-27,159915.SZ,159915.SZ,创业板,创业板,False,159915.SZ,159915.SZ,创业板,创业板,False,,,,,,,,,,,,,,,,,,,,,,,,,,,
daily_top1_selection,,,,,,,,,,,,,,,,,,,2019-02-28,159915.SZ,159915.SZ,创业板,创业板,False,159915.SZ,159915.SZ,创业板,创业板,False,,,,,,,,,,,,,,,,,,,,,,,,,,,
daily_top1_selection,,,,,,,,,,,,,,,,,,,2019-03-01,159915.SZ,159915.SZ,创业板,创业板,False,159915.SZ,159915.SZ,创业板,创业板,False,,,,,,,,,,,,,,,,,,,,,,,,,,,
daily_top1_selection,,,,,,,,,,,,,,,,,,,2019-03-04,159915.SZ,159915.SZ,创业板,创业板,False,159915.SZ,159915.SZ,创业板,创业板,False,,,,,,,,,,,,,,,,,,,,,,,,,,,
daily_top1_selection,,,,,,,,,,,,,,,,,,,2019-03-05,159915.SZ,159915.SZ,创业板,创业板,False,159915.SZ,159915.SZ,创业板,创业板,False,,,,,,,,,,,,,,,,,,,,,,,,,,,
daily_top1_selection,,,,,,,,,,,,,,,,,,,2019-03-06,159915.SZ,159915.SZ,创业板,创业板,False,159915.SZ,159915.SZ,创业板,创业板,False,,,,,,,,,,,,,,,,,,,,,,,,,,,
daily_top1_selection,,,,,,,,,,,,,,,,,,,2019-03-07,159915.SZ,159915.SZ,创业板,创业板,False,159915.SZ,159915.SZ,创业板,创业板,False,,,,,,,,,,,,,,,,,,,,,,,,,,,
daily_top1_selection,,,,,,,,,,,,,,,,,,,2019-03-08,159915.SZ,159915.SZ,创业板,创业板,False,159915.SZ,159915.SZ,创业板,创业板,False,,,,,,,,,,,,,,,,,,,,,,,,,,,
daily_top1_selection,,,,,,,,,,,,,,,,,,,2019-03-11,159915.SZ,159915.SZ,创业板,创业板,False,159915.SZ,159915.SZ,创业板,创业板,False,,,,,,,,,,,,,,,,,,,,,,,,,,,
daily_top1_selection,,,,,,,,,,,,,,,,,,,2019-03-12,159915.SZ,159915.SZ,创业板,创业板,False,159915.SZ,159915.SZ,创业板,创业板,False,,,,,,,,,,,,,,,,,,,,,,,,,,,
daily_top1_selection,,,,,,,,,,,,,,,,,,,2019-03-13,159915.SZ,159915.SZ,创业板,创业板,False,159915.SZ,159915.SZ,创业板,创业板,False,,,,,,,,,,,,,,,,,,,,,,,,,,,
daily_top1_selection,,,,,,,,,,,,,,,,,,,2019-03-14,159915.SZ,159915.SZ,创业板,创业板,False,159915.SZ,159915.SZ,创业板,创业板,False,,,,,,,,,,,,,,,,,,,,,,,,,,,
daily_top1_selection,,,,,,,,,,,,,,,,,,,2019-03-15,159915.SZ,159915.SZ,创业板,创业板,False,159915.SZ,159915.SZ,创业板,创业板,False,,,,,,,,,,,,,,,,,,,,,,,,,,,
daily_top1_selection,,,,,,,,,,,,,,,,,,,2019-03-18,159915.SZ,159915.SZ,创业板,创业板,False,159915.SZ,159915.SZ,创业板,创业板,False,,,,,,,,,,,,,,,,,,,,,,,,,,,
daily_top1_selection,,,,,,,,,,,,,,,,,,,2019-03-19,159915.SZ,159915.SZ,创业板,创业板,False,159915.SZ,159915.SZ,创业板,创业板,False,,,,,,,,,,,,,,,,,,,,,,,,,,,
daily_top1_selection,,,,,,,,,,,,,,,,,,,2019-03-20,159915.SZ,159915.SZ,创业板,创业板,False,159915.SZ,159915.SZ,创业板,创业板,False,,,,,,,,,,,,,,,,,,,,,,,,,,,
daily_top1_selection,,,,,,,,,,,,,,,,,,,2019-03-21,159915.SZ,159915.SZ,创业板,创业板,False,159915.SZ,159915.SZ,创业板,创业板,False,,,,,,,,,,,,,,,,,,,,,,,,,,,
daily_top1_selection,,,,,,,,,,,,,,,,,,,2019-03-22,159915.SZ,159915.SZ,创业板,创业板,False,159915.SZ,159915.SZ,创业板,创业板,False,,,,,,,,,,,,,,,,,,,,,,,,,,,
daily_top1_selection,,,,,,,,,,,,,,,,,,,2019-03-25,159915.SZ,159915.SZ,创业板,创业板,False,159915.SZ,159915.SZ,创业板,创业板,False,,,,,,,,,,,,,,,,,,,,,,,,,,,
daily_top1_selection,,,,,,,,,,,,,,,,,,,2019-03-26,159915.SZ,513100.SH,创业板,纳指,True,159915.SZ,159915.SZ,创业板,创业板,False,,,,,,,,,,,,,,,,,,,,,,,,,,,
daily_top1_selection,,,,,,,,,,,,,,,,,,,2019-03-27,159915.SZ,159915.SZ,创业板,创业板,False,159915.SZ,513100.SH,创业板,纳指,True,,,,,,,,,,,,,,,,,,,,,,,,,,,
daily_top1_selection,,,,,,,,,,,,,,,,,,,2019-03-28,159915.SZ,159915.SZ,创业板,创业板,False,159915.SZ,513100.SH,创业板,纳指,True,,,,,,,,,,,,,,,,,,,,,,,,,,,
daily_top1_selection,,,,,,,,,,,,,,,,,,,2019-03-29,159915.SZ,159915.SZ,创业板,创业板,False,159915.SZ,513100.SH,创业板,纳指,True,,,,,,,,,,,,,,,,,,,,,,,,,,,
daily_top1_selection,,,,,,,,,,,,,,,,,,,2019-04-01,159915.SZ,159915.SZ,创业板,创业板,False,159915.SZ,513100.SH,创业板,纳指,True,,,,,,,,,,,,,,,,,,,,,,,,,,,
daily_top1_selection,,,,,,,,,,,,,,,,,,,2019-04-02,513100.SH,513100.SH,纳指,纳指,False,159915.SZ,513100.SH,创业板,纳指,True,,,,,,,,,,,,,,,,,,,,,,,,,,,
daily_top1_selection,,,,,,,,,,,,,,,,,,,2019-04-03,513100.SH,513100.SH,纳指,纳指,False,513100.SH,513100.SH,纳指,纳指,False,,,,,,,,,,,,,,,,,,,,,,,,,,,
daily_top1_selection,,,,,,,,,,,,,,,,,,,2019-04-04,510300.SH,513100.SH,沪深300,纳指,True,513100.SH,513100.SH,纳指,纳指,False,,,,,,,,,,,,,,,,,,,,,,,,,,,
daily_top1_selection,,,,,,,,,,,,,,,,,,,2019-04-08,510300.SH,510300.SH,沪深300,沪深300,False,513100.SH,513100.SH,纳指,纳指,False,,,,,,,,,,,,,,,,,,,,,,,,,,,
daily_top1_selection,,,,,,,,,,,,,,,,,,,2019-04-09,510300.SH,510300.SH,沪深300,沪深300,False,513100.SH,510300.SH,纳指,沪深300,True,,,,,,,,,,,,,,,,,,,,,,,,,,,
daily_top1_selection,,,,,,,,,,,,,,,,,,,2019-04-10,510300.SH,510300.SH,沪深300,沪深300,False,513100.SH,510300.SH,纳指,沪深300,True,,,,,,,,,,,,,,,,,,,,,,,,,,,
daily_top1_selection,,,,,,,,,,,,,,,,,,,2019-04-11,510300.SH,510300.SH,沪深300,沪深300,False,510300.SH,510300.SH,沪深300,沪深300,False,,,,,,,,,,,,,,,,,,,,,,,,,,,
daily_top1_selection,,,,,,,,,,,,,,,,,,,2019-04-12,510300.SH,510300.SH,沪深300,沪深300,False,510300.SH,510300.SH,沪深300,沪深300,False,,,,,,,,,,,,,,,,,,,,,,,,,,,
daily_top1_selection,,,,,,,,,,,,,,,,,,,2019-04-15,510300.SH,513100.SH,沪深300,纳指,True,510300.SH,510300.SH,沪深300,沪深300,False,,,,,,,,,,,,,,,,,,,,,,,,,,,
daily_top1_selection,,,,,,,,,,,,,,,,,,,2019-04-16,510300.SH,513100.SH,沪深300,纳指,True,510300.SH,513100.SH,沪深300,纳指,True,,,,,,,,,,,,,,,,,,,,,,,,,,,
daily_top1_selection,,,,,,,,,,,,,,,,,,,2019-04-17,510300.SH,510300.SH,沪深300,沪深300,False,510300.SH,513100.SH,沪深300,纳指,True,,,,,,,,,,,,,,,,,,,,,,,,,,,
daily_top1_selection,,,,,,,,,,,,,,,,,,,2019-04-18,510300.SH,510300.SH,沪深300,沪深300,False,510300.SH,513100.SH,沪深300,纳指,True,,,,,,,,,,,,,,,,,,,,,,,,,,,
daily_top1_selection,,,,,,,,,,,,,,,,,,,2019-04-19,510300.SH,510300.SH,沪深300,沪深300,False,510300.SH,513100.SH,沪深300,纳指,True,,,,,,,,,,,,,,,,,,,,,,,,,,,
daily_top1_selection,,,,,,,,,,,,,,,,,,,2019-04-22,510300.SH,510300.SH,沪深300,沪深300,False,510300.SH,513100.SH,沪深300,纳指,True,,,,,,,,,,,,,,,,,,,,,,,,,,,
daily_top1_selection,,,,,,,,,,,,,,,,,,,2019-04-23,510300.SH,513100.SH,沪深300,纳指,True,510300.SH,510300.SH,沪深300,沪深300,False,,,,,,,,,,,,,,,,,,,,,,,,,,,
daily_top1_selection,,,,,,,,,,,,,,,,,,,2019-04-24,510300.SH,513100.SH,沪深300,纳指,True,510300.SH,510300.SH,沪深300,沪深300,False,,,,,,,,,,,,,,,,,,,,,,,,,,,
daily_top1_selection,,,,,,,,,,,,,,,,,,,2019-04-25,513100.SH,513100.SH,纳指,纳指,False,510300.SH,510300.SH,沪深300,沪深300,False,,,,,,,,,,,,,,,,,,,,,,,,,,,
daily_top1_selection,,,,,,,,,,,,,,,,,,,2019-04-26,513100.SH,513100.SH,纳指,纳指,False,513100.SH,510300.SH,纳指,沪深300,True,,,,,,,,,,,,,,,,,,,,,,,,,,,
daily_top1_selection,,,,,,,,,,,,,,,,,,,2019-04-29,513100.SH,513100.SH,纳指,纳指,False,513100.SH,510300.SH,纳指,沪深300,True,,,,,,,,,,,,,,,,,,,,,,,,,,,
daily_top1_selection,,,,,,,,,,,,,,,,,,,2019-04-30,513100.SH,513100.SH,纳指,纳指,False,513100.SH,513100.SH,纳指,纳指,False,,,,,,,,,,,,,,,,,,,,,,,,,,,
daily_top1_selection,,,,,,,,,,,,,,,,,,,2019-05-06,513100.SH,513100.SH,纳指,纳指,False,513100.SH,513100.SH,纳指,纳指,False,,,,,,,,,,,,,,,,,,,,,,,,,,,
daily_top1_selection,,,,,,,,,,,,,,,,,,,2019-05-07,513100.SH,513100.SH,纳指,纳指,False,513100.SH,513100.SH,纳指,纳指,False,,,,,,,,,,,,,,,,,,,,,,,,,,,
daily_top1_selection,,,,,,,,,,,,,,,,,,,2019-05-08,513100.SH,513100.SH,纳指,纳指,False,513100.SH,513100.SH,纳指,纳指,False,,,,,,,,,,,,,,,,,,,,,,,,,,,
daily_top1_selection,,,,,,,,,,,,,,,,,,,2019-05-09,513100.SH,513100.SH,纳指,纳指,False,513100.SH,513100.SH,纳指,纳指,False,,,,,,,,,,,,,,,,,,,,,,,,,,,
daily_top1_selection,,,,,,,,,,,,,,,,,,,2019-05-10,513100.SH,513100.SH,纳指,纳指,False,513100.SH,513100.SH,纳指,纳指,False,,,,,,,,,,,,,,,,,,,,,,,,,,,
daily_top1_selection,,,,,,,,,,,,,,,,,,,2019-05-13,513100.SH,513100.SH,纳指,纳指,False,513100.SH,513100.SH,纳指,纳指,False,,,,,,,,,,,,,,,,,,,,,,,,,,,
daily_top1_selection,,,,,,,,,,,,,,,,,,,2019-05-14,518880.SH,518880.SH,黄金,黄金,False,513100.SH,513100.SH,纳指,纳指,False,,,,,,,,,,,,,,,,,,,,,,,,,,,
daily_top1_selection,,,,,,,,,,,,,,,,,,,2019-05-15,518880.SH,518880.SH,黄金,黄金,False,518880.SH,518880.SH,黄金,黄金,False,,,,,,,,,,,,,,,,,,,,,,,,,,,
daily_top1_selection,,,,,,,,,,,,,,,,,,,2019-05-16,518880.SH,518880.SH,黄金,黄金,False,518880.SH,518880.SH,黄金,黄金,False,,,,,,,,,,,,,,,,,,,,,,,,,,,
daily_top1_selection,,,,,,,,,,,,,,,,,,,2019-05-17,518880.SH,518880.SH,黄金,黄金,False,518880.SH,518880.SH,黄金,黄金,False,,,,,,,,,,,,,,,,,,,,,,,,,,,
daily_top1_selection,,,,,,,,,,,,,,,,,,,2019-05-20,518880.SH,518880.SH,黄金,黄金,False,518880.SH,518880.SH,黄金,黄金,False,,,,,,,,,,,,,,,,,,,,,,,,,,,
daily_top1_selection,,,,,,,,,,,,,,,,,,,2019-05-21,518880.SH,518880.SH,黄金,黄金,False,518880.SH,518880.SH,黄金,黄金,False,,,,,,,,,,,,,,,,,,,,,,,,,,,
daily_top1_selection,,,,,,,,,,,,,,,,,,,2019-05-22,518880.SH,518880.SH,黄金,黄金,False,518880.SH,518880.SH,黄金,黄金,False,,,,,,,,,,,,,,,,,,,,,,,,,,,
daily_top1_selection,,,,,,,,,,,,,,,,,,,2019-05-23,518880.SH,518880.SH,黄金,黄金,False,518880.SH,518880.SH,黄金,黄金,False,,,,,,,,,,,,,,,,,,,,,,,,,,,
daily_top1_selection,,,,,,,,,,,,,,,,,,,2019-05-24,518880.SH,518880.SH,黄金,黄金,False,518880.SH,518880.SH,黄金,黄金,False,,,,,,,,,,,,,,,,,,,,,,,,,,,
daily_top1_selection,,,,,,,,,,,,,,,,,,,2019-05-27,518880.SH,518880.SH,黄金,黄金,False,518880.SH,518880.SH,黄金,黄金,False,,,,,,,,,,,,,,,,,,,,,,,,,,,
daily_top1_selection,,,,,,,,,,,,,,,,,,,2019-05-28,518880.SH,518880.SH,黄金,黄金,False,518880.SH,518880.SH,黄金,黄金,False,,,,,,,,,,,,,,,,,,,,,,,,,,,
daily_top1_selection,,,,,,,,,,,,,,,,,,,2019-05-29,518880.SH,518880.SH,黄金,黄金,False,518880.SH,518880.SH,黄金,黄金,False,,,,,,,,,,,,,,,,,,,,,,,,,,,
daily_top1_selection,,,,,,,,,,,,,,,,,,,2019-05-30,518880.SH,518880.SH,黄金,黄金,False,518880.SH,518880.SH,黄金,黄金,False,,,,,,,,,,,,,,,,,,,,,,,,,,,
daily_top1_selection,,,,,,,,,,,,,,,,,,,2019-05-31,518880.SH,518880.SH,黄金,黄金,False,518880.SH,518880.SH,黄金,黄金,False,,,,,,,,,,,,,,,,,,,,,,,,,,,
daily_top1_selection,,,,,,,,,,,,,,,,,,,2019-06-03,518880.SH,518880.SH,黄金,黄金,False,518880.SH,518880.SH,黄金,黄金,False,,,,,,,,,,,,,,,,,,,,,,,,,,,
daily_top1_selection,,,,,,,,,,,,,,,,,,,2019-06-04,518880.SH,518880.SH,黄金,黄金,False,518880.SH,518880.SH,黄金,黄金,False,,,,,,,,,,,,,,,,,,,,,,,,,,,
daily_top1_selection,,,,,,,,,,,,,,,,,,,2019-06-05,518880.SH,518880.SH,黄金,黄金,False,518880.SH,518880.SH,黄金,黄金,False,,,,,,,,,,,,,,,,,,,,,,,,,,,
daily_top1_selection,,,,,,,,,,,,,,,,,,,2019-06-06,518880.SH,518880.SH,黄金,黄金,False,518880.SH,518880.SH,黄金,黄金,False,,,,,,,,,,,,,,,,,,,,,,,,,,,
daily_top1_selection,,,,,,,,,,,,,,,,,,,2019-06-10,518880.SH,518880.SH,黄金,黄金,False,518880.SH,518880.SH,黄金,黄金,False,,,,,,,,,,,,,,,,,,,,,,,,,,,
daily_top1_selection,,,,,,,,,,,,,,,,,,,2019-06-11,518880.SH,518880.SH,黄金,黄金,False,518880.SH,518880.SH,黄金,黄金,False,,,,,,,,,,,,,,,,,,,,,,,,,,,
daily_top1_selection,,,,,,,,,,,,,,,,,,,2019-06-12,518880.SH,518880.SH,黄金,黄金,False,518880.SH,518880.SH,黄金,黄金,False,,,,,,,,,,,,,,,,,,,,,,,,,,,
daily_top1_selection,,,,,,,,,,,,,,,,,,,2019-06-13,518880.SH,518880.SH,黄金,黄金,False,518880.SH,518880.SH,黄金,黄金,False,,,,,,,,,,,,,,,,,,,,,,,,,,,
daily_top1_selection,,,,,,,,,,,,,,,,,,,2019-06-14,518880.SH,518880.SH,黄金,黄金,False,518880.SH,518880.SH,黄金,黄金,False,,,,,,,,,,,,,,,,,,,,,,,,,,,
daily_top1_selection,,,,,,,,,,,,,,,,,,,2019-06-17,518880.SH,518880.SH,黄金,黄金,False,518880.SH,518880.SH,黄金,黄金,False,,,,,,,,,,,,,,,,,,,,,,,,,,,
daily_top1_selection,,,,,,,,,,,,,,,,,,,2019-06-18,518880.SH,518880.SH,黄金,黄金,False,518880.SH,518880.SH,黄金,黄金,False,,,,,,,,,,,,,,,,,,,,,,,,,,,
daily_top1_selection,,,,,,,,,,,,,,,,,,,2019-06-19,518880.SH,518880.SH,黄金,黄金,False,518880.SH,518880.SH,黄金,黄金,False,,,,,,,,,,,,,,,,,,,,,,,,,,,
daily_top1_selection,,,,,,,,,,,,,,,,,,,2019-06-20,518880.SH,518880.SH,黄金,黄金,False,518880.SH,518880.SH,黄金,黄金,False,,,,,,,,,,,,,,,,,,,,,,,,,,,
daily_top1_selection,,,,,,,,,,,,,,,,,,,2019-06-21,518880.SH,518880.SH,黄金,黄金,False,518880.SH,518880.SH,黄金,黄金,False,,,,,,,,,,,,,,,,,,,,,,,,,,,
daily_top1_selection,,,,,,,,,,,,,,,,,,,2019-06-24,518880.SH,518880.SH,黄金,黄金,False,518880.SH,518880.SH,黄金,黄金,False,,,,,,,,,,,,,,,,,,,,,,,,,,,
daily_top1_selection,,,,,,,,,,,,,,,,,,,2019-06-25,518880.SH,518880.SH,黄金,黄金,False,518880.SH,518880.SH,黄金,黄金,False,,,,,,,,,,,,,,,,,,,,,,,,,,,
daily_top1_selection,,,,,,,,,,,,,,,,,,,2019-06-26,518880.SH,518880.SH,黄金,黄金,False,518880.SH,518880.SH,黄金,黄金,False,,,,,,,,,,,,,,,,,,,,,,,,,,,
daily_top1_selection,,,,,,,,,,,,,,,,,,,2019-06-27,518880.SH,518880.SH,黄金,黄金,False,518880.SH,518880.SH,黄金,黄金,False,,,,,,,,,,,,,,,,,,,,,,,,,,,
daily_top1_selection,,,,,,,,,,,,,,,,,,,2019-06-28,518880.SH,518880.SH,黄金,黄金,False,518880.SH,518880.SH,黄金,黄金,False,,,,,,,,,,,,,,,,,,,,,,,,,,,
daily_top1_selection,,,,,,,,,,,,,,,,,,,2019-07-01,510300.SH,510300.SH,沪深300,沪深300,False,518880.SH,518880.SH,黄金,黄金,False,,,,,,,,,,,,,,,,,,,,,,,,,,,
daily_top1_selection,,,,,,,,,,,,,,,,,,,2019-07-02,513100.SH,510300.SH,纳指,沪深300,True,510300.SH,510300.SH,沪深300,沪深300,False,,,,,,,,,,,,,,,,,,,,,,,,,,,
daily_top1_selection,,,,,,,,,,,,,,,,,,,2019-07-03,513100.SH,513100.SH,纳指,纳指,False,510300.SH,510300.SH,沪深300,沪深300,False,,,,,,,,,,,,,,,,,,,,,,,,,,,
daily_top1_selection,,,,,,,,,,,,,,,,,,,2019-07-04,513100.SH,513100.SH,纳指,纳指,False,510300.SH,510300.SH,沪深300,沪深300,False,,,,,,,,,,,,,,,,,,,,,,,,,,,
daily_top1_selection,,,,,,,,,,,,,,,,,,,2019-07-05,510300.SH,510300.SH,沪深300,沪深300,False,510300.SH,510300.SH,沪深300,沪深300,False,,,,,,,,,,,,,,,,,,,,,,,,,,,
daily_top1_selection,,,,,,,,,,,,,,,,,,,2019-07-08,510300.SH,510300.SH,沪深300,沪深300,False,510300.SH,510300.SH,沪深300,沪深300,False,,,,,,,,,,,,,,,,,,,,,,,,,,,
daily_top1_selection,,,,,,,,,,,,,,,,,,,2019-07-09,518880.SH,518880.SH,黄金,黄金,False,510300.SH,510300.SH,沪深300,沪深300,False,,,,,,,,,,,,,,,,,,,,,,,,,,,
daily_top1_selection,,,,,,,,,,,,,,,,,,,2019-07-10,513100.SH,513100.SH,纳指,纳指,False,518880.SH,518880.SH,黄金,黄金,False,,,,,,,,,,,,,,,,,,,,,,,,,,,
daily_top1_selection,,,,,,,,,,,,,,,,,,,2019-07-11,513100.SH,513100.SH,纳指,纳指,False,518880.SH,518880.SH,黄金,黄金,False,,,,,,,,,,,,,,,,,,,,,,,,,,,
daily_top1_selection,,,,,,,,,,,,,,,,,,,2019-07-12,513100.SH,513100.SH,纳指,纳指,False,518880.SH,518880.SH,黄金,黄金,False,,,,,,,,,,,,,,,,,,,,,,,,,,,
daily_top1_selection,,,,,,,,,,,,,,,,,,,2019-07-15,159915.SZ,513100.SH,创业板,纳指,True,518880.SH,518880.SH,黄金,黄金,False,,,,,,,,,,,,,,,,,,,,,,,,,,,
daily_top1_selection,,,,,,,,,,,,,,,,,,,2019-07-16,159915.SZ,513100.SH,创业板,纳指,True,518880.SH,518880.SH,黄金,黄金,False,,,,,,,,,,,,,,,,,,,,,,,,,,,
daily_top1_selection,,,,,,,,,,,,,,,,,,,2019-07-17,159915.SZ,159915.SZ,创业板,创业板,False,159915.SZ,513100.SH,创业板,纳指,True,,,,,,,,,,,,,,,,,,,,,,,,,,,
daily_top1_selection,,,,,,,,,,,,,,,,,,,2019-07-18,518880.SH,518880.SH,黄金,黄金,False,159915.SZ,513100.SH,创业板,纳指,True,,,,,,,,,,,,,,,,,,,,,,,,,,,
daily_top1_selection,,,,,,,,,,,,,,,,,,,2019-07-19,518880.SH,513100.SH,黄金,纳指,True,159915.SZ,513100.SH,创业板,纳指,True,,,,,,,,,,,,,,,,,,,,,,,,,,,
daily_top1_selection,,,,,,,,,,,,,,,,,,,2019-07-22,513100.SH,513100.SH,纳指,纳指,False,159915.SZ,513100.SH,创业板,纳指,True,,,,,,,,,,,,,,,,,,,,,,,,,,,
daily_top1_selection,,,,,,,,,,,,,,,,,,,2019-07-23,513100.SH,513100.SH,纳指,纳指,False,159915.SZ,513100.SH,创业板,纳指,True,,,,,,,,,,,,,,,,,,,,,,,,,,,
daily_top1_selection,,,,,,,,,,,,,,,,,,,2019-07-24,513100.SH,513100.SH,纳指,纳指,False,513100.SH,513100.SH,纳指,纳指,False,,,,,,,,,,,,,,,,,,,,,,,,,,,
daily_top1_selection,,,,,,,,,,,,,,,,,,,2019-07-25,513100.SH,513100.SH,纳指,纳指,False,513100.SH,513100.SH,纳指,纳指,False,,,,,,,,,,,,,,,,,,,,,,,,,,,
daily_top1_selection,,,,,,,,,,,,,,,,,,,2019-07-26,513100.SH,513100.SH,纳指,纳指,False,513100.SH,513100.SH,纳指,纳指,False,,,,,,,,,,,,,,,,,,,,,,,,,,,
daily_top1_selection,,,,,,,,,,,,,,,,,,,2019-07-29,518880.SH,518880.SH,黄金,黄金,False,513100.SH,513100.SH,纳指,纳指,False,,,,,,,,,,,,,,,,,,,,,,,,,,,
daily_top1_selection,,,,,,,,,,,,,,,,,,,2019-07-30,513100.SH,513100.SH,纳指,纳指,False,513100.SH,518880.SH,纳指,黄金,True,,,,,,,,,,,,,,,,,,,,,,,,,,,
daily_top1_selection,,,,,,,,,,,,,,,,,,,2019-07-31,513100.SH,513100.SH,纳指,纳指,False,513100.SH,518880.SH,纳指,黄金,True,,,,,,,,,,,,,,,,,,,,,,,,,,,
daily_top1_selection,,,,,,,,,,,,,,,,,,,2019-08-01,159915.SZ,159915.SZ,创业板,创业板,False,513100.SH,518880.SH,纳指,黄金,True,,,,,,,,,,,,,,,,,,,,,,,,,,,
daily_top1_selection,,,,,,,,,,,,,,,,,,,2019-08-02,518880.SH,518880.SH,黄金,黄金,False,159915.SZ,518880.SH,创业板,黄金,True,,,,,,,,,,,,,,,,,,,,,,,,,,,
daily_top1_selection,,,,,,,,,,,,,,,,,,,2019-08-05,518880.SH,518880.SH,黄金,黄金,False,159915.SZ,518880.SH,创业板,黄金,True,,,,,,,,,,,,,,,,,,,,,,,,,,,
daily_top1_selection,,,,,,,,,,,,,,,,,,,2019-08-06,518880.SH,518880.SH,黄金,黄金,False,159915.SZ,518880.SH,创业板,黄金,True,,,,,,,,,,,,,,,,,,,,,,,,,,,
daily_top1_selection,,,,,,,,,,,,,,,,,,,2019-08-07,518880.SH,518880.SH,黄金,黄金,False,159915.SZ,518880.SH,创业板,黄金,True,,,,,,,,,,,,,,,,,,,,,,,,,,,
daily_top1_selection,,,,,,,,,,,,,,,,,,,2019-08-08,518880.SH,518880.SH,黄金,黄金,False,159915.SZ,518880.SH,创业板,黄金,True,,,,,,,,,,,,,,,,,,,,,,,,,,,
daily_top1_selection,,,,,,,,,,,,,,,,,,,2019-08-09,518880.SH,518880.SH,黄金,黄金,False,518880.SH,518880.SH,黄金,黄金,False,,,,,,,,,,,,,,,,,,,,,,,,,,,
daily_top1_selection,,,,,,,,,,,,,,,,,,,2019-08-12,518880.SH,518880.SH,黄金,黄金,False,518880.SH,518880.SH,黄金,黄金,False,,,,,,,,,,,,,,,,,,,,,,,,,,,
daily_top1_selection,,,,,,,,,,,,,,,,,,,2019-08-13,518880.SH,518880.SH,黄金,黄金,False,518880.SH,518880.SH,黄金,黄金,False,,,,,,,,,,,,,,,,,,,,,,,,,,,
daily_top1_selection,,,,,,,,,,,,,,,,,,,2019-08-14,518880.SH,518880.SH,黄金,黄金,False,518880.SH,518880.SH,黄金,黄金,False,,,,,,,,,,,,,,,,,,,,,,,,,,,
daily_top1_selection,,,,,,,,,,,,,,,,,,,2019-08-15,518880.SH,518880.SH,黄金,黄金,False,518880.SH,518880.SH,黄金,黄金,False,,,,,,,,,,,,,,,,,,,,,,,,,,,
daily_top1_selection,,,,,,,,,,,,,,,,,,,2019-08-16,518880.SH,518880.SH,黄金,黄金,False,518880.SH,518880.SH,黄金,黄金,False,,,,,,,,,,,,,,,,,,,,,,,,,,,
daily_top1_selection,,,,,,,,,,,,,,,,,,,2019-08-19,518880.SH,518880.SH,黄金,黄金,False,518880.SH,518880.SH,黄金,黄金,False,,,,,,,,,,,,,,,,,,,,,,,,,,,
daily_top1_selection,,,,,,,,,,,,,,,,,,,2019-08-20,518880.SH,518880.SH,黄金,黄金,False,518880.SH,518880.SH,黄金,黄金,False,,,,,,,,,,,,,,,,,,,,,,,,,,,
daily_top1_selection,,,,,,,,,,,,,,,,,,,2019-08-21,518880.SH,518880.SH,黄金,黄金,False,518880.SH,518880.SH,黄金,黄金,False,,,,,,,,,,,,,,,,,,,,,,,,,,,
daily_top1_selection,,,,,,,,,,,,,,,,,,,2019-08-22,518880.SH,518880.SH,黄金,黄金,False,518880.SH,518880.SH,黄金,黄金,False,,,,,,,,,,,,,,,,,,,,,,,,,,,
daily_top1_selection,,,,,,,,,,,,,,,,,,,2019-08-23,518880.SH,518880.SH,黄金,黄金,False,518880.SH,518880.SH,黄金,黄金,False,,,,,,,,,,,,,,,,,,,,,,,,,,,
daily_top1_selection,,,,,,,,,,,,,,,,,,,2019-08-26,518880.SH,518880.SH,黄金,黄金,False,518880.SH,518880.SH,黄金,黄金,False,,,,,,,,,,,,,,,,,,,,,,,,,,,
daily_top1_selection,,,,,,,,,,,,,,,,,,,2019-08-27,518880.SH,518880.SH,黄金,黄金,False,518880.SH,518880.SH,黄金,黄金,False,,,,,,,,,,,,,,,,,,,,,,,,,,,
daily_top1_selection,,,,,,,,,,,,,,,,,,,2019-08-28,518880.SH,518880.SH,黄金,黄金,False,518880.SH,518880.SH,黄金,黄金,False,,,,,,,,,,,,,,,,,,,,,,,,,,,
daily_top1_selection,,,,,,,,,,,,,,,,,,,2019-08-29,518880.SH,518880.SH,黄金,黄金,False,518880.SH,518880.SH,黄金,黄金,False,,,,,,,,,,,,,,,,,,,,,,,,,,,
daily_top1_selection,,,,,,,,,,,,,,,,,,,2019-08-30,518880.SH,518880.SH,黄金,黄金,False,518880.SH,518880.SH,黄金,黄金,False,,,,,,,,,,,,,,,,,,,,,,,,,,,
daily_top1_selection,,,,,,,,,,,,,,,,,,,2019-09-02,159915.SZ,159915.SZ,创业板,创业板,False,518880.SH,518880.SH,黄金,黄金,False,,,,,,,,,,,,,,,,,,,,,,,,,,,
daily_top1_selection,,,,,,,,,,,,,,,,,,,2019-09-03,159915.SZ,159915.SZ,创业板,创业板,False,159915.SZ,159915.SZ,创业板,创业板,False,,,,,,,,,,,,,,,,,,,,,,,,,,,
daily_top1_selection,,,,,,,,,,,,,,,,,,,2019-09-04,159915.SZ,159915.SZ,创业板,创业板,False,159915.SZ,159915.SZ,创业板,创业板,False,,,,,,,,,,,,,,,,,,,,,,,,,,,
daily_top1_selection,,,,,,,,,,,,,,,,,,,2019-09-05,159915.SZ,159915.SZ,创业板,创业板,False,159915.SZ,159915.SZ,创业板,创业板,False,,,,,,,,,,,,,,,,,,,,,,,,,,,
daily_top1_selection,,,,,,,,,,,,,,,,,,,2019-09-06,159915.SZ,159915.SZ,创业板,创业板,False,159915.SZ,159915.SZ,创业板,创业板,False,,,,,,,,,,,,,,,,,,,,,,,,,,,
daily_top1_selection,,,,,,,,,,,,,,,,,,,2019-09-09,159915.SZ,159915.SZ,创业板,创业板,False,159915.SZ,159915.SZ,创业板,创业板,False,,,,,,,,,,,,,,,,,,,,,,,,,,,
daily_top1_selection,,,,,,,,,,,,,,,,,,,2019-09-10,159915.SZ,159915.SZ,创业板,创业板,False,159915.SZ,159915.SZ,创业板,创业板,False,,,,,,,,,,,,,,,,,,,,,,,,,,,
daily_top1_selection,,,,,,,,,,,,,,,,,,,2019-09-11,159915.SZ,159915.SZ,创业板,创业板,False,159915.SZ,159915.SZ,创业板,创业板,False,,,,,,,,,,,,,,,,,,,,,,,,,,,
daily_top1_selection,,,,,,,,,,,,,,,,,,,2019-09-12,159915.SZ,159915.SZ,创业板,创业板,False,159915.SZ,159915.SZ,创业板,创业板,False,,,,,,,,,,,,,,,,,,,,,,,,,,,
daily_top1_selection,,,,,,,,,,,,,,,,,,,2019-09-16,159915.SZ,159915.SZ,创业板,创业板,False,159915.SZ,159915.SZ,创业板,创业板,False,,,,,,,,,,,,,,,,,,,,,,,,,,,
daily_top1_selection,,,,,,,,,,,,,,,,,,,2019-09-17,159915.SZ,159915.SZ,创业板,创业板,False,159915.SZ,159915.SZ,创业板,创业板,False,,,,,,,,,,,,,,,,,,,,,,,,,,,
daily_top1_selection,,,,,,,,,,,,,,,,,,,2019-09-18,159915.SZ,159915.SZ,创业板,创业板,False,159915.SZ,159915.SZ,创业板,创业板,False,,,,,,,,,,,,,,,,,,,,,,,,,,,
daily_top1_selection,,,,,,,,,,,,,,,,,,,2019-09-19,159915.SZ,159915.SZ,创业板,创业板,False,159915.SZ,159915.SZ,创业板,创业板,False,,,,,,,,,,,,,,,,,,,,,,,,,,,
daily_top1_selection,,,,,,,,,,,,,,,,,,,2019-09-20,159915.SZ,159915.SZ,创业板,创业板,False,159915.SZ,159915.SZ,创业板,创业板,False,,,,,,,,,,,,,,,,,,,,,,,,,,,
daily_top1_selection,,,,,,,,,,,,,,,,,,,2019-09-23,159915.SZ,159915.SZ,创业板,创业板,False,159915.SZ,159915.SZ,创业板,创业板,False,,,,,,,,,,,,,,,,,,,,,,,,,,,
daily_top1_selection,,,,,,,,,,,,,,,,,,,2019-09-24,159915.SZ,159915.SZ,创业板,创业板,False,159915.SZ,159915.SZ,创业板,创业板,False,,,,,,,,,,,,,,,,,,,,,,,,,,,
daily_top1_selection,,,,,,,,,,,,,,,,,,,2019-09-25,159915.SZ,159915.SZ,创业板,创业板,False,159915.SZ,159915.SZ,创业板,创业板,False,,,,,,,,,,,,,,,,,,,,,,,,,,,
daily_top1_selection,,,,,,,,,,,,,,,,,,,2019-09-26,513100.SH,513100.SH,纳指,纳指,False,159915.SZ,159915.SZ,创业板,创业板,False,,,,,,,,,,,,,,,,,,,,,,,,,,,
daily_top1_selection,,,,,,,,,,,,,,,,,,,2019-09-27,513100.SH,513100.SH,纳指,纳指,False,513100.SH,513100.SH,纳指,纳指,False,,,,,,,,,,,,,,,,,,,,,,,,,,,
daily_top1_selection,,,,,,,,,,,,,,,,,,,2019-09-30,159915.SZ,159915.SZ,创业板,创业板,False,513100.SH,513100.SH,纳指,纳指,False,,,,,,,,,,,,,,,,,,,,,,,,,,,
daily_top1_selection,,,,,,,,,,,,,,,,,,,2019-10-08,513100.SH,513100.SH,纳指,纳指,False,513100.SH,513100.SH,纳指,纳指,False,,,,,,,,,,,,,,,,,,,,,,,,,,,
daily_top1_selection,,,,,,,,,,,,,,,,,,,2019-10-09,510300.SH,510300.SH,沪深300,沪深300,False,513100.SH,513100.SH,纳指,纳指,False,,,,,,,,,,,,,,,,,,,,,,,,,,,
daily_top1_selection,,,,,,,,,,,,,,,,,,,2019-10-10,159915.SZ,159915.SZ,创业板,创业板,False,513100.SH,513100.SH,纳指,纳指,False,,,,,,,,,,,,,,,,,,,,,,,,,,,
daily_top1_selection,,,,,,,,,,,,,,,,,,,2019-10-11,510300.SH,510300.SH,沪深300,沪深300,False,159915.SZ,159915.SZ,创业板,创业板,False,,,,,,,,,,,,,,,,,,,,,,,,,,,
daily_top1_selection,,,,,,,,,,,,,,,,,,,2019-10-14,510300.SH,510300.SH,沪深300,沪深300,False,159915.SZ,159915.SZ,创业板,创业板,False,,,,,,,,,,,,,,,,,,,,,,,,,,,
daily_top1_selection,,,,,,,,,,,,,,,,,,,2019-10-15,513100.SH,513100.SH,纳指,纳指,False,159915.SZ,159915.SZ,创业板,创业板,False,,,,,,,,,,,,,,,,,,,,,,,,,,,
daily_top1_selection,,,,,,,,,,,,,,,,,,,2019-10-16,513100.SH,513100.SH,纳指,纳指,False,159915.SZ,159915.SZ,创业板,创业板,False,,,,,,,,,,,,,,,,,,,,,,,,,,,
daily_top1_selection,,,,,,,,,,,,,,,,,,,2019-10-17,513100.SH,513100.SH,纳指,纳指,False,159915.SZ,159915.SZ,创业板,创业板,False,,,,,,,,,,,,,,,,,,,,,,,,,,,
daily_top1_selection,,,,,,,,,,,,,,,,,,,2019-10-18,513100.SH,513100.SH,纳指,纳指,False,513100.SH,513100.SH,纳指,纳指,False,,,,,,,,,,,,,,,,,,,,,,,,,,,
daily_top1_selection,,,,,,,,,,,,,,,,,,,2019-10-21,513100.SH,513100.SH,纳指,纳指,False,513100.SH,513100.SH,纳指,纳指,False,,,,,,,,,,,,,,,,,,,,,,,,,,,
daily_top1_selection,,,,,,,,,,,,,,,,,,,2019-10-22,513100.SH,513100.SH,纳指,纳指,False,513100.SH,513100.SH,纳指,纳指,False,,,,,,,,,,,,,,,,,,,,,,,,,,,
daily_top1_selection,,,,,,,,,,,,,,,,,,,2019-10-23,513100.SH,513100.SH,纳指,纳指,False,513100.SH,513100.SH,纳指,纳指,False,,,,,,,,,,,,,,,,,,,,,,,,,,,
daily_top1_selection,,,,,,,,,,,,,,,,,,,2019-10-24,513100.SH,513100.SH,纳指,纳指,False,513100.SH,513100.SH,纳指,纳指,False,,,,,,,,,,,,,,,,,,,,,,,,,,,
daily_top1_selection,,,,,,,,,,,,,,,,,,,2019-10-25,513100.SH,513100.SH,纳指,纳指,False,513100.SH,513100.SH,纳指,纳指,False,,,,,,,,,,,,,,,,,,,,,,,,,,,
daily_top1_selection,,,,,,,,,,,,,,,,,,,2019-10-28,513100.SH,513100.SH,纳指,纳指,False,513100.SH,513100.SH,纳指,纳指,False,,,,,,,,,,,,,,,,,,,,,,,,,,,
daily_top1_selection,,,,,,,,,,,,,,,,,,,2019-10-29,513100.SH,513100.SH,纳指,纳指,False,513100.SH,513100.SH,纳指,纳指,False,,,,,,,,,,,,,,,,,,,,,,,,,,,
daily_top1_selection,,,,,,,,,,,,,,,,,,,2019-10-30,513100.SH,513100.SH,纳指,纳指,False,513100.SH,513100.SH,纳指,纳指,False,,,,,,,,,,,,,,,,,,,,,,,,,,,
daily_top1_selection,,,,,,,,,,,,,,,,,,,2019-10-31,513100.SH,513100.SH,纳指,纳指,False,513100.SH,513100.SH,纳指,纳指,False,,,,,,,,,,,,,,,,,,,,,,,,,,,
daily_top1_selection,,,,,,,,,,,,,,,,,,,2019-11-01,513100.SH,513100.SH,纳指,纳指,False,513100.SH,513100.SH,纳指,纳指,False,,,,,,,,,,,,,,,,,,,,,,,,,,,
daily_top1_selection,,,,,,,,,,,,,,,,,,,2019-11-04,513100.SH,513100.SH,纳指,纳指,False,513100.SH,513100.SH,纳指,纳指,False,,,,,,,,,,,,,,,,,,,,,,,,,,,
daily_top1_selection,,,,,,,,,,,,,,,,,,,2019-11-05,159915.SZ,159915.SZ,创业板,创业板,False,513100.SH,513100.SH,纳指,纳指,False,,,,,,,,,,,,,,,,,,,,,,,,,,,
daily_top1_selection,,,,,,,,,,,,,,,,,,,2019-11-06,513100.SH,513100.SH,纳指,纳指,False,159915.SZ,159915.SZ,创业板,创业板,False,,,,,,,,,,,,,,,,,,,,,,,,,,,
daily_top1_selection,,,,,,,,,,,,,,,,,,,2019-11-07,513100.SH,513100.SH,纳指,纳指,False,159915.SZ,159915.SZ,创业板,创业板,False,,,,,,,,,,,,,,,,,,,,,,,,,,,
daily_top1_selection,,,,,,,,,,,,,,,,,,,2019-11-08,513100.SH,513100.SH,纳指,纳指,False,159915.SZ,159915.SZ,创业板,创业板,False,,,,,,,,,,,,,,,,,,,,,,,,,,,
daily_top1_selection,,,,,,,,,,,,,,,,,,,2019-11-11,513100.SH,513100.SH,纳指,纳指,False,159915.SZ,159915.SZ,创业板,创业板,False,,,,,,,,,,,,,,,,,,,,,,,,,,,
daily_top1_selection,,,,,,,,,,,,,,,,,,,2019-11-12,513100.SH,513100.SH,纳指,纳指,False,159915.SZ,159915.SZ,创业板,创业板,False,,,,,,,,,,,,,,,,,,,,,,,,,,,
daily_top1_selection,,,,,,,,,,,,,,,,,,,2019-11-13,513100.SH,513100.SH,纳指,纳指,False,513100.SH,513100.SH,纳指,纳指,False,,,,,,,,,,,,,,,,,,,,,,,,,,,
daily_top1_selection,,,,,,,,,,,,,,,,,,,2019-11-14,513100.SH,513100.SH,纳指,纳指,False,513100.SH,513100.SH,纳指,纳指,False,,,,,,,,,,,,,,,,,,,,,,,,,,,
daily_top1_selection,,,,,,,,,,,,,,,,,,,2019-11-15,513100.SH,513100.SH,纳指,纳指,False,513100.SH,513100.SH,纳指,纳指,False,,,,,,,,,,,,,,,,,,,,,,,,,,,
daily_top1_selection,,,,,,,,,,,,,,,,,,,2019-11-18,513100.SH,513100.SH,纳指,纳指,False,513100.SH,513100.SH,纳指,纳指,False,,,,,,,,,,,,,,,,,,,,,,,,,,,
daily_top1_selection,,,,,,,,,,,,,,,,,,,2019-11-19,513100.SH,513100.SH,纳指,纳指,False,513100.SH,513100.SH,纳指,纳指,False,,,,,,,,,,,,,,,,,,,,,,,,,,,
daily_top1_selection,,,,,,,,,,,,,,,,,,,2019-11-20,513100.SH,513100.SH,纳指,纳指,False,513100.SH,513100.SH,纳指,纳指,False,,,,,,,,,,,,,,,,,,,,,,,,,,,
daily_top1_selection,,,,,,,,,,,,,,,,,,,2019-11-21,513100.SH,513100.SH,纳指,纳指,False,513100.SH,513100.SH,纳指,纳指,False,,,,,,,,,,,,,,,,,,,,,,,,,,,
daily_top1_selection,,,,,,,,,,,,,,,,,,,2019-11-22,513100.SH,513100.SH,纳指,纳指,False,513100.SH,513100.SH,纳指,纳指,False,,,,,,,,,,,,,,,,,,,,,,,,,,,
daily_top1_selection,,,,,,,,,,,,,,,,,,,2019-11-25,513100.SH,513100.SH,纳指,纳指,False,513100.SH,513100.SH,纳指,纳指,False,,,,,,,,,,,,,,,,,,,,,,,,,,,
daily_top1_selection,,,,,,,,,,,,,,,,,,,2019-11-26,513100.SH,513100.SH,纳指,纳指,False,513100.SH,513100.SH,纳指,纳指,False,,,,,,,,,,,,,,,,,,,,,,,,,,,
daily_top1_selection,,,,,,,,,,,,,,,,,,,2019-11-27,513100.SH,513100.SH,纳指,纳指,False,513100.SH,513100.SH,纳指,纳指,False,,,,,,,,,,,,,,,,,,,,,,,,,,,
daily_top1_selection,,,,,,,,,,,,,,,,,,,2019-11-28,513100.SH,513100.SH,纳指,纳指,False,513100.SH,513100.SH,纳指,纳指,False,,,,,,,,,,,,,,,,,,,,,,,,,,,
daily_top1_selection,,,,,,,,,,,,,,,,,,,2019-11-29,513100.SH,513100.SH,纳指,纳指,False,513100.SH,513100.SH,纳指,纳指,False,,,,,,,,,,,,,,,,,,,,,,,,,,,
daily_top1_selection,,,,,,,,,,,,,,,,,,,2019-12-02,513100.SH,513100.SH,纳指,纳指,False,513100.SH,513100.SH,纳指,纳指,False,,,,,,,,,,,,,,,,,,,,,,,,,,,
daily_top1_selection,,,,,,,,,,,,,,,,,,,2019-12-03,513100.SH,513100.SH,纳指,纳指,False,513100.SH,513100.SH,纳指,纳指,False,,,,,,,,,,,,,,,,,,,,,,,,,,,
daily_top1_selection,,,,,,,,,,,,,,,,,,,2019-12-04,513100.SH,513100.SH,纳指,纳指,False,513100.SH,513100.SH,纳指,纳指,False,,,,,,,,,,,,,,,,,,,,,,,,,,,
daily_top1_selection,,,,,,,,,,,,,,,,,,,2019-12-05,513100.SH,513100.SH,纳指,纳指,False,513100.SH,513100.SH,纳指,纳指,False,,,,,,,,,,,,,,,,,,,,,,,,,,,
daily_top1_selection,,,,,,,,,,,,,,,,,,,2019-12-06,513100.SH,513100.SH,纳指,纳指,False,513100.SH,513100.SH,纳指,纳指,False,,,,,,,,,,,,,,,,,,,,,,,,,,,
daily_top1_selection,,,,,,,,,,,,,,,,,,,2019-12-09,513100.SH,513100.SH,纳指,纳指,False,513100.SH,513100.SH,纳指,纳指,False,,,,,,,,,,,,,,,,,,,,,,,,,,,
daily_top1_selection,,,,,,,,,,,,,,,,,,,2019-12-10,159915.SZ,159915.SZ,创业板,创业板,False,513100.SH,513100.SH,纳指,纳指,False,,,,,,,,,,,,,,,,,,,,,,,,,,,
daily_top1_selection,,,,,,,,,,,,,,,,,,,2019-12-11,513100.SH,513100.SH,纳指,纳指,False,159915.SZ,159915.SZ,创业板,创业板,False,,,,,,,,,,,,,,,,,,,,,,,,,,,
daily_top1_selection,,,,,,,,,,,,,,,,,,,2019-12-12,513100.SH,513100.SH,纳指,纳指,False,159915.SZ,159915.SZ,创业板,创业板,False,,,,,,,,,,,,,,,,,,,,,,,,,,,
daily_top1_selection,,,,,,,,,,,,,,,,,,,2019-12-13,159915.SZ,159915.SZ,创业板,创业板,False,159915.SZ,159915.SZ,创业板,创业板,False,,,,,,,,,,,,,,,,,,,,,,,,,,,
daily_top1_selection,,,,,,,,,,,,,,,,,,,2019-12-16,159915.SZ,159915.SZ,创业板,创业板,False,159915.SZ,159915.SZ,创业板,创业板,False,,,,,,,,,,,,,,,,,,,,,,,,,,,
daily_top1_selection,,,,,,,,,,,,,,,,,,,2019-12-17,159915.SZ,513100.SH,创业板,纳指,True,159915.SZ,159915.SZ,创业板,创业板,False,,,,,,,,,,,,,,,,,,,,,,,,,,,
daily_top1_selection,,,,,,,,,,,,,,,,,,,2019-12-18,159915.SZ,159915.SZ,创业板,创业板,False,159915.SZ,513100.SH,创业板,纳指,True,,,,,,,,,,,,,,,,,,,,,,,,,,,
daily_top1_selection,,,,,,,,,,,,,,,,,,,2019-12-19,159915.SZ,159915.SZ,创业板,创业板,False,159915.SZ,513100.SH,创业板,纳指,True,,,,,,,,,,,,,,,,,,,,,,,,,,,
daily_top1_selection,,,,,,,,,,,,,,,,,,,2019-12-20,159915.SZ,159915.SZ,创业板,创业板,False,159915.SZ,513100.SH,创业板,纳指,True,,,,,,,,,,,,,,,,,,,,,,,,,,,
daily_top1_selection,,,,,,,,,,,,,,,,,,,2019-12-23,159915.SZ,513100.SH,创业板,纳指,True,159915.SZ,513100.SH,创业板,纳指,True,,,,,,,,,,,,,,,,,,,,,,,,,,,
daily_top1_selection,,,,,,,,,,,,,,,,,,,2019-12-24,159915.SZ,159915.SZ,创业板,创业板,False,159915.SZ,513100.SH,创业板,纳指,True,,,,,,,,,,,,,,,,,,,,,,,,,,,
daily_top1_selection,,,,,,,,,,,,,,,,,,,2019-12-25,159915.SZ,159915.SZ,创业板,创业板,False,159915.SZ,159915.SZ,创业板,创业板,False,,,,,,,,,,,,,,,,,,,,,,,,,,,
daily_top1_selection,,,,,,,,,,,,,,,,,,,2019-12-26,159915.SZ,159915.SZ,创业板,创业板,False,159915.SZ,159915.SZ,创业板,创业板,False,,,,,,,,,,,,,,,,,,,,,,,,,,,
daily_top1_selection,,,,,,,,,,,,,,,,,,,2019-12-27,159915.SZ,510300.SH,创业板,沪深300,True,159915.SZ,159915.SZ,创业板,创业板,False,,,,,,,,,,,,,,,,,,,,,,,,,,,
daily_top1_selection,,,,,,,,,,,,,,,,,,,2019-12-30,159915.SZ,510300.SH,创业板,沪深300,True,159915.SZ,159915.SZ,创业板,创业板,False,,,,,,,,,,,,,,,,,,,,,,,,,,,
daily_top1_selection,,,,,,,,,,,,,,,,,,,2019-12-31,159915.SZ,510300.SH,创业板,沪深300,True,159915.SZ,159915.SZ,创业板,创业板,False,,,,,,,,,,,,,,,,,,,,,,,,,,,
daily_top1_selection,,,,,,,,,,,,,,,,,,,2020-01-02,159915.SZ,510300.SH,创业板,沪深300,True,159915.SZ,510300.SH,创业板,沪深300,True,,,,,,,,,,,,,,,,,,,,,,,,,,,
daily_top1_selection,,,,,,,,,,,,,,,,,,,2020-01-03,159915.SZ,510300.SH,创业板,沪深300,True,159915.SZ,510300.SH,创业板,沪深300,True,,,,,,,,,,,,,,,,,,,,,,,,,,,
daily_top1_selection,,,,,,,,,,,,,,,,,,,2020-01-06,159915.SZ,518880.SH,创业板,黄金,True,159915.SZ,510300.SH,创业板,沪深300,True,,,,,,,,,,,,,,,,,,,,,,,,,,,
daily_top1_selection,,,,,,,,,,,,,,,,,,,2020-01-07,159915.SZ,159915.SZ,创业板,创业板,False,159915.SZ,510300.SH,创业板,沪深300,True,,,,,,,,,,,,,,,,,,,,,,,,,,,
daily_top1_selection,,,,,,,,,,,,,,,,,,,2020-01-08,518880.SH,518880.SH,黄金,黄金,False,159915.SZ,510300.SH,创业板,沪深300,True,,,,,,,,,,,,,,,,,,,,,,,,,,,
daily_top1_selection,,,,,,,,,,,,,,,,,,,2020-01-09,159915.SZ,159915.SZ,创业板,创业板,False,518880.SH,518880.SH,黄金,黄金,False,,,,,,,,,,,,,,,,,,,,,,,,,,,
daily_top1_selection,,,,,,,,,,,,,,,,,,,2020-01-10,159915.SZ,513100.SH,创业板,纳指,True,518880.SH,518880.SH,黄金,黄金,False,,,,,,,,,,,,,,,,,,,,,,,,,,,
daily_top1_selection,,,,,,,,,,,,,,,,,,,2020-01-13,159915.SZ,159915.SZ,创业板,创业板,False,518880.SH,518880.SH,黄金,黄金,False,,,,,,,,,,,,,,,,,,,,,,,,,,,
daily_top1_selection,,,,,,,,,,,,,,,,,,,2020-01-14,513100.SH,513100.SH,纳指,纳指,False,518880.SH,518880.SH,黄金,黄金,False,,,,,,,,,,,,,,,,,,,,,,,,,,,
daily_top1_selection,,,,,,,,,,,,,,,,,,,2020-01-15,513100.SH,513100.SH,纳指,纳指,False,518880.SH,518880.SH,黄金,黄金,False,,,,,,,,,,,,,,,,,,,,,,,,,,,
daily_top1_selection,,,,,,,,,,,,,,,,,,,2020-01-16,513100.SH,513100.SH,纳指,纳指,False,513100.SH,513100.SH,纳指,纳指,False,,,,,,,,,,,,,,,,,,,,,,,,,,,
daily_top1_selection,,,,,,,,,,,,,,,,,,,2020-01-17,513100.SH,513100.SH,纳指,纳指,False,513100.SH,513100.SH,纳指,纳指,False,,,,,,,,,,,,,,,,,,,,,,,,,,,
daily_top1_selection,,,,,,,,,,,,,,,,,,,2020-01-20,159915.SZ,159915.SZ,创业板,创业板,False,513100.SH,513100.SH,纳指,纳指,False,,,,,,,,,,,,,,,,,,,,,,,,,,,
daily_top1_selection,,,,,,,,,,,,,,,,,,,2020-01-21,159915.SZ,159915.SZ,创业板,创业板,False,513100.SH,513100.SH,纳指,纳指,False,,,,,,,,,,,,,,,,,,,,,,,,,,,
daily_top1_selection,,,,,,,,,,,,,,,,,,,2020-01-22,159915.SZ,159915.SZ,创业板,创业板,False,513100.SH,513100.SH,纳指,纳指,False,,,,,,,,,,,,,,,,,,,,,,,,,,,
daily_top1_selection,,,,,,,,,,,,,,,,,,,2020-01-23,513100.SH,513100.SH,纳指,纳指,False,159915.SZ,159915.SZ,创业板,创业板,False,,,,,,,,,,,,,,,,,,,,,,,,,,,
daily_top1_selection,,,,,,,,,,,,,,,,,,,2020-02-03,518880.SH,518880.SH,黄金,黄金,False,159915.SZ,159915.SZ,创业板,创业板,False,,,,,,,,,,,,,,,,,,,,,,,,,,,
daily_top1_selection,,,,,,,,,,,,,,,,,,,2020-02-04,159915.SZ,513100.SH,创业板,纳指,True,159915.SZ,159915.SZ,创业板,创业板,False,,,,,,,,,,,,,,,,,,,,,,,,,,,
daily_top1_selection,,,,,,,,,,,,,,,,,,,2020-02-05,513100.SH,513100.SH,纳指,纳指,False,159915.SZ,159915.SZ,创业板,创业板,False,,,,,,,,,,,,,,,,,,,,,,,,,,,
daily_top1_selection,,,,,,,,,,,,,,,,,,,2020-02-06,513100.SH,513100.SH,纳指,纳指,False,159915.SZ,159915.SZ,创业板,创业板,False,,,,,,,,,,,,,,,,,,,,,,,,,,,
daily_top1_selection,,,,,,,,,,,,,,,,,,,2020-02-07,513100.SH,513100.SH,纳指,纳指,False,513100.SH,513100.SH,纳指,纳指,False,,,,,,,,,,,,,,,,,,,,,,,,,,,
daily_top1_selection,,,,,,,,,,,,,,,,,,,2020-02-10,513100.SH,513100.SH,纳指,纳指,False,513100.SH,513100.SH,纳指,纳指,False,,,,,,,,,,,,,,,,,,,,,,,,,,,
daily_top1_selection,,,,,,,,,,,,,,,,,,,2020-02-11,513100.SH,513100.SH,纳指,纳指,False,513100.SH,513100.SH,纳指,纳指,False,,,,,,,,,,,,,,,,,,,,,,,,,,,
daily_top1_selection,,,,,,,,,,,,,,,,,,,2020-02-12,513100.SH,513100.SH,纳指,纳指,False,513100.SH,513100.SH,纳指,纳指,False,,,,,,,,,,,,,,,,,,,,,,,,,,,
daily_top1_selection,,,,,,,,,,,,,,,,,,,2020-02-13,513100.SH,513100.SH,纳指,纳指,False,513100.SH,513100.SH,纳指,纳指,False,,,,,,,,,,,,,,,,,,,,,,,,,,,
daily_top1_selection,,,,,,,,,,,,,,,,,,,2020-02-14,513100.SH,513100.SH,纳指,纳指,False,513100.SH,513100.SH,纳指,纳指,False,,,,,,,,,,,,,,,,,,,,,,,,,,,
daily_top1_selection,,,,,,,,,,,,,,,,,,,2020-02-17,513100.SH,513100.SH,纳指,纳指,False,513100.SH,513100.SH,纳指,纳指,False,,,,,,,,,,,,,,,,,,,,,,,,,,,
daily_top1_selection,,,,,,,,,,,,,,,,,,,2020-02-18,513100.SH,513100.SH,纳指,纳指,False,513100.SH,513100.SH,纳指,纳指,False,,,,,,,,,,,,,,,,,,,,,,,,,,,
daily_top1_selection,,,,,,,,,,,,,,,,,,,2020-02-19,513100.SH,159915.SZ,纳指,创业板,True,513100.SH,513100.SH,纳指,纳指,False,,,,,,,,,,,,,,,,,,,,,,,,,,,
daily_top1_selection,,,,,,,,,,,,,,,,,,,2020-02-20,159915.SZ,159915.SZ,创业板,创业板,False,513100.SH,159915.SZ,纳指,创业板,True,,,,,,,,,,,,,,,,,,,,,,,,,,,
daily_top1_selection,,,,,,,,,,,,,,,,,,,2020-02-21,159915.SZ,159915.SZ,创业板,创业板,False,159915.SZ,159915.SZ,创业板,创业板,False,,,,,,,,,,,,,,,,,,,,,,,,,,,
daily_top1_selection,,,,,,,,,,,,,,,,,,,2020-02-24,159915.SZ,159915.SZ,创业板,创业板,False,159915.SZ,159915.SZ,创业板,创业板,False,,,,,,,,,,,,,,,,,,,,,,,,,,,
daily_top1_selection,,,,,,,,,,,,,,,,,,,2020-02-25,159915.SZ,159915.SZ,创业板,创业板,False,159915.SZ,159915.SZ,创业板,创业板,False,,,,,,,,,,,,,,,,,,,,,,,,,,,
daily_top1_selection,,,,,,,,,,,,,,,,,,,2020-02-26,159915.SZ,518880.SH,创业板,黄金,True,159915.SZ,159915.SZ,创业板,创业板,False,,,,,,,,,,,,,,,,,,,,,,,,,,,
daily_top1_selection,,,,,,,,,,,,,,,,,,,2020-02-27,159915.SZ,518880.SH,创业板,黄金,True,159915.SZ,518880.SH,创业板,黄金,True,,,,,,,,,,,,,,,,,,,,,,,,,,,
daily_top1_selection,,,,,,,,,,,,,,,,,,,2020-02-28,159915.SZ,518880.SH,创业板,黄金,True,159915.SZ,518880.SH,创业板,黄金,True,,,,,,,,,,,,,,,,,,,,,,,,,,,
daily_top1_selection,,,,,,,,,,,,,,,,,,,2020-03-02,159915.SZ,159915.SZ,创业板,创业板,False,159915.SZ,518880.SH,创业板,黄金,True,,,,,,,,,,,,,,,,,,,,,,,,,,,
daily_top1_selection,,,,,,,,,,,,,,,,,,,2020-03-03,159915.SZ,159915.SZ,创业板,创业板,False,159915.SZ,518880.SH,创业板,黄金,True,,,,,,,,,,,,,,,,,,,,,,,,,,,
daily_top1_selection,,,,,,,,,,,,,,,,,,,2020-03-04,159915.SZ,159915.SZ,创业板,创业板,False,159915.SZ,518880.SH,创业板,黄金,True,,,,,,,,,,,,,,,,,,,,,,,,,,,
daily_top1_selection,,,,,,,,,,,,,,,,,,,2020-03-05,159915.SZ,510300.SH,创业板,沪深300,True,159915.SZ,159915.SZ,创业板,创业板,False,,,,,,,,,,,,,,,,,,,,,,,,,,,
daily_top1_selection,,,,,,,,,,,,,,,,,,,2020-03-06,159915.SZ,518880.SH,创业板,黄金,True,159915.SZ,159915.SZ,创业板,创业板,False,,,,,,,,,,,,,,,,,,,,,,,,,,,
daily_top1_selection,,,,,,,,,,,,,,,,,,,2020-03-09,518880.SH,518880.SH,黄金,黄金,False,159915.SZ,159915.SZ,创业板,创业板,False,,,,,,,,,,,,,,,,,,,,,,,,,,,
daily_top1_selection,,,,,,,,,,,,,,,,,,,2020-03-10,159915.SZ,159915.SZ,创业板,创业板,False,518880.SH,159915.SZ,黄金,创业板,True,,,,,,,,,,,,,,,,,,,,,,,,,,,
daily_top1_selection,,,,,,,,,,,,,,,,,,,2020-03-11,518880.SH,518880.SH,黄金,黄金,False,518880.SH,159915.SZ,黄金,创业板,True,,,,,,,,,,,,,,,,,,,,,,,,,,,
daily_top1_selection,,,,,,,,,,,,,,,,,,,2020-03-12,518880.SH,518880.SH,黄金,黄金,False,518880.SH,518880.SH,黄金,黄金,False,,,,,,,,,,,,,,,,,,,,,,,,,,,
daily_top1_selection,,,,,,,,,,,,,,,,,,,2020-03-13,518880.SH,518880.SH,黄金,黄金,False,518880.SH,518880.SH,黄金,黄金,False,,,,,,,,,,,,,,,,,,,,,,,,,,,
daily_top1_selection,,,,,,,,,,,,,,,,,,,2020-03-16,518880.SH,518880.SH,黄金,黄金,False,518880.SH,518880.SH,黄金,黄金,False,,,,,,,,,,,,,,,,,,,,,,,,,,,
daily_top1_selection,,,,,,,,,,,,,,,,,,,2020-03-17,518880.SH,518880.SH,黄金,黄金,False,518880.SH,518880.SH,黄金,黄金,False,,,,,,,,,,,,,,,,,,,,,,,,,,,
daily_top1_selection,,,,,,,,,,,,,,,,,,,2020-03-18,518880.SH,518880.SH,黄金,黄金,False,518880.SH,518880.SH,黄金,黄金,False,,,,,,,,,,,,,,,,,,,,,,,,,,,
daily_top1_selection,,,,,,,,,,,,,,,,,,,2020-03-19,518880.SH,518880.SH,黄金,黄金,False,518880.SH,518880.SH,黄金,黄金,False,,,,,,,,,,,,,,,,,,,,,,,,,,,
daily_top1_selection,,,,,,,,,,,,,,,,,,,2020-03-20,518880.SH,518880.SH,黄金,黄金,False,518880.SH,518880.SH,黄金,黄金,False,,,,,,,,,,,,,,,,,,,,,,,,,,,
daily_top1_selection,,,,,,,,,,,,,,,,,,,2020-03-23,518880.SH,518880.SH,黄金,黄金,False,518880.SH,518880.SH,黄金,黄金,False,,,,,,,,,,,,,,,,,,,,,,,,,,,
daily_top1_selection,,,,,,,,,,,,,,,,,,,2020-03-24,518880.SH,518880.SH,黄金,黄金,False,518880.SH,518880.SH,黄金,黄金,False,,,,,,,,,,,,,,,,,,,,,,,,,,,
daily_top1_selection,,,,,,,,,,,,,,,,,,,2020-03-25,518880.SH,518880.SH,黄金,黄金,False,518880.SH,518880.SH,黄金,黄金,False,,,,,,,,,,,,,,,,,,,,,,,,,,,
daily_top1_selection,,,,,,,,,,,,,,,,,,,2020-03-26,518880.SH,518880.SH,黄金,黄金,False,518880.SH,518880.SH,黄金,黄金,False,,,,,,,,,,,,,,,,,,,,,,,,,,,
daily_top1_selection,,,,,,,,,,,,,,,,,,,2020-03-27,518880.SH,518880.SH,黄金,黄金,False,518880.SH,518880.SH,黄金,黄金,False,,,,,,,,,,,,,,,,,,,,,,,,,,,
daily_top1_selection,,,,,,,,,,,,,,,,,,,2020-03-30,518880.SH,518880.SH,黄金,黄金,False,518880.SH,518880.SH,黄金,黄金,False,,,,,,,,,,,,,,,,,,,,,,,,,,,
daily_top1_selection,,,,,,,,,,,,,,,,,,,2020-03-31,518880.SH,518880.SH,黄金,黄金,False,518880.SH,518880.SH,黄金,黄金,False,,,,,,,,,,,,,,,,,,,,,,,,,,,
daily_top1_selection,,,,,,,,,,,,,,,,,,,2020-04-01,518880.SH,518880.SH,黄金,黄金,False,518880.SH,518880.SH,黄金,黄金,False,,,,,,,,,,,,,,,,,,,,,,,,,,,
daily_top1_selection,,,,,,,,,,,,,,,,,,,2020-04-02,518880.SH,518880.SH,黄金,黄金,False,518880.SH,518880.SH,黄金,黄金,False,,,,,,,,,,,,,,,,,,,,,,,,,,,
daily_top1_selection,,,,,,,,,,,,,,,,,,,2020-04-03,518880.SH,518880.SH,黄金,黄金,False,518880.SH,518880.SH,黄金,黄金,False,,,,,,,,,,,,,,,,,,,,,,,,,,,
daily_top1_selection,,,,,,,,,,,,,,,,,,,2020-04-07,518880.SH,518880.SH,黄金,黄金,False,518880.SH,518880.SH,黄金,黄金,False,,,,,,,,,,,,,,,,,,,,,,,,,,,
daily_top1_selection,,,,,,,,,,,,,,,,,,,2020-04-08,518880.SH,518880.SH,黄金,黄金,False,518880.SH,518880.SH,黄金,黄金,False,,,,,,,,,,,,,,,,,,,,,,,,,,,
daily_top1_selection,,,,,,,,,,,,,,,,,,,2020-04-09,518880.SH,518880.SH,黄金,黄金,False,518880.SH,518880.SH,黄金,黄金,False,,,,,,,,,,,,,,,,,,,,,,,,,,,
daily_top1_selection,,,,,,,,,,,,,,,,,,,2020-04-10,518880.SH,518880.SH,黄金,黄金,False,518880.SH,518880.SH,黄金,黄金,False,,,,,,,,,,,,,,,,,,,,,,,,,,,
daily_top1_selection,,,,,,,,,,,,,,,,,,,2020-04-13,518880.SH,518880.SH,黄金,黄金,False,518880.SH,518880.SH,黄金,黄金,False,,,,,,,,,,,,,,,,,,,,,,,,,,,
daily_top1_selection,,,,,,,,,,,,,,,,,,,2020-04-14,518880.SH,518880.SH,黄金,黄金,False,518880.SH,518880.SH,黄金,黄金,False,,,,,,,,,,,,,,,,,,,,,,,,,,,
daily_top1_selection,,,,,,,,,,,,,,,,,,,2020-04-15,518880.SH,518880.SH,黄金,黄金,False,518880.SH,518880.SH,黄金,黄金,False,,,,,,,,,,,,,,,,,,,,,,,,,,,
daily_top1_selection,,,,,,,,,,,,,,,,,,,2020-04-16,518880.SH,518880.SH,黄金,黄金,False,518880.SH,518880.SH,黄金,黄金,False,,,,,,,,,,,,,,,,,,,,,,,,,,,
daily_top1_selection,,,,,,,,,,,,,,,,,,,2020-04-17,518880.SH,518880.SH,黄金,黄金,False,518880.SH,518880.SH,黄金,黄金,False,,,,,,,,,,,,,,,,,,,,,,,,,,,
daily_top1_selection,,,,,,,,,,,,,,,,,,,2020-04-20,518880.SH,518880.SH,黄金,黄金,False,518880.SH,518880.SH,黄金,黄金,False,,,,,,,,,,,,,,,,,,,,,,,,,,,
daily_top1_selection,,,,,,,,,,,,,,,,,,,2020-04-21,513100.SH,518880.SH,纳指,黄金,True,518880.SH,518880.SH,黄金,黄金,False,,,,,,,,,,,,,,,,,,,,,,,,,,,
daily_top1_selection,,,,,,,,,,,,,,,,,,,2020-04-22,159915.SZ,159915.SZ,创业板,创业板,False,513100.SH,518880.SH,纳指,黄金,True,,,,,,,,,,,,,,,,,,,,,,,,,,,
daily_top1_selection,,,,,,,,,,,,,,,,,,,2020-04-23,513100.SH,518880.SH,纳指,黄金,True,513100.SH,159915.SZ,纳指,创业板,True,,,,,,,,,,,,,,,,,,,,,,,,,,,
daily_top1_selection,,,,,,,,,,,,,,,,,,,2020-04-24,513100.SH,513100.SH,纳指,纳指,False,513100.SH,159915.SZ,纳指,创业板,True,,,,,,,,,,,,,,,,,,,,,,,,,,,
daily_top1_selection,,,,,,,,,,,,,,,,,,,2020-04-27,513100.SH,513100.SH,纳指,纳指,False,513100.SH,159915.SZ,纳指,创业板,True,,,,,,,,,,,,,,,,,,,,,,,,,,,
daily_top1_selection,,,,,,,,,,,,,,,,,,,2020-04-28,513100.SH,513100.SH,纳指,纳指,False,513100.SH,159915.SZ,纳指,创业板,True,,,,,,,,,,,,,,,,,,,,,,,,,,,
daily_top1_selection,,,,,,,,,,,,,,,,,,,2020-04-29,513100.SH,513100.SH,纳指,纳指,False,513100.SH,159915.SZ,纳指,创业板,True,,,,,,,,,,,,,,,,,,,,,,,,,,,
daily_top1_selection,,,,,,,,,,,,,,,,,,,2020-04-30,513100.SH,513100.SH,纳指,纳指,False,513100.SH,513100.SH,纳指,纳指,False,,,,,,,,,,,,,,,,,,,,,,,,,,,
daily_top1_selection,,,,,,,,,,,,,,,,,,,2020-05-06,513100.SH,513100.SH,纳指,纳指,False,513100.SH,513100.SH,纳指,纳指,False,,,,,,,,,,,,,,,,,,,,,,,,,,,
daily_top1_selection,,,,,,,,,,,,,,,,,,,2020-05-07,513100.SH,513100.SH,纳指,纳指,False,513100.SH,513100.SH,纳指,纳指,False,,,,,,,,,,,,,,,,,,,,,,,,,,,
daily_top1_selection,,,,,,,,,,,,,,,,,,,2020-05-08,513100.SH,513100.SH,纳指,纳指,False,513100.SH,513100.SH,纳指,纳指,False,,,,,,,,,,,,,,,,,,,,,,,,,,,
daily_top1_selection,,,,,,,,,,,,,,,,,,,2020-05-11,513100.SH,513100.SH,纳指,纳指,False,513100.SH,513100.SH,纳指,纳指,False,,,,,,,,,,,,,,,,,,,,,,,,,,,
daily_top1_selection,,,,,,,,,,,,,,,,,,,2020-05-12,513100.SH,513100.SH,纳指,纳指,False,513100.SH,513100.SH,纳指,纳指,False,,,,,,,,,,,,,,,,,,,,,,,,,,,
daily_top1_selection,,,,,,,,,,,,,,,,,,,2020-05-13,513100.SH,513100.SH,纳指,纳指,False,513100.SH,513100.SH,纳指,纳指,False,,,,,,,,,,,,,,,,,,,,,,,,,,,
daily_top1_selection,,,,,,,,,,,,,,,,,,,2020-05-14,513100.SH,513100.SH,纳指,纳指,False,513100.SH,513100.SH,纳指,纳指,False,,,,,,,,,,,,,,,,,,,,,,,,,,,
daily_top1_selection,,,,,,,,,,,,,,,,,,,2020-05-15,513100.SH,513100.SH,纳指,纳指,False,513100.SH,513100.SH,纳指,纳指,False,,,,,,,,,,,,,,,,,,,,,,,,,,,
daily_top1_selection,,,,,,,,,,,,,,,,,,,2020-05-18,513100.SH,513100.SH,纳指,纳指,False,513100.SH,513100.SH,纳指,纳指,False,,,,,,,,,,,,,,,,,,,,,,,,,,,
daily_top1_selection,,,,,,,,,,,,,,,,,,,2020-05-19,513100.SH,513100.SH,纳指,纳指,False,513100.SH,513100.SH,纳指,纳指,False,,,,,,,,,,,,,,,,,,,,,,,,,,,
daily_top1_selection,,,,,,,,,,,,,,,,,,,2020-05-20,513100.SH,513100.SH,纳指,纳指,False,513100.SH,513100.SH,纳指,纳指,False,,,,,,,,,,,,,,,,,,,,,,,,,,,
daily_top1_selection,,,,,,,,,,,,,,,,,,,2020-05-21,513100.SH,513100.SH,纳指,纳指,False,513100.SH,513100.SH,纳指,纳指,False,,,,,,,,,,,,,,,,,,,,,,,,,,,
daily_top1_selection,,,,,,,,,,,,,,,,,,,2020-05-22,513100.SH,513100.SH,纳指,纳指,False,513100.SH,513100.SH,纳指,纳指,False,,,,,,,,,,,,,,,,,,,,,,,,,,,
daily_top1_selection,,,,,,,,,,,,,,,,,,,2020-05-25,513100.SH,513100.SH,纳指,纳指,False,513100.SH,513100.SH,纳指,纳指,False,,,,,,,,,,,,,,,,,,,,,,,,,,,
daily_top1_selection,,,,,,,,,,,,,,,,,,,2020-05-26,513100.SH,513100.SH,纳指,纳指,False,513100.SH,513100.SH,纳指,纳指,False,,,,,,,,,,,,,,,,,,,,,,,,,,,
daily_top1_selection,,,,,,,,,,,,,,,,,,,2020-05-27,513100.SH,513100.SH,纳指,纳指,False,513100.SH,513100.SH,纳指,纳指,False,,,,,,,,,,,,,,,,,,,,,,,,,,,
daily_top1_selection,,,,,,,,,,,,,,,,,,,2020-05-28,513100.SH,513100.SH,纳指,纳指,False,513100.SH,513100.SH,纳指,纳指,False,,,,,,,,,,,,,,,,,,,,,,,,,,,
daily_top1_selection,,,,,,,,,,,,,,,,,,,2020-05-29,518880.SH,518880.SH,黄金,黄金,False,513100.SH,513100.SH,纳指,纳指,False,,,,,,,,,,,,,,,,,,,,,,,,,,,
daily_top1_selection,,,,,,,,,,,,,,,,,,,2020-06-01,159915.SZ,159915.SZ,创业板,创业板,False,518880.SH,518880.SH,黄金,黄金,False,,,,,,,,,,,,,,,,,,,,,,,,,,,
daily_top1_selection,,,,,,,,,,,,,,,,,,,2020-06-02,518880.SH,518880.SH,黄金,黄金,False,518880.SH,518880.SH,黄金,黄金,False,,,,,,,,,,,,,,,,,,,,,,,,,,,
daily_top1_selection,,,,,,,,,,,,,,,,,,,2020-06-03,518880.SH,518880.SH,黄金,黄金,False,518880.SH,518880.SH,黄金,黄金,False,,,,,,,,,,,,,,,,,,,,,,,,,,,
daily_top1_selection,,,,,,,,,,,,,,,,,,,2020-06-04,518880.SH,518880.SH,黄金,黄金,False,518880.SH,518880.SH,黄金,黄金,False,,,,,,,,,,,,,,,,,,,,,,,,,,,
daily_top1_selection,,,,,,,,,,,,,,,,,,,2020-06-05,159915.SZ,159915.SZ,创业板,创业板,False,518880.SH,518880.SH,黄金,黄金,False,,,,,,,,,,,,,,,,,,,,,,,,,,,
daily_top1_selection,,,,,,,,,,,,,,,,,,,2020-06-08,159915.SZ,510300.SH,创业板,沪深300,True,159915.SZ,159915.SZ,创业板,创业板,False,,,,,,,,,,,,,,,,,,,,,,,,,,,
daily_top1_selection,,,,,,,,,,,,,,,,,,,2020-06-09,513100.SH,513100.SH,纳指,纳指,False,159915.SZ,159915.SZ,创业板,创业板,False,,,,,,,,,,,,,,,,,,,,,,,,,,,
daily_top1_selection,,,,,,,,,,,,,,,,,,,2020-06-10,513100.SH,513100.SH,纳指,纳指,False,159915.SZ,159915.SZ,创业板,创业板,False,,,,,,,,,,,,,,,,,,,,,,,,,,,
daily_top1_selection,,,,,,,,,,,,,,,,,,,2020-06-11,513100.SH,513100.SH,纳指,纳指,False,159915.SZ,159915.SZ,创业板,创业板,False,,,,,,,,,,,,,,,,,,,,,,,,,,,
daily_top1_selection,,,,,,,,,,,,,,,,,,,2020-06-12,159915.SZ,159915.SZ,创业板,创业板,False,159915.SZ,159915.SZ,创业板,创业板,False,,,,,,,,,,,,,,,,,,,,,,,,,,,
daily_top1_selection,,,,,,,,,,,,,,,,,,,2020-06-15,159915.SZ,159915.SZ,创业板,创业板,False,159915.SZ,159915.SZ,创业板,创业板,False,,,,,,,,,,,,,,,,,,,,,,,,,,,
daily_top1_selection,,,,,,,,,,,,,,,,,,,2020-06-16,159915.SZ,159915.SZ,创业板,创业板,False,159915.SZ,159915.SZ,创业板,创业板,False,,,,,,,,,,,,,,,,,,,,,,,,,,,
daily_top1_selection,,,,,,,,,,,,,,,,,,,2020-06-17,159915.SZ,159915.SZ,创业板,创业板,False,159915.SZ,159915.SZ,创业板,创业板,False,,,,,,,,,,,,,,,,,,,,,,,,,,,
daily_top1_selection,,,,,,,,,,,,,,,,,,,2020-06-18,159915.SZ,159915.SZ,创业板,创业板,False,159915.SZ,159915.SZ,创业板,创业板,False,,,,,,,,,,,,,,,,,,,,,,,,,,,
daily_top1_selection,,,,,,,,,,,,,,,,,,,2020-06-19,159915.SZ,159915.SZ,创业板,创业板,False,159915.SZ,159915.SZ,创业板,创业板,False,,,,,,,,,,,,,,,,,,,,,,,,,,,
daily_top1_selection,,,,,,,,,,,,,,,,,,,2020-06-22,159915.SZ,159915.SZ,创业板,创业板,False,159915.SZ,159915.SZ,创业板,创业板,False,,,,,,,,,,,,,,,,,,,,,,,,,,,
daily_top1_selection,,,,,,,,,,,,,,,,,,,2020-06-23,159915.SZ,159915.SZ,创业板,创业板,False,159915.SZ,159915.SZ,创业板,创业板,False,,,,,,,,,,,,,,,,,,,,,,,,,,,
daily_top1_selection,,,,,,,,,,,,,,,,,,,2020-06-24,159915.SZ,159915.SZ,创业板,创业板,False,159915.SZ,159915.SZ,创业板,创业板,False,,,,,,,,,,,,,,,,,,,,,,,,,,,
daily_top1_selection,,,,,,,,,,,,,,,,,,,2020-06-29,159915.SZ,159915.SZ,创业板,创业板,False,159915.SZ,159915.SZ,创业板,创业板,False,,,,,,,,,,,,,,,,,,,,,,,,,,,
daily_top1_selection,,,,,,,,,,,,,,,,,,,2020-06-30,159915.SZ,159915.SZ,创业板,创业板,False,159915.SZ,159915.SZ,创业板,创业板,False,,,,,,,,,,,,,,,,,,,,,,,,,,,
daily_top1_selection,,,,,,,,,,,,,,,,,,,2020-07-01,159915.SZ,159915.SZ,创业板,创业板,False,159915.SZ,159915.SZ,创业板,创业板,False,,,,,,,,,,,,,,,,,,,,,,,,,,,
daily_top1_selection,,,,,,,,,,,,,,,,,,,2020-07-02,159915.SZ,159915.SZ,创业板,创业板,False,159915.SZ,159915.SZ,创业板,创业板,False,,,,,,,,,,,,,,,,,,,,,,,,,,,
daily_top1_selection,,,,,,,,,,,,,,,,,,,2020-07-03,159915.SZ,159915.SZ,创业板,创业板,False,159915.SZ,159915.SZ,创业板,创业板,False,,,,,,,,,,,,,,,,,,,,,,,,,,,
daily_top1_selection,,,,,,,,,,,,,,,,,,,2020-07-06,510300.SH,510300.SH,沪深300,沪深300,False,159915.SZ,159915.SZ,创业板,创业板,False,,,,,,,,,,,,,,,,,,,,,,,,,,,
daily_top1_selection,,,,,,,,,,,,,,,,,,,2020-07-07,159915.SZ,159915.SZ,创业板,创业板,False,510300.SH,510300.SH,沪深300,沪深300,False,,,,,,,,,,,,,,,,,,,,,,,,,,,
daily_top1_selection,,,,,,,,,,,,,,,,,,,2020-07-08,159915.SZ,159915.SZ,创业板,创业板,False,510300.SH,510300.SH,沪深300,沪深300,False,,,,,,,,,,,,,,,,,,,,,,,,,,,
daily_top1_selection,,,,,,,,,,,,,,,,,,,2020-07-09,159915.SZ,159915.SZ,创业板,创业板,False,510300.SH,510300.SH,沪深300,沪深300,False,,,,,,,,,,,,,,,,,,,,,,,,,,,
daily_top1_selection,,,,,,,,,,,,,,,,,,,2020-07-10,159915.SZ,159915.SZ,创业板,创业板,False,510300.SH,510300.SH,沪深300,沪深300,False,,,,,,,,,,,,,,,,,,,,,,,,,,,
daily_top1_selection,,,,,,,,,,,,,,,,,,,2020-07-13,159915.SZ,159915.SZ,创业板,创业板,False,510300.SH,510300.SH,沪深300,沪深300,False,,,,,,,,,,,,,,,,,,,,,,,,,,,
daily_top1_selection,,,,,,,,,,,,,,,,,,,2020-07-14,159915.SZ,159915.SZ,创业板,创业板,False,159915.SZ,159915.SZ,创业板,创业板,False,,,,,,,,,,,,,,,,,,,,,,,,,,,
daily_top1_selection,,,,,,,,,,,,,,,,,,,2020-07-15,159915.SZ,159915.SZ,创业板,创业板,False,159915.SZ,159915.SZ,创业板,创业板,False,,,,,,,,,,,,,,,,,,,,,,,,,,,
daily_top1_selection,,,,,,,,,,,,,,,,,,,2020-07-16,159915.SZ,159915.SZ,创业板,创业板,False,159915.SZ,159915.SZ,创业板,创业板,False,,,,,,,,,,,,,,,,,,,,,,,,,,,
daily_top1_selection,,,,,,,,,,,,,,,,,,,2020-07-17,159915.SZ,159915.SZ,创业板,创业板,False,159915.SZ,159915.SZ,创业板,创业板,False,,,,,,,,,,,,,,,,,,,,,,,,,,,
daily_top1_selection,,,,,,,,,,,,,,,,,,,2020-07-20,159915.SZ,159915.SZ,创业板,创业板,False,159915.SZ,159915.SZ,创业板,创业板,False,,,,,,,,,,,,,,,,,,,,,,,,,,,
daily_top1_selection,,,,,,,,,,,,,,,,,,,2020-07-21,159915.SZ,159915.SZ,创业板,创业板,False,159915.SZ,159915.SZ,创业板,创业板,False,,,,,,,,,,,,,,,,,,,,,,,,,,,
daily_top1_selection,,,,,,,,,,,,,,,,,,,2020-07-22,159915.SZ,159915.SZ,创业板,创业板,False,159915.SZ,159915.SZ,创业板,创业板,False,,,,,,,,,,,,,,,,,,,,,,,,,,,
daily_top1_selection,,,,,,,,,,,,,,,,,,,2020-07-23,159915.SZ,159915.SZ,创业板,创业板,False,159915.SZ,159915.SZ,创业板,创业板,False,,,,,,,,,,,,,,,,,,,,,,,,,,,
daily_top1_selection,,,,,,,,,,,,,,,,,,,2020-07-24,159915.SZ,518880.SH,创业板,黄金,True,159915.SZ,159915.SZ,创业板,创业板,False,,,,,,,,,,,,,,,,,,,,,,,,,,,
daily_top1_selection,,,,,,,,,,,,,,,,,,,2020-07-27,510300.SH,518880.SH,沪深300,黄金,True,159915.SZ,518880.SH,创业板,黄金,True,,,,,,,,,,,,,,,,,,,,,,,,,,,
daily_top1_selection,,,,,,,,,,,,,,,,,,,2020-07-28,510300.SH,518880.SH,沪深300,黄金,True,510300.SH,518880.SH,沪深300,黄金,True,,,,,,,,,,,,,,,,,,,,,,,,,,,
daily_top1_selection,,,,,,,,,,,,,,,,,,,2020-07-29,159915.SZ,159915.SZ,创业板,创业板,False,510300.SH,518880.SH,沪深300,黄金,True,,,,,,,,,,,,,,,,,,,,,,,,,,,
daily_top1_selection,,,,,,,,,,,,,,,,,,,2020-07-30,159915.SZ,518880.SH,创业板,黄金,True,510300.SH,518880.SH,沪深300,黄金,True,,,,,,,,,,,,,,,,,,,,,,,,,,,
daily_top1_selection,,,,,,,,,,,,,,,,,,,2020-07-31,159915.SZ,518880.SH,创业板,黄金,True,510300.SH,518880.SH,沪深300,黄金,True,,,,,,,,,,,,,,,,,,,,,,,,,,,
daily_top1_selection,,,,,,,,,,,,,,,,,,,2020-08-03,159915.SZ,518880.SH,创业板,黄金,True,510300.SH,518880.SH,沪深300,黄金,True,,,,,,,,,,,,,,,,,,,,,,,,,,,
daily_top1_selection,,,,,,,,,,,,,,,,,,,2020-08-04,159915.SZ,518880.SH,创业板,黄金,True,159915.SZ,518880.SH,创业板,黄金,True,,,,,,,,,,,,,,,,,,,,,,,,,,,
daily_top1_selection,,,,,,,,,,,,,,,,,,,2020-08-05,518880.SH,518880.SH,黄金,黄金,False,159915.SZ,518880.SH,创业板,黄金,True,,,,,,,,,,,,,,,,,,,,,,,,,,,
daily_top1_selection,,,,,,,,,,,,,,,,,,,2020-08-06,518880.SH,518880.SH,黄金,黄金,False,159915.SZ,518880.SH,创业板,黄金,True,,,,,,,,,,,,,,,,,,,,,,,,,,,
daily_top1_selection,,,,,,,,,,,,,,,,,,,2020-08-07,518880.SH,518880.SH,黄金,黄金,False,159915.SZ,518880.SH,创业板,黄金,True,,,,,,,,,,,,,,,,,,,,,,,,,,,
daily_top1_selection,,,,,,,,,,,,,,,,,,,2020-08-10,518880.SH,518880.SH,黄金,黄金,False,159915.SZ,518880.SH,创业板,黄金,True,,,,,,,,,,,,,,,,,,,,,,,,,,,
daily_top1_selection,,,,,,,,,,,,,,,,,,,2020-08-11,518880.SH,518880.SH,黄金,黄金,False,518880.SH,518880.SH,黄金,黄金,False,,,,,,,,,,,,,,,,,,,,,,,,,,,
daily_top1_selection,,,,,,,,,,,,,,,,,,,2020-08-12,513100.SH,513100.SH,纳指,纳指,False,518880.SH,518880.SH,黄金,黄金,False,,,,,,,,,,,,,,,,,,,,,,,,,,,
daily_top1_selection,,,,,,,,,,,,,,,,,,,2020-08-13,513100.SH,513100.SH,纳指,纳指,False,518880.SH,513100.SH,黄金,纳指,True,,,,,,,,,,,,,,,,,,,,,,,,,,,
daily_top1_selection,,,,,,,,,,,,,,,,,,,2020-08-14,513100.SH,513100.SH,纳指,纳指,False,518880.SH,513100.SH,黄金,纳指,True,,,,,,,,,,,,,,,,,,,,,,,,,,,
daily_top1_selection,,,,,,,,,,,,,,,,,,,2020-08-17,513100.SH,513100.SH,纳指,纳指,False,518880.SH,513100.SH,黄金,纳指,True,,,,,,,,,,,,,,,,,,,,,,,,,,,
daily_top1_selection,,,,,,,,,,,,,,,,,,,2020-08-18,518880.SH,518880.SH,黄金,黄金,False,513100.SH,513100.SH,纳指,纳指,False,,,,,,,,,,,,,,,,,,,,,,,,,,,
daily_top1_selection,,,,,,,,,,,,,,,,,,,2020-08-19,513100.SH,513100.SH,纳指,纳指,False,513100.SH,513100.SH,纳指,纳指,False,,,,,,,,,,,,,,,,,,,,,,,,,,,
daily_top1_selection,,,,,,,,,,,,,,,,,,,2020-08-20,513100.SH,513100.SH,纳指,纳指,False,513100.SH,513100.SH,纳指,纳指,False,,,,,,,,,,,,,,,,,,,,,,,,,,,
daily_top1_selection,,,,,,,,,,,,,,,,,,,2020-08-21,513100.SH,513100.SH,纳指,纳指,False,513100.SH,513100.SH,纳指,纳指,False,,,,,,,,,,,,,,,,,,,,,,,,,,,
daily_top1_selection,,,,,,,,,,,,,,,,,,,2020-08-24,513100.SH,513100.SH,纳指,纳指,False,513100.SH,513100.SH,纳指,纳指,False,,,,,,,,,,,,,,,,,,,,,,,,,,,
daily_top1_selection,,,,,,,,,,,,,,,,,,,2020-08-25,513100.SH,513100.SH,纳指,纳指,False,513100.SH,513100.SH,纳指,纳指,False,,,,,,,,,,,,,,,,,,,,,,,,,,,
daily_top1_selection,,,,,,,,,,,,,,,,,,,2020-08-26,513100.SH,513100.SH,纳指,纳指,False,513100.SH,513100.SH,纳指,纳指,False,,,,,,,,,,,,,,,,,,,,,,,,,,,
daily_top1_selection,,,,,,,,,,,,,,,,,,,2020-08-27,513100.SH,513100.SH,纳指,纳指,False,513100.SH,513100.SH,纳指,纳指,False,,,,,,,,,,,,,,,,,,,,,,,,,,,
daily_top1_selection,,,,,,,,,,,,,,,,,,,2020-08-28,513100.SH,513100.SH,纳指,纳指,False,513100.SH,513100.SH,纳指,纳指,False,,,,,,,,,,,,,,,,,,,,,,,,,,,
daily_top1_selection,,,,,,,,,,,,,,,,,,,2020-08-31,513100.SH,513100.SH,纳指,纳指,False,513100.SH,513100.SH,纳指,纳指,False,,,,,,,,,,,,,,,,,,,,,,,,,,,
daily_top1_selection,,,,,,,,,,,,,,,,,,,2020-09-01,513100.SH,513100.SH,纳指,纳指,False,513100.SH,513100.SH,纳指,纳指,False,,,,,,,,,,,,,,,,,,,,,,,,,,,
daily_top1_selection,,,,,,,,,,,,,,,,,,,2020-09-02,513100.SH,513100.SH,纳指,纳指,False,513100.SH,513100.SH,纳指,纳指,False,,,,,,,,,,,,,,,,,,,,,,,,,,,
daily_top1_selection,,,,,,,,,,,,,,,,,,,2020-09-03,513100.SH,513100.SH,纳指,纳指,False,513100.SH,513100.SH,纳指,纳指,False,,,,,,,,,,,,,,,,,,,,,,,,,,,
daily_top1_selection,,,,,,,,,,,,,,,,,,,2020-09-04,513100.SH,513100.SH,纳指,纳指,False,513100.SH,513100.SH,纳指,纳指,False,,,,,,,,,,,,,,,,,,,,,,,,,,,
daily_top1_selection,,,,,,,,,,,,,,,,,,,2020-09-07,513100.SH,513100.SH,纳指,纳指,False,513100.SH,513100.SH,纳指,纳指,False,,,,,,,,,,,,,,,,,,,,,,,,,,,
daily_top1_selection,,,,,,,,,,,,,,,,,,,2020-09-08,513100.SH,513100.SH,纳指,纳指,False,513100.SH,513100.SH,纳指,纳指,False,,,,,,,,,,,,,,,,,,,,,,,,,,,
daily_top1_selection,,,,,,,,,,,,,,,,,,,2020-09-09,513100.SH,513100.SH,纳指,纳指,False,513100.SH,513100.SH,纳指,纳指,False,,,,,,,,,,,,,,,,,,,,,,,,,,,
daily_top1_selection,,,,,,,,,,,,,,,,,,,2020-09-10,513100.SH,513100.SH,纳指,纳指,False,513100.SH,513100.SH,纳指,纳指,False,,,,,,,,,,,,,,,,,,,,,,,,,,,
daily_top1_selection,,,,,,,,,,,,,,,,,,,2020-09-11,513100.SH,513100.SH,纳指,纳指,False,513100.SH,513100.SH,纳指,纳指,False,,,,,,,,,,,,,,,,,,,,,,,,,,,
daily_top1_selection,,,,,,,,,,,,,,,,,,,2020-09-14,513100.SH,513100.SH,纳指,纳指,False,513100.SH,513100.SH,纳指,纳指,False,,,,,,,,,,,,,,,,,,,,,,,,,,,
daily_top1_selection,,,,,,,,,,,,,,,,,,,2020-09-15,513100.SH,513100.SH,纳指,纳指,False,513100.SH,513100.SH,纳指,纳指,False,,,,,,,,,,,,,,,,,,,,,,,,,,,
daily_top1_selection,,,,,,,,,,,,,,,,,,,2020-09-16,513100.SH,513100.SH,纳指,纳指,False,513100.SH,513100.SH,纳指,纳指,False,,,,,,,,,,,,,,,,,,,,,,,,,,,
daily_top1_selection,,,,,,,,,,,,,,,,,,,2020-09-17,513100.SH,513100.SH,纳指,纳指,False,513100.SH,513100.SH,纳指,纳指,False,,,,,,,,,,,,,,,,,,,,,,,,,,,
daily_top1_selection,,,,,,,,,,,,,,,,,,,2020-09-18,513100.SH,513100.SH,纳指,纳指,False,513100.SH,513100.SH,纳指,纳指,False,,,,,,,,,,,,,,,,,,,,,,,,,,,
daily_top1_selection,,,,,,,,,,,,,,,,,,,2020-09-21,513100.SH,513100.SH,纳指,纳指,False,513100.SH,513100.SH,纳指,纳指,False,,,,,,,,,,,,,,,,,,,,,,,,,,,
daily_top1_selection,,,,,,,,,,,,,,,,,,,2020-09-22,513100.SH,513100.SH,纳指,纳指,False,513100.SH,513100.SH,纳指,纳指,False,,,,,,,,,,,,,,,,,,,,,,,,,,,
daily_top1_selection,,,,,,,,,,,,,,,,,,,2020-09-23,513100.SH,513100.SH,纳指,纳指,False,513100.SH,513100.SH,纳指,纳指,False,,,,,,,,,,,,,,,,,,,,,,,,,,,
daily_top1_selection,,,,,,,,,,,,,,,,,,,2020-09-24,510300.SH,513100.SH,沪深300,纳指,True,513100.SH,513100.SH,纳指,纳指,False,,,,,,,,,,,,,,,,,,,,,,,,,,,
daily_top1_selection,,,,,,,,,,,,,,,,,,,2020-09-25,518880.SH,513100.SH,黄金,纳指,True,510300.SH,513100.SH,沪深300,纳指,True,,,,,,,,,,,,,,,,,,,,,,,,,,,
daily_top1_selection,,,,,,,,,,,,,,,,,,,2020-09-28,510300.SH,510300.SH,沪深300,沪深300,False,510300.SH,513100.SH,沪深300,纳指,True,,,,,,,,,,,,,,,,,,,,,,,,,,,
daily_top1_selection,,,,,,,,,,,,,,,,,,,2020-09-29,518880.SH,513100.SH,黄金,纳指,True,510300.SH,510300.SH,沪深300,沪深300,False,,,,,,,,,,,,,,,,,,,,,,,,,,,
daily_top1_selection,,,,,,,,,,,,,,,,,,,2020-09-30,518880.SH,518880.SH,黄金,黄金,False,510300.SH,510300.SH,沪深300,沪深300,False,,,,,,,,,,,,,,,,,,,,,,,,,,,
daily_top1_selection,,,,,,,,,,,,,,,,,,,2020-10-09,518880.SH,159915.SZ,黄金,创业板,True,510300.SH,510300.SH,沪深300,沪深300,False,,,,,,,,,,,,,,,,,,,,,,,,,,,
daily_top1_selection,,,,,,,,,,,,,,,,,,,2020-10-12,159915.SZ,159915.SZ,创业板,创业板,False,518880.SH,510300.SH,黄金,沪深300,True,,,,,,,,,,,,,,,,,,,,,,,,,,,
daily_top1_selection,,,,,,,,,,,,,,,,,,,2020-10-13,159915.SZ,159915.SZ,创业板,创业板,False,518880.SH,510300.SH,黄金,沪深300,True,,,,,,,,,,,,,,,,,,,,,,,,,,,
daily_top1_selection,,,,,,,,,,,,,,,,,,,2020-10-14,159915.SZ,159915.SZ,创业板,创业板,False,518880.SH,159915.SZ,黄金,创业板,True,,,,,,,,,,,,,,,,,,,,,,,,,,,
daily_top1_selection,,,,,,,,,,,,,,,,,,,2020-10-15,159915.SZ,159915.SZ,创业板,创业板,False,518880.SH,159915.SZ,黄金,创业板,True,,,,,,,,,,,,,,,,,,,,,,,,,,,
daily_top1_selection,,,,,,,,,,,,,,,,,,,2020-10-16,159915.SZ,159915.SZ,创业板,创业板,False,518880.SH,159915.SZ,黄金,创业板,True,,,,,,,,,,,,,,,,,,,,,,,,,,,
daily_top1_selection,,,,,,,,,,,,,,,,,,,2020-10-19,159915.SZ,159915.SZ,创业板,创业板,False,159915.SZ,159915.SZ,创业板,创业板,False,,,,,,,,,,,,,,,,,,,,,,,,,,,
daily_top1_selection,,,,,,,,,,,,,,,,,,,2020-10-20,159915.SZ,159915.SZ,创业板,创业板,False,159915.SZ,159915.SZ,创业板,创业板,False,,,,,,,,,,,,,,,,,,,,,,,,,,,
daily_top1_selection,,,,,,,,,,,,,,,,,,,2020-10-21,159915.SZ,159915.SZ,创业板,创业板,False,159915.SZ,159915.SZ,创业板,创业板,False,,,,,,,,,,,,,,,,,,,,,,,,,,,
daily_top1_selection,,,,,,,,,,,,,,,,,,,2020-10-22,159915.SZ,159915.SZ,创业板,创业板,False,159915.SZ,159915.SZ,创业板,创业板,False,,,,,,,,,,,,,,,,,,,,,,,,,,,
daily_top1_selection,,,,,,,,,,,,,,,,,,,2020-10-23,510300.SH,510300.SH,沪深300,沪深300,False,159915.SZ,159915.SZ,创业板,创业板,False,,,,,,,,,,,,,,,,,,,,,,,,,,,
daily_top1_selection,,,,,,,,,,,,,,,,,,,2020-10-26,159915.SZ,159915.SZ,创业板,创业板,False,510300.SH,510300.SH,沪深300,沪深300,False,,,,,,,,,,,,,,,,,,,,,,,,,,,
daily_top1_selection,,,,,,,,,,,,,,,,,,,2020-10-27,159915.SZ,159915.SZ,创业板,创业板,False,510300.SH,510300.SH,沪深300,沪深300,False,,,,,,,,,,,,,,,,,,,,,,,,,,,
daily_top1_selection,,,,,,,,,,,,,,,,,,,2020-10-28,159915.SZ,159915.SZ,创业板,创业板,False,510300.SH,510300.SH,沪深300,沪深300,False,,,,,,,,,,,,,,,,,,,,,,,,,,,
daily_top1_selection,,,,,,,,,,,,,,,,,,,2020-10-29,159915.SZ,159915.SZ,创业板,创业板,False,510300.SH,510300.SH,沪深300,沪深300,False,,,,,,,,,,,,,,,,,,,,,,,,,,,
daily_top1_selection,,,,,,,,,,,,,,,,,,,2020-10-30,159915.SZ,159915.SZ,创业板,创业板,False,510300.SH,510300.SH,沪深300,沪深300,False,,,,,,,,,,,,,,,,,,,,,,,,,,,
daily_top1_selection,,,,,,,,,,,,,,,,,,,2020-11-02,159915.SZ,159915.SZ,创业板,创业板,False,159915.SZ,159915.SZ,创业板,创业板,False,,,,,,,,,,,,,,,,,,,,,,,,,,,
daily_top1_selection,,,,,,,,,,,,,,,,,,,2020-11-03,159915.SZ,159915.SZ,创业板,创业板,False,159915.SZ,159915.SZ,创业板,创业板,False,,,,,,,,,,,,,,,,,,,,,,,,,,,
daily_top1_selection,,,,,,,,,,,,,,,,,,,2020-11-04,159915.SZ,159915.SZ,创业板,创业板,False,159915.SZ,159915.SZ,创业板,创业板,False,,,,,,,,,,,,,,,,,,,,,,,,,,,
daily_top1_selection,,,,,,,,,,,,,,,,,,,2020-11-05,159915.SZ,510300.SH,创业板,沪深300,True,159915.SZ,159915.SZ,创业板,创业板,False,,,,,,,,,,,,,,,,,,,,,,,,,,,
daily_top1_selection,,,,,,,,,,,,,,,,,,,2020-11-06,510300.SH,510300.SH,沪深300,沪深300,False,159915.SZ,159915.SZ,创业板,创业板,False,,,,,,,,,,,,,,,,,,,,,,,,,,,
daily_top1_selection,,,,,,,,,,,,,,,,,,,2020-11-09,510300.SH,510300.SH,沪深300,沪深300,False,510300.SH,510300.SH,沪深300,沪深300,False,,,,,,,,,,,,,,,,,,,,,,,,,,,
daily_top1_selection,,,,,,,,,,,,,,,,,,,2020-11-10,510300.SH,510300.SH,沪深300,沪深300,False,510300.SH,510300.SH,沪深300,沪深300,False,,,,,,,,,,,,,,,,,,,,,,,,,,,
daily_top1_selection,,,,,,,,,,,,,,,,,,,2020-11-11,510300.SH,510300.SH,沪深300,沪深300,False,510300.SH,510300.SH,沪深300,沪深300,False,,,,,,,,,,,,,,,,,,,,,,,,,,,
daily_top1_selection,,,,,,,,,,,,,,,,,,,2020-11-12,510300.SH,510300.SH,沪深300,沪深300,False,510300.SH,510300.SH,沪深300,沪深300,False,,,,,,,,,,,,,,,,,,,,,,,,,,,
daily_top1_selection,,,,,,,,,,,,,,,,,,,2020-11-13,510300.SH,510300.SH,沪深300,沪深300,False,510300.SH,510300.SH,沪深300,沪深300,False,,,,,,,,,,,,,,,,,,,,,,,,,,,
daily_top1_selection,,,,,,,,,,,,,,,,,,,2020-11-16,510300.SH,510300.SH,沪深300,沪深300,False,510300.SH,510300.SH,沪深300,沪深300,False,,,,,,,,,,,,,,,,,,,,,,,,,,,
daily_top1_selection,,,,,,,,,,,,,,,,,,,2020-11-17,510300.SH,510300.SH,沪深300,沪深300,False,510300.SH,510300.SH,沪深300,沪深300,False,,,,,,,,,,,,,,,,,,,,,,,,,,,
daily_top1_selection,,,,,,,,,,,,,,,,,,,2020-11-18,510300.SH,510300.SH,沪深300,沪深300,False,510300.SH,510300.SH,沪深300,沪深300,False,,,,,,,,,,,,,,,,,,,,,,,,,,,
daily_top1_selection,,,,,,,,,,,,,,,,,,,2020-11-19,510300.SH,510300.SH,沪深300,沪深300,False,510300.SH,510300.SH,沪深300,沪深300,False,,,,,,,,,,,,,,,,,,,,,,,,,,,
daily_top1_selection,,,,,,,,,,,,,,,,,,,2020-11-20,510300.SH,510300.SH,沪深300,沪深300,False,510300.SH,510300.SH,沪深300,沪深300,False,,,,,,,,,,,,,,,,,,,,,,,,,,,
daily_top1_selection,,,,,,,,,,,,,,,,,,,2020-11-23,510300.SH,510300.SH,沪深300,沪深300,False,510300.SH,510300.SH,沪深300,沪深300,False,,,,,,,,,,,,,,,,,,,,,,,,,,,
daily_top1_selection,,,,,,,,,,,,,,,,,,,2020-11-24,510300.SH,510300.SH,沪深300,沪深300,False,510300.SH,510300.SH,沪深300,沪深300,False,,,,,,,,,,,,,,,,,,,,,,,,,,,
daily_top1_selection,,,,,,,,,,,,,,,,,,,2020-11-25,510300.SH,510300.SH,沪深300,沪深300,False,510300.SH,510300.SH,沪深300,沪深300,False,,,,,,,,,,,,,,,,,,,,,,,,,,,
daily_top1_selection,,,,,,,,,,,,,,,,,,,2020-11-26,510300.SH,510300.SH,沪深300,沪深300,False,510300.SH,510300.SH,沪深300,沪深300,False,,,,,,,,,,,,,,,,,,,,,,,,,,,
daily_top1_selection,,,,,,,,,,,,,,,,,,,2020-11-27,510300.SH,510300.SH,沪深300,沪深300,False,510300.SH,510300.SH,沪深300,沪深300,False,,,,,,,,,,,,,,,,,,,,,,,,,,,
daily_top1_selection,,,,,,,,,,,,,,,,,,,2020-11-30,510300.SH,510300.SH,沪深300,沪深300,False,510300.SH,510300.SH,沪深300,沪深300,False,,,,,,,,,,,,,,,,,,,,,,,,,,,
daily_top1_selection,,,,,,,,,,,,,,,,,,,2020-12-01,510300.SH,510300.SH,沪深300,沪深300,False,510300.SH,510300.SH,沪深300,沪深300,False,,,,,,,,,,,,,,,,,,,,,,,,,,,
daily_top1_selection,,,,,,,,,,,,,,,,,,,2020-12-02,510300.SH,510300.SH,沪深300,沪深300,False,510300.SH,510300.SH,沪深300,沪深300,False,,,,,,,,,,,,,,,,,,,,,,,,,,,
daily_top1_selection,,,,,,,,,,,,,,,,,,,2020-12-03,510300.SH,510300.SH,沪深300,沪深300,False,510300.SH,510300.SH,沪深300,沪深300,False,,,,,,,,,,,,,,,,,,,,,,,,,,,
daily_top1_selection,,,,,,,,,,,,,,,,,,,2020-12-04,510300.SH,510300.SH,沪深300,沪深300,False,510300.SH,510300.SH,沪深300,沪深300,False,,,,,,,,,,,,,,,,,,,,,,,,,,,
daily_top1_selection,,,,,,,,,,,,,,,,,,,2020-12-07,510300.SH,510300.SH,沪深300,沪深300,False,510300.SH,510300.SH,沪深300,沪深300,False,,,,,,,,,,,,,,,,,,,,,,,,,,,
daily_top1_selection,,,,,,,,,,,,,,,,,,,2020-12-08,510300.SH,510300.SH,沪深300,沪深300,False,510300.SH,510300.SH,沪深300,沪深300,False,,,,,,,,,,,,,,,,,,,,,,,,,,,
daily_top1_selection,,,,,,,,,,,,,,,,,,,2020-12-09,510300.SH,510300.SH,沪深300,沪深300,False,510300.SH,510300.SH,沪深300,沪深300,False,,,,,,,,,,,,,,,,,,,,,,,,,,,
daily_top1_selection,,,,,,,,,,,,,,,,,,,2020-12-10,510300.SH,510300.SH,沪深300,沪深300,False,510300.SH,510300.SH,沪深300,沪深300,False,,,,,,,,,,,,,,,,,,,,,,,,,,,
daily_top1_selection,,,,,,,,,,,,,,,,,,,2020-12-11,510300.SH,510300.SH,沪深300,沪深300,False,510300.SH,510300.SH,沪深300,沪深300,False,,,,,,,,,,,,,,,,,,,,,,,,,,,
daily_top1_selection,,,,,,,,,,,,,,,,,,,2020-12-14,159915.SZ,159915.SZ,创业板,创业板,False,510300.SH,510300.SH,沪深300,沪深300,False,,,,,,,,,,,,,,,,,,,,,,,,,,,
daily_top1_selection,,,,,,,,,,,,,,,,,,,2020-12-15,159915.SZ,159915.SZ,创业板,创业板,False,159915.SZ,159915.SZ,创业板,创业板,False,,,,,,,,,,,,,,,,,,,,,,,,,,,
daily_top1_selection,,,,,,,,,,,,,,,,,,,2020-12-16,159915.SZ,159915.SZ,创业板,创业板,False,159915.SZ,159915.SZ,创业板,创业板,False,,,,,,,,,,,,,,,,,,,,,,,,,,,
daily_top1_selection,,,,,,,,,,,,,,,,,,,2020-12-17,159915.SZ,159915.SZ,创业板,创业板,False,159915.SZ,159915.SZ,创业板,创业板,False,,,,,,,,,,,,,,,,,,,,,,,,,,,
daily_top1_selection,,,,,,,,,,,,,,,,,,,2020-12-18,159915.SZ,159915.SZ,创业板,创业板,False,159915.SZ,159915.SZ,创业板,创业板,False,,,,,,,,,,,,,,,,,,,,,,,,,,,
daily_top1_selection,,,,,,,,,,,,,,,,,,,2020-12-21,159915.SZ,159915.SZ,创业板,创业板,False,159915.SZ,159915.SZ,创业板,创业板,False,,,,,,,,,,,,,,,,,,,,,,,,,,,
daily_top1_selection,,,,,,,,,,,,,,,,,,,2020-12-22,159915.SZ,159915.SZ,创业板,创业板,False,159915.SZ,159915.SZ,创业板,创业板,False,,,,,,,,,,,,,,,,,,,,,,,,,,,
daily_top1_selection,,,,,,,,,,,,,,,,,,,2020-12-23,159915.SZ,159915.SZ,创业板,创业板,False,159915.SZ,159915.SZ,创业板,创业板,False,,,,,,,,,,,,,,,,,,,,,,,,,,,
daily_top1_selection,,,,,,,,,,,,,,,,,,,2020-12-24,159915.SZ,159915.SZ,创业板,创业板,False,159915.SZ,159915.SZ,创业板,创业板,False,,,,,,,,,,,,,,,,,,,,,,,,,,,
daily_top1_selection,,,,,,,,,,,,,,,,,,,2020-12-25,159915.SZ,159915.SZ,创业板,创业板,False,159915.SZ,159915.SZ,创业板,创业板,False,,,,,,,,,,,,,,,,,,,,,,,,,,,
daily_top1_selection,,,,,,,,,,,,,,,,,,,2020-12-28,159915.SZ,518880.SH,创业板,黄金,True,159915.SZ,159915.SZ,创业板,创业板,False,,,,,,,,,,,,,,,,,,,,,,,,,,,
daily_top1_selection,,,,,,,,,,,,,,,,,,,2020-12-29,518880.SH,518880.SH,黄金,黄金,False,159915.SZ,518880.SH,创业板,黄金,True,,,,,,,,,,,,,,,,,,,,,,,,,,,
daily_top1_selection,,,,,,,,,,,,,,,,,,,2020-12-30,159915.SZ,159915.SZ,创业板,创业板,False,518880.SH,518880.SH,黄金,黄金,False,,,,,,,,,,,,,,,,,,,,,,,,,,,
daily_top1_selection,,,,,,,,,,,,,,,,,,,2020-12-31,159915.SZ,159915.SZ,创业板,创业板,False,518880.SH,518880.SH,黄金,黄金,False,,,,,,,,,,,,,,,,,,,,,,,,,,,
daily_top1_selection,,,,,,,,,,,,,,,,,,,2021-01-04,159915.SZ,159915.SZ,创业板,创业板,False,518880.SH,518880.SH,黄金,黄金,False,,,,,,,,,,,,,,,,,,,,,,,,,,,
daily_top1_selection,,,,,,,,,,,,,,,,,,,2021-01-05,159915.SZ,159915.SZ,创业板,创业板,False,518880.SH,518880.SH,黄金,黄金,False,,,,,,,,,,,,,,,,,,,,,,,,,,,
daily_top1_selection,,,,,,,,,,,,,,,,,,,2021-01-06,159915.SZ,159915.SZ,创业板,创业板,False,518880.SH,159915.SZ,黄金,创业板,True,,,,,,,,,,,,,,,,,,,,,,,,,,,
daily_top1_selection,,,,,,,,,,,,,,,,,,,2021-01-07,159915.SZ,159915.SZ,创业板,创业板,False,159915.SZ,159915.SZ,创业板,创业板,False,,,,,,,,,,,,,,,,,,,,,,,,,,,
daily_top1_selection,,,,,,,,,,,,,,,,,,,2021-01-08,159915.SZ,159915.SZ,创业板,创业板,False,159915.SZ,159915.SZ,创业板,创业板,False,,,,,,,,,,,,,,,,,,,,,,,,,,,
daily_top1_selection,,,,,,,,,,,,,,,,,,,2021-01-11,159915.SZ,159915.SZ,创业板,创业板,False,159915.SZ,159915.SZ,创业板,创业板,False,,,,,,,,,,,,,,,,,,,,,,,,,,,
daily_top1_selection,,,,,,,,,,,,,,,,,,,2021-01-12,159915.SZ,159915.SZ,创业板,创业板,False,159915.SZ,159915.SZ,创业板,创业板,False,,,,,,,,,,,,,,,,,,,,,,,,,,,
daily_top1_selection,,,,,,,,,,,,,,,,,,,2021-01-13,159915.SZ,510300.SH,创业板,沪深300,True,159915.SZ,159915.SZ,创业板,创业板,False,,,,,,,,,,,,,,,,,,,,,,,,,,,
daily_top1_selection,,,,,,,,,,,,,,,,,,,2021-01-14,159915.SZ,510300.SH,创业板,沪深300,True,159915.SZ,510300.SH,创业板,沪深300,True,,,,,,,,,,,,,,,,,,,,,,,,,,,
daily_top1_selection,,,,,,,,,,,,,,,,,,,2021-01-15,159915.SZ,159915.SZ,创业板,创业板,False,159915.SZ,510300.SH,创业板,沪深300,True,,,,,,,,,,,,,,,,,,,,,,,,,,,
daily_top1_selection,,,,,,,,,,,,,,,,,,,2021-01-18,159915.SZ,159915.SZ,创业板,创业板,False,159915.SZ,510300.SH,创业板,沪深300,True,,,,,,,,,,,,,,,,,,,,,,,,,,,
daily_top1_selection,,,,,,,,,,,,,,,,,,,2021-01-19,510300.SH,510300.SH,沪深300,沪深300,False,159915.SZ,510300.SH,创业板,沪深300,True,,,,,,,,,,,,,,,,,,,,,,,,,,,
daily_top1_selection,,,,,,,,,,,,,,,,,,,2021-01-20,159915.SZ,159915.SZ,创业板,创业板,False,510300.SH,510300.SH,沪深300,沪深300,False,,,,,,,,,,,,,,,,,,,,,,,,,,,
daily_top1_selection,,,,,,,,,,,,,,,,,,,2021-01-21,159915.SZ,159915.SZ,创业板,创业板,False,510300.SH,159915.SZ,沪深300,创业板,True,,,,,,,,,,,,,,,,,,,,,,,,,,,
daily_top1_selection,,,,,,,,,,,,,,,,,,,2021-01-22,159915.SZ,159915.SZ,创业板,创业板,False,510300.SH,159915.SZ,沪深300,创业板,True,,,,,,,,,,,,,,,,,,,,,,,,,,,
daily_top1_selection,,,,,,,,,,,,,,,,,,,2021-01-25,159915.SZ,159915.SZ,创业板,创业板,False,510300.SH,159915.SZ,沪深300,创业板,True,,,,,,,,,,,,,,,,,,,,,,,,,,,
daily_top1_selection,,,,,,,,,,,,,,,,,,,2021-01-26,159915.SZ,159915.SZ,创业板,创业板,False,510300.SH,159915.SZ,沪深300,创业板,True,,,,,,,,,,,,,,,,,,,,,,,,,,,
daily_top1_selection,,,,,,,,,,,,,,,,,,,2021-01-27,159915.SZ,159915.SZ,创业板,创业板,False,159915.SZ,159915.SZ,创业板,创业板,False,,,,,,,,,,,,,,,,,,,,,,,,,,,
daily_top1_selection,,,,,,,,,,,,,,,,,,,2021-01-28,159915.SZ,159915.SZ,创业板,创业板,False,159915.SZ,159915.SZ,创业板,创业板,False,,,,,,,,,,,,,,,,,,,,,,,,,,,
daily_top1_selection,,,,,,,,,,,,,,,,,,,2021-01-29,159915.SZ,159915.SZ,创业板,创业板,False,159915.SZ,159915.SZ,创业板,创业板,False,,,,,,,,,,,,,,,,,,,,,,,,,,,
daily_top1_selection,,,,,,,,,,,,,,,,,,,2021-02-01,510300.SH,510300.SH,沪深300,沪深300,False,159915.SZ,159915.SZ,创业板,创业板,False,,,,,,,,,,,,,,,,,,,,,,,,,,,
daily_top1_selection,,,,,,,,,,,,,,,,,,,2021-02-02,159915.SZ,513100.SH,创业板,纳指,True,159915.SZ,510300.SH,创业板,沪深300,True,,,,,,,,,,,,,,,,,,,,,,,,,,,
daily_top1_selection,,,,,,,,,,,,,,,,,,,2021-02-03,513100.SH,513100.SH,纳指,纳指,False,159915.SZ,510300.SH,创业板,沪深300,True,,,,,,,,,,,,,,,,,,,,,,,,,,,
daily_top1_selection,,,,,,,,,,,,,,,,,,,2021-02-04,513100.SH,513100.SH,纳指,纳指,False,513100.SH,510300.SH,纳指,沪深300,True,,,,,,,,,,,,,,,,,,,,,,,,,,,
daily_top1_selection,,,,,,,,,,,,,,,,,,,2021-02-05,513100.SH,513100.SH,纳指,纳指,False,513100.SH,510300.SH,纳指,沪深300,True,,,,,,,,,,,,,,,,,,,,,,,,,,,
daily_top1_selection,,,,,,,,,,,,,,,,,,,2021-02-08,513100.SH,513100.SH,纳指,纳指,False,513100.SH,510300.SH,纳指,沪深300,True,,,,,,,,,,,,,,,,,,,,,,,,,,,
daily_top1_selection,,,,,,,,,,,,,,,,,,,2021-02-09,159915.SZ,159915.SZ,创业板,创业板,False,513100.SH,513100.SH,纳指,纳指,False,,,,,,,,,,,,,,,,,,,,,,,,,,,
daily_top1_selection,,,,,,,,,,,,,,,,,,,2021-02-10,159915.SZ,513100.SH,创业板,纳指,True,513100.SH,513100.SH,纳指,纳指,False,,,,,,,,,,,,,,,,,,,,,,,,,,,
daily_top1_selection,,,,,,,,,,,,,,,,,,,2021-02-18,159915.SZ,513100.SH,创业板,纳指,True,159915.SZ,513100.SH,创业板,纳指,True,,,,,,,,,,,,,,,,,,,,,,,,,,,
daily_top1_selection,,,,,,,,,,,,,,,,,,,2021-02-19,510300.SH,510300.SH,沪深300,沪深300,False,159915.SZ,513100.SH,创业板,纳指,True,,,,,,,,,,,,,,,,,,,,,,,,,,,
daily_top1_selection,,,,,,,,,,,,,,,,,,,2021-02-22,513100.SH,513100.SH,纳指,纳指,False,159915.SZ,513100.SH,创业板,纳指,True,,,,,,,,,,,,,,,,,,,,,,,,,,,
daily_top1_selection,,,,,,,,,,,,,,,,,,,2021-02-23,513100.SH,513100.SH,纳指,纳指,False,159915.SZ,513100.SH,创业板,纳指,True,,,,,,,,,,,,,,,,,,,,,,,,,,,
daily_top1_selection,,,,,,,,,,,,,,,,,,,2021-02-24,513100.SH,513100.SH,纳指,纳指,False,159915.SZ,513100.SH,创业板,纳指,True,,,,,,,,,,,,,,,,,,,,,,,,,,,
daily_top1_selection,,,,,,,,,,,,,,,,,,,2021-02-25,513100.SH,513100.SH,纳指,纳指,False,513100.SH,513100.SH,纳指,纳指,False,,,,,,,,,,,,,,,,,,,,,,,,,,,
daily_top1_selection,,,,,,,,,,,,,,,,,,,2021-02-26,513100.SH,510300.SH,纳指,沪深300,True,513100.SH,513100.SH,纳指,纳指,False,,,,,,,,,,,,,,,,,,,,,,,,,,,
daily_top1_selection,,,,,,,,,,,,,,,,,,,2021-03-01,513100.SH,513100.SH,纳指,纳指,False,513100.SH,510300.SH,纳指,沪深300,True,,,,,,,,,,,,,,,,,,,,,,,,,,,
daily_top1_selection,,,,,,,,,,,,,,,,,,,2021-03-02,513100.SH,513100.SH,纳指,纳指,False,513100.SH,510300.SH,纳指,沪深300,True,,,,,,,,,,,,,,,,,,,,,,,,,,,
daily_top1_selection,,,,,,,,,,,,,,,,,,,2021-03-03,510300.SH,510300.SH,沪深300,沪深300,False,513100.SH,510300.SH,纳指,沪深300,True,,,,,,,,,,,,,,,,,,,,,,,,,,,
daily_top1_selection,,,,,,,,,,,,,,,,,,,2021-03-04,510300.SH,510300.SH,沪深300,沪深300,False,510300.SH,510300.SH,沪深300,沪深300,False,,,,,,,,,,,,,,,,,,,,,,,,,,,
daily_top1_selection,,,,,,,,,,,,,,,,,,,2021-03-05,510300.SH,510300.SH,沪深300,沪深300,False,510300.SH,510300.SH,沪深300,沪深300,False,,,,,,,,,,,,,,,,,,,,,,,,,,,
daily_top1_selection,,,,,,,,,,,,,,,,,,,2021-03-08,513100.SH,513100.SH,纳指,纳指,False,510300.SH,510300.SH,沪深300,沪深300,False,,,,,,,,,,,,,,,,,,,,,,,,,,,
daily_top1_selection,,,,,,,,,,,,,,,,,,,2021-03-09,513100.SH,513100.SH,纳指,纳指,False,510300.SH,513100.SH,沪深300,纳指,True,,,,,,,,,,,,,,,,,,,,,,,,,,,
daily_top1_selection,,,,,,,,,,,,,,,,,,,2021-03-10,513100.SH,513100.SH,纳指,纳指,False,510300.SH,513100.SH,沪深300,纳指,True,,,,,,,,,,,,,,,,,,,,,,,,,,,
daily_top1_selection,,,,,,,,,,,,,,,,,,,2021-03-11,513100.SH,513100.SH,纳指,纳指,False,513100.SH,513100.SH,纳指,纳指,False,,,,,,,,,,,,,,,,,,,,,,,,,,,
daily_top1_selection,,,,,,,,,,,,,,,,,,,2021-03-12,513100.SH,513100.SH,纳指,纳指,False,513100.SH,513100.SH,纳指,纳指,False,,,,,,,,,,,,,,,,,,,,,,,,,,,
daily_top1_selection,,,,,,,,,,,,,,,,,,,2021-03-15,518880.SH,518880.SH,黄金,黄金,False,513100.SH,513100.SH,纳指,纳指,False,,,,,,,,,,,,,,,,,,,,,,,,,,,
daily_top1_selection,,,,,,,,,,,,,,,,,,,2021-03-16,513100.SH,513100.SH,纳指,纳指,False,513100.SH,518880.SH,纳指,黄金,True,,,,,,,,,,,,,,,,,,,,,,,,,,,
daily_top1_selection,,,,,,,,,,,,,,,,,,,2021-03-17,513100.SH,513100.SH,纳指,纳指,False,513100.SH,518880.SH,纳指,黄金,True,,,,,,,,,,,,,,,,,,,,,,,,,,,
daily_top1_selection,,,,,,,,,,,,,,,,,,,2021-03-18,518880.SH,518880.SH,黄金,黄金,False,513100.SH,518880.SH,纳指,黄金,True,,,,,,,,,,,,,,,,,,,,,,,,,,,
daily_top1_selection,,,,,,,,,,,,,,,,,,,2021-03-19,518880.SH,518880.SH,黄金,黄金,False,518880.SH,518880.SH,黄金,黄金,False,,,,,,,,,,,,,,,,,,,,,,,,,,,
daily_top1_selection,,,,,,,,,,,,,,,,,,,2021-03-22,518880.SH,518880.SH,黄金,黄金,False,518880.SH,518880.SH,黄金,黄金,False,,,,,,,,,,,,,,,,,,,,,,,,,,,
daily_top1_selection,,,,,,,,,,,,,,,,,,,2021-03-23,513100.SH,513100.SH,纳指,纳指,False,518880.SH,518880.SH,黄金,黄金,False,,,,,,,,,,,,,,,,,,,,,,,,,,,
daily_top1_selection,,,,,,,,,,,,,,,,,,,2021-03-24,513100.SH,513100.SH,纳指,纳指,False,518880.SH,513100.SH,黄金,纳指,True,,,,,,,,,,,,,,,,,,,,,,,,,,,
daily_top1_selection,,,,,,,,,,,,,,,,,,,2021-03-25,518880.SH,518880.SH,黄金,黄金,False,518880.SH,513100.SH,黄金,纳指,True,,,,,,,,,,,,,,,,,,,,,,,,,,,
daily_top1_selection,,,,,,,,,,,,,,,,,,,2021-03-26,513100.SH,513100.SH,纳指,纳指,False,518880.SH,513100.SH,黄金,纳指,True,,,,,,,,,,,,,,,,,,,,,,,,,,,
daily_top1_selection,,,,,,,,,,,,,,,,,,,2021-03-29,518880.SH,513100.SH,黄金,纳指,True,513100.SH,513100.SH,纳指,纳指,False,,,,,,,,,,,,,,,,,,,,,,,,,,,
daily_top1_selection,,,,,,,,,,,,,,,,,,,2021-03-30,518880.SH,518880.SH,黄金,黄金,False,513100.SH,513100.SH,纳指,纳指,False,,,,,,,,,,,,,,,,,,,,,,,,,,,
daily_top1_selection,,,,,,,,,,,,,,,,,,,2021-03-31,513100.SH,513100.SH,纳指,纳指,False,513100.SH,518880.SH,纳指,黄金,True,,,,,,,,,,,,,,,,,,,,,,,,,,,
daily_top1_selection,,,,,,,,,,,,,,,,,,,2021-04-01,513100.SH,513100.SH,纳指,纳指,False,513100.SH,518880.SH,纳指,黄金,True,,,,,,,,,,,,,,,,,,,,,,,,,,,
daily_top1_selection,,,,,,,,,,,,,,,,,,,2021-04-02,513100.SH,513100.SH,纳指,纳指,False,513100.SH,518880.SH,纳指,黄金,True,,,,,,,,,,,,,,,,,,,,,,,,,,,
daily_top1_selection,,,,,,,,,,,,,,,,,,,2021-04-06,513100.SH,513100.SH,纳指,纳指,False,513100.SH,518880.SH,纳指,黄金,True,,,,,,,,,,,,,,,,,,,,,,,,,,,
daily_top1_selection,,,,,,,,,,,,,,,,,,,2021-04-07,513100.SH,513100.SH,纳指,纳指,False,513100.SH,518880.SH,纳指,黄金,True,,,,,,,,,,,,,,,,,,,,,,,,,,,
daily_top1_selection,,,,,,,,,,,,,,,,,,,2021-04-08,513100.SH,513100.SH,纳指,纳指,False,513100.SH,513100.SH,纳指,纳指,False,,,,,,,,,,,,,,,,,,,,,,,,,,,
daily_top1_selection,,,,,,,,,,,,,,,,,,,2021-04-09,513100.SH,513100.SH,纳指,纳指,False,513100.SH,513100.SH,纳指,纳指,False,,,,,,,,,,,,,,,,,,,,,,,,,,,
daily_top1_selection,,,,,,,,,,,,,,,,,,,2021-04-12,513100.SH,513100.SH,纳指,纳指,False,513100.SH,513100.SH,纳指,纳指,False,,,,,,,,,,,,,,,,,,,,,,,,,,,
daily_top1_selection,,,,,,,,,,,,,,,,,,,2021-04-13,513100.SH,513100.SH,纳指,纳指,False,513100.SH,513100.SH,纳指,纳指,False,,,,,,,,,,,,,,,,,,,,,,,,,,,
daily_top1_selection,,,,,,,,,,,,,,,,,,,2021-04-14,513100.SH,513100.SH,纳指,纳指,False,513100.SH,513100.SH,纳指,纳指,False,,,,,,,,,,,,,,,,,,,,,,,,,,,
daily_top1_selection,,,,,,,,,,,,,,,,,,,2021-04-15,513100.SH,513100.SH,纳指,纳指,False,513100.SH,513100.SH,纳指,纳指,False,,,,,,,,,,,,,,,,,,,,,,,,,,,
daily_top1_selection,,,,,,,,,,,,,,,,,,,2021-04-16,513100.SH,513100.SH,纳指,纳指,False,513100.SH,513100.SH,纳指,纳指,False,,,,,,,,,,,,,,,,,,,,,,,,,,,
daily_top1_selection,,,,,,,,,,,,,,,,,,,2021-04-19,513100.SH,513100.SH,纳指,纳指,False,513100.SH,513100.SH,纳指,纳指,False,,,,,,,,,,,,,,,,,,,,,,,,,,,
daily_top1_selection,,,,,,,,,,,,,,,,,,,2021-04-20,513100.SH,513100.SH,纳指,纳指,False,513100.SH,513100.SH,纳指,纳指,False,,,,,,,,,,,,,,,,,,,,,,,,,,,
daily_top1_selection,,,,,,,,,,,,,,,,,,,2021-04-21,159915.SZ,159915.SZ,创业板,创业板,False,513100.SH,513100.SH,纳指,纳指,False,,,,,,,,,,,,,,,,,,,,,,,,,,,
daily_top1_selection,,,,,,,,,,,,,,,,,,,2021-04-22,159915.SZ,159915.SZ,创业板,创业板,False,159915.SZ,159915.SZ,创业板,创业板,False,,,,,,,,,,,,,,,,,,,,,,,,,,,
daily_top1_selection,,,,,,,,,,,,,,,,,,,2021-04-23,159915.SZ,159915.SZ,创业板,创业板,False,159915.SZ,159915.SZ,创业板,创业板,False,,,,,,,,,,,,,,,,,,,,,,,,,,,
daily_top1_selection,,,,,,,,,,,,,,,,,,,2021-04-26,159915.SZ,513100.SH,创业板,纳指,True,159915.SZ,159915.SZ,创业板,创业板,False,,,,,,,,,,,,,,,,,,,,,,,,,,,
daily_top1_selection,,,,,,,,,,,,,,,,,,,2021-04-27,159915.SZ,159915.SZ,创业板,创业板,False,159915.SZ,159915.SZ,创业板,创业板,False,,,,,,,,,,,,,,,,,,,,,,,,,,,
daily_top1_selection,,,,,,,,,,,,,,,,,,,2021-04-28,159915.SZ,159915.SZ,创业板,创业板,False,159915.SZ,159915.SZ,创业板,创业板,False,,,,,,,,,,,,,,,,,,,,,,,,,,,
daily_top1_selection,,,,,,,,,,,,,,,,,,,2021-04-29,159915.SZ,159915.SZ,创业板,创业板,False,159915.SZ,159915.SZ,创业板,创业板,False,,,,,,,,,,,,,,,,,,,,,,,,,,,
daily_top1_selection,,,,,,,,,,,,,,,,,,,2021-04-30,159915.SZ,159915.SZ,创业板,创业板,False,159915.SZ,159915.SZ,创业板,创业板,False,,,,,,,,,,,,,,,,,,,,,,,,,,,
daily_top1_selection,,,,,,,,,,,,,,,,,,,2021-05-06,159915.SZ,159915.SZ,创业板,创业板,False,159915.SZ,159915.SZ,创业板,创业板,False,,,,,,,,,,,,,,,,,,,,,,,,,,,
daily_top1_selection,,,,,,,,,,,,,,,,,,,2021-05-07,518880.SH,518880.SH,黄金,黄金,False,159915.SZ,159915.SZ,创业板,创业板,False,,,,,,,,,,,,,,,,,,,,,,,,,,,
daily_top1_selection,,,,,,,,,,,,,,,,,,,2021-05-10,159915.SZ,518880.SH,创业板,黄金,True,518880.SH,518880.SH,黄金,黄金,False,,,,,,,,,,,,,,,,,,,,,,,,,,,
daily_top1_selection,,,,,,,,,,,,,,,,,,,2021-05-11,159915.SZ,518880.SH,创业板,黄金,True,518880.SH,518880.SH,黄金,黄金,False,,,,,,,,,,,,,,,,,,,,,,,,,,,
daily_top1_selection,,,,,,,,,,,,,,,,,,,2021-05-12,159915.SZ,159915.SZ,创业板,创业板,False,518880.SH,518880.SH,黄金,黄金,False,,,,,,,,,,,,,,,,,,,,,,,,,,,
daily_top1_selection,,,,,,,,,,,,,,,,,,,2021-05-13,159915.SZ,159915.SZ,创业板,创业板,False,518880.SH,518880.SH,黄金,黄金,False,,,,,,,,,,,,,,,,,,,,,,,,,,,
daily_top1_selection,,,,,,,,,,,,,,,,,,,2021-05-14,159915.SZ,159915.SZ,创业板,创业板,False,518880.SH,518880.SH,黄金,黄金,False,,,,,,,,,,,,,,,,,,,,,,,,,,,
daily_top1_selection,,,,,,,,,,,,,,,,,,,2021-05-17,159915.SZ,159915.SZ,创业板,创业板,False,159915.SZ,159915.SZ,创业板,创业板,False,,,,,,,,,,,,,,,,,,,,,,,,,,,
daily_top1_selection,,,,,,,,,,,,,,,,,,,2021-05-18,159915.SZ,159915.SZ,创业板,创业板,False,159915.SZ,159915.SZ,创业板,创业板,False,,,,,,,,,,,,,,,,,,,,,,,,,,,
daily_top1_selection,,,,,,,,,,,,,,,,,,,2021-05-19,159915.SZ,159915.SZ,创业板,创业板,False,159915.SZ,159915.SZ,创业板,创业板,False,,,,,,,,,,,,,,,,,,,,,,,,,,,
daily_top1_selection,,,,,,,,,,,,,,,,,,,2021-05-20,159915.SZ,159915.SZ,创业板,创业板,False,159915.SZ,159915.SZ,创业板,创业板,False,,,,,,,,,,,,,,,,,,,,,,,,,,,
daily_top1_selection,,,,,,,,,,,,,,,,,,,2021-05-21,159915.SZ,518880.SH,创业板,黄金,True,159915.SZ,159915.SZ,创业板,创业板,False,,,,,,,,,,,,,,,,,,,,,,,,,,,
daily_top1_selection,,,,,,,,,,,,,,,,,,,2021-05-24,159915.SZ,159915.SZ,创业板,创业板,False,159915.SZ,518880.SH,创业板,黄金,True,,,,,,,,,,,,,,,,,,,,,,,,,,,
daily_top1_selection,,,,,,,,,,,,,,,,,,,2021-05-25,159915.SZ,159915.SZ,创业板,创业板,False,159915.SZ,518880.SH,创业板,黄金,True,,,,,,,,,,,,,,,,,,,,,,,,,,,
daily_top1_selection,,,,,,,,,,,,,,,,,,,2021-05-26,159915.SZ,518880.SH,创业板,黄金,True,159915.SZ,518880.SH,创业板,黄金,True,,,,,,,,,,,,,,,,,,,,,,,,,,,
daily_top1_selection,,,,,,,,,,,,,,,,,,,2021-05-27,159915.SZ,159915.SZ,创业板,创业板,False,159915.SZ,518880.SH,创业板,黄金,True,,,,,,,,,,,,,,,,,,,,,,,,,,,
daily_top1_selection,,,,,,,,,,,,,,,,,,,2021-05-28,159915.SZ,159915.SZ,创业板,创业板,False,159915.SZ,518880.SH,创业板,黄金,True,,,,,,,,,,,,,,,,,,,,,,,,,,,
daily_top1_selection,,,,,,,,,,,,,,,,,,,2021-05-31,159915.SZ,159915.SZ,创业板,创业板,False,159915.SZ,159915.SZ,创业板,创业板,False,,,,,,,,,,,,,,,,,,,,,,,,,,,
daily_top1_selection,,,,,,,,,,,,,,,,,,,2021-06-01,159915.SZ,518880.SH,创业板,黄金,True,159915.SZ,159915.SZ,创业板,创业板,False,,,,,,,,,,,,,,,,,,,,,,,,,,,
daily_top1_selection,,,,,,,,,,,,,,,,,,,2021-06-02,159915.SZ,518880.SH,创业板,黄金,True,159915.SZ,159915.SZ,创业板,创业板,False,,,,,,,,,,,,,,,,,,,,,,,,,,,
daily_top1_selection,,,,,,,,,,,,,,,,,,,2021-06-03,159915.SZ,159915.SZ,创业板,创业板,False,159915.SZ,159915.SZ,创业板,创业板,False,,,,,,,,,,,,,,,,,,,,,,,,,,,
daily_top1_selection,,,,,,,,,,,,,,,,,,,2021-06-04,159915.SZ,159915.SZ,创业板,创业板,False,159915.SZ,159915.SZ,创业板,创业板,False,,,,,,,,,,,,,,,,,,,,,,,,,,,
daily_top1_selection,,,,,,,,,,,,,,,,,,,2021-06-07,159915.SZ,159915.SZ,创业板,创业板,False,159915.SZ,159915.SZ,创业板,创业板,False,,,,,,,,,,,,,,,,,,,,,,,,,,,
daily_top1_selection,,,,,,,,,,,,,,,,,,,2021-06-08,159915.SZ,159915.SZ,创业板,创业板,False,159915.SZ,159915.SZ,创业板,创业板,False,,,,,,,,,,,,,,,,,,,,,,,,,,,
daily_top1_selection,,,,,,,,,,,,,,,,,,,2021-06-09,159915.SZ,159915.SZ,创业板,创业板,False,159915.SZ,159915.SZ,创业板,创业板,False,,,,,,,,,,,,,,,,,,,,,,,,,,,
daily_top1_selection,,,,,,,,,,,,,,,,,,,2021-06-10,159915.SZ,159915.SZ,创业板,创业板,False,159915.SZ,159915.SZ,创业板,创业板,False,,,,,,,,,,,,,,,,,,,,,,,,,,,
daily_top1_selection,,,,,,,,,,,,,,,,,,,2021-06-11,159915.SZ,159915.SZ,创业板,创业板,False,159915.SZ,159915.SZ,创业板,创业板,False,,,,,,,,,,,,,,,,,,,,,,,,,,,
daily_top1_selection,,,,,,,,,,,,,,,,,,,2021-06-15,159915.SZ,513100.SH,创业板,纳指,True,159915.SZ,159915.SZ,创业板,创业板,False,,,,,,,,,,,,,,,,,,,,,,,,,,,
daily_top1_selection,,,,,,,,,,,,,,,,,,,2021-06-16,513100.SH,513100.SH,纳指,纳指,False,159915.SZ,513100.SH,创业板,纳指,True,,,,,,,,,,,,,,,,,,,,,,,,,,,
daily_top1_selection,,,,,,,,,,,,,,,,,,,2021-06-17,513100.SH,513100.SH,纳指,纳指,False,513100.SH,513100.SH,纳指,纳指,False,,,,,,,,,,,,,,,,,,,,,,,,,,,
daily_top1_selection,,,,,,,,,,,,,,,,,,,2021-06-18,513100.SH,513100.SH,纳指,纳指,False,513100.SH,513100.SH,纳指,纳指,False,,,,,,,,,,,,,,,,,,,,,,,,,,,
daily_top1_selection,,,,,,,,,,,,,,,,,,,2021-06-21,159915.SZ,513100.SH,创业板,纳指,True,513100.SH,513100.SH,纳指,纳指,False,,,,,,,,,,,,,,,,,,,,,,,,,,,
daily_top1_selection,,,,,,,,,,,,,,,,,,,2021-06-22,513100.SH,513100.SH,纳指,纳指,False,513100.SH,513100.SH,纳指,纳指,False,,,,,,,,,,,,,,,,,,,,,,,,,,,
daily_top1_selection,,,,,,,,,,,,,,,,,,,2021-06-23,513100.SH,513100.SH,纳指,纳指,False,513100.SH,513100.SH,纳指,纳指,False,,,,,,,,,,,,,,,,,,,,,,,,,,,
daily_top1_selection,,,,,,,,,,,,,,,,,,,2021-06-24,513100.SH,513100.SH,纳指,纳指,False,513100.SH,513100.SH,纳指,纳指,False,,,,,,,,,,,,,,,,,,,,,,,,,,,
daily_top1_selection,,,,,,,,,,,,,,,,,,,2021-06-25,513100.SH,513100.SH,纳指,纳指,False,513100.SH,513100.SH,纳指,纳指,False,,,,,,,,,,,,,,,,,,,,,,,,,,,
daily_top1_selection,,,,,,,,,,,,,,,,,,,2021-06-28,513100.SH,513100.SH,纳指,纳指,False,513100.SH,513100.SH,纳指,纳指,False,,,,,,,,,,,,,,,,,,,,,,,,,,,
daily_top1_selection,,,,,,,,,,,,,,,,,,,2021-06-29,513100.SH,513100.SH,纳指,纳指,False,513100.SH,513100.SH,纳指,纳指,False,,,,,,,,,,,,,,,,,,,,,,,,,,,
daily_top1_selection,,,,,,,,,,,,,,,,,,,2021-06-30,513100.SH,513100.SH,纳指,纳指,False,513100.SH,513100.SH,纳指,纳指,False,,,,,,,,,,,,,,,,,,,,,,,,,,,
daily_top1_selection,,,,,,,,,,,,,,,,,,,2021-07-01,513100.SH,513100.SH,纳指,纳指,False,513100.SH,513100.SH,纳指,纳指,False,,,,,,,,,,,,,,,,,,,,,,,,,,,
daily_top1_selection,,,,,,,,,,,,,,,,,,,2021-07-02,513100.SH,513100.SH,纳指,纳指,False,513100.SH,513100.SH,纳指,纳指,False,,,,,,,,,,,,,,,,,,,,,,,,,,,
daily_top1_selection,,,,,,,,,,,,,,,,,,,2021-07-05,513100.SH,513100.SH,纳指,纳指,False,513100.SH,513100.SH,纳指,纳指,False,,,,,,,,,,,,,,,,,,,,,,,,,,,
daily_top1_selection,,,,,,,,,,,,,,,,,,,2021-07-06,513100.SH,513100.SH,纳指,纳指,False,513100.SH,513100.SH,纳指,纳指,False,,,,,,,,,,,,,,,,,,,,,,,,,,,
daily_top1_selection,,,,,,,,,,,,,,,,,,,2021-07-07,513100.SH,513100.SH,纳指,纳指,False,513100.SH,513100.SH,纳指,纳指,False,,,,,,,,,,,,,,,,,,,,,,,,,,,
daily_top1_selection,,,,,,,,,,,,,,,,,,,2021-07-08,513100.SH,513100.SH,纳指,纳指,False,513100.SH,513100.SH,纳指,纳指,False,,,,,,,,,,,,,,,,,,,,,,,,,,,
daily_top1_selection,,,,,,,,,,,,,,,,,,,2021-07-09,513100.SH,513100.SH,纳指,纳指,False,513100.SH,513100.SH,纳指,纳指,False,,,,,,,,,,,,,,,,,,,,,,,,,,,
daily_top1_selection,,,,,,,,,,,,,,,,,,,2021-07-12,513100.SH,513100.SH,纳指,纳指,False,513100.SH,513100.SH,纳指,纳指,False,,,,,,,,,,,,,,,,,,,,,,,,,,,
daily_top1_selection,,,,,,,,,,,,,,,,,,,2021-07-13,159915.SZ,513100.SH,创业板,纳指,True,513100.SH,513100.SH,纳指,纳指,False,,,,,,,,,,,,,,,,,,,,,,,,,,,
daily_top1_selection,,,,,,,,,,,,,,,,,,,2021-07-14,159915.SZ,513100.SH,创业板,纳指,True,159915.SZ,513100.SH,创业板,纳指,True,,,,,,,,,,,,,,,,,,,,,,,,,,,
daily_top1_selection,,,,,,,,,,,,,,,,,,,2021-07-15,159915.SZ,513100.SH,创业板,纳指,True,159915.SZ,513100.SH,创业板,纳指,True,,,,,,,,,,,,,,,,,,,,,,,,,,,
daily_top1_selection,,,,,,,,,,,,,,,,,,,2021-07-16,159915.SZ,513100.SH,创业板,纳指,True,159915.SZ,513100.SH,创业板,纳指,True,,,,,,,,,,,,,,,,,,,,,,,,,,,
daily_top1_selection,,,,,,,,,,,,,,,,,,,2021-07-19,159915.SZ,513100.SH,创业板,纳指,True,159915.SZ,513100.SH,创业板,纳指,True,,,,,,,,,,,,,,,,,,,,,,,,,,,
daily_top1_selection,,,,,,,,,,,,,,,,,,,2021-07-20,159915.SZ,513100.SH,创业板,纳指,True,159915.SZ,513100.SH,创业板,纳指,True,,,,,,,,,,,,,,,,,,,,,,,,,,,
daily_top1_selection,,,,,,,,,,,,,,,,,,,2021-07-21,159915.SZ,159915.SZ,创业板,创业板,False,159915.SZ,513100.SH,创业板,纳指,True,,,,,,,,,,,,,,,,,,,,,,,,,,,
daily_top1_selection,,,,,,,,,,,,,,,,,,,2021-07-22,159915.SZ,159915.SZ,创业板,创业板,False,159915.SZ,159915.SZ,创业板,创业板,False,,,,,,,,,,,,,,,,,,,,,,,,,,,
daily_top1_selection,,,,,,,,,,,,,,,,,,,2021-07-23,513100.SH,513100.SH,纳指,纳指,False,159915.SZ,159915.SZ,创业板,创业板,False,,,,,,,,,,,,,,,,,,,,,,,,,,,
daily_top1_selection,,,,,,,,,,,,,,,,,,,2021-07-26,513100.SH,513100.SH,纳指,纳指,False,513100.SH,159915.SZ,纳指,创业板,True,,,,,,,,,,,,,,,,,,,,,,,,,,,
daily_top1_selection,,,,,,,,,,,,,,,,,,,2021-07-27,513100.SH,513100.SH,纳指,纳指,False,513100.SH,159915.SZ,纳指,创业板,True,,,,,,,,,,,,,,,,,,,,,,,,,,,
daily_top1_selection,,,,,,,,,,,,,,,,,,,2021-07-28,518880.SH,518880.SH,黄金,黄金,False,513100.SH,159915.SZ,纳指,创业板,True,,,,,,,,,,,,,,,,,,,,,,,,,,,
daily_top1_selection,,,,,,,,,,,,,,,,,,,2021-07-29,513100.SH,513100.SH,纳指,纳指,False,513100.SH,518880.SH,纳指,黄金,True,,,,,,,,,,,,,,,,,,,,,,,,,,,
daily_top1_selection,,,,,,,,,,,,,,,,,,,2021-07-30,159915.SZ,518880.SH,创业板,黄金,True,513100.SH,518880.SH,纳指,黄金,True,,,,,,,,,,,,,,,,,,,,,,,,,,,
daily_top1_selection,,,,,,,,,,,,,,,,,,,2021-08-02,159915.SZ,159915.SZ,创业板,创业板,False,159915.SZ,518880.SH,创业板,黄金,True,,,,,,,,,,,,,,,,,,,,,,,,,,,
daily_top1_selection,,,,,,,,,,,,,,,,,,,2021-08-03,159915.SZ,159915.SZ,创业板,创业板,False,159915.SZ,518880.SH,创业板,黄金,True,,,,,,,,,,,,,,,,,,,,,,,,,,,
daily_top1_selection,,,,,,,,,,,,,,,,,,,2021-08-04,159915.SZ,159915.SZ,创业板,创业板,False,159915.SZ,518880.SH,创业板,黄金,True,,,,,,,,,,,,,,,,,,,,,,,,,,,
daily_top1_selection,,,,,,,,,,,,,,,,,,,2021-08-05,159915.SZ,513100.SH,创业板,纳指,True,159915.SZ,159915.SZ,创业板,创业板,False,,,,,,,,,,,,,,,,,,,,,,,,,,,
daily_top1_selection,,,,,,,,,,,,,,,,,,,2021-08-06,513100.SH,513100.SH,纳指,纳指,False,159915.SZ,159915.SZ,创业板,创业板,False,,,,,,,,,,,,,,,,,,,,,,,,,,,
daily_top1_selection,,,,,,,,,,,,,,,,,,,2021-08-09,513100.SH,513100.SH,纳指,纳指,False,513100.SH,159915.SZ,纳指,创业板,True,,,,,,,,,,,,,,,,,,,,,,,,,,,
daily_top1_selection,,,,,,,,,,,,,,,,,,,2021-08-10,513100.SH,513100.SH,纳指,纳指,False,513100.SH,159915.SZ,纳指,创业板,True,,,,,,,,,,,,,,,,,,,,,,,,,,,
daily_top1_selection,,,,,,,,,,,,,,,,,,,2021-08-11,513100.SH,513100.SH,纳指,纳指,False,513100.SH,159915.SZ,纳指,创业板,True,,,,,,,,,,,,,,,,,,,,,,,,,,,
daily_top1_selection,,,,,,,,,,,,,,,,,,,2021-08-12,513100.SH,513100.SH,纳指,纳指,False,513100.SH,513100.SH,纳指,纳指,False,,,,,,,,,,,,,,,,,,,,,,,,,,,
daily_top1_selection,,,,,,,,,,,,,,,,,,,2021-08-13,513100.SH,513100.SH,纳指,纳指,False,513100.SH,513100.SH,纳指,纳指,False,,,,,,,,,,,,,,,,,,,,,,,,,,,
daily_top1_selection,,,,,,,,,,,,,,,,,,,2021-08-16,513100.SH,513100.SH,纳指,纳指,False,513100.SH,513100.SH,纳指,纳指,False,,,,,,,,,,,,,,,,,,,,,,,,,,,
daily_top1_selection,,,,,,,,,,,,,,,,,,,2021-08-17,513100.SH,513100.SH,纳指,纳指,False,513100.SH,513100.SH,纳指,纳指,False,,,,,,,,,,,,,,,,,,,,,,,,,,,
daily_top1_selection,,,,,,,,,,,,,,,,,,,2021-08-18,513100.SH,513100.SH,纳指,纳指,False,513100.SH,513100.SH,纳指,纳指,False,,,,,,,,,,,,,,,,,,,,,,,,,,,
daily_top1_selection,,,,,,,,,,,,,,,,,,,2021-08-19,513100.SH,513100.SH,纳指,纳指,False,513100.SH,513100.SH,纳指,纳指,False,,,,,,,,,,,,,,,,,,,,,,,,,,,
daily_top1_selection,,,,,,,,,,,,,,,,,,,2021-08-20,513100.SH,513100.SH,纳指,纳指,False,513100.SH,513100.SH,纳指,纳指,False,,,,,,,,,,,,,,,,,,,,,,,,,,,
daily_top1_selection,,,,,,,,,,,,,,,,,,,2021-08-23,513100.SH,513100.SH,纳指,纳指,False,513100.SH,513100.SH,纳指,纳指,False,,,,,,,,,,,,,,,,,,,,,,,,,,,
daily_top1_selection,,,,,,,,,,,,,,,,,,,2021-08-24,510300.SH,510300.SH,沪深300,沪深300,False,513100.SH,513100.SH,纳指,纳指,False,,,,,,,,,,,,,,,,,,,,,,,,,,,
daily_top1_selection,,,,,,,,,,,,,,,,,,,2021-08-25,510300.SH,513100.SH,沪深300,纳指,True,510300.SH,510300.SH,沪深300,沪深300,False,,,,,,,,,,,,,,,,,,,,,,,,,,,
daily_top1_selection,,,,,,,,,,,,,,,,,,,2021-08-26,513100.SH,513100.SH,纳指,纳指,False,510300.SH,510300.SH,沪深300,沪深300,False,,,,,,,,,,,,,,,,,,,,,,,,,,,
daily_top1_selection,,,,,,,,,,,,,,,,,,,2021-08-27,513100.SH,513100.SH,纳指,纳指,False,510300.SH,510300.SH,沪深300,沪深300,False,,,,,,,,,,,,,,,,,,,,,,,,,,,
daily_top1_selection,,,,,,,,,,,,,,,,,,,2021-08-30,513100.SH,513100.SH,纳指,纳指,False,510300.SH,510300.SH,沪深300,沪深300,False,,,,,,,,,,,,,,,,,,,,,,,,,,,
daily_top1_selection,,,,,,,,,,,,,,,,,,,2021-08-31,513100.SH,513100.SH,纳指,纳指,False,510300.SH,510300.SH,沪深300,沪深300,False,,,,,,,,,,,,,,,,,,,,,,,,,,,
daily_top1_selection,,,,,,,,,,,,,,,,,,,2021-09-01,513100.SH,513100.SH,纳指,纳指,False,513100.SH,513100.SH,纳指,纳指,False,,,,,,,,,,,,,,,,,,,,,,,,,,,
daily_top1_selection,,,,,,,,,,,,,,,,,,,2021-09-02,513100.SH,513100.SH,纳指,纳指,False,513100.SH,513100.SH,纳指,纳指,False,,,,,,,,,,,,,,,,,,,,,,,,,,,
daily_top1_selection,,,,,,,,,,,,,,,,,,,2021-09-03,513100.SH,513100.SH,纳指,纳指,False,513100.SH,513100.SH,纳指,纳指,False,,,,,,,,,,,,,,,,,,,,,,,,,,,
daily_top1_selection,,,,,,,,,,,,,,,,,,,2021-09-06,518880.SH,518880.SH,黄金,黄金,False,513100.SH,513100.SH,纳指,纳指,False,,,,,,,,,,,,,,,,,,,,,,,,,,,
daily_top1_selection,,,,,,,,,,,,,,,,,,,2021-09-07,518880.SH,518880.SH,黄金,黄金,False,513100.SH,513100.SH,纳指,纳指,False,,,,,,,,,,,,,,,,,,,,,,,,,,,
daily_top1_selection,,,,,,,,,,,,,,,,,,,2021-09-08,513100.SH,513100.SH,纳指,纳指,False,518880.SH,518880.SH,黄金,黄金,False,,,,,,,,,,,,,,,,,,,,,,,,,,,
daily_top1_selection,,,,,,,,,,,,,,,,,,,2021-09-09,513100.SH,513100.SH,纳指,纳指,False,518880.SH,518880.SH,黄金,黄金,False,,,,,,,,,,,,,,,,,,,,,,,,,,,
daily_top1_selection,,,,,,,,,,,,,,,,,,,2021-09-10,513100.SH,513100.SH,纳指,纳指,False,518880.SH,518880.SH,黄金,黄金,False,,,,,,,,,,,,,,,,,,,,,,,,,,,
daily_top1_selection,,,,,,,,,,,,,,,,,,,2021-09-13,513100.SH,513100.SH,纳指,纳指,False,518880.SH,518880.SH,黄金,黄金,False,,,,,,,,,,,,,,,,,,,,,,,,,,,
daily_top1_selection,,,,,,,,,,,,,,,,,,,2021-09-14,510300.SH,510300.SH,沪深300,沪深300,False,518880.SH,518880.SH,黄金,黄金,False,,,,,,,,,,,,,,,,,,,,,,,,,,,
daily_top1_selection,,,,,,,,,,,,,,,,,,,2021-09-15,513100.SH,513100.SH,纳指,纳指,False,510300.SH,510300.SH,沪深300,沪深300,False,,,,,,,,,,,,,,,,,,,,,,,,,,,
daily_top1_selection,,,,,,,,,,,,,,,,,,,2021-09-16,513100.SH,513100.SH,纳指,纳指,False,510300.SH,510300.SH,沪深300,沪深300,False,,,,,,,,,,,,,,,,,,,,,,,,,,,
daily_top1_selection,,,,,,,,,,,,,,,,,,,2021-09-17,513100.SH,513100.SH,纳指,纳指,False,510300.SH,510300.SH,沪深300,沪深300,False,,,,,,,,,,,,,,,,,,,,,,,,,,,
daily_top1_selection,,,,,,,,,,,,,,,,,,,2021-09-22,510300.SH,510300.SH,沪深300,沪深300,False,510300.SH,510300.SH,沪深300,沪深300,False,,,,,,,,,,,,,,,,,,,,,,,,,,,
daily_top1_selection,,,,,,,,,,,,,,,,,,,2021-09-23,510300.SH,510300.SH,沪深300,沪深300,False,510300.SH,510300.SH,沪深300,沪深300,False,,,,,,,,,,,,,,,,,,,,,,,,,,,
daily_top1_selection,,,,,,,,,,,,,,,,,,,2021-09-24,510300.SH,510300.SH,沪深300,沪深300,False,510300.SH,510300.SH,沪深300,沪深300,False,,,,,,,,,,,,,,,,,,,,,,,,,,,
daily_top1_selection,,,,,,,,,,,,,,,,,,,2021-09-27,510300.SH,510300.SH,沪深300,沪深300,False,510300.SH,510300.SH,沪深300,沪深300,False,,,,,,,,,,,,,,,,,,,,,,,,,,,
daily_top1_selection,,,,,,,,,,,,,,,,,,,2021-09-28,510300.SH,510300.SH,沪深300,沪深300,False,510300.SH,510300.SH,沪深300,沪深300,False,,,,,,,,,,,,,,,,,,,,,,,,,,,
daily_top1_selection,,,,,,,,,,,,,,,,,,,2021-09-29,510300.SH,510300.SH,沪深300,沪深300,False,510300.SH,510300.SH,沪深300,沪深300,False,,,,,,,,,,,,,,,,,,,,,,,,,,,
daily_top1_selection,,,,,,,,,,,,,,,,,,,2021-09-30,159915.SZ,510300.SH,创业板,沪深300,True,510300.SH,510300.SH,沪深300,沪深300,False,,,,,,,,,,,,,,,,,,,,,,,,,,,
daily_top1_selection,,,,,,,,,,,,,,,,,,,2021-10-08,159915.SZ,510300.SH,创业板,沪深300,True,159915.SZ,510300.SH,创业板,沪深300,True,,,,,,,,,,,,,,,,,,,,,,,,,,,
daily_top1_selection,,,,,,,,,,,,,,,,,,,2021-10-11,159915.SZ,159915.SZ,创业板,创业板,False,159915.SZ,510300.SH,创业板,沪深300,True,,,,,,,,,,,,,,,,,,,,,,,,,,,
daily_top1_selection,,,,,,,,,,,,,,,,,,,2021-10-12,159915.SZ,159915.SZ,创业板,创业板,False,159915.SZ,159915.SZ,创业板,创业板,False,,,,,,,,,,,,,,,,,,,,,,,,,,,
daily_top1_selection,,,,,,,,,,,,,,,,,,,2021-10-13,510300.SH,510300.SH,沪深300,沪深300,False,159915.SZ,159915.SZ,创业板,创业板,False,,,,,,,,,,,,,,,,,,,,,,,,,,,
daily_top1_selection,,,,,,,,,,,,,,,,,,,2021-10-14,159915.SZ,159915.SZ,创业板,创业板,False,159915.SZ,159915.SZ,创业板,创业板,False,,,,,,,,,,,,,,,,,,,,,,,,,,,
daily_top1_selection,,,,,,,,,,,,,,,,,,,2021-10-15,159915.SZ,159915.SZ,创业板,创业板,False,159915.SZ,159915.SZ,创业板,创业板,False,,,,,,,,,,,,,,,,,,,,,,,,,,,
daily_top1_selection,,,,,,,,,,,,,,,,,,,2021-10-18,159915.SZ,159915.SZ,创业板,创业板,False,159915.SZ,159915.SZ,创业板,创业板,False,,,,,,,,,,,,,,,,,,,,,,,,,,,
daily_top1_selection,,,,,,,,,,,,,,,,,,,2021-10-19,159915.SZ,159915.SZ,创业板,创业板,False,159915.SZ,159915.SZ,创业板,创业板,False,,,,,,,,,,,,,,,,,,,,,,,,,,,
daily_top1_selection,,,,,,,,,,,,,,,,,,,2021-10-20,159915.SZ,159915.SZ,创业板,创业板,False,159915.SZ,159915.SZ,创业板,创业板,False,,,,,,,,,,,,,,,,,,,,,,,,,,,
daily_top1_selection,,,,,,,,,,,,,,,,,,,2021-10-21,159915.SZ,159915.SZ,创业板,创业板,False,159915.SZ,159915.SZ,创业板,创业板,False,,,,,,,,,,,,,,,,,,,,,,,,,,,
daily_top1_selection,,,,,,,,,,,,,,,,,,,2021-10-22,159915.SZ,159915.SZ,创业板,创业板,False,159915.SZ,159915.SZ,创业板,创业板,False,,,,,,,,,,,,,,,,,,,,,,,,,,,
daily_top1_selection,,,,,,,,,,,,,,,,,,,2021-10-25,159915.SZ,159915.SZ,创业板,创业板,False,159915.SZ,159915.SZ,创业板,创业板,False,,,,,,,,,,,,,,,,,,,,,,,,,,,
daily_top1_selection,,,,,,,,,,,,,,,,,,,2021-10-26,159915.SZ,159915.SZ,创业板,创业板,False,159915.SZ,159915.SZ,创业板,创业板,False,,,,,,,,,,,,,,,,,,,,,,,,,,,
daily_top1_selection,,,,,,,,,,,,,,,,,,,2021-10-27,159915.SZ,159915.SZ,创业板,创业板,False,159915.SZ,159915.SZ,创业板,创业板,False,,,,,,,,,,,,,,,,,,,,,,,,,,,
daily_top1_selection,,,,,,,,,,,,,,,,,,,2021-10-28,159915.SZ,159915.SZ,创业板,创业板,False,159915.SZ,159915.SZ,创业板,创业板,False,,,,,,,,,,,,,,,,,,,,,,,,,,,
daily_top1_selection,,,,,,,,,,,,,,,,,,,2021-10-29,159915.SZ,159915.SZ,创业板,创业板,False,159915.SZ,159915.SZ,创业板,创业板,False,,,,,,,,,,,,,,,,,,,,,,,,,,,
daily_top1_selection,,,,,,,,,,,,,,,,,,,2021-11-01,159915.SZ,159915.SZ,创业板,创业板,False,159915.SZ,159915.SZ,创业板,创业板,False,,,,,,,,,,,,,,,,,,,,,,,,,,,
daily_top1_selection,,,,,,,,,,,,,,,,,,,2021-11-02,513100.SH,513100.SH,纳指,纳指,False,159915.SZ,159915.SZ,创业板,创业板,False,,,,,,,,,,,,,,,,,,,,,,,,,,,
daily_top1_selection,,,,,,,,,,,,,,,,,,,2021-11-03,513100.SH,513100.SH,纳指,纳指,False,513100.SH,513100.SH,纳指,纳指,False,,,,,,,,,,,,,,,,,,,,,,,,,,,
daily_top1_selection,,,,,,,,,,,,,,,,,,,2021-11-04,513100.SH,513100.SH,纳指,纳指,False,513100.SH,513100.SH,纳指,纳指,False,,,,,,,,,,,,,,,,,,,,,,,,,,,
daily_top1_selection,,,,,,,,,,,,,,,,,,,2021-11-05,513100.SH,513100.SH,纳指,纳指,False,513100.SH,513100.SH,纳指,纳指,False,,,,,,,,,,,,,,,,,,,,,,,,,,,
daily_top1_selection,,,,,,,,,,,,,,,,,,,2021-11-08,513100.SH,513100.SH,纳指,纳指,False,513100.SH,513100.SH,纳指,纳指,False,,,,,,,,,,,,,,,,,,,,,,,,,,,
daily_top1_selection,,,,,,,,,,,,,,,,,,,2021-11-09,513100.SH,513100.SH,纳指,纳指,False,513100.SH,513100.SH,纳指,纳指,False,,,,,,,,,,,,,,,,,,,,,,,,,,,
daily_top1_selection,,,,,,,,,,,,,,,,,,,2021-11-10,513100.SH,513100.SH,纳指,纳指,False,513100.SH,513100.SH,纳指,纳指,False,,,,,,,,,,,,,,,,,,,,,,,,,,,
daily_top1_selection,,,,,,,,,,,,,,,,,,,2021-11-11,513100.SH,513100.SH,纳指,纳指,False,513100.SH,513100.SH,纳指,纳指,False,,,,,,,,,,,,,,,,,,,,,,,,,,,
daily_top1_selection,,,,,,,,,,,,,,,,,,,2021-11-12,513100.SH,513100.SH,纳指,纳指,False,513100.SH,513100.SH,纳指,纳指,False,,,,,,,,,,,,,,,,,,,,,,,,,,,
daily_top1_selection,,,,,,,,,,,,,,,,,,,2021-11-15,513100.SH,513100.SH,纳指,纳指,False,513100.SH,513100.SH,纳指,纳指,False,,,,,,,,,,,,,,,,,,,,,,,,,,,
daily_top1_selection,,,,,,,,,,,,,,,,,,,2021-11-16,513100.SH,513100.SH,纳指,纳指,False,513100.SH,513100.SH,纳指,纳指,False,,,,,,,,,,,,,,,,,,,,,,,,,,,
daily_top1_selection,,,,,,,,,,,,,,,,,,,2021-11-17,513100.SH,513100.SH,纳指,纳指,False,513100.SH,513100.SH,纳指,纳指,False,,,,,,,,,,,,,,,,,,,,,,,,,,,
daily_top1_selection,,,,,,,,,,,,,,,,,,,2021-11-18,513100.SH,513100.SH,纳指,纳指,False,513100.SH,513100.SH,纳指,纳指,False,,,,,,,,,,,,,,,,,,,,,,,,,,,
daily_top1_selection,,,,,,,,,,,,,,,,,,,2021-11-19,513100.SH,513100.SH,纳指,纳指,False,513100.SH,513100.SH,纳指,纳指,False,,,,,,,,,,,,,,,,,,,,,,,,,,,
daily_top1_selection,,,,,,,,,,,,,,,,,,,2021-11-22,513100.SH,513100.SH,纳指,纳指,False,513100.SH,513100.SH,纳指,纳指,False,,,,,,,,,,,,,,,,,,,,,,,,,,,
daily_top1_selection,,,,,,,,,,,,,,,,,,,2021-11-23,513100.SH,513100.SH,纳指,纳指,False,513100.SH,513100.SH,纳指,纳指,False,,,,,,,,,,,,,,,,,,,,,,,,,,,
daily_top1_selection,,,,,,,,,,,,,,,,,,,2021-11-24,513100.SH,513100.SH,纳指,纳指,False,513100.SH,513100.SH,纳指,纳指,False,,,,,,,,,,,,,,,,,,,,,,,,,,,
daily_top1_selection,,,,,,,,,,,,,,,,,,,2021-11-25,159915.SZ,159915.SZ,创业板,创业板,False,513100.SH,513100.SH,纳指,纳指,False,,,,,,,,,,,,,,,,,,,,,,,,,,,
daily_top1_selection,,,,,,,,,,,,,,,,,,,2021-11-26,513100.SH,513100.SH,纳指,纳指,False,159915.SZ,159915.SZ,创业板,创业板,False,,,,,,,,,,,,,,,,,,,,,,,,,,,
daily_top1_selection,,,,,,,,,,,,,,,,,,,2021-11-29,159915.SZ,159915.SZ,创业板,创业板,False,159915.SZ,159915.SZ,创业板,创业板,False,,,,,,,,,,,,,,,,,,,,,,,,,,,
daily_top1_selection,,,,,,,,,,,,,,,,,,,2021-11-30,159915.SZ,159915.SZ,创业板,创业板,False,159915.SZ,159915.SZ,创业板,创业板,False,,,,,,,,,,,,,,,,,,,,,,,,,,,
daily_top1_selection,,,,,,,,,,,,,,,,,,,2021-12-01,159915.SZ,159915.SZ,创业板,创业板,False,159915.SZ,159915.SZ,创业板,创业板,False,,,,,,,,,,,,,,,,,,,,,,,,,,,
daily_top1_selection,,,,,,,,,,,,,,,,,,,2021-12-02,159915.SZ,159915.SZ,创业板,创业板,False,159915.SZ,159915.SZ,创业板,创业板,False,,,,,,,,,,,,,,,,,,,,,,,,,,,
daily_top1_selection,,,,,,,,,,,,,,,,,,,2021-12-03,159915.SZ,159915.SZ,创业板,创业板,False,159915.SZ,159915.SZ,创业板,创业板,False,,,,,,,,,,,,,,,,,,,,,,,,,,,
daily_top1_selection,,,,,,,,,,,,,,,,,,,2021-12-06,510300.SH,510300.SH,沪深300,沪深300,False,159915.SZ,159915.SZ,创业板,创业板,False,,,,,,,,,,,,,,,,,,,,,,,,,,,
daily_top1_selection,,,,,,,,,,,,,,,,,,,2021-12-07,510300.SH,510300.SH,沪深300,沪深300,False,510300.SH,510300.SH,沪深300,沪深300,False,,,,,,,,,,,,,,,,,,,,,,,,,,,
daily_top1_selection,,,,,,,,,,,,,,,,,,,2021-12-08,510300.SH,510300.SH,沪深300,沪深300,False,510300.SH,510300.SH,沪深300,沪深300,False,,,,,,,,,,,,,,,,,,,,,,,,,,,
daily_top1_selection,,,,,,,,,,,,,,,,,,,2021-12-09,510300.SH,510300.SH,沪深300,沪深300,False,510300.SH,510300.SH,沪深300,沪深300,False,,,,,,,,,,,,,,,,,,,,,,,,,,,
daily_top1_selection,,,,,,,,,,,,,,,,,,,2021-12-10,510300.SH,510300.SH,沪深300,沪深300,False,510300.SH,510300.SH,沪深300,沪深300,False,,,,,,,,,,,,,,,,,,,,,,,,,,,
daily_top1_selection,,,,,,,,,,,,,,,,,,,2021-12-13,510300.SH,510300.SH,沪深300,沪深300,False,510300.SH,510300.SH,沪深300,沪深300,False,,,,,,,,,,,,,,,,,,,,,,,,,,,
daily_top1_selection,,,,,,,,,,,,,,,,,,,2021-12-14,510300.SH,510300.SH,沪深300,沪深300,False,510300.SH,510300.SH,沪深300,沪深300,False,,,,,,,,,,,,,,,,,,,,,,,,,,,
daily_top1_selection,,,,,,,,,,,,,,,,,,,2021-12-15,510300.SH,510300.SH,沪深300,沪深300,False,510300.SH,510300.SH,沪深300,沪深300,False,,,,,,,,,,,,,,,,,,,,,,,,,,,
daily_top1_selection,,,,,,,,,,,,,,,,,,,2021-12-16,510300.SH,510300.SH,沪深300,沪深300,False,510300.SH,510300.SH,沪深300,沪深300,False,,,,,,,,,,,,,,,,,,,,,,,,,,,
daily_top1_selection,,,,,,,,,,,,,,,,,,,2021-12-17,510300.SH,510300.SH,沪深300,沪深300,False,510300.SH,510300.SH,沪深300,沪深300,False,,,,,,,,,,,,,,,,,,,,,,,,,,,
daily_top1_selection,,,,,,,,,,,,,,,,,,,2021-12-20,510300.SH,510300.SH,沪深300,沪深300,False,510300.SH,510300.SH,沪深300,沪深300,False,,,,,,,,,,,,,,,,,,,,,,,,,,,
daily_top1_selection,,,,,,,,,,,,,,,,,,,2021-12-21,510300.SH,510300.SH,沪深300,沪深300,False,510300.SH,510300.SH,沪深300,沪深300,False,,,,,,,,,,,,,,,,,,,,,,,,,,,
daily_top1_selection,,,,,,,,,,,,,,,,,,,2021-12-22,510300.SH,510300.SH,沪深300,沪深300,False,510300.SH,510300.SH,沪深300,沪深300,False,,,,,,,,,,,,,,,,,,,,,,,,,,,
daily_top1_selection,,,,,,,,,,,,,,,,,,,2021-12-23,510300.SH,510300.SH,沪深300,沪深300,False,510300.SH,510300.SH,沪深300,沪深300,False,,,,,,,,,,,,,,,,,,,,,,,,,,,
daily_top1_selection,,,,,,,,,,,,,,,,,,,2021-12-24,510300.SH,510300.SH,沪深300,沪深300,False,510300.SH,510300.SH,沪深300,沪深300,False,,,,,,,,,,,,,,,,,,,,,,,,,,,
daily_top1_selection,,,,,,,,,,,,,,,,,,,2021-12-27,510300.SH,510300.SH,沪深300,沪深300,False,510300.SH,510300.SH,沪深300,沪深300,False,,,,,,,,,,,,,,,,,,,,,,,,,,,
daily_top1_selection,,,,,,,,,,,,,,,,,,,2021-12-28,510300.SH,510300.SH,沪深300,沪深300,False,510300.SH,510300.SH,沪深300,沪深300,False,,,,,,,,,,,,,,,,,,,,,,,,,,,
daily_top1_selection,,,,,,,,,,,,,,,,,,,2021-12-29,513100.SH,518880.SH,纳指,黄金,True,510300.SH,510300.SH,沪深300,沪深300,False,,,,,,,,,,,,,,,,,,,,,,,,,,,
daily_top1_selection,,,,,,,,,,,,,,,,,,,2021-12-30,513100.SH,513100.SH,纳指,纳指,False,513100.SH,518880.SH,纳指,黄金,True,,,,,,,,,,,,,,,,,,,,,,,,,,,
daily_top1_selection,,,,,,,,,,,,,,,,,,,2021-12-31,513100.SH,518880.SH,纳指,黄金,True,513100.SH,518880.SH,纳指,黄金,True,,,,,,,,,,,,,,,,,,,,,,,,,,,
daily_top1_selection,,,,,,,,,,,,,,,,,,,2022-01-04,513100.SH,513100.SH,纳指,纳指,False,513100.SH,518880.SH,纳指,黄金,True,,,,,,,,,,,,,,,,,,,,,,,,,,,
daily_top1_selection,,,,,,,,,,,,,,,,,,,2022-01-05,513100.SH,518880.SH,纳指,黄金,True,513100.SH,518880.SH,纳指,黄金,True,,,,,,,,,,,,,,,,,,,,,,,,,,,
daily_top1_selection,,,,,,,,,,,,,,,,,,,2022-01-06,518880.SH,518880.SH,黄金,黄金,False,513100.SH,518880.SH,纳指,黄金,True,,,,,,,,,,,,,,,,,,,,,,,,,,,
daily_top1_selection,,,,,,,,,,,,,,,,,,,2022-01-07,518880.SH,518880.SH,黄金,黄金,False,518880.SH,518880.SH,黄金,黄金,False,,,,,,,,,,,,,,,,,,,,,,,,,,,
daily_top1_selection,,,,,,,,,,,,,,,,,,,2022-01-10,518880.SH,518880.SH,黄金,黄金,False,518880.SH,518880.SH,黄金,黄金,False,,,,,,,,,,,,,,,,,,,,,,,,,,,
daily_top1_selection,,,,,,,,,,,,,,,,,,,2022-01-11,518880.SH,518880.SH,黄金,黄金,False,518880.SH,518880.SH,黄金,黄金,False,,,,,,,,,,,,,,,,,,,,,,,,,,,
daily_top1_selection,,,,,,,,,,,,,,,,,,,2022-01-12,518880.SH,518880.SH,黄金,黄金,False,518880.SH,518880.SH,黄金,黄金,False,,,,,,,,,,,,,,,,,,,,,,,,,,,
daily_top1_selection,,,,,,,,,,,,,,,,,,,2022-01-13,518880.SH,518880.SH,黄金,黄金,False,518880.SH,518880.SH,黄金,黄金,False,,,,,,,,,,,,,,,,,,,,,,,,,,,
daily_top1_selection,,,,,,,,,,,,,,,,,,,2022-01-14,518880.SH,518880.SH,黄金,黄金,False,518880.SH,518880.SH,黄金,黄金,False,,,,,,,,,,,,,,,,,,,,,,,,,,,
daily_top1_selection,,,,,,,,,,,,,,,,,,,2022-01-17,518880.SH,518880.SH,黄金,黄金,False,518880.SH,518880.SH,黄金,黄金,False,,,,,,,,,,,,,,,,,,,,,,,,,,,
daily_top1_selection,,,,,,,,,,,,,,,,,,,2022-01-18,518880.SH,518880.SH,黄金,黄金,False,518880.SH,518880.SH,黄金,黄金,False,,,,,,,,,,,,,,,,,,,,,,,,,,,
daily_top1_selection,,,,,,,,,,,,,,,,,,,2022-01-19,518880.SH,518880.SH,黄金,黄金,False,518880.SH,518880.SH,黄金,黄金,False,,,,,,,,,,,,,,,,,,,,,,,,,,,
daily_top1_selection,,,,,,,,,,,,,,,,,,,2022-01-20,518880.SH,518880.SH,黄金,黄金,False,518880.SH,518880.SH,黄金,黄金,False,,,,,,,,,,,,,,,,,,,,,,,,,,,
daily_top1_selection,,,,,,,,,,,,,,,,,,,2022-01-21,518880.SH,518880.SH,黄金,黄金,False,518880.SH,518880.SH,黄金,黄金,False,,,,,,,,,,,,,,,,,,,,,,,,,,,
daily_top1_selection,,,,,,,,,,,,,,,,,,,2022-01-24,518880.SH,518880.SH,黄金,黄金,False,518880.SH,518880.SH,黄金,黄金,False,,,,,,,,,,,,,,,,,,,,,,,,,,,
daily_top1_selection,,,,,,,,,,,,,,,,,,,2022-01-25,518880.SH,518880.SH,黄金,黄金,False,518880.SH,518880.SH,黄金,黄金,False,,,,,,,,,,,,,,,,,,,,,,,,,,,
daily_top1_selection,,,,,,,,,,,,,,,,,,,2022-01-26,518880.SH,518880.SH,黄金,黄金,False,518880.SH,518880.SH,黄金,黄金,False,,,,,,,,,,,,,,,,,,,,,,,,,,,
daily_top1_selection,,,,,,,,,,,,,,,,,,,2022-01-27,518880.SH,518880.SH,黄金,黄金,False,518880.SH,518880.SH,黄金,黄金,False,,,,,,,,,,,,,,,,,,,,,,,,,,,
daily_top1_selection,,,,,,,,,,,,,,,,,,,2022-01-28,518880.SH,518880.SH,黄金,黄金,False,518880.SH,518880.SH,黄金,黄金,False,,,,,,,,,,,,,,,,,,,,,,,,,,,
daily_top1_selection,,,,,,,,,,,,,,,,,,,2022-02-07,518880.SH,518880.SH,黄金,黄金,False,518880.SH,518880.SH,黄金,黄金,False,,,,,,,,,,,,,,,,,,,,,,,,,,,
daily_top1_selection,,,,,,,,,,,,,,,,,,,2022-02-08,518880.SH,518880.SH,黄金,黄金,False,518880.SH,518880.SH,黄金,黄金,False,,,,,,,,,,,,,,,,,,,,,,,,,,,
daily_top1_selection,,,,,,,,,,,,,,,,,,,2022-02-09,518880.SH,518880.SH,黄金,黄金,False,518880.SH,518880.SH,黄金,黄金,False,,,,,,,,,,,,,,,,,,,,,,,,,,,
daily_top1_selection,,,,,,,,,,,,,,,,,,,2022-02-10,518880.SH,518880.SH,黄金,黄金,False,518880.SH,518880.SH,黄金,黄金,False,,,,,,,,,,,,,,,,,,,,,,,,,,,
daily_top1_selection,,,,,,,,,,,,,,,,,,,2022-02-11,518880.SH,518880.SH,黄金,黄金,False,518880.SH,518880.SH,黄金,黄金,False,,,,,,,,,,,,,,,,,,,,,,,,,,,
daily_top1_selection,,,,,,,,,,,,,,,,,,,2022-02-14,518880.SH,518880.SH,黄金,黄金,False,518880.SH,518880.SH,黄金,黄金,False,,,,,,,,,,,,,,,,,,,,,,,,,,,
daily_top1_selection,,,,,,,,,,,,,,,,,,,2022-02-15,518880.SH,518880.SH,黄金,黄金,False,518880.SH,518880.SH,黄金,黄金,False,,,,,,,,,,,,,,,,,,,,,,,,,,,
daily_top1_selection,,,,,,,,,,,,,,,,,,,2022-02-16,518880.SH,518880.SH,黄金,黄金,False,518880.SH,518880.SH,黄金,黄金,False,,,,,,,,,,,,,,,,,,,,,,,,,,,
daily_top1_selection,,,,,,,,,,,,,,,,,,,2022-02-17,518880.SH,518880.SH,黄金,黄金,False,518880.SH,518880.SH,黄金,黄金,False,,,,,,,,,,,,,,,,,,,,,,,,,,,
daily_top1_selection,,,,,,,,,,,,,,,,,,,2022-02-18,518880.SH,518880.SH,黄金,黄金,False,518880.SH,518880.SH,黄金,黄金,False,,,,,,,,,,,,,,,,,,,,,,,,,,,
daily_top1_selection,,,,,,,,,,,,,,,,,,,2022-02-21,518880.SH,518880.SH,黄金,黄金,False,518880.SH,518880.SH,黄金,黄金,False,,,,,,,,,,,,,,,,,,,,,,,,,,,
daily_top1_selection,,,,,,,,,,,,,,,,,,,2022-02-22,518880.SH,518880.SH,黄金,黄金,False,518880.SH,518880.SH,黄金,黄金,False,,,,,,,,,,,,,,,,,,,,,,,,,,,
daily_top1_selection,,,,,,,,,,,,,,,,,,,2022-02-23,518880.SH,518880.SH,黄金,黄金,False,518880.SH,518880.SH,黄金,黄金,False,,,,,,,,,,,,,,,,,,,,,,,,,,,
daily_top1_selection,,,,,,,,,,,,,,,,,,,2022-02-24,518880.SH,518880.SH,黄金,黄金,False,518880.SH,518880.SH,黄金,黄金,False,,,,,,,,,,,,,,,,,,,,,,,,,,,
daily_top1_selection,,,,,,,,,,,,,,,,,,,2022-02-25,518880.SH,518880.SH,黄金,黄金,False,518880.SH,518880.SH,黄金,黄金,False,,,,,,,,,,,,,,,,,,,,,,,,,,,
daily_top1_selection,,,,,,,,,,,,,,,,,,,2022-02-28,518880.SH,518880.SH,黄金,黄金,False,518880.SH,518880.SH,黄金,黄金,False,,,,,,,,,,,,,,,,,,,,,,,,,,,
daily_top1_selection,,,,,,,,,,,,,,,,,,,2022-03-01,518880.SH,518880.SH,黄金,黄金,False,518880.SH,518880.SH,黄金,黄金,False,,,,,,,,,,,,,,,,,,,,,,,,,,,
daily_top1_selection,,,,,,,,,,,,,,,,,,,2022-03-02,518880.SH,518880.SH,黄金,黄金,False,518880.SH,518880.SH,黄金,黄金,False,,,,,,,,,,,,,,,,,,,,,,,,,,,
daily_top1_selection,,,,,,,,,,,,,,,,,,,2022-03-03,518880.SH,518880.SH,黄金,黄金,False,518880.SH,518880.SH,黄金,黄金,False,,,,,,,,,,,,,,,,,,,,,,,,,,,
daily_top1_selection,,,,,,,,,,,,,,,,,,,2022-03-04,518880.SH,518880.SH,黄金,黄金,False,518880.SH,518880.SH,黄金,黄金,False,,,,,,,,,,,,,,,,,,,,,,,,,,,
daily_top1_selection,,,,,,,,,,,,,,,,,,,2022-03-07,518880.SH,518880.SH,黄金,黄金,False,518880.SH,518880.SH,黄金,黄金,False,,,,,,,,,,,,,,,,,,,,,,,,,,,
daily_top1_selection,,,,,,,,,,,,,,,,,,,2022-03-08,518880.SH,518880.SH,黄金,黄金,False,518880.SH,518880.SH,黄金,黄金,False,,,,,,,,,,,,,,,,,,,,,,,,,,,
daily_top1_selection,,,,,,,,,,,,,,,,,,,2022-03-09,518880.SH,518880.SH,黄金,黄金,False,518880.SH,518880.SH,黄金,黄金,False,,,,,,,,,,,,,,,,,,,,,,,,,,,
daily_top1_selection,,,,,,,,,,,,,,,,,,,2022-03-10,518880.SH,518880.SH,黄金,黄金,False,518880.SH,518880.SH,黄金,黄金,False,,,,,,,,,,,,,,,,,,,,,,,,,,,
daily_top1_selection,,,,,,,,,,,,,,,,,,,2022-03-11,518880.SH,518880.SH,黄金,黄金,False,518880.SH,518880.SH,黄金,黄金,False,,,,,,,,,,,,,,,,,,,,,,,,,,,
daily_top1_selection,,,,,,,,,,,,,,,,,,,2022-03-14,518880.SH,518880.SH,黄金,黄金,False,518880.SH,518880.SH,黄金,黄金,False,,,,,,,,,,,,,,,,,,,,,,,,,,,
daily_top1_selection,,,,,,,,,,,,,,,,,,,2022-03-15,518880.SH,518880.SH,黄金,黄金,False,518880.SH,518880.SH,黄金,黄金,False,,,,,,,,,,,,,,,,,,,,,,,,,,,
daily_top1_selection,,,,,,,,,,,,,,,,,,,2022-03-16,518880.SH,518880.SH,黄金,黄金,False,518880.SH,518880.SH,黄金,黄金,False,,,,,,,,,,,,,,,,,,,,,,,,,,,
daily_top1_selection,,,,,,,,,,,,,,,,,,,2022-03-17,518880.SH,518880.SH,黄金,黄金,False,518880.SH,518880.SH,黄金,黄金,False,,,,,,,,,,,,,,,,,,,,,,,,,,,
daily_top1_selection,,,,,,,,,,,,,,,,,,,2022-03-18,518880.SH,518880.SH,黄金,黄金,False,518880.SH,518880.SH,黄金,黄金,False,,,,,,,,,,,,,,,,,,,,,,,,,,,
daily_top1_selection,,,,,,,,,,,,,,,,,,,2022-03-21,518880.SH,518880.SH,黄金,黄金,False,518880.SH,518880.SH,黄金,黄金,False,,,,,,,,,,,,,,,,,,,,,,,,,,,
daily_top1_selection,,,,,,,,,,,,,,,,,,,2022-03-22,513100.SH,513100.SH,纳指,纳指,False,518880.SH,518880.SH,黄金,黄金,False,,,,,,,,,,,,,,,,,,,,,,,,,,,
daily_top1_selection,,,,,,,,,,,,,,,,,,,2022-03-23,513100.SH,513100.SH,纳指,纳指,False,513100.SH,513100.SH,纳指,纳指,False,,,,,,,,,,,,,,,,,,,,,,,,,,,
daily_top1_selection,,,,,,,,,,,,,,,,,,,2022-03-24,513100.SH,513100.SH,纳指,纳指,False,513100.SH,513100.SH,纳指,纳指,False,,,,,,,,,,,,,,,,,,,,,,,,,,,
daily_top1_selection,,,,,,,,,,,,,,,,,,,2022-03-25,513100.SH,513100.SH,纳指,纳指,False,513100.SH,513100.SH,纳指,纳指,False,,,,,,,,,,,,,,,,,,,,,,,,,,,
daily_top1_selection,,,,,,,,,,,,,,,,,,,2022-03-28,513100.SH,513100.SH,纳指,纳指,False,513100.SH,513100.SH,纳指,纳指,False,,,,,,,,,,,,,,,,,,,,,,,,,,,
daily_top1_selection,,,,,,,,,,,,,,,,,,,2022-03-29,513100.SH,513100.SH,纳指,纳指,False,513100.SH,513100.SH,纳指,纳指,False,,,,,,,,,,,,,,,,,,,,,,,,,,,
daily_top1_selection,,,,,,,,,,,,,,,,,,,2022-03-30,513100.SH,513100.SH,纳指,纳指,False,513100.SH,513100.SH,纳指,纳指,False,,,,,,,,,,,,,,,,,,,,,,,,,,,
daily_top1_selection,,,,,,,,,,,,,,,,,,,2022-03-31,513100.SH,513100.SH,纳指,纳指,False,513100.SH,513100.SH,纳指,纳指,False,,,,,,,,,,,,,,,,,,,,,,,,,,,
daily_top1_selection,,,,,,,,,,,,,,,,,,,2022-04-01,513100.SH,513100.SH,纳指,纳指,False,513100.SH,513100.SH,纳指,纳指,False,,,,,,,,,,,,,,,,,,,,,,,,,,,
daily_top1_selection,,,,,,,,,,,,,,,,,,,2022-04-06,513100.SH,513100.SH,纳指,纳指,False,513100.SH,513100.SH,纳指,纳指,False,,,,,,,,,,,,,,,,,,,,,,,,,,,
daily_top1_selection,,,,,,,,,,,,,,,,,,,2022-04-07,513100.SH,513100.SH,纳指,纳指,False,513100.SH,513100.SH,纳指,纳指,False,,,,,,,,,,,,,,,,,,,,,,,,,,,
daily_top1_selection,,,,,,,,,,,,,,,,,,,2022-04-08,513100.SH,513100.SH,纳指,纳指,False,513100.SH,513100.SH,纳指,纳指,False,,,,,,,,,,,,,,,,,,,,,,,,,,,
daily_top1_selection,,,,,,,,,,,,,,,,,,,2022-04-11,513100.SH,513100.SH,纳指,纳指,False,513100.SH,513100.SH,纳指,纳指,False,,,,,,,,,,,,,,,,,,,,,,,,,,,
daily_top1_selection,,,,,,,,,,,,,,,,,,,2022-04-12,513100.SH,513100.SH,纳指,纳指,False,513100.SH,513100.SH,纳指,纳指,False,,,,,,,,,,,,,,,,,,,,,,,,,,,
daily_top1_selection,,,,,,,,,,,,,,,,,,,2022-04-13,513100.SH,513100.SH,纳指,纳指,False,513100.SH,513100.SH,纳指,纳指,False,,,,,,,,,,,,,,,,,,,,,,,,,,,
daily_top1_selection,,,,,,,,,,,,,,,,,,,2022-04-14,513100.SH,513100.SH,纳指,纳指,False,513100.SH,513100.SH,纳指,纳指,False,,,,,,,,,,,,,,,,,,,,,,,,,,,
daily_top1_selection,,,,,,,,,,,,,,,,,,,2022-04-15,518880.SH,518880.SH,黄金,黄金,False,513100.SH,513100.SH,纳指,纳指,False,,,,,,,,,,,,,,,,,,,,,,,,,,,
daily_top1_selection,,,,,,,,,,,,,,,,,,,2022-04-18,518880.SH,518880.SH,黄金,黄金,False,518880.SH,518880.SH,黄金,黄金,False,,,,,,,,,,,,,,,,,,,,,,,,,,,
daily_top1_selection,,,,,,,,,,,,,,,,,,,2022-04-19,518880.SH,518880.SH,黄金,黄金,False,518880.SH,518880.SH,黄金,黄金,False,,,,,,,,,,,,,,,,,,,,,,,,,,,
daily_top1_selection,,,,,,,,,,,,,,,,,,,2022-04-20,518880.SH,518880.SH,黄金,黄金,False,518880.SH,518880.SH,黄金,黄金,False,,,,,,,,,,,,,,,,,,,,,,,,,,,
daily_top1_selection,,,,,,,,,,,,,,,,,,,2022-04-21,518880.SH,518880.SH,黄金,黄金,False,518880.SH,518880.SH,黄金,黄金,False,,,,,,,,,,,,,,,,,,,,,,,,,,,
daily_top1_selection,,,,,,,,,,,,,,,,,,,2022-04-22,518880.SH,518880.SH,黄金,黄金,False,518880.SH,518880.SH,黄金,黄金,False,,,,,,,,,,,,,,,,,,,,,,,,,,,
daily_top1_selection,,,,,,,,,,,,,,,,,,,2022-04-25,518880.SH,518880.SH,黄金,黄金,False,518880.SH,518880.SH,黄金,黄金,False,,,,,,,,,,,,,,,,,,,,,,,,,,,
daily_top1_selection,,,,,,,,,,,,,,,,,,,2022-04-26,518880.SH,518880.SH,黄金,黄金,False,518880.SH,518880.SH,黄金,黄金,False,,,,,,,,,,,,,,,,,,,,,,,,,,,
daily_top1_selection,,,,,,,,,,,,,,,,,,,2022-04-27,518880.SH,518880.SH,黄金,黄金,False,518880.SH,518880.SH,黄金,黄金,False,,,,,,,,,,,,,,,,,,,,,,,,,,,
daily_top1_selection,,,,,,,,,,,,,,,,,,,2022-04-28,518880.SH,518880.SH,黄金,黄金,False,518880.SH,518880.SH,黄金,黄金,False,,,,,,,,,,,,,,,,,,,,,,,,,,,
daily_top1_selection,,,,,,,,,,,,,,,,,,,2022-04-29,518880.SH,518880.SH,黄金,黄金,False,518880.SH,518880.SH,黄金,黄金,False,,,,,,,,,,,,,,,,,,,,,,,,,,,
daily_top1_selection,,,,,,,,,,,,,,,,,,,2022-05-05,518880.SH,518880.SH,黄金,黄金,False,518880.SH,518880.SH,黄金,黄金,False,,,,,,,,,,,,,,,,,,,,,,,,,,,
daily_top1_selection,,,,,,,,,,,,,,,,,,,2022-05-06,518880.SH,518880.SH,黄金,黄金,False,518880.SH,518880.SH,黄金,黄金,False,,,,,,,,,,,,,,,,,,,,,,,,,,,
daily_top1_selection,,,,,,,,,,,,,,,,,,,2022-05-09,518880.SH,518880.SH,黄金,黄金,False,518880.SH,518880.SH,黄金,黄金,False,,,,,,,,,,,,,,,,,,,,,,,,,,,
daily_top1_selection,,,,,,,,,,,,,,,,,,,2022-05-10,518880.SH,518880.SH,黄金,黄金,False,518880.SH,518880.SH,黄金,黄金,False,,,,,,,,,,,,,,,,,,,,,,,,,,,
daily_top1_selection,,,,,,,,,,,,,,,,,,,2022-05-11,518880.SH,518880.SH,黄金,黄金,False,518880.SH,518880.SH,黄金,黄金,False,,,,,,,,,,,,,,,,,,,,,,,,,,,
daily_top1_selection,,,,,,,,,,,,,,,,,,,2022-05-12,518880.SH,518880.SH,黄金,黄金,False,518880.SH,518880.SH,黄金,黄金,False,,,,,,,,,,,,,,,,,,,,,,,,,,,
daily_top1_selection,,,,,,,,,,,,,,,,,,,2022-05-13,518880.SH,518880.SH,黄金,黄金,False,518880.SH,518880.SH,黄金,黄金,False,,,,,,,,,,,,,,,,,,,,,,,,,,,
daily_top1_selection,,,,,,,,,,,,,,,,,,,2022-05-16,518880.SH,518880.SH,黄金,黄金,False,518880.SH,518880.SH,黄金,黄金,False,,,,,,,,,,,,,,,,,,,,,,,,,,,
daily_top1_selection,,,,,,,,,,,,,,,,,,,2022-05-17,518880.SH,518880.SH,黄金,黄金,False,518880.SH,518880.SH,黄金,黄金,False,,,,,,,,,,,,,,,,,,,,,,,,,,,
daily_top1_selection,,,,,,,,,,,,,,,,,,,2022-05-18,518880.SH,159915.SZ,黄金,创业板,True,518880.SH,518880.SH,黄金,黄金,False,,,,,,,,,,,,,,,,,,,,,,,,,,,
daily_top1_selection,,,,,,,,,,,,,,,,,,,2022-05-19,518880.SH,159915.SZ,黄金,创业板,True,518880.SH,159915.SZ,黄金,创业板,True,,,,,,,,,,,,,,,,,,,,,,,,,,,
daily_top1_selection,,,,,,,,,,,,,,,,,,,2022-05-20,159915.SZ,159915.SZ,创业板,创业板,False,518880.SH,159915.SZ,黄金,创业板,True,,,,,,,,,,,,,,,,,,,,,,,,,,,
daily_top1_selection,,,,,,,,,,,,,,,,,,,2022-05-23,159915.SZ,159915.SZ,创业板,创业板,False,159915.SZ,159915.SZ,创业板,创业板,False,,,,,,,,,,,,,,,,,,,,,,,,,,,
daily_top1_selection,,,,,,,,,,,,,,,,,,,2022-05-24,159915.SZ,159915.SZ,创业板,创业板,False,159915.SZ,159915.SZ,创业板,创业板,False,,,,,,,,,,,,,,,,,,,,,,,,,,,
daily_top1_selection,,,,,,,,,,,,,,,,,,,2022-05-25,159915.SZ,159915.SZ,创业板,创业板,False,159915.SZ,159915.SZ,创业板,创业板,False,,,,,,,,,,,,,,,,,,,,,,,,,,,
daily_top1_selection,,,,,,,,,,,,,,,,,,,2022-05-26,159915.SZ,159915.SZ,创业板,创业板,False,159915.SZ,159915.SZ,创业板,创业板,False,,,,,,,,,,,,,,,,,,,,,,,,,,,
daily_top1_selection,,,,,,,,,,,,,,,,,,,2022-05-27,159915.SZ,159915.SZ,创业板,创业板,False,159915.SZ,159915.SZ,创业板,创业板,False,,,,,,,,,,,,,,,,,,,,,,,,,,,
daily_top1_selection,,,,,,,,,,,,,,,,,,,2022-05-30,510300.SH,510300.SH,沪深300,沪深300,False,159915.SZ,159915.SZ,创业板,创业板,False,,,,,,,,,,,,,,,,,,,,,,,,,,,
daily_top1_selection,,,,,,,,,,,,,,,,,,,2022-05-31,159915.SZ,159915.SZ,创业板,创业板,False,510300.SH,510300.SH,沪深300,沪深300,False,,,,,,,,,,,,,,,,,,,,,,,,,,,
daily_top1_selection,,,,,,,,,,,,,,,,,,,2022-06-01,159915.SZ,159915.SZ,创业板,创业板,False,510300.SH,510300.SH,沪深300,沪深300,False,,,,,,,,,,,,,,,,,,,,,,,,,,,
daily_top1_selection,,,,,,,,,,,,,,,,,,,2022-06-02,159915.SZ,159915.SZ,创业板,创业板,False,510300.SH,510300.SH,沪深300,沪深300,False,,,,,,,,,,,,,,,,,,,,,,,,,,,
daily_top1_selection,,,,,,,,,,,,,,,,,,,2022-06-06,159915.SZ,159915.SZ,创业板,创业板,False,510300.SH,510300.SH,沪深300,沪深300,False,,,,,,,,,,,,,,,,,,,,,,,,,,,
daily_top1_selection,,,,,,,,,,,,,,,,,,,2022-06-07,159915.SZ,159915.SZ,创业板,创业板,False,510300.SH,510300.SH,沪深300,沪深300,False,,,,,,,,,,,,,,,,,,,,,,,,,,,
daily_top1_selection,,,,,,,,,,,,,,,,,,,2022-06-08,159915.SZ,159915.SZ,创业板,创业板,False,159915.SZ,159915.SZ,创业板,创业板,False,,,,,,,,,,,,,,,,,,,,,,,,,,,
daily_top1_selection,,,,,,,,,,,,,,,,,,,2022-06-09,159915.SZ,510300.SH,创业板,沪深300,True,159915.SZ,159915.SZ,创业板,创业板,False,,,,,,,,,,,,,,,,,,,,,,,,,,,
daily_top1_selection,,,,,,,,,,,,,,,,,,,2022-06-10,159915.SZ,510300.SH,创业板,沪深300,True,159915.SZ,159915.SZ,创业板,创业板,False,,,,,,,,,,,,,,,,,,,,,,,,,,,
daily_top1_selection,,,,,,,,,,,,,,,,,,,2022-06-13,159915.SZ,159915.SZ,创业板,创业板,False,159915.SZ,159915.SZ,创业板,创业板,False,,,,,,,,,,,,,,,,,,,,,,,,,,,
daily_top1_selection,,,,,,,,,,,,,,,,,,,2022-06-14,159915.SZ,159915.SZ,创业板,创业板,False,159915.SZ,159915.SZ,创业板,创业板,False,,,,,,,,,,,,,,,,,,,,,,,,,,,
daily_top1_selection,,,,,,,,,,,,,,,,,,,2022-06-15,159915.SZ,159915.SZ,创业板,创业板,False,159915.SZ,159915.SZ,创业板,创业板,False,,,,,,,,,,,,,,,,,,,,,,,,,,,
daily_top1_selection,,,,,,,,,,,,,,,,,,,2022-06-16,159915.SZ,159915.SZ,创业板,创业板,False,159915.SZ,159915.SZ,创业板,创业板,False,,,,,,,,,,,,,,,,,,,,,,,,,,,
daily_top1_selection,,,,,,,,,,,,,,,,,,,2022-06-17,159915.SZ,159915.SZ,创业板,创业板,False,159915.SZ,159915.SZ,创业板,创业板,False,,,,,,,,,,,,,,,,,,,,,,,,,,,
daily_top1_selection,,,,,,,,,,,,,,,,,,,2022-06-20,159915.SZ,159915.SZ,创业板,创业板,False,159915.SZ,159915.SZ,创业板,创业板,False,,,,,,,,,,,,,,,,,,,,,,,,,,,
daily_top1_selection,,,,,,,,,,,,,,,,,,,2022-06-21,159915.SZ,159915.SZ,创业板,创业板,False,159915.SZ,159915.SZ,创业板,创业板,False,,,,,,,,,,,,,,,,,,,,,,,,,,,
daily_top1_selection,,,,,,,,,,,,,,,,,,,2022-06-22,159915.SZ,159915.SZ,创业板,创业板,False,159915.SZ,159915.SZ,创业板,创业板,False,,,,,,,,,,,,,,,,,,,,,,,,,,,
daily_top1_selection,,,,,,,,,,,,,,,,,,,2022-06-23,159915.SZ,159915.SZ,创业板,创业板,False,159915.SZ,159915.SZ,创业板,创业板,False,,,,,,,,,,,,,,,,,,,,,,,,,,,
daily_top1_selection,,,,,,,,,,,,,,,,,,,2022-06-24,159915.SZ,159915.SZ,创业板,创业板,False,159915.SZ,159915.SZ,创业板,创业板,False,,,,,,,,,,,,,,,,,,,,,,,,,,,
daily_top1_selection,,,,,,,,,,,,,,,,,,,2022-06-27,159915.SZ,159915.SZ,创业板,创业板,False,159915.SZ,159915.SZ,创业板,创业板,False,,,,,,,,,,,,,,,,,,,,,,,,,,,
daily_top1_selection,,,,,,,,,,,,,,,,,,,2022-06-28,159915.SZ,159915.SZ,创业板,创业板,False,159915.SZ,159915.SZ,创业板,创业板,False,,,,,,,,,,,,,,,,,,,,,,,,,,,
daily_top1_selection,,,,,,,,,,,,,,,,,,,2022-06-29,159915.SZ,159915.SZ,创业板,创业板,False,159915.SZ,159915.SZ,创业板,创业板,False,,,,,,,,,,,,,,,,,,,,,,,,,,,
daily_top1_selection,,,,,,,,,,,,,,,,,,,2022-06-30,159915.SZ,159915.SZ,创业板,创业板,False,159915.SZ,159915.SZ,创业板,创业板,False,,,,,,,,,,,,,,,,,,,,,,,,,,,
daily_top1_selection,,,,,,,,,,,,,,,,,,,2022-07-01,159915.SZ,159915.SZ,创业板,创业板,False,159915.SZ,159915.SZ,创业板,创业板,False,,,,,,,,,,,,,,,,,,,,,,,,,,,
daily_top1_selection,,,,,,,,,,,,,,,,,,,2022-07-04,159915.SZ,159915.SZ,创业板,创业板,False,159915.SZ,159915.SZ,创业板,创业板,False,,,,,,,,,,,,,,,,,,,,,,,,,,,
daily_top1_selection,,,,,,,,,,,,,,,,,,,2022-07-05,159915.SZ,159915.SZ,创业板,创业板,False,159915.SZ,159915.SZ,创业板,创业板,False,,,,,,,,,,,,,,,,,,,,,,,,,,,
daily_top1_selection,,,,,,,,,,,,,,,,,,,2022-07-06,159915.SZ,159915.SZ,创业板,创业板,False,159915.SZ,159915.SZ,创业板,创业板,False,,,,,,,,,,,,,,,,,,,,,,,,,,,
daily_top1_selection,,,,,,,,,,,,,,,,,,,2022-07-07,159915.SZ,159915.SZ,创业板,创业板,False,159915.SZ,159915.SZ,创业板,创业板,False,,,,,,,,,,,,,,,,,,,,,,,,,,,
daily_top1_selection,,,,,,,,,,,,,,,,,,,2022-07-08,159915.SZ,159915.SZ,创业板,创业板,False,159915.SZ,159915.SZ,创业板,创业板,False,,,,,,,,,,,,,,,,,,,,,,,,,,,
daily_top1_selection,,,,,,,,,,,,,,,,,,,2022-07-11,159915.SZ,159915.SZ,创业板,创业板,False,159915.SZ,159915.SZ,创业板,创业板,False,,,,,,,,,,,,,,,,,,,,,,,,,,,
daily_top1_selection,,,,,,,,,,,,,,,,,,,2022-07-12,159915.SZ,159915.SZ,创业板,创业板,False,159915.SZ,159915.SZ,创业板,创业板,False,,,,,,,,,,,,,,,,,,,,,,,,,,,
daily_top1_selection,,,,,,,,,,,,,,,,,,,2022-07-13,159915.SZ,159915.SZ,创业板,创业板,False,159915.SZ,159915.SZ,创业板,创业板,False,,,,,,,,,,,,,,,,,,,,,,,,,,,
daily_top1_selection,,,,,,,,,,,,,,,,,,,2022-07-14,159915.SZ,159915.SZ,创业板,创业板,False,159915.SZ,159915.SZ,创业板,创业板,False,,,,,,,,,,,,,,,,,,,,,,,,,,,
daily_top1_selection,,,,,,,,,,,,,,,,,,,2022-07-15,513100.SH,513100.SH,纳指,纳指,False,159915.SZ,159915.SZ,创业板,创业板,False,,,,,,,,,,,,,,,,,,,,,,,,,,,
daily_top1_selection,,,,,,,,,,,,,,,,,,,2022-07-18,513100.SH,513100.SH,纳指,纳指,False,513100.SH,513100.SH,纳指,纳指,False,,,,,,,,,,,,,,,,,,,,,,,,,,,
daily_top1_selection,,,,,,,,,,,,,,,,,,,2022-07-19,513100.SH,513100.SH,纳指,纳指,False,513100.SH,513100.SH,纳指,纳指,False,,,,,,,,,,,,,,,,,,,,,,,,,,,
daily_top1_selection,,,,,,,,,,,,,,,,,,,2022-07-20,513100.SH,513100.SH,纳指,纳指,False,513100.SH,513100.SH,纳指,纳指,False,,,,,,,,,,,,,,,,,,,,,,,,,,,
daily_top1_selection,,,,,,,,,,,,,,,,,,,2022-07-21,513100.SH,513100.SH,纳指,纳指,False,513100.SH,513100.SH,纳指,纳指,False,,,,,,,,,,,,,,,,,,,,,,,,,,,
daily_top1_selection,,,,,,,,,,,,,,,,,,,2022-07-22,513100.SH,513100.SH,纳指,纳指,False,513100.SH,513100.SH,纳指,纳指,False,,,,,,,,,,,,,,,,,,,,,,,,,,,
daily_top1_selection,,,,,,,,,,,,,,,,,,,2022-07-25,513100.SH,513100.SH,纳指,纳指,False,513100.SH,513100.SH,纳指,纳指,False,,,,,,,,,,,,,,,,,,,,,,,,,,,
daily_top1_selection,,,,,,,,,,,,,,,,,,,2022-07-26,513100.SH,513100.SH,纳指,纳指,False,513100.SH,513100.SH,纳指,纳指,False,,,,,,,,,,,,,,,,,,,,,,,,,,,
daily_top1_selection,,,,,,,,,,,,,,,,,,,2022-07-27,513100.SH,513100.SH,纳指,纳指,False,513100.SH,513100.SH,纳指,纳指,False,,,,,,,,,,,,,,,,,,,,,,,,,,,
daily_top1_selection,,,,,,,,,,,,,,,,,,,2022-07-28,513100.SH,513100.SH,纳指,纳指,False,513100.SH,513100.SH,纳指,纳指,False,,,,,,,,,,,,,,,,,,,,,,,,,,,
daily_top1_selection,,,,,,,,,,,,,,,,,,,2022-07-29,513100.SH,513100.SH,纳指,纳指,False,513100.SH,513100.SH,纳指,纳指,False,,,,,,,,,,,,,,,,,,,,,,,,,,,
daily_top1_selection,,,,,,,,,,,,,,,,,,,2022-08-01,513100.SH,513100.SH,纳指,纳指,False,513100.SH,513100.SH,纳指,纳指,False,,,,,,,,,,,,,,,,,,,,,,,,,,,
daily_top1_selection,,,,,,,,,,,,,,,,,,,2022-08-02,513100.SH,513100.SH,纳指,纳指,False,513100.SH,513100.SH,纳指,纳指,False,,,,,,,,,,,,,,,,,,,,,,,,,,,
daily_top1_selection,,,,,,,,,,,,,,,,,,,2022-08-03,513100.SH,513100.SH,纳指,纳指,False,513100.SH,513100.SH,纳指,纳指,False,,,,,,,,,,,,,,,,,,,,,,,,,,,
daily_top1_selection,,,,,,,,,,,,,,,,,,,2022-08-04,513100.SH,513100.SH,纳指,纳指,False,513100.SH,513100.SH,纳指,纳指,False,,,,,,,,,,,,,,,,,,,,,,,,,,,
daily_top1_selection,,,,,,,,,,,,,,,,,,,2022-08-05,513100.SH,513100.SH,纳指,纳指,False,513100.SH,513100.SH,纳指,纳指,False,,,,,,,,,,,,,,,,,,,,,,,,,,,
daily_top1_selection,,,,,,,,,,,,,,,,,,,2022-08-08,513100.SH,513100.SH,纳指,纳指,False,513100.SH,513100.SH,纳指,纳指,False,,,,,,,,,,,,,,,,,,,,,,,,,,,
daily_top1_selection,,,,,,,,,,,,,,,,,,,2022-08-09,513100.SH,513100.SH,纳指,纳指,False,513100.SH,513100.SH,纳指,纳指,False,,,,,,,,,,,,,,,,,,,,,,,,,,,
daily_top1_selection,,,,,,,,,,,,,,,,,,,2022-08-10,513100.SH,513100.SH,纳指,纳指,False,513100.SH,513100.SH,纳指,纳指,False,,,,,,,,,,,,,,,,,,,,,,,,,,,
daily_top1_selection,,,,,,,,,,,,,,,,,,,2022-08-11,513100.SH,513100.SH,纳指,纳指,False,513100.SH,513100.SH,纳指,纳指,False,,,,,,,,,,,,,,,,,,,,,,,,,,,
daily_top1_selection,,,,,,,,,,,,,,,,,,,2022-08-12,513100.SH,513100.SH,纳指,纳指,False,513100.SH,513100.SH,纳指,纳指,False,,,,,,,,,,,,,,,,,,,,,,,,,,,
daily_top1_selection,,,,,,,,,,,,,,,,,,,2022-08-15,513100.SH,513100.SH,纳指,纳指,False,513100.SH,513100.SH,纳指,纳指,False,,,,,,,,,,,,,,,,,,,,,,,,,,,
daily_top1_selection,,,,,,,,,,,,,,,,,,,2022-08-16,513100.SH,513100.SH,纳指,纳指,False,513100.SH,513100.SH,纳指,纳指,False,,,,,,,,,,,,,,,,,,,,,,,,,,,
daily_top1_selection,,,,,,,,,,,,,,,,,,,2022-08-17,513100.SH,513100.SH,纳指,纳指,False,513100.SH,513100.SH,纳指,纳指,False,,,,,,,,,,,,,,,,,,,,,,,,,,,
daily_top1_selection,,,,,,,,,,,,,,,,,,,2022-08-18,513100.SH,513100.SH,纳指,纳指,False,513100.SH,513100.SH,纳指,纳指,False,,,,,,,,,,,,,,,,,,,,,,,,,,,
daily_top1_selection,,,,,,,,,,,,,,,,,,,2022-08-19,513100.SH,513100.SH,纳指,纳指,False,513100.SH,513100.SH,纳指,纳指,False,,,,,,,,,,,,,,,,,,,,,,,,,,,
daily_top1_selection,,,,,,,,,,,,,,,,,,,2022-08-22,513100.SH,513100.SH,纳指,纳指,False,513100.SH,513100.SH,纳指,纳指,False,,,,,,,,,,,,,,,,,,,,,,,,,,,
daily_top1_selection,,,,,,,,,,,,,,,,,,,2022-08-23,513100.SH,513100.SH,纳指,纳指,False,513100.SH,513100.SH,纳指,纳指,False,,,,,,,,,,,,,,,,,,,,,,,,,,,
daily_top1_selection,,,,,,,,,,,,,,,,,,,2022-08-24,513100.SH,518880.SH,纳指,黄金,True,513100.SH,513100.SH,纳指,纳指,False,,,,,,,,,,,,,,,,,,,,,,,,,,,
daily_top1_selection,,,,,,,,,,,,,,,,,,,2022-08-25,513100.SH,513100.SH,纳指,纳指,False,513100.SH,518880.SH,纳指,黄金,True,,,,,,,,,,,,,,,,,,,,,,,,,,,
daily_top1_selection,,,,,,,,,,,,,,,,,,,2022-08-26,513100.SH,513100.SH,纳指,纳指,False,513100.SH,518880.SH,纳指,黄金,True,,,,,,,,,,,,,,,,,,,,,,,,,,,
daily_top1_selection,,,,,,,,,,,,,,,,,,,2022-08-29,518880.SH,518880.SH,黄金,黄金,False,513100.SH,518880.SH,纳指,黄金,True,,,,,,,,,,,,,,,,,,,,,,,,,,,
daily_top1_selection,,,,,,,,,,,,,,,,,,,2022-08-30,518880.SH,518880.SH,黄金,黄金,False,518880.SH,518880.SH,黄金,黄金,False,,,,,,,,,,,,,,,,,,,,,,,,,,,
daily_top1_selection,,,,,,,,,,,,,,,,,,,2022-08-31,510300.SH,510300.SH,沪深300,沪深300,False,518880.SH,518880.SH,黄金,黄金,False,,,,,,,,,,,,,,,,,,,,,,,,,,,
daily_top1_selection,,,,,,,,,,,,,,,,,,,2022-09-01,518880.SH,518880.SH,黄金,黄金,False,518880.SH,510300.SH,黄金,沪深300,True,,,,,,,,,,,,,,,,,,,,,,,,,,,
daily_top1_selection,,,,,,,,,,,,,,,,,,,2022-09-02,518880.SH,518880.SH,黄金,黄金,False,518880.SH,510300.SH,黄金,沪深300,True,,,,,,,,,,,,,,,,,,,,,,,,,,,
daily_top1_selection,,,,,,,,,,,,,,,,,,,2022-09-05,518880.SH,518880.SH,黄金,黄金,False,518880.SH,510300.SH,黄金,沪深300,True,,,,,,,,,,,,,,,,,,,,,,,,,,,
daily_top1_selection,,,,,,,,,,,,,,,,,,,2022-09-06,518880.SH,518880.SH,黄金,黄金,False,518880.SH,510300.SH,黄金,沪深300,True,,,,,,,,,,,,,,,,,,,,,,,,,,,
daily_top1_selection,,,,,,,,,,,,,,,,,,,2022-09-07,518880.SH,518880.SH,黄金,黄金,False,518880.SH,510300.SH,黄金,沪深300,True,,,,,,,,,,,,,,,,,,,,,,,,,,,
daily_top1_selection,,,,,,,,,,,,,,,,,,,2022-09-08,518880.SH,518880.SH,黄金,黄金,False,518880.SH,518880.SH,黄金,黄金,False,,,,,,,,,,,,,,,,,,,,,,,,,,,
daily_top1_selection,,,,,,,,,,,,,,,,,,,2022-09-09,518880.SH,518880.SH,黄金,黄金,False,518880.SH,518880.SH,黄金,黄金,False,,,,,,,,,,,,,,,,,,,,,,,,,,,
daily_top1_selection,,,,,,,,,,,,,,,,,,,2022-09-13,518880.SH,518880.SH,黄金,黄金,False,518880.SH,518880.SH,黄金,黄金,False,,,,,,,,,,,,,,,,,,,,,,,,,,,
daily_top1_selection,,,,,,,,,,,,,,,,,,,2022-09-14,518880.SH,518880.SH,黄金,黄金,False,518880.SH,518880.SH,黄金,黄金,False,,,,,,,,,,,,,,,,,,,,,,,,,,,
daily_top1_selection,,,,,,,,,,,,,,,,,,,2022-09-15,518880.SH,518880.SH,黄金,黄金,False,518880.SH,518880.SH,黄金,黄金,False,,,,,,,,,,,,,,,,,,,,,,,,,,,
daily_top1_selection,,,,,,,,,,,,,,,,,,,2022-09-16,518880.SH,518880.SH,黄金,黄金,False,518880.SH,518880.SH,黄金,黄金,False,,,,,,,,,,,,,,,,,,,,,,,,,,,
daily_top1_selection,,,,,,,,,,,,,,,,,,,2022-09-19,518880.SH,518880.SH,黄金,黄金,False,518880.SH,518880.SH,黄金,黄金,False,,,,,,,,,,,,,,,,,,,,,,,,,,,
daily_top1_selection,,,,,,,,,,,,,,,,,,,2022-09-20,518880.SH,518880.SH,黄金,黄金,False,518880.SH,518880.SH,黄金,黄金,False,,,,,,,,,,,,,,,,,,,,,,,,,,,
daily_top1_selection,,,,,,,,,,,,,,,,,,,2022-09-21,518880.SH,518880.SH,黄金,黄金,False,518880.SH,518880.SH,黄金,黄金,False,,,,,,,,,,,,,,,,,,,,,,,,,,,
daily_top1_selection,,,,,,,,,,,,,,,,,,,2022-09-22,518880.SH,518880.SH,黄金,黄金,False,518880.SH,518880.SH,黄金,黄金,False,,,,,,,,,,,,,,,,,,,,,,,,,,,
daily_top1_selection,,,,,,,,,,,,,,,,,,,2022-09-23,518880.SH,518880.SH,黄金,黄金,False,518880.SH,518880.SH,黄金,黄金,False,,,,,,,,,,,,,,,,,,,,,,,,,,,
daily_top1_selection,,,,,,,,,,,,,,,,,,,2022-09-26,518880.SH,518880.SH,黄金,黄金,False,518880.SH,518880.SH,黄金,黄金,False,,,,,,,,,,,,,,,,,,,,,,,,,,,
daily_top1_selection,,,,,,,,,,,,,,,,,,,2022-09-27,518880.SH,518880.SH,黄金,黄金,False,518880.SH,518880.SH,黄金,黄金,False,,,,,,,,,,,,,,,,,,,,,,,,,,,
daily_top1_selection,,,,,,,,,,,,,,,,,,,2022-09-28,518880.SH,518880.SH,黄金,黄金,False,518880.SH,518880.SH,黄金,黄金,False,,,,,,,,,,,,,,,,,,,,,,,,,,,
daily_top1_selection,,,,,,,,,,,,,,,,,,,2022-09-29,518880.SH,518880.SH,黄金,黄金,False,518880.SH,518880.SH,黄金,黄金,False,,,,,,,,,,,,,,,,,,,,,,,,,,,
daily_top1_selection,,,,,,,,,,,,,,,,,,,2022-09-30,518880.SH,518880.SH,黄金,黄金,False,518880.SH,518880.SH,黄金,黄金,False,,,,,,,,,,,,,,,,,,,,,,,,,,,
daily_top1_selection,,,,,,,,,,,,,,,,,,,2022-10-10,518880.SH,518880.SH,黄金,黄金,False,518880.SH,518880.SH,黄金,黄金,False,,,,,,,,,,,,,,,,,,,,,,,,,,,
daily_top1_selection,,,,,,,,,,,,,,,,,,,2022-10-11,518880.SH,518880.SH,黄金,黄金,False,518880.SH,518880.SH,黄金,黄金,False,,,,,,,,,,,,,,,,,,,,,,,,,,,
daily_top1_selection,,,,,,,,,,,,,,,,,,,2022-10-12,518880.SH,518880.SH,黄金,黄金,False,518880.SH,518880.SH,黄金,黄金,False,,,,,,,,,,,,,,,,,,,,,,,,,,,
daily_top1_selection,,,,,,,,,,,,,,,,,,,2022-10-13,518880.SH,518880.SH,黄金,黄金,False,518880.SH,518880.SH,黄金,黄金,False,,,,,,,,,,,,,,,,,,,,,,,,,,,
daily_top1_selection,,,,,,,,,,,,,,,,,,,2022-10-14,518880.SH,518880.SH,黄金,黄金,False,518880.SH,518880.SH,黄金,黄金,False,,,,,,,,,,,,,,,,,,,,,,,,,,,
daily_top1_selection,,,,,,,,,,,,,,,,,,,2022-10-17,518880.SH,518880.SH,黄金,黄金,False,518880.SH,518880.SH,黄金,黄金,False,,,,,,,,,,,,,,,,,,,,,,,,,,,
daily_top1_selection,,,,,,,,,,,,,,,,,,,2022-10-18,518880.SH,518880.SH,黄金,黄金,False,518880.SH,518880.SH,黄金,黄金,False,,,,,,,,,,,,,,,,,,,,,,,,,,,
daily_top1_selection,,,,,,,,,,,,,,,,,,,2022-10-19,518880.SH,518880.SH,黄金,黄金,False,518880.SH,518880.SH,黄金,黄金,False,,,,,,,,,,,,,,,,,,,,,,,,,,,
daily_top1_selection,,,,,,,,,,,,,,,,,,,2022-10-20,518880.SH,518880.SH,黄金,黄金,False,518880.SH,518880.SH,黄金,黄金,False,,,,,,,,,,,,,,,,,,,,,,,,,,,
daily_top1_selection,,,,,,,,,,,,,,,,,,,2022-10-21,518880.SH,518880.SH,黄金,黄金,False,518880.SH,518880.SH,黄金,黄金,False,,,,,,,,,,,,,,,,,,,,,,,,,,,
daily_top1_selection,,,,,,,,,,,,,,,,,,,2022-10-24,518880.SH,518880.SH,黄金,黄金,False,518880.SH,518880.SH,黄金,黄金,False,,,,,,,,,,,,,,,,,,,,,,,,,,,
daily_top1_selection,,,,,,,,,,,,,,,,,,,2022-10-25,518880.SH,518880.SH,黄金,黄金,False,518880.SH,518880.SH,黄金,黄金,False,,,,,,,,,,,,,,,,,,,,,,,,,,,
daily_top1_selection,,,,,,,,,,,,,,,,,,,2022-10-26,518880.SH,518880.SH,黄金,黄金,False,518880.SH,518880.SH,黄金,黄金,False,,,,,,,,,,,,,,,,,,,,,,,,,,,
daily_top1_selection,,,,,,,,,,,,,,,,,,,2022-10-27,518880.SH,518880.SH,黄金,黄金,False,518880.SH,518880.SH,黄金,黄金,False,,,,,,,,,,,,,,,,,,,,,,,,,,,
daily_top1_selection,,,,,,,,,,,,,,,,,,,2022-10-28,518880.SH,518880.SH,黄金,黄金,False,518880.SH,518880.SH,黄金,黄金,False,,,,,,,,,,,,,,,,,,,,,,,,,,,
daily_top1_selection,,,,,,,,,,,,,,,,,,,2022-10-31,513100.SH,518880.SH,纳指,黄金,True,518880.SH,518880.SH,黄金,黄金,False,,,,,,,,,,,,,,,,,,,,,,,,,,,
daily_top1_selection,,,,,,,,,,,,,,,,,,,2022-11-01,513100.SH,518880.SH,纳指,黄金,True,513100.SH,518880.SH,纳指,黄金,True,,,,,,,,,,,,,,,,,,,,,,,,,,,
daily_top1_selection,,,,,,,,,,,,,,,,,,,2022-11-02,159915.SZ,518880.SH,创业板,黄金,True,513100.SH,518880.SH,纳指,黄金,True,,,,,,,,,,,,,,,,,,,,,,,,,,,
daily_top1_selection,,,,,,,,,,,,,,,,,,,2022-11-03,159915.SZ,159915.SZ,创业板,创业板,False,513100.SH,518880.SH,纳指,黄金,True,,,,,,,,,,,,,,,,,,,,,,,,,,,
daily_top1_selection,,,,,,,,,,,,,,,,,,,2022-11-04,159915.SZ,159915.SZ,创业板,创业板,False,513100.SH,159915.SZ,纳指,创业板,True,,,,,,,,,,,,,,,,,,,,,,,,,,,
daily_top1_selection,,,,,,,,,,,,,,,,,,,2022-11-07,159915.SZ,159915.SZ,创业板,创业板,False,513100.SH,159915.SZ,纳指,创业板,True,,,,,,,,,,,,,,,,,,,,,,,,,,,
daily_top1_selection,,,,,,,,,,,,,,,,,,,2022-11-08,159915.SZ,159915.SZ,创业板,创业板,False,159915.SZ,159915.SZ,创业板,创业板,False,,,,,,,,,,,,,,,,,,,,,,,,,,,
daily_top1_selection,,,,,,,,,,,,,,,,,,,2022-11-09,518880.SH,518880.SH,黄金,黄金,False,159915.SZ,159915.SZ,创业板,创业板,False,,,,,,,,,,,,,,,,,,,,,,,,,,,
daily_top1_selection,,,,,,,,,,,,,,,,,,,2022-11-10,518880.SH,518880.SH,黄金,黄金,False,159915.SZ,159915.SZ,创业板,创业板,False,,,,,,,,,,,,,,,,,,,,,,,,,,,
daily_top1_selection,,,,,,,,,,,,,,,,,,,2022-11-11,513100.SH,518880.SH,纳指,黄金,True,159915.SZ,518880.SH,创业板,黄金,True,,,,,,,,,,,,,,,,,,,,,,,,,,,
daily_top1_selection,,,,,,,,,,,,,,,,,,,2022-11-14,513100.SH,513100.SH,纳指,纳指,False,159915.SZ,518880.SH,创业板,黄金,True,,,,,,,,,,,,,,,,,,,,,,,,,,,
daily_top1_selection,,,,,,,,,,,,,,,,,,,2022-11-15,513100.SH,518880.SH,纳指,黄金,True,513100.SH,518880.SH,纳指,黄金,True,,,,,,,,,,,,,,,,,,,,,,,,,,,
daily_top1_selection,,,,,,,,,,,,,,,,,,,2022-11-16,513100.SH,518880.SH,纳指,黄金,True,513100.SH,518880.SH,纳指,黄金,True,,,,,,,,,,,,,,,,,,,,,,,,,,,
daily_top1_selection,,,,,,,,,,,,,,,,,,,2022-11-17,513100.SH,518880.SH,纳指,黄金,True,513100.SH,518880.SH,纳指,黄金,True,,,,,,,,,,,,,,,,,,,,,,,,,,,
daily_top1_selection,,,,,,,,,,,,,,,,,,,2022-11-18,513100.SH,518880.SH,纳指,黄金,True,513100.SH,518880.SH,纳指,黄金,True,,,,,,,,,,,,,,,,,,,,,,,,,,,
daily_top1_selection,,,,,,,,,,,,,,,,,,,2022-11-21,510300.SH,518880.SH,沪深300,黄金,True,513100.SH,518880.SH,纳指,黄金,True,,,,,,,,,,,,,,,,,,,,,,,,,,,
daily_top1_selection,,,,,,,,,,,,,,,,,,,2022-11-22,510300.SH,518880.SH,沪深300,黄金,True,510300.SH,518880.SH,沪深300,黄金,True,,,,,,,,,,,,,,,,,,,,,,,,,,,
daily_top1_selection,,,,,,,,,,,,,,,,,,,2022-11-23,510300.SH,518880.SH,沪深300,黄金,True,510300.SH,518880.SH,沪深300,黄金,True,,,,,,,,,,,,,,,,,,,,,,,,,,,
daily_top1_selection,,,,,,,,,,,,,,,,,,,2022-11-24,510300.SH,518880.SH,沪深300,黄金,True,510300.SH,518880.SH,沪深300,黄金,True,,,,,,,,,,,,,,,,,,,,,,,,,,,
daily_top1_selection,,,,,,,,,,,,,,,,,,,2022-11-25,513100.SH,510300.SH,纳指,沪深300,True,510300.SH,518880.SH,沪深300,黄金,True,,,,,,,,,,,,,,,,,,,,,,,,,,,
daily_top1_selection,,,,,,,,,,,,,,,,,,,2022-11-28,510300.SH,510300.SH,沪深300,沪深300,False,510300.SH,510300.SH,沪深300,沪深300,False,,,,,,,,,,,,,,,,,,,,,,,,,,,
daily_top1_selection,,,,,,,,,,,,,,,,,,,2022-11-29,510300.SH,510300.SH,沪深300,沪深300,False,510300.SH,510300.SH,沪深300,沪深300,False,,,,,,,,,,,,,,,,,,,,,,,,,,,
daily_top1_selection,,,,,,,,,,,,,,,,,,,2022-11-30,510300.SH,518880.SH,沪深300,黄金,True,510300.SH,510300.SH,沪深300,沪深300,False,,,,,,,,,,,,,,,,,,,,,,,,,,,
daily_top1_selection,,,,,,,,,,,,,,,,,,,2022-12-01,513100.SH,510300.SH,纳指,沪深300,True,510300.SH,510300.SH,沪深300,沪深300,False,,,,,,,,,,,,,,,,,,,,,,,,,,,
daily_top1_selection,,,,,,,,,,,,,,,,,,,2022-12-02,513100.SH,518880.SH,纳指,黄金,True,513100.SH,510300.SH,纳指,沪深300,True,,,,,,,,,,,,,,,,,,,,,,,,,,,
daily_top1_selection,,,,,,,,,,,,,,,,,,,2022-12-05,513100.SH,510300.SH,纳指,沪深300,True,513100.SH,518880.SH,纳指,黄金,True,,,,,,,,,,,,,,,,,,,,,,,,,,,
daily_top1_selection,,,,,,,,,,,,,,,,,,,2022-12-06,510300.SH,510300.SH,沪深300,沪深300,False,513100.SH,518880.SH,纳指,黄金,True,,,,,,,,,,,,,,,,,,,,,,,,,,,
daily_top1_selection,,,,,,,,,,,,,,,,,,,2022-12-07,510300.SH,510300.SH,沪深300,沪深300,False,513100.SH,518880.SH,纳指,黄金,True,,,,,,,,,,,,,,,,,,,,,,,,,,,
daily_top1_selection,,,,,,,,,,,,,,,,,,,2022-12-08,510300.SH,510300.SH,沪深300,沪深300,False,513100.SH,518880.SH,纳指,黄金,True,,,,,,,,,,,,,,,,,,,,,,,,,,,
daily_top1_selection,,,,,,,,,,,,,,,,,,,2022-12-09,510300.SH,510300.SH,沪深300,沪深300,False,510300.SH,518880.SH,沪深300,黄金,True,,,,,,,,,,,,,,,,,,,,,,,,,,,
daily_top1_selection,,,,,,,,,,,,,,,,,,,2022-12-12,510300.SH,510300.SH,沪深300,沪深300,False,510300.SH,510300.SH,沪深300,沪深300,False,,,,,,,,,,,,,,,,,,,,,,,,,,,
daily_top1_selection,,,,,,,,,,,,,,,,,,,2022-12-13,510300.SH,510300.SH,沪深300,沪深300,False,510300.SH,510300.SH,沪深300,沪深300,False,,,,,,,,,,,,,,,,,,,,,,,,,,,
daily_top1_selection,,,,,,,,,,,,,,,,,,,2022-12-14,510300.SH,510300.SH,沪深300,沪深300,False,510300.SH,510300.SH,沪深300,沪深300,False,,,,,,,,,,,,,,,,,,,,,,,,,,,
daily_top1_selection,,,,,,,,,,,,,,,,,,,2022-12-15,510300.SH,510300.SH,沪深300,沪深300,False,510300.SH,510300.SH,沪深300,沪深300,False,,,,,,,,,,,,,,,,,,,,,,,,,,,
daily_top1_selection,,,,,,,,,,,,,,,,,,,2022-12-16,510300.SH,510300.SH,沪深300,沪深300,False,510300.SH,510300.SH,沪深300,沪深300,False,,,,,,,,,,,,,,,,,,,,,,,,,,,
daily_top1_selection,,,,,,,,,,,,,,,,,,,2022-12-19,510300.SH,510300.SH,沪深300,沪深300,False,510300.SH,510300.SH,沪深300,沪深300,False,,,,,,,,,,,,,,,,,,,,,,,,,,,
daily_top1_selection,,,,,,,,,,,,,,,,,,,2022-12-20,510300.SH,510300.SH,沪深300,沪深300,False,510300.SH,510300.SH,沪深300,沪深300,False,,,,,,,,,,,,,,,,,,,,,,,,,,,
daily_top1_selection,,,,,,,,,,,,,,,,,,,2022-12-21,510300.SH,518880.SH,沪深300,黄金,True,510300.SH,510300.SH,沪深300,沪深300,False,,,,,,,,,,,,,,,,,,,,,,,,,,,
daily_top1_selection,,,,,,,,,,,,,,,,,,,2022-12-22,510300.SH,510300.SH,沪深300,沪深300,False,510300.SH,518880.SH,沪深300,黄金,True,,,,,,,,,,,,,,,,,,,,,,,,,,,
daily_top1_selection,,,,,,,,,,,,,,,,,,,2022-12-23,510300.SH,510300.SH,沪深300,沪深300,False,510300.SH,518880.SH,沪深300,黄金,True,,,,,,,,,,,,,,,,,,,,,,,,,,,
daily_top1_selection,,,,,,,,,,,,,,,,,,,2022-12-26,510300.SH,510300.SH,沪深300,沪深300,False,510300.SH,518880.SH,沪深300,黄金,True,,,,,,,,,,,,,,,,,,,,,,,,,,,
daily_top1_selection,,,,,,,,,,,,,,,,,,,2022-12-27,159915.SZ,510300.SH,创业板,沪深300,True,510300.SH,518880.SH,沪深300,黄金,True,,,,,,,,,,,,,,,,,,,,,,,,,,,
daily_top1_selection,,,,,,,,,,,,,,,,,,,2022-12-28,510300.SH,518880.SH,沪深300,黄金,True,159915.SZ,518880.SH,创业板,黄金,True,,,,,,,,,,,,,,,,,,,,,,,,,,,
daily_top1_selection,,,,,,,,,,,,,,,,,,,2022-12-29,518880.SH,518880.SH,黄金,黄金,False,159915.SZ,518880.SH,创业板,黄金,True,,,,,,,,,,,,,,,,,,,,,,,,,,,
daily_top1_selection,,,,,,,,,,,,,,,,,,,2022-12-30,518880.SH,518880.SH,黄金,黄金,False,159915.SZ,518880.SH,创业板,黄金,True,,,,,,,,,,,,,,,,,,,,,,,,,,,
daily_top1_selection,,,,,,,,,,,,,,,,,,,2023-01-03,518880.SH,518880.SH,黄金,黄金,False,159915.SZ,518880.SH,创业板,黄金,True,,,,,,,,,,,,,,,,,,,,,,,,,,,
daily_top1_selection,,,,,,,,,,,,,,,,,,,2023-01-04,518880.SH,518880.SH,黄金,黄金,False,159915.SZ,518880.SH,创业板,黄金,True,,,,,,,,,,,,,,,,,,,,,,,,,,,
daily_top1_selection,,,,,,,,,,,,,,,,,,,2023-01-05,518880.SH,518880.SH,黄金,黄金,False,518880.SH,518880.SH,黄金,黄金,False,,,,,,,,,,,,,,,,,,,,,,,,,,,
daily_top1_selection,,,,,,,,,,,,,,,,,,,2023-01-06,518880.SH,518880.SH,黄金,黄金,False,518880.SH,518880.SH,黄金,黄金,False,,,,,,,,,,,,,,,,,,,,,,,,,,,
daily_top1_selection,,,,,,,,,,,,,,,,,,,2023-01-09,518880.SH,518880.SH,黄金,黄金,False,518880.SH,518880.SH,黄金,黄金,False,,,,,,,,,,,,,,,,,,,,,,,,,,,
daily_top1_selection,,,,,,,,,,,,,,,,,,,2023-01-10,159915.SZ,518880.SH,创业板,黄金,True,518880.SH,518880.SH,黄金,黄金,False,,,,,,,,,,,,,,,,,,,,,,,,,,,
daily_top1_selection,,,,,,,,,,,,,,,,,,,2023-01-11,159915.SZ,518880.SH,创业板,黄金,True,518880.SH,518880.SH,黄金,黄金,False,,,,,,,,,,,,,,,,,,,,,,,,,,,
daily_top1_selection,,,,,,,,,,,,,,,,,,,2023-01-12,159915.SZ,159915.SZ,创业板,创业板,False,159915.SZ,518880.SH,创业板,黄金,True,,,,,,,,,,,,,,,,,,,,,,,,,,,
daily_top1_selection,,,,,,,,,,,,,,,,,,,2023-01-13,159915.SZ,510300.SH,创业板,沪深300,True,159915.SZ,159915.SZ,创业板,创业板,False,,,,,,,,,,,,,,,,,,,,,,,,,,,
daily_top1_selection,,,,,,,,,,,,,,,,,,,2023-01-16,159915.SZ,159915.SZ,创业板,创业板,False,159915.SZ,159915.SZ,创业板,创业板,False,,,,,,,,,,,,,,,,,,,,,,,,,,,
daily_top1_selection,,,,,,,,,,,,,,,,,,,2023-01-17,159915.SZ,159915.SZ,创业板,创业板,False,159915.SZ,159915.SZ,创业板,创业板,False,,,,,,,,,,,,,,,,,,,,,,,,,,,
daily_top1_selection,,,,,,,,,,,,,,,,,,,2023-01-18,159915.SZ,510300.SH,创业板,沪深300,True,159915.SZ,159915.SZ,创业板,创业板,False,,,,,,,,,,,,,,,,,,,,,,,,,,,
daily_top1_selection,,,,,,,,,,,,,,,,,,,2023-01-19,159915.SZ,159915.SZ,创业板,创业板,False,159915.SZ,159915.SZ,创业板,创业板,False,,,,,,,,,,,,,,,,,,,,,,,,,,,
daily_top1_selection,,,,,,,,,,,,,,,,,,,2023-01-20,159915.SZ,159915.SZ,创业板,创业板,False,159915.SZ,159915.SZ,创业板,创业板,False,,,,,,,,,,,,,,,,,,,,,,,,,,,
daily_top1_selection,,,,,,,,,,,,,,,,,,,2023-01-30,159915.SZ,159915.SZ,创业板,创业板,False,159915.SZ,159915.SZ,创业板,创业板,False,,,,,,,,,,,,,,,,,,,,,,,,,,,
daily_top1_selection,,,,,,,,,,,,,,,,,,,2023-01-31,159915.SZ,159915.SZ,创业板,创业板,False,159915.SZ,159915.SZ,创业板,创业板,False,,,,,,,,,,,,,,,,,,,,,,,,,,,
daily_top1_selection,,,,,,,,,,,,,,,,,,,2023-02-01,159915.SZ,159915.SZ,创业板,创业板,False,159915.SZ,159915.SZ,创业板,创业板,False,,,,,,,,,,,,,,,,,,,,,,,,,,,
daily_top1_selection,,,,,,,,,,,,,,,,,,,2023-02-02,159915.SZ,159915.SZ,创业板,创业板,False,159915.SZ,159915.SZ,创业板,创业板,False,,,,,,,,,,,,,,,,,,,,,,,,,,,
daily_top1_selection,,,,,,,,,,,,,,,,,,,2023-02-03,159915.SZ,159915.SZ,创业板,创业板,False,159915.SZ,159915.SZ,创业板,创业板,False,,,,,,,,,,,,,,,,,,,,,,,,,,,
daily_top1_selection,,,,,,,,,,,,,,,,,,,2023-02-06,159915.SZ,513100.SH,创业板,纳指,True,159915.SZ,159915.SZ,创业板,创业板,False,,,,,,,,,,,,,,,,,,,,,,,,,,,
daily_top1_selection,,,,,,,,,,,,,,,,,,,2023-02-07,159915.SZ,513100.SH,创业板,纳指,True,159915.SZ,513100.SH,创业板,纳指,True,,,,,,,,,,,,,,,,,,,,,,,,,,,
daily_top1_selection,,,,,,,,,,,,,,,,,,,2023-02-08,513100.SH,513100.SH,纳指,纳指,False,159915.SZ,513100.SH,创业板,纳指,True,,,,,,,,,,,,,,,,,,,,,,,,,,,
daily_top1_selection,,,,,,,,,,,,,,,,,,,2023-02-09,513100.SH,513100.SH,纳指,纳指,False,513100.SH,513100.SH,纳指,纳指,False,,,,,,,,,,,,,,,,,,,,,,,,,,,
daily_top1_selection,,,,,,,,,,,,,,,,,,,2023-02-10,513100.SH,513100.SH,纳指,纳指,False,513100.SH,513100.SH,纳指,纳指,False,,,,,,,,,,,,,,,,,,,,,,,,,,,
daily_top1_selection,,,,,,,,,,,,,,,,,,,2023-02-13,513100.SH,513100.SH,纳指,纳指,False,513100.SH,513100.SH,纳指,纳指,False,,,,,,,,,,,,,,,,,,,,,,,,,,,
daily_top1_selection,,,,,,,,,,,,,,,,,,,2023-02-14,513100.SH,513100.SH,纳指,纳指,False,513100.SH,513100.SH,纳指,纳指,False,,,,,,,,,,,,,,,,,,,,,,,,,,,
daily_top1_selection,,,,,,,,,,,,,,,,,,,2023-02-15,513100.SH,513100.SH,纳指,纳指,False,513100.SH,513100.SH,纳指,纳指,False,,,,,,,,,,,,,,,,,,,,,,,,,,,
daily_top1_selection,,,,,,,,,,,,,,,,,,,2023-02-16,513100.SH,513100.SH,纳指,纳指,False,513100.SH,513100.SH,纳指,纳指,False,,,,,,,,,,,,,,,,,,,,,,,,,,,
daily_top1_selection,,,,,,,,,,,,,,,,,,,2023-02-17,513100.SH,513100.SH,纳指,纳指,False,513100.SH,513100.SH,纳指,纳指,False,,,,,,,,,,,,,,,,,,,,,,,,,,,
daily_top1_selection,,,,,,,,,,,,,,,,,,,2023-02-20,513100.SH,513100.SH,纳指,纳指,False,513100.SH,513100.SH,纳指,纳指,False,,,,,,,,,,,,,,,,,,,,,,,,,,,
daily_top1_selection,,,,,,,,,,,,,,,,,,,2023-02-21,513100.SH,513100.SH,纳指,纳指,False,513100.SH,513100.SH,纳指,纳指,False,,,,,,,,,,,,,,,,,,,,,,,,,,,
daily_top1_selection,,,,,,,,,,,,,,,,,,,2023-02-22,513100.SH,513100.SH,纳指,纳指,False,513100.SH,513100.SH,纳指,纳指,False,,,,,,,,,,,,,,,,,,,,,,,,,,,
daily_top1_selection,,,,,,,,,,,,,,,,,,,2023-02-23,513100.SH,513100.SH,纳指,纳指,False,513100.SH,513100.SH,纳指,纳指,False,,,,,,,,,,,,,,,,,,,,,,,,,,,
daily_top1_selection,,,,,,,,,,,,,,,,,,,2023-02-24,513100.SH,513100.SH,纳指,纳指,False,513100.SH,513100.SH,纳指,纳指,False,,,,,,,,,,,,,,,,,,,,,,,,,,,
daily_top1_selection,,,,,,,,,,,,,,,,,,,2023-02-27,513100.SH,513100.SH,纳指,纳指,False,513100.SH,513100.SH,纳指,纳指,False,,,,,,,,,,,,,,,,,,,,,,,,,,,
daily_top1_selection,,,,,,,,,,,,,,,,,,,2023-02-28,513100.SH,513100.SH,纳指,纳指,False,513100.SH,513100.SH,纳指,纳指,False,,,,,,,,,,,,,,,,,,,,,,,,,,,
daily_top1_selection,,,,,,,,,,,,,,,,,,,2023-03-01,513100.SH,513100.SH,纳指,纳指,False,513100.SH,513100.SH,纳指,纳指,False,,,,,,,,,,,,,,,,,,,,,,,,,,,
daily_top1_selection,,,,,,,,,,,,,,,,,,,2023-03-02,510300.SH,510300.SH,沪深300,沪深300,False,513100.SH,513100.SH,纳指,纳指,False,,,,,,,,,,,,,,,,,,,,,,,,,,,
daily_top1_selection,,,,,,,,,,,,,,,,,,,2023-03-03,510300.SH,510300.SH,沪深300,沪深300,False,510300.SH,510300.SH,沪深300,沪深300,False,,,,,,,,,,,,,,,,,,,,,,,,,,,
daily_top1_selection,,,,,,,,,,,,,,,,,,,2023-03-06,518880.SH,518880.SH,黄金,黄金,False,510300.SH,510300.SH,沪深300,沪深300,False,,,,,,,,,,,,,,,,,,,,,,,,,,,
daily_top1_selection,,,,,,,,,,,,,,,,,,,2023-03-07,518880.SH,518880.SH,黄金,黄金,False,510300.SH,510300.SH,沪深300,沪深300,False,,,,,,,,,,,,,,,,,,,,,,,,,,,
daily_top1_selection,,,,,,,,,,,,,,,,,,,2023-03-08,518880.SH,518880.SH,黄金,黄金,False,510300.SH,510300.SH,沪深300,沪深300,False,,,,,,,,,,,,,,,,,,,,,,,,,,,
daily_top1_selection,,,,,,,,,,,,,,,,,,,2023-03-09,518880.SH,518880.SH,黄金,黄金,False,510300.SH,510300.SH,沪深300,沪深300,False,,,,,,,,,,,,,,,,,,,,,,,,,,,
daily_top1_selection,,,,,,,,,,,,,,,,,,,2023-03-10,518880.SH,518880.SH,黄金,黄金,False,518880.SH,518880.SH,黄金,黄金,False,,,,,,,,,,,,,,,,,,,,,,,,,,,
daily_top1_selection,,,,,,,,,,,,,,,,,,,2023-03-13,518880.SH,518880.SH,黄金,黄金,False,518880.SH,518880.SH,黄金,黄金,False,,,,,,,,,,,,,,,,,,,,,,,,,,,
daily_top1_selection,,,,,,,,,,,,,,,,,,,2023-03-14,518880.SH,518880.SH,黄金,黄金,False,518880.SH,518880.SH,黄金,黄金,False,,,,,,,,,,,,,,,,,,,,,,,,,,,
daily_top1_selection,,,,,,,,,,,,,,,,,,,2023-03-15,518880.SH,518880.SH,黄金,黄金,False,518880.SH,518880.SH,黄金,黄金,False,,,,,,,,,,,,,,,,,,,,,,,,,,,
daily_top1_selection,,,,,,,,,,,,,,,,,,,2023-03-16,518880.SH,518880.SH,黄金,黄金,False,518880.SH,518880.SH,黄金,黄金,False,,,,,,,,,,,,,,,,,,,,,,,,,,,
daily_top1_selection,,,,,,,,,,,,,,,,,,,2023-03-17,518880.SH,518880.SH,黄金,黄金,False,518880.SH,518880.SH,黄金,黄金,False,,,,,,,,,,,,,,,,,,,,,,,,,,,
daily_top1_selection,,,,,,,,,,,,,,,,,,,2023-03-20,518880.SH,518880.SH,黄金,黄金,False,518880.SH,518880.SH,黄金,黄金,False,,,,,,,,,,,,,,,,,,,,,,,,,,,
daily_top1_selection,,,,,,,,,,,,,,,,,,,2023-03-21,518880.SH,518880.SH,黄金,黄金,False,518880.SH,518880.SH,黄金,黄金,False,,,,,,,,,,,,,,,,,,,,,,,,,,,
daily_top1_selection,,,,,,,,,,,,,,,,,,,2023-03-22,513100.SH,518880.SH,纳指,黄金,True,518880.SH,518880.SH,黄金,黄金,False,,,,,,,,,,,,,,,,,,,,,,,,,,,
daily_top1_selection,,,,,,,,,,,,,,,,,,,2023-03-23,518880.SH,518880.SH,黄金,黄金,False,513100.SH,518880.SH,纳指,黄金,True,,,,,,,,,,,,,,,,,,,,,,,,,,,
daily_top1_selection,,,,,,,,,,,,,,,,,,,2023-03-24,518880.SH,518880.SH,黄金,黄金,False,513100.SH,518880.SH,纳指,黄金,True,,,,,,,,,,,,,,,,,,,,,,,,,,,
daily_top1_selection,,,,,,,,,,,,,,,,,,,2023-03-27,518880.SH,518880.SH,黄金,黄金,False,513100.SH,518880.SH,纳指,黄金,True,,,,,,,,,,,,,,,,,,,,,,,,,,,
daily_top1_selection,,,,,,,,,,,,,,,,,,,2023-03-28,518880.SH,518880.SH,黄金,黄金,False,513100.SH,518880.SH,纳指,黄金,True,,,,,,,,,,,,,,,,,,,,,,,,,,,
daily_top1_selection,,,,,,,,,,,,,,,,,,,2023-03-29,518880.SH,518880.SH,黄金,黄金,False,513100.SH,518880.SH,纳指,黄金,True,,,,,,,,,,,,,,,,,,,,,,,,,,,
daily_top1_selection,,,,,,,,,,,,,,,,,,,2023-03-30,513100.SH,513100.SH,纳指,纳指,False,518880.SH,518880.SH,黄金,黄金,False,,,,,,,,,,,,,,,,,,,,,,,,,,,
daily_top1_selection,,,,,,,,,,,,,,,,,,,2023-03-31,513100.SH,518880.SH,纳指,黄金,True,518880.SH,513100.SH,黄金,纳指,True,,,,,,,,,,,,,,,,,,,,,,,,,,,
daily_top1_selection,,,,,,,,,,,,,,,,,,,2023-04-03,513100.SH,513100.SH,纳指,纳指,False,518880.SH,513100.SH,黄金,纳指,True,,,,,,,,,,,,,,,,,,,,,,,,,,,
daily_top1_selection,,,,,,,,,,,,,,,,,,,2023-04-04,513100.SH,513100.SH,纳指,纳指,False,518880.SH,513100.SH,黄金,纳指,True,,,,,,,,,,,,,,,,,,,,,,,,,,,
daily_top1_selection,,,,,,,,,,,,,,,,,,,2023-04-06,518880.SH,518880.SH,黄金,黄金,False,518880.SH,513100.SH,黄金,纳指,True,,,,,,,,,,,,,,,,,,,,,,,,,,,
daily_top1_selection,,,,,,,,,,,,,,,,,,,2023-04-07,518880.SH,518880.SH,黄金,黄金,False,518880.SH,513100.SH,黄金,纳指,True,,,,,,,,,,,,,,,,,,,,,,,,,,,
daily_top1_selection,,,,,,,,,,,,,,,,,,,2023-04-10,513100.SH,513100.SH,纳指,纳指,False,518880.SH,518880.SH,黄金,黄金,False,,,,,,,,,,,,,,,,,,,,,,,,,,,
daily_top1_selection,,,,,,,,,,,,,,,,,,,2023-04-11,513100.SH,513100.SH,纳指,纳指,False,513100.SH,518880.SH,纳指,黄金,True,,,,,,,,,,,,,,,,,,,,,,,,,,,
daily_top1_selection,,,,,,,,,,,,,,,,,,,2023-04-12,513100.SH,513100.SH,纳指,纳指,False,513100.SH,518880.SH,纳指,黄金,True,,,,,,,,,,,,,,,,,,,,,,,,,,,
daily_top1_selection,,,,,,,,,,,,,,,,,,,2023-04-13,513100.SH,518880.SH,纳指,黄金,True,513100.SH,518880.SH,纳指,黄金,True,,,,,,,,,,,,,,,,,,,,,,,,,,,
daily_top1_selection,,,,,,,,,,,,,,,,,,,2023-04-14,159915.SZ,159915.SZ,创业板,创业板,False,513100.SH,518880.SH,纳指,黄金,True,,,,,,,,,,,,,,,,,,,,,,,,,,,
daily_top1_selection,,,,,,,,,,,,,,,,,,,2023-04-17,159915.SZ,159915.SZ,创业板,创业板,False,513100.SH,159915.SZ,纳指,创业板,True,,,,,,,,,,,,,,,,,,,,,,,,,,,
daily_top1_selection,,,,,,,,,,,,,,,,,,,2023-04-18,159915.SZ,510300.SH,创业板,沪深300,True,159915.SZ,159915.SZ,创业板,创业板,False,,,,,,,,,,,,,,,,,,,,,,,,,,,
daily_top1_selection,,,,,,,,,,,,,,,,,,,2023-04-19,510300.SH,510300.SH,沪深300,沪深300,False,159915.SZ,159915.SZ,创业板,创业板,False,,,,,,,,,,,,,,,,,,,,,,,,,,,
daily_top1_selection,,,,,,,,,,,,,,,,,,,2023-04-20,510300.SH,510300.SH,沪深300,沪深300,False,159915.SZ,159915.SZ,创业板,创业板,False,,,,,,,,,,,,,,,,,,,,,,,,,,,
daily_top1_selection,,,,,,,,,,,,,,,,,,,2023-04-21,513100.SH,513100.SH,纳指,纳指,False,159915.SZ,159915.SZ,创业板,创业板,False,,,,,,,,,,,,,,,,,,,,,,,,,,,
daily_top1_selection,,,,,,,,,,,,,,,,,,,2023-04-24,513100.SH,513100.SH,纳指,纳指,False,159915.SZ,513100.SH,创业板,纳指,True,,,,,,,,,,,,,,,,,,,,,,,,,,,
daily_top1_selection,,,,,,,,,,,,,,,,,,,2023-04-25,518880.SH,518880.SH,黄金,黄金,False,513100.SH,513100.SH,纳指,纳指,False,,,,,,,,,,,,,,,,,,,,,,,,,,,
daily_top1_selection,,,,,,,,,,,,,,,,,,,2023-04-26,518880.SH,518880.SH,黄金,黄金,False,513100.SH,513100.SH,纳指,纳指,False,,,,,,,,,,,,,,,,,,,,,,,,,,,
daily_top1_selection,,,,,,,,,,,,,,,,,,,2023-04-27,518880.SH,518880.SH,黄金,黄金,False,513100.SH,513100.SH,纳指,纳指,False,,,,,,,,,,,,,,,,,,,,,,,,,,,
daily_top1_selection,,,,,,,,,,,,,,,,,,,2023-04-28,513100.SH,513100.SH,纳指,纳指,False,513100.SH,513100.SH,纳指,纳指,False,,,,,,,,,,,,,,,,,,,,,,,,,,,
daily_top1_selection,,,,,,,,,,,,,,,,,,,2023-05-04,518880.SH,518880.SH,黄金,黄金,False,513100.SH,513100.SH,纳指,纳指,False,,,,,,,,,,,,,,,,,,,,,,,,,,,
daily_top1_selection,,,,,,,,,,,,,,,,,,,2023-05-05,518880.SH,518880.SH,黄金,黄金,False,518880.SH,518880.SH,黄金,黄金,False,,,,,,,,,,,,,,,,,,,,,,,,,,,
daily_top1_selection,,,,,,,,,,,,,,,,,,,2023-05-08,518880.SH,518880.SH,黄金,黄金,False,518880.SH,518880.SH,黄金,黄金,False,,,,,,,,,,,,,,,,,,,,,,,,,,,
daily_top1_selection,,,,,,,,,,,,,,,,,,,2023-05-09,513100.SH,513100.SH,纳指,纳指,False,518880.SH,518880.SH,黄金,黄金,False,,,,,,,,,,,,,,,,,,,,,,,,,,,
daily_top1_selection,,,,,,,,,,,,,,,,,,,2023-05-10,513100.SH,513100.SH,纳指,纳指,False,518880.SH,518880.SH,黄金,黄金,False,,,,,,,,,,,,,,,,,,,,,,,,,,,
daily_top1_selection,,,,,,,,,,,,,,,,,,,2023-05-11,513100.SH,513100.SH,纳指,纳指,False,518880.SH,518880.SH,黄金,黄金,False,,,,,,,,,,,,,,,,,,,,,,,,,,,
daily_top1_selection,,,,,,,,,,,,,,,,,,,2023-05-12,513100.SH,513100.SH,纳指,纳指,False,513100.SH,513100.SH,纳指,纳指,False,,,,,,,,,,,,,,,,,,,,,,,,,,,
daily_top1_selection,,,,,,,,,,,,,,,,,,,2023-05-15,513100.SH,513100.SH,纳指,纳指,False,513100.SH,513100.SH,纳指,纳指,False,,,,,,,,,,,,,,,,,,,,,,,,,,,
daily_top1_selection,,,,,,,,,,,,,,,,,,,2023-05-16,513100.SH,513100.SH,纳指,纳指,False,513100.SH,513100.SH,纳指,纳指,False,,,,,,,,,,,,,,,,,,,,,,,,,,,
daily_top1_selection,,,,,,,,,,,,,,,,,,,2023-05-17,513100.SH,513100.SH,纳指,纳指,False,513100.SH,513100.SH,纳指,纳指,False,,,,,,,,,,,,,,,,,,,,,,,,,,,
daily_top1_selection,,,,,,,,,,,,,,,,,,,2023-05-18,513100.SH,513100.SH,纳指,纳指,False,513100.SH,513100.SH,纳指,纳指,False,,,,,,,,,,,,,,,,,,,,,,,,,,,
daily_top1_selection,,,,,,,,,,,,,,,,,,,2023-05-19,513100.SH,513100.SH,纳指,纳指,False,513100.SH,513100.SH,纳指,纳指,False,,,,,,,,,,,,,,,,,,,,,,,,,,,
daily_top1_selection,,,,,,,,,,,,,,,,,,,2023-05-22,513100.SH,513100.SH,纳指,纳指,False,513100.SH,513100.SH,纳指,纳指,False,,,,,,,,,,,,,,,,,,,,,,,,,,,
daily_top1_selection,,,,,,,,,,,,,,,,,,,2023-05-23,513100.SH,513100.SH,纳指,纳指,False,513100.SH,513100.SH,纳指,纳指,False,,,,,,,,,,,,,,,,,,,,,,,,,,,
daily_top1_selection,,,,,,,,,,,,,,,,,,,2023-05-24,513100.SH,513100.SH,纳指,纳指,False,513100.SH,513100.SH,纳指,纳指,False,,,,,,,,,,,,,,,,,,,,,,,,,,,
daily_top1_selection,,,,,,,,,,,,,,,,,,,2023-05-25,513100.SH,513100.SH,纳指,纳指,False,513100.SH,513100.SH,纳指,纳指,False,,,,,,,,,,,,,,,,,,,,,,,,,,,
daily_top1_selection,,,,,,,,,,,,,,,,,,,2023-05-26,513100.SH,513100.SH,纳指,纳指,False,513100.SH,513100.SH,纳指,纳指,False,,,,,,,,,,,,,,,,,,,,,,,,,,,
daily_top1_selection,,,,,,,,,,,,,,,,,,,2023-05-29,513100.SH,513100.SH,纳指,纳指,False,513100.SH,513100.SH,纳指,纳指,False,,,,,,,,,,,,,,,,,,,,,,,,,,,
daily_top1_selection,,,,,,,,,,,,,,,,,,,2023-05-30,513100.SH,513100.SH,纳指,纳指,False,513100.SH,513100.SH,纳指,纳指,False,,,,,,,,,,,,,,,,,,,,,,,,,,,
daily_top1_selection,,,,,,,,,,,,,,,,,,,2023-05-31,513100.SH,513100.SH,纳指,纳指,False,513100.SH,513100.SH,纳指,纳指,False,,,,,,,,,,,,,,,,,,,,,,,,,,,
daily_top1_selection,,,,,,,,,,,,,,,,,,,2023-06-01,513100.SH,513100.SH,纳指,纳指,False,513100.SH,513100.SH,纳指,纳指,False,,,,,,,,,,,,,,,,,,,,,,,,,,,
daily_top1_selection,,,,,,,,,,,,,,,,,,,2023-06-02,513100.SH,513100.SH,纳指,纳指,False,513100.SH,513100.SH,纳指,纳指,False,,,,,,,,,,,,,,,,,,,,,,,,,,,
daily_top1_selection,,,,,,,,,,,,,,,,,,,2023-06-05,513100.SH,513100.SH,纳指,纳指,False,513100.SH,513100.SH,纳指,纳指,False,,,,,,,,,,,,,,,,,,,,,,,,,,,
daily_top1_selection,,,,,,,,,,,,,,,,,,,2023-06-06,513100.SH,513100.SH,纳指,纳指,False,513100.SH,513100.SH,纳指,纳指,False,,,,,,,,,,,,,,,,,,,,,,,,,,,
daily_top1_selection,,,,,,,,,,,,,,,,,,,2023-06-07,513100.SH,513100.SH,纳指,纳指,False,513100.SH,513100.SH,纳指,纳指,False,,,,,,,,,,,,,,,,,,,,,,,,,,,
daily_top1_selection,,,,,,,,,,,,,,,,,,,2023-06-08,513100.SH,513100.SH,纳指,纳指,False,513100.SH,513100.SH,纳指,纳指,False,,,,,,,,,,,,,,,,,,,,,,,,,,,
daily_top1_selection,,,,,,,,,,,,,,,,,,,2023-06-09,513100.SH,513100.SH,纳指,纳指,False,513100.SH,513100.SH,纳指,纳指,False,,,,,,,,,,,,,,,,,,,,,,,,,,,
daily_top1_selection,,,,,,,,,,,,,,,,,,,2023-06-12,513100.SH,513100.SH,纳指,纳指,False,513100.SH,513100.SH,纳指,纳指,False,,,,,,,,,,,,,,,,,,,,,,,,,,,
daily_top1_selection,,,,,,,,,,,,,,,,,,,2023-06-13,513100.SH,513100.SH,纳指,纳指,False,513100.SH,513100.SH,纳指,纳指,False,,,,,,,,,,,,,,,,,,,,,,,,,,,
daily_top1_selection,,,,,,,,,,,,,,,,,,,2023-06-14,513100.SH,513100.SH,纳指,纳指,False,513100.SH,513100.SH,纳指,纳指,False,,,,,,,,,,,,,,,,,,,,,,,,,,,
daily_top1_selection,,,,,,,,,,,,,,,,,,,2023-06-15,513100.SH,513100.SH,纳指,纳指,False,513100.SH,513100.SH,纳指,纳指,False,,,,,,,,,,,,,,,,,,,,,,,,,,,
daily_top1_selection,,,,,,,,,,,,,,,,,,,2023-06-16,513100.SH,513100.SH,纳指,纳指,False,513100.SH,513100.SH,纳指,纳指,False,,,,,,,,,,,,,,,,,,,,,,,,,,,
daily_top1_selection,,,,,,,,,,,,,,,,,,,2023-06-19,513100.SH,513100.SH,纳指,纳指,False,513100.SH,513100.SH,纳指,纳指,False,,,,,,,,,,,,,,,,,,,,,,,,,,,
daily_top1_selection,,,,,,,,,,,,,,,,,,,2023-06-20,513100.SH,513100.SH,纳指,纳指,False,513100.SH,513100.SH,纳指,纳指,False,,,,,,,,,,,,,,,,,,,,,,,,,,,
daily_top1_selection,,,,,,,,,,,,,,,,,,,2023-06-21,513100.SH,513100.SH,纳指,纳指,False,513100.SH,513100.SH,纳指,纳指,False,,,,,,,,,,,,,,,,,,,,,,,,,,,
daily_top1_selection,,,,,,,,,,,,,,,,,,,2023-06-26,513100.SH,513100.SH,纳指,纳指,False,513100.SH,513100.SH,纳指,纳指,False,,,,,,,,,,,,,,,,,,,,,,,,,,,
daily_top1_selection,,,,,,,,,,,,,,,,,,,2023-06-27,513100.SH,513100.SH,纳指,纳指,False,513100.SH,513100.SH,纳指,纳指,False,,,,,,,,,,,,,,,,,,,,,,,,,,,
daily_top1_selection,,,,,,,,,,,,,,,,,,,2023-06-28,513100.SH,513100.SH,纳指,纳指,False,513100.SH,513100.SH,纳指,纳指,False,,,,,,,,,,,,,,,,,,,,,,,,,,,
daily_top1_selection,,,,,,,,,,,,,,,,,,,2023-06-29,513100.SH,513100.SH,纳指,纳指,False,513100.SH,513100.SH,纳指,纳指,False,,,,,,,,,,,,,,,,,,,,,,,,,,,
daily_top1_selection,,,,,,,,,,,,,,,,,,,2023-06-30,513100.SH,513100.SH,纳指,纳指,False,513100.SH,513100.SH,纳指,纳指,False,,,,,,,,,,,,,,,,,,,,,,,,,,,
daily_top1_selection,,,,,,,,,,,,,,,,,,,2023-07-03,513100.SH,513100.SH,纳指,纳指,False,513100.SH,513100.SH,纳指,纳指,False,,,,,,,,,,,,,,,,,,,,,,,,,,,
daily_top1_selection,,,,,,,,,,,,,,,,,,,2023-07-04,513100.SH,513100.SH,纳指,纳指,False,513100.SH,513100.SH,纳指,纳指,False,,,,,,,,,,,,,,,,,,,,,,,,,,,
daily_top1_selection,,,,,,,,,,,,,,,,,,,2023-07-05,513100.SH,513100.SH,纳指,纳指,False,513100.SH,513100.SH,纳指,纳指,False,,,,,,,,,,,,,,,,,,,,,,,,,,,
daily_top1_selection,,,,,,,,,,,,,,,,,,,2023-07-06,513100.SH,513100.SH,纳指,纳指,False,513100.SH,513100.SH,纳指,纳指,False,,,,,,,,,,,,,,,,,,,,,,,,,,,
daily_top1_selection,,,,,,,,,,,,,,,,,,,2023-07-07,513100.SH,513100.SH,纳指,纳指,False,513100.SH,513100.SH,纳指,纳指,False,,,,,,,,,,,,,,,,,,,,,,,,,,,
daily_top1_selection,,,,,,,,,,,,,,,,,,,2023-07-10,513100.SH,513100.SH,纳指,纳指,False,513100.SH,513100.SH,纳指,纳指,False,,,,,,,,,,,,,,,,,,,,,,,,,,,
daily_top1_selection,,,,,,,,,,,,,,,,,,,2023-07-11,513100.SH,513100.SH,纳指,纳指,False,513100.SH,513100.SH,纳指,纳指,False,,,,,,,,,,,,,,,,,,,,,,,,,,,
daily_top1_selection,,,,,,,,,,,,,,,,,,,2023-07-12,513100.SH,513100.SH,纳指,纳指,False,513100.SH,513100.SH,纳指,纳指,False,,,,,,,,,,,,,,,,,,,,,,,,,,,
daily_top1_selection,,,,,,,,,,,,,,,,,,,2023-07-13,159915.SZ,513100.SH,创业板,纳指,True,513100.SH,513100.SH,纳指,纳指,False,,,,,,,,,,,,,,,,,,,,,,,,,,,
daily_top1_selection,,,,,,,,,,,,,,,,,,,2023-07-14,513100.SH,513100.SH,纳指,纳指,False,159915.SZ,513100.SH,创业板,纳指,True,,,,,,,,,,,,,,,,,,,,,,,,,,,
daily_top1_selection,,,,,,,,,,,,,,,,,,,2023-07-17,513100.SH,513100.SH,纳指,纳指,False,159915.SZ,513100.SH,创业板,纳指,True,,,,,,,,,,,,,,,,,,,,,,,,,,,
daily_top1_selection,,,,,,,,,,,,,,,,,,,2023-07-18,513100.SH,513100.SH,纳指,纳指,False,159915.SZ,513100.SH,创业板,纳指,True,,,,,,,,,,,,,,,,,,,,,,,,,,,
daily_top1_selection,,,,,,,,,,,,,,,,,,,2023-07-19,513100.SH,513100.SH,纳指,纳指,False,159915.SZ,513100.SH,创业板,纳指,True,,,,,,,,,,,,,,,,,,,,,,,,,,,
daily_top1_selection,,,,,,,,,,,,,,,,,,,2023-07-20,513100.SH,513100.SH,纳指,纳指,False,159915.SZ,513100.SH,创业板,纳指,True,,,,,,,,,,,,,,,,,,,,,,,,,,,
daily_top1_selection,,,,,,,,,,,,,,,,,,,2023-07-21,513100.SH,518880.SH,纳指,黄金,True,513100.SH,513100.SH,纳指,纳指,False,,,,,,,,,,,,,,,,,,,,,,,,,,,
daily_top1_selection,,,,,,,,,,,,,,,,,,,2023-07-24,513100.SH,513100.SH,纳指,纳指,False,513100.SH,518880.SH,纳指,黄金,True,,,,,,,,,,,,,,,,,,,,,,,,,,,
daily_top1_selection,,,,,,,,,,,,,,,,,,,2023-07-25,513100.SH,513100.SH,纳指,纳指,False,513100.SH,518880.SH,纳指,黄金,True,,,,,,,,,,,,,,,,,,,,,,,,,,,
daily_top1_selection,,,,,,,,,,,,,,,,,,,2023-07-26,513100.SH,513100.SH,纳指,纳指,False,513100.SH,518880.SH,纳指,黄金,True,,,,,,,,,,,,,,,,,,,,,,,,,,,
daily_top1_selection,,,,,,,,,,,,,,,,,,,2023-07-27,513100.SH,513100.SH,纳指,纳指,False,513100.SH,518880.SH,纳指,黄金,True,,,,,,,,,,,,,,,,,,,,,,,,,,,
daily_top1_selection,,,,,,,,,,,,,,,,,,,2023-07-28,510300.SH,510300.SH,沪深300,沪深300,False,513100.SH,518880.SH,纳指,黄金,True,,,,,,,,,,,,,,,,,,,,,,,,,,,
daily_top1_selection,,,,,,,,,,,,,,,,,,,2023-07-31,510300.SH,510300.SH,沪深300,沪深300,False,510300.SH,510300.SH,沪深300,沪深300,False,,,,,,,,,,,,,,,,,,,,,,,,,,,
daily_top1_selection,,,,,,,,,,,,,,,,,,,2023-08-01,513100.SH,513100.SH,纳指,纳指,False,510300.SH,510300.SH,沪深300,沪深300,False,,,,,,,,,,,,,,,,,,,,,,,,,,,
daily_top1_selection,,,,,,,,,,,,,,,,,,,2023-08-02,510300.SH,510300.SH,沪深300,沪深300,False,510300.SH,510300.SH,沪深300,沪深300,False,,,,,,,,,,,,,,,,,,,,,,,,,,,
daily_top1_selection,,,,,,,,,,,,,,,,,,,2023-08-03,510300.SH,510300.SH,沪深300,沪深300,False,510300.SH,510300.SH,沪深300,沪深300,False,,,,,,,,,,,,,,,,,,,,,,,,,,,
daily_top1_selection,,,,,,,,,,,,,,,,,,,2023-08-04,510300.SH,510300.SH,沪深300,沪深300,False,510300.SH,510300.SH,沪深300,沪深300,False,,,,,,,,,,,,,,,,,,,,,,,,,,,
daily_top1_selection,,,,,,,,,,,,,,,,,,,2023-08-07,510300.SH,510300.SH,沪深300,沪深300,False,510300.SH,510300.SH,沪深300,沪深300,False,,,,,,,,,,,,,,,,,,,,,,,,,,,
daily_top1_selection,,,,,,,,,,,,,,,,,,,2023-08-08,510300.SH,510300.SH,沪深300,沪深300,False,510300.SH,510300.SH,沪深300,沪深300,False,,,,,,,,,,,,,,,,,,,,,,,,,,,
daily_top1_selection,,,,,,,,,,,,,,,,,,,2023-08-09,510300.SH,510300.SH,沪深300,沪深300,False,510300.SH,510300.SH,沪深300,沪深300,False,,,,,,,,,,,,,,,,,,,,,,,,,,,
daily_top1_selection,,,,,,,,,,,,,,,,,,,2023-08-10,510300.SH,510300.SH,沪深300,沪深300,False,510300.SH,510300.SH,沪深300,沪深300,False,,,,,,,,,,,,,,,,,,,,,,,,,,,
daily_top1_selection,,,,,,,,,,,,,,,,,,,2023-08-11,518880.SH,518880.SH,黄金,黄金,False,510300.SH,510300.SH,沪深300,沪深300,False,,,,,,,,,,,,,,,,,,,,,,,,,,,
daily_top1_selection,,,,,,,,,,,,,,,,,,,2023-08-14,518880.SH,518880.SH,黄金,黄金,False,518880.SH,518880.SH,黄金,黄金,False,,,,,,,,,,,,,,,,,,,,,,,,,,,
daily_top1_selection,,,,,,,,,,,,,,,,,,,2023-08-15,518880.SH,518880.SH,黄金,黄金,False,518880.SH,518880.SH,黄金,黄金,False,,,,,,,,,,,,,,,,,,,,,,,,,,,
daily_top1_selection,,,,,,,,,,,,,,,,,,,2023-08-16,510300.SH,510300.SH,沪深300,沪深300,False,518880.SH,518880.SH,黄金,黄金,False,,,,,,,,,,,,,,,,,,,,,,,,,,,
daily_top1_selection,,,,,,,,,,,,,,,,,,,2023-08-17,510300.SH,510300.SH,沪深300,沪深300,False,518880.SH,518880.SH,黄金,黄金,False,,,,,,,,,,,,,,,,,,,,,,,,,,,
daily_top1_selection,,,,,,,,,,,,,,,,,,,2023-08-18,518880.SH,510300.SH,黄金,沪深300,True,518880.SH,518880.SH,黄金,黄金,False,,,,,,,,,,,,,,,,,,,,,,,,,,,
daily_top1_selection,,,,,,,,,,,,,,,,,,,2023-08-21,518880.SH,518880.SH,黄金,黄金,False,518880.SH,510300.SH,黄金,沪深300,True,,,,,,,,,,,,,,,,,,,,,,,,,,,
daily_top1_selection,,,,,,,,,,,,,,,,,,,2023-08-22,518880.SH,518880.SH,黄金,黄金,False,518880.SH,510300.SH,黄金,沪深300,True,,,,,,,,,,,,,,,,,,,,,,,,,,,
daily_top1_selection,,,,,,,,,,,,,,,,,,,2023-08-23,518880.SH,518880.SH,黄金,黄金,False,518880.SH,510300.SH,黄金,沪深300,True,,,,,,,,,,,,,,,,,,,,,,,,,,,
daily_top1_selection,,,,,,,,,,,,,,,,,,,2023-08-24,518880.SH,518880.SH,黄金,黄金,False,518880.SH,510300.SH,黄金,沪深300,True,,,,,,,,,,,,,,,,,,,,,,,,,,,
daily_top1_selection,,,,,,,,,,,,,,,,,,,2023-08-25,518880.SH,518880.SH,黄金,黄金,False,518880.SH,510300.SH,黄金,沪深300,True,,,,,,,,,,,,,,,,,,,,,,,,,,,
daily_top1_selection,,,,,,,,,,,,,,,,,,,2023-08-28,518880.SH,518880.SH,黄金,黄金,False,518880.SH,518880.SH,黄金,黄金,False,,,,,,,,,,,,,,,,,,,,,,,,,,,
daily_top1_selection,,,,,,,,,,,,,,,,,,,2023-08-29,518880.SH,518880.SH,黄金,黄金,False,518880.SH,518880.SH,黄金,黄金,False,,,,,,,,,,,,,,,,,,,,,,,,,,,
daily_top1_selection,,,,,,,,,,,,,,,,,,,2023-08-30,518880.SH,518880.SH,黄金,黄金,False,518880.SH,518880.SH,黄金,黄金,False,,,,,,,,,,,,,,,,,,,,,,,,,,,
daily_top1_selection,,,,,,,,,,,,,,,,,,,2023-08-31,518880.SH,518880.SH,黄金,黄金,False,518880.SH,518880.SH,黄金,黄金,False,,,,,,,,,,,,,,,,,,,,,,,,,,,
daily_top1_selection,,,,,,,,,,,,,,,,,,,2023-09-01,518880.SH,518880.SH,黄金,黄金,False,518880.SH,518880.SH,黄金,黄金,False,,,,,,,,,,,,,,,,,,,,,,,,,,,
daily_top1_selection,,,,,,,,,,,,,,,,,,,2023-09-04,518880.SH,518880.SH,黄金,黄金,False,518880.SH,518880.SH,黄金,黄金,False,,,,,,,,,,,,,,,,,,,,,,,,,,,
daily_top1_selection,,,,,,,,,,,,,,,,,,,2023-09-05,518880.SH,518880.SH,黄金,黄金,False,518880.SH,518880.SH,黄金,黄金,False,,,,,,,,,,,,,,,,,,,,,,,,,,,
daily_top1_selection,,,,,,,,,,,,,,,,,,,2023-09-06,513100.SH,518880.SH,纳指,黄金,True,518880.SH,518880.SH,黄金,黄金,False,,,,,,,,,,,,,,,,,,,,,,,,,,,
daily_top1_selection,,,,,,,,,,,,,,,,,,,2023-09-07,518880.SH,518880.SH,黄金,黄金,False,513100.SH,518880.SH,纳指,黄金,True,,,,,,,,,,,,,,,,,,,,,,,,,,,
daily_top1_selection,,,,,,,,,,,,,,,,,,,2023-09-08,513100.SH,518880.SH,纳指,黄金,True,513100.SH,518880.SH,纳指,黄金,True,,,,,,,,,,,,,,,,,,,,,,,,,,,
daily_top1_selection,,,,,,,,,,,,,,,,,,,2023-09-11,513100.SH,518880.SH,纳指,黄金,True,513100.SH,518880.SH,纳指,黄金,True,,,,,,,,,,,,,,,,,,,,,,,,,,,
daily_top1_selection,,,,,,,,,,,,,,,,,,,2023-09-12,518880.SH,518880.SH,黄金,黄金,False,513100.SH,518880.SH,纳指,黄金,True,,,,,,,,,,,,,,,,,,,,,,,,,,,
daily_top1_selection,,,,,,,,,,,,,,,,,,,2023-09-13,518880.SH,518880.SH,黄金,黄金,False,513100.SH,518880.SH,纳指,黄金,True,,,,,,,,,,,,,,,,,,,,,,,,,,,
daily_top1_selection,,,,,,,,,,,,,,,,,,,2023-09-14,518880.SH,518880.SH,黄金,黄金,False,518880.SH,518880.SH,黄金,黄金,False,,,,,,,,,,,,,,,,,,,,,,,,,,,
daily_top1_selection,,,,,,,,,,,,,,,,,,,2023-09-15,513100.SH,513100.SH,纳指,纳指,False,518880.SH,518880.SH,黄金,黄金,False,,,,,,,,,,,,,,,,,,,,,,,,,,,
daily_top1_selection,,,,,,,,,,,,,,,,,,,2023-09-18,513100.SH,513100.SH,纳指,纳指,False,518880.SH,513100.SH,黄金,纳指,True,,,,,,,,,,,,,,,,,,,,,,,,,,,
daily_top1_selection,,,,,,,,,,,,,,,,,,,2023-09-19,518880.SH,518880.SH,黄金,黄金,False,518880.SH,513100.SH,黄金,纳指,True,,,,,,,,,,,,,,,,,,,,,,,,,,,
daily_top1_selection,,,,,,,,,,,,,,,,,,,2023-09-20,518880.SH,518880.SH,黄金,黄金,False,518880.SH,513100.SH,黄金,纳指,True,,,,,,,,,,,,,,,,,,,,,,,,,,,
daily_top1_selection,,,,,,,,,,,,,,,,,,,2023-09-21,518880.SH,518880.SH,黄金,黄金,False,518880.SH,513100.SH,黄金,纳指,True,,,,,,,,,,,,,,,,,,,,,,,,,,,
daily_top1_selection,,,,,,,,,,,,,,,,,,,2023-09-22,518880.SH,518880.SH,黄金,黄金,False,518880.SH,513100.SH,黄金,纳指,True,,,,,,,,,,,,,,,,,,,,,,,,,,,
daily_top1_selection,,,,,,,,,,,,,,,,,,,2023-09-25,518880.SH,518880.SH,黄金,黄金,False,518880.SH,518880.SH,黄金,黄金,False,,,,,,,,,,,,,,,,,,,,,,,,,,,
daily_top1_selection,,,,,,,,,,,,,,,,,,,2023-09-26,518880.SH,518880.SH,黄金,黄金,False,518880.SH,518880.SH,黄金,黄金,False,,,,,,,,,,,,,,,,,,,,,,,,,,,
daily_top1_selection,,,,,,,,,,,,,,,,,,,2023-09-27,518880.SH,518880.SH,黄金,黄金,False,518880.SH,518880.SH,黄金,黄金,False,,,,,,,,,,,,,,,,,,,,,,,,,,,
daily_top1_selection,,,,,,,,,,,,,,,,,,,2023-09-28,518880.SH,518880.SH,黄金,黄金,False,518880.SH,518880.SH,黄金,黄金,False,,,,,,,,,,,,,,,,,,,,,,,,,,,
daily_top1_selection,,,,,,,,,,,,,,,,,,,2023-10-09,518880.SH,518880.SH,黄金,黄金,False,518880.SH,518880.SH,黄金,黄金,False,,,,,,,,,,,,,,,,,,,,,,,,,,,
daily_top1_selection,,,,,,,,,,,,,,,,,,,2023-10-10,513100.SH,513100.SH,纳指,纳指,False,518880.SH,518880.SH,黄金,黄金,False,,,,,,,,,,,,,,,,,,,,,,,,,,,
daily_top1_selection,,,,,,,,,,,,,,,,,,,2023-10-11,513100.SH,513100.SH,纳指,纳指,False,513100.SH,513100.SH,纳指,纳指,False,,,,,,,,,,,,,,,,,,,,,,,,,,,
daily_top1_selection,,,,,,,,,,,,,,,,,,,2023-10-12,513100.SH,513100.SH,纳指,纳指,False,513100.SH,513100.SH,纳指,纳指,False,,,,,,,,,,,,,,,,,,,,,,,,,,,
daily_top1_selection,,,,,,,,,,,,,,,,,,,2023-10-13,513100.SH,513100.SH,纳指,纳指,False,513100.SH,513100.SH,纳指,纳指,False,,,,,,,,,,,,,,,,,,,,,,,,,,,
daily_top1_selection,,,,,,,,,,,,,,,,,,,2023-10-16,518880.SH,518880.SH,黄金,黄金,False,513100.SH,513100.SH,纳指,纳指,False,,,,,,,,,,,,,,,,,,,,,,,,,,,
daily_top1_selection,,,,,,,,,,,,,,,,,,,2023-10-17,513100.SH,513100.SH,纳指,纳指,False,513100.SH,513100.SH,纳指,纳指,False,,,,,,,,,,,,,,,,,,,,,,,,,,,
daily_top1_selection,,,,,,,,,,,,,,,,,,,2023-10-18,518880.SH,518880.SH,黄金,黄金,False,513100.SH,513100.SH,纳指,纳指,False,,,,,,,,,,,,,,,,,,,,,,,,,,,
daily_top1_selection,,,,,,,,,,,,,,,,,,,2023-10-19,518880.SH,518880.SH,黄金,黄金,False,518880.SH,518880.SH,黄金,黄金,False,,,,,,,,,,,,,,,,,,,,,,,,,,,
daily_top1_selection,,,,,,,,,,,,,,,,,,,2023-10-20,518880.SH,518880.SH,黄金,黄金,False,518880.SH,518880.SH,黄金,黄金,False,,,,,,,,,,,,,,,,,,,,,,,,,,,
daily_top1_selection,,,,,,,,,,,,,,,,,,,2023-10-23,518880.SH,518880.SH,黄金,黄金,False,518880.SH,518880.SH,黄金,黄金,False,,,,,,,,,,,,,,,,,,,,,,,,,,,
daily_top1_selection,,,,,,,,,,,,,,,,,,,2023-10-24,518880.SH,518880.SH,黄金,黄金,False,518880.SH,518880.SH,黄金,黄金,False,,,,,,,,,,,,,,,,,,,,,,,,,,,
daily_top1_selection,,,,,,,,,,,,,,,,,,,2023-10-25,518880.SH,518880.SH,黄金,黄金,False,518880.SH,518880.SH,黄金,黄金,False,,,,,,,,,,,,,,,,,,,,,,,,,,,
daily_top1_selection,,,,,,,,,,,,,,,,,,,2023-10-26,518880.SH,518880.SH,黄金,黄金,False,518880.SH,518880.SH,黄金,黄金,False,,,,,,,,,,,,,,,,,,,,,,,,,,,
daily_top1_selection,,,,,,,,,,,,,,,,,,,2023-10-27,518880.SH,518880.SH,黄金,黄金,False,518880.SH,518880.SH,黄金,黄金,False,,,,,,,,,,,,,,,,,,,,,,,,,,,
daily_top1_selection,,,,,,,,,,,,,,,,,,,2023-10-30,518880.SH,518880.SH,黄金,黄金,False,518880.SH,518880.SH,黄金,黄金,False,,,,,,,,,,,,,,,,,,,,,,,,,,,
daily_top1_selection,,,,,,,,,,,,,,,,,,,2023-10-31,518880.SH,518880.SH,黄金,黄金,False,518880.SH,518880.SH,黄金,黄金,False,,,,,,,,,,,,,,,,,,,,,,,,,,,
daily_top1_selection,,,,,,,,,,,,,,,,,,,2023-11-01,518880.SH,518880.SH,黄金,黄金,False,518880.SH,518880.SH,黄金,黄金,False,,,,,,,,,,,,,,,,,,,,,,,,,,,
daily_top1_selection,,,,,,,,,,,,,,,,,,,2023-11-02,518880.SH,518880.SH,黄金,黄金,False,518880.SH,518880.SH,黄金,黄金,False,,,,,,,,,,,,,,,,,,,,,,,,,,,
daily_top1_selection,,,,,,,,,,,,,,,,,,,2023-11-03,518880.SH,518880.SH,黄金,黄金,False,518880.SH,518880.SH,黄金,黄金,False,,,,,,,,,,,,,,,,,,,,,,,,,,,
daily_top1_selection,,,,,,,,,,,,,,,,,,,2023-11-06,518880.SH,518880.SH,黄金,黄金,False,518880.SH,518880.SH,黄金,黄金,False,,,,,,,,,,,,,,,,,,,,,,,,,,,
daily_top1_selection,,,,,,,,,,,,,,,,,,,2023-11-07,518880.SH,518880.SH,黄金,黄金,False,518880.SH,518880.SH,黄金,黄金,False,,,,,,,,,,,,,,,,,,,,,,,,,,,
daily_top1_selection,,,,,,,,,,,,,,,,,,,2023-11-08,518880.SH,518880.SH,黄金,黄金,False,518880.SH,518880.SH,黄金,黄金,False,,,,,,,,,,,,,,,,,,,,,,,,,,,
daily_top1_selection,,,,,,,,,,,,,,,,,,,2023-11-09,518880.SH,518880.SH,黄金,黄金,False,518880.SH,518880.SH,黄金,黄金,False,,,,,,,,,,,,,,,,,,,,,,,,,,,
daily_top1_selection,,,,,,,,,,,,,,,,,,,2023-11-10,518880.SH,518880.SH,黄金,黄金,False,518880.SH,518880.SH,黄金,黄金,False,,,,,,,,,,,,,,,,,,,,,,,,,,,
daily_top1_selection,,,,,,,,,,,,,,,,,,,2023-11-13,159915.SZ,513100.SH,创业板,纳指,True,518880.SH,518880.SH,黄金,黄金,False,,,,,,,,,,,,,,,,,,,,,,,,,,,
daily_top1_selection,,,,,,,,,,,,,,,,,,,2023-11-14,513100.SH,518880.SH,纳指,黄金,True,159915.SZ,513100.SH,创业板,纳指,True,,,,,,,,,,,,,,,,,,,,,,,,,,,
daily_top1_selection,,,,,,,,,,,,,,,,,,,2023-11-15,513100.SH,513100.SH,纳指,纳指,False,159915.SZ,513100.SH,创业板,纳指,True,,,,,,,,,,,,,,,,,,,,,,,,,,,
daily_top1_selection,,,,,,,,,,,,,,,,,,,2023-11-16,513100.SH,513100.SH,纳指,纳指,False,159915.SZ,513100.SH,创业板,纳指,True,,,,,,,,,,,,,,,,,,,,,,,,,,,
daily_top1_selection,,,,,,,,,,,,,,,,,,,2023-11-17,513100.SH,513100.SH,纳指,纳指,False,159915.SZ,513100.SH,创业板,纳指,True,,,,,,,,,,,,,,,,,,,,,,,,,,,
daily_top1_selection,,,,,,,,,,,,,,,,,,,2023-11-20,159915.SZ,159915.SZ,创业板,创业板,False,159915.SZ,513100.SH,创业板,纳指,True,,,,,,,,,,,,,,,,,,,,,,,,,,,
daily_top1_selection,,,,,,,,,,,,,,,,,,,2023-11-21,513100.SH,513100.SH,纳指,纳指,False,159915.SZ,159915.SZ,创业板,创业板,False,,,,,,,,,,,,,,,,,,,,,,,,,,,
daily_top1_selection,,,,,,,,,,,,,,,,,,,2023-11-22,513100.SH,513100.SH,纳指,纳指,False,513100.SH,159915.SZ,纳指,创业板,True,,,,,,,,,,,,,,,,,,,,,,,,,,,
daily_top1_selection,,,,,,,,,,,,,,,,,,,2023-11-23,513100.SH,513100.SH,纳指,纳指,False,513100.SH,159915.SZ,纳指,创业板,True,,,,,,,,,,,,,,,,,,,,,,,,,,,
daily_top1_selection,,,,,,,,,,,,,,,,,,,2023-11-24,513100.SH,513100.SH,纳指,纳指,False,513100.SH,159915.SZ,纳指,创业板,True,,,,,,,,,,,,,,,,,,,,,,,,,,,
daily_top1_selection,,,,,,,,,,,,,,,,,,,2023-11-27,513100.SH,513100.SH,纳指,纳指,False,513100.SH,159915.SZ,纳指,创业板,True,,,,,,,,,,,,,,,,,,,,,,,,,,,
daily_top1_selection,,,,,,,,,,,,,,,,,,,2023-11-28,513100.SH,513100.SH,纳指,纳指,False,513100.SH,513100.SH,纳指,纳指,False,,,,,,,,,,,,,,,,,,,,,,,,,,,
daily_top1_selection,,,,,,,,,,,,,,,,,,,2023-11-29,513100.SH,513100.SH,纳指,纳指,False,513100.SH,513100.SH,纳指,纳指,False,,,,,,,,,,,,,,,,,,,,,,,,,,,
daily_top1_selection,,,,,,,,,,,,,,,,,,,2023-11-30,513100.SH,513100.SH,纳指,纳指,False,513100.SH,513100.SH,纳指,纳指,False,,,,,,,,,,,,,,,,,,,,,,,,,,,
daily_top1_selection,,,,,,,,,,,,,,,,,,,2023-12-01,513100.SH,513100.SH,纳指,纳指,False,513100.SH,513100.SH,纳指,纳指,False,,,,,,,,,,,,,,,,,,,,,,,,,,,
daily_top1_selection,,,,,,,,,,,,,,,,,,,2023-12-04,513100.SH,513100.SH,纳指,纳指,False,513100.SH,513100.SH,纳指,纳指,False,,,,,,,,,,,,,,,,,,,,,,,,,,,
daily_top1_selection,,,,,,,,,,,,,,,,,,,2023-12-05,513100.SH,513100.SH,纳指,纳指,False,513100.SH,513100.SH,纳指,纳指,False,,,,,,,,,,,,,,,,,,,,,,,,,,,
daily_top1_selection,,,,,,,,,,,,,,,,,,,2023-12-06,513100.SH,513100.SH,纳指,纳指,False,513100.SH,513100.SH,纳指,纳指,False,,,,,,,,,,,,,,,,,,,,,,,,,,,
daily_top1_selection,,,,,,,,,,,,,,,,,,,2023-12-07,518880.SH,518880.SH,黄金,黄金,False,513100.SH,513100.SH,纳指,纳指,False,,,,,,,,,,,,,,,,,,,,,,,,,,,
daily_top1_selection,,,,,,,,,,,,,,,,,,,2023-12-08,513100.SH,513100.SH,纳指,纳指,False,518880.SH,518880.SH,黄金,黄金,False,,,,,,,,,,,,,,,,,,,,,,,,,,,
daily_top1_selection,,,,,,,,,,,,,,,,,,,2023-12-11,513100.SH,513100.SH,纳指,纳指,False,518880.SH,518880.SH,黄金,黄金,False,,,,,,,,,,,,,,,,,,,,,,,,,,,
daily_top1_selection,,,,,,,,,,,,,,,,,,,2023-12-12,513100.SH,513100.SH,纳指,纳指,False,518880.SH,518880.SH,黄金,黄金,False,,,,,,,,,,,,,,,,,,,,,,,,,,,
daily_top1_selection,,,,,,,,,,,,,,,,,,,2023-12-13,513100.SH,513100.SH,纳指,纳指,False,518880.SH,518880.SH,黄金,黄金,False,,,,,,,,,,,,,,,,,,,,,,,,,,,
daily_top1_selection,,,,,,,,,,,,,,,,,,,2023-12-14,513100.SH,513100.SH,纳指,纳指,False,518880.SH,518880.SH,黄金,黄金,False,,,,,,,,,,,,,,,,,,,,,,,,,,,
daily_top1_selection,,,,,,,,,,,,,,,,,,,2023-12-15,513100.SH,513100.SH,纳指,纳指,False,513100.SH,513100.SH,纳指,纳指,False,,,,,,,,,,,,,,,,,,,,,,,,,,,
daily_top1_selection,,,,,,,,,,,,,,,,,,,2023-12-18,513100.SH,513100.SH,纳指,纳指,False,513100.SH,513100.SH,纳指,纳指,False,,,,,,,,,,,,,,,,,,,,,,,,,,,
daily_top1_selection,,,,,,,,,,,,,,,,,,,2023-12-19,513100.SH,513100.SH,纳指,纳指,False,513100.SH,513100.SH,纳指,纳指,False,,,,,,,,,,,,,,,,,,,,,,,,,,,
daily_top1_selection,,,,,,,,,,,,,,,,,,,2023-12-20,513100.SH,513100.SH,纳指,纳指,False,513100.SH,513100.SH,纳指,纳指,False,,,,,,,,,,,,,,,,,,,,,,,,,,,
daily_top1_selection,,,,,,,,,,,,,,,,,,,2023-12-21,513100.SH,513100.SH,纳指,纳指,False,513100.SH,513100.SH,纳指,纳指,False,,,,,,,,,,,,,,,,,,,,,,,,,,,
daily_top1_selection,,,,,,,,,,,,,,,,,,,2023-12-22,513100.SH,513100.SH,纳指,纳指,False,513100.SH,513100.SH,纳指,纳指,False,,,,,,,,,,,,,,,,,,,,,,,,,,,
daily_top1_selection,,,,,,,,,,,,,,,,,,,2023-12-25,513100.SH,513100.SH,纳指,纳指,False,513100.SH,513100.SH,纳指,纳指,False,,,,,,,,,,,,,,,,,,,,,,,,,,,
daily_top1_selection,,,,,,,,,,,,,,,,,,,2023-12-26,513100.SH,513100.SH,纳指,纳指,False,513100.SH,513100.SH,纳指,纳指,False,,,,,,,,,,,,,,,,,,,,,,,,,,,
daily_top1_selection,,,,,,,,,,,,,,,,,,,2023-12-27,513100.SH,513100.SH,纳指,纳指,False,513100.SH,513100.SH,纳指,纳指,False,,,,,,,,,,,,,,,,,,,,,,,,,,,
daily_top1_selection,,,,,,,,,,,,,,,,,,,2023-12-28,513100.SH,513100.SH,纳指,纳指,False,513100.SH,513100.SH,纳指,纳指,False,,,,,,,,,,,,,,,,,,,,,,,,,,,
daily_top1_selection,,,,,,,,,,,,,,,,,,,2023-12-29,513100.SH,513100.SH,纳指,纳指,False,513100.SH,513100.SH,纳指,纳指,False,,,,,,,,,,,,,,,,,,,,,,,,,,,
daily_top1_selection,,,,,,,,,,,,,,,,,,,2024-01-02,513100.SH,513100.SH,纳指,纳指,False,513100.SH,513100.SH,纳指,纳指,False,,,,,,,,,,,,,,,,,,,,,,,,,,,
daily_top1_selection,,,,,,,,,,,,,,,,,,,2024-01-03,513100.SH,513100.SH,纳指,纳指,False,513100.SH,513100.SH,纳指,纳指,False,,,,,,,,,,,,,,,,,,,,,,,,,,,
daily_top1_selection,,,,,,,,,,,,,,,,,,,2024-01-04,513100.SH,513100.SH,纳指,纳指,False,513100.SH,513100.SH,纳指,纳指,False,,,,,,,,,,,,,,,,,,,,,,,,,,,
daily_top1_selection,,,,,,,,,,,,,,,,,,,2024-01-05,513100.SH,513100.SH,纳指,纳指,False,513100.SH,513100.SH,纳指,纳指,False,,,,,,,,,,,,,,,,,,,,,,,,,,,
daily_top1_selection,,,,,,,,,,,,,,,,,,,2024-01-08,513100.SH,513100.SH,纳指,纳指,False,513100.SH,513100.SH,纳指,纳指,False,,,,,,,,,,,,,,,,,,,,,,,,,,,
daily_top1_selection,,,,,,,,,,,,,,,,,,,2024-01-09,513100.SH,513100.SH,纳指,纳指,False,513100.SH,513100.SH,纳指,纳指,False,,,,,,,,,,,,,,,,,,,,,,,,,,,
daily_top1_selection,,,,,,,,,,,,,,,,,,,2024-01-10,513100.SH,518880.SH,纳指,黄金,True,513100.SH,513100.SH,纳指,纳指,False,,,,,,,,,,,,,,,,,,,,,,,,,,,
daily_top1_selection,,,,,,,,,,,,,,,,,,,2024-01-11,513100.SH,518880.SH,纳指,黄金,True,513100.SH,518880.SH,纳指,黄金,True,,,,,,,,,,,,,,,,,,,,,,,,,,,
daily_top1_selection,,,,,,,,,,,,,,,,,,,2024-01-12,513100.SH,518880.SH,纳指,黄金,True,513100.SH,518880.SH,纳指,黄金,True,,,,,,,,,,,,,,,,,,,,,,,,,,,
daily_top1_selection,,,,,,,,,,,,,,,,,,,2024-01-15,513100.SH,518880.SH,纳指,黄金,True,513100.SH,518880.SH,纳指,黄金,True,,,,,,,,,,,,,,,,,,,,,,,,,,,
daily_top1_selection,,,,,,,,,,,,,,,,,,,2024-01-16,518880.SH,518880.SH,黄金,黄金,False,513100.SH,518880.SH,纳指,黄金,True,,,,,,,,,,,,,,,,,,,,,,,,,,,
daily_top1_selection,,,,,,,,,,,,,,,,,,,2024-01-17,518880.SH,518880.SH,黄金,黄金,False,518880.SH,518880.SH,黄金,黄金,False,,,,,,,,,,,,,,,,,,,,,,,,,,,
daily_top1_selection,,,,,,,,,,,,,,,,,,,2024-01-18,518880.SH,518880.SH,黄金,黄金,False,518880.SH,518880.SH,黄金,黄金,False,,,,,,,,,,,,,,,,,,,,,,,,,,,
daily_top1_selection,,,,,,,,,,,,,,,,,,,2024-01-19,513100.SH,513100.SH,纳指,纳指,False,518880.SH,518880.SH,黄金,黄金,False,,,,,,,,,,,,,,,,,,,,,,,,,,,
daily_top1_selection,,,,,,,,,,,,,,,,,,,2024-01-22,513100.SH,513100.SH,纳指,纳指,False,518880.SH,513100.SH,黄金,纳指,True,,,,,,,,,,,,,,,,,,,,,,,,,,,
daily_top1_selection,,,,,,,,,,,,,,,,,,,2024-01-23,513100.SH,513100.SH,纳指,纳指,False,518880.SH,513100.SH,黄金,纳指,True,,,,,,,,,,,,,,,,,,,,,,,,,,,
daily_top1_selection,,,,,,,,,,,,,,,,,,,2024-01-24,513100.SH,513100.SH,纳指,纳指,False,513100.SH,513100.SH,纳指,纳指,False,,,,,,,,,,,,,,,,,,,,,,,,,,,
daily_top1_selection,,,,,,,,,,,,,,,,,,,2024-01-25,513100.SH,513100.SH,纳指,纳指,False,513100.SH,513100.SH,纳指,纳指,False,,,,,,,,,,,,,,,,,,,,,,,,,,,
daily_top1_selection,,,,,,,,,,,,,,,,,,,2024-01-26,513100.SH,513100.SH,纳指,纳指,False,513100.SH,513100.SH,纳指,纳指,False,,,,,,,,,,,,,,,,,,,,,,,,,,,
daily_top1_selection,,,,,,,,,,,,,,,,,,,2024-01-29,513100.SH,513100.SH,纳指,纳指,False,513100.SH,513100.SH,纳指,纳指,False,,,,,,,,,,,,,,,,,,,,,,,,,,,
daily_top1_selection,,,,,,,,,,,,,,,,,,,2024-01-30,513100.SH,513100.SH,纳指,纳指,False,513100.SH,513100.SH,纳指,纳指,False,,,,,,,,,,,,,,,,,,,,,,,,,,,
daily_top1_selection,,,,,,,,,,,,,,,,,,,2024-01-31,513100.SH,513100.SH,纳指,纳指,False,513100.SH,513100.SH,纳指,纳指,False,,,,,,,,,,,,,,,,,,,,,,,,,,,
daily_top1_selection,,,,,,,,,,,,,,,,,,,2024-02-01,513100.SH,513100.SH,纳指,纳指,False,513100.SH,513100.SH,纳指,纳指,False,,,,,,,,,,,,,,,,,,,,,,,,,,,
daily_top1_selection,,,,,,,,,,,,,,,,,,,2024-02-02,513100.SH,513100.SH,纳指,纳指,False,513100.SH,513100.SH,纳指,纳指,False,,,,,,,,,,,,,,,,,,,,,,,,,,,
daily_top1_selection,,,,,,,,,,,,,,,,,,,2024-02-05,513100.SH,513100.SH,纳指,纳指,False,513100.SH,513100.SH,纳指,纳指,False,,,,,,,,,,,,,,,,,,,,,,,,,,,
daily_top1_selection,,,,,,,,,,,,,,,,,,,2024-02-06,513100.SH,513100.SH,纳指,纳指,False,513100.SH,513100.SH,纳指,纳指,False,,,,,,,,,,,,,,,,,,,,,,,,,,,
daily_top1_selection,,,,,,,,,,,,,,,,,,,2024-02-07,513100.SH,513100.SH,纳指,纳指,False,513100.SH,513100.SH,纳指,纳指,False,,,,,,,,,,,,,,,,,,,,,,,,,,,
daily_top1_selection,,,,,,,,,,,,,,,,,,,2024-02-08,513100.SH,513100.SH,纳指,纳指,False,513100.SH,513100.SH,纳指,纳指,False,,,,,,,,,,,,,,,,,,,,,,,,,,,
daily_top1_selection,,,,,,,,,,,,,,,,,,,2024-02-19,513100.SH,513100.SH,纳指,纳指,False,513100.SH,513100.SH,纳指,纳指,False,,,,,,,,,,,,,,,,,,,,,,,,,,,
daily_top1_selection,,,,,,,,,,,,,,,,,,,2024-02-20,513100.SH,513100.SH,纳指,纳指,False,513100.SH,513100.SH,纳指,纳指,False,,,,,,,,,,,,,,,,,,,,,,,,,,,
daily_top1_selection,,,,,,,,,,,,,,,,,,,2024-02-21,513100.SH,513100.SH,纳指,纳指,False,513100.SH,513100.SH,纳指,纳指,False,,,,,,,,,,,,,,,,,,,,,,,,,,,
daily_top1_selection,,,,,,,,,,,,,,,,,,,2024-02-22,510300.SH,510300.SH,沪深300,沪深300,False,513100.SH,513100.SH,纳指,纳指,False,,,,,,,,,,,,,,,,,,,,,,,,,,,
daily_top1_selection,,,,,,,,,,,,,,,,,,,2024-02-23,513100.SH,513100.SH,纳指,纳指,False,510300.SH,510300.SH,沪深300,沪深300,False,,,,,,,,,,,,,,,,,,,,,,,,,,,
daily_top1_selection,,,,,,,,,,,,,,,,,,,2024-02-26,513100.SH,510300.SH,纳指,沪深300,True,510300.SH,510300.SH,沪深300,沪深300,False,,,,,,,,,,,,,,,,,,,,,,,,,,,
daily_top1_selection,,,,,,,,,,,,,,,,,,,2024-02-27,510300.SH,510300.SH,沪深300,沪深300,False,510300.SH,510300.SH,沪深300,沪深300,False,,,,,,,,,,,,,,,,,,,,,,,,,,,
daily_top1_selection,,,,,,,,,,,,,,,,,,,2024-02-28,510300.SH,510300.SH,沪深300,沪深300,False,510300.SH,510300.SH,沪深300,沪深300,False,,,,,,,,,,,,,,,,,,,,,,,,,,,
daily_top1_selection,,,,,,,,,,,,,,,,,,,2024-02-29,510300.SH,510300.SH,沪深300,沪深300,False,510300.SH,510300.SH,沪深300,沪深300,False,,,,,,,,,,,,,,,,,,,,,,,,,,,
daily_top1_selection,,,,,,,,,,,,,,,,,,,2024-03-01,159915.SZ,510300.SH,创业板,沪深300,True,510300.SH,510300.SH,沪深300,沪深300,False,,,,,,,,,,,,,,,,,,,,,,,,,,,
daily_top1_selection,,,,,,,,,,,,,,,,,,,2024-03-04,159915.SZ,159915.SZ,创业板,创业板,False,159915.SZ,510300.SH,创业板,沪深300,True,,,,,,,,,,,,,,,,,,,,,,,,,,,
daily_top1_selection,,,,,,,,,,,,,,,,,,,2024-03-05,159915.SZ,159915.SZ,创业板,创业板,False,159915.SZ,159915.SZ,创业板,创业板,False,,,,,,,,,,,,,,,,,,,,,,,,,,,
daily_top1_selection,,,,,,,,,,,,,,,,,,,2024-03-06,159915.SZ,159915.SZ,创业板,创业板,False,159915.SZ,159915.SZ,创业板,创业板,False,,,,,,,,,,,,,,,,,,,,,,,,,,,
daily_top1_selection,,,,,,,,,,,,,,,,,,,2024-03-07,159915.SZ,159915.SZ,创业板,创业板,False,159915.SZ,159915.SZ,创业板,创业板,False,,,,,,,,,,,,,,,,,,,,,,,,,,,
daily_top1_selection,,,,,,,,,,,,,,,,,,,2024-03-08,159915.SZ,159915.SZ,创业板,创业板,False,159915.SZ,159915.SZ,创业板,创业板,False,,,,,,,,,,,,,,,,,,,,,,,,,,,
daily_top1_selection,,,,,,,,,,,,,,,,,,,2024-03-11,159915.SZ,159915.SZ,创业板,创业板,False,159915.SZ,159915.SZ,创业板,创业板,False,,,,,,,,,,,,,,,,,,,,,,,,,,,
daily_top1_selection,,,,,,,,,,,,,,,,,,,2024-03-12,159915.SZ,159915.SZ,创业板,创业板,False,159915.SZ,159915.SZ,创业板,创业板,False,,,,,,,,,,,,,,,,,,,,,,,,,,,
daily_top1_selection,,,,,,,,,,,,,,,,,,,2024-03-13,159915.SZ,159915.SZ,创业板,创业板,False,159915.SZ,159915.SZ,创业板,创业板,False,,,,,,,,,,,,,,,,,,,,,,,,,,,
daily_top1_selection,,,,,,,,,,,,,,,,,,,2024-03-14,159915.SZ,159915.SZ,创业板,创业板,False,159915.SZ,159915.SZ,创业板,创业板,False,,,,,,,,,,,,,,,,,,,,,,,,,,,
daily_top1_selection,,,,,,,,,,,,,,,,,,,2024-03-15,159915.SZ,159915.SZ,创业板,创业板,False,159915.SZ,159915.SZ,创业板,创业板,False,,,,,,,,,,,,,,,,,,,,,,,,,,,
daily_top1_selection,,,,,,,,,,,,,,,,,,,2024-03-18,159915.SZ,159915.SZ,创业板,创业板,False,159915.SZ,159915.SZ,创业板,创业板,False,,,,,,,,,,,,,,,,,,,,,,,,,,,
daily_top1_selection,,,,,,,,,,,,,,,,,,,2024-03-19,159915.SZ,159915.SZ,创业板,创业板,False,159915.SZ,159915.SZ,创业板,创业板,False,,,,,,,,,,,,,,,,,,,,,,,,,,,
daily_top1_selection,,,,,,,,,,,,,,,,,,,2024-03-20,159915.SZ,159915.SZ,创业板,创业板,False,159915.SZ,159915.SZ,创业板,创业板,False,,,,,,,,,,,,,,,,,,,,,,,,,,,
daily_top1_selection,,,,,,,,,,,,,,,,,,,2024-03-21,159915.SZ,518880.SH,创业板,黄金,True,159915.SZ,159915.SZ,创业板,创业板,False,,,,,,,,,,,,,,,,,,,,,,,,,,,
daily_top1_selection,,,,,,,,,,,,,,,,,,,2024-03-22,518880.SH,518880.SH,黄金,黄金,False,159915.SZ,518880.SH,创业板,黄金,True,,,,,,,,,,,,,,,,,,,,,,,,,,,
daily_top1_selection,,,,,,,,,,,,,,,,,,,2024-03-25,518880.SH,518880.SH,黄金,黄金,False,518880.SH,518880.SH,黄金,黄金,False,,,,,,,,,,,,,,,,,,,,,,,,,,,
daily_top1_selection,,,,,,,,,,,,,,,,,,,2024-03-26,518880.SH,518880.SH,黄金,黄金,False,518880.SH,518880.SH,黄金,黄金,False,,,,,,,,,,,,,,,,,,,,,,,,,,,
daily_top1_selection,,,,,,,,,,,,,,,,,,,2024-03-27,518880.SH,518880.SH,黄金,黄金,False,518880.SH,518880.SH,黄金,黄金,False,,,,,,,,,,,,,,,,,,,,,,,,,,,
daily_top1_selection,,,,,,,,,,,,,,,,,,,2024-03-28,518880.SH,518880.SH,黄金,黄金,False,518880.SH,518880.SH,黄金,黄金,False,,,,,,,,,,,,,,,,,,,,,,,,,,,
daily_top1_selection,,,,,,,,,,,,,,,,,,,2024-03-29,518880.SH,518880.SH,黄金,黄金,False,518880.SH,518880.SH,黄金,黄金,False,,,,,,,,,,,,,,,,,,,,,,,,,,,
daily_top1_selection,,,,,,,,,,,,,,,,,,,2024-04-01,518880.SH,518880.SH,黄金,黄金,False,518880.SH,518880.SH,黄金,黄金,False,,,,,,,,,,,,,,,,,,,,,,,,,,,
daily_top1_selection,,,,,,,,,,,,,,,,,,,2024-04-02,518880.SH,518880.SH,黄金,黄金,False,518880.SH,518880.SH,黄金,黄金,False,,,,,,,,,,,,,,,,,,,,,,,,,,,
daily_top1_selection,,,,,,,,,,,,,,,,,,,2024-04-03,518880.SH,518880.SH,黄金,黄金,False,518880.SH,518880.SH,黄金,黄金,False,,,,,,,,,,,,,,,,,,,,,,,,,,,
daily_top1_selection,,,,,,,,,,,,,,,,,,,2024-04-08,518880.SH,518880.SH,黄金,黄金,False,518880.SH,518880.SH,黄金,黄金,False,,,,,,,,,,,,,,,,,,,,,,,,,,,
daily_top1_selection,,,,,,,,,,,,,,,,,,,2024-04-09,518880.SH,518880.SH,黄金,黄金,False,518880.SH,518880.SH,黄金,黄金,False,,,,,,,,,,,,,,,,,,,,,,,,,,,
daily_top1_selection,,,,,,,,,,,,,,,,,,,2024-04-10,518880.SH,518880.SH,黄金,黄金,False,518880.SH,518880.SH,黄金,黄金,False,,,,,,,,,,,,,,,,,,,,,,,,,,,
daily_top1_selection,,,,,,,,,,,,,,,,,,,2024-04-11,518880.SH,518880.SH,黄金,黄金,False,518880.SH,518880.SH,黄金,黄金,False,,,,,,,,,,,,,,,,,,,,,,,,,,,
daily_top1_selection,,,,,,,,,,,,,,,,,,,2024-04-12,518880.SH,518880.SH,黄金,黄金,False,518880.SH,518880.SH,黄金,黄金,False,,,,,,,,,,,,,,,,,,,,,,,,,,,
daily_top1_selection,,,,,,,,,,,,,,,,,,,2024-04-15,518880.SH,518880.SH,黄金,黄金,False,518880.SH,518880.SH,黄金,黄金,False,,,,,,,,,,,,,,,,,,,,,,,,,,,
daily_top1_selection,,,,,,,,,,,,,,,,,,,2024-04-16,518880.SH,518880.SH,黄金,黄金,False,518880.SH,518880.SH,黄金,黄金,False,,,,,,,,,,,,,,,,,,,,,,,,,,,
daily_top1_selection,,,,,,,,,,,,,,,,,,,2024-04-17,518880.SH,518880.SH,黄金,黄金,False,518880.SH,518880.SH,黄金,黄金,False,,,,,,,,,,,,,,,,,,,,,,,,,,,
daily_top1_selection,,,,,,,,,,,,,,,,,,,2024-04-18,518880.SH,518880.SH,黄金,黄金,False,518880.SH,518880.SH,黄金,黄金,False,,,,,,,,,,,,,,,,,,,,,,,,,,,
daily_top1_selection,,,,,,,,,,,,,,,,,,,2024-04-19,518880.SH,518880.SH,黄金,黄金,False,518880.SH,518880.SH,黄金,黄金,False,,,,,,,,,,,,,,,,,,,,,,,,,,,
daily_top1_selection,,,,,,,,,,,,,,,,,,,2024-04-22,518880.SH,518880.SH,黄金,黄金,False,518880.SH,518880.SH,黄金,黄金,False,,,,,,,,,,,,,,,,,,,,,,,,,,,
daily_top1_selection,,,,,,,,,,,,,,,,,,,2024-04-23,518880.SH,518880.SH,黄金,黄金,False,518880.SH,518880.SH,黄金,黄金,False,,,,,,,,,,,,,,,,,,,,,,,,,,,
daily_top1_selection,,,,,,,,,,,,,,,,,,,2024-04-24,518880.SH,518880.SH,黄金,黄金,False,518880.SH,518880.SH,黄金,黄金,False,,,,,,,,,,,,,,,,,,,,,,,,,,,
daily_top1_selection,,,,,,,,,,,,,,,,,,,2024-04-25,518880.SH,518880.SH,黄金,黄金,False,518880.SH,518880.SH,黄金,黄金,False,,,,,,,,,,,,,,,,,,,,,,,,,,,
daily_top1_selection,,,,,,,,,,,,,,,,,,,2024-04-26,518880.SH,518880.SH,黄金,黄金,False,518880.SH,518880.SH,黄金,黄金,False,,,,,,,,,,,,,,,,,,,,,,,,,,,
daily_top1_selection,,,,,,,,,,,,,,,,,,,2024-04-29,518880.SH,518880.SH,黄金,黄金,False,518880.SH,518880.SH,黄金,黄金,False,,,,,,,,,,,,,,,,,,,,,,,,,,,
daily_top1_selection,,,,,,,,,,,,,,,,,,,2024-04-30,518880.SH,518880.SH,黄金,黄金,False,518880.SH,518880.SH,黄金,黄金,False,,,,,,,,,,,,,,,,,,,,,,,,,,,
daily_top1_selection,,,,,,,,,,,,,,,,,,,2024-05-06,518880.SH,510300.SH,黄金,沪深300,True,518880.SH,518880.SH,黄金,黄金,False,,,,,,,,,,,,,,,,,,,,,,,,,,,
daily_top1_selection,,,,,,,,,,,,,,,,,,,2024-05-07,159915.SZ,510300.SH,创业板,沪深300,True,518880.SH,510300.SH,黄金,沪深300,True,,,,,,,,,,,,,,,,,,,,,,,,,,,
daily_top1_selection,,,,,,,,,,,,,,,,,,,2024-05-08,510300.SH,510300.SH,沪深300,沪深300,False,159915.SZ,510300.SH,创业板,沪深300,True,,,,,,,,,,,,,,,,,,,,,,,,,,,
daily_top1_selection,,,,,,,,,,,,,,,,,,,2024-05-09,159915.SZ,159915.SZ,创业板,创业板,False,159915.SZ,510300.SH,创业板,沪深300,True,,,,,,,,,,,,,,,,,,,,,,,,,,,
daily_top1_selection,,,,,,,,,,,,,,,,,,,2024-05-10,510300.SH,510300.SH,沪深300,沪深300,False,159915.SZ,510300.SH,创业板,沪深300,True,,,,,,,,,,,,,,,,,,,,,,,,,,,
daily_top1_selection,,,,,,,,,,,,,,,,,,,2024-05-13,510300.SH,510300.SH,沪深300,沪深300,False,159915.SZ,510300.SH,创业板,沪深300,True,,,,,,,,,,,,,,,,,,,,,,,,,,,
daily_top1_selection,,,,,,,,,,,,,,,,,,,2024-05-14,159915.SZ,510300.SH,创业板,沪深300,True,159915.SZ,510300.SH,创业板,沪深300,True,,,,,,,,,,,,,,,,,,,,,,,,,,,
daily_top1_selection,,,,,,,,,,,,,,,,,,,2024-05-15,159915.SZ,510300.SH,创业板,沪深300,True,159915.SZ,510300.SH,创业板,沪深300,True,,,,,,,,,,,,,,,,,,,,,,,,,,,
daily_top1_selection,,,,,,,,,,,,,,,,,,,2024-05-16,159915.SZ,510300.SH,创业板,沪深300,True,159915.SZ,510300.SH,创业板,沪深300,True,,,,,,,,,,,,,,,,,,,,,,,,,,,
daily_top1_selection,,,,,,,,,,,,,,,,,,,2024-05-17,159915.SZ,510300.SH,创业板,沪深300,True,159915.SZ,510300.SH,创业板,沪深300,True,,,,,,,,,,,,,,,,,,,,,,,,,,,
daily_top1_selection,,,,,,,,,,,,,,,,,,,2024-05-20,513100.SH,513100.SH,纳指,纳指,False,159915.SZ,510300.SH,创业板,沪深300,True,,,,,,,,,,,,,,,,,,,,,,,,,,,
daily_top1_selection,,,,,,,,,,,,,,,,,,,2024-05-21,513100.SH,513100.SH,纳指,纳指,False,513100.SH,513100.SH,纳指,纳指,False,,,,,,,,,,,,,,,,,,,,,,,,,,,
daily_top1_selection,,,,,,,,,,,,,,,,,,,2024-05-22,513100.SH,513100.SH,纳指,纳指,False,513100.SH,513100.SH,纳指,纳指,False,,,,,,,,,,,,,,,,,,,,,,,,,,,
daily_top1_selection,,,,,,,,,,,,,,,,,,,2024-05-23,513100.SH,513100.SH,纳指,纳指,False,513100.SH,513100.SH,纳指,纳指,False,,,,,,,,,,,,,,,,,,,,,,,,,,,
daily_top1_selection,,,,,,,,,,,,,,,,,,,2024-05-24,513100.SH,513100.SH,纳指,纳指,False,513100.SH,513100.SH,纳指,纳指,False,,,,,,,,,,,,,,,,,,,,,,,,,,,
daily_top1_selection,,,,,,,,,,,,,,,,,,,2024-05-27,513100.SH,513100.SH,纳指,纳指,False,513100.SH,513100.SH,纳指,纳指,False,,,,,,,,,,,,,,,,,,,,,,,,,,,
daily_top1_selection,,,,,,,,,,,,,,,,,,,2024-05-28,513100.SH,513100.SH,纳指,纳指,False,513100.SH,513100.SH,纳指,纳指,False,,,,,,,,,,,,,,,,,,,,,,,,,,,
daily_top1_selection,,,,,,,,,,,,,,,,,,,2024-05-29,513100.SH,513100.SH,纳指,纳指,False,513100.SH,513100.SH,纳指,纳指,False,,,,,,,,,,,,,,,,,,,,,,,,,,,
daily_top1_selection,,,,,,,,,,,,,,,,,,,2024-05-30,513100.SH,513100.SH,纳指,纳指,False,513100.SH,513100.SH,纳指,纳指,False,,,,,,,,,,,,,,,,,,,,,,,,,,,
daily_top1_selection,,,,,,,,,,,,,,,,,,,2024-05-31,513100.SH,513100.SH,纳指,纳指,False,513100.SH,513100.SH,纳指,纳指,False,,,,,,,,,,,,,,,,,,,,,,,,,,,
daily_top1_selection,,,,,,,,,,,,,,,,,,,2024-06-03,513100.SH,513100.SH,纳指,纳指,False,513100.SH,513100.SH,纳指,纳指,False,,,,,,,,,,,,,,,,,,,,,,,,,,,
daily_top1_selection,,,,,,,,,,,,,,,,,,,2024-06-04,513100.SH,513100.SH,纳指,纳指,False,513100.SH,513100.SH,纳指,纳指,False,,,,,,,,,,,,,,,,,,,,,,,,,,,
daily_top1_selection,,,,,,,,,,,,,,,,,,,2024-06-05,513100.SH,513100.SH,纳指,纳指,False,513100.SH,513100.SH,纳指,纳指,False,,,,,,,,,,,,,,,,,,,,,,,,,,,
daily_top1_selection,,,,,,,,,,,,,,,,,,,2024-06-06,513100.SH,513100.SH,纳指,纳指,False,513100.SH,513100.SH,纳指,纳指,False,,,,,,,,,,,,,,,,,,,,,,,,,,,
daily_top1_selection,,,,,,,,,,,,,,,,,,,2024-06-07,513100.SH,513100.SH,纳指,纳指,False,513100.SH,513100.SH,纳指,纳指,False,,,,,,,,,,,,,,,,,,,,,,,,,,,
daily_top1_selection,,,,,,,,,,,,,,,,,,,2024-06-11,513100.SH,513100.SH,纳指,纳指,False,513100.SH,513100.SH,纳指,纳指,False,,,,,,,,,,,,,,,,,,,,,,,,,,,
daily_top1_selection,,,,,,,,,,,,,,,,,,,2024-06-12,513100.SH,513100.SH,纳指,纳指,False,513100.SH,513100.SH,纳指,纳指,False,,,,,,,,,,,,,,,,,,,,,,,,,,,
daily_top1_selection,,,,,,,,,,,,,,,,,,,2024-06-13,513100.SH,513100.SH,纳指,纳指,False,513100.SH,513100.SH,纳指,纳指,False,,,,,,,,,,,,,,,,,,,,,,,,,,,
daily_top1_selection,,,,,,,,,,,,,,,,,,,2024-06-14,513100.SH,513100.SH,纳指,纳指,False,513100.SH,513100.SH,纳指,纳指,False,,,,,,,,,,,,,,,,,,,,,,,,,,,
daily_top1_selection,,,,,,,,,,,,,,,,,,,2024-06-17,513100.SH,513100.SH,纳指,纳指,False,513100.SH,513100.SH,纳指,纳指,False,,,,,,,,,,,,,,,,,,,,,,,,,,,
daily_top1_selection,,,,,,,,,,,,,,,,,,,2024-06-18,513100.SH,513100.SH,纳指,纳指,False,513100.SH,513100.SH,纳指,纳指,False,,,,,,,,,,,,,,,,,,,,,,,,,,,
daily_top1_selection,,,,,,,,,,,,,,,,,,,2024-06-19,513100.SH,513100.SH,纳指,纳指,False,513100.SH,513100.SH,纳指,纳指,False,,,,,,,,,,,,,,,,,,,,,,,,,,,
daily_top1_selection,,,,,,,,,,,,,,,,,,,2024-06-20,513100.SH,513100.SH,纳指,纳指,False,513100.SH,513100.SH,纳指,纳指,False,,,,,,,,,,,,,,,,,,,,,,,,,,,
daily_top1_selection,,,,,,,,,,,,,,,,,,,2024-06-21,513100.SH,513100.SH,纳指,纳指,False,513100.SH,513100.SH,纳指,纳指,False,,,,,,,,,,,,,,,,,,,,,,,,,,,
daily_top1_selection,,,,,,,,,,,,,,,,,,,2024-06-24,513100.SH,513100.SH,纳指,纳指,False,513100.SH,513100.SH,纳指,纳指,False,,,,,,,,,,,,,,,,,,,,,,,,,,,
daily_top1_selection,,,,,,,,,,,,,,,,,,,2024-06-25,513100.SH,513100.SH,纳指,纳指,False,513100.SH,513100.SH,纳指,纳指,False,,,,,,,,,,,,,,,,,,,,,,,,,,,
daily_top1_selection,,,,,,,,,,,,,,,,,,,2024-06-26,513100.SH,513100.SH,纳指,纳指,False,513100.SH,513100.SH,纳指,纳指,False,,,,,,,,,,,,,,,,,,,,,,,,,,,
daily_top1_selection,,,,,,,,,,,,,,,,,,,2024-06-27,513100.SH,513100.SH,纳指,纳指,False,513100.SH,513100.SH,纳指,纳指,False,,,,,,,,,,,,,,,,,,,,,,,,,,,
daily_top1_selection,,,,,,,,,,,,,,,,,,,2024-06-28,513100.SH,513100.SH,纳指,纳指,False,513100.SH,513100.SH,纳指,纳指,False,,,,,,,,,,,,,,,,,,,,,,,,,,,
daily_top1_selection,,,,,,,,,,,,,,,,,,,2024-07-01,513100.SH,513100.SH,纳指,纳指,False,513100.SH,513100.SH,纳指,纳指,False,,,,,,,,,,,,,,,,,,,,,,,,,,,
daily_top1_selection,,,,,,,,,,,,,,,,,,,2024-07-02,513100.SH,513100.SH,纳指,纳指,False,513100.SH,513100.SH,纳指,纳指,False,,,,,,,,,,,,,,,,,,,,,,,,,,,
daily_top1_selection,,,,,,,,,,,,,,,,,,,2024-07-03,513100.SH,513100.SH,纳指,纳指,False,513100.SH,513100.SH,纳指,纳指,False,,,,,,,,,,,,,,,,,,,,,,,,,,,
daily_top1_selection,,,,,,,,,,,,,,,,,,,2024-07-04,513100.SH,513100.SH,纳指,纳指,False,513100.SH,513100.SH,纳指,纳指,False,,,,,,,,,,,,,,,,,,,,,,,,,,,
daily_top1_selection,,,,,,,,,,,,,,,,,,,2024-07-05,513100.SH,513100.SH,纳指,纳指,False,513100.SH,513100.SH,纳指,纳指,False,,,,,,,,,,,,,,,,,,,,,,,,,,,
daily_top1_selection,,,,,,,,,,,,,,,,,,,2024-07-08,513100.SH,513100.SH,纳指,纳指,False,513100.SH,513100.SH,纳指,纳指,False,,,,,,,,,,,,,,,,,,,,,,,,,,,
daily_top1_selection,,,,,,,,,,,,,,,,,,,2024-07-09,513100.SH,513100.SH,纳指,纳指,False,513100.SH,513100.SH,纳指,纳指,False,,,,,,,,,,,,,,,,,,,,,,,,,,,
daily_top1_selection,,,,,,,,,,,,,,,,,,,2024-07-10,513100.SH,513100.SH,纳指,纳指,False,513100.SH,513100.SH,纳指,纳指,False,,,,,,,,,,,,,,,,,,,,,,,,,,,
daily_top1_selection,,,,,,,,,,,,,,,,,,,2024-07-11,513100.SH,513100.SH,纳指,纳指,False,513100.SH,513100.SH,纳指,纳指,False,,,,,,,,,,,,,,,,,,,,,,,,,,,
daily_top1_selection,,,,,,,,,,,,,,,,,,,2024-07-12,513100.SH,518880.SH,纳指,黄金,True,513100.SH,513100.SH,纳指,纳指,False,,,,,,,,,,,,,,,,,,,,,,,,,,,
daily_top1_selection,,,,,,,,,,,,,,,,,,,2024-07-15,513100.SH,513100.SH,纳指,纳指,False,513100.SH,518880.SH,纳指,黄金,True,,,,,,,,,,,,,,,,,,,,,,,,,,,
daily_top1_selection,,,,,,,,,,,,,,,,,,,2024-07-16,513100.SH,518880.SH,纳指,黄金,True,513100.SH,518880.SH,纳指,黄金,True,,,,,,,,,,,,,,,,,,,,,,,,,,,
daily_top1_selection,,,,,,,,,,,,,,,,,,,2024-07-17,518880.SH,518880.SH,黄金,黄金,False,513100.SH,518880.SH,纳指,黄金,True,,,,,,,,,,,,,,,,,,,,,,,,,,,
daily_top1_selection,,,,,,,,,,,,,,,,,,,2024-07-18,518880.SH,518880.SH,黄金,黄金,False,518880.SH,518880.SH,黄金,黄金,False,,,,,,,,,,,,,,,,,,,,,,,,,,,
daily_top1_selection,,,,,,,,,,,,,,,,,,,2024-07-19,510300.SH,510300.SH,沪深300,沪深300,False,518880.SH,518880.SH,黄金,黄金,False,,,,,,,,,,,,,,,,,,,,,,,,,,,
daily_top1_selection,,,,,,,,,,,,,,,,,,,2024-07-22,518880.SH,518880.SH,黄金,黄金,False,518880.SH,510300.SH,黄金,沪深300,True,,,,,,,,,,,,,,,,,,,,,,,,,,,
daily_top1_selection,,,,,,,,,,,,,,,,,,,2024-07-23,513100.SH,513100.SH,纳指,纳指,False,518880.SH,510300.SH,黄金,沪深300,True,,,,,,,,,,,,,,,,,,,,,,,,,,,
daily_top1_selection,,,,,,,,,,,,,,,,,,,2024-07-24,518880.SH,518880.SH,黄金,黄金,False,518880.SH,510300.SH,黄金,沪深300,True,,,,,,,,,,,,,,,,,,,,,,,,,,,
daily_top1_selection,,,,,,,,,,,,,,,,,,,2024-07-25,518880.SH,518880.SH,黄金,黄金,False,518880.SH,510300.SH,黄金,沪深300,True,,,,,,,,,,,,,,,,,,,,,,,,,,,
daily_top1_selection,,,,,,,,,,,,,,,,,,,2024-07-26,518880.SH,518880.SH,黄金,黄金,False,518880.SH,510300.SH,黄金,沪深300,True,,,,,,,,,,,,,,,,,,,,,,,,,,,
daily_top1_selection,,,,,,,,,,,,,,,,,,,2024-07-29,518880.SH,518880.SH,黄金,黄金,False,518880.SH,518880.SH,黄金,黄金,False,,,,,,,,,,,,,,,,,,,,,,,,,,,
daily_top1_selection,,,,,,,,,,,,,,,,,,,2024-07-30,518880.SH,518880.SH,黄金,黄金,False,518880.SH,518880.SH,黄金,黄金,False,,,,,,,,,,,,,,,,,,,,,,,,,,,
daily_top1_selection,,,,,,,,,,,,,,,,,,,2024-07-31,518880.SH,518880.SH,黄金,黄金,False,518880.SH,518880.SH,黄金,黄金,False,,,,,,,,,,,,,,,,,,,,,,,,,,,
daily_top1_selection,,,,,,,,,,,,,,,,,,,2024-08-01,518880.SH,518880.SH,黄金,黄金,False,518880.SH,518880.SH,黄金,黄金,False,,,,,,,,,,,,,,,,,,,,,,,,,,,
daily_top1_selection,,,,,,,,,,,,,,,,,,,2024-08-02,518880.SH,518880.SH,黄金,黄金,False,518880.SH,518880.SH,黄金,黄金,False,,,,,,,,,,,,,,,,,,,,,,,,,,,
daily_top1_selection,,,,,,,,,,,,,,,,,,,2024-08-05,518880.SH,518880.SH,黄金,黄金,False,518880.SH,518880.SH,黄金,黄金,False,,,,,,,,,,,,,,,,,,,,,,,,,,,
daily_top1_selection,,,,,,,,,,,,,,,,,,,2024-08-06,518880.SH,518880.SH,黄金,黄金,False,518880.SH,518880.SH,黄金,黄金,False,,,,,,,,,,,,,,,,,,,,,,,,,,,
daily_top1_selection,,,,,,,,,,,,,,,,,,,2024-08-07,518880.SH,518880.SH,黄金,黄金,False,518880.SH,518880.SH,黄金,黄金,False,,,,,,,,,,,,,,,,,,,,,,,,,,,
daily_top1_selection,,,,,,,,,,,,,,,,,,,2024-08-08,518880.SH,518880.SH,黄金,黄金,False,518880.SH,518880.SH,黄金,黄金,False,,,,,,,,,,,,,,,,,,,,,,,,,,,
daily_top1_selection,,,,,,,,,,,,,,,,,,,2024-08-09,518880.SH,518880.SH,黄金,黄金,False,518880.SH,518880.SH,黄金,黄金,False,,,,,,,,,,,,,,,,,,,,,,,,,,,
daily_top1_selection,,,,,,,,,,,,,,,,,,,2024-08-12,518880.SH,518880.SH,黄金,黄金,False,518880.SH,518880.SH,黄金,黄金,False,,,,,,,,,,,,,,,,,,,,,,,,,,,
daily_top1_selection,,,,,,,,,,,,,,,,,,,2024-08-13,518880.SH,518880.SH,黄金,黄金,False,518880.SH,518880.SH,黄金,黄金,False,,,,,,,,,,,,,,,,,,,,,,,,,,,
daily_top1_selection,,,,,,,,,,,,,,,,,,,2024-08-14,518880.SH,518880.SH,黄金,黄金,False,518880.SH,518880.SH,黄金,黄金,False,,,,,,,,,,,,,,,,,,,,,,,,,,,
daily_top1_selection,,,,,,,,,,,,,,,,,,,2024-08-15,518880.SH,518880.SH,黄金,黄金,False,518880.SH,518880.SH,黄金,黄金,False,,,,,,,,,,,,,,,,,,,,,,,,,,,
daily_top1_selection,,,,,,,,,,,,,,,,,,,2024-08-16,518880.SH,518880.SH,黄金,黄金,False,518880.SH,518880.SH,黄金,黄金,False,,,,,,,,,,,,,,,,,,,,,,,,,,,
daily_top1_selection,,,,,,,,,,,,,,,,,,,2024-08-19,518880.SH,518880.SH,黄金,黄金,False,518880.SH,518880.SH,黄金,黄金,False,,,,,,,,,,,,,,,,,,,,,,,,,,,
daily_top1_selection,,,,,,,,,,,,,,,,,,,2024-08-20,518880.SH,518880.SH,黄金,黄金,False,518880.SH,518880.SH,黄金,黄金,False,,,,,,,,,,,,,,,,,,,,,,,,,,,
daily_top1_selection,,,,,,,,,,,,,,,,,,,2024-08-21,513100.SH,518880.SH,纳指,黄金,True,518880.SH,518880.SH,黄金,黄金,False,,,,,,,,,,,,,,,,,,,,,,,,,,,
daily_top1_selection,,,,,,,,,,,,,,,,,,,2024-08-22,513100.SH,518880.SH,纳指,黄金,True,513100.SH,518880.SH,纳指,黄金,True,,,,,,,,,,,,,,,,,,,,,,,,,,,
daily_top1_selection,,,,,,,,,,,,,,,,,,,2024-08-23,513100.SH,518880.SH,纳指,黄金,True,513100.SH,518880.SH,纳指,黄金,True,,,,,,,,,,,,,,,,,,,,,,,,,,,
daily_top1_selection,,,,,,,,,,,,,,,,,,,2024-08-26,518880.SH,518880.SH,黄金,黄金,False,513100.SH,518880.SH,纳指,黄金,True,,,,,,,,,,,,,,,,,,,,,,,,,,,
daily_top1_selection,,,,,,,,,,,,,,,,,,,2024-08-27,518880.SH,518880.SH,黄金,黄金,False,513100.SH,518880.SH,纳指,黄金,True,,,,,,,,,,,,,,,,,,,,,,,,,,,
daily_top1_selection,,,,,,,,,,,,,,,,,,,2024-08-28,518880.SH,518880.SH,黄金,黄金,False,513100.SH,518880.SH,纳指,黄金,True,,,,,,,,,,,,,,,,,,,,,,,,,,,
daily_top1_selection,,,,,,,,,,,,,,,,,,,2024-08-29,518880.SH,518880.SH,黄金,黄金,False,518880.SH,518880.SH,黄金,黄金,False,,,,,,,,,,,,,,,,,,,,,,,,,,,
daily_top1_selection,,,,,,,,,,,,,,,,,,,2024-08-30,513100.SH,513100.SH,纳指,纳指,False,518880.SH,518880.SH,黄金,黄金,False,,,,,,,,,,,,,,,,,,,,,,,,,,,
daily_top1_selection,,,,,,,,,,,,,,,,,,,2024-09-02,513100.SH,513100.SH,纳指,纳指,False,518880.SH,513100.SH,黄金,纳指,True,,,,,,,,,,,,,,,,,,,,,,,,,,,
daily_top1_selection,,,,,,,,,,,,,,,,,,,2024-09-03,513100.SH,513100.SH,纳指,纳指,False,518880.SH,513100.SH,黄金,纳指,True,,,,,,,,,,,,,,,,,,,,,,,,,,,
daily_top1_selection,,,,,,,,,,,,,,,,,,,2024-09-04,518880.SH,518880.SH,黄金,黄金,False,518880.SH,513100.SH,黄金,纳指,True,,,,,,,,,,,,,,,,,,,,,,,,,,,
daily_top1_selection,,,,,,,,,,,,,,,,,,,2024-09-05,513100.SH,518880.SH,纳指,黄金,True,518880.SH,513100.SH,黄金,纳指,True,,,,,,,,,,,,,,,,,,,,,,,,,,,
daily_top1_selection,,,,,,,,,,,,,,,,,,,2024-09-06,518880.SH,518880.SH,黄金,黄金,False,513100.SH,513100.SH,纳指,纳指,False,,,,,,,,,,,,,,,,,,,,,,,,,,,
daily_top1_selection,,,,,,,,,,,,,,,,,,,2024-09-09,518880.SH,518880.SH,黄金,黄金,False,513100.SH,518880.SH,纳指,黄金,True,,,,,,,,,,,,,,,,,,,,,,,,,,,
daily_top1_selection,,,,,,,,,,,,,,,,,,,2024-09-10,518880.SH,518880.SH,黄金,黄金,False,513100.SH,518880.SH,纳指,黄金,True,,,,,,,,,,,,,,,,,,,,,,,,,,,
daily_top1_selection,,,,,,,,,,,,,,,,,,,2024-09-11,518880.SH,518880.SH,黄金,黄金,False,513100.SH,518880.SH,纳指,黄金,True,,,,,,,,,,,,,,,,,,,,,,,,,,,
daily_top1_selection,,,,,,,,,,,,,,,,,,,2024-09-12,518880.SH,518880.SH,黄金,黄金,False,513100.SH,518880.SH,纳指,黄金,True,,,,,,,,,,,,,,,,,,,,,,,,,,,
daily_top1_selection,,,,,,,,,,,,,,,,,,,2024-09-13,518880.SH,518880.SH,黄金,黄金,False,518880.SH,518880.SH,黄金,黄金,False,,,,,,,,,,,,,,,,,,,,,,,,,,,
daily_top1_selection,,,,,,,,,,,,,,,,,,,2024-09-18,518880.SH,518880.SH,黄金,黄金,False,518880.SH,518880.SH,黄金,黄金,False,,,,,,,,,,,,,,,,,,,,,,,,,,,
daily_top1_selection,,,,,,,,,,,,,,,,,,,2024-09-19,518880.SH,518880.SH,黄金,黄金,False,518880.SH,518880.SH,黄金,黄金,False,,,,,,,,,,,,,,,,,,,,,,,,,,,
daily_top1_selection,,,,,,,,,,,,,,,,,,,2024-09-20,518880.SH,518880.SH,黄金,黄金,False,518880.SH,518880.SH,黄金,黄金,False,,,,,,,,,,,,,,,,,,,,,,,,,,,
daily_top1_selection,,,,,,,,,,,,,,,,,,,2024-09-23,518880.SH,518880.SH,黄金,黄金,False,518880.SH,518880.SH,黄金,黄金,False,,,,,,,,,,,,,,,,,,,,,,,,,,,
daily_top1_selection,,,,,,,,,,,,,,,,,,,2024-09-24,159915.SZ,518880.SH,创业板,黄金,True,518880.SH,518880.SH,黄金,黄金,False,,,,,,,,,,,,,,,,,,,,,,,,,,,
daily_top1_selection,,,,,,,,,,,,,,,,,,,2024-09-25,159915.SZ,159915.SZ,创业板,创业板,False,159915.SZ,518880.SH,创业板,黄金,True,,,,,,,,,,,,,,,,,,,,,,,,,,,
daily_top1_selection,,,,,,,,,,,,,,,,,,,2024-09-26,159915.SZ,159915.SZ,创业板,创业板,False,159915.SZ,159915.SZ,创业板,创业板,False,,,,,,,,,,,,,,,,,,,,,,,,,,,
daily_top1_selection,,,,,,,,,,,,,,,,,,,2024-09-27,159915.SZ,159915.SZ,创业板,创业板,False,159915.SZ,159915.SZ,创业板,创业板,False,,,,,,,,,,,,,,,,,,,,,,,,,,,
daily_top1_selection,,,,,,,,,,,,,,,,,,,2024-09-30,159915.SZ,159915.SZ,创业板,创业板,False,159915.SZ,159915.SZ,创业板,创业板,False,,,,,,,,,,,,,,,,,,,,,,,,,,,
daily_top1_selection,,,,,,,,,,,,,,,,,,,2024-10-08,159915.SZ,159915.SZ,创业板,创业板,False,159915.SZ,159915.SZ,创业板,创业板,False,,,,,,,,,,,,,,,,,,,,,,,,,,,
daily_top1_selection,,,,,,,,,,,,,,,,,,,2024-10-09,159915.SZ,159915.SZ,创业板,创业板,False,159915.SZ,159915.SZ,创业板,创业板,False,,,,,,,,,,,,,,,,,,,,,,,,,,,
daily_top1_selection,,,,,,,,,,,,,,,,,,,2024-10-10,159915.SZ,159915.SZ,创业板,创业板,False,159915.SZ,159915.SZ,创业板,创业板,False,,,,,,,,,,,,,,,,,,,,,,,,,,,
daily_top1_selection,,,,,,,,,,,,,,,,,,,2024-10-11,159915.SZ,159915.SZ,创业板,创业板,False,159915.SZ,159915.SZ,创业板,创业板,False,,,,,,,,,,,,,,,,,,,,,,,,,,,
daily_top1_selection,,,,,,,,,,,,,,,,,,,2024-10-14,159915.SZ,159915.SZ,创业板,创业板,False,159915.SZ,159915.SZ,创业板,创业板,False,,,,,,,,,,,,,,,,,,,,,,,,,,,
daily_top1_selection,,,,,,,,,,,,,,,,,,,2024-10-15,159915.SZ,159915.SZ,创业板,创业板,False,159915.SZ,159915.SZ,创业板,创业板,False,,,,,,,,,,,,,,,,,,,,,,,,,,,
daily_top1_selection,,,,,,,,,,,,,,,,,,,2024-10-16,159915.SZ,159915.SZ,创业板,创业板,False,159915.SZ,159915.SZ,创业板,创业板,False,,,,,,,,,,,,,,,,,,,,,,,,,,,
daily_top1_selection,,,,,,,,,,,,,,,,,,,2024-10-17,159915.SZ,159915.SZ,创业板,创业板,False,159915.SZ,159915.SZ,创业板,创业板,False,,,,,,,,,,,,,,,,,,,,,,,,,,,
daily_top1_selection,,,,,,,,,,,,,,,,,,,2024-10-18,159915.SZ,159915.SZ,创业板,创业板,False,159915.SZ,159915.SZ,创业板,创业板,False,,,,,,,,,,,,,,,,,,,,,,,,,,,
daily_top1_selection,,,,,,,,,,,,,,,,,,,2024-10-21,159915.SZ,159915.SZ,创业板,创业板,False,159915.SZ,159915.SZ,创业板,创业板,False,,,,,,,,,,,,,,,,,,,,,,,,,,,
daily_top1_selection,,,,,,,,,,,,,,,,,,,2024-10-22,159915.SZ,159915.SZ,创业板,创业板,False,159915.SZ,159915.SZ,创业板,创业板,False,,,,,,,,,,,,,,,,,,,,,,,,,,,
daily_top1_selection,,,,,,,,,,,,,,,,,,,2024-10-23,159915.SZ,159915.SZ,创业板,创业板,False,159915.SZ,159915.SZ,创业板,创业板,False,,,,,,,,,,,,,,,,,,,,,,,,,,,
daily_top1_selection,,,,,,,,,,,,,,,,,,,2024-10-24,159915.SZ,159915.SZ,创业板,创业板,False,159915.SZ,159915.SZ,创业板,创业板,False,,,,,,,,,,,,,,,,,,,,,,,,,,,
daily_top1_selection,,,,,,,,,,,,,,,,,,,2024-10-25,159915.SZ,159915.SZ,创业板,创业板,False,159915.SZ,159915.SZ,创业板,创业板,False,,,,,,,,,,,,,,,,,,,,,,,,,,,
daily_top1_selection,,,,,,,,,,,,,,,,,,,2024-10-28,159915.SZ,159915.SZ,创业板,创业板,False,159915.SZ,159915.SZ,创业板,创业板,False,,,,,,,,,,,,,,,,,,,,,,,,,,,
daily_top1_selection,,,,,,,,,,,,,,,,,,,2024-10-29,159915.SZ,159915.SZ,创业板,创业板,False,159915.SZ,159915.SZ,创业板,创业板,False,,,,,,,,,,,,,,,,,,,,,,,,,,,
daily_top1_selection,,,,,,,,,,,,,,,,,,,2024-10-30,159915.SZ,159915.SZ,创业板,创业板,False,159915.SZ,159915.SZ,创业板,创业板,False,,,,,,,,,,,,,,,,,,,,,,,,,,,
daily_top1_selection,,,,,,,,,,,,,,,,,,,2024-10-31,159915.SZ,159915.SZ,创业板,创业板,False,159915.SZ,159915.SZ,创业板,创业板,False,,,,,,,,,,,,,,,,,,,,,,,,,,,
daily_top1_selection,,,,,,,,,,,,,,,,,,,2024-11-01,159915.SZ,518880.SH,创业板,黄金,True,159915.SZ,159915.SZ,创业板,创业板,False,,,,,,,,,,,,,,,,,,,,,,,,,,,
daily_top1_selection,,,,,,,,,,,,,,,,,,,2024-11-04,518880.SH,518880.SH,黄金,黄金,False,159915.SZ,518880.SH,创业板,黄金,True,,,,,,,,,,,,,,,,,,,,,,,,,,,
daily_top1_selection,,,,,,,,,,,,,,,,,,,2024-11-05,518880.SH,518880.SH,黄金,黄金,False,518880.SH,518880.SH,黄金,黄金,False,,,,,,,,,,,,,,,,,,,,,,,,,,,
daily_top1_selection,,,,,,,,,,,,,,,,,,,2024-11-06,518880.SH,518880.SH,黄金,黄金,False,518880.SH,518880.SH,黄金,黄金,False,,,,,,,,,,,,,,,,,,,,,,,,,,,
daily_top1_selection,,,,,,,,,,,,,,,,,,,2024-11-07,159915.SZ,513100.SH,创业板,纳指,True,518880.SH,518880.SH,黄金,黄金,False,,,,,,,,,,,,,,,,,,,,,,,,,,,
daily_top1_selection,,,,,,,,,,,,,,,,,,,2024-11-08,159915.SZ,159915.SZ,创业板,创业板,False,518880.SH,518880.SH,黄金,黄金,False,,,,,,,,,,,,,,,,,,,,,,,,,,,
daily_top1_selection,,,,,,,,,,,,,,,,,,,2024-11-11,159915.SZ,159915.SZ,创业板,创业板,False,518880.SH,159915.SZ,黄金,创业板,True,,,,,,,,,,,,,,,,,,,,,,,,,,,
daily_top1_selection,,,,,,,,,,,,,,,,,,,2024-11-12,159915.SZ,159915.SZ,创业板,创业板,False,159915.SZ,159915.SZ,创业板,创业板,False,,,,,,,,,,,,,,,,,,,,,,,,,,,
daily_top1_selection,,,,,,,,,,,,,,,,,,,2024-11-13,159915.SZ,159915.SZ,创业板,创业板,False,159915.SZ,159915.SZ,创业板,创业板,False,,,,,,,,,,,,,,,,,,,,,,,,,,,
daily_top1_selection,,,,,,,,,,,,,,,,,,,2024-11-14,159915.SZ,159915.SZ,创业板,创业板,False,159915.SZ,159915.SZ,创业板,创业板,False,,,,,,,,,,,,,,,,,,,,,,,,,,,
daily_top1_selection,,,,,,,,,,,,,,,,,,,2024-11-15,513100.SH,513100.SH,纳指,纳指,False,159915.SZ,159915.SZ,创业板,创业板,False,,,,,,,,,,,,,,,,,,,,,,,,,,,
daily_top1_selection,,,,,,,,,,,,,,,,,,,2024-11-18,513100.SH,513100.SH,纳指,纳指,False,159915.SZ,513100.SH,创业板,纳指,True,,,,,,,,,,,,,,,,,,,,,,,,,,,
daily_top1_selection,,,,,,,,,,,,,,,,,,,2024-11-19,513100.SH,513100.SH,纳指,纳指,False,513100.SH,513100.SH,纳指,纳指,False,,,,,,,,,,,,,,,,,,,,,,,,,,,
daily_top1_selection,,,,,,,,,,,,,,,,,,,2024-11-20,513100.SH,513100.SH,纳指,纳指,False,513100.SH,513100.SH,纳指,纳指,False,,,,,,,,,,,,,,,,,,,,,,,,,,,
daily_top1_selection,,,,,,,,,,,,,,,,,,,2024-11-21,159915.SZ,513100.SH,创业板,纳指,True,513100.SH,513100.SH,纳指,纳指,False,,,,,,,,,,,,,,,,,,,,,,,,,,,
daily_top1_selection,,,,,,,,,,,,,,,,,,,2024-11-22,513100.SH,513100.SH,纳指,纳指,False,513100.SH,513100.SH,纳指,纳指,False,,,,,,,,,,,,,,,,,,,,,,,,,,,
daily_top1_selection,,,,,,,,,,,,,,,,,,,2024-11-25,513100.SH,513100.SH,纳指,纳指,False,513100.SH,513100.SH,纳指,纳指,False,,,,,,,,,,,,,,,,,,,,,,,,,,,
daily_top1_selection,,,,,,,,,,,,,,,,,,,2024-11-26,513100.SH,513100.SH,纳指,纳指,False,513100.SH,513100.SH,纳指,纳指,False,,,,,,,,,,,,,,,,,,,,,,,,,,,
daily_top1_selection,,,,,,,,,,,,,,,,,,,2024-11-27,513100.SH,513100.SH,纳指,纳指,False,513100.SH,513100.SH,纳指,纳指,False,,,,,,,,,,,,,,,,,,,,,,,,,,,
daily_top1_selection,,,,,,,,,,,,,,,,,,,2024-11-28,513100.SH,513100.SH,纳指,纳指,False,513100.SH,513100.SH,纳指,纳指,False,,,,,,,,,,,,,,,,,,,,,,,,,,,
daily_top1_selection,,,,,,,,,,,,,,,,,,,2024-11-29,513100.SH,513100.SH,纳指,纳指,False,513100.SH,513100.SH,纳指,纳指,False,,,,,,,,,,,,,,,,,,,,,,,,,,,
daily_top1_selection,,,,,,,,,,,,,,,,,,,2024-12-02,513100.SH,513100.SH,纳指,纳指,False,513100.SH,513100.SH,纳指,纳指,False,,,,,,,,,,,,,,,,,,,,,,,,,,,
daily_top1_selection,,,,,,,,,,,,,,,,,,,2024-12-03,513100.SH,513100.SH,纳指,纳指,False,513100.SH,513100.SH,纳指,纳指,False,,,,,,,,,,,,,,,,,,,,,,,,,,,
daily_top1_selection,,,,,,,,,,,,,,,,,,,2024-12-04,513100.SH,513100.SH,纳指,纳指,False,513100.SH,513100.SH,纳指,纳指,False,,,,,,,,,,,,,,,,,,,,,,,,,,,
daily_top1_selection,,,,,,,,,,,,,,,,,,,2024-12-05,513100.SH,513100.SH,纳指,纳指,False,513100.SH,513100.SH,纳指,纳指,False,,,,,,,,,,,,,,,,,,,,,,,,,,,
daily_top1_selection,,,,,,,,,,,,,,,,,,,2024-12-06,513100.SH,513100.SH,纳指,纳指,False,513100.SH,513100.SH,纳指,纳指,False,,,,,,,,,,,,,,,,,,,,,,,,,,,
daily_top1_selection,,,,,,,,,,,,,,,,,,,2024-12-09,513100.SH,513100.SH,纳指,纳指,False,513100.SH,513100.SH,纳指,纳指,False,,,,,,,,,,,,,,,,,,,,,,,,,,,
daily_top1_selection,,,,,,,,,,,,,,,,,,,2024-12-10,513100.SH,513100.SH,纳指,纳指,False,513100.SH,513100.SH,纳指,纳指,False,,,,,,,,,,,,,,,,,,,,,,,,,,,
daily_top1_selection,,,,,,,,,,,,,,,,,,,2024-12-11,513100.SH,513100.SH,纳指,纳指,False,513100.SH,513100.SH,纳指,纳指,False,,,,,,,,,,,,,,,,,,,,,,,,,,,
daily_top1_selection,,,,,,,,,,,,,,,,,,,2024-12-12,518880.SH,518880.SH,黄金,黄金,False,513100.SH,513100.SH,纳指,纳指,False,,,,,,,,,,,,,,,,,,,,,,,,,,,
daily_top1_selection,,,,,,,,,,,,,,,,,,,2024-12-13,513100.SH,513100.SH,纳指,纳指,False,518880.SH,518880.SH,黄金,黄金,False,,,,,,,,,,,,,,,,,,,,,,,,,,,
daily_top1_selection,,,,,,,,,,,,,,,,,,,2024-12-16,513100.SH,513100.SH,纳指,纳指,False,518880.SH,518880.SH,黄金,黄金,False,,,,,,,,,,,,,,,,,,,,,,,,,,,
daily_top1_selection,,,,,,,,,,,,,,,,,,,2024-12-17,513100.SH,513100.SH,纳指,纳指,False,518880.SH,518880.SH,黄金,黄金,False,,,,,,,,,,,,,,,,,,,,,,,,,,,
daily_top1_selection,,,,,,,,,,,,,,,,,,,2024-12-18,513100.SH,513100.SH,纳指,纳指,False,518880.SH,518880.SH,黄金,黄金,False,,,,,,,,,,,,,,,,,,,,,,,,,,,
daily_top1_selection,,,,,,,,,,,,,,,,,,,2024-12-19,513100.SH,513100.SH,纳指,纳指,False,518880.SH,518880.SH,黄金,黄金,False,,,,,,,,,,,,,,,,,,,,,,,,,,,
daily_top1_selection,,,,,,,,,,,,,,,,,,,2024-12-20,513100.SH,513100.SH,纳指,纳指,False,513100.SH,513100.SH,纳指,纳指,False,,,,,,,,,,,,,,,,,,,,,,,,,,,
daily_top1_selection,,,,,,,,,,,,,,,,,,,2024-12-23,513100.SH,513100.SH,纳指,纳指,False,513100.SH,513100.SH,纳指,纳指,False,,,,,,,,,,,,,,,,,,,,,,,,,,,
daily_top1_selection,,,,,,,,,,,,,,,,,,,2024-12-24,513100.SH,513100.SH,纳指,纳指,False,513100.SH,513100.SH,纳指,纳指,False,,,,,,,,,,,,,,,,,,,,,,,,,,,
daily_top1_selection,,,,,,,,,,,,,,,,,,,2024-12-25,513100.SH,513100.SH,纳指,纳指,False,513100.SH,513100.SH,纳指,纳指,False,,,,,,,,,,,,,,,,,,,,,,,,,,,
daily_top1_selection,,,,,,,,,,,,,,,,,,,2024-12-26,513100.SH,513100.SH,纳指,纳指,False,513100.SH,513100.SH,纳指,纳指,False,,,,,,,,,,,,,,,,,,,,,,,,,,,
daily_top1_selection,,,,,,,,,,,,,,,,,,,2024-12-27,513100.SH,513100.SH,纳指,纳指,False,513100.SH,513100.SH,纳指,纳指,False,,,,,,,,,,,,,,,,,,,,,,,,,,,
daily_top1_selection,,,,,,,,,,,,,,,,,,,2024-12-30,513100.SH,513100.SH,纳指,纳指,False,513100.SH,513100.SH,纳指,纳指,False,,,,,,,,,,,,,,,,,,,,,,,,,,,
daily_top1_selection,,,,,,,,,,,,,,,,,,,2024-12-31,513100.SH,513100.SH,纳指,纳指,False,513100.SH,513100.SH,纳指,纳指,False,,,,,,,,,,,,,,,,,,,,,,,,,,,
daily_top1_selection,,,,,,,,,,,,,,,,,,,2025-01-02,513100.SH,513100.SH,纳指,纳指,False,513100.SH,513100.SH,纳指,纳指,False,,,,,,,,,,,,,,,,,,,,,,,,,,,
daily_top1_selection,,,,,,,,,,,,,,,,,,,2025-01-03,513100.SH,513100.SH,纳指,纳指,False,513100.SH,513100.SH,纳指,纳指,False,,,,,,,,,,,,,,,,,,,,,,,,,,,
daily_top1_selection,,,,,,,,,,,,,,,,,,,2025-01-06,513100.SH,513100.SH,纳指,纳指,False,513100.SH,513100.SH,纳指,纳指,False,,,,,,,,,,,,,,,,,,,,,,,,,,,
daily_top1_selection,,,,,,,,,,,,,,,,,,,2025-01-07,513100.SH,513100.SH,纳指,纳指,False,513100.SH,513100.SH,纳指,纳指,False,,,,,,,,,,,,,,,,,,,,,,,,,,,
daily_top1_selection,,,,,,,,,,,,,,,,,,,2025-01-08,513100.SH,513100.SH,纳指,纳指,False,513100.SH,513100.SH,纳指,纳指,False,,,,,,,,,,,,,,,,,,,,,,,,,,,
daily_top1_selection,,,,,,,,,,,,,,,,,,,2025-01-09,513100.SH,513100.SH,纳指,纳指,False,513100.SH,513100.SH,纳指,纳指,False,,,,,,,,,,,,,,,,,,,,,,,,,,,
daily_top1_selection,,,,,,,,,,,,,,,,,,,2025-01-10,518880.SH,518880.SH,黄金,黄金,False,513100.SH,513100.SH,纳指,纳指,False,,,,,,,,,,,,,,,,,,,,,,,,,,,
daily_top1_selection,,,,,,,,,,,,,,,,,,,2025-01-13,518880.SH,518880.SH,黄金,黄金,False,518880.SH,518880.SH,黄金,黄金,False,,,,,,,,,,,,,,,,,,,,,,,,,,,
daily_top1_selection,,,,,,,,,,,,,,,,,,,2025-01-14,518880.SH,518880.SH,黄金,黄金,False,518880.SH,518880.SH,黄金,黄金,False,,,,,,,,,,,,,,,,,,,,,,,,,,,
daily_top1_selection,,,,,,,,,,,,,,,,,,,2025-01-15,518880.SH,518880.SH,黄金,黄金,False,518880.SH,518880.SH,黄金,黄金,False,,,,,,,,,,,,,,,,,,,,,,,,,,,
daily_top1_selection,,,,,,,,,,,,,,,,,,,2025-01-16,518880.SH,518880.SH,黄金,黄金,False,518880.SH,518880.SH,黄金,黄金,False,,,,,,,,,,,,,,,,,,,,,,,,,,,
daily_top1_selection,,,,,,,,,,,,,,,,,,,2025-01-17,518880.SH,518880.SH,黄金,黄金,False,518880.SH,518880.SH,黄金,黄金,False,,,,,,,,,,,,,,,,,,,,,,,,,,,
daily_top1_selection,,,,,,,,,,,,,,,,,,,2025-01-20,518880.SH,518880.SH,黄金,黄金,False,518880.SH,518880.SH,黄金,黄金,False,,,,,,,,,,,,,,,,,,,,,,,,,,,
daily_top1_selection,,,,,,,,,,,,,,,,,,,2025-01-21,518880.SH,518880.SH,黄金,黄金,False,518880.SH,518880.SH,黄金,黄金,False,,,,,,,,,,,,,,,,,,,,,,,,,,,
daily_top1_selection,,,,,,,,,,,,,,,,,,,2025-01-22,518880.SH,518880.SH,黄金,黄金,False,518880.SH,518880.SH,黄金,黄金,False,,,,,,,,,,,,,,,,,,,,,,,,,,,
daily_top1_selection,,,,,,,,,,,,,,,,,,,2025-01-23,518880.SH,518880.SH,黄金,黄金,False,518880.SH,518880.SH,黄金,黄金,False,,,,,,,,,,,,,,,,,,,,,,,,,,,
daily_top1_selection,,,,,,,,,,,,,,,,,,,2025-01-24,518880.SH,518880.SH,黄金,黄金,False,518880.SH,518880.SH,黄金,黄金,False,,,,,,,,,,,,,,,,,,,,,,,,,,,
daily_top1_selection,,,,,,,,,,,,,,,,,,,2025-01-27,518880.SH,518880.SH,黄金,黄金,False,518880.SH,518880.SH,黄金,黄金,False,,,,,,,,,,,,,,,,,,,,,,,,,,,
daily_top1_selection,,,,,,,,,,,,,,,,,,,2025-02-05,518880.SH,518880.SH,黄金,黄金,False,518880.SH,518880.SH,黄金,黄金,False,,,,,,,,,,,,,,,,,,,,,,,,,,,
daily_top1_selection,,,,,,,,,,,,,,,,,,,2025-02-06,518880.SH,518880.SH,黄金,黄金,False,518880.SH,518880.SH,黄金,黄金,False,,,,,,,,,,,,,,,,,,,,,,,,,,,
daily_top1_selection,,,,,,,,,,,,,,,,,,,2025-02-07,518880.SH,518880.SH,黄金,黄金,False,518880.SH,518880.SH,黄金,黄金,False,,,,,,,,,,,,,,,,,,,,,,,,,,,
daily_top1_selection,,,,,,,,,,,,,,,,,,,2025-02-10,159915.SZ,518880.SH,创业板,黄金,True,518880.SH,518880.SH,黄金,黄金,False,,,,,,,,,,,,,,,,,,,,,,,,,,,
daily_top1_selection,,,,,,,,,,,,,,,,,,,2025-02-11,518880.SH,518880.SH,黄金,黄金,False,159915.SZ,518880.SH,创业板,黄金,True,,,,,,,,,,,,,,,,,,,,,,,,,,,
daily_top1_selection,,,,,,,,,,,,,,,,,,,2025-02-12,518880.SH,518880.SH,黄金,黄金,False,159915.SZ,518880.SH,创业板,黄金,True,,,,,,,,,,,,,,,,,,,,,,,,,,,
daily_top1_selection,,,,,,,,,,,,,,,,,,,2025-02-13,518880.SH,518880.SH,黄金,黄金,False,159915.SZ,518880.SH,创业板,黄金,True,,,,,,,,,,,,,,,,,,,,,,,,,,,
daily_top1_selection,,,,,,,,,,,,,,,,,,,2025-02-14,159915.SZ,518880.SH,创业板,黄金,True,159915.SZ,518880.SH,创业板,黄金,True,,,,,,,,,,,,,,,,,,,,,,,,,,,
daily_top1_selection,,,,,,,,,,,,,,,,,,,2025-02-17,159915.SZ,159915.SZ,创业板,创业板,False,159915.SZ,518880.SH,创业板,黄金,True,,,,,,,,,,,,,,,,,,,,,,,,,,,
daily_top1_selection,,,,,,,,,,,,,,,,,,,2025-02-18,159915.SZ,159915.SZ,创业板,创业板,False,159915.SZ,159915.SZ,创业板,创业板,False,,,,,,,,,,,,,,,,,,,,,,,,,,,
daily_top1_selection,,,,,,,,,,,,,,,,,,,2025-02-19,518880.SH,518880.SH,黄金,黄金,False,159915.SZ,159915.SZ,创业板,创业板,False,,,,,,,,,,,,,,,,,,,,,,,,,,,
daily_top1_selection,,,,,,,,,,,,,,,,,,,2025-02-20,159915.SZ,518880.SH,创业板,黄金,True,518880.SH,159915.SZ,黄金,创业板,True,,,,,,,,,,,,,,,,,,,,,,,,,,,
daily_top1_selection,,,,,,,,,,,,,,,,,,,2025-02-21,159915.SZ,159915.SZ,创业板,创业板,False,518880.SH,159915.SZ,黄金,创业板,True,,,,,,,,,,,,,,,,,,,,,,,,,,,
daily_top1_selection,,,,,,,,,,,,,,,,,,,2025-02-24,159915.SZ,159915.SZ,创业板,创业板,False,518880.SH,159915.SZ,黄金,创业板,True,,,,,,,,,,,,,,,,,,,,,,,,,,,
daily_top1_selection,,,,,,,,,,,,,,,,,,,2025-02-25,518880.SH,518880.SH,黄金,黄金,False,518880.SH,159915.SZ,黄金,创业板,True,,,,,,,,,,,,,,,,,,,,,,,,,,,
daily_top1_selection,,,,,,,,,,,,,,,,,,,2025-02-26,159915.SZ,518880.SH,创业板,黄金,True,518880.SH,518880.SH,黄金,黄金,False,,,,,,,,,,,,,,,,,,,,,,,,,,,
daily_top1_selection,,,,,,,,,,,,,,,,,,,2025-02-27,159915.SZ,159915.SZ,创业板,创业板,False,159915.SZ,518880.SH,创业板,黄金,True,,,,,,,,,,,,,,,,,,,,,,,,,,,
daily_top1_selection,,,,,,,,,,,,,,,,,,,2025-02-28,518880.SH,518880.SH,黄金,黄金,False,159915.SZ,518880.SH,创业板,黄金,True,,,,,,,,,,,,,,,,,,,,,,,,,,,
daily_top1_selection,,,,,,,,,,,,,,,,,,,2025-03-03,518880.SH,518880.SH,黄金,黄金,False,159915.SZ,518880.SH,创业板,黄金,True,,,,,,,,,,,,,,,,,,,,,,,,,,,
daily_top1_selection,,,,,,,,,,,,,,,,,,,2025-03-04,159915.SZ,518880.SH,创业板,黄金,True,159915.SZ,518880.SH,创业板,黄金,True,,,,,,,,,,,,,,,,,,,,,,,,,,,
daily_top1_selection,,,,,,,,,,,,,,,,,,,2025-03-05,159915.SZ,159915.SZ,创业板,创业板,False,159915.SZ,518880.SH,创业板,黄金,True,,,,,,,,,,,,,,,,,,,,,,,,,,,
daily_top1_selection,,,,,,,,,,,,,,,,,,,2025-03-06,159915.SZ,159915.SZ,创业板,创业板,False,159915.SZ,159915.SZ,创业板,创业板,False,,,,,,,,,,,,,,,,,,,,,,,,,,,
daily_top1_selection,,,,,,,,,,,,,,,,,,,2025-03-07,518880.SH,518880.SH,黄金,黄金,False,159915.SZ,159915.SZ,创业板,创业板,False,,,,,,,,,,,,,,,,,,,,,,,,,,,
daily_top1_selection,,,,,,,,,,,,,,,,,,,2025-03-10,159915.SZ,510300.SH,创业板,沪深300,True,518880.SH,159915.SZ,黄金,创业板,True,,,,,,,,,,,,,,,,,,,,,,,,,,,
daily_top1_selection,,,,,,,,,,,,,,,,,,,2025-03-11,159915.SZ,159915.SZ,创业板,创业板,False,518880.SH,159915.SZ,黄金,创业板,True,,,,,,,,,,,,,,,,,,,,,,,,,,,
daily_top1_selection,,,,,,,,,,,,,,,,,,,2025-03-12,510300.SH,510300.SH,沪深300,沪深300,False,518880.SH,159915.SZ,黄金,创业板,True,,,,,,,,,,,,,,,,,,,,,,,,,,,
daily_top1_selection,,,,,,,,,,,,,,,,,,,2025-03-13,518880.SH,518880.SH,黄金,黄金,False,518880.SH,510300.SH,黄金,沪深300,True,,,,,,,,,,,,,,,,,,,,,,,,,,,
daily_top1_selection,,,,,,,,,,,,,,,,,,,2025-03-14,510300.SH,510300.SH,沪深300,沪深300,False,518880.SH,510300.SH,黄金,沪深300,True,,,,,,,,,,,,,,,,,,,,,,,,,,,
daily_top1_selection,,,,,,,,,,,,,,,,,,,2025-03-17,518880.SH,518880.SH,黄金,黄金,False,510300.SH,510300.SH,沪深300,沪深300,False,,,,,,,,,,,,,,,,,,,,,,,,,,,
daily_top1_selection,,,,,,,,,,,,,,,,,,,2025-03-18,518880.SH,518880.SH,黄金,黄金,False,510300.SH,510300.SH,沪深300,沪深300,False,,,,,,,,,,,,,,,,,,,,,,,,,,,
daily_top1_selection,,,,,,,,,,,,,,,,,,,2025-03-19,518880.SH,518880.SH,黄金,黄金,False,510300.SH,510300.SH,沪深300,沪深300,False,,,,,,,,,,,,,,,,,,,,,,,,,,,
daily_top1_selection,,,,,,,,,,,,,,,,,,,2025-03-20,518880.SH,518880.SH,黄金,黄金,False,510300.SH,518880.SH,沪深300,黄金,True,,,,,,,,,,,,,,,,,,,,,,,,,,,
daily_top1_selection,,,,,,,,,,,,,,,,,,,2025-03-21,518880.SH,518880.SH,黄金,黄金,False,510300.SH,518880.SH,沪深300,黄金,True,,,,,,,,,,,,,,,,,,,,,,,,,,,
daily_top1_selection,,,,,,,,,,,,,,,,,,,2025-03-24,518880.SH,518880.SH,黄金,黄金,False,518880.SH,518880.SH,黄金,黄金,False,,,,,,,,,,,,,,,,,,,,,,,,,,,
daily_top1_selection,,,,,,,,,,,,,,,,,,,2025-03-25,518880.SH,518880.SH,黄金,黄金,False,518880.SH,518880.SH,黄金,黄金,False,,,,,,,,,,,,,,,,,,,,,,,,,,,
daily_top1_selection,,,,,,,,,,,,,,,,,,,2025-03-26,518880.SH,518880.SH,黄金,黄金,False,518880.SH,518880.SH,黄金,黄金,False,,,,,,,,,,,,,,,,,,,,,,,,,,,
daily_top1_selection,,,,,,,,,,,,,,,,,,,2025-03-27,518880.SH,518880.SH,黄金,黄金,False,518880.SH,518880.SH,黄金,黄金,False,,,,,,,,,,,,,,,,,,,,,,,,,,,
daily_top1_selection,,,,,,,,,,,,,,,,,,,2025-03-28,518880.SH,518880.SH,黄金,黄金,False,518880.SH,518880.SH,黄金,黄金,False,,,,,,,,,,,,,,,,,,,,,,,,,,,
daily_top1_selection,,,,,,,,,,,,,,,,,,,2025-03-31,518880.SH,518880.SH,黄金,黄金,False,518880.SH,518880.SH,黄金,黄金,False,,,,,,,,,,,,,,,,,,,,,,,,,,,
daily_top1_selection,,,,,,,,,,,,,,,,,,,2025-04-01,518880.SH,518880.SH,黄金,黄金,False,518880.SH,518880.SH,黄金,黄金,False,,,,,,,,,,,,,,,,,,,,,,,,,,,
daily_top1_selection,,,,,,,,,,,,,,,,,,,2025-04-02,518880.SH,518880.SH,黄金,黄金,False,518880.SH,518880.SH,黄金,黄金,False,,,,,,,,,,,,,,,,,,,,,,,,,,,
daily_top1_selection,,,,,,,,,,,,,,,,,,,2025-04-03,518880.SH,518880.SH,黄金,黄金,False,518880.SH,518880.SH,黄金,黄金,False,,,,,,,,,,,,,,,,,,,,,,,,,,,
daily_top1_selection,,,,,,,,,,,,,,,,,,,2025-04-07,518880.SH,518880.SH,黄金,黄金,False,518880.SH,518880.SH,黄金,黄金,False,,,,,,,,,,,,,,,,,,,,,,,,,,,
daily_top1_selection,,,,,,,,,,,,,,,,,,,2025-04-08,518880.SH,518880.SH,黄金,黄金,False,518880.SH,518880.SH,黄金,黄金,False,,,,,,,,,,,,,,,,,,,,,,,,,,,
daily_top1_selection,,,,,,,,,,,,,,,,,,,2025-04-09,518880.SH,518880.SH,黄金,黄金,False,518880.SH,518880.SH,黄金,黄金,False,,,,,,,,,,,,,,,,,,,,,,,,,,,
daily_top1_selection,,,,,,,,,,,,,,,,,,,2025-04-10,518880.SH,518880.SH,黄金,黄金,False,518880.SH,518880.SH,黄金,黄金,False,,,,,,,,,,,,,,,,,,,,,,,,,,,
daily_top1_selection,,,,,,,,,,,,,,,,,,,2025-04-11,518880.SH,518880.SH,黄金,黄金,False,518880.SH,518880.SH,黄金,黄金,False,,,,,,,,,,,,,,,,,,,,,,,,,,,
daily_top1_selection,,,,,,,,,,,,,,,,,,,2025-04-14,518880.SH,518880.SH,黄金,黄金,False,518880.SH,518880.SH,黄金,黄金,False,,,,,,,,,,,,,,,,,,,,,,,,,,,
daily_top1_selection,,,,,,,,,,,,,,,,,,,2025-04-15,518880.SH,518880.SH,黄金,黄金,False,518880.SH,518880.SH,黄金,黄金,False,,,,,,,,,,,,,,,,,,,,,,,,,,,
daily_top1_selection,,,,,,,,,,,,,,,,,,,2025-04-16,518880.SH,518880.SH,黄金,黄金,False,518880.SH,518880.SH,黄金,黄金,False,,,,,,,,,,,,,,,,,,,,,,,,,,,
daily_top1_selection,,,,,,,,,,,,,,,,,,,2025-04-17,518880.SH,518880.SH,黄金,黄金,False,518880.SH,518880.SH,黄金,黄金,False,,,,,,,,,,,,,,,,,,,,,,,,,,,
daily_top1_selection,,,,,,,,,,,,,,,,,,,2025-04-18,518880.SH,518880.SH,黄金,黄金,False,518880.SH,518880.SH,黄金,黄金,False,,,,,,,,,,,,,,,,,,,,,,,,,,,
daily_top1_selection,,,,,,,,,,,,,,,,,,,2025-04-21,518880.SH,518880.SH,黄金,黄金,False,518880.SH,518880.SH,黄金,黄金,False,,,,,,,,,,,,,,,,,,,,,,,,,,,
daily_top1_selection,,,,,,,,,,,,,,,,,,,2025-04-22,518880.SH,518880.SH,黄金,黄金,False,518880.SH,518880.SH,黄金,黄金,False,,,,,,,,,,,,,,,,,,,,,,,,,,,
daily_top1_selection,,,,,,,,,,,,,,,,,,,2025-04-23,518880.SH,518880.SH,黄金,黄金,False,518880.SH,518880.SH,黄金,黄金,False,,,,,,,,,,,,,,,,,,,,,,,,,,,
daily_top1_selection,,,,,,,,,,,,,,,,,,,2025-04-24,518880.SH,518880.SH,黄金,黄金,False,518880.SH,518880.SH,黄金,黄金,False,,,,,,,,,,,,,,,,,,,,,,,,,,,
daily_top1_selection,,,,,,,,,,,,,,,,,,,2025-04-25,518880.SH,518880.SH,黄金,黄金,False,518880.SH,518880.SH,黄金,黄金,False,,,,,,,,,,,,,,,,,,,,,,,,,,,
daily_top1_selection,,,,,,,,,,,,,,,,,,,2025-04-28,518880.SH,518880.SH,黄金,黄金,False,518880.SH,518880.SH,黄金,黄金,False,,,,,,,,,,,,,,,,,,,,,,,,,,,
daily_top1_selection,,,,,,,,,,,,,,,,,,,2025-04-29,518880.SH,518880.SH,黄金,黄金,False,518880.SH,518880.SH,黄金,黄金,False,,,,,,,,,,,,,,,,,,,,,,,,,,,
daily_top1_selection,,,,,,,,,,,,,,,,,,,2025-04-30,518880.SH,518880.SH,黄金,黄金,False,518880.SH,518880.SH,黄金,黄金,False,,,,,,,,,,,,,,,,,,,,,,,,,,,
daily_top1_selection,,,,,,,,,,,,,,,,,,,2025-05-06,518880.SH,518880.SH,黄金,黄金,False,518880.SH,518880.SH,黄金,黄金,False,,,,,,,,,,,,,,,,,,,,,,,,,,,
daily_top1_selection,,,,,,,,,,,,,,,,,,,2025-05-07,518880.SH,518880.SH,黄金,黄金,False,518880.SH,518880.SH,黄金,黄金,False,,,,,,,,,,,,,,,,,,,,,,,,,,,
daily_top1_selection,,,,,,,,,,,,,,,,,,,2025-05-08,513100.SH,159915.SZ,纳指,创业板,True,518880.SH,518880.SH,黄金,黄金,False,,,,,,,,,,,,,,,,,,,,,,,,,,,
daily_top1_selection,,,,,,,,,,,,,,,,,,,2025-05-09,513100.SH,159915.SZ,纳指,创业板,True,513100.SH,159915.SZ,纳指,创业板,True,,,,,,,,,,,,,,,,,,,,,,,,,,,
daily_top1_selection,,,,,,,,,,,,,,,,,,,2025-05-12,513100.SH,513100.SH,纳指,纳指,False,513100.SH,159915.SZ,纳指,创业板,True,,,,,,,,,,,,,,,,,,,,,,,,,,,
daily_top1_selection,,,,,,,,,,,,,,,,,,,2025-05-13,159915.SZ,159915.SZ,创业板,创业板,False,513100.SH,159915.SZ,纳指,创业板,True,,,,,,,,,,,,,,,,,,,,,,,,,,,
daily_top1_selection,,,,,,,,,,,,,,,,,,,2025-05-14,513100.SH,513100.SH,纳指,纳指,False,513100.SH,159915.SZ,纳指,创业板,True,,,,,,,,,,,,,,,,,,,,,,,,,,,
daily_top1_selection,,,,,,,,,,,,,,,,,,,2025-05-15,513100.SH,513100.SH,纳指,纳指,False,513100.SH,159915.SZ,纳指,创业板,True,,,,,,,,,,,,,,,,,,,,,,,,,,,
daily_top1_selection,,,,,,,,,,,,,,,,,,,2025-05-16,513100.SH,513100.SH,纳指,纳指,False,513100.SH,513100.SH,纳指,纳指,False,,,,,,,,,,,,,,,,,,,,,,,,,,,
daily_top1_selection,,,,,,,,,,,,,,,,,,,2025-05-19,513100.SH,513100.SH,纳指,纳指,False,513100.SH,513100.SH,纳指,纳指,False,,,,,,,,,,,,,,,,,,,,,,,,,,,
daily_top1_selection,,,,,,,,,,,,,,,,,,,2025-05-20,513100.SH,513100.SH,纳指,纳指,False,513100.SH,513100.SH,纳指,纳指,False,,,,,,,,,,,,,,,,,,,,,,,,,,,
daily_top1_selection,,,,,,,,,,,,,,,,,,,2025-05-21,513100.SH,513100.SH,纳指,纳指,False,513100.SH,513100.SH,纳指,纳指,False,,,,,,,,,,,,,,,,,,,,,,,,,,,
daily_top1_selection,,,,,,,,,,,,,,,,,,,2025-05-22,513100.SH,513100.SH,纳指,纳指,False,513100.SH,513100.SH,纳指,纳指,False,,,,,,,,,,,,,,,,,,,,,,,,,,,
daily_top1_selection,,,,,,,,,,,,,,,,,,,2025-05-23,513100.SH,513100.SH,纳指,纳指,False,513100.SH,513100.SH,纳指,纳指,False,,,,,,,,,,,,,,,,,,,,,,,,,,,
daily_top1_selection,,,,,,,,,,,,,,,,,,,2025-05-26,513100.SH,513100.SH,纳指,纳指,False,513100.SH,513100.SH,纳指,纳指,False,,,,,,,,,,,,,,,,,,,,,,,,,,,
daily_top1_selection,,,,,,,,,,,,,,,,,,,2025-05-27,513100.SH,513100.SH,纳指,纳指,False,513100.SH,513100.SH,纳指,纳指,False,,,,,,,,,,,,,,,,,,,,,,,,,,,
daily_top1_selection,,,,,,,,,,,,,,,,,,,2025-05-28,513100.SH,513100.SH,纳指,纳指,False,513100.SH,513100.SH,纳指,纳指,False,,,,,,,,,,,,,,,,,,,,,,,,,,,
daily_top1_selection,,,,,,,,,,,,,,,,,,,2025-05-29,513100.SH,513100.SH,纳指,纳指,False,513100.SH,513100.SH,纳指,纳指,False,,,,,,,,,,,,,,,,,,,,,,,,,,,
daily_top1_selection,,,,,,,,,,,,,,,,,,,2025-05-30,513100.SH,513100.SH,纳指,纳指,False,513100.SH,513100.SH,纳指,纳指,False,,,,,,,,,,,,,,,,,,,,,,,,,,,
daily_top1_selection,,,,,,,,,,,,,,,,,,,2025-06-03,513100.SH,513100.SH,纳指,纳指,False,513100.SH,513100.SH,纳指,纳指,False,,,,,,,,,,,,,,,,,,,,,,,,,,,
daily_top1_selection,,,,,,,,,,,,,,,,,,,2025-06-04,513100.SH,513100.SH,纳指,纳指,False,513100.SH,513100.SH,纳指,纳指,False,,,,,,,,,,,,,,,,,,,,,,,,,,,
daily_top1_selection,,,,,,,,,,,,,,,,,,,2025-06-05,513100.SH,513100.SH,纳指,纳指,False,513100.SH,513100.SH,纳指,纳指,False,,,,,,,,,,,,,,,,,,,,,,,,,,,
daily_top1_selection,,,,,,,,,,,,,,,,,,,2025-06-06,513100.SH,513100.SH,纳指,纳指,False,513100.SH,513100.SH,纳指,纳指,False,,,,,,,,,,,,,,,,,,,,,,,,,,,
daily_top1_selection,,,,,,,,,,,,,,,,,,,2025-06-09,513100.SH,513100.SH,纳指,纳指,False,513100.SH,513100.SH,纳指,纳指,False,,,,,,,,,,,,,,,,,,,,,,,,,,,
daily_top1_selection,,,,,,,,,,,,,,,,,,,2025-06-10,513100.SH,513100.SH,纳指,纳指,False,513100.SH,513100.SH,纳指,纳指,False,,,,,,,,,,,,,,,,,,,,,,,,,,,
daily_top1_selection,,,,,,,,,,,,,,,,,,,2025-06-11,513100.SH,513100.SH,纳指,纳指,False,513100.SH,513100.SH,纳指,纳指,False,,,,,,,,,,,,,,,,,,,,,,,,,,,
daily_top1_selection,,,,,,,,,,,,,,,,,,,2025-06-12,518880.SH,518880.SH,黄金,黄金,False,513100.SH,513100.SH,纳指,纳指,False,,,,,,,,,,,,,,,,,,,,,,,,,,,
daily_top1_selection,,,,,,,,,,,,,,,,,,,2025-06-13,518880.SH,518880.SH,黄金,黄金,False,518880.SH,518880.SH,黄金,黄金,False,,,,,,,,,,,,,,,,,,,,,,,,,,,
daily_top1_selection,,,,,,,,,,,,,,,,,,,2025-06-16,518880.SH,518880.SH,黄金,黄金,False,518880.SH,518880.SH,黄金,黄金,False,,,,,,,,,,,,,,,,,,,,,,,,,,,
daily_top1_selection,,,,,,,,,,,,,,,,,,,2025-06-17,518880.SH,518880.SH,黄金,黄金,False,518880.SH,518880.SH,黄金,黄金,False,,,,,,,,,,,,,,,,,,,,,,,,,,,
daily_top1_selection,,,,,,,,,,,,,,,,,,,2025-06-18,518880.SH,518880.SH,黄金,黄金,False,518880.SH,518880.SH,黄金,黄金,False,,,,,,,,,,,,,,,,,,,,,,,,,,,
daily_top1_selection,,,,,,,,,,,,,,,,,,,2025-06-19,513100.SH,513100.SH,纳指,纳指,False,518880.SH,518880.SH,黄金,黄金,False,,,,,,,,,,,,,,,,,,,,,,,,,,,
daily_top1_selection,,,,,,,,,,,,,,,,,,,2025-06-20,513100.SH,513100.SH,纳指,纳指,False,513100.SH,513100.SH,纳指,纳指,False,,,,,,,,,,,,,,,,,,,,,,,,,,,
daily_top1_selection,,,,,,,,,,,,,,,,,,,2025-06-23,513100.SH,513100.SH,纳指,纳指,False,513100.SH,513100.SH,纳指,纳指,False,,,,,,,,,,,,,,,,,,,,,,,,,,,
daily_top1_selection,,,,,,,,,,,,,,,,,,,2025-06-24,159915.SZ,513100.SH,创业板,纳指,True,513100.SH,513100.SH,纳指,纳指,False,,,,,,,,,,,,,,,,,,,,,,,,,,,
daily_top1_selection,,,,,,,,,,,,,,,,,,,2025-06-25,159915.SZ,159915.SZ,创业板,创业板,False,513100.SH,513100.SH,纳指,纳指,False,,,,,,,,,,,,,,,,,,,,,,,,,,,
daily_top1_selection,,,,,,,,,,,,,,,,,,,2025-06-26,159915.SZ,159915.SZ,创业板,创业板,False,513100.SH,513100.SH,纳指,纳指,False,,,,,,,,,,,,,,,,,,,,,,,,,,,
daily_top1_selection,,,,,,,,,,,,,,,,,,,2025-06-27,159915.SZ,159915.SZ,创业板,创业板,False,159915.SZ,159915.SZ,创业板,创业板,False,,,,,,,,,,,,,,,,,,,,,,,,,,,
daily_top1_selection,,,,,,,,,,,,,,,,,,,2025-06-30,159915.SZ,159915.SZ,创业板,创业板,False,159915.SZ,159915.SZ,创业板,创业板,False,,,,,,,,,,,,,,,,,,,,,,,,,,,
daily_top1_selection,,,,,,,,,,,,,,,,,,,2025-07-01,159915.SZ,159915.SZ,创业板,创业板,False,159915.SZ,159915.SZ,创业板,创业板,False,,,,,,,,,,,,,,,,,,,,,,,,,,,
daily_top1_selection,,,,,,,,,,,,,,,,,,,2025-07-02,159915.SZ,159915.SZ,创业板,创业板,False,159915.SZ,159915.SZ,创业板,创业板,False,,,,,,,,,,,,,,,,,,,,,,,,,,,
daily_top1_selection,,,,,,,,,,,,,,,,,,,2025-07-03,159915.SZ,159915.SZ,创业板,创业板,False,159915.SZ,159915.SZ,创业板,创业板,False,,,,,,,,,,,,,,,,,,,,,,,,,,,
daily_top1_selection,,,,,,,,,,,,,,,,,,,2025-07-04,159915.SZ,513100.SH,创业板,纳指,True,159915.SZ,159915.SZ,创业板,创业板,False,,,,,,,,,,,,,,,,,,,,,,,,,,,
daily_top1_selection,,,,,,,,,,,,,,,,,,,2025-07-07,513100.SH,513100.SH,纳指,纳指,False,159915.SZ,513100.SH,创业板,纳指,True,,,,,,,,,,,,,,,,,,,,,,,,,,,
daily_top1_selection,,,,,,,,,,,,,,,,,,,2025-07-08,159915.SZ,159915.SZ,创业板,创业板,False,513100.SH,513100.SH,纳指,纳指,False,,,,,,,,,,,,,,,,,,,,,,,,,,,
daily_top1_selection,,,,,,,,,,,,,,,,,,,2025-07-09,159915.SZ,159915.SZ,创业板,创业板,False,513100.SH,513100.SH,纳指,纳指,False,,,,,,,,,,,,,,,,,,,,,,,,,,,
daily_top1_selection,,,,,,,,,,,,,,,,,,,2025-07-10,159915.SZ,159915.SZ,创业板,创业板,False,513100.SH,513100.SH,纳指,纳指,False,,,,,,,,,,,,,,,,,,,,,,,,,,,
daily_top1_selection,,,,,,,,,,,,,,,,,,,2025-07-11,159915.SZ,159915.SZ,创业板,创业板,False,513100.SH,513100.SH,纳指,纳指,False,,,,,,,,,,,,,,,,,,,,,,,,,,,
daily_top1_selection,,,,,,,,,,,,,,,,,,,2025-07-14,159915.SZ,159915.SZ,创业板,创业板,False,513100.SH,159915.SZ,纳指,创业板,True,,,,,,,,,,,,,,,,,,,,,,,,,,,
daily_top1_selection,,,,,,,,,,,,,,,,,,,2025-07-15,159915.SZ,159915.SZ,创业板,创业板,False,159915.SZ,159915.SZ,创业板,创业板,False,,,,,,,,,,,,,,,,,,,,,,,,,,,
daily_top1_selection,,,,,,,,,,,,,,,,,,,2025-07-16,159915.SZ,159915.SZ,创业板,创业板,False,159915.SZ,159915.SZ,创业板,创业板,False,,,,,,,,,,,,,,,,,,,,,,,,,,,
daily_top1_selection,,,,,,,,,,,,,,,,,,,2025-07-17,159915.SZ,159915.SZ,创业板,创业板,False,159915.SZ,159915.SZ,创业板,创业板,False,,,,,,,,,,,,,,,,,,,,,,,,,,,
daily_top1_selection,,,,,,,,,,,,,,,,,,,2025-07-18,159915.SZ,159915.SZ,创业板,创业板,False,159915.SZ,159915.SZ,创业板,创业板,False,,,,,,,,,,,,,,,,,,,,,,,,,,,
daily_top1_selection,,,,,,,,,,,,,,,,,,,2025-07-21,159915.SZ,159915.SZ,创业板,创业板,False,159915.SZ,159915.SZ,创业板,创业板,False,,,,,,,,,,,,,,,,,,,,,,,,,,,
daily_top1_selection,,,,,,,,,,,,,,,,,,,2025-07-22,159915.SZ,159915.SZ,创业板,创业板,False,159915.SZ,159915.SZ,创业板,创业板,False,,,,,,,,,,,,,,,,,,,,,,,,,,,
daily_top1_selection,,,,,,,,,,,,,,,,,,,2025-07-23,159915.SZ,159915.SZ,创业板,创业板,False,159915.SZ,159915.SZ,创业板,创业板,False,,,,,,,,,,,,,,,,,,,,,,,,,,,
daily_top1_selection,,,,,,,,,,,,,,,,,,,2025-07-24,159915.SZ,159915.SZ,创业板,创业板,False,159915.SZ,159915.SZ,创业板,创业板,False,,,,,,,,,,,,,,,,,,,,,,,,,,,
daily_top1_selection,,,,,,,,,,,,,,,,,,,2025-07-25,159915.SZ,159915.SZ,创业板,创业板,False,159915.SZ,159915.SZ,创业板,创业板,False,,,,,,,,,,,,,,,,,,,,,,,,,,,
daily_top1_selection,,,,,,,,,,,,,,,,,,,2025-07-28,159915.SZ,159915.SZ,创业板,创业板,False,159915.SZ,159915.SZ,创业板,创业板,False,,,,,,,,,,,,,,,,,,,,,,,,,,,
daily_top1_selection,,,,,,,,,,,,,,,,,,,2025-07-29,159915.SZ,159915.SZ,创业板,创业板,False,159915.SZ,159915.SZ,创业板,创业板,False,,,,,,,,,,,,,,,,,,,,,,,,,,,
daily_top1_selection,,,,,,,,,,,,,,,,,,,2025-07-30,159915.SZ,159915.SZ,创业板,创业板,False,159915.SZ,159915.SZ,创业板,创业板,False,,,,,,,,,,,,,,,,,,,,,,,,,,,
daily_top1_selection,,,,,,,,,,,,,,,,,,,2025-07-31,159915.SZ,159915.SZ,创业板,创业板,False,159915.SZ,159915.SZ,创业板,创业板,False,,,,,,,,,,,,,,,,,,,,,,,,,,,
daily_top1_selection,,,,,,,,,,,,,,,,,,,2025-08-01,159915.SZ,159915.SZ,创业板,创业板,False,159915.SZ,159915.SZ,创业板,创业板,False,,,,,,,,,,,,,,,,,,,,,,,,,,,
daily_top1_selection,,,,,,,,,,,,,,,,,,,2025-08-04,159915.SZ,159915.SZ,创业板,创业板,False,159915.SZ,159915.SZ,创业板,创业板,False,,,,,,,,,,,,,,,,,,,,,,,,,,,
daily_top1_selection,,,,,,,,,,,,,,,,,,,2025-08-05,159915.SZ,159915.SZ,创业板,创业板,False,159915.SZ,159915.SZ,创业板,创业板,False,,,,,,,,,,,,,,,,,,,,,,,,,,,
daily_top1_selection,,,,,,,,,,,,,,,,,,,2025-08-06,159915.SZ,159915.SZ,创业板,创业板,False,159915.SZ,159915.SZ,创业板,创业板,False,,,,,,,,,,,,,,,,,,,,,,,,,,,
daily_top1_selection,,,,,,,,,,,,,,,,,,,2025-08-07,159915.SZ,159915.SZ,创业板,创业板,False,159915.SZ,159915.SZ,创业板,创业板,False,,,,,,,,,,,,,,,,,,,,,,,,,,,
daily_top1_selection,,,,,,,,,,,,,,,,,,,2025-08-08,159915.SZ,159915.SZ,创业板,创业板,False,159915.SZ,159915.SZ,创业板,创业板,False,,,,,,,,,,,,,,,,,,,,,,,,,,,
daily_top1_selection,,,,,,,,,,,,,,,,,,,2025-08-11,159915.SZ,159915.SZ,创业板,创业板,False,159915.SZ,159915.SZ,创业板,创业板,False,,,,,,,,,,,,,,,,,,,,,,,,,,,
daily_top1_selection,,,,,,,,,,,,,,,,,,,2025-08-12,159915.SZ,159915.SZ,创业板,创业板,False,159915.SZ,159915.SZ,创业板,创业板,False,,,,,,,,,,,,,,,,,,,,,,,,,,,
daily_top1_selection,,,,,,,,,,,,,,,,,,,2025-08-13,159915.SZ,159915.SZ,创业板,创业板,False,159915.SZ,159915.SZ,创业板,创业板,False,,,,,,,,,,,,,,,,,,,,,,,,,,,
daily_top1_selection,,,,,,,,,,,,,,,,,,,2025-08-14,159915.SZ,159915.SZ,创业板,创业板,False,159915.SZ,159915.SZ,创业板,创业板,False,,,,,,,,,,,,,,,,,,,,,,,,,,,
daily_top1_selection,,,,,,,,,,,,,,,,,,,2025-08-15,159915.SZ,159915.SZ,创业板,创业板,False,159915.SZ,159915.SZ,创业板,创业板,False,,,,,,,,,,,,,,,,,,,,,,,,,,,
daily_top1_selection,,,,,,,,,,,,,,,,,,,2025-08-18,159915.SZ,159915.SZ,创业板,创业板,False,159915.SZ,159915.SZ,创业板,创业板,False,,,,,,,,,,,,,,,,,,,,,,,,,,,
daily_top1_selection,,,,,,,,,,,,,,,,,,,2025-08-19,159915.SZ,159915.SZ,创业板,创业板,False,159915.SZ,159915.SZ,创业板,创业板,False,,,,,,,,,,,,,,,,,,,,,,,,,,,
daily_top1_selection,,,,,,,,,,,,,,,,,,,2025-08-20,159915.SZ,159915.SZ,创业板,创业板,False,159915.SZ,159915.SZ,创业板,创业板,False,,,,,,,,,,,,,,,,,,,,,,,,,,,
daily_top1_selection,,,,,,,,,,,,,,,,,,,2025-08-21,159915.SZ,159915.SZ,创业板,创业板,False,159915.SZ,159915.SZ,创业板,创业板,False,,,,,,,,,,,,,,,,,,,,,,,,,,,
daily_top1_selection,,,,,,,,,,,,,,,,,,,2025-08-22,159915.SZ,159915.SZ,创业板,创业板,False,159915.SZ,159915.SZ,创业板,创业板,False,,,,,,,,,,,,,,,,,,,,,,,,,,,
daily_top1_selection,,,,,,,,,,,,,,,,,,,2025-08-25,159915.SZ,159915.SZ,创业板,创业板,False,159915.SZ,159915.SZ,创业板,创业板,False,,,,,,,,,,,,,,,,,,,,,,,,,,,
daily_top1_selection,,,,,,,,,,,,,,,,,,,2025-08-26,159915.SZ,159915.SZ,创业板,创业板,False,159915.SZ,159915.SZ,创业板,创业板,False,,,,,,,,,,,,,,,,,,,,,,,,,,,
daily_top1_selection,,,,,,,,,,,,,,,,,,,2025-08-27,159915.SZ,159915.SZ,创业板,创业板,False,159915.SZ,159915.SZ,创业板,创业板,False,,,,,,,,,,,,,,,,,,,,,,,,,,,
daily_top1_selection,,,,,,,,,,,,,,,,,,,2025-08-28,159915.SZ,159915.SZ,创业板,创业板,False,159915.SZ,159915.SZ,创业板,创业板,False,,,,,,,,,,,,,,,,,,,,,,,,,,,
daily_top1_selection,,,,,,,,,,,,,,,,,,,2025-08-29,159915.SZ,159915.SZ,创业板,创业板,False,159915.SZ,159915.SZ,创业板,创业板,False,,,,,,,,,,,,,,,,,,,,,,,,,,,
daily_top1_selection,,,,,,,,,,,,,,,,,,,2025-09-01,159915.SZ,159915.SZ,创业板,创业板,False,159915.SZ,159915.SZ,创业板,创业板,False,,,,,,,,,,,,,,,,,,,,,,,,,,,
daily_top1_selection,,,,,,,,,,,,,,,,,,,2025-09-02,159915.SZ,159915.SZ,创业板,创业板,False,159915.SZ,159915.SZ,创业板,创业板,False,,,,,,,,,,,,,,,,,,,,,,,,,,,
daily_top1_selection,,,,,,,,,,,,,,,,,,,2025-09-03,159915.SZ,159915.SZ,创业板,创业板,False,159915.SZ,159915.SZ,创业板,创业板,False,,,,,,,,,,,,,,,,,,,,,,,,,,,
daily_top1_selection,,,,,,,,,,,,,,,,,,,2025-09-04,159915.SZ,159915.SZ,创业板,创业板,False,159915.SZ,159915.SZ,创业板,创业板,False,,,,,,,,,,,,,,,,,,,,,,,,,,,
daily_top1_selection,,,,,,,,,,,,,,,,,,,2025-09-05,159915.SZ,159915.SZ,创业板,创业板,False,159915.SZ,159915.SZ,创业板,创业板,False,,,,,,,,,,,,,,,,,,,,,,,,,,,
daily_top1_selection,,,,,,,,,,,,,,,,,,,2025-09-08,159915.SZ,159915.SZ,创业板,创业板,False,159915.SZ,159915.SZ,创业板,创业板,False,,,,,,,,,,,,,,,,,,,,,,,,,,,
daily_top1_selection,,,,,,,,,,,,,,,,,,,2025-09-09,159915.SZ,159915.SZ,创业板,创业板,False,159915.SZ,159915.SZ,创业板,创业板,False,,,,,,,,,,,,,,,,,,,,,,,,,,,
daily_top1_selection,,,,,,,,,,,,,,,,,,,2025-09-10,159915.SZ,159915.SZ,创业板,创业板,False,159915.SZ,159915.SZ,创业板,创业板,False,,,,,,,,,,,,,,,,,,,,,,,,,,,
daily_top1_selection,,,,,,,,,,,,,,,,,,,2025-09-11,159915.SZ,159915.SZ,创业板,创业板,False,159915.SZ,159915.SZ,创业板,创业板,False,,,,,,,,,,,,,,,,,,,,,,,,,,,
daily_top1_selection,,,,,,,,,,,,,,,,,,,2025-09-12,159915.SZ,159915.SZ,创业板,创业板,False,159915.SZ,159915.SZ,创业板,创业板,False,,,,,,,,,,,,,,,,,,,,,,,,,,,
daily_top1_selection,,,,,,,,,,,,,,,,,,,2025-09-15,159915.SZ,159915.SZ,创业板,创业板,False,159915.SZ,159915.SZ,创业板,创业板,False,,,,,,,,,,,,,,,,,,,,,,,,,,,
daily_top1_selection,,,,,,,,,,,,,,,,,,,2025-09-16,159915.SZ,159915.SZ,创业板,创业板,False,159915.SZ,159915.SZ,创业板,创业板,False,,,,,,,,,,,,,,,,,,,,,,,,,,,
daily_top1_selection,,,,,,,,,,,,,,,,,,,2025-09-17,159915.SZ,159915.SZ,创业板,创业板,False,159915.SZ,159915.SZ,创业板,创业板,False,,,,,,,,,,,,,,,,,,,,,,,,,,,
daily_top1_selection,,,,,,,,,,,,,,,,,,,2025-09-18,159915.SZ,159915.SZ,创业板,创业板,False,159915.SZ,159915.SZ,创业板,创业板,False,,,,,,,,,,,,,,,,,,,,,,,,,,,
daily_top1_selection,,,,,,,,,,,,,,,,,,,2025-09-19,159915.SZ,159915.SZ,创业板,创业板,False,159915.SZ,159915.SZ,创业板,创业板,False,,,,,,,,,,,,,,,,,,,,,,,,,,,
daily_top1_selection,,,,,,,,,,,,,,,,,,,2025-09-22,159915.SZ,518880.SH,创业板,黄金,True,159915.SZ,159915.SZ,创业板,创业板,False,,,,,,,,,,,,,,,,,,,,,,,,,,,
daily_top1_selection,,,,,,,,,,,,,,,,,,,2025-09-23,159915.SZ,518880.SH,创业板,黄金,True,159915.SZ,518880.SH,创业板,黄金,True,,,,,,,,,,,,,,,,,,,,,,,,,,,
daily_top1_selection,,,,,,,,,,,,,,,,,,,2025-09-24,159915.SZ,159915.SZ,创业板,创业板,False,159915.SZ,518880.SH,创业板,黄金,True,,,,,,,,,,,,,,,,,,,,,,,,,,,
daily_top1_selection,,,,,,,,,,,,,,,,,,,2025-09-25,159915.SZ,159915.SZ,创业板,创业板,False,159915.SZ,518880.SH,创业板,黄金,True,,,,,,,,,,,,,,,,,,,,,,,,,,,
daily_top1_selection,,,,,,,,,,,,,,,,,,,2025-09-26,159915.SZ,518880.SH,创业板,黄金,True,159915.SZ,518880.SH,创业板,黄金,True,,,,,,,,,,,,,,,,,,,,,,,,,,,
daily_top1_selection,,,,,,,,,,,,,,,,,,,2025-09-29,159915.SZ,513100.SH,创业板,纳指,True,159915.SZ,518880.SH,创业板,黄金,True,,,,,,,,,,,,,,,,,,,,,,,,,,,
daily_top1_selection,,,,,,,,,,,,,,,,,,,2025-09-30,159915.SZ,513100.SH,创业板,纳指,True,159915.SZ,513100.SH,创业板,纳指,True,,,,,,,,,,,,,,,,,,,,,,,,,,,
daily_top1_selection,,,,,,,,,,,,,,,,,,,2025-10-09,159915.SZ,518880.SH,创业板,黄金,True,159915.SZ,513100.SH,创业板,纳指,True,,,,,,,,,,,,,,,,,,,,,,,,,,,
daily_top1_selection,,,,,,,,,,,,,,,,,,,2025-10-10,159915.SZ,513100.SH,创业板,纳指,True,159915.SZ,513100.SH,创业板,纳指,True,,,,,,,,,,,,,,,,,,,,,,,,,,,
daily_top1_selection,,,,,,,,,,,,,,,,,,,2025-10-13,518880.SH,518880.SH,黄金,黄金,False,159915.SZ,513100.SH,创业板,纳指,True,,,,,,,,,,,,,,,,,,,,,,,,,,,
daily_top1_selection,,,,,,,,,,,,,,,,,,,2025-10-14,518880.SH,518880.SH,黄金,黄金,False,518880.SH,513100.SH,黄金,纳指,True,,,,,,,,,,,,,,,,,,,,,,,,,,,
daily_top1_selection,,,,,,,,,,,,,,,,,,,2025-10-15,518880.SH,518880.SH,黄金,黄金,False,518880.SH,518880.SH,黄金,黄金,False,,,,,,,,,,,,,,,,,,,,,,,,,,,
daily_top1_selection,,,,,,,,,,,,,,,,,,,2025-10-16,518880.SH,518880.SH,黄金,黄金,False,518880.SH,518880.SH,黄金,黄金,False,,,,,,,,,,,,,,,,,,,,,,,,,,,
daily_top1_selection,,,,,,,,,,,,,,,,,,,2025-10-17,518880.SH,518880.SH,黄金,黄金,False,518880.SH,518880.SH,黄金,黄金,False,,,,,,,,,,,,,,,,,,,,,,,,,,,
daily_top1_selection,,,,,,,,,,,,,,,,,,,2025-10-20,518880.SH,518880.SH,黄金,黄金,False,518880.SH,518880.SH,黄金,黄金,False,,,,,,,,,,,,,,,,,,,,,,,,,,,
daily_top1_selection,,,,,,,,,,,,,,,,,,,2025-10-21,518880.SH,518880.SH,黄金,黄金,False,518880.SH,518880.SH,黄金,黄金,False,,,,,,,,,,,,,,,,,,,,,,,,,,,
daily_top1_selection,,,,,,,,,,,,,,,,,,,2025-10-22,518880.SH,518880.SH,黄金,黄金,False,518880.SH,518880.SH,黄金,黄金,False,,,,,,,,,,,,,,,,,,,,,,,,,,,
daily_top1_selection,,,,,,,,,,,,,,,,,,,2025-10-23,518880.SH,518880.SH,黄金,黄金,False,518880.SH,518880.SH,黄金,黄金,False,,,,,,,,,,,,,,,,,,,,,,,,,,,
daily_top1_selection,,,,,,,,,,,,,,,,,,,2025-10-24,518880.SH,518880.SH,黄金,黄金,False,518880.SH,518880.SH,黄金,黄金,False,,,,,,,,,,,,,,,,,,,,,,,,,,,
daily_top1_selection,,,,,,,,,,,,,,,,,,,2025-10-27,518880.SH,513100.SH,黄金,纳指,True,518880.SH,518880.SH,黄金,黄金,False,,,,,,,,,,,,,,,,,,,,,,,,,,,
daily_top1_selection,,,,,,,,,,,,,,,,,,,2025-10-28,513100.SH,513100.SH,纳指,纳指,False,518880.SH,513100.SH,黄金,纳指,True,,,,,,,,,,,,,,,,,,,,,,,,,,,
daily_top1_selection,,,,,,,,,,,,,,,,,,,2025-10-29,513100.SH,513100.SH,纳指,纳指,False,513100.SH,513100.SH,纳指,纳指,False,,,,,,,,,,,,,,,,,,,,,,,,,,,
daily_top1_selection,,,,,,,,,,,,,,,,,,,2025-10-30,513100.SH,513100.SH,纳指,纳指,False,513100.SH,513100.SH,纳指,纳指,False,,,,,,,,,,,,,,,,,,,,,,,,,,,
daily_top1_selection,,,,,,,,,,,,,,,,,,,2025-10-31,513100.SH,513100.SH,纳指,纳指,False,513100.SH,513100.SH,纳指,纳指,False,,,,,,,,,,,,,,,,,,,,,,,,,,,
daily_top1_selection,,,,,,,,,,,,,,,,,,,2025-11-03,513100.SH,513100.SH,纳指,纳指,False,513100.SH,513100.SH,纳指,纳指,False,,,,,,,,,,,,,,,,,,,,,,,,,,,
daily_top1_selection,,,,,,,,,,,,,,,,,,,2025-11-04,513100.SH,513100.SH,纳指,纳指,False,513100.SH,513100.SH,纳指,纳指,False,,,,,,,,,,,,,,,,,,,,,,,,,,,
daily_top1_selection,,,,,,,,,,,,,,,,,,,2025-11-05,513100.SH,513100.SH,纳指,纳指,False,513100.SH,513100.SH,纳指,纳指,False,,,,,,,,,,,,,,,,,,,,,,,,,,,
daily_top1_selection,,,,,,,,,,,,,,,,,,,2025-11-06,513100.SH,513100.SH,纳指,纳指,False,513100.SH,513100.SH,纳指,纳指,False,,,,,,,,,,,,,,,,,,,,,,,,,,,
daily_top1_selection,,,,,,,,,,,,,,,,,,,2025-11-07,513100.SH,513100.SH,纳指,纳指,False,513100.SH,513100.SH,纳指,纳指,False,,,,,,,,,,,,,,,,,,,,,,,,,,,
daily_top1_selection,,,,,,,,,,,,,,,,,,,2025-11-10,513100.SH,513100.SH,纳指,纳指,False,513100.SH,513100.SH,纳指,纳指,False,,,,,,,,,,,,,,,,,,,,,,,,,,,
daily_top1_selection,,,,,,,,,,,,,,,,,,,2025-11-11,513100.SH,513100.SH,纳指,纳指,False,513100.SH,513100.SH,纳指,纳指,False,,,,,,,,,,,,,,,,,,,,,,,,,,,
daily_top1_selection,,,,,,,,,,,,,,,,,,,2025-11-12,513100.SH,513100.SH,纳指,纳指,False,513100.SH,513100.SH,纳指,纳指,False,,,,,,,,,,,,,,,,,,,,,,,,,,,
daily_top1_selection,,,,,,,,,,,,,,,,,,,2025-11-13,513100.SH,513100.SH,纳指,纳指,False,513100.SH,513100.SH,纳指,纳指,False,,,,,,,,,,,,,,,,,,,,,,,,,,,
daily_top1_selection,,,,,,,,,,,,,,,,,,,2025-11-14,513100.SH,513100.SH,纳指,纳指,False,513100.SH,513100.SH,纳指,纳指,False,,,,,,,,,,,,,,,,,,,,,,,,,,,
daily_top1_selection,,,,,,,,,,,,,,,,,,,2025-11-17,159915.SZ,159915.SZ,创业板,创业板,False,513100.SH,513100.SH,纳指,纳指,False,,,,,,,,,,,,,,,,,,,,,,,,,,,
daily_top1_selection,,,,,,,,,,,,,,,,,,,2025-11-18,159915.SZ,159915.SZ,创业板,创业板,False,159915.SZ,159915.SZ,创业板,创业板,False,,,,,,,,,,,,,,,,,,,,,,,,,,,
daily_top1_selection,,,,,,,,,,,,,,,,,,,2025-11-19,159915.SZ,159915.SZ,创业板,创业板,False,159915.SZ,159915.SZ,创业板,创业板,False,,,,,,,,,,,,,,,,,,,,,,,,,,,
daily_top1_selection,,,,,,,,,,,,,,,,,,,2025-11-20,513100.SH,513100.SH,纳指,纳指,False,159915.SZ,159915.SZ,创业板,创业板,False,,,,,,,,,,,,,,,,,,,,,,,,,,,
daily_top1_selection,,,,,,,,,,,,,,,,,,,2025-11-21,518880.SH,518880.SH,黄金,黄金,False,159915.SZ,159915.SZ,创业板,创业板,False,,,,,,,,,,,,,,,,,,,,,,,,,,,
daily_top1_selection,,,,,,,,,,,,,,,,,,,2025-11-24,518880.SH,518880.SH,黄金,黄金,False,159915.SZ,159915.SZ,创业板,创业板,False,,,,,,,,,,,,,,,,,,,,,,,,,,,
daily_top1_selection,,,,,,,,,,,,,,,,,,,2025-11-25,518880.SH,518880.SH,黄金,黄金,False,518880.SH,518880.SH,黄金,黄金,False,,,,,,,,,,,,,,,,,,,,,,,,,,,
daily_top1_selection,,,,,,,,,,,,,,,,,,,2025-11-26,518880.SH,518880.SH,黄金,黄金,False,518880.SH,518880.SH,黄金,黄金,False,,,,,,,,,,,,,,,,,,,,,,,,,,,
daily_top1_selection,,,,,,,,,,,,,,,,,,,2025-11-27,518880.SH,518880.SH,黄金,黄金,False,518880.SH,518880.SH,黄金,黄金,False,,,,,,,,,,,,,,,,,,,,,,,,,,,
daily_top1_selection,,,,,,,,,,,,,,,,,,,2025-11-28,518880.SH,518880.SH,黄金,黄金,False,518880.SH,518880.SH,黄金,黄金,False,,,,,,,,,,,,,,,,,,,,,,,,,,,
daily_top1_selection,,,,,,,,,,,,,,,,,,,2025-12-01,518880.SH,518880.SH,黄金,黄金,False,518880.SH,518880.SH,黄金,黄金,False,,,,,,,,,,,,,,,,,,,,,,,,,,,
daily_top1_selection,,,,,,,,,,,,,,,,,,,2025-12-02,518880.SH,518880.SH,黄金,黄金,False,518880.SH,518880.SH,黄金,黄金,False,,,,,,,,,,,,,,,,,,,,,,,,,,,
daily_top1_selection,,,,,,,,,,,,,,,,,,,2025-12-03,518880.SH,518880.SH,黄金,黄金,False,518880.SH,518880.SH,黄金,黄金,False,,,,,,,,,,,,,,,,,,,,,,,,,,,
daily_top1_selection,,,,,,,,,,,,,,,,,,,2025-12-04,518880.SH,518880.SH,黄金,黄金,False,518880.SH,518880.SH,黄金,黄金,False,,,,,,,,,,,,,,,,,,,,,,,,,,,
daily_top1_selection,,,,,,,,,,,,,,,,,,,2025-12-05,518880.SH,518880.SH,黄金,黄金,False,518880.SH,518880.SH,黄金,黄金,False,,,,,,,,,,,,,,,,,,,,,,,,,,,
daily_top1_selection,,,,,,,,,,,,,,,,,,,2025-12-08,518880.SH,518880.SH,黄金,黄金,False,518880.SH,518880.SH,黄金,黄金,False,,,,,,,,,,,,,,,,,,,,,,,,,,,
daily_top1_selection,,,,,,,,,,,,,,,,,,,2025-12-09,159915.SZ,159915.SZ,创业板,创业板,False,518880.SH,518880.SH,黄金,黄金,False,,,,,,,,,,,,,,,,,,,,,,,,,,,
daily_top1_selection,,,,,,,,,,,,,,,,,,,2025-12-10,159915.SZ,159915.SZ,创业板,创业板,False,159915.SZ,159915.SZ,创业板,创业板,False,,,,,,,,,,,,,,,,,,,,,,,,,,,
daily_top1_selection,,,,,,,,,,,,,,,,,,,2025-12-11,518880.SH,518880.SH,黄金,黄金,False,159915.SZ,159915.SZ,创业板,创业板,False,,,,,,,,,,,,,,,,,,,,,,,,,,,
daily_top1_selection,,,,,,,,,,,,,,,,,,,2025-12-12,159915.SZ,159915.SZ,创业板,创业板,False,159915.SZ,159915.SZ,创业板,创业板,False,,,,,,,,,,,,,,,,,,,,,,,,,,,
daily_top1_selection,,,,,,,,,,,,,,,,,,,2025-12-15,518880.SH,518880.SH,黄金,黄金,False,159915.SZ,159915.SZ,创业板,创业板,False,,,,,,,,,,,,,,,,,,,,,,,,,,,
daily_top1_selection,,,,,,,,,,,,,,,,,,,2025-12-16,518880.SH,518880.SH,黄金,黄金,False,159915.SZ,159915.SZ,创业板,创业板,False,,,,,,,,,,,,,,,,,,,,,,,,,,,
daily_top1_selection,,,,,,,,,,,,,,,,,,,2025-12-17,518880.SH,518880.SH,黄金,黄金,False,518880.SH,518880.SH,黄金,黄金,False,,,,,,,,,,,,,,,,,,,,,,,,,,,
daily_top1_selection,,,,,,,,,,,,,,,,,,,2025-12-18,518880.SH,518880.SH,黄金,黄金,False,518880.SH,518880.SH,黄金,黄金,False,,,,,,,,,,,,,,,,,,,,,,,,,,,
daily_top1_selection,,,,,,,,,,,,,,,,,,,2025-12-19,159915.SZ,518880.SH,创业板,黄金,True,518880.SH,518880.SH,黄金,黄金,False,,,,,,,,,,,,,,,,,,,,,,,,,,,
daily_top1_selection,,,,,,,,,,,,,,,,,,,2025-12-22,159915.SZ,518880.SH,创业板,黄金,True,518880.SH,518880.SH,黄金,黄金,False,,,,,,,,,,,,,,,,,,,,,,,,,,,
daily_top1_selection,,,,,,,,,,,,,,,,,,,2025-12-23,159915.SZ,518880.SH,创业板,黄金,True,518880.SH,518880.SH,黄金,黄金,False,,,,,,,,,,,,,,,,,,,,,,,,,,,
daily_top1_selection,,,,,,,,,,,,,,,,,,,2025-12-24,518880.SH,518880.SH,黄金,黄金,False,159915.SZ,518880.SH,创业板,黄金,True,,,,,,,,,,,,,,,,,,,,,,,,,,,
daily_top1_selection,,,,,,,,,,,,,,,,,,,2025-12-25,159915.SZ,518880.SH,创业板,黄金,True,159915.SZ,518880.SH,创业板,黄金,True,,,,,,,,,,,,,,,,,,,,,,,,,,,
daily_top1_selection,,,,,,,,,,,,,,,,,,,2025-12-26,518880.SH,518880.SH,黄金,黄金,False,159915.SZ,518880.SH,创业板,黄金,True,,,,,,,,,,,,,,,,,,,,,,,,,,,
daily_top1_selection,,,,,,,,,,,,,,,,,,,2025-12-29,518880.SH,518880.SH,黄金,黄金,False,159915.SZ,518880.SH,创业板,黄金,True,,,,,,,,,,,,,,,,,,,,,,,,,,,
daily_top1_selection,,,,,,,,,,,,,,,,,,,2025-12-30,159915.SZ,159915.SZ,创业板,创业板,False,159915.SZ,518880.SH,创业板,黄金,True,,,,,,,,,,,,,,,,,,,,,,,,,,,
daily_top1_selection,,,,,,,,,,,,,,,,,,,2025-12-31,159915.SZ,159915.SZ,创业板,创业板,False,159915.SZ,159915.SZ,创业板,创业板,False,,,,,,,,,,,,,,,,,,,,,,,,,,,
daily_top1_selection,,,,,,,,,,,,,,,,,,,2026-01-05,159915.SZ,159915.SZ,创业板,创业板,False,159915.SZ,159915.SZ,创业板,创业板,False,,,,,,,,,,,,,,,,,,,,,,,,,,,
daily_top1_selection,,,,,,,,,,,,,,,,,,,2026-01-06,159915.SZ,159915.SZ,创业板,创业板,False,159915.SZ,159915.SZ,创业板,创业板,False,,,,,,,,,,,,,,,,,,,,,,,,,,,
daily_top1_selection,,,,,,,,,,,,,,,,,,,2026-01-07,518880.SH,518880.SH,黄金,黄金,False,159915.SZ,159915.SZ,创业板,创业板,False,,,,,,,,,,,,,,,,,,,,,,,,,,,
daily_top1_selection,,,,,,,,,,,,,,,,,,,2026-01-08,518880.SH,518880.SH,黄金,黄金,False,518880.SH,159915.SZ,黄金,创业板,True,,,,,,,,,,,,,,,,,,,,,,,,,,,
daily_top1_selection,,,,,,,,,,,,,,,,,,,2026-01-09,518880.SH,518880.SH,黄金,黄金,False,518880.SH,518880.SH,黄金,黄金,False,,,,,,,,,,,,,,,,,,,,,,,,,,,
daily_top1_selection,,,,,,,,,,,,,,,,,,,2026-01-12,518880.SH,518880.SH,黄金,黄金,False,518880.SH,518880.SH,黄金,黄金,False,,,,,,,,,,,,,,,,,,,,,,,,,,,
daily_top1_selection,,,,,,,,,,,,,,,,,,,2026-01-13,518880.SH,518880.SH,黄金,黄金,False,518880.SH,518880.SH,黄金,黄金,False,,,,,,,,,,,,,,,,,,,,,,,,,,,
daily_top1_selection,,,,,,,,,,,,,,,,,,,2026-01-14,159915.SZ,518880.SH,创业板,黄金,True,518880.SH,518880.SH,黄金,黄金,False,,,,,,,,,,,,,,,,,,,,,,,,,,,
daily_top1_selection,,,,,,,,,,,,,,,,,,,2026-01-15,159915.SZ,159915.SZ,创业板,创业板,False,159915.SZ,518880.SH,创业板,黄金,True,,,,,,,,,,,,,,,,,,,,,,,,,,,
daily_top1_selection,,,,,,,,,,,,,,,,,,,2026-01-16,518880.SH,518880.SH,黄金,黄金,False,159915.SZ,159915.SZ,创业板,创业板,False,,,,,,,,,,,,,,,,,,,,,,,,,,,
daily_top1_selection,,,,,,,,,,,,,,,,,,,2026-01-19,518880.SH,518880.SH,黄金,黄金,False,159915.SZ,159915.SZ,创业板,创业板,False,,,,,,,,,,,,,,,,,,,,,,,,,,,
daily_top1_selection,,,,,,,,,,,,,,,,,,,2026-01-20,518880.SH,518880.SH,黄金,黄金,False,159915.SZ,159915.SZ,创业板,创业板,False,,,,,,,,,,,,,,,,,,,,,,,,,,,
daily_top1_selection,,,,,,,,,,,,,,,,,,,2026-01-21,518880.SH,518880.SH,黄金,黄金,False,159915.SZ,159915.SZ,创业板,创业板,False,,,,,,,,,,,,,,,,,,,,,,,,,,,
daily_top1_selection,,,,,,,,,,,,,,,,,,,2026-01-22,518880.SH,518880.SH,黄金,黄金,False,518880.SH,159915.SZ,黄金,创业板,True,,,,,,,,,,,,,,,,,,,,,,,,,,,
daily_top1_selection,,,,,,,,,,,,,,,,,,,2026-01-23,518880.SH,518880.SH,黄金,黄金,False,518880.SH,518880.SH,黄金,黄金,False,,,,,,,,,,,,,,,,,,,,,,,,,,,
daily_top1_selection,,,,,,,,,,,,,,,,,,,2026-01-26,518880.SH,518880.SH,黄金,黄金,False,518880.SH,518880.SH,黄金,黄金,False,,,,,,,,,,,,,,,,,,,,,,,,,,,
daily_top1_selection,,,,,,,,,,,,,,,,,,,2026-01-27,518880.SH,518880.SH,黄金,黄金,False,518880.SH,518880.SH,黄金,黄金,False,,,,,,,,,,,,,,,,,,,,,,,,,,,
daily_top1_selection,,,,,,,,,,,,,,,,,,,2026-01-28,518880.SH,518880.SH,黄金,黄金,False,518880.SH,518880.SH,黄金,黄金,False,,,,,,,,,,,,,,,,,,,,,,,,,,,
daily_top1_selection,,,,,,,,,,,,,,,,,,,2026-01-29,518880.SH,518880.SH,黄金,黄金,False,518880.SH,518880.SH,黄金,黄金,False,,,,,,,,,,,,,,,,,,,,,,,,,,,
daily_top1_selection,,,,,,,,,,,,,,,,,,,2026-01-30,518880.SH,518880.SH,黄金,黄金,False,518880.SH,518880.SH,黄金,黄金,False,,,,,,,,,,,,,,,,,,,,,,,,,,,
daily_top1_selection,,,,,,,,,,,,,,,,,,,2026-02-02,518880.SH,518880.SH,黄金,黄金,False,518880.SH,518880.SH,黄金,黄金,False,,,,,,,,,,,,,,,,,,,,,,,,,,,
daily_top1_selection,,,,,,,,,,,,,,,,,,,2026-02-03,518880.SH,518880.SH,黄金,黄金,False,518880.SH,518880.SH,黄金,黄金,False,,,,,,,,,,,,,,,,,,,,,,,,,,,
daily_top1_selection,,,,,,,,,,,,,,,,,,,2026-02-04,518880.SH,518880.SH,黄金,黄金,False,518880.SH,518880.SH,黄金,黄金,False,,,,,,,,,,,,,,,,,,,,,,,,,,,
daily_top1_selection,,,,,,,,,,,,,,,,,,,2026-02-05,518880.SH,518880.SH,黄金,黄金,False,518880.SH,518880.SH,黄金,黄金,False,,,,,,,,,,,,,,,,,,,,,,,,,,,
daily_top1_selection,,,,,,,,,,,,,,,,,,,2026-02-06,518880.SH,518880.SH,黄金,黄金,False,518880.SH,518880.SH,黄金,黄金,False,,,,,,,,,,,,,,,,,,,,,,,,,,,
daily_top1_selection,,,,,,,,,,,,,,,,,,,2026-02-09,518880.SH,518880.SH,黄金,黄金,False,518880.SH,518880.SH,黄金,黄金,False,,,,,,,,,,,,,,,,,,,,,,,,,,,
daily_top1_selection,,,,,,,,,,,,,,,,,,,2026-02-10,518880.SH,518880.SH,黄金,黄金,False,518880.SH,518880.SH,黄金,黄金,False,,,,,,,,,,,,,,,,,,,,,,,,,,,
daily_top1_selection,,,,,,,,,,,,,,,,,,,2026-02-11,518880.SH,518880.SH,黄金,黄金,False,518880.SH,518880.SH,黄金,黄金,False,,,,,,,,,,,,,,,,,,,,,,,,,,,
daily_top1_selection,,,,,,,,,,,,,,,,,,,2026-02-12,518880.SH,518880.SH,黄金,黄金,False,518880.SH,518880.SH,黄金,黄金,False,,,,,,,,,,,,,,,,,,,,,,,,,,,
daily_top1_selection,,,,,,,,,,,,,,,,,,,2026-02-13,518880.SH,518880.SH,黄金,黄金,False,518880.SH,518880.SH,黄金,黄金,False,,,,,,,,,,,,,,,,,,,,,,,,,,,
daily_top1_selection,,,,,,,,,,,,,,,,,,,2026-02-24,518880.SH,518880.SH,黄金,黄金,False,518880.SH,518880.SH,黄金,黄金,False,,,,,,,,,,,,,,,,,,,,,,,,,,,
daily_top1_selection,,,,,,,,,,,,,,,,,,,2026-02-25,518880.SH,518880.SH,黄金,黄金,False,518880.SH,518880.SH,黄金,黄金,False,,,,,,,,,,,,,,,,,,,,,,,,,,,
daily_top1_selection,,,,,,,,,,,,,,,,,,,2026-02-26,518880.SH,518880.SH,黄金,黄金,False,518880.SH,518880.SH,黄金,黄金,False,,,,,,,,,,,,,,,,,,,,,,,,,,,
daily_top1_selection,,,,,,,,,,,,,,,,,,,2026-02-27,518880.SH,518880.SH,黄金,黄金,False,518880.SH,518880.SH,黄金,黄金,False,,,,,,,,,,,,,,,,,,,,,,,,,,,
daily_top1_selection,,,,,,,,,,,,,,,,,,,2026-03-02,518880.SH,518880.SH,黄金,黄金,False,518880.SH,518880.SH,黄金,黄金,False,,,,,,,,,,,,,,,,,,,,,,,,,,,
daily_top1_selection,,,,,,,,,,,,,,,,,,,2026-03-03,518880.SH,518880.SH,黄金,黄金,False,518880.SH,518880.SH,黄金,黄金,False,,,,,,,,,,,,,,,,,,,,,,,,,,,
daily_top1_selection,,,,,,,,,,,,,,,,,,,2026-03-04,518880.SH,518880.SH,黄金,黄金,False,518880.SH,518880.SH,黄金,黄金,False,,,,,,,,,,,,,,,,,,,,,,,,,,,
daily_top1_selection,,,,,,,,,,,,,,,,,,,2026-03-05,510300.SH,510300.SH,沪深300,沪深300,False,518880.SH,518880.SH,黄金,黄金,False,,,,,,,,,,,,,,,,,,,,,,,,,,,
daily_top1_selection,,,,,,,,,,,,,,,,,,,2026-03-06,159915.SZ,159915.SZ,创业板,创业板,False,510300.SH,510300.SH,沪深300,沪深300,False,,,,,,,,,,,,,,,,,,,,,,,,,,,
daily_top1_selection,,,,,,,,,,,,,,,,,,,2026-03-09,518880.SH,518880.SH,黄金,黄金,False,510300.SH,510300.SH,沪深300,沪深300,False,,,,,,,,,,,,,,,,,,,,,,,,,,,
daily_top1_selection,,,,,,,,,,,,,,,,,,,2026-03-10,518880.SH,518880.SH,黄金,黄金,False,510300.SH,510300.SH,沪深300,沪深300,False,,,,,,,,,,,,,,,,,,,,,,,,,,,
daily_top1_selection,,,,,,,,,,,,,,,,,,,2026-03-11,518880.SH,518880.SH,黄金,黄金,False,510300.SH,510300.SH,沪深300,沪深300,False,,,,,,,,,,,,,,,,,,,,,,,,,,,
daily_top1_selection,,,,,,,,,,,,,,,,,,,2026-03-12,518880.SH,518880.SH,黄金,黄金,False,510300.SH,510300.SH,沪深300,沪深300,False,,,,,,,,,,,,,,,,,,,,,,,,,,,
daily_top1_selection,,,,,,,,,,,,,,,,,,,2026-03-13,518880.SH,518880.SH,黄金,黄金,False,518880.SH,518880.SH,黄金,黄金,False,,,,,,,,,,,,,,,,,,,,,,,,,,,
daily_top1_selection,,,,,,,,,,,,,,,,,,,2026-03-16,159915.SZ,159915.SZ,创业板,创业板,False,518880.SH,518880.SH,黄金,黄金,False,,,,,,,,,,,,,,,,,,,,,,,,,,,
daily_top1_selection,,,,,,,,,,,,,,,,,,,2026-03-17,518880.SH,518880.SH,黄金,黄金,False,518880.SH,518880.SH,黄金,黄金,False,,,,,,,,,,,,,,,,,,,,,,,,,,,
daily_top1_selection,,,,,,,,,,,,,,,,,,,2026-03-18,159915.SZ,159915.SZ,创业板,创业板,False,518880.SH,518880.SH,黄金,黄金,False,,,,,,,,,,,,,,,,,,,,,,,,,,,
daily_top1_selection,,,,,,,,,,,,,,,,,,,2026-03-19,159915.SZ,159915.SZ,创业板,创业板,False,518880.SH,518880.SH,黄金,黄金,False,,,,,,,,,,,,,,,,,,,,,,,,,,,
daily_top1_selection,,,,,,,,,,,,,,,,,,,2026-03-20,159915.SZ,159915.SZ,创业板,创业板,False,159915.SZ,159915.SZ,创业板,创业板,False,,,,,,,,,,,,,,,,,,,,,,,,,,,
daily_top1_selection,,,,,,,,,,,,,,,,,,,2026-03-23,159915.SZ,159915.SZ,创业板,创业板,False,159915.SZ,159915.SZ,创业板,创业板,False,,,,,,,,,,,,,,,,,,,,,,,,,,,
daily_top1_selection,,,,,,,,,,,,,,,,,,,2026-03-24,159915.SZ,159915.SZ,创业板,创业板,False,159915.SZ,159915.SZ,创业板,创业板,False,,,,,,,,,,,,,,,,,,,,,,,,,,,
daily_top1_selection,,,,,,,,,,,,,,,,,,,2026-03-25,159915.SZ,159915.SZ,创业板,创业板,False,159915.SZ,159915.SZ,创业板,创业板,False,,,,,,,,,,,,,,,,,,,,,,,,,,,
daily_top1_selection,,,,,,,,,,,,,,,,,,,2026-03-26,159915.SZ,159915.SZ,创业板,创业板,False,159915.SZ,159915.SZ,创业板,创业板,False,,,,,,,,,,,,,,,,,,,,,,,,,,,
daily_top1_selection,,,,,,,,,,,,,,,,,,,2026-03-27,159915.SZ,159915.SZ,创业板,创业板,False,159915.SZ,159915.SZ,创业板,创业板,False,,,,,,,,,,,,,,,,,,,,,,,,,,,
daily_top1_selection,,,,,,,,,,,,,,,,,,,2026-03-30,159915.SZ,159915.SZ,创业板,创业板,False,159915.SZ,159915.SZ,创业板,创业板,False,,,,,,,,,,,,,,,,,,,,,,,,,,,
daily_top1_selection,,,,,,,,,,,,,,,,,,,2026-03-31,159915.SZ,159915.SZ,创业板,创业板,False,159915.SZ,159915.SZ,创业板,创业板,False,,,,,,,,,,,,,,,,,,,,,,,,,,,
daily_top1_selection,,,,,,,,,,,,,,,,,,,2026-04-01,159915.SZ,159915.SZ,创业板,创业板,False,159915.SZ,159915.SZ,创业板,创业板,False,,,,,,,,,,,,,,,,,,,,,,,,,,,
daily_top1_selection,,,,,,,,,,,,,,,,,,,2026-04-02,159915.SZ,159915.SZ,创业板,创业板,False,159915.SZ,159915.SZ,创业板,创业板,False,,,,,,,,,,,,,,,,,,,,,,,,,,,
daily_top1_selection,,,,,,,,,,,,,,,,,,,2026-04-03,159915.SZ,159915.SZ,创业板,创业板,False,159915.SZ,159915.SZ,创业板,创业板,False,,,,,,,,,,,,,,,,,,,,,,,,,,,
daily_top1_selection,,,,,,,,,,,,,,,,,,,2026-04-07,513100.SH,513100.SH,纳指,纳指,False,159915.SZ,159915.SZ,创业板,创业板,False,,,,,,,,,,,,,,,,,,,,,,,,,,,
daily_top1_selection,,,,,,,,,,,,,,,,,,,2026-04-08,513100.SH,513100.SH,纳指,纳指,False,513100.SH,513100.SH,纳指,纳指,False,,,,,,,,,,,,,,,,,,,,,,,,,,,
daily_top1_selection,,,,,,,,,,,,,,,,,,,2026-04-09,513100.SH,513100.SH,纳指,纳指,False,513100.SH,513100.SH,纳指,纳指,False,,,,,,,,,,,,,,,,,,,,,,,,,,,
daily_top1_selection,,,,,,,,,,,,,,,,,,,2026-04-10,159915.SZ,159915.SZ,创业板,创业板,False,513100.SH,513100.SH,纳指,纳指,False,,,,,,,,,,,,,,,,,,,,,,,,,,,
daily_top1_selection,,,,,,,,,,,,,,,,,,,2026-04-13,159915.SZ,159915.SZ,创业板,创业板,False,513100.SH,513100.SH,纳指,纳指,False,,,,,,,,,,,,,,,,,,,,,,,,,,,
daily_top1_selection,,,,,,,,,,,,,,,,,,,2026-04-14,159915.SZ,159915.SZ,创业板,创业板,False,513100.SH,513100.SH,纳指,纳指,False,,,,,,,,,,,,,,,,,,,,,,,,,,,
daily_top1_selection,,,,,,,,,,,,,,,,,,,2026-04-15,159915.SZ,159915.SZ,创业板,创业板,False,159915.SZ,159915.SZ,创业板,创业板,False,,,,,,,,,,,,,,,,,,,,,,,,,,,
daily_top1_selection,,,,,,,,,,,,,,,,,,,2026-04-16,159915.SZ,159915.SZ,创业板,创业板,False,159915.SZ,159915.SZ,创业板,创业板,False,,,,,,,,,,,,,,,,,,,,,,,,,,,
daily_top1_selection,,,,,,,,,,,,,,,,,,,2026-04-17,159915.SZ,159915.SZ,创业板,创业板,False,159915.SZ,159915.SZ,创业板,创业板,False,,,,,,,,,,,,,,,,,,,,,,,,,,,
daily_top1_selection,,,,,,,,,,,,,,,,,,,2026-04-20,159915.SZ,159915.SZ,创业板,创业板,False,159915.SZ,159915.SZ,创业板,创业板,False,,,,,,,,,,,,,,,,,,,,,,,,,,,
daily_top1_selection,,,,,,,,,,,,,,,,,,,2026-04-21,159915.SZ,159915.SZ,创业板,创业板,False,159915.SZ,159915.SZ,创业板,创业板,False,,,,,,,,,,,,,,,,,,,,,,,,,,,
daily_top1_selection,,,,,,,,,,,,,,,,,,,2026-04-22,159915.SZ,159915.SZ,创业板,创业板,False,159915.SZ,159915.SZ,创业板,创业板,False,,,,,,,,,,,,,,,,,,,,,,,,,,,
daily_top1_selection,,,,,,,,,,,,,,,,,,,2026-04-23,159915.SZ,159915.SZ,创业板,创业板,False,159915.SZ,159915.SZ,创业板,创业板,False,,,,,,,,,,,,,,,,,,,,,,,,,,,
daily_top1_selection,,,,,,,,,,,,,,,,,,,2026-04-24,159915.SZ,513100.SH,创业板,纳指,True,159915.SZ,159915.SZ,创业板,创业板,False,,,,,,,,,,,,,,,,,,,,,,,,,,,
daily_top1_selection,,,,,,,,,,,,,,,,,,,2026-04-27,513100.SH,513100.SH,纳指,纳指,False,159915.SZ,513100.SH,创业板,纳指,True,,,,,,,,,,,,,,,,,,,,,,,,,,,
daily_top1_selection,,,,,,,,,,,,,,,,,,,2026-04-28,513100.SH,513100.SH,纳指,纳指,False,513100.SH,513100.SH,纳指,纳指,False,,,,,,,,,,,,,,,,,,,,,,,,,,,
daily_top1_selection,,,,,,,,,,,,,,,,,,,2026-04-29,513100.SH,513100.SH,纳指,纳指,False,513100.SH,513100.SH,纳指,纳指,False,,,,,,,,,,,,,,,,,,,,,,,,,,,
daily_top1_selection,,,,,,,,,,,,,,,,,,,2026-04-30,159915.SZ,513100.SH,创业板,纳指,True,513100.SH,513100.SH,纳指,纳指,False,,,,,,,,,,,,,,,,,,,,,,,,,,,
daily_top1_selection,,,,,,,,,,,,,,,,,,,2026-05-06,159915.SZ,513100.SH,创业板,纳指,True,513100.SH,513100.SH,纳指,纳指,False,,,,,,,,,,,,,,,,,,,,,,,,,,,
daily_top1_selection,,,,,,,,,,,,,,,,,,,2026-05-07,159915.SZ,159915.SZ,创业板,创业板,False,513100.SH,513100.SH,纳指,纳指,False,,,,,,,,,,,,,,,,,,,,,,,,,,,
daily_top1_selection,,,,,,,,,,,,,,,,,,,2026-05-08,159915.SZ,513100.SH,创业板,纳指,True,159915.SZ,159915.SZ,创业板,创业板,False,,,,,,,,,,,,,,,,,,,,,,,,,,,
daily_top1_selection,,,,,,,,,,,,,,,,,,,2026-05-11,159915.SZ,513100.SH,创业板,纳指,True,159915.SZ,159915.SZ,创业板,创业板,False,,,,,,,,,,,,,,,,,,,,,,,,,,,
daily_top1_selection,,,,,,,,,,,,,,,,,,,2026-05-12,159915.SZ,513100.SH,创业板,纳指,True,159915.SZ,159915.SZ,创业板,创业板,False,,,,,,,,,,,,,,,,,,,,,,,,,,,
daily_top1_selection,,,,,,,,,,,,,,,,,,,2026-05-13,159915.SZ,513100.SH,创业板,纳指,True,159915.SZ,159915.SZ,创业板,创业板,False,,,,,,,,,,,,,,,,,,,,,,,,,,,
daily_top1_selection,,,,,,,,,,,,,,,,,,,2026-05-14,513100.SH,513100.SH,纳指,纳指,False,159915.SZ,159915.SZ,创业板,创业板,False,,,,,,,,,,,,,,,,,,,,,,,,,,,
daily_top1_selection,,,,,,,,,,,,,,,,,,,2026-05-15,513100.SH,513100.SH,纳指,纳指,False,513100.SH,513100.SH,纳指,纳指,False,,,,,,,,,,,,,,,,,,,,,,,,,,,
daily_top1_selection,,,,,,,,,,,,,,,,,,,2026-05-18,159915.SZ,513100.SH,创业板,纳指,True,513100.SH,513100.SH,纳指,纳指,False,,,,,,,,,,,,,,,,,,,,,,,,,,,
daily_top1_selection,,,,,,,,,,,,,,,,,,,2026-05-19,159915.SZ,513100.SH,创业板,纳指,True,513100.SH,513100.SH,纳指,纳指,False,,,,,,,,,,,,,,,,,,,,,,,,,,,
daily_top1_selection,,,,,,,,,,,,,,,,,,,2026-05-20,513100.SH,513100.SH,纳指,纳指,False,513100.SH,513100.SH,纳指,纳指,False,,,,,,,,,,,,,,,,,,,,,,,,,,,
daily_top1_selection,,,,,,,,,,,,,,,,,,,2026-05-21,513100.SH,513100.SH,纳指,纳指,False,513100.SH,513100.SH,纳指,纳指,False,,,,,,,,,,,,,,,,,,,,,,,,,,,
daily_top1_selection,,,,,,,,,,,,,,,,,,,2026-05-22,513100.SH,513100.SH,纳指,纳指,False,513100.SH,513100.SH,纳指,纳指,False,,,,,,,,,,,,,,,,,,,,,,,,,,,
daily_top1_selection,,,,,,,,,,,,,,,,,,,2026-05-25,513100.SH,513100.SH,纳指,纳指,False,513100.SH,513100.SH,纳指,纳指,False,,,,,,,,,,,,,,,,,,,,,,,,,,,
daily_top1_selection,,,,,,,,,,,,,,,,,,,2026-05-26,513100.SH,513100.SH,纳指,纳指,False,513100.SH,513100.SH,纳指,纳指,False,,,,,,,,,,,,,,,,,,,,,,,,,,,
daily_top1_selection,,,,,,,,,,,,,,,,,,,2026-05-27,513100.SH,513100.SH,纳指,纳指,False,513100.SH,513100.SH,纳指,纳指,False,,,,,,,,,,,,,,,,,,,,,,,,,,,
daily_top1_selection,,,,,,,,,,,,,,,,,,,2026-05-28,513100.SH,513100.SH,纳指,纳指,False,513100.SH,513100.SH,纳指,纳指,False,,,,,,,,,,,,,,,,,,,,,,,,,,,
daily_top1_selection,,,,,,,,,,,,,,,,,,,2026-05-29,513100.SH,513100.SH,纳指,纳指,False,513100.SH,513100.SH,纳指,纳指,False,,,,,,,,,,,,,,,,,,,,,,,,,,,
daily_top1_selection,,,,,,,,,,,,,,,,,,,2026-06-01,513100.SH,513100.SH,纳指,纳指,False,513100.SH,513100.SH,纳指,纳指,False,,,,,,,,,,,,,,,,,,,,,,,,,,,
daily_top1_selection,,,,,,,,,,,,,,,,,,,2026-06-02,513100.SH,513100.SH,纳指,纳指,False,513100.SH,513100.SH,纳指,纳指,False,,,,,,,,,,,,,,,,,,,,,,,,,,,
daily_top1_selection,,,,,,,,,,,,,,,,,,,2026-06-03,513100.SH,513100.SH,纳指,纳指,False,513100.SH,513100.SH,纳指,纳指,False,,,,,,,,,,,,,,,,,,,,,,,,,,,
daily_top1_selection,,,,,,,,,,,,,,,,,,,2026-06-04,513100.SH,513100.SH,纳指,纳指,False,513100.SH,513100.SH,纳指,纳指,False,,,,,,,,,,,,,,,,,,,,,,,,,,,
divergence_episode,,,,,0.0001,,,,,,,,,,,,,,,,,,,,,,,,,1.0,2014-02-20,2014-02-25,4.0,159915.SZ,518880.SH,创业板,黄金,-0.049136786188579196,0.015531108858517273,0.06466789504709647,0.06466789504709647,10.0,,,,,,,,,,,,,,
divergence_episode,,,,,0.0001,,,,,,,,,,,,,,,,,,,,,,,,,2.0,2014-05-29,2014-06-05,5.0,159915.SZ,513100.SH,创业板,纳指,0.009806442261996784,0.010577705451586539,0.0007712631895897548,0.0007712631895897548,129.0,,,,,,,,,,,,,,
divergence_episode,,,,,0.0001,,,,,,,,,,,,,,,,,,,,,,,,,3.0,2014-06-13,2014-06-13,1.0,159915.SZ,513100.SH,创业板,纳指,0.009089807258204852,-0.005608974358974228,-0.01469878161717908,0.01469878161717908,72.0,,,,,,,,,,,,,,
divergence_episode,,,,,0.0001,,,,,,,,,,,,,,,,,,,,,,,,,4.0,2014-06-20,2014-06-20,1.0,513100.SH,159915.SZ,纳指,创业板,-0.0017707888816536066,0.010844306738962084,0.01261509562061569,0.01261509562061569,83.0,,,,,,,,,,,,,,
divergence_episode,,,,,0.0001,,,,,,,,,,,,,,,,,,,,,,,,,5.0,2014-06-27,2014-07-03,5.0,159915.SZ,513100.SH,创业板,纳指,0.024887534636584663,0.004486645803653655,-0.020400888832931008,0.020400888832931008,56.0,,,,,,,,,,,,,,
divergence_episode,,,,,0.0001,,,,,,,,,,,,,,,,,,,,,,,,,6.0,2014-07-08,2014-07-14,5.0,518880.SH,513100.SH,黄金,纳指,0.004967520061138542,-0.00599427261905916,-0.010961792680197702,0.010961792680197702,90.0,,,,,,,,,,,,,,
divergence_episode,,,,,0.0001,,,,,,,,,,,,,,,,,,,,,,,,,7.0,2014-07-21,2014-07-24,4.0,513100.SH,510300.SH,纳指,沪深300,0.018604651162790642,0.041163562323763836,0.022558911160973194,0.022558911160973194,52.0,,,,,,,,,,,,,,
divergence_episode,,,,,0.0001,,,,,,,,,,,,,,,,,,,,,,,,,8.0,2014-09-04,2014-09-11,5.0,159915.SZ,513100.SH,创业板,纳指,0.022237665045170107,-0.010440314693142438,-0.032677979738312546,0.032677979738312546,33.0,,,,,,,,,,,,,,
divergence_episode,,,,,0.0001,,,,,,,,,,,,,,,,,,,,,,,,,9.0,2014-09-22,2014-09-29,6.0,159915.SZ,510300.SH,创业板,沪深300,-0.015493325706780747,0.01172300837086615,0.027216334077646898,0.027216334077646898,43.0,,,,,,,,,,,,,,
divergence_episode,,,,,0.0001,,,,,,,,,,,,,,,,,,,,,,,,,10.0,2014-11-21,2014-11-21,1.0,510300.SH,513100.SH,沪深300,纳指,0.02029980145059862,0.004373177842565523,-0.015926623608033097,0.015926623608033097,69.0,,,,,,,,,,,,,,
divergence_episode,,,,,0.0001,,,,,,,,,,,,,,,,,,,,,,,,,11.0,2015-01-27,2015-01-27,1.0,159915.SZ,518880.SH,创业板,黄金,-0.006304882860542427,-0.007665772326561959,-0.0013608894660195325,0.0013608894660195325,126.0,,,,,,,,,,,,,,
divergence_episode,,,,,0.0001,,,,,,,,,,,,,,,,,,,,,,,,,12.0,2015-02-26,2015-03-04,5.0,159915.SZ,513100.SH,创业板,纳指,0.0759844703272321,0.011512733791386509,-0.06447173653584559,0.06447173653584559,11.0,,,,,,,,,,,,,,
divergence_episode,,,,,0.0001,,,,,,,,,,,,,,,,,,,,,,,,,13.0,2015-03-31,2015-04-07,5.0,159915.SZ,510300.SH,创业板,沪深300,0.11171910624715009,0.021612430896046586,-0.0901066753511035,0.0901066753511035,7.0,,,,,,,,,,,,,,
divergence_episode,,,,,0.0001,,,,,,,,,,,,,,,,,,,,,,,,,14.0,2015-04-09,2015-04-14,4.0,510300.SH,159915.SZ,沪深300,创业板,0.015330941938380915,0.026503996634413385,0.01117305469603247,0.01117305469603247,89.0,,,,,,,,,,,,,,
divergence_episode,,,,,0.0001,,,,,,,,,,,,,,,,,,,,,,,,,15.0,2015-04-27,2015-05-04,5.0,159915.SZ,510300.SH,创业板,沪深300,0.03673668264016383,0.016424914675767788,-0.020311767964396044,0.020311767964396044,57.0,,,,,,,,,,,,,,
divergence_episode,,,,,0.0001,,,,,,,,,,,,,,,,,,,,,,,,,16.0,2015-05-07,2015-05-11,3.0,510300.SH,159915.SZ,沪深300,创业板,0.030643738977072177,0.11903121209940104,0.08838747312232886,0.08838747312232886,8.0,,,,,,,,,,,,,,
divergence_episode,,,,,0.0001,,,,,,,,,,,,,,,,,,,,,,,,,17.0,2015-06-09,2015-06-15,5.0,159915.SZ,510300.SH,创业板,沪深300,-0.005943956977073284,-0.04326150132960027,-0.03731754435252699,0.03731754435252699,30.0,,,,,,,,,,,,,,
divergence_episode,,,,,0.0001,,,,,,,,,,,,,,,,,,,,,,,,,18.0,2015-06-23,2015-06-23,1.0,510300.SH,513100.SH,沪深300,纳指,0.03541168802954586,0.016314678437196584,-0.01909700959234928,0.01909700959234928,61.0,,,,,,,,,,,,,,
divergence_episode,,,,,0.0001,,,,,,,,,,,,,,,,,,,,,,,,,19.0,2015-07-01,2015-07-06,4.0,518880.SH,513100.SH,黄金,纳指,-0.005746824458496835,-0.018055555555555602,-0.012308731097058767,0.012308731097058767,84.0,,,,,,,,,,,,,,
divergence_episode,,,,,0.0001,,,,,,,,,,,,,,,,,,,,,,,,,20.0,2015-07-09,2015-07-14,4.0,513100.SH,518880.SH,纳指,黄金,0.05161627916803102,0.032647584973166666,-0.018968694194864355,0.018968694194864355,62.0,,,,,,,,,,,,,,
divergence_episode,,,,,0.0001,,,,,,,,,,,,,,,,,,,,,,,,,21.0,2015-11-04,2015-11-10,5.0,159915.SZ,513100.SH,创业板,纳指,0.13188720173535762,-0.002600862722398456,-0.13448806445775607,0.13448806445775607,2.0,,,,,,,,,,,,,,
divergence_episode,,,,,0.0001,,,,,,,,,,,,,,,,,,,,,,,,,22.0,2015-12-17,2015-12-18,2.0,159915.SZ,513100.SH,创业板,纳指,0.030656799052898087,0.0,-0.030656799052898087,0.030656799052898087,38.0,,,,,,,,,,,,,,
divergence_episode,,,,,0.0001,,,,,,,,,,,,,,,,,,,,,,,,,23.0,2015-12-24,2015-12-25,2.0,510300.SH,159915.SZ,沪深300,创业板,-0.0067113056924951175,0.007692307692307665,0.014403613384802783,0.014403613384802783,77.0,,,,,,,,,,,,,,
divergence_episode,,,,,0.0001,,,,,,,,,,,,,,,,,,,,,,,,,24.0,2015-12-31,2016-01-07,5.0,159915.SZ,510300.SH,创业板,沪深300,-0.19818823124263385,-0.05765149006239556,0.1405367411802383,0.1405367411802383,1.0,,,,,,,,,,,,,,
divergence_episode,,,,,0.0001,,,,,,,,,,,,,,,,,,,,,,,,,25.0,2016-03-15,2016-03-23,7.0,510300.SH,513100.SH,沪深300,纳指,0.03735739121439052,-0.003668480674175356,-0.04102587188856588,0.04102587188856588,26.0,,,,,,,,,,,,,,
divergence_episode,,,,,0.0001,,,,,,,,,,,,,,,,,,,,,,,,,26.0,2016-03-25,2016-03-31,5.0,513100.SH,510300.SH,纳指,沪深300,0.006388422115283454,0.012835582308660776,0.0064471601933773215,0.0064471601933773215,104.0,,,,,,,,,,,,,,
divergence_episode,,,,,0.0001,,,,,,,,,,,,,,,,,,,,,,,,,27.0,2016-06-16,2016-06-23,6.0,159915.SZ,513100.SH,创业板,纳指,-0.023477906207121646,-0.00571703906368759,0.017760867143434056,0.017760867143434056,64.0,,,,,,,,,,,,,,
divergence_episode,,,,,0.0001,,,,,,,,,,,,,,,,,,,,,,,,,28.0,2016-08-17,2016-08-17,1.0,510300.SH,513100.SH,沪深300,纳指,-0.0031317267288197836,-0.008225616921269108,-0.005093890192449324,0.005093890192449324,109.0,,,,,,,,,,,,,,
divergence_episode,,,,,0.0001,,,,,,,,,,,,,,,,,,,,,,,,,29.0,2016-08-24,2016-08-30,5.0,513100.SH,510300.SH,纳指,沪深300,-0.0013725518693941119,-0.006768687463213685,-0.005396135593819573,0.005396135593819573,107.0,,,,,,,,,,,,,,
divergence_episode,,,,,0.0001,,,,,,,,,,,,,,,,,,,,,,,,,30.0,2016-09-07,2016-09-08,2.0,159915.SZ,510300.SH,创业板,沪深300,0.0016215544515567615,-0.000881316098707563,-0.0025028705502643245,0.0025028705502643245,121.0,,,,,,,,,,,,,,
divergence_episode,,,,,0.0001,,,,,,,,,,,,,,,,,,,,,,,,,31.0,2016-09-14,2016-09-22,5.0,518880.SH,159915.SZ,黄金,创业板,0.0038478451927199675,0.0182931778028661,0.014445332610146133,0.014445332610146133,75.0,,,,,,,,,,,,,,
divergence_episode,,,,,0.0001,,,,,,,,,,,,,,,,,,,,,,,,,32.0,2016-10-10,2016-10-17,6.0,513100.SH,518880.SH,纳指,黄金,-0.005855170285980482,-0.008691039990002647,-0.0028358697040221648,0.0028358697040221648,118.0,,,,,,,,,,,,,,
divergence_episode,,,,,0.0001,,,,,,,,,,,,,,,,,,,,,,,,,33.0,2016-10-24,2016-10-24,1.0,513100.SH,510300.SH,纳指,沪深300,0.006365740740740922,0.01247652937514343,0.006110788634402509,0.006110788634402509,105.0,,,,,,,,,,,,,,
divergence_episode,,,,,0.0001,,,,,,,,,,,,,,,,,,,,,,,,,34.0,2016-12-07,2016-12-07,1.0,513100.SH,510300.SH,纳指,沪深300,-0.004140294199011185,0.00455451181326505,0.008694806012276235,0.008694806012276235,100.0,,,,,,,,,,,,,,
divergence_episode,,,,,0.0001,,,,,,,,,,,,,,,,,,,,,,,,,35.0,2017-06-02,2017-06-07,4.0,513100.SH,510300.SH,纳指,沪深300,0.011978917105893494,0.021408424334175002,0.009429507228281508,0.009429507228281508,96.0,,,,,,,,,,,,,,
divergence_episode,,,,,0.0001,,,,,,,,,,,,,,,,,,,,,,,,,36.0,2017-08-10,2017-08-16,5.0,510300.SH,518880.SH,沪深300,黄金,-0.007731748099787383,-0.004195669991876372,0.0035360781079110115,0.0035360781079110115,115.0,,,,,,,,,,,,,,
divergence_episode,,,,,0.0001,,,,,,,,,,,,,,,,,,,,,,,,,37.0,2017-09-13,2017-09-13,1.0,159915.SZ,510300.SH,创业板,沪深300,0.002230897936419396,-0.0005015885857154734,-0.0027324865221348693,0.0027324865221348693,120.0,,,,,,,,,,,,,,
divergence_episode,,,,,0.0001,,,,,,,,,,,,,,,,,,,,,,,,,38.0,2017-09-20,2017-09-20,1.0,510300.SH,159915.SZ,沪深300,创业板,0.0046320123520329215,0.006552283479616339,0.0019202711275834172,0.0019202711275834172,124.0,,,,,,,,,,,,,,
divergence_episode,,,,,0.0001,,,,,,,,,,,,,,,,,,,,,,,,,39.0,2017-09-27,2017-09-27,1.0,159915.SZ,513100.SH,创业板,纳指,0.006300114547537206,0.005041758254111128,-0.0012583562934260772,0.0012583562934260772,127.0,,,,,,,,,,,,,,
divergence_episode,,,,,0.0001,,,,,,,,,,,,,,,,,,,,,,,,,40.0,2017-11-13,2017-11-13,1.0,510300.SH,513100.SH,沪深300,纳指,0.0008013857295996463,0.0004553734061929493,-0.00034601232340669696,0.00034601232340669696,131.0,,,,,,,,,,,,,,
divergence_episode,,,,,0.0001,,,,,,,,,,,,,,,,,,,,,,,,,41.0,2018-01-09,2018-01-09,1.0,510300.SH,518880.SH,沪深300,黄金,0.008087535680304514,0.000531528895391542,-0.007556006784912972,0.007556006784912972,103.0,,,,,,,,,,,,,,
divergence_episode,,,,,0.0001,,,,,,,,,,,,,,,,,,,,,,,,,42.0,2018-01-16,2018-01-16,1.0,518880.SH,510300.SH,黄金,沪深300,-0.0007186489399927387,0.00988206330597885,0.010600712245971589,0.010600712245971589,92.0,,,,,,,,,,,,,,
divergence_episode,,,,,0.0001,,,,,,,,,,,,,,,,,,,,,,,,,43.0,2018-02-14,2018-02-27,5.0,518880.SH,159915.SZ,黄金,创业板,0.0018263571656116362,0.057310690532692554,0.05548433336708092,0.05548433336708092,13.0,,,,,,,,,,,,,,
divergence_episode,,,,,0.0001,,,,,,,,,,,,,,,,,,,,,,,,,44.0,2018-03-06,2018-03-06,1.0,159915.SZ,513100.SH,创业板,纳指,0.013027513227513277,0.013227513227513255,0.00019999999999997797,0.00019999999999997797,133.0,,,,,,,,,,,,,,
divergence_episode,,,,,0.0001,,,,,,,,,,,,,,,,,,,,,,,,,45.0,2018-07-18,2018-07-19,2.0,159915.SZ,513100.SH,创业板,纳指,-0.006859586996562195,0.01875732708089095,0.025616914077453146,0.025616914077453146,45.0,,,,,,,,,,,,,,
divergence_episode,,,,,0.0001,,,,,,,,,,,,,,,,,,,,,,,,,46.0,2018-07-25,2018-07-26,2.0,513100.SH,159915.SZ,纳指,创业板,0.008534830117019832,-0.009683666881859287,-0.01821849699887912,0.01821849699887912,63.0,,,,,,,,,,,,,,
divergence_episode,,,,,0.0001,,,,,,,,,,,,,,,,,,,,,,,,,47.0,2018-08-01,2018-08-07,5.0,510300.SH,513100.SH,沪深300,纳指,-0.03991835367480123,0.0657894736842104,0.10570782735901163,0.10570782735901163,5.0,,,,,,,,,,,,,,
divergence_episode,,,,,0.0001,,,,,,,,,,,,,,,,,,,,,,,,,48.0,2018-09-21,2018-09-28,5.0,513100.SH,518880.SH,纳指,黄金,0.021650972151934678,-0.0004925996954101564,-0.022143571847344834,0.022143571847344834,53.0,,,,,,,,,,,,,,
divergence_episode,,,,,0.0001,,,,,,,,,,,,,,,,,,,,,,,,,49.0,2018-10-09,2018-10-12,4.0,518880.SH,510300.SH,黄金,沪深300,0.02116974087452972,-0.03232565100269358,-0.0534953918772233,0.0534953918772233,16.0,,,,,,,,,,,,,,
divergence_episode,,,,,0.0001,,,,,,,,,,,,,,,,,,,,,,,,,50.0,2018-12-10,2018-12-14,5.0,159915.SZ,518880.SH,创业板,黄金,-0.009562209749074069,0.0025566106647187947,0.012118820413792863,0.012118820413792863,86.0,,,,,,,,,,,,,,
divergence_episode,,,,,0.0001,,,,,,,,,,,,,,,,,,,,,,,,,51.0,2019-03-27,2019-04-02,5.0,159915.SZ,513100.SH,创业板,纳指,0.08097686375321311,0.024912968793376233,-0.05606389495983688,0.05606389495983688,12.0,,,,,,,,,,,,,,
divergence_episode,,,,,0.0001,,,,,,,,,,,,,,,,,,,,,,,,,52.0,2019-04-09,2019-04-10,2.0,513100.SH,510300.SH,纳指,沪深300,0.0,0.009920842689746578,0.009920842689746578,0.009920842689746578,94.0,,,,,,,,,,,,,,
divergence_episode,,,,,0.0001,,,,,,,,,,,,,,,,,,,,,,,,,53.0,2019-04-16,2019-04-22,5.0,510300.SH,513100.SH,沪深300,纳指,0.015163002274450443,-0.0005239338152680517,-0.015686936089718495,0.015686936089718495,70.0,,,,,,,,,,,,,,
divergence_episode,,,,,0.0001,,,,,,,,,,,,,,,,,,,,,,,,,54.0,2019-04-26,2019-04-29,2.0,513100.SH,510300.SH,纳指,沪深300,0.01499770470149886,-0.009916094584286772,-0.02491379928578563,0.02491379928578563,46.0,,,,,,,,,,,,,,
divergence_episode,,,,,0.0001,,,,,,,,,,,,,,,,,,,,,,,,,55.0,2019-07-17,2019-07-23,5.0,159915.SZ,513100.SH,创业板,纳指,-0.0070770411885322515,-0.00267012435259506,0.004406916835937191,0.004406916835937191,110.0,,,,,,,,,,,,,,
divergence_episode,,,,,0.0001,,,,,,,,,,,,,,,,,,,,,,,,,56.0,2019-07-30,2019-08-08,8.0,513100.SH,518880.SH,纳指,黄金,-0.03608878101506352,0.07446855578241718,0.1105573367974807,0.1105573367974807,4.0,,,,,,,,,,,,,,
divergence_episode,,,,,0.0001,,,,,,,,,,,,,,,,,,,,,,,,,57.0,2019-12-18,2019-12-24,5.0,159915.SZ,513100.SH,创业板,纳指,-0.019562715765247374,0.005070179430501476,0.02463289519574885,0.02463289519574885,47.0,,,,,,,,,,,,,,
divergence_episode,,,,,0.0001,,,,,,,,,,,,,,,,,,,,,,,,,58.0,2020-01-02,2020-01-08,5.0,159915.SZ,510300.SH,创业板,沪深300,0.03583815028901727,0.0058488839659225356,-0.029989266323094732,0.029989266323094732,40.0,,,,,,,,,,,,,,
divergence_episode,,,,,0.0001,,,,,,,,,,,,,,,,,,,,,,,,,59.0,2020-02-20,2020-02-20,1.0,513100.SH,159915.SZ,纳指,创业板,0.005527770465912019,0.037582672401665906,0.03205490193575389,0.03205490193575389,35.0,,,,,,,,,,,,,,
divergence_episode,,,,,0.0001,,,,,,,,,,,,,,,,,,,,,,,,,60.0,2020-02-27,2020-03-04,5.0,159915.SZ,518880.SH,创业板,黄金,-0.006660323501426868,-0.010438292294171814,-0.0037779687927449457,0.0037779687927449457,113.0,,,,,,,,,,,,,,
divergence_episode,,,,,0.0001,,,,,,,,,,,,,,,,,,,,,,,,,61.0,2020-03-10,2020-03-11,2.0,518880.SH,159915.SZ,黄金,创业板,0.001562926221967409,0.005464480874317168,0.003901554652349759,0.003901554652349759,112.0,,,,,,,,,,,,,,
divergence_episode,,,,,0.0001,,,,,,,,,,,,,,,,,,,,,,,,,62.0,2020-04-22,2020-04-29,6.0,513100.SH,518880.SH,纳指,黄金,0.1320478475943172,0.004380542839122814,-0.1276673047551944,0.1276673047551944,3.0,,,,,,,,,,,,,,
divergence_episode,,,,,0.0001,,,,,,,,,,,,,,,,,,,,,,,,,63.0,2020-07-27,2020-08-10,11.0,159915.SZ,518880.SH,创业板,黄金,0.016033244036295136,0.046851781473125076,0.03081853743682994,0.03081853743682994,37.0,,,,,,,,,,,,,,
divergence_episode,,,,,0.0001,,,,,,,,,,,,,,,,,,,,,,,,,64.0,2020-08-13,2020-08-17,3.0,518880.SH,513100.SH,黄金,纳指,0.03509651541739767,0.010647995499806218,-0.02444851991759145,0.02444851991759145,48.0,,,,,,,,,,,,,,
divergence_episode,,,,,0.0001,,,,,,,,,,,,,,,,,,,,,,,,,65.0,2020-09-25,2020-09-28,2.0,510300.SH,513100.SH,沪深300,纳指,0.014275555572710763,0.00870341441642486,-0.0055721411562859036,0.0055721411562859036,106.0,,,,,,,,,,,,,,
divergence_episode,,,,,0.0001,,,,,,,,,,,,,,,,,,,,,,,,,66.0,2020-10-12,2020-10-16,5.0,518880.SH,510300.SH,黄金,沪深300,-0.008221063272400353,0.013191626477803142,0.021412689750203495,0.021412689750203495,55.0,,,,,,,,,,,,,,
divergence_episode,,,,,0.0001,,,,,,,,,,,,,,,,,,,,,,,,,67.0,2020-12-29,2020-12-29,1.0,159915.SZ,518880.SH,创业板,黄金,-0.010200364298724951,-0.008448642391433725,0.001751721907291226,0.001751721907291226,125.0,,,,,,,,,,,,,,
divergence_episode,,,,,0.0001,,,,,,,,,,,,,,,,,,,,,,,,,68.0,2021-01-06,2021-01-06,1.0,518880.SH,159915.SZ,黄金,创业板,0.0028061224489797088,0.0036089285714289154,0.0008028061224492067,0.0008028061224492067,128.0,,,,,,,,,,,,,,
divergence_episode,,,,,0.0001,,,,,,,,,,,,,,,,,,,,,,,,,69.0,2021-01-14,2021-01-19,4.0,159915.SZ,510300.SH,创业板,沪深300,-0.01619834710743806,-0.02910439344448079,-0.012906046337042731,0.012906046337042731,81.0,,,,,,,,,,,,,,
divergence_episode,,,,,0.0001,,,,,,,,,,,,,,,,,,,,,,,,,70.0,2021-01-21,2021-01-26,4.0,510300.SH,159915.SZ,沪深300,创业板,0.007863935625457286,0.01837923339222347,0.010515297766766185,0.010515297766766185,93.0,,,,,,,,,,,,,,
divergence_episode,,,,,0.0001,,,,,,,,,,,,,,,,,,,,,,,,,71.0,2021-02-02,2021-02-08,5.0,159915.SZ,510300.SH,创业板,沪深300,0.029529428569949445,0.026532843760687097,-0.002996584809262348,0.002996584809262348,117.0,,,,,,,,,,,,,,
divergence_episode,,,,,0.0001,,,,,,,,,,,,,,,,,,,,,,,,,72.0,2021-02-18,2021-02-24,5.0,159915.SZ,513100.SH,创业板,纳指,-0.1403687114629829,-0.04700197671864692,0.09336673474433599,0.09336673474433599,6.0,,,,,,,,,,,,,,
divergence_episode,,,,,0.0001,,,,,,,,,,,,,,,,,,,,,,,,,73.0,2021-03-01,2021-03-03,3.0,513100.SH,510300.SH,纳指,沪深300,0.03061705134243975,0.028403706013168106,-0.002213345329271643,0.002213345329271643,122.0,,,,,,,,,,,,,,
divergence_episode,,,,,0.0001,,,,,,,,,,,,,,,,,,,,,,,,,74.0,2021-03-09,2021-03-10,2.0,510300.SH,513100.SH,沪深300,纳指,-0.015748031496063186,0.029159957610412235,0.04490798910647542,0.04490798910647542,21.0,,,,,,,,,,,,,,
divergence_episode,,,,,0.0001,,,,,,,,,,,,,,,,,,,,,,,,,75.0,2021-03-16,2021-03-18,3.0,513100.SH,518880.SH,纳指,黄金,0.024849047840223015,0.02140919553738696,-0.003439852302836055,0.003439852302836055,116.0,,,,,,,,,,,,,,
divergence_episode,,,,,0.0001,,,,,,,,,,,,,,,,,,,,,,,,,76.0,2021-03-24,2021-03-26,3.0,518880.SH,513100.SH,黄金,纳指,-0.0016736401673641543,-0.010714179722774109,-0.009040539555409954,0.009040539555409954,97.0,,,,,,,,,,,,,,
divergence_episode,,,,,0.0001,,,,,,,,,,,,,,,,,,,,,,,,,77.0,2021-03-31,2021-04-07,5.0,513100.SH,518880.SH,纳指,黄金,0.049411221426922,0.031973729236425275,-0.01743749219049673,0.01743749219049673,65.0,,,,,,,,,,,,,,
divergence_episode,,,,,0.0001,,,,,,,,,,,,,,,,,,,,,,,,,78.0,2021-05-24,2021-05-28,5.0,159915.SZ,518880.SH,创业板,黄金,0.036188579017264466,-0.010241091936550317,-0.04642967095381478,0.04642967095381478,20.0,,,,,,,,,,,,,,
divergence_episode,,,,,0.0001,,,,,,,,,,,,,,,,,,,,,,,,,79.0,2021-06-16,2021-06-16,1.0,159915.SZ,513100.SH,创业板,纳指,-0.041521394611727325,-0.0016340675543077277,0.0398873270574196,0.0398873270574196,28.0,,,,,,,,,,,,,,
divergence_episode,,,,,0.0001,,,,,,,,,,,,,,,,,,,,,,,,,80.0,2021-07-14,2021-07-21,6.0,159915.SZ,513100.SH,创业板,纳指,0.013730091699045044,-0.009514170040485936,-0.02324426173953098,0.02324426173953098,49.0,,,,,,,,,,,,,,
divergence_episode,,,,,0.0001,,,,,,,,,,,,,,,,,,,,,,,,,81.0,2021-07-26,2021-08-04,8.0,513100.SH,159915.SZ,纳指,创业板,0.01670806777766365,-0.03848450659871283,-0.05519257437637648,0.05519257437637648,14.0,,,,,,,,,,,,,,
divergence_episode,,,,,0.0001,,,,,,,,,,,,,,,,,,,,,,,,,82.0,2021-08-09,2021-08-11,3.0,513100.SH,159915.SZ,纳指,创业板,-0.008952505627441654,-0.01772002362669811,-0.008767517999256458,0.008767517999256458,98.0,,,,,,,,,,,,,,
divergence_episode,,,,,0.0001,,,,,,,,,,,,,,,,,,,,,,,,,83.0,2021-10-08,2021-10-11,2.0,159915.SZ,510300.SH,创业板,沪深300,-0.014720424494760187,0.01418439716312081,0.028904821657880997,0.028904821657880997,41.0,,,,,,,,,,,,,,
divergence_episode,,,,,0.0001,,,,,,,,,,,,,,,,,,,,,,,,,84.0,2021-12-30,2022-01-06,5.0,513100.SH,518880.SH,纳指,黄金,-0.04311261942057221,-0.001306026900071533,0.041806592520500674,0.041806592520500674,25.0,,,,,,,,,,,,,,
divergence_episode,,,,,0.0001,,,,,,,,,,,,,,,,,,,,,,,,,85.0,2022-05-19,2022-05-20,2.0,518880.SH,159915.SZ,黄金,创业板,0.009384775808133572,0.044935851562635465,0.03555107575450189,0.03555107575450189,32.0,,,,,,,,,,,,,,
divergence_episode,,,,,0.0001,,,,,,,,,,,,,,,,,,,,,,,,,86.0,2022-08-25,2022-08-29,3.0,513100.SH,518880.SH,纳指,黄金,-0.021158129175946616,-0.004260440222315309,0.016897688953631307,0.016897688953631307,67.0,,,,,,,,,,,,,,
divergence_episode,,,,,0.0001,,,,,,,,,,,,,,,,,,,,,,,,,87.0,2022-09-01,2022-09-07,5.0,518880.SH,510300.SH,黄金,沪深300,0.00026609898882390404,-0.008437217887346637,-0.008703316876170542,0.008703316876170542,99.0,,,,,,,,,,,,,,
divergence_episode,,,,,0.0001,,,,,,,,,,,,,,,,,,,,,,,,,88.0,2022-11-01,2022-11-07,5.0,513100.SH,518880.SH,纳指,黄金,-0.038854181667864696,0.030468059592618557,0.06932224126048325,0.06932224126048325,9.0,,,,,,,,,,,,,,
divergence_episode,,,,,0.0001,,,,,,,,,,,,,,,,,,,,,,,,,89.0,2022-11-11,2022-11-25,11.0,159915.SZ,518880.SH,创业板,黄金,0.0037817415442282787,0.04400311640455801,0.04022137486032973,0.04022137486032973,27.0,,,,,,,,,,,,,,
divergence_episode,,,,,0.0001,,,,,,,,,,,,,,,,,,,,,,,,,90.0,2022-12-02,2022-12-09,6.0,513100.SH,510300.SH,纳指,沪深300,-0.02119086343799692,-0.006787143059490353,0.014403720378506568,0.014403720378506568,76.0,,,,,,,,,,,,,,
divergence_episode,,,,,0.0001,,,,,,,,,,,,,,,,,,,,,,,,,91.0,2022-12-22,2023-01-04,9.0,510300.SH,518880.SH,沪深300,黄金,0.006727451288607078,0.00949143968843047,0.0027639883998233916,0.0027639883998233916,119.0,,,,,,,,,,,,,,
divergence_episode,,,,,0.0001,,,,,,,,,,,,,,,,,,,,,,,,,92.0,2023-01-12,2023-01-12,1.0,159915.SZ,518880.SH,创业板,黄金,-0.003599754472023653,-0.0014906832298137163,0.0021090712422099367,0.0021090712422099367,123.0,,,,,,,,,,,,,,
divergence_episode,,,,,0.0001,,,,,,,,,,,,,,,,,,,,,,,,,93.0,2023-02-07,2023-02-08,2.0,159915.SZ,513100.SH,创业板,纳指,-0.008508914100486153,0.019570522097084764,0.028079436197570917,0.028079436197570917,42.0,,,,,,,,,,,,,,
divergence_episode,,,,,0.0001,,,,,,,,,,,,,,,,,,,,,,,,,94.0,2023-03-23,2023-03-29,5.0,513100.SH,518880.SH,纳指,黄金,0.020900682258246706,0.00402557423632488,-0.016875108021921825,0.016875108021921825,68.0,,,,,,,,,,,,,,
divergence_episode,,,,,0.0001,,,,,,,,,,,,,,,,,,,,,,,,,95.0,2023-03-31,2023-04-07,5.0,518880.SH,513100.SH,黄金,纳指,0.018832391713747842,0.005294556763454361,-0.013537834950293481,0.013537834950293481,79.0,,,,,,,,,,,,,,
divergence_episode,,,,,0.0001,,,,,,,,,,,,,,,,,,,,,,,,,96.0,2023-04-11,2023-04-17,5.0,513100.SH,518880.SH,纳指,黄金,-0.0022247112824256288,0.006386945575913572,0.0086116568583392,0.0086116568583392,101.0,,,,,,,,,,,,,,
divergence_episode,,,,,0.0001,,,,,,,,,,,,,,,,,,,,,,,,,97.0,2023-04-24,2023-04-24,1.0,159915.SZ,513100.SH,创业板,纳指,-0.01542529748788013,-0.0032821472324746637,0.012143150255405466,0.012143150255405466,85.0,,,,,,,,,,,,,,
divergence_episode,,,,,0.0001,,,,,,,,,,,,,,,,,,,,,,,,,98.0,2023-07-14,2023-07-20,5.0,159915.SZ,513100.SH,创业板,纳指,-0.027807736023703344,0.025939177101967914,0.05374691312567126,0.05374691312567126,15.0,,,,,,,,,,,,,,
divergence_episode,,,,,0.0001,,,,,,,,,,,,,,,,,,,,,,,,,99.0,2023-07-24,2023-07-28,5.0,513100.SH,518880.SH,纳指,黄金,0.005319148936170359,-0.014044810694172405,-0.019363959630342764,0.019363959630342764,60.0,,,,,,,,,,,,,,
divergence_episode,,,,,0.0001,,,,,,,,,,,,,,,,,,,,,,,,,100.0,2023-08-21,2023-08-25,5.0,518880.SH,510300.SH,黄金,沪深300,0.00610721556209004,-0.015329026499637077,-0.021436242061727118,0.021436242061727118,54.0,,,,,,,,,,,,,,
divergence_episode,,,,,0.0001,,,,,,,,,,,,,,,,,,,,,,,,,101.0,2023-09-07,2023-09-13,5.0,513100.SH,518880.SH,纳指,黄金,-0.008114509081263654,0.011542730299667125,0.01965723938093078,0.01965723938093078,59.0,,,,,,,,,,,,,,
divergence_episode,,,,,0.0001,,,,,,,,,,,,,,,,,,,,,,,,,102.0,2023-09-18,2023-09-22,5.0,518880.SH,513100.SH,黄金,纳指,0.0028583992963941984,-0.02930490802730512,-0.03216330732369932,0.03216330732369932,34.0,,,,,,,,,,,,,,
divergence_episode,,,,,0.0001,,,,,,,,,,,,,,,,,,,,,,,,,103.0,2023-11-14,2023-11-20,5.0,159915.SZ,513100.SH,创业板,纳指,-0.005239598159940795,0.006841724767350232,0.012081322927291027,0.012081322927291027,87.0,,,,,,,,,,,,,,
divergence_episode,,,,,0.0001,,,,,,,,,,,,,,,,,,,,,,,,,104.0,2023-11-22,2023-11-27,4.0,513100.SH,159915.SZ,纳指,创业板,-0.0017406910937571851,-0.02744691869497695,-0.025706227601219767,0.025706227601219767,44.0,,,,,,,,,,,,,,
divergence_episode,,,,,0.0001,,,,,,,,,,,,,,,,,,,,,,,,,105.0,2024-01-11,2024-01-16,4.0,513100.SH,518880.SH,纳指,黄金,0.00496277915632759,0.019535024663573708,0.014572245507246118,0.014572245507246118,73.0,,,,,,,,,,,,,,
divergence_episode,,,,,0.0001,,,,,,,,,,,,,,,,,,,,,,,,,106.0,2024-01-22,2024-01-23,2.0,518880.SH,513100.SH,黄金,纳指,-0.002369157872065597,0.002024602679986609,0.004393760552052206,0.004393760552052206,111.0,,,,,,,,,,,,,,
divergence_episode,,,,,0.0001,,,,,,,,,,,,,,,,,,,,,,,,,107.0,2024-03-04,2024-03-04,1.0,159915.SZ,510300.SH,创业板,沪深300,0.004300622334705739,-0.0008498583569405138,-0.005150480691646253,0.005150480691646253,108.0,,,,,,,,,,,,,,
divergence_episode,,,,,0.0001,,,,,,,,,,,,,,,,,,,,,,,,,108.0,2024-03-22,2024-03-22,1.0,159915.SZ,518880.SH,创业板,黄金,-0.015709642470205898,-0.0012192028781413677,0.01449043959206453,0.01449043959206453,74.0,,,,,,,,,,,,,,
divergence_episode,,,,,0.0001,,,,,,,,,,,,,,,,,,,,,,,,,109.0,2024-05-07,2024-05-20,10.0,518880.SH,510300.SH,黄金,沪深300,-0.008109600835399688,0.015114548859833654,0.023224149695233343,0.023224149695233343,50.0,,,,,,,,,,,,,,
divergence_episode,,,,,0.0001,,,,,,,,,,,,,,,,,,,,,,,,,110.0,2024-07-15,2024-07-17,3.0,513100.SH,518880.SH,纳指,黄金,0.020107238605898248,0.031450330366020296,0.011343091760122048,0.011343091760122048,88.0,,,,,,,,,,,,,,
divergence_episode,,,,,0.0001,,,,,,,,,,,,,,,,,,,,,,,,,111.0,2024-07-22,2024-07-26,5.0,518880.SH,510300.SH,黄金,沪深300,-0.013824884792626668,-0.033496170316874796,-0.019671285524248128,0.019671285524248128,58.0,,,,,,,,,,,,,,
divergence_episode,,,,,0.0001,,,,,,,,,,,,,,,,,,,,,,,,,112.0,2024-08-22,2024-08-28,5.0,513100.SH,518880.SH,纳指,黄金,-0.024245386603876984,-0.0016254289326349536,0.02261995767124203,0.02261995767124203,51.0,,,,,,,,,,,,,,
divergence_episode,,,,,0.0001,,,,,,,,,,,,,,,,,,,,,,,,,113.0,2024-09-02,2024-09-05,4.0,518880.SH,513100.SH,黄金,纳指,-0.003621876131836399,-0.05140580042575438,-0.04778392429391798,0.04778392429391798,18.0,,,,,,,,,,,,,,
divergence_episode,,,,,0.0001,,,,,,,,,,,,,,,,,,,,,,,,,114.0,2024-09-09,2024-09-12,4.0,513100.SH,518880.SH,纳指,黄金,0.035714285714285365,-0.008719901778689088,-0.04443418749297445,0.04443418749297445,22.0,,,,,,,,,,,,,,
divergence_episode,,,,,0.0001,,,,,,,,,,,,,,,,,,,,,,,,,115.0,2024-09-25,2024-09-25,1.0,159915.SZ,518880.SH,创业板,黄金,-0.0022787589429028587,0.007547832192382087,0.009826591135284946,0.009826591135284946,95.0,,,,,,,,,,,,,,
divergence_episode,,,,,0.0001,,,,,,,,,,,,,,,,,,,,,,,,,116.0,2024-11-04,2024-11-04,1.0,159915.SZ,518880.SH,创业板,黄金,0.02927063339731273,-0.00247015027791353,-0.03174078367522626,0.03174078367522626,36.0,,,,,,,,,,,,,,
divergence_episode,,,,,0.0001,,,,,,,,,,,,,,,,,,,,,,,,,117.0,2024-11-11,2024-11-11,1.0,518880.SH,159915.SZ,黄金,创业板,0.0011868429976265027,0.04433102746693818,0.043144184469311675,0.043144184469311675,24.0,,,,,,,,,,,,,,
divergence_episode,,,,,0.0001,,,,,,,,,,,,,,,,,,,,,,,,,118.0,2024-11-18,2024-11-18,1.0,159915.SZ,513100.SH,创业板,纳指,-0.02495462794918335,0.005621681449860638,0.030576309399043988,0.030576309399043988,39.0,,,,,,,,,,,,,,
divergence_episode,,,,,0.0001,,,,,,,,,,,,,,,,,,,,,,,,,119.0,2025-02-11,2025-02-17,5.0,159915.SZ,518880.SH,创业板,黄金,0.036142922152317514,-0.003682111077017547,-0.03982503322933506,0.03982503322933506,29.0,,,,,,,,,,,,,,
divergence_episode,,,,,0.0001,,,,,,,,,,,,,,,,,,,,,,,,,120.0,2025-02-20,2025-02-25,4.0,518880.SH,159915.SZ,黄金,创业板,-0.007169251427893153,0.005491990846681949,0.012661242274575102,0.012661242274575102,82.0,,,,,,,,,,,,,,
divergence_episode,,,,,0.0001,,,,,,,,,,,,,,,,,,,,,,,,,121.0,2025-02-27,2025-03-05,5.0,159915.SZ,518880.SH,创业板,黄金,-0.03184217923848687,0.004295137290995621,0.03613731652948249,0.03613731652948249,31.0,,,,,,,,,,,,,,
divergence_episode,,,,,0.0001,,,,,,,,,,,,,,,,,,,,,,,,,122.0,2025-03-10,2025-03-14,5.0,518880.SH,159915.SZ,黄金,创业板,0.024376689996044698,0.013560174722599072,-0.010816515273445626,0.010816515273445626,91.0,,,,,,,,,,,,,,
divergence_episode,,,,,0.0001,,,,,,,,,,,,,,,,,,,,,,,,,123.0,2025-03-20,2025-03-21,2.0,510300.SH,518880.SH,沪深300,黄金,-0.024093453394986697,-0.006943898445062713,0.017149554949923984,0.017149554949923984,66.0,,,,,,,,,,,,,,
divergence_episode,,,,,0.0001,,,,,,,,,,,,,,,,,,,,,,,,,124.0,2025-05-09,2025-05-15,5.0,513100.SH,159915.SZ,纳指,创业板,0.04198112865657855,-0.00152451108137297,-0.04350563973795152,0.04350563973795152,23.0,,,,,,,,,,,,,,
divergence_episode,,,,,0.0001,,,,,,,,,,,,,,,,,,,,,,,,,125.0,2025-07-07,2025-07-07,1.0,159915.SZ,513100.SH,创业板,纳指,-0.010782934833567848,-0.0022610423379264555,0.008521892495641392,0.008521892495641392,102.0,,,,,,,,,,,,,,
divergence_episode,,,,,0.0001,,,,,,,,,,,,,,,,,,,,,,,,,126.0,2025-07-14,2025-07-14,1.0,513100.SH,159915.SZ,纳指,创业板,-0.006123698714023296,-0.005856836912981667,0.00026686180104162904,0.00026686180104162904,132.0,,,,,,,,,,,,,,
divergence_episode,,,,,0.0001,,,,,,,,,,,,,,,,,,,,,,,,,127.0,2025-09-23,2025-10-14,10.0,159915.SZ,518880.SH,创业板,黄金,-0.010304079697070923,0.03964838508885693,0.04995246478592785,0.04995246478592785,17.0,,,,,,,,,,,,,,
divergence_episode,,,,,0.0001,,,,,,,,,,,,,,,,,,,,,,,,,128.0,2025-10-28,2025-10-28,1.0,518880.SH,513100.SH,黄金,纳指,-0.03556203724478346,-0.02159619794727652,0.013965839297506943,0.013965839297506943,78.0,,,,,,,,,,,,,,
divergence_episode,,,,,0.0001,,,,,,,,,,,,,,,,,,,,,,,,,129.0,2025-12-24,2025-12-30,5.0,159915.SZ,518880.SH,创业板,黄金,0.019147551527395112,-0.028633675692499305,-0.04778122721989442,0.04778122721989442,19.0,,,,,,,,,,,,,,
divergence_episode,,,,,0.0001,,,,,,,,,,,,,,,,,,,,,,,,,130.0,2026-01-08,2026-01-08,1.0,518880.SH,159915.SZ,黄金,创业板,-0.010817574167645394,-0.007248565388100259,0.0035690087795451353,0.0035690087795451353,114.0,,,,,,,,,,,,,,
divergence_episode,,,,,0.0001,,,,,,,,,,,,,,,,,,,,,,,,,131.0,2026-01-15,2026-01-15,1.0,159915.SZ,518880.SH,创业板,黄金,0.007480598322084697,-0.005543237250554278,-0.013023835572638975,0.013023835572638975,80.0,,,,,,,,,,,,,,
divergence_episode,,,,,0.0001,,,,,,,,,,,,,,,,,,,,,,,,,132.0,2026-01-22,2026-01-22,1.0,518880.SH,159915.SZ,黄金,创业板,0.0099632955180593,0.010362694300518172,0.0003993987824588707,0.0003993987824588707,130.0,,,,,,,,,,,,,,
divergence_episode,,,,,0.0001,,,,,,,,,,,,,,,,,,,,,,,,,133.0,2026-04-27,2026-04-27,1.0,159915.SZ,513100.SH,创业板,纳指,-0.0059880239520957446,0.009217810634031043,0.015205834586126787,0.015205834586126787,71.0,,,,,,,,,,,,,,
divergence_episode,,,,,0.0005,,,,,,,,,,,,,,,,,,,,,,,,,1.0,2014-02-20,2014-02-25,4.0,159915.SZ,518880.SH,创业板,黄金,-0.049136786188579196,0.014716767471143921,0.06385355365972312,0.06385355365972312,11.0,,,,,,,,,,,,,,
divergence_episode,,,,,0.0005,,,,,,,,,,,,,,,,,,,,,,,,,2.0,2014-05-29,2014-06-05,5.0,159915.SZ,513100.SH,创业板,纳指,0.008982821438376032,0.010577705451586539,0.0015948840132105069,0.0015948840132105069,125.0,,,,,,,,,,,,,,
divergence_episode,,,,,0.0005,,,,,,,,,,,,,,,,,,,,,,,,,3.0,2014-06-13,2014-06-13,1.0,159915.SZ,513100.SH,创业板,纳指,0.008289807258204718,-0.005608974358974228,-0.013898781617178946,0.013898781617178946,76.0,,,,,,,,,,,,,,
divergence_episode,,,,,0.0005,,,,,,,,,,,,,,,,,,,,,,,,,4.0,2014-06-20,2014-06-20,1.0,513100.SH,159915.SZ,纳指,创业板,-0.0025707888816536295,0.010844306738962084,0.013415095620615713,0.013415095620615713,81.0,,,,,,,,,,,,,,
divergence_episode,,,,,0.0005,,,,,,,,,,,,,,,,,,,,,,,,,5.0,2014-06-27,2014-07-03,5.0,159915.SZ,513100.SH,创业板,纳指,0.02406866949288511,0.0036813668074529016,-0.020387302685432207,0.020387302685432207,58.0,,,,,,,,,,,,,,
divergence_episode,,,,,0.0005,,,,,,,,,,,,,,,,,,,,,,,,,6.0,2014-07-08,2014-07-14,5.0,518880.SH,513100.SH,黄金,纳指,0.004967520061138542,-0.006785683662003716,-0.011753203723142258,0.011753203723142258,87.0,,,,,,,,,,,,,,
divergence_episode,,,,,0.0005,,,,,,,,,,,,,,,,,,,,,,,,,7.0,2014-07-21,2014-07-24,4.0,513100.SH,510300.SH,纳指,沪深300,0.018604651162790642,0.040335224449104645,0.021730573286314003,0.021730573286314003,54.0,,,,,,,,,,,,,,
divergence_episode,,,,,0.0005,,,,,,,,,,,,,,,,,,,,,,,,,8.0,2014-09-04,2014-09-11,5.0,159915.SZ,513100.SH,创业板,纳指,0.022237665045170107,-0.011240911262866526,-0.033478576308036634,0.033478576308036634,33.0,,,,,,,,,,,,,,
divergence_episode,,,,,0.0005,,,,,,,,,,,,,,,,,,,,,,,,,9.0,2014-09-22,2014-09-29,6.0,159915.SZ,510300.SH,创业板,沪深300,-0.016278727789793446,0.010094240879460648,0.026372968669254093,0.026372968669254093,44.0,,,,,,,,,,,,,,
divergence_episode,,,,,0.0005,,,,,,,,,,,,,,,,,,,,,,,,,10.0,2014-11-21,2014-11-21,1.0,510300.SH,513100.SH,沪深300,纳指,0.019499801450598486,0.004373177842565523,-0.015126623608032963,0.015126623608032963,72.0,,,,,,,,,,,,,,
divergence_episode,,,,,0.0005,,,,,,,,,,,,,,,,,,,,,,,,,11.0,2015-01-27,2015-01-27,1.0,159915.SZ,518880.SH,创业板,黄金,-0.00710488286054245,-0.007665772326561959,-0.0005608894660195096,0.0005608894660195096,130.0,,,,,,,,,,,,,,
divergence_episode,,,,,0.0005,,,,,,,,,,,,,,,,,,,,,,,,,12.0,2015-02-26,2015-03-04,5.0,159915.SZ,513100.SH,创业板,纳指,0.0759844703272321,0.010699437392494682,-0.06528503293473742,0.06528503293473742,10.0,,,,,,,,,,,,,,
divergence_episode,,,,,0.0005,,,,,,,,,,,,,,,,,,,,,,,,,13.0,2015-03-31,2015-04-07,5.0,159915.SZ,510300.SH,创业板,沪深300,0.11171910624715009,0.02077293697394267,-0.09094616927320742,0.09094616927320742,7.0,,,,,,,,,,,,,,
divergence_episode,,,,,0.0005,,,,,,,,,,,,,,,,,,,,,,,,,14.0,2015-04-09,2015-04-14,4.0,510300.SH,159915.SZ,沪深300,创业板,0.014498246450547425,0.026503996634413385,0.01200575018386596,0.01200575018386596,86.0,,,,,,,,,,,,,,
divergence_episode,,,,,0.0005,,,,,,,,,,,,,,,,,,,,,,,,,15.0,2015-04-27,2015-05-04,5.0,159915.SZ,510300.SH,创业板,沪深300,0.03590951282884314,0.016424914675767788,-0.01948459815307535,0.01948459815307535,61.0,,,,,,,,,,,,,,
divergence_episode,,,,,0.0005,,,,,,,,,,,,,,,,,,,,,,,,,16.0,2015-05-07,2015-05-11,3.0,510300.SH,159915.SZ,沪深300,创业板,0.030643738977072177,0.11812279810089032,0.08747905912381815,0.08747905912381815,8.0,,,,,,,,,,,,,,
divergence_episode,,,,,0.0005,,,,,,,,,,,,,,,,,,,,,,,,,17.0,2015-06-09,2015-06-15,5.0,159915.SZ,510300.SH,创业板,沪深300,-0.005943956977073284,-0.04404751691006781,-0.038103559932994524,0.038103559932994524,30.0,,,,,,,,,,,,,,
divergence_episode,,,,,0.0005,,,,,,,,,,,,,,,,,,,,,,,,,18.0,2015-06-23,2015-06-23,1.0,510300.SH,513100.SH,沪深300,纳指,0.03541168802954586,0.015514678437196672,-0.01989700959234919,0.01989700959234919,60.0,,,,,,,,,,,,,,
divergence_episode,,,,,0.0005,,,,,,,,,,,,,,,,,,,,,,,,,19.0,2015-07-01,2015-07-06,4.0,518880.SH,513100.SH,黄金,纳指,-0.006540353619841954,-0.018055555555555602,-0.011515201935713648,0.011515201935713648,88.0,,,,,,,,,,,,,,
divergence_episode,,,,,0.0005,,,,,,,,,,,,,,,,,,,,,,,,,20.0,2015-07-09,2015-07-14,4.0,513100.SH,518880.SH,纳指,黄金,0.05078212576716279,0.032647584973166666,-0.018134540793996123,0.018134540793996123,63.0,,,,,,,,,,,,,,
divergence_episode,,,,,0.0005,,,,,,,,,,,,,,,,,,,,,,,,,21.0,2015-11-04,2015-11-10,5.0,159915.SZ,513100.SH,创业板,纳指,0.13188720173535762,-0.003392255127461552,-0.13527945686281917,0.13527945686281917,2.0,,,,,,,,,,,,,,
divergence_episode,,,,,0.0005,,,,,,,,,,,,,,,,,,,,,,,,,22.0,2015-12-17,2015-12-18,2.0,159915.SZ,513100.SH,创业板,纳指,0.02985859411647329,0.0,-0.02985859411647329,0.02985859411647329,39.0,,,,,,,,,,,,,,
divergence_episode,,,,,0.0005,,,,,,,,,,,,,,,,,,,,,,,,,23.0,2015-12-24,2015-12-25,2.0,510300.SH,159915.SZ,沪深300,创业板,-0.007515434724753134,0.007692307692307665,0.015207742417060799,0.015207742417060799,70.0,,,,,,,,,,,,,,
divergence_episode,,,,,0.0005,,,,,,,,,,,,,,,,,,,,,,,,,24.0,2015-12-31,2016-01-07,5.0,159915.SZ,510300.SH,创业板,沪深300,-0.19884864872983354,-0.05841590801451524,0.1404327407153183,0.1404327407153183,1.0,,,,,,,,,,,,,,
divergence_episode,,,,,0.0005,,,,,,,,,,,,,,,,,,,,,,,,,25.0,2016-03-15,2016-03-23,7.0,510300.SH,513100.SH,沪深300,纳指,0.0365133833558442,-0.004478048780487742,-0.04099143213633194,0.04099143213633194,27.0,,,,,,,,,,,,,,
divergence_episode,,,,,0.0005,,,,,,,,,,,,,,,,,,,,,,,,,26.0,2016-03-25,2016-03-31,5.0,513100.SH,510300.SH,纳指,沪深300,0.005575698457231715,0.012029554051204094,0.00645385559397238,0.00645385559397238,104.0,,,,,,,,,,,,,,
divergence_episode,,,,,0.0005,,,,,,,,,,,,,,,,,,,,,,,,,27.0,2016-06-16,2016-06-23,6.0,159915.SZ,513100.SH,创业板,纳指,-0.024255883168808445,-0.0065149718802250955,0.01774091128858335,0.01774091128858335,64.0,,,,,,,,,,,,,,
divergence_episode,,,,,0.0005,,,,,,,,,,,,,,,,,,,,,,,,,28.0,2016-08-17,2016-08-17,1.0,510300.SH,513100.SH,沪深300,纳指,-0.0039317267288198066,-0.008225616921269108,-0.004293890192449301,0.004293890192449301,113.0,,,,,,,,,,,,,,
divergence_episode,,,,,0.0005,,,,,,,,,,,,,,,,,,,,,,,,,29.0,2016-08-24,2016-08-30,5.0,513100.SH,510300.SH,纳指,沪深300,-0.002170677235533547,-0.006768687463213685,-0.004598010227680138,0.004598010227680138,108.0,,,,,,,,,,,,,,
divergence_episode,,,,,0.0005,,,,,,,,,,,,,,,,,,,,,,,,,30.0,2016-09-07,2016-09-08,2.0,159915.SZ,510300.SH,创业板,沪深300,0.0008162564383118465,-0.000881316098707563,-0.0016975725370194095,0.0016975725370194095,124.0,,,,,,,,,,,,,,
divergence_episode,,,,,0.0005,,,,,,,,,,,,,,,,,,,,,,,,,31.0,2016-09-14,2016-09-22,5.0,518880.SH,159915.SZ,黄金,创业板,0.003043342906402735,0.017473756337605506,0.014430413431202771,0.014430413431202771,73.0,,,,,,,,,,,,,,
divergence_episode,,,,,0.0005,,,,,,,,,,,,,,,,,,,,,,,,,32.0,2016-10-10,2016-10-17,6.0,513100.SH,518880.SH,纳指,黄金,-0.006646879810667472,-0.010279708894236128,-0.003632829083568656,0.003632829083568656,115.0,,,,,,,,,,,,,,
divergence_episode,,,,,0.0005,,,,,,,,,,,,,,,,,,,,,,,,,33.0,2016-10-24,2016-10-24,1.0,513100.SH,510300.SH,纳指,沪深300,0.006365740740740922,0.011676529375143296,0.005310788634402375,0.005310788634402375,105.0,,,,,,,,,,,,,,
divergence_episode,,,,,0.0005,,,,,,,,,,,,,,,,,,,,,,,,,34.0,2016-12-07,2016-12-07,1.0,513100.SH,510300.SH,纳指,沪深300,-0.004940294199011208,0.00455451181326505,0.009494806012276258,0.009494806012276258,97.0,,,,,,,,,,,,,,
divergence_episode,,,,,0.0005,,,,,,,,,,,,,,,,,,,,,,,,,35.0,2017-06-02,2017-06-07,4.0,513100.SH,510300.SH,纳指,沪深300,0.011978917105893494,0.02059649772867056,0.008617580622777066,0.008617580622777066,99.0,,,,,,,,,,,,,,
divergence_episode,,,,,0.0005,,,,,,,,,,,,,,,,,,,,,,,,,36.0,2017-08-10,2017-08-16,5.0,510300.SH,518880.SH,沪深300,黄金,-0.008527082140084463,-0.004991013753243956,0.0035360683868405074,0.0035360683868405074,117.0,,,,,,,,,,,,,,
divergence_episode,,,,,0.0005,,,,,,,,,,,,,,,,,,,,,,,,,37.0,2017-09-13,2017-09-13,1.0,159915.SZ,510300.SH,创业板,沪深300,0.002230897936419396,-0.0013015885857154963,-0.0035324865221348922,0.0035324865221348922,118.0,,,,,,,,,,,,,,
divergence_episode,,,,,0.0005,,,,,,,,,,,,,,,,,,,,,,,,,38.0,2017-09-20,2017-09-20,1.0,510300.SH,159915.SZ,沪深300,创业板,0.0046320123520329215,0.005752283479616427,0.0011202711275835053,0.0011202711275835053,127.0,,,,,,,,,,,,,,
divergence_episode,,,,,0.0005,,,,,,,,,,,,,,,,,,,,,,,,,39.0,2017-09-27,2017-09-27,1.0,159915.SZ,513100.SH,创业板,纳指,0.006300114547537206,0.004241758254111216,-0.002058356293425989,0.002058356293425989,123.0,,,,,,,,,,,,,,
divergence_episode,,,,,0.0005,,,,,,,,,,,,,,,,,,,,,,,,,40.0,2017-11-13,2017-11-13,1.0,510300.SH,513100.SH,沪深300,纳指,1.3857295997343755e-06,0.0004553734061929493,0.00045398767659321493,0.00045398767659321493,132.0,,,,,,,,,,,,,,
divergence_episode,,,,,0.0005,,,,,,,,,,,,,,,,,,,,,,,,,41.0,2018-01-09,2018-01-09,1.0,510300.SH,518880.SH,沪深300,黄金,0.008087535680304514,-0.0002684711046084809,-0.008356006784912995,0.008356006784912995,101.0,,,,,,,,,,,,,,
divergence_episode,,,,,0.0005,,,,,,,,,,,,,,,,,,,,,,,,,42.0,2018-01-16,2018-01-16,1.0,518880.SH,510300.SH,黄金,沪深300,-0.0007186489399927387,0.009082063305978938,0.009800712245971677,0.009800712245971677,94.0,,,,,,,,,,,,,,
divergence_episode,,,,,0.0005,,,,,,,,,,,,,,,,,,,,,,,,,43.0,2018-02-14,2018-02-27,5.0,518880.SH,159915.SZ,黄金,创业板,0.0010207441670888606,0.0564642089316596,0.05544346476457074,0.05544346476457074,13.0,,,,,,,,,,,,,,
divergence_episode,,,,,0.0005,,,,,,,,,,,,,,,,,,,,,,,,,44.0,2018-03-06,2018-03-06,1.0,159915.SZ,513100.SH,创业板,纳指,0.012227513227513143,0.013227513227513255,0.001000000000000112,0.001000000000000112,128.0,,,,,,,,,,,,,,
divergence_episode,,,,,0.0005,,,,,,,,,,,,,,,,,,,,,,,,,45.0,2018-07-18,2018-07-19,2.0,159915.SZ,513100.SH,创业板,纳指,-0.007650187518755347,0.01875732708089095,0.026407514599646298,0.026407514599646298,43.0,,,,,,,,,,,,,,
divergence_episode,,,,,0.0005,,,,,,,,,,,,,,,,,,,,,,,,,46.0,2018-07-25,2018-07-26,2.0,513100.SH,159915.SZ,纳指,创业板,0.007733018796265201,-0.009683666881859287,-0.01741668567812449,0.01741668567812449,65.0,,,,,,,,,,,,,,
divergence_episode,,,,,0.0005,,,,,,,,,,,,,,,,,,,,,,,,,47.0,2018-08-01,2018-08-07,5.0,510300.SH,513100.SH,沪深300,纳指,-0.04070278858181131,0.0657894736842104,0.10649226226602171,0.10649226226602171,5.0,,,,,,,,,,,,,,
divergence_episode,,,,,0.0005,,,,,,,,,,,,,,,,,,,,,,,,,48.0,2018-09-21,2018-09-28,5.0,513100.SH,518880.SH,纳指,黄金,0.020828518215459058,-0.0012823625858879861,-0.022110880801347044,0.022110880801347044,53.0,,,,,,,,,,,,,,
divergence_episode,,,,,0.0005,,,,,,,,,,,,,,,,,,,,,,,,,49.0,2018-10-09,2018-10-12,4.0,518880.SH,510300.SH,黄金,沪深300,0.02035465791827007,-0.03232565100269358,-0.05268030892096365,0.05268030892096365,16.0,,,,,,,,,,,,,,
divergence_episode,,,,,0.0005,,,,,,,,,,,,,,,,,,,,,,,,,50.0,2018-12-10,2018-12-14,5.0,159915.SZ,518880.SH,创业板,黄金,-0.01035208316679559,0.0025566106647187947,0.012908693831514384,0.012908693831514384,83.0,,,,,,,,,,,,,,
divergence_episode,,,,,0.0005,,,,,,,,,,,,,,,,,,,,,,,,,51.0,2019-03-27,2019-04-02,5.0,159915.SZ,513100.SH,创业板,纳指,0.08097686375321311,0.024101478110146513,-0.0568753856430666,0.0568753856430666,12.0,,,,,,,,,,,,,,
divergence_episode,,,,,0.0005,,,,,,,,,,,,,,,,,,,,,,,,,52.0,2019-04-09,2019-04-10,2.0,513100.SH,510300.SH,纳指,沪深300,0.0,0.009119660423736686,0.009119660423736686,0.009119660423736686,98.0,,,,,,,,,,,,,,
divergence_episode,,,,,0.0005,,,,,,,,,,,,,,,,,,,,,,,,,53.0,2019-04-16,2019-04-22,5.0,510300.SH,513100.SH,沪深300,纳指,0.015163002274450443,-0.0013245314992426094,-0.016487533773693053,0.016487533773693053,66.0,,,,,,,,,,,,,,
divergence_episode,,,,,0.0005,,,,,,,,,,,,,,,,,,,,,,,,,54.0,2019-04-26,2019-04-29,2.0,513100.SH,510300.SH,纳指,沪深300,0.014187337530872535,-0.009916094584286772,-0.024103432115159307,0.024103432115159307,47.0,,,,,,,,,,,,,,
divergence_episode,,,,,0.0005,,,,,,,,,,,,,,,,,,,,,,,,,55.0,2019-07-17,2019-07-23,5.0,159915.SZ,513100.SH,创业板,纳指,-0.007871143065207864,-0.0034704066391159083,0.004400736426091956,0.004400736426091956,110.0,,,,,,,,,,,,,,
divergence_episode,,,,,0.0005,,,,,,,,,,,,,,,,,,,,,,,,,56.0,2019-07-30,2019-08-08,8.0,513100.SH,518880.SH,纳指,黄金,-0.03685672385661187,0.073609164919473,0.11046588877608488,0.11046588877608488,4.0,,,,,,,,,,,,,,
divergence_episode,,,,,0.0005,,,,,,,,,,,,,,,,,,,,,,,,,57.0,2019-12-18,2019-12-24,5.0,159915.SZ,513100.SH,创业板,纳指,-0.019562715765247374,0.004256641754894819,0.023819357520142193,0.023819357520142193,48.0,,,,,,,,,,,,,,
divergence_episode,,,,,0.0005,,,,,,,,,,,,,,,,,,,,,,,,,58.0,2020-01-02,2020-01-08,5.0,159915.SZ,510300.SH,创业板,沪深300,0.03583815028901727,0.005055632580046154,-0.030782517708971113,0.030782517708971113,38.0,,,,,,,,,,,,,,
divergence_episode,,,,,0.0005,,,,,,,,,,,,,,,,,,,,,,,,,59.0,2020-02-20,2020-02-20,1.0,513100.SH,159915.SZ,纳指,创业板,0.005527770465912019,0.036782672401665994,0.031254901935753976,0.031254901935753976,37.0,,,,,,,,,,,,,,
divergence_episode,,,,,0.0005,,,,,,,,,,,,,,,,,,,,,,,,,60.0,2020-02-27,2020-03-04,5.0,159915.SZ,518880.SH,创业板,黄金,-0.006660323501426868,-0.01122586383955193,-0.0045655403381250625,0.0045655403381250625,109.0,,,,,,,,,,,,,,
divergence_episode,,,,,0.0005,,,,,,,,,,,,,,,,,,,,,,,,,61.0,2020-03-10,2020-03-11,2.0,518880.SH,159915.SZ,黄金,创业板,0.0007549528000405648,0.005464480874317168,0.004709528074276603,0.004709528074276603,107.0,,,,,,,,,,,,,,
divergence_episode,,,,,0.0005,,,,,,,,,,,,,,,,,,,,,,,,,62.0,2020-04-22,2020-04-29,6.0,513100.SH,518880.SH,纳指,黄金,0.1311779673722897,0.0035823054586987535,-0.12759566191359095,0.12759566191359095,3.0,,,,,,,,,,,,,,
divergence_episode,,,,,0.0005,,,,,,,,,,,,,,,,,,,,,,,,,63.0,2020-07-27,2020-08-10,11.0,159915.SZ,518880.SH,创业板,黄金,0.014413599826851975,0.04602399179908301,0.03161039197223103,0.03161039197223103,36.0,,,,,,,,,,,,,,
divergence_episode,,,,,0.0005,,,,,,,,,,,,,,,,,,,,,,,,,64.0,2020-08-13,2020-08-17,3.0,518880.SH,513100.SH,黄金,纳指,0.03509651541739767,0.009848389103742416,-0.02524812631365525,0.02524812631365525,45.0,,,,,,,,,,,,,,
divergence_episode,,,,,0.0005,,,,,,,,,,,,,,,,,,,,,,,,,65.0,2020-09-25,2020-09-28,2.0,510300.SH,513100.SH,沪深300,纳指,0.013473831063118391,0.00870341441642486,-0.004770416646693532,0.004770416646693532,106.0,,,,,,,,,,,,,,
divergence_episode,,,,,0.0005,,,,,,,,,,,,,,,,,,,,,,,,,66.0,2020-10-12,2020-10-16,5.0,518880.SH,510300.SH,黄金,沪深300,-0.009011297452768963,0.012374489024162383,0.021385786476931345,0.021385786476931345,55.0,,,,,,,,,,,,,,
divergence_episode,,,,,0.0005,,,,,,,,,,,,,,,,,,,,,,,,,67.0,2020-12-29,2020-12-29,1.0,159915.SZ,518880.SH,创业板,黄金,-0.010200364298724951,-0.009248642391433748,0.0009517219072912031,0.0009517219072912031,129.0,,,,,,,,,,,,,,
divergence_episode,,,,,0.0005,,,,,,,,,,,,,,,,,,,,,,,,,68.0,2021-01-06,2021-01-06,1.0,518880.SH,159915.SZ,黄金,创业板,0.0028061224489797088,0.0028089285714290035,2.80612244929479e-06,2.80612244929479e-06,133.0,,,,,,,,,,,,,,
divergence_episode,,,,,0.0005,,,,,,,,,,,,,,,,,,,,,,,,,69.0,2021-01-14,2021-01-19,4.0,159915.SZ,510300.SH,创业板,沪深300,-0.01619834710743806,-0.02989964829072511,-0.013701301183287051,0.013701301183287051,78.0,,,,,,,,,,,,,,
divergence_episode,,,,,0.0005,,,,,,,,,,,,,,,,,,,,,,,,,70.0,2021-01-21,2021-01-26,4.0,510300.SH,159915.SZ,沪深300,创业板,0.007863935625457286,0.017585278732273668,0.009721343106816382,0.009721343106816382,95.0,,,,,,,,,,,,,,
divergence_episode,,,,,0.0005,,,,,,,,,,,,,,,,,,,,,,,,,71.0,2021-02-02,2021-02-08,5.0,159915.SZ,510300.SH,创业板,沪深300,0.02870025688715483,0.025723665104704585,-0.002976591782450244,0.002976591782450244,120.0,,,,,,,,,,,,,,
divergence_episode,,,,,0.0005,,,,,,,,,,,,,,,,,,,,,,,,,72.0,2021-02-18,2021-02-24,5.0,159915.SZ,513100.SH,创业板,纳指,-0.14109425799639963,-0.04700197671864692,0.09409228127775271,0.09409228127775271,6.0,,,,,,,,,,,,,,
divergence_episode,,,,,0.0005,,,,,,,,,,,,,,,,,,,,,,,,,73.0,2021-03-01,2021-03-03,3.0,513100.SH,510300.SH,纳指,沪深300,0.03061705134243975,0.027598390398549943,-0.003018660943889806,0.003018660943889806,119.0,,,,,,,,,,,,,,
divergence_episode,,,,,0.0005,,,,,,,,,,,,,,,,,,,,,,,,,74.0,2021-03-09,2021-03-10,2.0,510300.SH,513100.SH,沪深300,纳指,-0.015748031496063186,0.028339153372511916,0.0440871848685751,0.0440871848685751,22.0,,,,,,,,,,,,,,
divergence_episode,,,,,0.0005,,,,,,,,,,,,,,,,,,,,,,,,,75.0,2021-03-16,2021-03-18,3.0,513100.SH,518880.SH,纳指,黄金,0.024849047840223015,0.020599762634523566,-0.004249285205699449,0.004249285205699449,114.0,,,,,,,,,,,,,,
divergence_episode,,,,,0.0005,,,,,,,,,,,,,,,,,,,,,,,,,76.0,2021-03-24,2021-03-26,3.0,518880.SH,513100.SH,黄金,纳指,-0.0016736401673641543,-0.011508847615212647,-0.009835207447848493,0.009835207447848493,93.0,,,,,,,,,,,,,,
divergence_episode,,,,,0.0005,,,,,,,,,,,,,,,,,,,,,,,,,77.0,2021-03-31,2021-04-07,5.0,513100.SH,518880.SH,纳指,黄金,0.049411221426922,0.031148092612676814,-0.01826312881424519,0.01826312881424519,62.0,,,,,,,,,,,,,,
divergence_episode,,,,,0.0005,,,,,,,,,,,,,,,,,,,,,,,,,78.0,2021-05-24,2021-05-28,5.0,159915.SZ,518880.SH,创业板,黄金,0.036188579017264466,-0.011035240316905837,-0.0472238193341703,0.0472238193341703,19.0,,,,,,,,,,,,,,
divergence_episode,,,,,0.0005,,,,,,,,,,,,,,,,,,,,,,,,,79.0,2021-06-16,2021-06-16,1.0,159915.SZ,513100.SH,创业板,纳指,-0.041521394611727325,-0.0024340675543077506,0.039087327057419574,0.039087327057419574,28.0,,,,,,,,,,,,,,
divergence_episode,,,,,0.0005,,,,,,,,,,,,,,,,,,,,,,,,,80.0,2021-07-14,2021-07-21,6.0,159915.SZ,513100.SH,创业板,纳指,0.01291282381022163,-0.009514170040485936,-0.022426993850707566,0.022426993850707566,51.0,,,,,,,,,,,,,,
divergence_episode,,,,,0.0005,,,,,,,,,,,,,,,,,,,,,,,,,81.0,2021-07-26,2021-08-04,8.0,513100.SH,159915.SZ,纳指,创业板,0.015103576650201234,-0.03923691292587672,-0.054340489576077955,0.054340489576077955,15.0,,,,,,,,,,,,,,
divergence_episode,,,,,0.0005,,,,,,,,,,,,,,,,,,,,,,,,,82.0,2021-08-09,2021-08-11,3.0,513100.SH,159915.SZ,纳指,创业板,-0.00975218613862372,-0.01772002362669811,-0.007967837488074392,0.007967837488074392,102.0,,,,,,,,,,,,,,
divergence_episode,,,,,0.0005,,,,,,,,,,,,,,,,,,,,,,,,,83.0,2021-10-08,2021-10-11,2.0,159915.SZ,510300.SH,创业板,沪深300,-0.015509717037781257,0.01418439716312081,0.029694114200902066,0.029694114200902066,41.0,,,,,,,,,,,,,,
divergence_episode,,,,,0.0005,,,,,,,,,,,,,,,,,,,,,,,,,84.0,2021-12-30,2022-01-06,5.0,513100.SH,518880.SH,纳指,黄金,-0.0438797080281671,-0.0021078017198161714,0.041771906308350926,0.041771906308350926,25.0,,,,,,,,,,,,,,
divergence_episode,,,,,0.0005,,,,,,,,,,,,,,,,,,,,,,,,,85.0,2022-05-19,2022-05-20,2.0,518880.SH,159915.SZ,黄金,创业板,0.009384775808133572,0.044121627798541674,0.0347368519904081,0.0347368519904081,32.0,,,,,,,,,,,,,,
divergence_episode,,,,,0.0005,,,,,,,,,,,,,,,,,,,,,,,,,86.0,2022-08-25,2022-08-29,3.0,513100.SH,518880.SH,纳指,黄金,-0.021158129175946616,-0.005054119442752247,0.01610400973319437,0.01610400973319437,68.0,,,,,,,,,,,,,,
divergence_episode,,,,,0.0005,,,,,,,,,,,,,,,,,,,,,,,,,87.0,2022-09-01,2022-09-07,5.0,518880.SH,510300.SH,黄金,沪深300,0.00026609898882390404,-0.009239555359954577,-0.00950565434877848,0.00950565434877848,96.0,,,,,,,,,,,,,,
divergence_episode,,,,,0.0005,,,,,,,,,,,,,,,,,,,,,,,,,88.0,2022-11-01,2022-11-07,5.0,513100.SH,518880.SH,纳指,黄金,-0.03962033912967422,0.029669822010745195,0.06929016114041942,0.06929016114041942,9.0,,,,,,,,,,,,,,
divergence_episode,,,,,0.0005,,,,,,,,,,,,,,,,,,,,,,,,,89.0,2022-11-11,2022-11-25,11.0,159915.SZ,518880.SH,创业板,黄金,0.002177897787581262,0.043201699400509774,0.04102380161292851,0.04102380161292851,26.0,,,,,,,,,,,,,,
divergence_episode,,,,,0.0005,,,,,,,,,,,,,,,,,,,,,,,,,90.0,2022-12-02,2022-12-09,6.0,513100.SH,510300.SH,纳指,沪深300,-0.02274454883218402,-0.007579262053705738,0.015165286778478282,0.015165286778478282,71.0,,,,,,,,,,,,,,
divergence_episode,,,,,0.0005,,,,,,,,,,,,,,,,,,,,,,,,,91.0,2022-12-22,2023-01-04,9.0,510300.SH,518880.SH,沪深300,黄金,0.005916354448124217,0.008687219643215505,0.0027708651950912877,0.0027708651950912877,122.0,,,,,,,,,,,,,,
divergence_episode,,,,,0.0005,,,,,,,,,,,,,,,,,,,,,,,,,92.0,2023-01-12,2023-01-12,1.0,159915.SZ,518880.SH,创业板,黄金,-0.004399754472023676,-0.0014906832298137163,0.0029090712422099596,0.0029090712422099596,121.0,,,,,,,,,,,,,,
divergence_episode,,,,,0.0005,,,,,,,,,,,,,,,,,,,,,,,,,93.0,2023-02-07,2023-02-08,2.0,159915.SZ,513100.SH,创业板,纳指,-0.008508914100486153,0.018755741496622846,0.027264655597109,0.027264655597109,42.0,,,,,,,,,,,,,,
divergence_episode,,,,,0.0005,,,,,,,,,,,,,,,,,,,,,,,,,94.0,2023-03-23,2023-03-29,5.0,513100.SH,518880.SH,纳指,黄金,0.020092537461866344,0.00402557423632488,-0.016066963225541464,0.016066963225541464,69.0,,,,,,,,,,,,,,
divergence_episode,,,,,0.0005,,,,,,,,,,,,,,,,,,,,,,,,,95.0,2023-03-31,2023-04-07,5.0,518880.SH,513100.SH,黄金,纳指,0.018832391713747842,0.00448927041984204,-0.014343121293905803,0.014343121293905803,75.0,,,,,,,,,,,,,,
divergence_episode,,,,,0.0005,,,,,,,,,,,,,,,,,,,,,,,,,96.0,2023-04-11,2023-04-17,5.0,513100.SH,518880.SH,纳指,黄金,-0.0030238369654859154,0.0055722033319201,0.008596040297406016,0.008596040297406016,100.0,,,,,,,,,,,,,,
divergence_episode,,,,,0.0005,,,,,,,,,,,,,,,,,,,,,,,,,97.0,2023-04-24,2023-04-24,1.0,159915.SZ,513100.SH,创业板,纳指,-0.01542529748788013,-0.004082147232474687,0.011343150255405443,0.011343150255405443,89.0,,,,,,,,,,,,,,
divergence_episode,,,,,0.0005,,,,,,,,,,,,,,,,,,,,,,,,,98.0,2023-07-14,2023-07-20,5.0,159915.SZ,513100.SH,创业板,纳指,-0.028583393008489,0.025939177101967914,0.054522570110456914,0.054522570110456914,14.0,,,,,,,,,,,,,,
divergence_episode,,,,,0.0005,,,,,,,,,,,,,,,,,,,,,,,,,99.0,2023-07-24,2023-07-28,5.0,513100.SH,518880.SH,纳指,黄金,0.005319148936170359,-0.014837966930102198,-0.020157115866272557,0.020157115866272557,59.0,,,,,,,,,,,,,,
divergence_episode,,,,,0.0005,,,,,,,,,,,,,,,,,,,,,,,,,100.0,2023-08-21,2023-08-25,5.0,518880.SH,510300.SH,黄金,沪深300,0.00610721556209004,-0.01612565807858435,-0.02223287364067439,0.02223287364067439,52.0,,,,,,,,,,,,,,
divergence_episode,,,,,0.0005,,,,,,,,,,,,,,,,,,,,,,,,,101.0,2023-09-07,2023-09-13,5.0,513100.SH,518880.SH,纳指,黄金,-0.008910276277031004,0.011542730299667125,0.02045300657669813,0.02045300657669813,56.0,,,,,,,,,,,,,,
divergence_episode,,,,,0.0005,,,,,,,,,,,,,,,,,,,,,,,,,102.0,2023-09-18,2023-09-22,5.0,518880.SH,513100.SH,黄金,纳指,0.0028583992963941984,-0.030082132226593394,-0.03294053152298759,0.03294053152298759,34.0,,,,,,,,,,,,,,
divergence_episode,,,,,0.0005,,,,,,,,,,,,,,,,,,,,,,,,,103.0,2023-11-14,2023-11-20,5.0,159915.SZ,513100.SH,创业板,纳指,-0.006035092271563958,0.006041025466650973,0.012076117738214931,0.012076117738214931,85.0,,,,,,,,,,,,,,
divergence_episode,,,,,0.0005,,,,,,,,,,,,,,,,,,,,,,,,,104.0,2023-11-22,2023-11-27,4.0,513100.SH,159915.SZ,纳指,创业板,-0.0025413867459309625,-0.02744691869497695,-0.02490553194904599,0.02490553194904599,46.0,,,,,,,,,,,,,,
divergence_episode,,,,,0.0005,,,,,,,,,,,,,,,,,,,,,,,,,105.0,2024-01-11,2024-01-16,4.0,513100.SH,518880.SH,纳指,黄金,0.00496277915632759,0.01872707821572228,0.013764299059394691,0.013764299059394691,77.0,,,,,,,,,,,,,,
divergence_episode,,,,,0.0005,,,,,,,,,,,,,,,,,,,,,,,,,106.0,2024-01-22,2024-01-23,2.0,518880.SH,513100.SH,黄金,纳指,-0.002369157872065597,0.0012302276799864842,0.003599385552052081,0.003599385552052081,116.0,,,,,,,,,,,,,,
divergence_episode,,,,,0.0005,,,,,,,,,,,,,,,,,,,,,,,,,107.0,2024-03-04,2024-03-04,1.0,159915.SZ,510300.SH,创业板,沪深300,0.0035006223347058274,-0.0008498583569405138,-0.004350480691646341,0.004350480691646341,112.0,,,,,,,,,,,,,,
divergence_episode,,,,,0.0005,,,,,,,,,,,,,,,,,,,,,,,,,108.0,2024-03-22,2024-03-22,1.0,159915.SZ,518880.SH,创业板,黄金,-0.015709642470205898,-0.0020192028781413907,0.013690439592064507,0.013690439592064507,79.0,,,,,,,,,,,,,,
divergence_episode,,,,,0.0005,,,,,,,,,,,,,,,,,,,,,,,,,109.0,2024-05-07,2024-05-20,10.0,518880.SH,510300.SH,黄金,沪深300,-0.008916137441383865,0.014307096805039166,0.02322323424642303,0.02322323424642303,50.0,,,,,,,,,,,,,,
divergence_episode,,,,,0.0005,,,,,,,,,,,,,,,,,,,,,,,,,110.0,2024-07-15,2024-07-17,3.0,513100.SH,518880.SH,纳指,黄金,0.020107238605898248,0.030630631725814483,0.010523393119916236,0.010523393119916236,92.0,,,,,,,,,,,,,,
divergence_episode,,,,,0.0005,,,,,,,,,,,,,,,,,,,,,,,,,111.0,2024-07-22,2024-07-26,5.0,518880.SH,510300.SH,黄金,沪深300,-0.013824884792626668,-0.034274439709201854,-0.020449554916575186,0.020449554916575186,57.0,,,,,,,,,,,,,,
divergence_episode,,,,,0.0005,,,,,,,,,,,,,,,,,,,,,,,,,112.0,2024-08-22,2024-08-28,5.0,513100.SH,518880.SH,纳指,黄金,-0.025029615019920515,-0.0016254289326349536,0.02340418608728556,0.02340418608728556,49.0,,,,,,,,,,,,,,
divergence_episode,,,,,0.0005,,,,,,,,,,,,,,,,,,,,,,,,,113.0,2024-09-02,2024-09-05,4.0,518880.SH,513100.SH,黄金,纳指,-0.003621876131836399,-0.052167172014277896,-0.0485452958824415,0.0485452958824415,18.0,,,,,,,,,,,,,,
divergence_episode,,,,,0.0005,,,,,,,,,,,,,,,,,,,,,,,,,114.0,2024-09-09,2024-09-12,4.0,513100.SH,518880.SH,纳指,黄金,0.035714285714285365,-0.009527789308358736,-0.0452420750226441,0.0452420750226441,21.0,,,,,,,,,,,,,,
divergence_episode,,,,,0.0005,,,,,,,,,,,,,,,,,,,,,,,,,115.0,2024-09-25,2024-09-25,1.0,159915.SZ,518880.SH,创业板,黄金,-0.0030787589429028817,0.007547832192382087,0.010626591135284968,0.010626591135284968,91.0,,,,,,,,,,,,,,
divergence_episode,,,,,0.0005,,,,,,,,,,,,,,,,,,,,,,,,,116.0,2024-11-04,2024-11-04,1.0,159915.SZ,518880.SH,创业板,黄金,0.02927063339731273,-0.0032701502779135527,-0.03254078367522628,0.03254078367522628,35.0,,,,,,,,,,,,,,
divergence_episode,,,,,0.0005,,,,,,,,,,,,,,,,,,,,,,,,,117.0,2024-11-11,2024-11-11,1.0,518880.SH,159915.SZ,黄金,创业板,0.0011868429976265027,0.043531027466938266,0.04234418446931176,0.04234418446931176,24.0,,,,,,,,,,,,,,
divergence_episode,,,,,0.0005,,,,,,,,,,,,,,,,,,,,,,,,,118.0,2024-11-18,2024-11-18,1.0,159915.SZ,513100.SH,创业板,纳指,-0.02495462794918335,0.004821681449860726,0.029776309399044076,0.029776309399044076,40.0,,,,,,,,,,,,,,
divergence_episode,,,,,0.0005,,,,,,,,,,,,,,,,,,,,,,,,,119.0,2025-02-11,2025-02-17,5.0,159915.SZ,518880.SH,创业板,黄金,0.03531679815799693,-0.003682111077017547,-0.03899890923501448,0.03899890923501448,29.0,,,,,,,,,,,,,,
divergence_episode,,,,,0.0005,,,,,,,,,,,,,,,,,,,,,,,,,120.0,2025-02-20,2025-02-25,4.0,518880.SH,159915.SZ,黄金,创业板,-0.007964779453274673,0.005491990846681949,0.013456770299956622,0.013456770299956622,80.0,,,,,,,,,,,,,,
divergence_episode,,,,,0.0005,,,,,,,,,,,,,,,,,,,,,,,,,121.0,2025-02-27,2025-03-05,5.0,159915.SZ,518880.SH,创业板,黄金,-0.03261939442836026,0.004295137290995621,0.03691453171935588,0.03691453171935588,31.0,,,,,,,,,,,,,,
divergence_episode,,,,,0.0005,,,,,,,,,,,,,,,,,,,,,,,,,122.0,2025-03-10,2025-03-14,5.0,518880.SH,159915.SZ,黄金,创业板,0.02356091982489561,0.01274417675709305,-0.010816743067802559,0.010816743067802559,90.0,,,,,,,,,,,,,,
divergence_episode,,,,,0.0005,,,,,,,,,,,,,,,,,,,,,,,,,123.0,2025-03-20,2025-03-21,2.0,510300.SH,518880.SH,沪深300,黄金,-0.024093453394986697,-0.0077400200845515466,0.01635343331043515,0.01635343331043515,67.0,,,,,,,,,,,,,,
divergence_episode,,,,,0.0005,,,,,,,,,,,,,,,,,,,,,,,,,124.0,2025-05-09,2025-05-15,5.0,513100.SH,159915.SZ,纳指,创业板,0.04114182852198911,-0.002335801403953841,-0.04347762992594295,0.04347762992594295,23.0,,,,,,,,,,,,,,
divergence_episode,,,,,0.0005,,,,,,,,,,,,,,,,,,,,,,,,,125.0,2025-07-07,2025-07-07,1.0,159915.SZ,513100.SH,创业板,纳指,-0.010782934833567848,-0.0030610423379264784,0.007721892495641369,0.007721892495641369,103.0,,,,,,,,,,,,,,
divergence_episode,,,,,0.0005,,,,,,,,,,,,,,,,,,,,,,,,,126.0,2025-07-14,2025-07-14,1.0,513100.SH,159915.SZ,纳指,创业板,-0.006123698714023296,-0.0066568369129816896,-0.0005331381989583939,0.0005331381989583939,131.0,,,,,,,,,,,,,,
divergence_episode,,,,,0.0005,,,,,,,,,,,,,,,,,,,,,,,,,127.0,2025-09-23,2025-10-14,10.0,159915.SZ,518880.SH,创业板,黄金,-0.011096811689283781,0.03800740348499865,0.04910421517428243,0.04910421517428243,17.0,,,,,,,,,,,,,,
divergence_episode,,,,,0.0005,,,,,,,,,,,,,,,,,,,,,,,,,128.0,2025-10-28,2025-10-28,1.0,518880.SH,513100.SH,黄金,纳指,-0.03556203724478346,-0.02239619794727654,0.01316583929750692,0.01316583929750692,82.0,,,,,,,,,,,,,,
divergence_episode,,,,,0.0005,,,,,,,,,,,,,,,,,,,,,,,,,129.0,2025-12-24,2025-12-30,5.0,159915.SZ,518880.SH,创业板,黄金,0.018343317405352666,-0.028633675692499305,-0.04697699309785197,0.04697699309785197,20.0,,,,,,,,,,,,,,
divergence_episode,,,,,0.0005,,,,,,,,,,,,,,,,,,,,,,,,,130.0,2026-01-08,2026-01-08,1.0,518880.SH,159915.SZ,黄金,创业板,-0.011617574167645417,-0.007248565388100259,0.004369008779545158,0.004369008779545158,111.0,,,,,,,,,,,,,,
divergence_episode,,,,,0.0005,,,,,,,,,,,,,,,,,,,,,,,,,131.0,2026-01-15,2026-01-15,1.0,159915.SZ,518880.SH,创业板,黄金,0.006680598322084785,-0.005543237250554278,-0.012223835572639064,0.012223835572639064,84.0,,,,,,,,,,,,,,
divergence_episode,,,,,0.0005,,,,,,,,,,,,,,,,,,,,,,,,,132.0,2026-01-22,2026-01-22,1.0,518880.SH,159915.SZ,黄金,创业板,0.009163295518059389,0.010362694300518172,0.0011993987824587826,0.0011993987824587826,126.0,,,,,,,,,,,,,,
divergence_episode,,,,,0.0005,,,,,,,,,,,,,,,,,,,,,,,,,133.0,2026-04-27,2026-04-27,1.0,159915.SZ,513100.SH,创业板,纳指,-0.0059880239520957446,0.008417810634031131,0.014405834586126876,0.014405834586126876,74.0,,,,,,,,,,,,,,
divergence_episode_summary,,,,,0.0001,,,,,,,,,,,,,,,,,,,,,,,,,,,,,,,,,,,,,,133.0,0.20999622466761736,3.4053273550038674,0.1182535681339016,0.18176146080058084,,,,,,,,,
divergence_episode_summary,,,,,0.0005,,,,,,,,,,,,,,,,,,,,,,,,,,,,,,,,,,,,,,133.0,0.1975600086055278,3.4051943313945707,0.11843901411833868,0.18215289647795516,,,,,,,,,
check_2024_09_11,,k0,,,0.0001,,,,,,,,,,,,,,,,,,,,,,,,,,,,,,,,,,,,,,,,,,,2024-09-01,2024-11-30,53.0,58.0,False,46.0,58.0,False,-0.29377336980694946
check_2024_09_11,,k1,,,0.0001,,,,,,,,,,,,,,,,,,,,,,,,,,,,,,,,,,,,,,,,,,,2024-09-01,2024-11-30,53.0,58.0,False,46.0,58.0,False,-0.25504107542942467
check_2024_09_11,,k0,,,0.0005,,,,,,,,,,,,,,,,,,,,,,,,,,,,,,,,,,,,,,,,,,,2024-09-01,2024-11-30,53.0,58.0,False,46.0,58.0,False,-0.2949152314519986
check_2024_09_11,,k1,,,0.0005,,,,,,,,,,,,,,,,,,,,,,,,,,,,,,,,,,,,,,,,,,,2024-09-01,2024-11-30,53.0,58.0,False,46.0,58.0,False,-0.25504107542942467
