date,nav,cash,deposit,return,cash_weight,positions
2013-01-04,20000.0,20000.0,20000.0,,1.0,{}
2013-01-07,20000.0,20000.0,0.0,0.0,1.0,{}
2013-01-08,20000.0,20000.0,0.0,0.0,1.0,{}
2013-01-09,20000.0,20000.0,0.0,0.0,1.0,{}
2013-01-10,20000.0,20000.0,0.0,0.0,1.0,{}
2013-01-11,20000.0,20000.0,0.0,0.0,1.0,{}
2013-01-14,20000.0,20000.0,0.0,0.0,1.0,{}
2013-01-15,20000.0,20000.0,0.0,0.0,1.0,{}
2013-01-16,20000.0,20000.0,0.0,0.0,1.0,{}
2013-01-17,20000.0,20000.0,0.0,0.0,1.0,{}
2013-01-18,20000.0,20000.0,0.0,0.0,1.0,{}
2013-01-21,20000.0,20000.0,0.0,0.0,1.0,{}
2013-01-22,20000.0,20000.0,0.0,0.0,1.0,{}
2013-01-23,20000.0,20000.0,0.0,0.0,1.0,{}
2013-01-24,20000.0,20000.0,0.0,0.0,1.0,{}
2013-01-25,20000.0,20000.0,0.0,0.0,1.0,{}
2013-01-28,20000.0,20000.0,0.0,0.0,1.0,{}
2013-01-29,20000.0,20000.0,0.0,0.0,1.0,{}
2013-01-30,20000.0,20000.0,0.0,0.0,1.0,{}
2013-01-31,20000.0,20000.0,0.0,0.0,1.0,{}
2013-02-01,40000.0,40000.0,20000.0,0.0,1.0,{}
2013-02-04,40000.0,40000.0,0.0,0.0,1.0,{}
2013-02-05,40000.0,40000.0,0.0,0.0,1.0,{}
2013-02-06,40000.0,40000.0,0.0,0.0,1.0,{}
2013-02-07,40000.0,40000.0,0.0,0.0,1.0,{}
2013-02-08,40000.0,40000.0,0.0,0.0,1.0,{}
2013-02-18,40000.0,40000.0,0.0,0.0,1.0,{}
2013-02-19,40000.0,40000.0,0.0,0.0,1.0,{}
2013-02-20,40000.0,40000.0,0.0,0.0,1.0,{}
2013-02-21,40000.0,40000.0,0.0,0.0,1.0,{}
2013-02-22,40000.0,40000.0,0.0,0.0,1.0,{}
2013-02-25,40000.0,40000.0,0.0,0.0,1.0,{}
2013-02-26,40000.0,40000.0,0.0,0.0,1.0,{}
2013-02-27,40000.0,40000.0,0.0,0.0,1.0,{}
2013-02-28,40000.0,40000.0,0.0,0.0,1.0,{}
2013-03-01,60000.0,60000.0,20000.0,0.0,1.0,{}
2013-03-04,60000.0,60000.0,0.0,0.0,1.0,{}
2013-03-05,60000.0,60000.0,0.0,0.0,1.0,{}
2013-03-06,60000.0,60000.0,0.0,0.0,1.0,{}
2013-03-07,60000.0,60000.0,0.0,0.0,1.0,{}
2013-03-08,60000.0,60000.0,0.0,0.0,1.0,{}
2013-03-11,60000.0,60000.0,0.0,0.0,1.0,{}
2013-03-12,60000.0,60000.0,0.0,0.0,1.0,{}
2013-03-13,60000.0,60000.0,0.0,0.0,1.0,{}
2013-03-14,60000.0,60000.0,0.0,0.0,1.0,{}
2013-03-15,60000.0,60000.0,0.0,0.0,1.0,{}
2013-03-18,60000.0,60000.0,0.0,0.0,1.0,{}
2013-03-19,60000.0,60000.0,0.0,0.0,1.0,{}
2013-03-20,60000.0,60000.0,0.0,0.0,1.0,{}
2013-03-21,60000.0,60000.0,0.0,0.0,1.0,{}
2013-03-22,60000.0,60000.0,0.0,0.0,1.0,{}
2013-03-25,60000.0,60000.0,0.0,0.0,1.0,{}
2013-03-26,60000.0,60000.0,0.0,0.0,1.0,{}
2013-03-27,60000.0,60000.0,0.0,0.0,1.0,{}
2013-03-28,60000.0,60000.0,0.0,0.0,1.0,{}
2013-03-29,60000.0,60000.0,0.0,0.0,1.0,{}
2013-04-01,80000.0,80000.0,20000.0,0.0,1.0,{}
2013-04-02,80000.0,80000.0,0.0,0.0,1.0,{}
2013-04-03,80000.0,80000.0,0.0,0.0,1.0,{}
2013-04-08,80000.0,80000.0,0.0,0.0,1.0,{}
2013-04-09,80000.0,80000.0,0.0,0.0,1.0,{}
2013-04-10,80000.0,80000.0,0.0,0.0,1.0,{}
2013-04-11,80000.0,80000.0,0.0,0.0,1.0,{}
2013-04-12,80000.0,80000.0,0.0,0.0,1.0,{}
2013-04-15,80000.0,80000.0,0.0,0.0,1.0,{}
2013-04-16,80000.0,80000.0,0.0,0.0,1.0,{}
2013-04-17,80000.0,80000.0,0.0,0.0,1.0,{}
2013-04-18,80000.0,80000.0,0.0,0.0,1.0,{}
2013-04-19,79995.0685,9901.968500000003,0.0,-6.164375000006217e-05,0.12378223665125061,{'511880.SH': 0.8762177633487493}
2013-04-22,79960.7685,9901.968500000003,0.0,-0.00042877643138694577,0.12383533432398167,{'511880.SH': 0.8761646656760184}
2013-04-23,79922.2685,9901.968500000003,0.0,-0.00048148611778287,0.12389498804078618,{'511880.SH': 0.8761050119592139}
2013-04-24,79963.5685,9901.968500000003,0.0,0.000516752098947082,0.12383099811259678,{'511880.SH': 0.8761690018874032}
2013-04-25,79971.2685,9901.968500000003,0.0,9.629385161824544e-05,0.12381907509695188,{'511880.SH': 0.8761809249030481}
2013-04-26,80014.6685,9901.968500000003,0.0,0.0005426949054834207,0.12375191556283212,{'511880.SH': 0.8762480844371678}
2013-05-02,100054.5517,9858.351700000003,20000.0,0.0004984486063326354,0.0985297673369117,{'511880.SH': 0.9014702326630883}
2013-05-03,100086.9517,9858.351700000003,0.0,0.00032382334885827646,0.09849787142633101,{'511880.SH': 0.9015021285736691}
2013-05-06,100094.1517,9858.351700000003,0.0,7.193744916489386e-05,0.0984907862504019,{'511880.SH': 0.9015092137495981}
2013-05-07,100095.05170000001,9858.351700000003,0.0,8.991534317770444e-06,0.09848990067508004,{'511880.SH': 0.90151009932492}
2013-05-08,100097.75170000001,9858.351700000003,0.0,2.6974360411768927e-05,0.09848724404466322,{'511880.SH': 0.9015127559553369}
2013-05-09,100100.4517,9858.351700000003,0.0,2.6973632815341375e-05,0.09848458755756047,{'511880.SH': 0.9015154124424396}
2013-05-10,100115.7517,9858.351700000003,0.0,0.00015284646312929695,0.09846953683712893,{'511880.SH': 0.9015304631628711}
2013-05-13,100127.4517,9858.351700000003,0.0,0.00011686472709171447,0.09845803056625681,{'511880.SH': 0.9015419694337432}
2013-05-14,100132.8517,9858.351700000003,0.0,5.3931263687578834e-05,0.09845272088660592,{'511880.SH': 0.9015472791133942}
2013-05-15,100138.25170000001,9858.351700000003,0.0,5.3928355263410666e-05,0.09844741177960871,{'511880.SH': 0.9015525882203913}
2013-05-16,100143.65169999999,9858.351700000003,0.0,5.392544715232539e-05,0.0984421032451726,{'511880.SH': 0.9015578967548274}
2013-05-17,100149.95169999999,9858.351700000003,0.0,6.290962924815346e-05,0.09843591067852711,{'511880.SH': 0.9015640893214729}
2013-05-20,100149.95169999999,9858.351700000003,0.0,0.0,0.09843591067852711,{'511880.SH': 0.9015640893214729}
2013-05-21,100127.4517,9858.351700000003,0.0,-0.0002246631138413946,0.09845803056625681,{'511880.SH': 0.9015419694337432}
2013-05-22,100147.2517,9858.351700000003,0.0,0.00019774796685445573,0.09843856454025891,{'511880.SH': 0.9015614354597411}
2013-05-23,100191.3517,9858.351700000003,0.0,0.0004403515748201414,0.09839523604311252,{'511880.SH': 0.9016047639568875}
2013-05-24,100197.6517,9858.351700000003,0.0,6.287967866591693e-05,0.0983890493713038,{'511880.SH': 0.9016109506286962}
2013-05-27,100219.2517,9858.351700000003,0.0,0.0002155739144931168,0.09836784383014908,{'511880.SH': 0.9016321561698509}
2013-05-28,100222.8517,9858.351700000003,0.0,3.5921242066194736e-05,0.09836431046194231,{'511880.SH': 0.9016356895380577}
2013-05-29,100230.0517,9858.351700000003,0.0,7.183990355352776e-05,0.09835724448698457,{'511880.SH': 0.9016427555130154}
2013-05-30,100230.0517,9858.351700000003,0.0,0.0,0.09835724448698457,{'511880.SH': 0.9016427555130154}
2013-05-31,100246.2517,9858.351700000003,0.0,0.00016162817164344645,0.09834134975442681,{'511880.SH': 0.9016586502455732}
2013-06-03,120263.3117,9768.311700000006,20000.0,0.00017018092657528072,0.08122436977594061,{'511880.SH': 0.9187756302240594}
2013-06-04,120268.8117,9768.311700000006,0.0,4.5732983087409806e-05,0.08122065531308484,{'511880.SH': 0.9187793446869151}
2013-06-05,120277.6117,9768.311700000006,0.0,7.316942668333937e-05,0.08121471287910521,{'511880.SH': 0.9187852871208948}
2013-06-06,120288.61170000001,9768.311700000006,0.0,9.145509163799304e-05,0.081207286059317,{'511880.SH': 0.918792713940683}
2013-06-07,120307.3117,9768.311700000006,0.0,0.0001554594382271457,0.08119466358252941,{'511880.SH': 0.9188053364174705}
2013-06-13,120302.91170000001,9768.311700000006,0.0,-3.6573005728568475e-05,0.08119763322403446,{'511880.SH': 0.9188023667759655}
2013-06-14,120330.4117,9768.311700000006,0.0,0.00022858964601413234,0.08117907652766725,{'511880.SH': 0.9188209234723328}
2013-06-17,120395.31169999999,9768.311700000006,0.0,0.0005393482751625545,0.08113531633474733,{'511880.SH': 0.9188646836652526}
2013-06-18,120400.8117,9768.311700000006,0.0,4.568284198414041e-05,0.08113161001222723,{'511880.SH': 0.9188683899877728}
2013-06-19,120401.9117,9768.311700000006,0.0,9.13615103126375e-06,0.08113086878835667,{'511880.SH': 0.9188691312116434}
2013-06-20,120387.61170000001,9768.311700000006,0.0,-0.0001187688783182983,0.0811405057552114,{'511880.SH': 0.9188594942447886}
2013-06-21,120417.3117,9768.311700000006,0.0,0.0002467031248531981,0.0811204930760799,{'511880.SH': 0.9188795069239201}
2013-06-24,120343.61170000001,9768.311700000006,0.0,-0.0006120382439993577,0.08117017232581532,{'511880.SH': 0.9188298276741846}
2013-06-25,120364.5117,9768.311700000006,0.0,0.00017366937641938307,0.08115607800035636,{'511880.SH': 0.9188439219996436}
2013-06-26,120394.21170000001,9768.311700000006,0.0,0.0002467504713850044,0.08113605763988739,{'511880.SH': 0.9188639423601126}
2013-06-27,120417.3117,9768.311700000006,0.0,0.0001918696893630223,0.0811204930760799,{'511880.SH': 0.9188795069239201}
2013-06-28,120520.7117,9768.311700000006,0.0,0.0008586805214318982,0.08105089625022523,{'511880.SH': 0.9189491037497748}
2013-07-01,140577.04270000002,9620.242700000006,20000.0,0.00046739684163354944,0.06843395276517654,{'511880.SH': 0.9315660472348234}
2013-07-02,140599.1427,9620.242700000006,0.0,0.00015720916854933265,0.06842319601142209,{'511880.SH': 0.9315768039885779}
2013-07-03,140627.74270000003,9620.242700000006,0.0,0.0002034151805681006,0.06840928052527152,{'511880.SH': 0.9315907194747284}
2013-07-04,140647.24270000003,9620.242700000006,0.0,0.00013866396221406951,0.06839979593855204,{'511880.SH': 0.9316002040614478}
2013-07-05,140686.2427,9620.242700000006,0.0,0.0002772894743707788,0.06838083465285413,{'511880.SH': 0.9316191653471458}
2013-07-08,140748.6427,9620.242700000006,0.0,0.0004435401699727226,0.06835051845228207,{'511880.SH': 0.931649481547718}
2013-07-09,140769.4427,9620.242700000006,0.0,0.0001477811764363235,0.06834041902476044,{'511880.SH': 0.9316595809752396}
2013-07-10,140795.44269999999,9620.242700000006,0.0,0.00018469917548347148,0.06832779893663424,{'511880.SH': 0.9316722010633658}
2013-07-11,140782.4427,9620.242700000006,0.0,-9.23325339987624e-05,0.06833410839802118,{'511880.SH': 0.9316658916019789}
2013-07-12,140869.5427,9620.242700000006,0.0,0.000618685102556249,0.06829185724331883,{'511880.SH': 0.9317081427566812}
2013-07-15,140909.8427,9620.242700000006,0.0,0.00028608029264232115,0.06827232587635275,{'511880.SH': 0.9317276741236473}
2013-07-16,140935.8427,9620.242700000006,0.0,0.00018451514459050244,0.06825973092223193,{'511880.SH': 0.9317402690777681}
2013-07-17,140960.54270000002,9620.242700000006,0.0,0.0001752570497810524,0.0682477700194042,{'511880.SH': 0.9317522299805958}
2013-07-18,140985.2427,9620.242700000006,0.0,0.00017522634012956395,0.06823581330757256,{'511880.SH': 0.9317641866924274}
2013-07-19,141059.3427,9620.242700000006,0.0,0.0005255869237157373,0.06819996829603833,{'511880.SH': 0.9318000317039618}
2013-07-22,141082.7427,9620.242700000006,0.0,0.00016588762964642179,0.0681886566414193,{'511880.SH': 0.9318113433585807}
2013-07-23,141098.3427,9620.242700000006,0.0,0.00011057341033682277,0.06818111762272319,{'511880.SH': 0.9318188823772768}
2013-07-24,141106.1427,9620.242700000006,0.0,5.5280592604622925e-05,0.0681773487384827,{'511880.SH': 0.9318226512615173}
2013-07-25,141103.54270000002,9620.242700000006,0.0,-1.842584560973748e-05,0.06817860498693208,{'511880.SH': 0.9318213950130679}
2013-07-26,141156.8427,9620.242700000006,0.0,0.00037773679512298486,0.06815286114358525,{'511880.SH': 0.9318471388564148}
2013-07-29,141167.2427,9620.242700000006,0.0,7.367691003179466e-05,0.0681478402212924,{'511880.SH': 0.9318521597787076}
2013-07-30,141178.9427,9620.242700000006,0.0,8.288041741288943e-05,0.06814219256792893,{'511880.SH': 0.9318578074320711}
2013-07-31,141214.0427,9620.242700000006,0.0,0.00024862064645558846,0.06812525522293547,{'511880.SH': 0.9318747447770646}
2013-08-01,161225.1202,9365.120200000008,20000.0,7.844474804508117e-05,0.05808722727812243,{'511880.SH': 0.9419127727218776}
2013-08-02,161301.6202,9365.120200000008,0.0,0.00047449181557501774,0.05805967843588969,{'511880.SH': 0.9419403215641103}
2013-08-05,161303.1202,9365.120200000008,0.0,9.299348624924875e-06,0.058059138523719696,{'511880.SH': 0.9419408614762803}
2013-08-06,161315.1202,9365.120200000008,0.0,7.439409718257295e-05,0.05805481958782936,{'511880.SH': 0.9419451804121707}
2013-08-07,161331.6202,9365.120200000008,0.0,0.00010228427427971809,0.05804888210005101,{'511880.SH': 0.941951117899949}
2013-08-08,161334.6202,9365.120200000008,0.0,1.859523877767444e-05,0.058047802687299525,{'511880.SH': 0.9419521973127005}
2013-08-09,161385.6202,9365.120200000008,0.0,0.0003161131810194284,0.058029458810482104,{'511880.SH': 0.941970541189518}
2013-08-12,161397.6202,9365.120200000008,0.0,7.43560670717347e-05,0.05802514428896151,{'511880.SH': 0.9419748557110386}
2013-08-13,161420.1202,9365.120200000008,0.0,0.00013940725998384806,0.05801705629011177,{'511880.SH': 0.9419829437098882}
2013-08-14,161435.1202,9365.120200000008,0.0,9.292521887238614e-05,0.05801166554339399,{'511880.SH': 0.941988334456606}
2013-08-15,161478.6202,9365.120200000008,0.0,0.0002694580952775638,0.057996038041449705,{'511880.SH': 0.9420039619585503}
2013-08-16,161507.1202,9365.120200000008,0.0,0.00017649395297469894,0.05798580389770338,{'511880.SH': 0.9420141961022966}
2013-08-19,161526.6202,9365.120200000008,0.0,0.00012073771098042307,0.05797880366966292,{'511880.SH': 0.9420211963303371}
2013-08-20,161544.6202,9365.120200000008,0.0,0.00011143674013425198,0.05797234342069417,{'511880.SH': 0.9420276565793059}
2013-08-21,161568.6202,9365.120200000008,0.0,0.00014856576449462366,0.05796373199453744,{'511880.SH': 0.9420362680054626}
2013-08-22,161601.6202,9365.120200000008,0.0,0.00020424758198189785,0.057951895460018464,{'511880.SH': 0.9420481045399816}
2013-08-23,161642.1202,9365.120200000008,0.0,0.00025061629920464235,0.05793737540940773,{'511880.SH': 0.9420626245905923}
2013-08-26,161645.1202,9365.120200000008,0.0,1.855951899343289e-05,0.05793630013954488,{'511880.SH': 0.9420636998604551}
2013-08-27,161669.1202,9365.120200000008,0.0,0.0001484733963530438,0.057927699417269475,{'511880.SH': 0.9420723005827305}
2013-08-28,161708.1202,9365.120200000008,0.0,0.0002412334523238524,0.057913728688560984,{'511880.SH': 0.9420862713114391}
2013-08-29,161747.1202,9365.120200000008,0.0,0.00024117527278022521,0.05789976469701628,{'511880.SH': 0.9421002353029837}
2013-08-30,161774.1202,9365.120200000008,0.0,0.00016692723781797092,0.05789010126231556,{'511880.SH': 0.9421098987376845}
2013-09-02,181804.4586,9031.758600000008,20000.0,0.0001875355586078431,0.04967842191302567,{'511880.SH': 0.9503215780869744}
2013-09-03,181819.7586,9031.758600000008,0.0,8.415635192782212e-05,0.0496742415100754,{'511880.SH': 0.9503257584899246}
2013-09-04,181846.9586,9031.758600000008,0.0,0.0001495987026352008,0.049666811419523005,{'511880.SH': 0.950333188580477}
2013-09-05,181853.7586,9031.758600000008,0.0,3.7394081552566405e-05,0.04966495424417369,{'511880.SH': 0.9503350457558264}
2013-09-06,181901.3586,9031.758600000008,0.0,0.00026174878301366,0.04965195790461791,{'511880.SH': 0.9503480420953822}
2013-09-09,181950.6586,9031.758600000008,0.0,0.0002710260131064679,0.04963850457862541,{'511880.SH': 0.9503614954213746}
2013-09-10,181952.3586,9031.758600000008,0.0,9.34319234180414e-06,0.04963804080086274,{'511880.SH': 0.9503619591991374}
2013-09-11,181972.7586,9031.758600000008,0.0,0.00011211726056736815,0.04963247614360235,{'511880.SH': 0.9503675238563977}
2013-09-12,181971.0586,9031.758600000008,0.0,-9.342057641470447e-06,0.049632939817387034,{'511880.SH': 0.950367060182613}
2013-09-13,182028.8586,9031.758600000008,0.0,0.0003176329271517009,0.049617179767340515,{'511880.SH': 0.9503828202326595}
2013-09-16,182064.55860000002,9031.758600000008,0.0,0.00019612274819813535,0.04960745061779425,{'511880.SH': 0.9503925493822057}
2013-09-17,182091.7586,9031.758600000008,0.0,0.00014939755551068856,0.04960004049299136,{'511880.SH': 0.9503999595070087}
2013-09-18,182175.05860000002,9031.758600000008,0.0,0.0004574616700967482,0.049577360750743336,{'511880.SH': 0.9504226392492567}
2013-09-23,182192.0586,9031.758600000008,0.0,9.331683563384985e-05,0.04957273477999995,{'511880.SH': 0.9504272652200001}
2013-09-24,182180.1586,9031.758600000008,0.0,-6.531568989032177e-05,0.04957597286886986,{'511880.SH': 0.9504240271311302}
2013-09-25,182190.3586,9031.758600000008,0.0,5.598853397859038e-05,0.04957319733822626,{'511880.SH': 0.9504268026617738}
2013-09-26,182236.2586,9031.758600000008,0.0,0.0002519342974716121,0.0495607112952439,{'511880.SH': 0.9504392887047561}
2013-09-27,182295.7586,9031.758600000008,0.0,0.00032649924036576294,0.04954453504218835,{'511880.SH': 0.9504554649578116}
2013-09-30,182481.0586,9031.758600000008,0.0,0.0010164800400351837,0.04949422515022613,{'511880.SH': 0.9505057748497739}
2013-10-08,202519.4553,8614.955300000012,20000.0,0.00021041471533855827,0.04253890218714218,{'511880.SH': 0.9574610978128579}
2013-10-09,202576.4553,8614.955300000012,0.0,0.0002814544405898012,0.04252693279306291,{'511880.SH': 0.9574730672069371}
2013-10-10,202604.9553,8614.955300000012,0.0,0.00014068762313868,0.04252095062158636,{'511880.SH': 0.9574790493784137}
2013-10-11,202671.4553,8614.955300000012,0.0,0.0003282249434695128,0.04250699876431988,{'511880.SH': 0.9574930012356802}
2013-10-14,202709.4553,8614.955300000012,0.0,0.00018749556983133076,0.042499030384400685,{'511880.SH': 0.9575009696155994}
2013-10-15,202745.5553,8614.955300000012,0.0,0.0001780874007411004,0.042491463190167465,{'511880.SH': 0.9575085368098326}
2013-10-16,202794.9553,8614.955300000012,0.0,0.00024365515646884717,0.04248111244806696,{'511880.SH': 0.9575188875519332}
2013-10-17,202779.7553,8614.955300000012,0.0,-7.495255479861296e-05,0.042484296754647544,{'511880.SH': 0.9575157032453525}
2013-10-18,202851.9553,8614.955300000012,0.0,0.00035605132224958425,0.042469175548538636,{'511880.SH': 0.9575308244514614}
2013-10-21,202882.3553,8614.955300000012,0.0,0.00014986298729557923,0.042462811944691634,{'511880.SH': 0.9575371880553084}
2013-10-22,202927.9553,8614.955300000012,0.0,0.00022476079761868384,0.04245327011383932,{'511880.SH': 0.9575467298861607}
2013-10-23,202956.4553,8614.955300000012,0.0,0.0001404439322214568,0.04244730864690074,{'511880.SH': 0.9575526913530993}
2013-10-24,202964.0553,8614.955300000012,0.0,3.744645613146247e-05,0.042445719205138545,{'511880.SH': 0.9575542807948615}
2013-10-25,203011.55529999998,8614.955300000012,0.0,0.00023403158716828187,0.042435787890345834,{'511880.SH': 0.9575642121096543}
2013-10-28,203011.55529999998,8614.955300000012,0.0,0.0,0.042435787890345834,{'511880.SH': 0.9575642121096543}
2013-10-29,203002.0553,8614.955300000012,0.0,-4.679536583984678e-05,0.042437773781495366,{'511880.SH': 0.9575622262185047}
2013-10-30,203019.15529999998,8614.955300000012,0.0,8.42356003474265e-05,0.042434199311241115,{'511880.SH': 0.957565800688759}
2013-10-31,203051.4553,8614.955300000012,0.0,0.0001590982878059144,0.04242744917672113,{'511880.SH': 0.957572550823279}
2013-11-01,223134.71920000002,8132.519200000013,20000.0,0.00041006305459379,0.036446677725265504,{'511880.SH': 0.9635533222747346}
2013-11-04,223191.41920000003,8132.519200000013,0.0,0.0002541065783185914,0.03643741873746736,{'511880.SH': 0.9635625812625327}
2013-11-05,223208.21920000002,8132.519200000013,0.0,7.527171098331564e-05,0.036434676237047874,{'511880.SH': 0.9635653237629521}
2013-11-06,223237.61920000002,8132.519200000013,0.0,0.00013171557976399129,0.03642987785456553,{'511880.SH': 0.9635701221454345}
2013-11-07,223267.0192,8132.519200000013,0.0,0.0001316982330548111,0.03642508073579375,{'511880.SH': 0.9635749192642062}
2013-11-08,223330.0192,8132.519200000013,0.0,0.0002821733376732194,0.036414805448599596,{'511880.SH': 0.9635851945514005}
2013-11-11,223378.31920000003,8132.519200000013,0.0,0.00021627186606187898,0.0364069316535533,{'511880.SH': 0.9635930683464468}
2013-11-12,223399.3192,8132.519200000013,0.0,9.401091419780627e-05,0.036403509326361515,{'511880.SH': 0.9635964906736385}
2013-11-13,223426.61920000002,8132.519200000013,0.0,0.0001222027000697956,0.03639906126279519,{'511880.SH': 0.9636009387372049}
2013-11-14,223453.91920000003,8132.519200000013,0.0,0.00012218776839478807,0.03639461428609399,{'511880.SH': 0.963605385713906}
2013-11-15,223514.81920000003,8132.519200000013,0.0,0.00027253941312843644,0.036384698021848266,{'511880.SH': 0.9636153019781517}
2013-11-18,223556.8192,8132.519200000013,0.0,0.0001879070038859343,0.03637786236672316,{'511880.SH': 0.9636221376332769}
2013-11-19,223586.2192,8132.519200000013,0.0,0.00013151019103418982,0.03637307893616376,{'511880.SH': 0.9636269210638363}
2013-11-20,223613.5192,8132.519200000013,0.0,0.00012210054849393082,0.036368638305478686,{'511880.SH': 0.9636313616945213}
2013-11-21,223647.11920000002,8132.519200000013,0.0,0.00015025925140932372,0.03636317440211415,{'511880.SH': 0.9636368255978859}
2013-11-22,223708.0192,8132.519200000013,0.0,0.0002723039769876312,0.036353275260684145,{'511880.SH': 0.9636467247393159}
2013-11-25,223754.21920000002,8132.519200000013,0.0,0.0002065191948201761,0.03634576916170174,{'511880.SH': 0.9636542308382983}
2013-11-26,223779.4192,8132.519200000013,0.0,0.00011262357460828376,0.036341676232217214,{'511880.SH': 0.9636583237677828}
2013-11-27,223806.7192,8132.519200000013,0.0,0.0001219951329642921,0.0363372432653935,{'511880.SH': 0.9636627567346066}
2013-11-28,223836.1192,8132.519200000013,0.0,0.00013136334827246188,0.036332470510416236,{'511880.SH': 0.9636675294895838}
2013-11-29,223890.71920000002,8132.519200000013,0.0,0.0002439284606754466,0.03632361014810663,{'511880.SH': 0.9636763898518934}
2013-12-02,243933.34269999998,7569.242700000013,20000.0,0.0001903763592892016,0.031029963416313297,{'511880.SH': 0.9689700365836867}
2013-12-03,243970.1427,7569.242700000013,0.0,0.00015086088516103047,0.031025282914670417,{'511880.SH': 0.9689747170853297}
2013-12-04,244002.3427,7569.242700000013,0.0,0.00013198336338882122,0.0310211886338582,{'511880.SH': 0.9689788113661418}
2013-12-05,244034.54270000002,7569.242700000013,0.0,0.00013196594607944867,0.031017095433514677,{'511880.SH': 0.9689829045664854}
2013-12-06,244094.3427,7569.242700000013,0.0,0.00024504727625185296,0.031009496640824905,{'511880.SH': 0.9689905033591751}
2013-12-09,244156.4427,7569.242700000013,0.0,0.00025440982905666765,0.03100160952664475,{'511880.SH': 0.9689983904733553}
2013-12-10,244186.34269999998,7569.242700000013,0.0,0.0001224624657425455,0.03099781345797606,{'511880.SH': 0.969002186542024}
2013-12-11,244216.2427,7569.242700000013,0.0,0.00012244747052370109,0.030994018318831557,{'511880.SH': 0.9690059816811685}
2013-12-12,244248.44269999999,7569.242700000013,0.0,0.0001318503619742728,0.030989932285042217,{'511880.SH': 0.9690100677149578}
2013-12-13,244315.14270000003,7569.242700000013,0.0,0.00027308260090719294,0.03098147178414747,{'511880.SH': 0.9690185282158525}
2013-12-16,244361.1427,7569.242700000013,0.0,0.00018828141183391267,0.030975639646982276,{'511880.SH': 0.9690243603530178}
2013-12-17,244395.6427,7569.242700000013,0.0,0.00014118447646294108,0.030971266984867622,{'511880.SH': 0.9690287330151324}
2013-12-18,244430.14270000003,7569.242700000013,0.0,0.0001411645462205957,0.030966895557108444,{'511880.SH': 0.9690331044428916}
2013-12-19,244453.1427,7569.242700000013,0.0,9.409641440250027e-05,0.030963981957430622,{'511880.SH': 0.9690360180425694}
2013-12-20,244522.1427,7569.242700000013,0.0,0.00028226268330144855,0.030955244447070738,{'511880.SH': 0.9690447555529293}
2013-12-23,244577.3427,7569.242700000013,0.0,0.00022574642684913826,0.03094825798841265,{'511880.SH': 0.9690517420115874}
2013-12-24,244614.1427,7569.242700000013,0.0,0.000150463651267696,0.03094360210105715,{'511880.SH': 0.9690563978989429}
2013-12-25,244657.84269999998,7569.242700000013,0.0,0.0001786487057438002,0.03093807505399055,{'511880.SH': 0.9690619249460095}
2013-12-26,244683.1427,7569.242700000013,0.0,0.00010340972404887516,0.030934876086990908,{'511880.SH': 0.9690651239130091}
2013-12-27,244570.44269999999,7569.242700000013,0.0,-0.00046059568614498225,0.03094913112327622,{'511880.SH': 0.9690508688767239}
2013-12-30,244818.8427,7569.242700000013,0.0,0.0010156582997427055,0.03091772927492894,{'511880.SH': 0.9690822707250711}
2013-12-31,244867.1427,7569.242700000013,0.0,0.0001972887358967501,0.030911630758372114,{'511880.SH': 0.9690883692416279}
2014-01-02,264892.7246,6922.724600000012,20000.0,0.0001044725711989436,0.0261340684628226,{'511880.SH': 0.9738659315371774}
2014-01-03,265155.2246,6922.724600000012,0.0,0.0009909671939702935,0.026108196096996734,{'511880.SH': 0.9738918039030033}
2014-01-06,265190.2246,6922.724600000012,0.0,0.00013199815335629417,0.026104750318160903,{'511880.SH': 0.973895249681839}
2014-01-07,265300.2246,6922.724600000012,0.0,0.0004147965867367098,0.0260939266464534,{'511880.SH': 0.9739060733535466}
2014-01-08,265277.7246,6922.724600000012,0.0,-8.480957765466535e-05,0.026096139849052413,{'511880.SH': 0.9739038601509475}
2014-01-09,265310.2246,6922.724600000012,0.0,0.00012251311356425987,0.02609294312134856,{'511880.SH': 0.9739070568786514}
2014-01-10,265377.7246,6922.724600000012,0.0,0.00025441914310597724,0.02608630626566165,{'511880.SH': 0.9739136937343383}
2014-01-13,265442.7246,6922.724600000012,0.0,0.00024493389600799276,0.026079918409638008,{'511880.SH': 0.973920081590362}
2014-01-14,265517.7246,6922.724600000012,0.0,0.000282546828559882,0.026072551692844732,{'511880.SH': 0.9739274483071553}
2014-01-15,265555.2246,6922.724600000012,0.0,0.0001412335091997008,0.026068869894868608,{'511880.SH': 0.9739311301051313}
2014-01-16,265660.2246,6922.724600000012,0.0,0.0003953979823148046,0.02605856639029587,{'511880.SH': 0.9739414336097041}
2014-01-17,265652.86460000003,6922.724600000012,0.0,-2.7704561385011317e-05,0.02605928835144965,{'511880.SH': 0.9739407116485503}
2014-01-20,265570.30460000003,6922.724600000012,0.0,-0.00031078151603713966,0.026067389614313118,{'511880.SH': 0.9739326103856869}
2014-01-21,265627.0646,6922.724600000012,0.0,0.00021372871520952685,0.02606181945512495,{'511880.SH': 0.9739381805448751}
2014-01-22,265768.9646,6922.724600000012,0.0,0.0005342076125176565,0.02604790446626894,{'511880.SH': 0.9739520955337312}
2014-01-23,265874.74460000003,6922.724600000012,0.0,0.00039801487039414774,0.026037541137707638,{'511880.SH': 0.9739624588622924}
2014-01-24,265980.5246,6922.724600000012,0.0,0.0003978565175835058,0.026027186052102448,{'511880.SH': 0.9739728139478976}
2014-01-27,266019.2246,6922.724600000012,0.0,0.00014549937465613283,0.02602339966372495,{'511880.SH': 0.9739766003362751}
2014-01-28,266075.9846,6922.724600000012,0.0,0.0002133680379128311,0.026017848286485346,{'511880.SH': 0.9739821517135147}
2014-01-29,266419.1246,6922.724600000012,0.0,0.0012896316084889392,0.025984338062793908,{'511880.SH': 0.9740156619372062}
2014-01-30,266824.1846,6922.724600000012,0.0,0.0015203863484205549,0.02594489180348464,{'511880.SH': 0.9740551081965154}
2014-02-07,286699.449856,6134.047456000011,20000.0,-0.0004674791536867229,0.021395393186422043,{'511880.SH': 0.978604606813578}
2014-02-10,286649.294656,6134.047456000011,0.0,-0.0001749399938689722,0.02139913675127411,{'511880.SH': 0.978600863248726}
2014-02-11,286652.081056,6134.047456000011,0.0,9.720589068118457e-06,0.02139892874108132,{'511880.SH': 0.9786010712589187}
2014-02-12,286741.24585600005,6134.047456000011,0.0,0.000311055826532014,0.02139227454943994,{'511880.SH': 0.9786077254505601}
2014-02-13,286816.478656,6134.047456000011,0.0,0.00026237174137722086,0.021386663293349414,{'511880.SH': 0.9786133367066506}
2014-02-14,287125.769056,6134.047456000011,0.0,0.0010783564509588839,0.02136362568977098,{'511880.SH': 0.9786363743102291}
2014-02-17,287326.389856,6134.047456000011,0.0,0.0006987209843951625,0.021348708898873595,{'511880.SH': 0.9786512911011265}
2014-02-18,287457.350656,6134.047456000011,0.0,0.00045579106070148256,0.021338982781277424,{'511880.SH': 0.9786610172187226}
2014-02-19,287279.021056,6134.047456000011,0.0,-0.0006203688985271238,0.021352229040088124,{'511880.SH': 0.978647770959912}
2014-02-20,287109.050656,6134.047456000011,0.0,-0.0005916561514839325,0.02136486969666981,{'511880.SH': 0.9786351303033303}
2014-02-21,287217.720256,6134.047456000011,0.0,0.0003784959051333914,0.02135678624053096,{'511880.SH': 0.978643213759469}
2014-02-24,287226.079456,6134.047456000011,0.0,2.9104053860473655e-05,0.021356164689563584,{'511880.SH': 0.9786438353104364}
2014-02-25,287276.234656,6134.047456000011,0.0,0.0001746192410347902,0.021352436143369985,{'511880.SH': 0.9786475638566301}
2014-02-26,287315.24425600003,6134.047456000011,0.0,0.00013579125348384125,0.021349537062970905,{'511880.SH': 0.9786504629370292}
2014-02-27,287323.60345600004,6134.047456000011,0.0,2.909417501206768e-05,0.021348915933874408,{'511880.SH': 0.9786510840661257}
2014-02-28,287387.69065600005,6134.047456000011,0.0,0.0002230488523362606,0.02134415514456532,{'511880.SH': 0.9786558448554347}
2014-03-03,307495.435584,5285.48438400001,20000.0,0.00037491142280310363,0.017188822246944048,{'511880.SH': 0.9828111777530559}
2014-03-04,307630.11158400006,5285.48438400001,0.0,0.0004379772328790832,0.017181297229926014,{'511880.SH': 0.982818702770074}
2014-03-05,307692.96038400003,5285.48438400001,0.0,0.00020429989664005888,0.017177787809651995,{'511880.SH': 0.982822212190348}
2014-03-06,307698.945984,5285.48438400001,0.0,1.945315873497222e-05,0.017177453653919404,{'511880.SH': 0.9828225463460806}
2014-03-07,307824.643584,5285.48438400001,0.0,0.00040850838665718037,0.01717043938542787,{'511880.SH': 0.9828295606145722}
2014-03-10,307845.59318400006,5285.48438400001,0.0,6.805692928324447e-05,0.017169270897572548,{'511880.SH': 0.9828307291024274}
2014-03-11,307875.521184,5285.48438400001,0.0,9.721756836089668e-05,0.01716760190506075,{'511880.SH': 0.9828323980949393}
2014-03-12,307845.59318400006,5285.48438400001,0.0,-9.720811802405027e-05,0.017169270897572548,{'511880.SH': 0.9828307291024274}
2014-03-13,307803.69398399995,5285.48438400001,0.0,-0.00013610459570578826,0.01717160803234141,{'511880.SH': 0.9828283919676586}
2014-03-14,307869.53558400006,5285.48438400001,0.0,0.00021390776422425262,0.017167935677604263,{'511880.SH': 0.9828320643223958}
2014-03-17,307914.42758400005,5285.48438400001,0.0,0.00014581501191668345,0.017165432699830584,{'511880.SH': 0.9828345673001694}
2014-03-18,307962.31238400005,5285.48438400001,0.0,0.00015551333653229804,0.017162763661189517,{'511880.SH': 0.9828372363388105}
2014-03-19,307974.28358399996,5285.48438400001,0.0,3.8872288973479385e-05,0.017162096531213766,{'511880.SH': 0.9828379034687862}
2014-03-20,307986.254784,5285.48438400001,0.0,3.887077797770644e-05,0.017161429453099716,{'511880.SH': 0.9828385705469003}
2014-03-21,308064.067584,5285.48438400001,0.0,0.00025265023614307047,0.01715709470906994,{'511880.SH': 0.9828429052909301}
2014-03-24,308067.060384,5285.48438400001,0.0,9.714862312604211e-06,0.017156928031876403,{'511880.SH': 0.9828430719681236}
2014-03-25,308067.060384,5285.48438400001,0.0,0.0,0.017156928031876403,{'511880.SH': 0.9828430719681236}
2014-03-26,308138.887584,5285.48438400001,0.0,0.00023315443043614437,0.017152928750543257,{'511880.SH': 0.9828470712494567}
2014-03-27,308088.00998400006,5285.48438400001,0.0,-0.00016511255816775705,0.017155761382192384,{'511880.SH': 0.9828442386178076}
2014-03-28,308070.053184,5285.48438400001,0.0,-5.8284644056660895e-05,0.017156761357921296,{'511880.SH': 0.9828432386420787}
2014-03-31,308306.484384,5285.48438400001,0.0,0.0007674592111643896,0.017143604340857346,{'511880.SH': 0.9828563956591426}
2014-04-01,328415.0220944,4371.253294400012,20000.0,0.0003520448511384888,0.013310150268167495,{'511880.SH': 0.9866898497318326}
2014-04-02,328466.2092944,4371.253294400012,0.0,0.00015586132349709736,0.013308076053820546,{'511880.SH': 0.9866919239461795}
2014-04-03,328514.1972944,4371.253294400012,0.0,0.0001460972198725763,0.013306132064918604,{'511880.SH': 0.9866938679350814}
2014-04-04,328693.35249440005,4371.253294400012,0.0,0.0005453499467467093,0.013298879521679664,{'511880.SH': 0.9867011204783204}
2014-04-08,328683.7548944,4371.253294400012,0.0,-2.919925190825179e-05,0.013299267850351822,{'511880.SH': 0.9867007321496483}
2014-04-09,328702.95009440003,4371.253294400012,0.0,5.840020905867327e-05,0.01329849121568466,{'511880.SH': 0.9867015087843154}
2014-04-10,328760.5356944,4371.253294400012,0.0,0.00017519039602009734,0.013296161855823593,{'511880.SH': 0.9867038381441765}
2014-04-11,328917.2964944,4371.253294400012,0.0,0.0004768236542409543,0.013289824952925317,{'511880.SH': 0.9867101750470747}
2014-04-14,328920.49569440004,4371.253294400012,0.0,9.726457179670689e-06,0.013289695691269244,{'511880.SH': 0.9867103043087307}
2014-04-15,328939.6908944,4371.253294400012,0.0,5.835817545940536e-05,0.013288920174134055,{'511880.SH': 0.986711079825866}
2014-04-16,328984.4796944,4371.253294400012,0.0,0.00013616112995729068,0.013287110986088322,{'511880.SH': 0.9867128890139117}
2014-04-17,329000.4756944,4371.253294400012,0.0,4.862235451019714e-05,0.013286464966878514,{'511880.SH': 0.9867135350331215}
2014-04-18,329086.8540944,4371.253294400012,0.0,0.0002625479486546567,0.013282977548371164,{'511880.SH': 0.9867170224516288}
2014-04-21,329131.64289440005,4371.253294400012,0.0,0.00013610024053778425,0.013281169977942544,{'511880.SH': 0.9867188300220575}
2014-04-22,329182.8300944,4371.253294400012,0.0,0.00015552196546586572,0.013279104785466681,{'511880.SH': 0.9867208952145333}
2014-04-23,329218.02129440004,4371.253294400012,0.0,0.00010690472522512096,0.01327768533816398,{'511880.SH': 0.986722314661836}
2014-04-24,329246.81409440003,4371.253294400012,0.0,8.745815276700597e-05,0.013276524197882467,{'511880.SH': 0.9867234758021176}
2014-04-25,329381.1804944,4371.253294400012,0.0,0.0004081023543676121,0.01327110822736981,{'511880.SH': 0.9867288917726302}
2014-04-28,329218.02129440004,4371.253294400012,0.0,-0.0004953507050858841,0.01327768533816398,{'511880.SH': 0.986722314661836}
2014-04-29,329294.8020944,4371.253294400012,0.0,0.00023322174071171986,0.013274589415313306,{'511880.SH': 0.9867254105846868}
2014-04-30,329608.3236944,4371.253294400012,0.0,0.0009521000574741478,0.013261962699864545,{'511880.SH': 0.9867380373001355}
2014-05-05,349630.4426536,3376.2794536000147,20000.0,6.710679800825403e-05,0.009656709032471462,{'511880.SH': 0.9903432909675286}
2014-05-06,349688.3378536,3376.2794536000147,0.0,0.0001655896996857198,0.00965511024566545,{'511880.SH': 0.9903448897543345}
2014-05-07,349756.4498536,3376.2794536000147,0.0,0.0001947791579728353,0.00965322999765479,{'511880.SH': 0.9903467700023453}
2014-05-08,349807.5338536,3376.2794536000147,0.0,0.0001460559198303013,0.00965182029216398,{'511880.SH': 0.9903481797078361}
2014-05-09,349923.32425360003,3376.2794536000147,0.0,0.0003310117387251843,0.009648626483535355,{'511880.SH': 0.9903513735164647}
2014-05-12,349930.1354536,3376.2794536000147,0.0,1.9464835659510626e-05,0.009648438678262112,{'511880.SH': 0.990351561321738}
2014-05-13,349964.1914536,3376.2794536000147,0.0,9.73222839348864e-05,0.009647499761551057,{'511880.SH': 0.990352500238449}
2014-05-14,349998.24745360005,3376.2794536000147,0.0,9.731281322977736e-05,0.009646561027559472,{'511880.SH': 0.9903534389724405}
2014-05-15,350056.14265359996,3376.2794536000147,0.0,0.00016541568542449703,0.009644965598964024,{'511880.SH': 0.990355034401036}
2014-05-16,350148.09385360003,3376.2794536000147,0.0,0.0002626755791315105,0.009642432767352624,{'511880.SH': 0.9903575672326475}
2014-05-19,350185.55545359995,3376.2794536000147,0.0,0.00010698787358132122,0.009641401254334079,{'511880.SH': 0.990358598745666}
2014-05-20,350205.9890536,3376.2794536000147,0.0,5.835077912785813e-05,0.00964083870388426,{'511880.SH': 0.9903591612961158}
2014-05-21,350240.0450536,3376.2794536000147,0.0,9.724562418833571e-05,0.009639901265668568,{'511880.SH': 0.9903600987343315}
2014-05-22,350304.7514536,3376.2794536000147,0.0,0.00018474871995333153,0.009638120635218456,{'511880.SH': 0.9903618793647816}
2014-05-23,350383.0802536,3376.2794536000147,0.0,0.00022360187715131374,0.009635966015129309,{'511880.SH': 0.9903640339848707}
2014-05-26,350393.2970536,3376.2794536000147,0.0,2.9158942242979435e-05,0.0096356850487455,{'511880.SH': 0.9903643149512545}
2014-05-27,350468.22025360004,3376.2794536000147,0.0,0.00021382600817432262,0.00963362512913989,{'511880.SH': 0.9903663748708601}
2014-05-28,350502.27625359996,3376.2794536000147,0.0,9.71728619938439e-05,0.009632689093172008,{'511880.SH': 0.9903673109068281}
2014-05-29,350488.65385360003,3376.2794536000147,0.0,-3.8865368138352174e-05,0.009633063485730682,{'511880.SH': 0.9903669365142693}
2014-05-30,350679.36745360005,3376.2794536000147,0.0,0.0005441363019975665,0.009627824636836512,{'511880.SH': 0.9903721753631636}
2014-06-03,370746.2420856,2315.018085600015,20000.0,0.00019070021850886576,0.006244211870030258,{'511880.SH': 0.9937557881299698}
2014-06-04,370822.0940856,2315.018085600015,0.0,0.0002045927682863269,0.006242934610756014,{'511880.SH': 0.993757065389244}
2014-06-05,370930.4540856,2315.018085600015,0.0,0.00029221559806780206,0.0062411108608132135,{'511880.SH': 0.9937588891391869}
2014-06-06,371176.07008559996,2315.018085600015,0.0,0.0006621618615960667,0.006236980969883457,{'511880.SH': 0.9937630190301167}
2014-06-09,371327.7740856,2315.018085600015,0.0,0.00040871169298450916,0.00623443288426453,{'511880.SH': 0.9937655671157355}
2014-06-10,371309.71408560005,2315.018085600015,0.0,-4.8636275711944066e-05,0.0062347361186093865,{'511880.SH': 0.9937652638813906}
2014-06-11,371226.63808560005,2315.018085600015,0.0,-0.00022373775004669305,0.0062361313766125855,{'511880.SH': 0.9937638686233875}
2014-06-12,371165.23408559995,2315.018085600015,0.0,-0.00016540838857026507,0.006237163055702879,{'511880.SH': 0.9937628369442972}
2014-06-13,371208.5780856,2315.018085600015,0.0,0.00011677817861044382,0.006236434776208691,{'511880.SH': 0.9937635652237914}
2014-06-16,371053.2620856,2315.018085600015,0.0,-0.00041840627929712326,0.0062390452319105415,{'511880.SH': 0.9937609547680896}
2014-06-17,370854.60208559997,2315.018085600015,0.0,-0.0005353948349178239,0.006242387373868067,{'511880.SH': 0.993757612626132}
2014-06-18,370504.2380856,2315.018085600015,0.0,-0.0009447476127559806,0.006248290431336878,{'511880.SH': 0.9937517095686632}
2014-06-19,371363.8940856,2315.018085600015,0.0,0.00232023256857139,0.006233826504055345,{'511880.SH': 0.9937661734959448}
2014-06-20,371555.33008559997,2315.018085600015,0.0,0.0005154943790950384,0.00623061465722124,{'511880.SH': 0.9937693853427788}
2014-06-23,371540.8820856,2315.018085600015,0.0,-3.88851910606558e-05,0.006230856945284029,{'511880.SH': 0.993769143054716}
2014-06-24,371732.31808560004,2315.018085600015,0.0,0.0005152488171031866,0.006227648156937832,{'511880.SH': 0.9937723518430622}
2014-06-25,371822.61808559997,2315.018085600015,0.0,0.000242916732300813,0.0062261357243928025,{'511880.SH': 0.9937738642756072}
2014-06-26,371898.4700856,2315.018085600015,0.0,0.00020400049999791392,0.006224865848647258,{'511880.SH': 0.9937751341513528}
2014-06-27,371865.96208559995,2315.018085600015,0.0,-8.7410953835243e-05,0.006225410017674918,{'511880.SH': 0.9937745899823252}
2014-06-30,372035.7260856,2315.018085600015,0.0,0.0004565193303736059,0.006222569294507386,{'511880.SH': 0.9937774307054926}
2014-07-01,392087.3908952,1174.8724952000157,20000.0,0.0001388705599423279,0.0029964556945266422,{'511880.SH': 0.9970035443054733}
2014-07-02,392228.6716952,1174.8724952000157,0.0,0.0003603298735963545,0.0029953763709375286,{'511880.SH': 0.9970046236290625}
2014-07-03,392400.4996952,1174.8724952000157,0.0,0.0004380811817181751,0.0029940647275235547,{'511880.SH': 0.9970059352724764}
2014-07-04,392473.04929520003,1174.8724952000157,0.0,0.0001848866147122763,0.0029935112673592297,{'511880.SH': 0.9970064887326407}
2014-07-07,392465.4124952,1174.8724952000157,0.0,-1.9458151365392418e-05,0.0029935695166880085,{'511880.SH': 0.997006430483312}
2014-07-08,392427.22849520005,1174.8724952000157,0.0,-9.729264996161113e-05,0.0029938607973385976,{'511880.SH': 0.9970061392026613}
2014-07-09,392347.04209520004,1174.8724952000157,0.0,-0.00020433444515943755,0.0029944726712504226,{'511880.SH': 0.9970055273287496}
2014-07-10,392278.3108952,1174.8724952000157,0.0,-0.00017517960536417299,0.0029949973337014073,{'511880.SH': 0.9970050026662985}
2014-07-11,392495.9596952,1174.8724952000157,0.0,0.000554832612344347,0.0029933365329731917,{'511880.SH': 0.9970066634670268}
2014-07-14,392576.14609520003,1174.8724952000157,0.0,0.00020429866351312498,0.002992725123230254,{'511880.SH': 0.9970072748767698}
2014-07-15,392702.1532952,1174.8724952000157,0.0,0.00032097518214824206,0.00299176484096548,{'511880.SH': 0.9970082351590345}
2014-07-16,392774.7028952,1174.8724952000157,0.0,0.0001847445943221615,0.0029912122306753925,{'511880.SH': 0.9970087877693246}
2014-07-17,392820.52369520004,1174.8724952000157,0.0,0.00011665924424941743,0.0029908633188209656,{'511880.SH': 0.9970091366811791}
2014-07-18,392908.34689519997,1174.8724952000157,0.0,0.0002235708032101158,0.002990194798568095,{'511880.SH': 0.9970098052014319}
2014-07-21,392789.9764952,1174.8724952000157,0.0,-0.0003012672062971955,0.002991095917678981,{'511880.SH': 0.997008904082321}
2014-07-22,392851.0708952,1174.8724952000157,0.0,0.00015553961062120258,0.00299063075613566,{'511880.SH': 0.9970093692438643}
2014-07-23,392885.4364952,1174.8724952000157,0.0,8.747742476966636e-05,0.0029903691663418774,{'511880.SH': 0.9970096308336581}
2014-07-24,393003.80689520005,1174.8724952000157,0.0,0.000301284774146815,0.0029894684850045533,{'511880.SH': 0.9970105315149954}
2014-07-25,393217.6372952,1174.8724952000157,0.0,0.000544092439432875,0.002987842822314718,{'511880.SH': 0.9970121571776853}
2014-07-28,393324.5524952,1174.8724952000157,0.0,0.0002718982819169824,0.002987030653811914,{'511880.SH': 0.9970129693461881}
2014-07-29,393370.3732952,1174.8724952000157,0.0,0.00011649616000153351,0.0029866827167442703,{'511880.SH': 0.9970133172832557}
2014-07-30,393404.7388952001,1174.8724952000157,0.0,8.736194267044972e-05,0.002986421817132692,{'511880.SH': 0.9970135781828673}
2014-07-31,393542.20129520004,1174.8724952000157,0.0,0.00034941724491166504,0.002985378674341286,{'511880.SH': 0.9970146213256587}
2014-08-01,413658.5718856,10565.151085600017,20000.0,0.0002957004103167904,0.0255407522136925,{'511880.SH': 0.9744592477863074}
2014-08-04,413717.3958856,10565.151085600017,0.0,0.0001422042331478135,0.025537120727022713,{'511880.SH': 0.9744628792729773}
2014-08-05,413756.6118856001,10565.151085600017,0.0,9.478934265283456e-05,0.02553470030956553,{'511880.SH': 0.9744652996904345}
2014-08-06,413737.0038856001,10565.151085600017,0.0,-4.739017924249023e-05,0.025535910460939393,{'511880.SH': 0.9744640895390606}
2014-08-07,413819.35748560005,10565.151085600017,0.0,0.00019904818574745242,0.025530828595826765,{'511880.SH': 0.9744691714041732}
2014-08-08,413870.3382856,10565.151085600017,0.0,0.00012319578356545513,0.025527683692831617,{'511880.SH': 0.9744723163071684}
2014-08-11,413842.88708560006,10565.151085600017,0.0,-6.6328019818096e-05,0.025529377005855607,{'511880.SH': 0.9744706229941443}
2014-08-12,413874.2598856,10565.151085600017,0.0,7.580847944699265e-05,0.02552744180930787,{'511880.SH': 0.9744725581906921}
2014-08-13,413921.31908560003,10565.151085600017,0.0,0.00011370409943589621,0.02552453956452317,{'511880.SH': 0.9744754604354768}
2014-08-14,413956.6134856001,10565.151085600017,0.0,8.5268379212744e-05,0.025522363313969704,{'511880.SH': 0.9744776366860303}
2014-08-15,414086.02628560003,10565.151085600017,0.0,0.000312624066832079,0.025514386902573495,{'511880.SH': 0.9744856130974265}
2014-08-18,414148.7718856,10565.151085600017,0.0,0.00015152793385175833,0.025510521345982456,{'511880.SH': 0.9744894786540176}
2014-08-19,414238.9686856001,10565.151085600017,0.0,0.00021778840388542164,0.02550496666000242,{'511880.SH': 0.9744950333399975}
2014-08-20,414274.2630856,10565.151085600017,0.0,8.520299312220203e-05,0.02550279374564231,{'511880.SH': 0.9744972062543577}
2014-08-21,414309.5574856,10565.151085600017,0.0,8.519573419096815e-05,0.025500621201496723,{'511880.SH': 0.9744993787985032}
2014-08-22,414356.61668559996,10565.151085600017,0.0,0.00011358463532817886,0.02549772505169503,{'511880.SH': 0.974502274948305}
2014-08-25,414293.8710856,10565.151085600017,0.0,-0.00015142898043207786,0.0255015867309731,{'511880.SH': 0.9744984132690269}
2014-08-26,414258.57668560004,10565.151085600017,0.0,-8.519170198550974e-05,0.025503759439646792,{'511880.SH': 0.9744962405603532}
2014-08-27,414356.61668559996,10565.151085600017,0.0,0.00023666377841657926,0.02549772505169503,{'511880.SH': 0.974502274948305}
2014-08-28,414211.5174856,10565.151085600017,0.0,-0.00035017951724913843,0.025506656960516103,{'511880.SH': 0.9744933430394839}
2014-08-29,414623.28548560006,10565.151085600017,0.0,0.0009941007978233607,0.02548132595405558,{'511880.SH': 0.9745186740459444}
2014-09-01,434723.2803,9283.344300000015,20000.0,0.0002411702813140959,0.021354605839359775,{'511880.SH': 0.9786453941606402}
2014-09-02,434888.40030000004,9283.344300000015,0.0,0.00037982782952439287,0.021346497845415202,{'511880.SH': 0.9786535021545848}
2014-09-03,434921.4243,9283.344300000015,0.0,7.593672302408372e-05,0.02134487698540358,{'511880.SH': 0.9786551230145965}
2014-09-04,434917.2963,9283.344300000015,0.0,-9.49136963457331e-06,0.021345079579443746,{'511880.SH': 0.9786549204205562}
2014-09-05,434904.91229999997,9283.344300000015,0.0,-2.8474379164422636e-05,0.021345687384639864,{'511880.SH': 0.9786543126153602}
2014-09-09,434925.55230000004,9283.344300000015,0.0,4.7458649963028066e-05,0.021344674395209165,{'511880.SH': 0.9786553256047908}
2014-09-10,434970.9603,9283.344300000015,0.0,0.00010440407504175298,0.021342446156859027,{'511880.SH': 0.978657553843141}
2014-09-11,435156.7203,9283.344300000015,0.0,0.00042706299260042435,0.021333335478767316,{'511880.SH': 0.9786666645212327}
2014-09-12,435247.5363,9283.344300000015,0.0,0.00020869722507654842,0.021328884199820836,{'511880.SH': 0.9786711158001792}
2014-09-15,435309.4563,9283.344300000015,0.0,0.00014226387247684436,0.021325850301773044,{'511880.SH': 0.978674149698227}
2014-09-16,435441.5523,9283.344300000015,0.0,0.00030345309087187466,0.021319380869752644,{'511880.SH': 0.9786806191302474}
2014-09-17,435412.65630000003,9283.344300000015,0.0,-6.636022641226536e-05,0.021320795722584086,{'511880.SH': 0.978679204277416}
2014-09-18,435594.2883,9283.344300000015,0.0,0.000417149105272685,0.021311905480281328,{'511880.SH': 0.9786880945197187}
2014-09-19,435643.8243,9283.344300000015,0.0,0.00011372049939706308,0.021309482155328734,{'511880.SH': 0.9786905178446713}
2014-09-22,435660.3363,9283.344300000015,0.0,3.790252283875084e-05,0.02130867450280673,{'511880.SH': 0.9786913254971933}
2014-09-23,435676.84830000007,9283.344300000015,0.0,3.790108629186939e-05,0.02130786691150422,{'511880.SH': 0.9786921330884958}
2014-09-24,435594.2883,9283.344300000015,0.0,-0.00018949824926939307,0.021311905480281328,{'511880.SH': 0.9786880945197187}
2014-09-25,435652.08030000003,9283.344300000015,0.0,0.00013267391596327727,0.02130907832141486,{'511880.SH': 0.9786909216785852}
2014-09-26,436023.6003,9283.344300000015,0.0,0.0008527906024093923,0.021290921623537667,{'511880.SH': 0.9787090783764624}
2014-09-29,436816.17630000005,9283.344300000015,0.0,0.001817736469894582,0.02125229055991811,{'511880.SH': 0.9787477094400819}
2014-09-30,438471.5043,9283.344300000015,0.0,0.0037895299895283063,0.021172058409634754,{'511880.SH': 0.9788279415903652}
2014-10-08,457167.51038000005,7889.612780000014,20000.0,-0.002973953625747483,0.017257597272041764,{'511880.SH': 0.9827424027279582}
2014-10-09,457527.26558,7889.612780000014,0.0,0.0007869220621143924,0.017244027566310126,{'511880.SH': 0.9827559724336898}
2014-10-10,456643.04798000003,7889.612780000014,0.0,-0.0019326008885591772,0.017277417919533425,{'511880.SH': 0.9827225820804666}
2014-10-13,456721.06718,7889.612780000014,0.0,0.000170853800019799,0.017274466511286658,{'511880.SH': 0.9827255334887133}
2014-10-14,456816.42397999996,7889.612780000014,0.0,0.00020878563931536753,0.017270860603614005,{'511880.SH': 0.982729139396386}
2014-10-15,456855.43358,7889.612780000014,0.0,8.539447785205212e-05,0.01726938589342281,{'511880.SH': 0.9827306141065771}
2014-10-16,456955.12478,7889.612780000014,0.0,0.00021821169821456543,0.01726561833352553,{'511880.SH': 0.9827343816664744}
2014-10-17,457011.47198000003,7889.612780000014,0.0,0.0001233101391020508,0.01726348957022524,{'511880.SH': 0.9827365104297747}
2014-10-20,457015.80638,7889.612780000014,0.0,9.484225814260228e-06,0.017263325840944657,{'511880.SH': 0.9827366741590553}
2014-10-21,457024.47518,7889.612780000014,0.0,1.8968271729313813e-05,0.0172629983917003,{'511880.SH': 0.9827370016082997}
2014-10-22,457054.81598,7889.612780000014,0.0,6.63876917927908e-05,0.017261852417162257,{'511880.SH': 0.9827381475828377}
2014-10-23,457089.49118000007,7889.612780000014,0.0,7.586661115399629e-05,0.017260542918264368,{'511880.SH': 0.9827394570817356}
2014-10-24,457145.83838000003,7889.612780000014,0.0,0.00012327389075283968,0.017258415406249013,{'511880.SH': 0.9827415845937509}
2014-10-27,457319.21438,7889.612780000014,0.0,0.00037925752668854784,0.017251872503752493,{'511880.SH': 0.9827481274962475}
2014-10-28,457496.92478000006,7889.612780000014,0.0,0.00038859158857107445,0.017245171175290307,{'511880.SH': 0.9827548288247097}
2014-10-29,457622.6223800001,7889.612780000014,0.0,0.0002747506992761828,0.01724043435389575,{'511880.SH': 0.9827595656461042}
2014-10-30,457609.61918000004,7889.612780000014,0.0,-2.8414679179133984e-05,0.01724092424922704,{'511880.SH': 0.9827590757507729}
2014-10-31,457622.6223800001,7889.612780000014,0.0,2.8415486596156114e-05,0.01724043435389575,{'511880.SH': 0.9827595656461042}
2014-11-03,477679.819948,6462.840748000013,20000.0,0.000124988506255308,0.013529649941468231,{'511880.SH': 0.9864703500585318}
2014-11-04,477757.013548,6462.840748000013,0.0,0.00016160113275964783,0.013527463887980568,{'511880.SH': 0.9864725361120195}
2014-11-05,477784.258348,6462.840748000013,0.0,5.702647837169117e-05,0.013526692508342802,{'511880.SH': 0.9864733074916572}
2014-11-06,477843.28874800005,6462.840748000013,0.0,0.00012355032416544454,0.01352502148755367,{'511880.SH': 0.9864749785124464}
2014-11-07,477897.778348,6462.840748000013,0.0,0.00011403236434004427,0.013523479373226637,{'511880.SH': 0.9864765206267734}
2014-11-10,477961.349548,6462.840748000013,0.0,0.00013302258951641832,0.013521680684247403,{'511880.SH': 0.9864783193157526}
2014-11-11,478043.08394800004,6462.840748000013,0.0,0.00017100629596367156,0.01351936878706736,{'511880.SH': 0.9864806312129326}
2014-11-12,478097.573548,6462.840748000013,0.0,0.00011398470520673776,0.013517827961432138,{'511880.SH': 0.9864821720385678}
2014-11-13,478142.98154800007,6462.840748000013,0.0,9.49764284789989e-05,0.013516544208337852,{'511880.SH': 0.9864834557916622}
2014-11-14,478265.58314800006,6462.840748000013,0.0,0.00025641200379666884,0.013513079292598975,{'511880.SH': 0.9864869207074011}
2014-11-17,478265.58314800006,6462.840748000013,0.0,0.0,0.013513079292598975,{'511880.SH': 0.9864869207074011}
2014-11-18,478270.123948,6462.840748000013,0.0,9.494306427049182e-06,0.01351295099650148,{'511880.SH': 0.9864870490034985}
2014-11-19,478274.66474800004,6462.840748000013,0.0,9.494216286265456e-06,0.013512822702840101,{'511880.SH': 0.9864871772971598}
2014-11-20,478329.154348,6462.840748000013,0.0,0.00011392951376310023,0.013511283368895568,{'511880.SH': 0.9864887166311044}
2014-11-21,478124.818348,6462.840748000013,0.0,-0.00042718700740396187,0.013517057680314928,{'511880.SH': 0.986482942319685}
2014-11-24,477212.11754800007,6462.840748000013,0.0,-0.0019089174311290869,0.013542909977238692,{'511880.SH': 0.9864570900227613}
2014-11-25,477734.309548,6462.840748000013,0.0,0.001094255532912758,0.013528106771554083,{'511880.SH': 0.9864718932284459}
2014-11-26,478483.54154799995,6462.840748000013,0.0,0.001568302684202827,0.013506923826661407,{'511880.SH': 0.9864930761733386}
2014-11-27,478887.672748,6462.840748000013,0.0,0.0008446083614341848,0.01349552539307247,{'511880.SH': 0.9865044746069275}
2014-11-28,479096.54954800004,6462.840748000013,0.0,0.00043617075963009455,0.01348964160584611,{'511880.SH': 0.9865103583941539}
2014-12-01,499010.059176,4968.955176000014,20000.0,-0.00018052806283330725,0.009957625271532797,{'511880.SH': 0.9900423747284672}
2014-12-02,499105.0031760001,4968.955176000014,0.0,0.00019026470159100306,0.009955731047335954,{'511880.SH': 0.9900442689526641}
2014-12-03,499214.188776,4968.955176000014,0.0,0.00021876278399357574,0.00995355358024411,{'511880.SH': 0.9900464464197559}
2014-12-04,499123.99197599996,4968.955176000014,0.0,-0.00018067755690431841,0.009955352288973804,{'511880.SH': 0.9900446477110262}
2014-12-05,499266.407976,4968.955176000014,0.0,0.0002853319060784898,0.009952512519606315,{'511880.SH': 0.9900474874803937}
2014-12-08,499299.63837600005,4968.955176000014,0.0,6.655845350134193e-05,0.00995185013985153,{'511880.SH': 0.9900481498601484}
2014-12-09,499418.31837600004,4968.955176000014,0.0,0.00023769294202979907,0.009949485217438514,{'511880.SH': 0.9900505147825615}
2014-12-10,499508.515176,4968.955176000014,0.0,0.0001806037077158873,0.009947688627989096,{'511880.SH': 0.9900523113720109}
2014-12-11,499565.481576,4968.955176000014,0.0,0.0001140449026777457,0.009946554274174919,{'511880.SH': 0.9900534457258251}
2014-12-12,499608.206376,4968.955176000014,0.0,8.55239234409666e-05,0.009945703678574946,{'511880.SH': 0.990054296321425}
2014-12-15,499612.95357600006,4968.955176000014,0.0,9.501845525061725e-06,0.009945609176932893,{'511880.SH': 0.9900543908230671}
2014-12-16,499480.03197600006,4968.955176000014,0.0,-0.0002660491467416648,0.00994825590192717,{'511880.SH': 0.9900517440980728}
2014-12-17,499176.21117600007,4968.955176000014,0.0,-0.0006082741662325475,0.009954310852061126,{'511880.SH': 0.9900456891479389}
2014-12-18,499503.76797600003,4968.955176000014,0.0,0.0006561947317726968,0.009947783169152711,{'511880.SH': 0.9900522168308473}
2014-12-19,499973.740776,4968.955176000014,0.0,0.0009408793889671418,0.009938432303040137,{'511880.SH': 0.9900615676969599}
2014-12-22,500049.69597600005,4968.955176000014,0.0,0.00015191837851746826,0.009936922701855817,{'511880.SH': 0.9900630772981441}
2014-12-23,500196.859176,4968.955176000014,0.0,0.0002942971492316815,0.009933999154224257,{'511880.SH': 0.9900660008457758}
2014-12-24,500766.52317600005,4968.955176000014,0.0,0.0011388796022000491,0.009922698395422928,{'511880.SH': 0.9900773016045771}
2014-12-25,500809.2479760001,4968.955176000014,0.0,8.531880232132139e-05,0.009921851874904151,{'511880.SH': 0.9900781481250959}
2014-12-26,500510.17437599995,4968.955176000014,0.0,-0.0005971806655105105,0.009927780553502134,{'511880.SH': 0.9900722194464978}
2014-12-29,500505.4271760001,4968.955176000014,0.0,-9.484722275243662e-06,0.009927874716636604,{'511880.SH': 0.9900721252833634}
2014-12-30,500595.623976,4968.955176000014,0.0,0.00018021143248891924,0.009926085922473505,{'511880.SH': 0.9900739140775265}
2014-12-31,501158.408676,4968.955176000014,0.0,0.0011242301631206875,0.009914939248704603,{'511880.SH': 0.9900850607512954}
2015-01-05,520695.06015274994,3401.9305527500183,20000.0,-0.0009245550213837772,0.0065334411886912,{'511880.SH': 0.9934665588113089}
2015-01-06,520757.00895274995,3401.9305527500183,0.0,0.00011897328156296183,0.0065326639762206,{'511880.SH': 0.9934673360237795}
2015-01-07,520782.82095275,3401.9305527500183,0.0,4.956630358554648e-05,0.0065323401922635065,{'511880.SH': 0.9934676598077365}
2015-01-08,520901.5561527499,3401.9305527500183,0.0,0.00022799369568815564,0.006530851199362574,{'511880.SH': 0.9934691488006374}
2015-01-09,520891.23135275004,3401.9305527500183,0.0,-1.9821019687782382e-05,0.006530980650058619,{'511880.SH': 0.9934690193499414}
2015-01-12,520891.23135275004,3401.9305527500183,0.0,0.0,0.006530980650058619,{'511880.SH': 0.9934690193499414}
2015-01-13,520994.47935275,3401.9305527500183,0.0,0.00019821412568576946,0.006529686373982998,{'511880.SH': 0.993470313626017}
2015-01-14,521133.86415274994,3401.9305527500183,0.0,0.0002675360402535354,0.0065279399147871835,{'511880.SH': 0.9934720600852128}
2015-01-15,521252.59935275,3401.9305527500183,0.0,0.00022784011588483644,0.00652645292699598,{'511880.SH': 0.9934735470730041}
2015-01-16,521459.09535275,3401.9305527500183,0.0,0.0003961534201581962,0.006523868474187268,{'511880.SH': 0.9934761315258127}
2015-01-19,521701.72815275,3401.9305527500183,0.0,0.00046529594010791264,0.0065208343564351024,{'511880.SH': 0.9934791656435649}
2015-01-20,522321.21615274996,3401.9305527500183,0.0,0.0011874371246447524,0.006513100459153362,{'511880.SH': 0.9934868995408467}
2015-01-21,522119.88255275,3401.9305527500183,0.0,-0.0003854593567592657,0.006515611962749417,{'511880.SH': 0.9934843880372506}
2015-01-22,521856.60015275,3401.9305527500183,0.0,-0.0005042566061893572,0.00651889916071629,{'511880.SH': 0.9934811008392838}
2015-01-23,521872.08735274995,3401.9305527500183,0.0,2.9677118188020657e-05,0.00651870570431667,{'511880.SH': 0.9934812942956833}
2015-01-26,521908.2241527499,3401.9305527500183,0.0,6.924455412682384e-05,0.00651825435070047,{'511880.SH': 0.9934817456492996}
2015-01-27,521975.3353527499,3401.9305527500183,0.0,0.00012858812506544304,0.00651741628835968,{'511880.SH': 0.9934825837116403}
2015-01-28,522037.2841527499,3401.9305527500183,0.0,0.00011868146980198446,0.006516642883604079,{'511880.SH': 0.9934833571163959}
2015-01-29,522114.72015275,3401.9305527500183,0.0,0.0001483342327277537,0.006515676385746697,{'511880.SH': 0.9934843236142533}
2015-01-30,521954.68575274997,3401.9305527500183,0.0,-0.000306511948089061,0.006517674130741521,{'511880.SH': 0.9934823258692584}
2015-02-02,542061.1115325999,1783.6865326000225,20000.0,0.00020389850451563163,0.003290563544683929,{'511880.SH': 0.9967094364553162}
2015-02-03,542265.4565325999,1783.6865326000225,0.0,0.0003769777902389304,0.0032893235427633974,{'511880.SH': 0.9967106764572367}
2015-02-04,542480.5565326,1783.6865326000225,0.0,0.0003966691910923803,0.0032880192868126015,{'511880.SH': 0.9967119807131875}
2015-02-05,542566.5965325999,1783.6865326000225,0.0,0.00015860476281370772,0.003287497873992046,{'511880.SH': 0.996712502126008}
2015-02-06,542598.8615325999,1783.6865326000225,0.0,5.946735424955385e-05,0.003287302386816484,{'511880.SH': 0.9967126976131836}
2015-02-09,542550.4640325999,1783.6865326000225,0.0,-8.919572714038981e-05,0.0032875956262989154,{'511880.SH': 0.9967124043737012}
2015-02-10,542459.0465325998,1783.6865326000225,0.0,-0.0001684958470418163,0.003288149665862065,{'511880.SH': 0.996711850334138}
2015-02-11,542534.3315326,1783.6865326000225,0.0,0.0001387846704399287,0.003287693384419201,{'511880.SH': 0.9967123066155809}
2015-02-12,542969.9090325999,1783.6865326000225,0.0,0.0008028570261524592,0.0032850559541650953,{'511880.SH': 0.996714944045835}
2015-02-13,543744.2690325999,1783.6865326000225,0.0,0.0014261563801567512,0.0032803776226891738,{'511880.SH': 0.9967196223773109}
2015-02-16,544303.5290325999,1783.6865326000225,0.0,0.0010285349783916153,0.0032770071062559517,{'511880.SH': 0.9967229928937441}
2015-02-17,543819.5540325999,1783.6865326000225,0.0,-0.000889163810604221,0.003279923495529727,{'511880.SH': 0.9967200765044704}
2015-02-25,543819.5540325999,1783.6865326000225,0.0,0.0,0.003279923495529727,{'511880.SH': 0.9967200765044704}
2015-02-26,543867.9515325999,1783.6865326000225,0.0,8.899551264951455e-05,0.003279631623032134,{'511880.SH': 0.996720368376968}
2015-02-27,543900.2165325999,1783.6865326000225,0.0,5.932506210215571e-05,0.003279437070224283,{'511880.SH': 0.9967205629297758}
2015-03-02,564030.4804473,89.47424730002604,20000.0,0.00023949965589387112,0.00015863370935036912,{'511880.SH': 0.9998413662906496}
2015-03-03,564075.2212473,89.47424730002604,0.0,7.932337267391176e-05,0.0001586211269875991,{'511880.SH': 0.9998413788730123}
2015-03-04,564142.3324473,89.47424730002604,0.0,0.00011897562146323537,0.00015860225718548497,{'511880.SH': 0.9998413977428144}
2015-03-05,564203.8510472999,89.47424730002604,0.0,0.00010904801228628358,0.00015858496381040296,{'511880.SH': 0.9998414150361895}
2015-03-06,564248.5918473001,89.47424730002604,0.0,7.929899790126704e-05,0.00015857238917884624,{'511880.SH': 0.9998414276108211}
2015-03-09,564265.3696473,89.47424730002604,0.0,2.973476627565752e-05,0.00015856767420611485,{'511880.SH': 0.9998414323257938}
2015-03-10,564416.3698473,89.47424730002604,0.0,0.0002676049393113278,0.0001585252520656565,{'511880.SH': 0.9998414747479343}
2015-03-11,564388.4068473,89.47424730002604,0.0,-4.9543212234492984e-05,0.00015853310630498837,{'511880.SH': 0.9998414668936949}
2015-03-12,564584.1478473,89.47424730002604,0.0,0.0003468196682023805,0.00015847814296802686,{'511880.SH': 0.9998415218570319}
2015-03-13,564998.0002473,89.47424730002604,0.0,0.000733021643590126,0.00015836206015041308,{'511880.SH': 0.9998416379398495}
2015-03-16,565411.8526473,89.47424730002604,0.0,0.0007324847164393855,0.00015824614726610525,{'511880.SH': 0.9998417538527338}
2015-03-17,565568.4454473,89.47424730002604,0.0,0.0002769535149764746,0.0001582023325740214,{'511880.SH': 0.9998417976674259}
2015-03-18,565478.9638473,89.47424730002604,0.0,-0.0001582153331223246,0.00015822736656953228,{'511880.SH': 0.9998417726334304}
2015-03-19,565411.8526473,89.47424730002604,0.0,-0.00011868027688144434,0.00015824614726610525,{'511880.SH': 0.9998417538527338}
2015-03-20,565495.7416473001,89.47424730002604,0.0,0.00014836795445183348,0.00015822267209189908,{'511880.SH': 0.999841777327908}
2015-03-23,565562.8528473,89.47424730002604,0.0,0.0001186767557337376,0.00015820389696666264,{'511880.SH': 0.9998417961030333}
2015-03-24,565613.1862473,89.47424730002604,0.0,8.899700492448481e-05,0.00015818981854660245,{'511880.SH': 0.9998418101814533}
2015-03-25,565719.4456473,89.47424730002604,0.0,0.0001878658464542493,0.0001581601056644765,{'511880.SH': 0.9998418398943355}
2015-03-26,565775.3716473001,89.47424730002604,0.0,9.885818921451239e-05,0.00015814447178836124,{'511880.SH': 0.9998418555282116}
2015-03-27,565926.3718473,89.47424730002604,0.0,0.0002668907265443998,0.0001581022757571161,{'511880.SH': 0.9998418977242428}
2015-03-30,565920.7792473,89.47424730002604,0.0,-9.882204255129423e-06,0.00015810383817153843,{'511880.SH': 0.9998418961618284}
2015-03-31,565931.9644473001,89.47424730002604,0.0,1.97646038284649e-05,0.0001581007133735736,{'511880.SH': 0.9998418992866264}
2015-04-01,586073.866723925,9201.586273925028,20000.0,0.0002507408761820429,0.015700386583282874,{'511880.SH': 0.9842996134167171}
2015-04-02,586216.3704739249,9201.586273925028,0.0,0.0002431498111261643,0.015696569965260494,{'511880.SH': 0.9843034300347395}
2015-04-03,586421.5758739249,9201.586273925028,0.0,0.0003500506132814163,0.015691077294030673,{'511880.SH': 0.9843089227059694}
2015-04-07,586472.877223925,9201.586273925028,0.0,8.748203018216216e-05,0.015689704726808213,{'511880.SH': 0.9843102952731918}
2015-04-08,586592.5803739249,9201.586273925028,0.0,0.00020410688140692912,0.015686503003599965,{'511880.SH': 0.9843134969964}
2015-04-09,586655.282023925,9201.586273925028,0.0,0.00010689131110397376,0.015684826431938217,{'511880.SH': 0.9843151735680618}
2015-04-10,586649.581873925,9201.586273925028,0.0,-9.716353324695781e-06,0.015684978832734446,{'511880.SH': 0.9843150211672655}
2015-04-13,586421.5758739249,9201.586273925028,0.0,-0.00038865790932951505,0.015691077294030673,{'511880.SH': 0.9843089227059694}
2015-04-14,586575.4799239249,9201.586273925028,0.0,0.0002624460905460424,0.015686960312624072,{'511880.SH': 0.9843130396873759}
2015-04-15,586752.184573925,9201.586273925028,0.0,0.00030124793150743123,0.015682236071446136,{'511880.SH': 0.9843177639285539}
2015-04-16,587014.391473925,9201.586273925028,0.0,0.0004468784384508151,0.015675231148628083,{'511880.SH': 0.9843247688513719}
2015-04-17,587504.6043739249,9201.586273925028,0.0,0.0008350951988911337,0.015662151760888258,{'511880.SH': 0.9843378482391117}
2015-04-20,588171.5219239249,9201.586273925028,0.0,0.0011351699119204195,0.01564439271698567,{'511880.SH': 0.9843556072830143}
2015-04-21,588433.728823925,9201.586273925028,0.0,0.0004458000604015133,0.015637421553512592,{'511880.SH': 0.9843625784464874}
2015-04-22,587892.214573925,9201.586273925028,0.0,-0.0009202637841346784,0.015651825361548424,{'511880.SH': 0.9843481746384516}
2015-04-23,587749.710823925,9201.586273925028,0.0,-0.00024239774990608698,0.015655620248670087,{'511880.SH': 0.9843443797513299}
2015-04-24,587795.3120239249,9201.586273925028,0.0,7.758608666263989e-05,0.01565440568459399,{'511880.SH': 0.984345594315406}
2015-04-27,587812.4124739249,9201.586273925028,0.0,2.909252532345974e-05,0.0156539502716493,{'511880.SH': 0.9843460497283507}
2015-04-28,587858.0136739251,9201.586273925028,0.0,7.757781059480884e-05,0.015652735966663188,{'511880.SH': 0.9843472640333368}
2015-04-29,587909.315023925,9201.586273925028,0.0,8.726826683758127e-05,0.01565137009872104,{'511880.SH': 0.9843486299012789}
2015-04-30,587960.616373925,9201.586273925028,0.0,8.726065175190811e-05,0.015650004469131142,{'511880.SH': 0.9843499955308689}
2015-05-04,607780.736632825,7353.28538282503,20000.0,-0.00030593841847670333,0.012098582497963122,{'511880.SH': 0.9879014175020369}
2015-05-05,607792.567132825,7353.28538282503,0.0,1.9465078912483946e-05,0.012098347002684005,{'511880.SH': 0.9879016529973159}
2015-05-06,608141.566882825,7353.28538282503,0.0,0.0005742086508992994,0.012091404013897706,{'511880.SH': 0.9879085959861023}
2015-05-07,607987.770382825,7353.28538282503,0.0,-0.0002528958853910135,0.012094462653738852,{'511880.SH': 0.9879055373462611}
2015-05-08,608537.888632825,7353.28538282503,0.0,0.000904817953251813,0.012083529259526188,{'511880.SH': 0.9879164707404737}
2015-05-11,608721.2613828251,7353.28538282503,0.0,0.000301333332608289,0.012079889186260155,{'511880.SH': 0.9879201108137398}
2015-05-12,608756.752882825,7353.28538282503,0.0,5.830501126125043e-05,0.012079184909247994,{'511880.SH': 0.9879208150907519}
2015-05-13,608585.210632825,7353.28538282503,0.0,-0.0002817911245954763,0.012082589675780759,{'511880.SH': 0.9879174103242192}
2015-05-14,608644.363132825,7353.28538282503,0.0,9.719674248809262e-05,0.012081415401559081,{'511880.SH': 0.9879185845984408}
2015-05-15,608715.346132825,7353.28538282503,0.0,0.00011662475543960937,0.012080006573746709,{'511880.SH': 0.9879199934262533}
2015-05-18,608656.193632825,7353.28538282503,0.0,-9.717596307656784e-05,0.012081180574104101,{'511880.SH': 0.9879188194258959}
2015-05-19,608744.922382825,7353.28538282503,0.0,0.0001457781107432332,0.012079419659127318,{'511880.SH': 0.9879205803408726}
2015-05-20,608673.939382825,7353.28538282503,0.0,-0.00011660549006664578,0.012080828350037483,{'511880.SH': 0.9879191716499625}
2015-05-21,608987.447632825,7353.28538282503,0.0,0.0005150676408420818,0.012074609109609308,{'511880.SH': 0.9879253908903907}
2015-05-22,609366.023632825,7353.28538282503,0.0,0.0006216482810468271,0.012067107612904538,{'511880.SH': 0.9879328923870954}
2015-05-25,609342.362632825,7353.28538282503,0.0,-3.882887965911408e-05,0.01206757618336794,{'511880.SH': 0.987932423816632}
2015-05-26,609330.532132825,7353.28538282503,0.0,-1.941519369985656e-05,0.012067810482245986,{'511880.SH': 0.987932189517754}
2015-05-27,609336.4473828251,7353.28538282503,0.0,9.707785328494367e-06,0.012067693331669712,{'511880.SH': 0.9879323066683302}
2015-05-28,609360.108382825,7353.28538282503,0.0,3.883076435284849e-05,0.012067224752108969,{'511880.SH': 0.987932775247891}
2015-05-29,609336.4473828251,7353.28538282503,0.0,-3.882925658316161e-05,0.012067693331669712,{'511880.SH': 0.9879323066683302}
2015-06-01,629333.784659925,5454.195509925034,20000.0,-4.369873017551207e-06,0.008666618006011442,{'511880.SH': 0.9913333819939886}
2015-06-02,629284.741859925,5454.195509925034,0.0,-7.792812207996214e-05,0.008667293431912106,{'511880.SH': 0.9913327065680879}
2015-06-03,629615.7807599249,5454.195509925034,0.0,0.0005260558185813391,0.008662736349050851,{'511880.SH': 0.9913372636509492}
2015-06-04,630247.206809925,5454.195509925034,0.0,0.0010028751967399163,0.008654057409523679,{'511880.SH': 0.9913459425904764}
2015-06-05,630449.5083599249,5454.195509925034,0.0,0.00032098761853127655,0.008651280455612986,{'511880.SH': 0.9913487195443871}
2015-06-08,630308.510309925,5454.195509925034,0.0,-0.00022364685534725925,0.008653215720097427,{'511880.SH': 0.9913467842799026}
2015-06-09,630277.858559925,5454.195509925034,0.0,-4.8629757489537795e-05,0.00865363654434398,{'511880.SH': 0.9913463634556561}
2015-06-10,630192.033659925,5454.195509925034,0.0,-0.00013616994288212503,0.00865481507001772,{'511880.SH': 0.9913451849299822}
2015-06-11,630198.164009925,5454.195509925034,0.0,9.727749118670914e-06,0.008654730878967041,{'511880.SH': 0.9913452691210329}
2015-06-12,630118.469459925,5454.195509925034,0.0,-0.0001264595083757536,0.008655825490403144,{'511880.SH': 0.9913441745095969}
2015-06-15,630216.555059925,5454.195509925034,0.0,0.00015566215680684614,0.008654478315642493,{'511880.SH': 0.9913455216843575}
2015-06-16,630333.031709925,5454.195509925034,0.0,0.0001848200417220447,0.008652879090168032,{'511880.SH': 0.991347120909832}
2015-06-17,630523.0725599249,5454.195509925034,0.0,0.00030149276721913587,0.008650271095998103,{'511880.SH': 0.991349728904002}
2015-06-18,630541.463609925,5454.195509925034,0.0,2.9167925490014568e-05,0.008650018792894466,{'511880.SH': 0.9913499812071056}
2015-06-19,630774.4169099249,5454.195509925034,0.0,0.0003694496134580838,0.008646824227026152,{'511880.SH': 0.9913531757729739}
2015-06-23,630872.5025099249,5454.195509925034,0.0,0.00015550028246313907,0.008645479852467065,{'511880.SH': 0.991354520147533}
2015-06-24,631179.0200099249,5454.195509925034,0.0,0.00048586283088969395,0.008641281375035675,{'511880.SH': 0.9913587186249644}
2015-06-25,631172.8896599249,5454.195509925034,0.0,-9.712537656692e-06,0.008641365304621602,{'511880.SH': 0.9913586346953784}
2015-06-26,631197.411059925,5454.195509925034,0.0,3.885052796426258e-05,0.008641029596059639,{'511880.SH': 0.9913589704039404}
2015-06-29,631148.3682599249,5454.195509925034,0.0,-7.769803731882963e-05,0.008641701039269487,{'511880.SH': 0.9913582989607306}
2015-06-30,631105.455809925,5454.195509925034,0.0,-6.799106542609845e-05,0.008642288637681681,{'511880.SH': 0.9913577113623183}
2015-07-01,651234.079372025,3490.543372025033,20000.0,0.00020380676623199534,0.005359890525678432,{'511880.SH': 0.9946401094743216}
2015-07-02,651272.1520720249,3490.543372025033,0.0,5.846238887952104e-05,0.005359577191992404,{'511880.SH': 0.9946404228080076}
2015-07-03,651386.3701720249,3490.543372025033,0.0,0.0001753769136860761,0.005358637410701752,{'511880.SH': 0.9946413625892983}
2015-07-06,651824.206222025,3490.543372025033,0.0,0.0006721602877328703,0.005355037966841141,{'511880.SH': 0.9946449620331589}
2015-07-07,652344.533122025,3490.543372025033,0.0,0.000798262622089263,0.005350766649825064,{'511880.SH': 0.994649233350175}
2015-07-08,651887.660722025,3490.543372025033,0.0,-0.000700354455050678,0.0053545167094571754,{'511880.SH': 0.9946454832905428}
2015-07-09,651963.8061220249,3490.543372025033,0.0,0.00011680754919574099,0.005353891334531728,{'511880.SH': 0.9946461086654683}
2015-07-10,652065.3333220249,3490.543372025033,0.0,0.00015572520904783005,0.005353057728497913,{'511880.SH': 0.9946469422715021}
2015-07-13,652122.442372025,3490.543372025033,0.0,8.758179139678468e-05,0.005352588939170009,{'511880.SH': 0.99464741106083}
2015-07-14,652185.896872025,3490.543372025033,0.0,9.730457944234772e-05,0.0053520681584287065,{'511880.SH': 0.9946479318415713}
2015-07-15,652274.733172025,3490.543372025033,0.0,0.00013621315705547588,0.005351339235616949,{'511880.SH': 0.9946486607643831}
2015-07-16,652376.260372025,3490.543372025033,0.0,0.00015565097778091896,0.00535050642406042,{'511880.SH': 0.9946494935759396}
2015-07-17,652604.696572025,3490.543372025033,0.0,0.00035016019722999836,0.005348633545483223,{'511880.SH': 0.9946513664545168}
2015-07-20,652604.696572025,3490.543372025033,0.0,0.0,0.005348633545483223,{'511880.SH': 0.9946513664545168}
2015-07-21,652630.0783720249,3490.543372025033,0.0,3.889306977611362e-05,0.00534842552879594,{'511880.SH': 0.9946515744712041}
2015-07-22,652630.0783720249,3490.543372025033,0.0,0.0,0.00534842552879594,{'511880.SH': 0.9946515744712041}
2015-07-23,652674.496522025,3490.543372025033,0.0,6.806022503713649e-05,0.005348061538524115,{'511880.SH': 0.9946519384614759}
2015-07-24,652769.678272025,3490.543372025033,0.0,0.00014583341391039006,0.0053472817261748466,{'511880.SH': 0.9946527182738252}
2015-07-27,652883.8963720249,3490.543372025033,0.0,0.0001749745795520674,0.005346346251487354,{'511880.SH': 0.9946536537485127}
2015-07-28,652934.659972025,3490.543372025033,0.0,7.775287502442829e-05,0.005345930590014299,{'511880.SH': 0.9946540694099857}
2015-07-29,652953.6963220249,3490.543372025033,0.0,2.9155061244123814e-05,0.005345774733624542,{'511880.SH': 0.9946542252663755}
2015-07-30,653144.0598220249,3490.543372025033,0.0,0.00029154211251469775,0.005344216669407007,{'511880.SH': 0.994655783330593}
2015-07-31,653213.8597720249,3490.543372025033,0.0,0.0001068676181776862,0.005343645606728631,{'511880.SH': 0.9946563543932714}
2015-08-03,673398.1575595749,1453.5054595750335,20000.0,0.0002821400446315625,0.002158463671541072,{'511880.SH': 0.997841536328459}
2015-08-04,673365.3548095749,1453.5054595750335,0.0,-4.871226574021392e-05,0.002158568820319066,{'511880.SH': 0.997841431179681}
2015-08-05,673365.3548095749,1453.5054595750335,0.0,0.0,0.002158568820319066,{'511880.SH': 0.997841431179681}
2015-08-06,673280.0676595749,1453.5054595750335,0.0,-0.00012665806072564845,0.0021588422550925085,{'511880.SH': 0.9978411577449076}
2015-08-07,673378.4759095749,1453.5054595750335,0.0,0.00014616242887166564,0.002158526759578544,{'511880.SH': 0.9978414732404215}
2015-08-10,673404.718109575,1453.5054595750335,0.0,3.897095161020658e-05,0.0021584426430147495,{'511880.SH': 0.9978415573569853}
2015-08-11,673404.718109575,1453.5054595750335,0.0,0.0,0.0021584426430147495,{'511880.SH': 0.9978415573569853}
2015-08-12,673470.3236095749,1453.5054595750335,0.0,9.742358233566506e-05,0.0021582323802847494,{'511880.SH': 0.9978417676197153}
2015-08-13,673516.247459575,1453.5054595750335,0.0,6.818986433421159e-05,0.0021580852207463254,{'511880.SH': 0.9978419147792538}
2015-08-14,673640.897909575,1453.5054595750335,0.0,0.00018507415443980157,0.002157685888854899,{'511880.SH': 0.9978423141111452}
2015-08-17,673713.0639595749,1453.5054595750335,0.0,0.00010712836798343339,0.002157454764247007,{'511880.SH': 0.9978425452357531}
2015-08-18,673745.8667095748,1453.5054595750335,0.0,4.868949669334377e-05,0.0021573497239747554,{'511880.SH': 0.9978426502760254}
2015-08-19,673791.790559575,1453.5054595750335,0.0,6.816197659875733e-05,0.0021572026847758367,{'511880.SH': 0.9978427973152242}
2015-08-20,673824.5933095749,1453.5054595750335,0.0,4.868380775713277e-05,0.0021570976690476035,{'511880.SH': 0.9978429023309525}
2015-08-21,673929.5621095749,1453.5054595750335,0.0,0.0001557806008303242,0.00215676168741609,{'511880.SH': 0.997843238312584}
2015-08-24,673962.3648595749,1453.5054595750335,0.0,4.867385531714952e-05,0.002156656714619194,{'511880.SH': 0.9978433432853809}
2015-08-25,673955.8043095749,1453.5054595750335,0.0,-9.734297257701918e-06,0.0021566777083610964,{'511880.SH': 0.997843322291639}
2015-08-26,674008.288709575,1453.5054595750335,0.0,7.787513612078634e-05,0.002156509769869222,{'511880.SH': 0.9978434902301309}
2015-08-27,674073.8942095749,1453.5054595750335,0.0,9.733634007025316e-05,0.0021562998835304653,{'511880.SH': 0.9978437001164696}
2015-08-28,674224.7868595748,1453.5054595750335,0.0,0.00022385179324713178,0.0021558172999619554,{'511880.SH': 0.9978441827000382}
2015-08-31,674251.0290595749,1453.5054595750335,0.0,3.892203388478066e-05,0.002155733394433731,{'511880.SH': 0.9978442666055664}
2015-09-01,694504.4941880249,10417.447088025036,20000.0,0.00037592101090822005,0.014999826747276158,{'511880.SH': 0.9850001732527238}
2015-09-02,694777.886288025,10417.447088025036,0.0,0.0003936505843920024,0.014993924380181569,{'511880.SH': 0.9850060756198185}
2015-09-07,694771.218188025,10417.447088025036,0.0,-9.597455721488402e-06,0.01499406828508802,{'511880.SH': 0.985005931714912}
2015-09-08,694711.205288025,10417.447088025036,0.0,-8.63779305029233e-05,0.014995363553558915,{'511880.SH': 0.9850046364464411}
2015-09-09,694664.5285880249,10417.447088025036,0.0,-6.718863845112111e-05,0.014996371139317476,{'511880.SH': 0.9850036288606825}
2015-09-10,694744.5457880249,10417.447088025036,0.0,0.00011518826240153324,0.01499464393233758,{'511880.SH': 0.9850053560676624}
2015-09-11,694884.575888025,10417.447088025036,0.0,0.0002015562422894579,0.014991622277285548,{'511880.SH': 0.9850083777227144}
2015-09-14,694924.5844880249,10417.447088025036,0.0,5.7575893016137414e-05,0.01499075917093929,{'511880.SH': 0.9850092408290607}
2015-09-15,694984.5973880249,10417.447088025036,0.0,8.63588673354343e-05,0.014989464697746029,{'511880.SH': 0.9850105353022539}
2015-09-16,695064.614588025,10417.447088025036,0.0,0.00011513521350092759,0.014987739081207017,{'511880.SH': 0.985012260918793}
2015-09-17,695051.278388025,10417.447088025036,0.0,-1.9186993151620868e-05,0.014988026656371828,{'511880.SH': 0.9850119733436281}
2015-09-18,695171.3041880251,10417.447088025036,0.0,0.0001726862516941985,0.01498543887710215,{'511880.SH': 0.9850145611228979}
2015-09-21,695191.308488025,10417.447088025036,0.0,2.877607271667415e-05,0.014985007667431851,{'511880.SH': 0.9850149923325682}
2015-09-22,695257.989488025,10417.447088025036,0.0,9.591748226100982e-05,0.014983570481076024,{'511880.SH': 0.985016429518924}
2015-09-23,695291.329988025,10417.447088025036,0.0,4.795414149016963e-05,0.014982851991271709,{'511880.SH': 0.9850171480087283}
2015-09-24,695311.3342880249,10417.447088025036,0.0,2.8771105200275926e-05,0.014982420930462963,{'511880.SH': 0.985017579069537}
2015-09-25,695411.355788025,10417.447088025036,0.0,0.00014385138723849167,0.01498026599841789,{'511880.SH': 0.985019734001582}
2015-09-28,695531.381588025,10417.447088025036,0.0,0.00017259683639192502,0.014977680898078393,{'511880.SH': 0.9850223191019216}
2015-09-29,695578.058288025,10417.447088025036,0.0,6.710940905851892e-05,0.014976675822214304,{'511880.SH': 0.9850233241777857}
2015-09-30,695871.454688025,10417.447088025036,0.0,0.0004218022643240893,0.014970361289924463,{'511880.SH': 0.9850296387100755}
2015-10-08,715772.423831075,8296.478231075038,20000.0,-0.00014231199783076853,0.011590944209151369,{'511880.SH': 0.9884090557908487}
2015-10-09,715951.3870310748,8296.478231075038,0.0,0.0002500280732276039,0.011588046872119463,{'511880.SH': 0.9884119531278807}
2015-10-12,715944.5038310749,8296.478231075038,0.0,-9.61406056976255e-06,0.011588158281375072,{'511880.SH': 0.988411841718625}
2015-10-13,716116.5838310749,8296.478231075038,0.0,0.0002403538250228543,0.011585373692493761,{'511880.SH': 0.9884146263075063}
2015-10-14,716274.8974310749,8296.478231075038,0.0,0.00022107238342816693,0.011582813052405463,{'511880.SH': 0.9884171869475946}
2015-10-15,716316.1966310749,8296.478231075038,0.0,5.765830988657683e-05,0.011582145245485748,{'511880.SH': 0.9884178547545143}
2015-10-16,716419.4446310748,8296.478231075038,0.0,0.0001441374639934434,0.011580476065033896,{'511880.SH': 0.9884195239349661}
2015-10-19,716495.159831075,8296.478231075038,0.0,0.00010568557367851561,0.011579252305111263,{'511880.SH': 0.9884207476948889}
2015-10-20,716536.459031075,8296.478231075038,0.0,5.764058477342182e-05,0.011578584908706276,{'511880.SH': 0.9884214150912938}
2015-10-21,716591.524631075,8296.478231075038,0.0,7.684968337051679e-05,0.01157769516649857,{'511880.SH': 0.9884223048335015}
2015-10-22,716550.2254310749,8296.478231075038,0.0,-5.763283346305048e-05,0.011578362460334023,{'511880.SH': 0.988421637539666}
2015-10-23,716667.2398310748,8296.478231075038,0.0,0.0001633024397271754,0.011576471994213933,{'511880.SH': 0.9884235280057861}
2015-10-26,716770.487831075,8296.478231075038,0.0,0.00014406686152490522,0.011574804448464279,{'511880.SH': 0.9884251955515357}
2015-10-27,716839.3198310749,8296.478231075038,0.0,9.603073950237295e-05,0.01157369301816497,{'511880.SH': 0.9884263069818351}
2015-10-28,716894.3854310749,8296.478231075038,0.0,7.68172147880275e-05,0.011572804027592283,{'511880.SH': 0.9884271959724078}
2015-10-29,716949.4510310749,8296.478231075038,0.0,7.68113143567728e-05,0.011571915173578175,{'511880.SH': 0.9884280848264219}
2015-10-30,717183.4798310748,8296.478231075038,0.0,0.00032642301303575927,0.011568139066768783,{'511880.SH': 0.9884318609332313}
2015-11-02,737227.683418825,6131.176618825044,20000.0,6.163497764988257e-05,0.008316530641378361,{'511880.SH': 0.9916834693586216}
2015-11-03,737263.174918825,6131.176618825044,0.0,4.81418438269543e-05,0.008316130287532815,{'511880.SH': 0.9916838697124671}
2015-11-04,737291.568118825,6131.176618825044,0.0,3.8511621041070754e-05,0.008315810032208205,{'511880.SH': 0.9916841899677917}
2015-11-05,737369.649418825,6131.176618825044,0.0,0.0001059028793715111,0.008314929457236914,{'511880.SH': 0.9916850705427631}
2015-11-06,737440.632418825,6131.176618825044,0.0,9.626515012639558e-05,0.008314129096351283,{'511880.SH': 0.9916858709036487}
2015-11-09,737469.025618825,6131.176618825044,0.0,3.850235361579912e-05,0.00831380899513746,{'511880.SH': 0.9916861910048625}
2015-11-10,737667.778018825,6131.176618825044,0.0,0.00026950609869103026,0.008311568976608572,{'511880.SH': 0.9916884310233914}
2015-11-11,737774.252518825,6131.176618825044,0.0,0.0001443393668163484,0.008310369463142252,{'511880.SH': 0.9916896305368578}
2015-11-12,737838.1372188249,6131.176618825044,0.0,8.659112158193594e-05,0.008309649921235618,{'511880.SH': 0.9916903500787644}
2015-11-13,737951.710018825,6131.176618825044,0.0,0.00015392644303835468,0.008308371043233492,{'511880.SH': 0.9916916289567664}
2015-11-16,738001.398118825,6131.176618825044,0.0,6.733245458390158e-05,0.008307811657882344,{'511880.SH': 0.9916921883421176}
2015-11-17,738065.2828188251,6131.176618825044,0.0,8.656447015265023e-05,0.008307092558816481,{'511880.SH': 0.9916929074411835}
2015-11-18,738136.265818825,6131.176618825044,0.0,9.617441932618931e-05,0.00830629370584257,{'511880.SH': 0.9916937062941574}
2015-11-19,738185.953918825,6131.176618825044,0.0,6.731561948791764e-05,0.008305734600172658,{'511880.SH': 0.9916942653998273}
2015-11-20,738278.231818825,6131.176618825044,0.0,0.00012500630702882987,0.008304696460737105,{'511880.SH': 0.9916953035392628}
2015-11-23,738413.099518825,6131.176618825044,0.0,0.00018267868966925782,0.008303179646759147,{'511880.SH': 0.9916968203532408}
2015-11-24,738427.2961188251,6131.176618825044,0.0,1.9225823606694448e-05,0.00830302001436095,{'511880.SH': 0.991696979985639}
2015-11-25,738469.885918825,6131.176618825044,0.0,5.76763619435372e-05,0.0083025411539923,{'511880.SH': 0.9916974588460077}
2015-11-26,738498.279118825,6131.176618825044,0.0,3.8448690381720496e-05,0.008302221944431278,{'511880.SH': 0.9916977780555687}
2015-11-27,738526.6723188249,6131.176618825044,0.0,3.844721213686064e-05,0.008301902759414748,{'511880.SH': 0.9916980972405852}
2015-11-30,738484.082518825,6131.176618825044,0.0,-5.7668601008309395e-05,0.008302381546143552,{'511880.SH': 0.9916976184538564}
2015-12-01,758728.5248475749,3927.1376475750476,20000.0,0.0003310055484422314,0.0051759457025343705,{'511880.SH': 0.9948240542974657}
2015-12-02,758794.3454475749,3927.1376475750476,0.0,8.675118681367167e-05,0.005175496722051382,{'511880.SH': 0.9948245032779487}
2015-12-03,758896.7330475749,3927.1376475750476,0.0,0.0001349345848637995,0.005174798462769054,{'511880.SH': 0.994825201537231}
2015-12-04,759035.6876475749,3927.1376475750476,0.0,0.00018310080139904983,0.0051738511264814765,{'511880.SH': 0.9948261488735186}
2015-12-07,759160.0154475749,3927.1376475750476,0.0,0.00016379704146096685,0.0051730038037629536,{'511880.SH': 0.9948269961962372}
2015-12-08,759233.149447575,3927.1376475750476,0.0,9.633542140252693e-05,0.005172505508265108,{'511880.SH': 0.9948274944917349}
2015-12-09,759167.3288475749,3927.1376475750476,0.0,-8.669352760481974e-05,0.005172953969892895,{'511880.SH': 0.9948270460301072}
2015-12-10,759240.462847575,3927.1376475750476,0.0,9.633449336021727e-05,0.00517245568399515,{'511880.SH': 0.994827544316005}
2015-12-11,759364.7906475749,3927.1376475750476,0.0,0.00016375286366288044,0.005171608818241419,{'511880.SH': 0.9948283911817587}
2015-12-14,759445.2380475749,3927.1376475750476,0.0,0.0001059403872694098,0.005171060994037117,{'511880.SH': 0.9948289390059629}
2015-12-15,759503.7452475749,3927.1376475750476,0.0,7.703939279468663e-05,0.005170662649326267,{'511880.SH': 0.9948293373506738}
2015-12-16,759620.759647575,3927.1376475750476,0.0,0.0001540669163677677,0.005169866143991428,{'511880.SH': 0.9948301338560086}
2015-12-17,759671.953447575,3927.1376475750476,0.0,6.739389274157404e-05,0.005169517750066654,{'511880.SH': 0.9948304822499334}
2015-12-18,759803.5946475749,3927.1376475750476,0.0,0.000173286902856562,0.00516862209555168,{'511880.SH': 0.9948313779044484}
2015-12-21,759810.9080475749,3927.1376475750476,0.0,9.625382205946664e-06,0.005168572346067389,{'511880.SH': 0.9948314276539326}
2015-12-22,759774.341047575,3927.1376475750476,0.0,-4.812644779461639e-05,0.005168821103066366,{'511880.SH': 0.9948311788969337}
2015-12-23,759840.1616475749,3927.1376475750476,0.0,8.663177530987554e-05,0.005168373357706923,{'511880.SH': 0.9948316266422932}
2015-12-24,759884.042047575,3927.1376475750476,0.0,5.7749513930671625e-05,0.005168074903893266,{'511880.SH': 0.9948319250961069}
2015-12-25,760066.877047575,3927.1376475750476,0.0,0.00024060907965295364,0.0051668317172690525,{'511880.SH': 0.994833168282731}
2015-12-28,760176.578047575,3927.1376475750476,0.0,0.00014433072051001083,0.005166086092341129,{'511880.SH': 0.994833913907659}
2015-12-29,760286.279047575,3927.1376475750476,0.0,0.000144309892159189,0.005165340682584259,{'511880.SH': 0.9948346593174158}
2015-12-30,760300.9058475749,3927.1376475750476,0.0,1.9238542642519008e-05,0.0051652413108690415,{'511880.SH': 0.9948347586891311}
2015-12-31,760593.526847575,3927.1376475750476,0.0,0.00038487524840413734,0.005163254102163897,{'511880.SH': 0.9948367458978362}
2016-01-04,780348.5816584149,1660.6716584150454,20000.0,-0.0003220447985867736,0.002128115174997496,{'511880.SH': 0.9978718848250026}
2016-01-05,780721.9784584149,1660.6716584150454,0.0,0.0004785000047111687,0.0021270973589012404,{'511880.SH': 0.9978729026410988}
2016-01-06,780791.990358415,1660.6716584150454,0.0,8.967584099317527e-05,0.0021269066267607718,{'511880.SH': 0.9978730933732393}
2016-01-07,780854.223158415,1660.6716584150454,0.0,7.970471107365817e-05,0.002126737115793428,{'511880.SH': 0.9978732628842066}
2016-01-08,781056.479758415,1660.6716584150454,0.0,0.000259019665901139,0.002126186391704605,{'511880.SH': 0.9978738136082954}
2016-01-11,781165.3871584149,1660.6716584150454,0.0,0.00013943601112376136,0.002125889966087646,{'511880.SH': 0.9978741100339125}
2016-01-12,781219.840858415,1660.6716584150454,0.0,6.970828571684073e-05,0.0021257417842719876,{'511880.SH': 0.9978742582157281}
2016-01-13,781219.840858415,1660.6716584150454,0.0,0.0,0.0021257417842719876,{'511880.SH': 0.9978742582157281}
2016-01-14,781227.6199584149,1660.6716584150454,0.0,9.957632401302874e-06,0.0021257206171274943,{'511880.SH': 0.9978742793828725}
2016-01-15,781352.0855584149,1660.6716584150454,0.0,0.00015932053196809903,0.002125382000136597,{'511880.SH': 0.9978746179998634}
2016-01-18,781437.6556584149,1660.6716584150454,0.0,0.00010951541767356687,0.0021251492635273833,{'511880.SH': 0.9978748507364726}
2016-01-19,781422.097458415,1660.6716584150454,0.0,-1.99097137018045e-05,0.0021251915754832125,{'511880.SH': 0.9978748084245168}
2016-01-20,781468.772058415,1660.6716584150454,0.0,5.9730330319363034e-05,0.0021250646446700364,{'511880.SH': 0.99787493535533}
2016-01-21,781422.097458415,1660.6716584150454,0.0,-5.972676282006706e-05,0.0021251915754832125,{'511880.SH': 0.9978748084245168}
2016-01-22,781686.586858415,1660.6716584150454,0.0,0.00033847187180957583,0.00212447250129909,{'511880.SH': 0.997875527498701}
2016-01-25,781787.715158415,1660.6716584150454,0.0,0.00012937192693351918,0.002124197689750779,{'511880.SH': 0.9978758023102493}
2016-01-26,781943.297158415,1660.6716584150454,0.0,0.00019900798769700856,0.0021237750415534383,{'511880.SH': 0.9978762249584466}
2016-01-27,782021.0881584149,1660.6716584150454,0.0,9.948419569894007e-05,0.002123563780518718,{'511880.SH': 0.9978764362194813}
2016-01-28,782098.879158415,1660.6716584150454,0.0,9.947429957835041e-05,0.002123352561509904,{'511880.SH': 0.9978766474384901}
2016-01-29,782324.473058415,1660.6716584150454,0.0,0.0002884467757360287,0.00212274026392505,{'511880.SH': 0.997877259736075}
2016-02-01,802461.3657706649,10503.200210665047,20000.0,0.0001749820144507641,0.013088730073102052,{'511880.SH': 0.986911269926898}
2016-02-02,802477.1462306649,10503.200210665047,0.0,1.9665071333330175e-05,0.013088472687353012,{'511880.SH': 0.9869115273126471}
2016-02-03,802516.597380665,10503.200210665047,0.0,4.916171156454929e-05,0.01308782926726557,{'511880.SH': 0.9869121707327345}
2016-02-04,802721.7433606649,10503.200210665047,0.0,0.00025562833300840637,0.013084484502303973,{'511880.SH': 0.9869155154976961}
2016-02-05,803053.1330206649,10503.200210665047,0.0,0.00041283254470303454,0.013079085030348507,{'511880.SH': 0.9869209149696515}
2016-02-15,803076.803710665,10503.200210665047,0.0,2.9475870308770524e-05,0.01307869952429752,{'511880.SH': 0.9869213004757025}
2016-02-16,803053.1330206649,10503.200210665047,0.0,-2.9475001507517362e-05,0.013079085030348507,{'511880.SH': 0.9869209149696515}
2016-02-17,803061.0232506649,10503.200210665047,0.0,9.825290102849493e-06,0.013078956525806398,{'511880.SH': 0.9869210434741936}
2016-02-18,803179.376700665,10503.200210665047,0.0,0.00014737790351349034,0.013077029260649778,{'511880.SH': 0.9869229707393503}
2016-02-19,803337.1813006649,10503.200210665047,0.0,0.000196474915290068,0.013074460457139,{'511880.SH': 0.9869255395428611}
2016-02-22,803431.864060665,10503.200210665047,0.0,0.00011786179228856497,0.013072919659397499,{'511880.SH': 0.9869270803406025}
2016-02-23,803526.546820665,10503.200210665047,0.0,0.00011784790252344912,0.013071379224772773,{'511880.SH': 0.9869286207752272}
2016-02-24,803526.546820665,10503.200210665047,0.0,0.0,0.013071379224772773,{'511880.SH': 0.9869286207752272}
2016-02-25,803376.6324506649,10503.200210665047,0.0,-0.00018657052538373353,0.013073818413943034,{'511880.SH': 0.986926181586057}
2016-02-26,803581.778430665,10503.200210665047,0.0,0.00025535467639170584,0.013070480805546649,{'511880.SH': 0.9869295191944534}
2016-02-29,803739.583030665,10503.200210665047,0.0,0.0001963765284824781,0.013067914573848132,{'511880.SH': 0.986932085426152}
2016-03-01,823864.544048205,8145.562058205051,20000.0,0.0001554745096277177,0.0098870161570255,{'511880.SH': 0.9901129838429745}
2016-03-02,823896.9940082051,8145.562058205051,0.0,3.938749426057875e-05,0.009886626747571226,{'511880.SH': 0.9901133732524288}
2016-03-03,824018.6813582049,8145.562058205051,0.0,0.00014769728605013022,0.009885166735272274,{'511880.SH': 0.9901148332647277}
2016-03-04,824205.268628205,8145.562058205051,0.0,0.00022643572800151723,0.009882928887074942,{'511880.SH': 0.9901170711129251}
2016-03-07,824237.7185882049,8145.562058205051,0.0,3.937121155983547e-05,0.009882539799509748,{'511880.SH': 0.9901174602004903}
2016-03-08,824399.968388205,8145.562058205051,0.0,0.000196848307643549,0.009880594821140693,{'511880.SH': 0.9901194051788593}
2016-03-09,824489.2057782051,8145.562058205051,0.0,0.00010824526130748247,0.009879525409331168,{'511880.SH': 0.9901204745906689}
2016-03-10,824635.230598205,8145.562058205051,0.0,0.00017710943815463231,0.009877775961980324,{'511880.SH': 0.9901222240380197}
2016-03-11,824602.7806382049,8145.562058205051,0.0,-3.935068354599114e-05,0.009878164674512446,{'511880.SH': 0.9901218353254876}
2016-03-14,824562.2181882049,8145.562058205051,0.0,-4.919029010375109e-05,0.009878650608201697,{'511880.SH': 0.9901213493917983}
2016-03-15,824635.230598205,8145.562058205051,0.0,8.854687783355075e-05,0.009877775961980324,{'511880.SH': 0.9901222240380197}
2016-03-16,824667.680558205,8145.562058205051,0.0,3.9350683545880116e-05,0.009877387280039207,{'511880.SH': 0.9901226127199608}
2016-03-17,824578.4431682049,8145.562058205051,0.0,-0.0001082101216088871,0.009878456228989054,{'511880.SH': 0.990121543771011}
2016-03-18,824594.668148205,8145.562058205051,0.0,1.9676696783266223e-05,0.00987826185742574,{'511880.SH': 0.9901217381425743}
2016-03-21,824659.568068205,8145.562058205051,0.0,7.870523847275379e-05,0.009877484447656777,{'511880.SH': 0.9901225155523432}
2016-03-22,824838.0428482051,8145.562058205051,0.0,0.00021642237222585514,0.009875347201588856,{'511880.SH': 0.9901246527984112}
2016-03-23,825032.742608205,8145.562058205051,0.0,0.00023604604769156268,0.009873016715014485,{'511880.SH': 0.9901269832849856}
2016-03-24,825146.317468205,8145.562058205051,0.0,0.00013766103347734315,0.009871657772403402,{'511880.SH': 0.9901283422275966}
2016-03-25,825284.229798205,8145.562058205051,0.0,0.00016713681813795844,0.009870008130649447,{'511880.SH': 0.9901299918693506}
2016-03-28,825300.4547782049,8145.562058205051,0.0,1.9659869187060863e-05,0.00986981409139551,{'511880.SH': 0.9901301859086046}
2016-03-29,825292.342288205,8145.562058205051,0.0,-9.829741341893516e-06,0.009869911110068791,{'511880.SH': 0.9901300888899313}
2016-03-30,825227.4423682049,8145.562058205051,0.0,-7.863870373514548e-05,0.00987068732812525,{'511880.SH': 0.9901293126718748}
2016-03-31,825405.917148205,8145.562058205051,0.0,0.0002162734427346713,0.009868553022188333,{'511880.SH': 0.9901314469778117}
2016-04-01,845680.878772625,5738.1127726250525,20000.0,0.00033312291408083006,0.006785198668501333,{'511880.SH': 0.9932148013314986}
2016-04-05,845789.230522625,5738.1127726250525,0.0,0.0001281236843824196,0.0067843294352180296,{'511880.SH': 0.993215670564782}
2016-04-06,845855.908522625,5738.1127726250525,0.0,7.883524357343852e-05,0.006783794633115776,{'511880.SH': 0.9932162053668843}
2016-04-07,845922.5865226251,5738.1127726250525,0.0,7.882902906786171e-05,0.0067832599153227376,{'511880.SH': 0.9932167400846773}
2016-04-08,846164.294272625,5738.1127726250525,0.0,0.0002857327063383597,0.006781322269758046,{'511880.SH': 0.993218677730242}
2016-04-11,846139.290022625,5738.1127726250525,0.0,-2.955011239458294e-05,0.006781522664514988,{'511880.SH': 0.993218477335485}
2016-04-12,846189.298522625,5738.1127726250525,0.0,5.91019712590235e-05,0.006781121886844129,{'511880.SH': 0.9932188781131559}
2016-04-13,846255.976522625,5738.1127726250525,0.0,7.87979712297826e-05,0.006780587590298267,{'511880.SH': 0.9932194124097017}
2016-04-14,846155.959522625,5738.1127726250525,0.0,-0.00011818764389825986,0.006781389066694417,{'511880.SH': 0.9932186109333055}
2016-04-15,846372.663022625,5738.1127726250525,0.0,0.00025610349671501,0.006779652773912503,{'511880.SH': 0.9932203472260875}
2016-04-18,846522.688522625,5738.1127726250525,0.0,0.00017725702465876125,0.006778451245812876,{'511880.SH': 0.9932215487541871}
2016-04-19,846639.3750226251,5738.1127726250525,0.0,0.00013784214124701322,0.006777517018354728,{'511880.SH': 0.9932224829816453}
2016-04-20,846664.3792726251,5738.1127726250525,0.0,2.9533530730541102e-05,0.006777316860258964,{'511880.SH': 0.993222683139741}
2016-04-21,846756.061522625,5738.1127726250525,0.0,0.0001082864145987017,0.0067765830483774245,{'511880.SH': 0.9932234169516225}
2016-04-22,846914.4217726251,5738.1127726250525,0.0,0.000187019918954201,0.006775315929341429,{'511880.SH': 0.9932246840706586}
2016-04-25,846964.4302726251,5738.1127726250525,0.0,5.9047878645523966e-05,0.006774915884930422,{'511880.SH': 0.9932250841150696}
2016-04-26,846972.765022625,5738.1127726250525,0.0,9.840732033250532e-06,0.006774849215454728,{'511880.SH': 0.9932251507845453}
2016-04-27,847131.125272625,5738.1127726250525,0.0,0.0001869720686895615,0.006773582744676516,{'511880.SH': 0.9932264172553235}
2016-04-28,847314.489772625,5738.1127726250525,0.0,0.00021645350351273684,0.006772116896248124,{'511880.SH': 0.9932278831037519}
2016-04-29,847447.845772625,5738.1127726250525,0.0,0.00015738666293274584,0.006771051223091575,{'511880.SH': 0.9932289487769084}
2016-05-03,867359.165143925,3280.8523539250564,20000.0,-0.00010464434966983571,0.0037825764524903,{'511880.SH': 0.9962174235475098}
2016-05-04,867401.9501939248,3280.8523539250564,0.0,4.932795054135575e-05,0.0037823898749496207,{'511880.SH': 0.9962176101250504}
2016-05-05,867496.077303925,3280.8523539250564,0.0,0.00010851613831297513,0.0037819794691424506,{'511880.SH': 0.9962180205308576}
2016-05-06,867667.217503925,3280.8523539250564,0.0,0.00019728066152402413,0.0037812335048952282,{'511880.SH': 0.9962187664951049}
2016-05-09,867778.458633925,3280.8523539250564,0.0,0.00012820713720174126,0.0037807487859169066,{'511880.SH': 0.9962192512140832}
2016-05-10,867975.2698639251,3280.8523539250564,0.0,0.00022679893473043222,0.003779891510548918,{'511880.SH': 0.9962201084894512}
2016-05-11,867898.256773925,3280.8523539250564,0.0,-8.872728598829926e-05,0.003780226919823934,{'511880.SH': 0.9962197730801762}
2016-05-12,867915.370793925,3280.8523539250564,0.0,1.971892427077293e-05,0.0037801523792854353,{'511880.SH': 0.9962198476207146}
2016-05-13,868052.282953925,3280.8523539250564,0.0,0.0001577482835390942,0.0037795561607885312,{'511880.SH': 0.9962204438392115}
2016-05-16,868129.296043925,3280.8523539250564,0.0,8.871941415544704e-05,0.0037792208705269338,{'511880.SH': 0.9962207791294732}
2016-05-17,868189.1951139249,3280.8523539250564,0.0,6.899786733716162e-05,0.0037789601303371886,{'511880.SH': 0.9962210398696629}
2016-05-18,868240.537173925,3280.8523539250564,0.0,5.913694882297982e-05,0.0037787366673802743,{'511880.SH': 0.9962212633326197}
2016-05-19,868300.436243925,3280.8523539250564,0.0,6.898902715946065e-05,0.003778475993997303,{'511880.SH': 0.9962215240060027}
2016-05-20,868291.8792339249,3280.8523539250564,0.0,-9.854895428929034e-06,0.00377851323085007,{'511880.SH': 0.99622148676915}
2016-05-23,868488.690463925,3280.8523539250564,0.0,0.0002266648286215478,0.0037776569688806275,{'511880.SH': 0.9962223430311195}
2016-05-24,868591.374583925,3280.8523539250564,0.0,0.00011823311129721681,0.003777210377545666,{'511880.SH': 0.9962227896224544}
2016-05-25,868634.159633925,3280.8523539250564,0.0,4.925797245047825e-05,0.003777024328985324,{'511880.SH': 0.9962229756710147}
2016-05-26,868659.830663925,3280.8523539250564,0.0,2.9553327733466972e-05,0.0037769127086462254,{'511880.SH': 0.9962230872913539}
2016-05-27,868745.4007639249,3280.8523539250564,0.0,9.850818119971905e-05,0.0037765406884917754,{'511880.SH': 0.9962234593115082}
2016-05-30,868873.755913925,3280.8523539250564,0.0,0.00014774771744074933,0.003775982795652622,{'511880.SH': 0.9962240172043474}
2016-05-31,868873.755913925,3280.8523539250564,0.0,0.0,0.003775982795652622,{'511880.SH': 0.9962240172043474}
2016-06-01,888880.072987645,786.6783276450551,20000.0,7.2704160725134415e-06,0.0008850218961495265,{'511880.SH': 0.9991149781038504}
2016-06-02,888959.0864176451,786.6783276450551,0.0,8.889099036091253e-05,0.0008849432326691612,{'511880.SH': 0.9991150567673308}
2016-06-03,889090.775467645,786.6783276450551,0.0,0.00014813848242511973,0.0008848121579388529,{'511880.SH': 0.9991151878420611}
2016-06-06,889196.126707645,786.6783276450551,0.0,0.00011849323253243504,0.0008847073261079372,{'511880.SH': 0.9991152926738921}
2016-06-07,889310.2572176451,786.6783276450551,0.0,0.00012835245967912634,0.0008845937863196461,{'511880.SH': 0.9991154062136803}
2016-06-08,889678.9865576449,786.6783276450551,0.0,0.00041462395941938013,0.0008842271645516536,{'511880.SH': 0.9991157728354484}
2016-06-13,889678.9865576449,786.6783276450551,0.0,0.0,0.0008842271645516536,{'511880.SH': 0.9991157728354484}
2016-06-14,889714.103637645,786.6783276450551,0.0,3.94716302516418e-05,0.0008841922640415359,{'511880.SH': 0.9991158077359584}
2016-06-15,889722.882907645,786.6783276450551,0.0,9.867518075745707e-06,0.0008841835393444791,{'511880.SH': 0.9991158164606555}
2016-06-16,889766.779257645,786.6783276450551,0.0,4.933710354459997e-05,0.000884139918441775,{'511880.SH': 0.9991158600815582}
2016-06-17,889986.2610076452,786.6783276450551,0.0,0.0002466733475745553,0.0008839218784730176,{'511880.SH': 0.999116078121527}
2016-06-20,890056.495167645,786.6783276450551,0.0,7.891600474851934e-05,0.0008838521283942562,{'511880.SH': 0.9991161478716057}
2016-06-21,890091.612247645,786.6783276450551,0.0,3.9454888752121775e-05,0.000883817257482685,{'511880.SH': 0.9991161827425173}
2016-06-22,890117.9500576451,786.6783276450551,0.0,2.9589999094081776e-05,0.000883791106104656,{'511880.SH': 0.9991162088938953}
2016-06-23,890170.6256776451,786.6783276450551,0.0,5.917824710377495e-05,0.0008837388079911016,{'511880.SH': 0.9991162611920089}
2016-06-24,890302.314727645,786.6783276450551,0.0,0.00014793686311498355,0.0008836080897820761,{'511880.SH': 0.999116391910218}
2016-06-27,890117.9500576451,786.6783276450551,0.0,-0.0002070809734514567,0.000883791106104656,{'511880.SH': 0.9991162088938953}
2016-06-28,890267.197647645,786.6783276450551,0.0,0.00016767170012732535,0.0008836429441898983,{'511880.SH': 0.9991163570558101}
2016-06-29,890258.4183776451,786.6783276450551,0.0,-9.861387708198777e-06,0.0008836516582214991,{'511880.SH': 0.9991163483417785}
2016-06-30,890653.4855276451,786.6783276450551,0.0,0.0004437668230310443,0.0008832596968719069,{'511880.SH': 0.9991167403031281}
2016-07-01,910930.4561046399,9515.019304640056,20000.0,0.000310974561370303,0.010445384980680733,{'511880.SH': 0.9895546150193193}
2016-07-04,910948.2369046401,9515.019304640056,0.0,1.951938249633578e-05,0.010445181097195656,{'511880.SH': 0.9895548189028044}
2016-07-05,910957.12730464,9515.019304640056,0.0,9.759500748440786e-06,0.01044507915843779,{'511880.SH': 0.9895549208415623}
2016-07-06,911099.37370464,9515.019304640056,0.0,0.00015615048802652964,0.010443448408872064,{'511880.SH': 0.989556551591128}
2016-07-07,911206.05850464,9515.019304640056,0.0,0.000117094581643995,0.010442225680824535,{'511880.SH': 0.9895577743191755}
2016-07-08,911410.53770464,9515.019304640056,0.0,0.0002244050048740842,0.010439882918847248,{'511880.SH': 0.9895601170811528}
2016-07-11,911472.77050464,9515.019304640056,0.0,6.828185260698838e-05,0.010439170112972254,{'511880.SH': 0.9895608298870278}
2016-07-12,911517.22250464,9515.019304640056,0.0,4.876942179565802e-05,0.01043866102550972,{'511880.SH': 0.9895613389744903}
2016-07-13,911535.00330464,9515.019304640056,0.0,1.95068173820534e-05,0.010438457404427382,{'511880.SH': 0.9895615425955727}
2016-07-14,911677.24970464,9515.019304640056,0.0,0.00015605149498854054,0.01043682872170242,{'511880.SH': 0.9895631712782976}
2016-07-15,911810.6057046399,9515.019304640056,0.0,0.00014627545004897158,0.010435302293163091,{'511880.SH': 0.989564697706837}
2016-07-18,911943.96170464,9515.019304640056,0.0,0.00014625405667101354,0.010433776311051201,{'511880.SH': 0.9895662236889489}
2016-07-19,912032.86570464,9515.019304640056,0.0,9.748844636670029e-05,0.010432759237561814,{'511880.SH': 0.9895672407624383}
2016-07-20,912077.31770464,9515.019304640056,0.0,4.873947164796277e-05,0.010432250775170933,{'511880.SH': 0.9895677492248292}
2016-07-21,912103.98890464,9515.019304640056,0.0,2.9242257736594723e-05,0.01043194572152545,{'511880.SH': 0.9895680542784746}
2016-07-22,912246.23530464,9515.019304640056,0.0,0.0001559541474771553,0.010430319070006975,{'511880.SH': 0.9895696809299931}
2016-07-25,912379.59130464,9515.019304640056,0.0,0.00014618421522505365,0.010428794544860691,{'511880.SH': 0.9895712054551393}
2016-07-26,912317.35850464,9515.019304640056,0.0,-6.820932931106416e-05,0.010429505934465526,{'511880.SH': 0.9895704940655345}
2016-07-27,912504.0569046399,9515.019304640056,0.0,0.00020464194642300093,0.010427372056751755,{'511880.SH': 0.9895726279432483}
2016-07-28,912628.5225046399,9515.019304640056,0.0,0.00013640005111015263,0.010425949956644798,{'511880.SH': 0.9895740500433553}
2016-07-29,912806.3305046399,9515.019304640056,0.0,0.00019483064096226244,0.010423919057813426,{'511880.SH': 0.9895760809421866}
2016-08-01,932849.7153232499,6921.4453832500585,20000.0,4.752905097182847e-05,0.007419678936013448,{'511880.SH': 0.9925803210639866}
2016-08-02,932913.5039432499,6921.4453832500585,0.0,6.838038212597652e-05,0.007419171610223682,{'511880.SH': 0.9925808283897763}
2016-08-03,932968.17990325,6921.4453832500585,0.0,5.860774848787109e-05,0.007418736814762345,{'511880.SH': 0.9925812631852376}
2016-08-04,933013.74320325,6921.4453832500585,0.0,4.883692818413721e-05,0.007418374524138466,{'511880.SH': 0.9925816254758616}
2016-08-05,933232.44704325,6921.4453832500585,0.0,0.00023440580762423835,0.007416636021581973,{'511880.SH': 0.9925833639784181}
2016-08-08,933268.89768325,6921.4453832500585,0.0,3.905847906970905e-05,0.007416346350373273,{'511880.SH': 0.9925836536496268}
2016-08-09,933323.57364325,6921.4453832500585,0.0,5.8585430346758116e-05,0.007415911885984019,{'511880.SH': 0.992584088114016}
2016-08-10,933387.36226325,6921.4453832500585,0.0,6.834566467772696e-05,0.0074154050751953,{'511880.SH': 0.9925845949248048}
2016-08-11,933469.37620325,6921.4453832500585,0.0,8.786699211471571e-05,0.007414753563102438,{'511880.SH': 0.9925852464368976}
2016-08-12,933551.39014325,6921.4453832500585,0.0,8.785927218468714e-05,0.007414102165482276,{'511880.SH': 0.9925858978345178}
2016-08-15,933560.50280325,6921.4453832500585,0.0,9.76128373464391e-06,0.0074140297950338295,{'511880.SH': 0.9925859702049662}
2016-08-16,933615.17876325,6921.4453832500585,0.0,5.856713071716868e-05,0.007413595602011123,{'511880.SH': 0.992586404397989}
2016-08-17,933733.64334325,6921.4453832500585,0.0,0.00012688801841997943,0.007412655024903782,{'511880.SH': 0.9925873449750963}
2016-08-18,933715.41802325,6921.4453832500585,0.0,-1.951875690675564e-05,0.007412799713539389,{'511880.SH': 0.9925872002864606}
2016-08-19,933997.9104832499,6921.4453832500585,0.0,0.0003025466373876018,0.007410557674233882,{'511880.SH': 0.9925894423257662}
2016-08-22,934089.03708325,6921.4453832500585,0.0,9.756617116307709e-05,0.00740983472503081,{'511880.SH': 0.9925901652749692}
2016-08-23,934125.4877232498,6921.4453832500585,0.0,3.902266117328246e-05,0.007409545584844005,{'511880.SH': 0.992590454415156}
2016-08-24,934125.4877232498,6921.4453832500585,0.0,0.0,0.007409545584844005,{'511880.SH': 0.992590454415156}
2016-08-25,934225.72698325,6921.4453832500585,0.0,0.0001073081307785273,0.007408750565669399,{'511880.SH': 0.9925912494343306}
2016-08-26,934444.4308232501,6921.4453832500585,0.0,0.0002341017097724496,0.007407016570425949,{'511880.SH': 0.9925929834295741}
2016-08-29,934562.8954032499,6921.4453832500585,0.0,0.0001267754144518296,0.007406077661860905,{'511880.SH': 0.9925939223381391}
2016-08-30,934644.90934325,6921.4453832500585,0.0,8.775646925807123e-05,0.007405427787664915,{'511880.SH': 0.9925945722123352}
2016-08-31,934699.58530325,6921.4453832500585,0.0,5.849917915723424e-05,0.00740499460155906,{'511880.SH': 0.992595005398441}
2016-09-01,954781.17539343,4280.951153430062,20000.0,8.729017479303103e-05,0.0044836987403590566,{'511880.SH': 0.995516301259641}
2016-09-02,954911.86427343,4280.951153430062,0.0,0.00013687835848474883,0.004483085103029207,{'511880.SH': 0.9955169148969708}
2016-09-05,954967.8737934299,4280.951153430062,0.0,5.865412515593249e-05,0.004482822167016771,{'511880.SH': 0.9955171778329832}
2016-09-06,955070.5579134299,4280.951153430062,0.0,0.00010752625592735932,0.004482340197757513,{'511880.SH': 0.9955176598022425}
2016-09-07,955154.57219343,4280.951153430062,0.0,8.79665688613418e-05,0.00448194593635167,{'511880.SH': 0.9955180540636483}
2016-09-08,955201.24679343,4280.951153430062,0.0,4.8866017458015776e-05,0.004481726932205159,{'511880.SH': 0.9955182730677948}
2016-09-09,955313.26583343,4280.951153430062,0.0,0.00011727271124906125,0.004481201409566205,{'511880.SH': 0.9955187985904338}
2016-09-12,955453.2896334301,4280.951153430062,0.0,0.0001465736999661793,0.0044805446795546594,{'511880.SH': 0.9955194553204454}
2016-09-13,955686.66263343,4280.951153430062,0.0,0.00024425369877523195,0.004479450557187585,{'511880.SH': 0.9955205494428124}
2016-09-14,955976.04515343,4280.951153430062,0.0,0.000302800626308386,0.00447809458734187,{'511880.SH': 0.9955219054126582}
2016-09-19,955910.70071343,4280.951153430062,0.0,-6.835363744861489e-05,0.004478400702319826,{'511880.SH': 0.9955215992976802}
2016-09-20,955873.36103343,4280.951153430062,0.0,-3.9061891421554584e-05,0.004478575643955354,{'511880.SH': 0.9955214243560446}
2016-09-21,955920.03563343,4280.951153430062,0.0,4.8829271640737915e-05,0.0044783569690464075,{'511880.SH': 0.9955216430309536}
2016-09-22,955826.6864334301,4280.951153430062,0.0,-9.765377491866012e-05,0.0044787943402208145,{'511880.SH': 0.9955212056597792}
2016-09-23,956004.04991343,4280.951153430062,0.0,0.00018556029300853538,0.004477963408018741,{'511880.SH': 0.9955220365919812}
2016-09-26,956088.06419343,4280.951153430062,0.0,8.78806737352189e-05,0.004477569916157813,{'511880.SH': 0.9955224300838422}
2016-09-27,956116.06895343,4280.951153430062,0.0,2.9290983800445147e-05,0.004477438767571404,{'511880.SH': 0.9955225612324287}
2016-09-28,956312.10227343,4280.951153430062,0.0,0.0002050308810461754,0.0044765209425385345,{'511880.SH': 0.9955234790574615}
2016-09-29,956405.4514734299,4280.951153430062,0.0,9.761373904826343e-05,0.004476084015241513,{'511880.SH': 0.9955239159847585}
2016-09-30,957030.89111343,4280.951153430062,0.0,0.0006539482172926991,0.004473158801017919,{'511880.SH': 0.995526841198982}
2016-10-10,977094.44969433,1583.5299143300654,20000.0,6.641225637560311e-05,0.001620651836498969,{'511880.SH': 0.9983793481635009}
2016-10-11,977123.12123433,1583.5299143300654,0.0,2.934367297746654e-05,0.0016206042820168915,{'511880.SH': 0.9983793957179831}
2016-10-12,977342.93637433,1583.5299143300654,0.0,0.00022496155829609954,0.0016202397903488414,{'511880.SH': 0.9983797602096511}
2016-10-13,977438.50817433,1583.5299143300654,0.0,9.778737477206256e-05,0.0016200813668450604,{'511880.SH': 0.9983799186331549}
2016-10-14,977686.9948543301,1583.5299143300654,0.0,0.0002542223146744238,0.0016196696106876235,{'511880.SH': 0.9983803303893123}
2016-10-17,977667.8804943301,1583.5299143300654,0.0,-1.9550592470385375e-05,0.00161970127680721,{'511880.SH': 0.9983802987231928}
2016-10-18,977562.7515143302,1583.5299143300654,0.0,-0.00010753036086930123,0.001619875462600267,{'511880.SH': 0.9983801245373997}
2016-10-19,977696.5520343301,1583.5299143300654,0.0,0.00013687154077079988,0.001619653778092144,{'511880.SH': 0.9983803462219079}
2016-10-20,977639.2089543301,1583.5299143300654,0.0,-5.8651204078330466e-05,0.0016197487783082963,{'511880.SH': 0.9983802512216916}
2016-10-21,977849.4669143301,1583.5299143300654,0.0,0.00021506702889406704,0.0016194004986544613,{'511880.SH': 0.9983805995013455}
2016-10-24,977839.90973433,1583.5299143300654,0.0,-9.773672046131665e-06,0.0016194163262985407,{'511880.SH': 0.9983805836737014}
2016-10-25,977897.25281433,1583.5299143300654,0.0,5.86426054296485e-05,0.0016193213650746647,{'511880.SH': 0.9983806786349253}
2016-10-26,977973.7102543301,1583.5299143300654,0.0,7.818555556826645e-05,0.0016191947674321996,{'511880.SH': 0.9983808052325678}
2016-10-27,977983.2674343301,1583.5299143300654,0.0,9.77243038313702e-06,0.0016191789441186903,{'511880.SH': 0.9983808210558812}
2016-10-28,978241.31129433,1583.5299143300654,0.0,0.0002638530418592744,0.0016187518315239275,{'511880.SH': 0.9983812481684761}
2016-10-31,978432.4548943301,1583.5299143300654,0.0,0.00019539514207100872,0.0016184355970705053,{'511880.SH': 0.9983815644029295}
2016-11-01,998541.905775595,10218.252645595066,20000.0,0.000111863502398446,0.010233173576884856,{'511880.SH': 0.9897668264231151}
2016-11-02,998793.2818355949,10218.252645595066,0.0,0.0002517431251967128,0.010230598094148002,{'511880.SH': 0.9897694019058519}
2016-11-03,998822.286765595,10218.252645595066,0.0,2.9039973063138547e-05,0.010230301006482348,{'511880.SH': 0.9897696989935176}
2016-11-04,999025.3212755951,10218.252645595066,0.0,0.00020327390837215908,0.010228221875845947,{'511880.SH': 0.989771778124154}
2016-11-07,999083.3311355951,10218.252645595066,0.0,5.806645613937178e-05,0.010227627993733638,{'511880.SH': 0.9897723720062663}
2016-11-08,999141.3409955951,10218.252645595066,0.0,5.806308462186216e-05,0.010227034180582581,{'511880.SH': 0.9897729658194173}
2016-11-09,999151.0093055952,10218.252645595066,0.0,9.676618916154567e-06,0.010226935218427793,{'511880.SH': 0.9897730647815721}
2016-11-10,999180.014235595,10218.252645595066,0.0,2.9029575839611965e-05,0.010226638343454417,{'511880.SH': 0.9897733616565455}
2016-11-11,999180.014235595,10218.252645595066,0.0,0.0,0.010226638343454417,{'511880.SH': 0.9897733616565455}
2016-11-14,999286.365645595,10218.252645595066,0.0,0.0001064386882090318,0.010225549949331593,{'511880.SH': 0.9897744500506683}
2016-11-15,999470.0635355951,10218.252645595066,0.0,0.0001838290767446349,0.010223670541415025,{'511880.SH': 0.989776329458585}
2016-11-16,999508.7367755951,10218.252645595066,0.0,3.86937452265812e-05,0.010223274964618162,{'511880.SH': 0.9897767250353818}
2016-11-17,999586.0832555951,10218.252645595066,0.0,7.738449615701803e-05,0.010222483902851867,{'511880.SH': 0.989777516097148}
2016-11-18,999808.454385595,10218.252645595066,0.0,0.00022246321124819168,0.01022021028205289,{'511880.SH': 0.9897797897179471}
2016-11-21,999856.7959355951,10218.252645595066,0.0,4.8350811385988735e-05,0.01021971615048488,{'511880.SH': 0.9897802838495151}
2016-11-22,999934.142415595,10218.252645595066,0.0,7.735755791671295e-05,0.010218925639352889,{'511880.SH': 0.9897810743606471}
2016-11-23,1000001.820585595,10218.252645595066,0.0,6.768262741441156e-05,0.010218234042425363,{'511880.SH': 0.9897817659575746}
2016-11-24,1000040.493825595,10218.252645595066,0.0,3.867316959227374e-05,0.01021783888620925,{'511880.SH': 0.9897821611137907}
2016-11-25,1000195.1867855951,10218.252645595066,0.0,0.00015468669614393527,0.010216258566924579,{'511880.SH': 0.9897837414330753}
2016-11-28,1000311.2065055951,10218.252645595066,0.0,0.00011599707890308508,0.010215073648220607,{'511880.SH': 0.9897849263517794}
2016-11-29,1000301.538195595,10218.252645595066,0.0,-9.665302095229755e-06,0.010215172380947624,{'511880.SH': 0.9897848276190523}
2016-11-30,1000272.5332655951,10218.252645595066,0.0,-2.8996186542173952e-05,0.010215468590580491,{'511880.SH': 0.9897845314094195}
2016-12-01,1020349.946090205,7446.781820205062,20000.0,7.739173278831224e-05,0.007298262570346353,{'511880.SH': 0.9927017374296536}
2016-12-02,1020745.5688902049,7446.781820205062,0.0,0.0003877324652350467,0.00729543389377776,{'511880.SH': 0.9927045661062223}
2016-12-05,1020943.380290205,7446.781820205062,0.0,0.00019379109351924662,0.007294020377592635,{'511880.SH': 0.9927059796224074}
2016-12-06,1020963.161430205,7446.781820205062,0.0,1.93753545807418e-05,0.007293879056099654,{'511880.SH': 0.9927061209439003}
2016-12-07,1020973.052000205,7446.781820205062,0.0,9.687489591847509e-06,0.007293808397406719,{'511880.SH': 0.9927061916025933}
2016-12-08,1021111.519980205,7446.781820205062,0.0,0.00013562354043394897,0.007292819319430872,{'511880.SH': 0.9927071806805692}
2016-12-09,1021180.753970205,7446.781820205062,0.0,6.780257459171324e-05,0.007292324881029179,{'511880.SH': 0.9927076751189708}
2016-12-12,1021240.097390205,7446.781820205062,0.0,5.811255232668344e-05,0.007291901130043198,{'511880.SH': 0.9927080988699568}
2016-12-13,1021299.4408102051,7446.781820205062,0.0,5.8109175454124085e-05,0.007291477428301997,{'511880.SH': 0.9927085225716981}
2016-12-14,1021299.4408102051,7446.781820205062,0.0,0.0,0.007291477428301997,{'511880.SH': 0.9927085225716981}
2016-12-15,1020359.836660205,7446.781820205062,0.0,-0.0009200084837553968,0.007298191826698635,{'511880.SH': 0.9927018081733013}
2016-12-16,1020775.2406002049,7446.781820205062,0.0,0.0004071151422027075,0.007295221831425333,{'511880.SH': 0.9927047781685747}
2016-12-19,1021081.848270205,7446.781820205062,0.0,0.0003003674636736786,0.007293031242128642,{'511880.SH': 0.9927069687578713}
2016-12-20,1021477.471070205,7446.781820205062,0.0,0.0003874545421311826,0.007290206618461244,{'511880.SH': 0.9927097933815388}
2016-12-21,1021606.048480205,7446.781820205062,0.0,0.0001258739557568056,0.0072892890868092326,{'511880.SH': 0.9927107109131907}
2016-12-22,1021843.422160205,7446.781820205062,0.0,0.00023235344030414495,0.007287595788856145,{'511880.SH': 0.9927124042111439}
2016-12-23,1022051.124130205,7446.781820205062,0.0,0.00020326203163389955,0.007286114798359513,{'511880.SH': 0.9927138852016405}
2016-12-26,1021981.8901402049,7446.781820205062,0.0,-6.774024152556013e-05,0.007286608394972091,{'511880.SH': 0.9927133916050279}
2016-12-27,1021764.297600205,7446.781820205062,0.0,-0.00021291232466946752,0.007288160134088803,{'511880.SH': 0.9927118398659113}
2016-12-28,1021981.8901402049,7446.781820205062,0.0,0.00021295766598128374,0.007286608394972091,{'511880.SH': 0.9927133916050279}
2016-12-29,1022664.3394702049,7446.781820205062,0.0,0.0006677704728275113,0.0072817458600960856,{'511880.SH': 0.9927182541399039}
2016-12-30,1023914.0552202049,7446.781820205062,0.0,0.0012220194855405708,0.007272858285555562,{'511880.SH': 0.9927271417144444}
2017-01-03,1042856.4702288051,4615.288978805063,20000.0,-0.001032884533626488,0.004425622423182031,{'511880.SH': 0.995574377576818}
2017-01-04,1042877.209128805,4615.288978805063,0.0,1.9886629264886935e-05,0.0044255344142198364,{'511880.SH': 0.9955744655857801}
2017-01-05,1042877.209128805,4615.288978805063,0.0,0.0,0.0044255344142198364,{'511880.SH': 0.9955744655857801}
2017-01-06,1043167.553728805,4615.288978805063,0.0,0.0002784072731272236,0.004424302656181839,{'511880.SH': 0.9955756973438181}
2017-01-09,1043198.662078805,4615.288978805063,0.0,2.982104829540866e-05,0.004424170722773048,{'511880.SH': 0.995575829277227}
2017-01-10,1043395.681628805,4615.288978805063,0.0,0.00018886100717141474,0.004423335327208095,{'511880.SH': 0.9955766646727919}
2017-01-11,1043437.159428805,4615.288978805063,0.0,3.975270430034428e-05,0.004423159494656631,{'511880.SH': 0.9955768405053433}
2017-01-12,1043395.681628805,4615.288978805063,0.0,-3.9751124085607437e-05,0.004423335327208095,{'511880.SH': 0.9955766646727919}
2017-01-13,1043551.223378805,4615.288978805063,0.0,0.00014907264112618002,0.004422676027211873,{'511880.SH': 0.9955773239727881}
2017-01-16,1043561.592828805,4615.288978805063,0.0,9.936694785661615e-06,0.004422632080866736,{'511880.SH': 0.9955773679191333}
2017-01-17,1043468.267778805,4615.288978805063,0.0,-8.94293644393418e-05,0.004423027629416532,{'511880.SH': 0.9955769723705835}
2017-01-18,1043530.484478805,4615.288978805063,0.0,5.962490851052493e-05,0.004422763922522288,{'511880.SH': 0.9955772360774777}
2017-01-19,1043343.834378805,4615.288978805063,0.0,-0.00017886406077838313,0.004423555137557269,{'511880.SH': 0.9955764448624427}
2017-01-20,1043779.3512788049,4615.288978805063,0.0,0.000417424137326039,0.004421709409321577,{'511880.SH': 0.9955782905906784}
2017-01-23,1044163.020928805,4615.288978805063,0.0,0.0003675773519853376,0.004420084686297037,{'511880.SH': 0.9955799153137029}
2017-01-24,1044308.193228805,4615.288978805063,0.0,0.0001390322172785119,0.0044194702375507135,{'511880.SH': 0.9955805297624493}
2017-01-25,1044754.0795788051,4615.288978805063,0.0,0.00042696816216825084,0.004417584069799208,{'511880.SH': 0.9955824159302008}
2017-01-26,1045002.946378805,4615.288978805063,0.0,0.0002382061050196782,0.00441653202490786,{'511880.SH': 0.9955834679750921}
2017-02-03,1065231.148346305,1734.089096305066,20000.0,0.00021837447280947941,0.0016278993521707614,{'511880.SH': 0.9983721006478293}
2017-02-06,1065474.8873963049,1734.089096305066,0.0,0.00022881329594826028,0.0016275269523645462,{'511880.SH': 0.9983724730476355}
2017-02-07,1065835.197296305,1734.089096305066,0.0,0.0003381683644188005,0.0016269767602945697,{'511880.SH': 0.9983730232397056}
2017-02-08,1065814.002596305,1734.089096305066,0.0,-1.9885532072771994e-05,0.0016270091142364935,{'511880.SH': 0.9983729908857636}
2017-02-09,1065771.613196305,1734.089096305066,0.0,-3.977185502979097e-05,0.0016270738259808232,{'511880.SH': 0.9983729261740193}
2017-02-10,1065845.7946463048,1734.089096305066,0.0,6.960351456286595e-05,0.0016269605838061352,{'511880.SH': 0.9983730394161939}
2017-02-13,1065909.378746305,1734.089096305066,0.0,5.96560030723392e-05,0.001626863531630294,{'511880.SH': 0.9983731364683698}
2017-02-14,1065877.5866963048,1734.089096305066,0.0,-2.982622222302833e-05,0.0016269120562708214,{'511880.SH': 0.9983730879437293}
2017-02-15,1065972.962846305,1734.089096305066,0.0,8.948133555919391e-05,0.001626766491032561,{'511880.SH': 0.9983732335089676}
2017-02-16,1066121.3257463048,1734.089096305066,0.0,0.00013918073456919977,0.0016265401079855254,{'511880.SH': 0.9983734598920145}
2017-02-17,1066163.7151463048,1734.089096305066,0.0,3.976039028241729e-05,0.0016264754386872986,{'511880.SH': 0.9983735245613128}
2017-02-20,1066301.480696305,1734.089096305066,0.0,0.00012921613073402227,0.0016262652989778178,{'511880.SH': 0.9983737347010223}
2017-02-21,1066333.272746305,1734.089096305066,0.0,2.981525448064737e-05,0.0016262168129097,{'511880.SH': 0.9983737831870904}
2017-02-22,1066566.414446305,1734.089096305066,0.0,0.00021863868075655546,0.001625861336731944,{'511880.SH': 0.9983741386632682}
2017-02-23,1066820.750846305,1734.089096305066,0.0,0.00023846278727224224,0.0016254737217376205,{'511880.SH': 0.9983745262782625}
2017-02-24,1066926.7243463048,1734.089096305066,0.0,9.933580680332454e-05,0.0016253122700319695,{'511880.SH': 0.9983746877299682}
2017-02-27,1067149.2686963049,1734.089096305066,0.0,0.00020858447438043548,0.0016249733258249203,{'511880.SH': 0.9983750266741752}
2017-02-28,1067191.658096305,1734.089096305066,0.0,3.9722090661165055e-05,0.0016249087810510032,{'511880.SH': 0.9983750912189491}
2017-03-01,1087302.614060055,10270.687760055069,20000.0,0.00010397004409479216,0.00944602507824725,{'511880.SH': 0.9905539749217528}
2017-03-02,1087506.128760055,10270.687760055069,0.0,0.00018717392689793222,0.009444257359510634,{'511880.SH': 0.9905557426404894}
2017-03-03,1087848.890360055,10270.687760055069,0.0,0.00031518130421104296,0.00944128164404864,{'511880.SH': 0.9905587183559513}
2017-03-06,1087913.158160055,10270.687760055069,0.0,5.9077874298152366e-05,0.009440723906148429,{'511880.SH': 0.9905592760938515}
2017-03-07,1088138.0954600552,10270.687760055069,0.0,0.00020676034508171348,0.009438772342321784,{'511880.SH': 0.9905612276576782}
2017-03-08,1088255.919760055,10270.687760055069,0.0,0.00010828064975521023,0.00943775041657445,{'511880.SH': 0.9905622495834255}
2017-03-09,1088534.413560055,10270.687760055069,0.0,0.00025590837131539423,0.009435335835148063,{'511880.SH': 0.9905646641648519}
2017-03-10,1088877.175160055,10270.687760055069,0.0,0.0003148835679700479,0.009432365738170028,{'511880.SH': 0.9905676342618299}
2017-03-13,1088791.484760055,10270.687760055069,0.0,-7.869611187993897e-05,0.009433108087099427,{'511880.SH': 0.9905668919129006}
2017-03-14,1088684.3717600552,10270.687760055069,0.0,-9.837788180677709e-05,0.009434036187596452,{'511880.SH': 0.9905659638124036}
2017-03-15,1088641.526560055,10270.687760055069,0.0,-3.935502438678906e-05,0.00943440747893286,{'511880.SH': 0.9905655925210671}
2017-03-16,1088363.032760055,10270.687760055069,0.0,-0.00025581772622629284,0.009436821585173581,{'511880.SH': 0.9905631784148264}
2017-03-17,1088652.237860055,10270.687760055069,0.0,0.0002657248466686468,0.009434314653358894,{'511880.SH': 0.9905656853466411}
2017-03-20,1088930.731660055,10270.687760055069,0.0,0.0002558152092237975,0.009431901829419024,{'511880.SH': 0.990568098170581}
2017-03-21,1089016.422060055,10270.687760055069,0.0,7.869224139667175e-05,0.009431159670325597,{'511880.SH': 0.9905688403296744}
2017-03-22,1089380.6062600552,10270.687760055069,0.0,0.00033441571001402437,0.009428006796738648,{'511880.SH': 0.9905719932032614}
2017-03-23,1089541.275760055,10270.687760055069,0.0,0.00014748702067635122,0.009426616493157014,{'511880.SH': 0.990573383506843}
2017-03-24,1089541.275760055,10270.687760055069,0.0,0.0,0.009426616493157014,{'511880.SH': 0.990573383506843}
2017-03-27,1089744.790460055,10270.687760055069,0.0,0.00018678934385296664,0.00942485603048317,{'511880.SH': 0.9905751439695168}
2017-03-28,1089787.6356600549,10270.687760055069,0.0,3.931672844403877e-05,0.009424485490546414,{'511880.SH': 0.9905755145094536}
2017-03-29,1089669.811360055,10270.687760055069,0.0,-0.00010811675242428098,0.009425504545487833,{'511880.SH': 0.9905744954545121}
2017-03-30,1089884.0373600551,10270.687760055069,0.0,0.0001965971689465995,0.009423651882206651,{'511880.SH': 0.9905763481177934}
2017-03-31,1090462.4475600552,10270.687760055069,0.0,0.0005307080204615122,0.009418653327343884,{'511880.SH': 0.9905813466726561}
2017-04-05,1110647.177716505,7275.708916505071,20000.0,0.00016940533519815837,0.006550873276843829,{'511880.SH': 0.9934491267231561}
2017-04-06,1111030.049716505,7275.708916505071,0.0,0.0003447287380562436,0.006548615780789702,{'511880.SH': 0.9934513842192103}
2017-04-07,1111391.0433165052,7275.708916505071,0.0,0.0003249179444717587,0.0065464887091348225,{'511880.SH': 0.9934535112908651}
2017-04-10,1111533.2529165049,7275.708916505071,0.0,0.00012795640279361642,0.006545651151159578,{'511880.SH': 0.9934543488488404}
2017-04-11,1111927.064116505,7275.708916505071,0.0,0.0003542954733624093,0.006543332877940221,{'511880.SH': 0.9934566671220597}
2017-04-12,1111741.097716505,7275.708916505071,0.0,-0.00016724694092040693,0.006544427413405188,{'511880.SH': 0.9934555725865948}
2017-04-13,1111839.550516505,7275.708916505071,0.0,8.855730907342263e-05,0.006543847907843484,{'511880.SH': 0.9934561520921565}
2017-04-14,1112069.2737165052,7275.708916505071,0.0,0.0002066154238653528,0.006542496127233019,{'511880.SH': 0.993457503872767}
2017-04-17,1112189.604916505,7275.708916505071,0.0,0.00010820477001205475,0.006541788274537306,{'511880.SH': 0.9934582117254627}
2017-04-18,1112298.996916505,7275.708916505071,0.0,9.835733000596036e-05,0.006541144904989269,{'511880.SH': 0.9934588550950108}
2017-04-19,1112397.449716505,7275.708916505071,0.0,8.851289111366789e-05,0.006540565980584808,{'511880.SH': 0.9934594340194152}
2017-04-20,1112583.4161165052,7275.708916505071,0.0,0.00016717621929784876,0.0065394727362565585,{'511880.SH': 0.9934605272637435}
2017-04-21,1112900.652916505,7275.708916505071,0.0,0.0002851352944905905,0.006537608633293639,{'511880.SH': 0.9934623913667063}
2017-04-24,1112911.592116505,7275.708916505071,0.0,9.829448811338182e-06,0.006537544372835875,{'511880.SH': 0.9934624556271641}
2017-04-25,1112845.956916505,7275.708916505071,0.0,-5.897611316552087e-05,0.0065379299545327415,{'511880.SH': 0.9934620700454673}
2017-04-26,1112999.105716505,7275.708916505071,0.0,0.00013761904695641647,0.006537030334648163,{'511880.SH': 0.9934629696653519}
2017-04-27,1113185.0721165051,7275.708916505071,0.0,0.00016708584853741826,0.006535938271856022,{'511880.SH': 0.9934640617281439}
2017-04-28,1113567.944116505,7275.708916505071,0.0,0.0003439428084244245,0.00653369105580491,{'511880.SH': 0.9934663089441951}
2017-05-02,1133754.691871655,4213.693971655073,20000.0,0.00016770216504213842,0.003716583491882985,{'511880.SH': 0.996283416508117}
2017-05-03,1133877.529971655,4213.693971655073,0.0,0.00010834627709210842,0.0037161808575220715,{'511880.SH': 0.9962838191424779}
2017-05-04,1134022.702271655,4213.693971655073,0.0,0.00012803172843867117,0.00371570512937199,{'511880.SH': 0.996284294870628}
2017-05-05,1134313.0468716552,4213.693971655073,0.0,0.0002560306768273346,0.0037147540383812958,{'511880.SH': 0.9962852459616187}
2017-05-08,1134491.720471655,4213.693971655073,0.0,0.00015751701039912192,0.0037141689935853094,{'511880.SH': 0.9962858310064147}
2017-05-09,1134849.067671655,4213.693971655073,0.0,0.0003149844053964568,0.0037129994566592163,{'511880.SH': 0.9962870005433407}
2017-05-10,1134793.232171655,4213.693971655073,0.0,-4.920081585346736e-05,0.0037131821482503232,{'511880.SH': 0.9962868178517497}
2017-05-11,1134815.566371655,4213.693971655073,0.0,1.9681294677331707e-05,0.003713109069456558,{'511880.SH': 0.9962868909305435}
2017-05-12,1135083.5767716551,4213.693971655073,0.0,0.00023617088797700525,0.003712232348246496,{'511880.SH': 0.9962877676517535}
2017-05-15,1135217.5819716551,4213.693971655073,0.0,0.00011805756222926789,0.0037117941428784916,{'511880.SH': 0.9962882058571215}
2017-05-16,1135184.080671655,4213.693971655073,0.0,-2.9510906571661444e-05,0.0037119036845213284,{'511880.SH': 0.9962880963154787}
2017-05-17,1135318.085871655,4213.693971655073,0.0,0.00011804710996354828,0.003711465556738626,{'511880.SH': 0.9962885344432614}
2017-05-18,1135552.5949716552,4213.693971655073,0.0,0.0002065580588546112,0.003710699081939267,{'511880.SH': 0.9962893009180607}
2017-05-19,1135597.263371655,4213.693971655073,0.0,3.933626693974901e-05,0.0037105531226311415,{'511880.SH': 0.9962894468773689}
2017-05-22,1135943.443471655,4213.693971655073,0.0,0.0003048440773554262,0.0037094223272042827,{'511880.SH': 0.9962905776727957}
2017-05-23,1136055.114471655,4213.693971655073,0.0,9.83068308919588e-05,0.0037090577014960535,{'511880.SH': 0.9962909422985039}
2017-05-24,1136189.1196716551,4213.693971655073,0.0,0.00011795660113045336,0.003708620245257039,{'511880.SH': 0.9962913797547429}
2017-05-25,1136434.795871655,4213.693971655073,0.0,0.00021622826318812294,0.0037078185101003837,{'511880.SH': 0.9962921814898996}
2017-05-26,1136602.302371655,4213.693971655073,0.0,0.00014739648997763588,0.003707272071209695,{'511880.SH': 0.9962927279287903}
2017-05-31,1136602.302371655,4213.693971655073,0.0,0.0,0.003707272071209695,{'511880.SH': 0.9962927279287903}
2017-06-01,1157083.918883655,1083.9588836550756,20000.0,0.00042373353546376613,0.0009368023061809296,{'511880.SH': 0.9990631976938191}
2017-06-02,1157209.2638836552,1083.9588836550756,0.0,0.00010832835713525668,0.0009367008349183558,{'511880.SH': 0.9990632991650817}
2017-06-05,1157471.348883655,1083.9588836550756,0.0,0.0002264802125071519,0.000936488738749793,{'511880.SH': 0.9990635112612503}
2017-06-06,1157653.668883655,1083.9588836550756,0.0,0.00015751577797229466,0.0009363412502293156,{'511880.SH': 0.9990636587497708}
2017-06-07,1157756.223883655,1083.9588836550756,0.0,8.858867099581502e-05,0.00093625830835007,{'511880.SH': 0.99906374169165}
2017-06-08,1157915.753883655,1083.9588836550756,0.0,0.00013779239248212782,0.0009361293168518283,{'511880.SH': 0.9990638706831482}
2017-06-09,1158029.7038836551,1083.9588836550756,0.0,9.840957739637446e-05,0.0009360372018263693,{'511880.SH': 0.9990639627981737}
2017-06-12,1158280.3938836548,1083.9588836550756,0.0,0.00021647976658889512,0.0009358346125678749,{'511880.SH': 0.9990641653874321}
2017-06-13,1158360.158883655,1083.9588836550756,0.0,6.886501784997279e-05,0.0009357701707383635,{'511880.SH': 0.9990642298292617}
2017-06-14,1158474.108883655,1083.9588836550756,0.0,9.837182255112431e-05,0.0009356781263757507,{'511880.SH': 0.9990643218736243}
2017-06-15,1158622.243883655,1083.9588836550756,0.0,0.00012787079043374838,0.0009355584957713994,{'511880.SH': 0.9990644415042287}
2017-06-16,1158781.773883655,1083.9588836550756,0.0,0.00013768939863023633,0.0009354296970189559,{'511880.SH': 0.9990645703029811}
2017-06-19,1159009.6738836549,1083.9588836550756,0.0,0.0001966720612425199,0.000935245760307508,{'511880.SH': 0.9990647542396925}
2017-06-20,1158952.6988836548,1083.9588836550756,0.0,-4.915834723728807e-05,0.000935291737703518,{'511880.SH': 0.9990647082622965}
2017-06-21,1159294.5488836549,1083.9588836550756,0.0,0.00029496458339450804,0.0009350159411159796,{'511880.SH': 0.9990649840588841}
2017-06-22,1159533.8438836548,1083.9588836550756,0.0,0.00020641432346102384,0.0009348229802629528,{'511880.SH': 0.9990651770197371}
2017-06-23,1159784.533883655,1083.9588836550756,0.0,0.00021619895039926007,0.0009346209162018487,{'511880.SH': 0.9990653790837982}
2017-06-26,1159761.743883655,1083.9588836550756,0.0,-1.965020168337439e-05,0.0009346392820522422,{'511880.SH': 0.9990653607179478}
2017-06-27,1159898.483883655,1083.9588836550756,0.0,0.00011790352692786499,0.0009345290977755976,{'511880.SH': 0.9990654709022244}
2017-06-28,1160023.828883655,1083.9588836550756,0.0,0.00010806549171471502,0.0009344281183415171,{'511880.SH': 0.9990655718816586}
2017-06-29,1160058.013883655,1083.9588836550756,0.0,2.946922222535342e-05,0.0009344005822831102,{'511880.SH': 0.9990655994177169}
2017-06-30,1160536.603883655,1083.9588836550756,0.0,0.00041255695342146126,0.0009340152477980294,{'511880.SH': 0.999065984752202}
2017-07-03,1180839.382137905,9481.469037905077,20000.0,0.00026089504909787564,0.008029431590212476,{'511880.SH': 0.9919705684097875}
2017-07-04,1181184.650637905,9481.469037905077,0.0,0.0002923924330631156,0.008027084531435927,{'511880.SH': 0.991972915468564}
2017-07-05,1181702.553387905,9481.469037905077,0.0,0.0004384604470775155,0.008023566514874658,{'511880.SH': 0.9919764334851253}
2017-07-06,1181806.1339379048,9481.469037905077,0.0,8.765365675378334e-05,0.008022863281570392,{'511880.SH': 0.9919771367184296}
2017-07-07,1181737.080237905,9481.469037905077,0.0,-5.8430649509055854e-05,0.008023332090075642,{'511880.SH': 0.9919766679099243}
2017-07-10,1181852.169737905,9481.469037905077,0.0,9.739010641585111e-05,0.008022550773002133,{'511880.SH': 0.9919774492269978}
2017-07-11,1181955.750287905,9481.469037905077,0.0,8.764256025606265e-05,0.008021847717730166,{'511880.SH': 0.9919781522822698}
2017-07-12,1182070.839787905,9481.469037905077,0.0,9.737208856752666e-05,0.008021066689714048,{'511880.SH': 0.991978933310286}
2017-07-13,1182174.4203379052,9481.469037905077,0.0,8.7626347350378e-05,0.00802036389452155,{'511880.SH': 0.9919796361054785}
2017-07-14,1182370.0724879052,9481.469037905077,0.0,0.0001655019315542905,0.008019036728453787,{'511880.SH': 0.9919809632715462}
2017-07-17,1182611.760437905,9481.469037905077,0.0,0.00020440973230262394,0.008017397894296448,{'511880.SH': 0.9919826021057035}
2017-07-18,1182623.269387905,9481.469037905077,0.0,9.731807500079626e-06,0.008017319871282794,{'511880.SH': 0.9919826801287172}
2017-07-19,1182657.7962379053,9481.469037905077,0.0,2.9195138379289887e-05,0.008017085811353134,{'511880.SH': 0.9919829141886468}
2017-07-20,1182807.412587905,9481.469037905077,0.0,0.00012650857287344053,0.008016071709561106,{'511880.SH': 0.9919839282904389}
2017-07-21,1183175.698987905,9481.469037905077,0.0,0.00031136632733308467,0.008013576551661412,{'511880.SH': 0.9919864234483385}
2017-07-24,1183336.8242879051,9481.469037905077,0.0,0.0001361803662278671,0.008012485408464092,{'511880.SH': 0.9919875145915359}
2017-07-25,1183497.949587905,9481.469037905077,0.0,0.00013616182366082974,0.008011394562370414,{'511880.SH': 0.9919886054376296}
2017-07-26,1183774.164387905,9481.469037905077,0.0,0.0002333884905303396,0.0080095252313668,{'511880.SH': 0.9919904747686332}
2017-07-27,1183946.798637905,9481.469037905077,0.0,0.00014583377065768843,0.008008357342418781,{'511880.SH': 0.9919916426575812}
2017-07-28,1184084.906037905,9481.469037905077,0.0,0.0001166500050162611,0.008007423276453417,{'511880.SH': 0.9919925767235466}
2017-07-31,1184142.4507879051,9481.469037905077,0.0,4.859849974159225e-05,0.008007034146606511,{'511880.SH': 0.9919929658533935}
2017-08-01,1204235.312061405,6208.085161405081,20000.0,7.842069460317624e-05,0.005155209367493223,{'511880.SH': 0.9948447906325067}
2017-08-02,1204587.417561405,6208.085161405081,0.0,0.0002923892834509889,0.005153702480117942,{'511880.SH': 0.994846297519882}
2017-08-03,1204716.522911405,6208.085161405081,0.0,0.00010717806621385328,0.0051531501754472275,{'511880.SH': 0.9948468498245527}
2017-08-04,1205092.1021114052,6208.085161405081,0.0,0.00031175732453037064,0.005151544143827748,{'511880.SH': 0.9948484558561722}
2017-08-07,1205221.207461405,6208.085161405081,0.0,0.00010713318075317169,0.005150992301638438,{'511880.SH': 0.9948490076983615}
2017-08-08,1205373.7865114051,6208.085161405081,0.0,0.00012659837800343965,0.005150340276913215,{'511880.SH': 0.9948496597230867}
2017-08-09,1205467.681311405,6208.085161405081,0.0,7.789683254322277e-05,0.005149939112968524,{'511880.SH': 0.9948500608870314}
2017-08-10,1205608.523511405,6208.085161405081,0.0,0.0001168361476491242,0.005149337484213923,{'511880.SH': 0.994850662515786}
2017-08-11,1205866.734211405,6208.085161405081,0.0,0.0002141745806905071,0.005148234863170807,{'511880.SH': 0.9948517651368292}
2017-08-14,1206007.576411405,6208.085161405081,0.0,0.00011679748350656993,0.005147633632516516,{'511880.SH': 0.9948523663674834}
2017-08-15,1206031.050111405,6208.085161405081,0.0,1.9463973907951626e-05,0.005147533441059929,{'511880.SH': 0.99485246655894}
2017-08-16,1206101.471211405,6208.085161405081,0.0,5.839078520697427e-05,0.005147232890089834,{'511880.SH': 0.9948527671099101}
2017-08-17,1206218.839711405,6208.085161405081,0.0,9.731229320375512e-05,0.005146732049791563,{'511880.SH': 0.9948532679502083}
2017-08-18,1206606.1557614051,6208.085161405081,0.0,0.0003210993206612667,0.005145079968109056,{'511880.SH': 0.9948549200318909}
2017-08-21,1206711.787411405,6208.085161405081,0.0,8.754443154090907e-05,0.005144629584436598,{'511880.SH': 0.9948553704155634}
2017-08-22,1206864.366461405,6208.085161405081,0.0,0.00012644199848854676,0.005143979169430231,{'511880.SH': 0.9948560208305697}
2017-08-23,1206946.5244114052,6208.085161405081,0.0,6.80755454243176e-05,0.005143629014079637,{'511880.SH': 0.9948563709859203}
2017-08-24,1207216.4719614051,6208.085161405081,0.0,0.0002236615662252195,0.00514247883920818,{'511880.SH': 0.9948575211607917}
2017-08-25,1208490.6981921052,6357.372592105181,0.0,0.0010555076577358768,0.005260588767142165,"{'511880.SH': 0.5983083913526837, '511260.SH': 0.39643101988017415}"
2017-08-28,1209306.6981921052,6357.372592105181,0.0,0.0006752224085966319,0.005257039096541311,"{'511880.SH': 0.5979046727194588, '511260.SH': 0.3968382881839999}"
2017-08-29,1208395.6120921052,6357.372592105181,0.0,-0.0007533953970171314,0.005261002711768052,"{'511880.SH': 0.5984197826141083, '511260.SH': 0.39631921467412357}"
2017-08-30,1208937.2014921051,6357.372592105181,0.0,0.0004481888171228299,0.005258645845506887,"{'511880.SH': 0.5981867610719915, '511260.SH': 0.39655459308250157}"
2017-08-31,1209772.3378921053,6357.372592105181,0.0,0.0006908021351064164,0.005255015669462405,"{'511880.SH': 0.5979840525701616, '511260.SH': 0.3967609317603759}"
2017-09-01,1229303.595368405,4695.199518405181,20000.0,-0.00038746341689133157,0.0038193978575309507,"{'511880.SH': 0.5981150617473395, '511260.SH': 0.3980655403951297}"
2017-09-04,1229563.4031684052,4695.199518405181,0.0,0.00021134551381685185,0.003818590815492994,"{'511880.SH': 0.5981521585261985, '511260.SH': 0.3980292506583085}"
2017-09-05,1229617.528218405,4695.199518405181,0.0,4.4019730792710376e-05,0.0038184227295523865,"{'511880.SH': 0.5982017268131767, '511260.SH': 0.39797985045727097}"
2017-09-06,1229701.395568405,4695.199518405181,0.0,6.8206046250463e-05,0.0038181623077974294,"{'511880.SH': 0.5982251453085209, '511260.SH': 0.3979566923836818}"
2017-09-07,1229540.262918405,4695.199518405181,0.0,-0.00013103396530311784,0.0038186626823108476,"{'511880.SH': 0.5983677684972434, '511260.SH': 0.39781356882044583}"
2017-09-08,1230336.224518405,4695.199518405181,0.0,0.0006473652177203526,0.0038161922122085285,"{'511880.SH': 0.5980740145142271, '511260.SH': 0.39810979327356444}"
2017-09-11,1230603.6707184052,4695.199518405181,0.0,0.00021737651437914174,0.0038153628419328577,"{'511880.SH': 0.5980140387281501, '511260.SH': 0.3981705984299171}"
2017-09-12,1230556.490018405,4695.199518405181,0.0,-3.833947608222754e-05,0.0038155091265537565,"{'511880.SH': 0.5981419759843704, '511260.SH': 0.39804251488907594}"
2017-09-13,1230782.799668405,4695.199518405181,0.0,0.00018390837953052852,0.0038148075514787437,"{'511880.SH': 0.5980844876515351, '511260.SH': 0.3981007047969863}"
2017-09-14,1231002.1555184051,4695.199518405181,0.0,0.0001782246632462403,0.0038141277798396035,"{'511880.SH': 0.5981003791905967, '511260.SH': 0.3980854930295637}"
2017-09-15,1231970.986318405,4695.199518405181,0.0,0.000787026079245079,0.003811128322458479,"{'511880.SH': 0.5976766457791375, '511260.SH': 0.3985122258984041}"
2017-09-18,1232461.211368405,4695.199518405181,0.0,0.0003979193142080728,0.00380961240410324,"{'511880.SH': 0.5975146358012825, '511260.SH': 0.39867575179461434}"
2017-09-19,1231716.069068405,4695.199518405181,0.0,-0.0006045969586114808,0.003811917077574821,"{'511880.SH': 0.597887766542649, '511260.SH': 0.39830031637977614}"
2017-09-20,1232426.6768684052,4695.199518405181,0.0,0.000576925005563611,0.0038097191553299365,"{'511880.SH': 0.5977061282232007, '511260.SH': 0.39848415262146947}"
2017-09-21,1233047.940518405,4695.199518405181,0.0,0.0005040978596622114,0.0038077996516755045,"{'511880.SH': 0.5976902574365067, '511260.SH': 0.39850194291181784}"
2017-09-22,1234158.9791184051,4695.199518405181,0.0,0.0009010506108408922,0.0038043717202131413,"{'511880.SH': 0.597361597714608, '511260.SH': 0.3988340305651789}"
2017-09-25,1234516.454068405,4695.199518405181,0.0,0.00028965064959085574,0.0038032701005579453,"{'511880.SH': 0.5971130252016507, '511260.SH': 0.3990837046977915}"
2017-09-26,1233564.4848684052,4695.199518405181,0.0,-0.0007711271865697977,0.0038062051688413016,"{'511880.SH': 0.5976203874162637, '511260.SH': 0.39857340741489505}"
2017-09-27,1233147.6520184053,4695.199518405181,0.0,-0.00033790925007404216,0.003807491755525074,"{'511880.SH': 0.597583712942918, '511260.SH': 0.3986087953015569}"
2017-09-28,1233679.8154684051,4695.199518405181,0.0,0.0004315488491006825,0.0038058493456201207,"{'511880.SH': 0.597308480458698, '511260.SH': 0.39888567019568194}"
2017-09-29,1232536.150568405,4695.199518405181,0.0,-0.0009270354314470097,0.003809380776571876,"{'511880.SH': 0.5985966015761522, '511260.SH': 0.397594017647276}"
2017-10-09,1253265.50335118,2951.2985511801817,20000.0,0.0005917496070511064,0.0023548869280200654,"{'511880.SH': 0.5981447688422837, '511260.SH': 0.39950034422969627}"
2017-10-10,1253793.8778451052,4896.662895105197,0.0,0.0004215982108437544,0.003905476794575747,"{'511880.SH': 0.4766311476788273, '511260.SH': 0.5194633755265968}"
2017-10-11,1252582.7297451054,4896.662895105197,0.0,-0.0009659866118356675,0.003909253080713994,"{'511880.SH': 0.4771940827985343, '511260.SH': 0.5188966641207515}"
2017-10-12,1252667.1472951053,4896.662895105197,0.0,6.739478997697113e-05,0.003908989635178509,"{'511880.SH': 0.4772500705322329, '511260.SH': 0.5188409398325885}"
2017-10-13,1252364.925145105,4896.662895105197,0.0,-0.0002412629329769933,0.0039099329570714755,"{'511880.SH': 0.47751837363275695, '511260.SH': 0.5185716934101717}"
2017-10-16,1252338.5396451051,4896.662895105197,0.0,-2.106853958461219e-05,0.0039100153353843455,"{'511880.SH': 0.4775748392439386, '511260.SH': 0.518515145420677}"
2017-10-17,1250551.2602451053,4896.662895105197,0.0,-0.0014271535558638693,0.003915603502846786,"{'511880.SH': 0.47838750506936006, '511260.SH': 0.5176968914277931}"
2017-10-18,1250829.0800951053,4896.662895105197,0.0,0.00022215790654245282,0.003914733813778046,"{'511880.SH': 0.4782487285589139, '511260.SH': 0.517836537627308}"
2017-10-19,1252055.514445105,4896.662895105197,0.0,0.0009804971514626448,0.003910899188264296,"{'511880.SH': 0.4777941909509703, '511260.SH': 0.5182949098607654}"
2017-10-20,1251548.431995105,4896.662895105197,0.0,-0.0004049999733636289,0.003912483744076433,"{'511880.SH': 0.4780760007394904, '511260.SH': 0.5180115155164332}"
2017-10-23,1251345.857945105,4896.662895105197,0.0,-0.0001618587382008485,0.003913117116275305,"{'511880.SH': 0.4782044798011798, '511260.SH': 0.517882403082545}"
2017-10-24,1251190.1609951053,4896.662895105197,0.0,-0.00012442359481290577,0.003913604060961244,"{'511880.SH': 0.47830578976423166, '511260.SH': 0.517780606174807}"
2017-10-25,1251173.0296951053,4896.662895105197,0.0,-1.3692003449250478e-05,0.003913657646775243,"{'511880.SH': 0.47834020762567375, '511260.SH': 0.5177461347275509}"
2017-10-26,1250858.2754951054,4896.662895105197,0.0,-0.00025156728328501465,0.003914642442739595,"{'511880.SH': 0.4784791565320239, '511260.SH': 0.5176062010252364}"
2017-10-27,1250881.8243451053,4896.662895105197,0.0,1.8826153578954674e-05,0.003914568746467179,"{'511880.SH': 0.478530545252256, '511260.SH': 0.5175548860012766}"
2017-10-30,1249668.996095105,4896.662895105197,0.0,-0.0009695786015878616,0.0039183679121479464,"{'511880.SH': 0.47906472439557785, '511260.SH': 0.5170169076922743}"
2017-10-31,1249700.0365451053,4896.662895105197,0.0,2.4838937428439678e-05,0.003918270586470022,"{'511880.SH': 0.4791504810269626, '511260.SH': 0.5169312483865672}"
2017-11-01,1269944.0762451051,14952.793445105199,20000.0,0.00019527862115986672,0.011774371584390335,"{'511880.SH': 0.47163595153807353, '511260.SH': 0.5165896768775362}"
2017-11-02,1269423.5510451053,14952.793445105199,0.0,-0.0004098804110641563,0.011779199647583893,"{'511880.SH': 0.4719392176919782, '511260.SH': 0.5162815826604378}"
2017-11-03,1269030.8777451052,14952.793445105199,0.0,-0.0003093319796035887,0.011782844458185504,"{'511880.SH': 0.4722959029688683, '511260.SH': 0.5159212525729462}"
2017-11-06,1269094.2204951053,14952.793445105199,0.0,4.9914270102480174e-05,0.011782256355459361,"{'511880.SH': 0.47224943378608003, '511260.SH': 0.5159683098584606}"
2017-11-07,1269124.066295105,14952.793445105199,0.0,2.3517402819805966e-05,0.011781979273906762,"{'511880.SH': 0.4722566443796635, '511260.SH': 0.5159613763464298}"
2017-11-08,1269083.1807951052,14952.793445105199,0.0,-3.221552650811699e-05,0.011782358848800583,"{'511880.SH': 0.4723176513729051, '511260.SH': 0.5158999897782943}"
2017-11-09,1268450.6609451054,14952.793445105199,0.0,-0.0004984069283807679,0.011788234186392457,"{'511880.SH': 0.47258524588836365, '511260.SH': 0.5156265199252438}"
2017-11-10,1265735.1983451052,14952.793445105199,0.0,-0.002140771165649369,0.011813524238446824,"{'511880.SH': 0.4736542095723086, '511260.SH': 0.5145322661892446}"
2017-11-13,1265945.9013951053,14952.793445105199,0.0,0.0001664669278973463,0.011811558004672104,"{'511880.SH': 0.47361669032559356, '511260.SH': 0.5145717516697342}"
2017-11-14,1267811.335745105,14952.793445105199,0.0,0.0014735498159470506,0.011794178694827094,"{'511880.SH': 0.47293357094619665, '511260.SH': 0.5152722503589764}"
2017-11-15,1263383.610545105,14952.793445105199,0.0,-0.0034924164780383293,0.011835513236279517,"{'511880.SH': 0.47470143833925293, '511260.SH': 0.5134630484244675}"
2017-11-16,1261587.416645105,14952.793445105199,0.0,-0.0014217327856779205,0.011852364130952286,"{'511880.SH': 0.47546021408101785, '511260.SH': 0.51268742178803}"
2017-11-17,1262957.9372451052,14952.793445105199,0.0,0.0010863461238737049,0.011839502333483713,"{'511880.SH': 0.47507310109533524, '511260.SH': 0.5130873965711811}"
2017-11-20,1263190.8059451052,14952.793445105199,0.0,0.0001843835753612133,0.011837319726149912,"{'511880.SH': 0.4750131252349186, '511260.SH': 0.5131495550389314}"
2017-11-21,1263390.966245105,14952.793445105199,0.0,0.0001584561089724712,0.011835444327693786,"{'511880.SH': 0.47500226678332486, '511260.SH': 0.5131622888889814}"
2017-11-22,1262218.0349451052,14952.793445105199,0.0,-0.000928399308953276,0.011846442556777052,"{'511880.SH': 0.47547129329846793, '511260.SH': 0.512682264144755}"
2017-11-23,1267854.5211951053,14952.793445105199,0.0,0.004465540892263586,0.01179377696347243,"{'511880.SH': 0.4734720882520109, '511260.SH': 0.5147341347845166}"
2017-11-24,1263517.618895105,14952.793445105199,0.0,-0.0034206624084222037,0.011834257964824273,"{'511880.SH': 0.47521682046275276, '511260.SH': 0.5129489215724231}"
2017-11-27,1266879.179195105,14952.793445105199,0.0,0.00266047758236998,0.011802856729088608,"{'511880.SH': 0.4740200925328462, '511260.SH': 0.5141770507380653}"
2017-11-28,1262950.6020951052,14952.793445105199,0.0,-0.0031009879746353164,0.011839571096684267,"{'511880.SH': 0.4755037985284377, '511260.SH': 0.512656630374878}"
2017-11-29,1258716.0593451052,14952.793445105199,0.0,-0.0033528965764578755,0.011879401501308371,"{'511880.SH': 0.47712656197654907, '511260.SH': 0.5109940365221425}"
2017-11-30,1261371.5058951052,14952.793445105199,0.0,0.0021096469932875284,0.011854392916933913,"{'511880.SH': 0.4763017950240281, '511260.SH': 0.5118438120590381}"
2017-12-01,1282643.8363859053,3590.6017859052026,20000.0,0.0010086881500444012,0.0027993755429585277,"{'511880.SH': 0.4776699635702024, '511260.SH': 0.519530660886839}"
2017-12-04,1282789.3475859053,3590.6017859052026,0.0,0.00011344630198362182,0.0027990580001793696,"{'511880.SH': 0.4777451161044656, '511260.SH': 0.519455825895355}"
2017-12-05,1282920.5809859051,3590.6017859052026,0.0,0.00010230315698112058,0.0027987716770011433,"{'511880.SH': 0.47779323855646705, '511260.SH': 0.5194079897665317}"
2017-12-06,1281971.0079859053,3590.6017859052026,0.0,-0.0007401650687294259,0.002800844764458729,"{'511880.SH': 0.47817025687896025, '511260.SH': 0.519028898356581}"
2017-12-07,1283129.0413859054,3590.6017859052026,0.0,0.0009033226124353089,0.0027983169814526218,"{'511880.SH': 0.4778356812326257, '511260.SH': 0.5193660017859216}"
2017-12-08,1281846.0715859053,3590.6017859052026,0.0,-0.0009998758960473308,0.0028011177515744113,"{'511880.SH': 0.4783740289825471, '511260.SH': 0.5188248532658785}"
2017-12-11,1281872.3969859052,3590.6017859052026,0.0,2.0537099253647995e-05,0.002801060225922536,"{'511880.SH': 0.4783688272263675, '511260.SH': 0.5188301125477099}"
2017-12-12,1282577.6509859052,3590.6017859052026,0.0,0.0005501748860949895,0.0027995200003252366,"{'511880.SH': 0.4781519845824442, '511260.SH': 0.5190484954172306}"
2017-12-13,1282981.955785905,3590.6017859052026,0.0,0.0003152283214111762,0.002798637790432321,"{'511880.SH': 0.4780567265455365, '511260.SH': 0.5191446356640312}"
2017-12-14,1282781.738385905,3590.6017859052026,0.0,-0.00015605628675996464,0.002799074603621326,"{'511880.SH': 0.4782191063710425, '511260.SH': 0.5189818190253362}"
2017-12-15,1282259.9749859052,3590.6017859052026,0.0,-0.00040674370735616083,0.0028002135728713447,"{'511880.SH': 0.47854770886593806, '511260.SH': 0.5186520775611906}"
2017-12-18,1282897.6225859053,3590.6017859052026,0.0,0.0004972841798380756,0.0027988217630863753,"{'511880.SH': 0.47828214036534555, '511260.SH': 0.518919037871568}"
2017-12-19,1282587.249585905,3590.6017859052026,0.0,-0.00024193123015892048,0.0027994990493352095,"{'511880.SH': 0.47842097915608606, '511260.SH': 0.5187795217945789}"
2017-12-20,1284739.832185905,3590.6017859052026,0.0,0.0016783128014836723,0.0027948084864746637,"{'511880.SH': 0.4777070150894113, '511260.SH': 0.5194981764241141}"
2017-12-21,1284909.919585905,3590.6017859052026,0.0,0.00013239053988911564,0.0027944385292490896,"{'511880.SH': 0.47778673698608304, '511260.SH': 0.5194188244846679}"
2017-12-22,1285034.549785905,3590.6017859052026,0.0,9.699528200401986e-05,0.0027941675081836668,"{'511880.SH': 0.4778003424906316, '511260.SH': 0.5194054900011849}"
2017-12-25,1285187.0577859052,3590.6017859052026,0.0,0.0001186800775321295,0.0027938359355182273,"{'511880.SH': 0.4778358545393181, '511260.SH': 0.5193703095251637}"
2017-12-26,1285609.4449859052,3590.6017859052026,0.0,0.00032865814936511306,0.002792918020250363,"{'511880.SH': 0.4775313728398524, '511260.SH': 0.5196757091398972}"
2017-12-27,1284689.6957859052,3590.6017859052026,0.0,-0.000715418826135017,0.0027949175568880566,"{'511880.SH': 0.4778824770011327, '511260.SH': 0.5193226054419793}"
2017-12-28,1276649.5159859052,3590.6017859052026,0.0,-0.006258460565515378,0.0028125195998937305,"{'511880.SH': 0.4802562539856625, '511260.SH': 0.5169312264144438}"
2017-12-29,1285382.3850659053,3590.6017859052026,0.0,0.006840459320000658,0.0027934113829645346,"{'511880.SH': 0.4781479740353587, '511260.SH': 0.5190586145816767}"
2018-01-02,1306214.556635905,13773.7958359052,20000.0,0.0006474116804993102,0.010544818817039501,"{'511880.SH': 0.4707195748786825, '511260.SH': 0.5187356063042781}"
2018-01-03,1306036.757595905,13773.7958359052,0.0,-0.00013611779098365862,0.01054625434988476,"{'511880.SH': 0.47085884695312047, '511260.SH': 0.5185948986969948}"
2018-01-04,1306724.9267559052,13773.7958359052,0.0,0.0005269140826225094,0.010540700306452586,"{'511880.SH': 0.47113223166898455, '511260.SH': 0.5183270680245629}"
2018-01-05,1306367.0413559051,13773.7958359052,0.0,-0.0002738796763359641,0.010543587980916218,"{'511880.SH': 0.47142573719617986, '511260.SH': 0.518030674822904}"
2018-01-08,1305836.579875905,13773.7958359052,0.0,-0.00040605852965291955,0.01054787103391922,"{'511880.SH': 0.4716971430671173, '511260.SH': 0.5177549858989635}"
2018-01-09,1306230.2619159052,13773.7958359052,0.0,0.00030147879609665473,0.010544692032859942,"{'511880.SH': 0.47112739922084224, '511260.SH': 0.5183279087462979}"
2018-01-10,1305445.2248359052,13773.7958359052,0.0,-0.0006009944057248084,0.010551033144754557,"{'511880.SH': 0.4714436249727455, '511260.SH': 0.5180053418824998}"
2018-01-11,1303637.4248359052,13773.7958359052,0.0,-0.0013848149011592703,0.010565664634581176,"{'511880.SH': 0.4720973924766456, '511260.SH': 0.5173369428887732}"
2018-01-12,1303929.6643159052,13773.7958359052,0.0,0.00022417236145000352,0.010563296635429716,"{'511880.SH': 0.4721469150738228, '511260.SH': 0.5172897882907475}"
2018-01-15,1304301.5399159053,13773.7958359052,0.0,0.00028519605786803126,0.01056028488381089,"{'511880.SH': 0.47205935532338456, '511260.SH': 0.5173803597928045}"
2018-01-16,1304757.740395905,13773.7958359052,0.0,0.0003497661131559582,0.010556592545468091,"{'511880.SH': 0.47193193456216603, '511260.SH': 0.5175114728923659}"
2018-01-17,1303229.7906359052,13773.7958359052,0.0,-0.0011710601230356943,0.010568969444125689,"{'511880.SH': 0.4725040811870423, '511260.SH': 0.5169269493688319}"
2018-01-18,1303772.6413559052,13773.7958359052,0.0,0.0004165425958648772,0.010564568851192219,"{'511880.SH': 0.4723638355223648, '511260.SH': 0.5170715956264429}"
2018-01-19,1305967.7179159052,13773.7958359052,0.0,0.0016836344699771022,0.010546811875170817,"{'511880.SH': 0.47169207448944517, '511260.SH': 0.5177611136353839}"
2018-01-22,1309300.5320359052,13773.7958359052,0.0,0.002551988134376293,0.010519965049191227,"{'511880.SH': 0.47061795296292014, '511260.SH': 0.5188620819878886}"
2018-01-23,1307891.4071559054,13773.7958359052,0.0,-0.0010762425016421773,0.010531299281075034,"{'511880.SH': 0.47113438313655626, '511260.SH': 0.5183343175823686}"
2018-01-24,1307958.920315905,13773.7958359052,0.0,5.161985133494973e-05,0.010530755685032128,"{'511880.SH': 0.47116168169192774, '511260.SH': 0.5183075626230402}"
2018-01-25,1305056.3837159052,13773.7958359052,0.0,-0.0022191343741122527,0.010554176821607416,"{'511880.SH': 0.4722801218174588, '511260.SH': 0.5171657013609338}"
2018-01-26,1306714.8231959052,13773.7958359052,0.0,0.0012707799453675062,0.01054078180747798,"{'511880.SH': 0.47183571841027844, '511260.SH': 0.5176234997822435}"
2018-01-29,1306744.8246359052,13773.7958359052,0.0,2.295943955599178e-05,0.010540539802591495,"{'511880.SH': 0.4719376095266572, '511260.SH': 0.5175218506707513}"
2018-01-30,1305845.6133959051,13773.7958359052,0.0,-0.0006881307069653841,0.010547798066331807,"{'511880.SH': 0.4723612892920058, '511260.SH': 0.5170909126416624}"
2018-01-31,1307391.3655559053,13773.7958359052,0.0,0.0011837173890567598,0.010535327216306463,"{'511880.SH': 0.4719718104131951, '511260.SH': 0.5174928623704983}"
2018-02-01,1326979.671548105,12092.985248105202,20000.0,-0.0003148972975089981,0.009113165414204925,"{'511880.SH': 0.47410273102830514, '511260.SH': 0.51678410355749}"
2018-02-02,1328756.4957681051,12092.985248105202,0.0,0.0013389988242451523,0.00910097921373825,"{'511880.SH': 0.473741812382348, '511260.SH': 0.5171572084039137}"
2018-02-05,1328720.451048105,12092.985248105202,0.0,-2.712665572279782e-05,0.009101226099565308,"{'511880.SH': 0.47371699991784944, '511260.SH': 0.5171817739825855}"
2018-02-06,1327356.038938105,12092.985248105202,0.0,-0.0010268616765277683,0.00911058140646249,"{'511880.SH': 0.4740672699944241, '511260.SH': 0.5168221485991135}"
2018-02-07,1328568.371238105,12092.985248105202,0.0,0.000913343718215831,0.009102267907247889,"{'511880.SH': 0.47349342315274706, '511260.SH': 0.5174043089400052}"
2018-02-08,1329680.483038105,12092.985248105202,0.0,0.0008370753241428996,0.00909465499596917,"{'511880.SH': 0.4731914966160852, '511260.SH': 0.5177138483879458}"
2018-02-09,1330261.639558105,12092.985248105202,0.0,0.0004370647891831503,0.009090681779053877,"{'511880.SH': 0.47311644235570655, '511260.SH': 0.5177928758652396}"
2018-02-12,1329431.3296181052,12092.985248105202,0.0,-0.0006241704002497572,0.009096359457377204,"{'511880.SH': 0.47357191781455504, '511260.SH': 0.5173317227280677}"
2018-02-13,1329998.6426581051,12092.985248105202,0.0,0.0004267336171195346,0.0090924793907582,"{'511880.SH': 0.47363330849047547, '511260.SH': 0.5172742121187663}"
2018-02-14,1335149.936438105,12092.985248105202,0.0,0.003873157170825925,0.009057398662180747,"{'511880.SH': 0.47247124384613526, '511260.SH': 0.518471357491684}"
2018-02-22,1332562.4445181051,12092.985248105202,0.0,-0.001937978536630025,0.009074985789861722,"{'511880.SH': 0.4729755531253355, '511260.SH': 0.5179494610848028}"
2018-02-23,1332781.3901681053,12092.985248105202,0.0,0.00016430423272151273,0.009073494976231548,"{'511880.SH': 0.47306213124755275, '511260.SH': 0.5178643737762156}"
2018-02-26,1338040.1792981052,12092.985248105202,0.0,0.003945725209545836,0.009037834166122583,"{'511880.SH': 0.4712356204286465, '511260.SH': 0.5197265454052309}"
2018-02-27,1339162.7128381052,12092.985248105202,0.0,0.0008389385889657763,0.009030258333937911,"{'511880.SH': 0.47086864168553894, '511260.SH': 0.5201010999805232}"
2018-02-28,1339019.291098105,12092.985248105202,0.0,-0.00010709806853581583,0.00903122556075198,"{'511880.SH': 0.47098448098743184, '511260.SH': 0.5199842934518163}"
2018-03-01,1358564.0295317152,10241.472171715204,20000.0,-0.0003399962714625282,0.007538453800550974,"{'511880.SH': 0.4730283912945288, '511260.SH': 0.5194331549049201}"
2018-03-02,1356792.2947909653,3376.1588009653497,0.0,-0.0013041231051588165,0.0024883387191445535,"{'511880.SH': 0.7633310860963892, '511260.SH': 0.23418057518446617}"
2018-03-05,1356675.6611609652,3376.1588009653497,0.0,-8.596277444072875e-05,0.0024885526420340043,"{'511880.SH': 0.7635253819424854, '511260.SH': 0.23398606541548056}"
2018-03-06,1356940.8786509654,3376.1588009653497,0.0,0.0001954907112973192,0.00248806624819339,"{'511880.SH': 0.7634442562301702, '511260.SH': 0.23406767752163632}"
2018-03-07,1356836.7589209653,3376.1588009653497,0.0,-7.673122067308746e-05,0.0024882571752037922,"{'511880.SH': 0.7635558170932096, '511260.SH': 0.23395592573158658}"
2018-03-08,1356581.1880709652,3376.1588009653497,0.0,-0.00018835784652770915,0.002488725946263628,"{'511880.SH': 0.7638132080715508, '511260.SH': 0.23369806598218548}"
2018-03-09,1356750.5486109655,3376.1588009653497,0.0,0.00012484364481069044,0.0024884152834298424,"{'511880.SH': 0.7638238221985446, '511260.SH': 0.23368776251802542}"
2018-03-12,1356850.5602709653,3376.1588009653497,0.0,7.371411060219657e-05,0.002488231865630895,"{'511880.SH': 0.763812929600024, '511260.SH': 0.23369883853434512}"
2018-03-13,1356972.8755209653,3376.1588009653497,0.0,9.014644175375786e-05,0.002488007580600448,"{'511880.SH': 0.763933263089004, '511260.SH': 0.23357872933039547}"
2018-03-14,1356906.7732809654,3376.1588009653497,0.0,-4.8713014970558355e-05,0.0024881287848551935,"{'511880.SH': 0.7640915609648274, '511260.SH': 0.23342031025031737}"
2018-03-15,1357140.6593809652,3376.1588009653497,0.0,0.00017236711070012234,0.0024876999871961116,"{'511880.SH': 0.7640355429723581, '511260.SH': 0.23347675704044582}"
2018-03-16,1357412.0374109654,3376.1588009653497,0.0,0.00019996308276848396,0.0024872026384890494,"{'511880.SH': 0.7640567860206761, '511260.SH': 0.2334560113408348}"
2018-03-19,1357993.5293409652,3376.1588009653497,0.0,0.0004283827710183097,0.0024861376199662756,"{'511880.SH': 0.7638279182695289, '511260.SH': 0.23368594411050483}"
2018-03-20,1358284.6329309654,3376.1588009653497,0.0,0.00021436301698840587,0.002485604798222688,"{'511880.SH': 0.7638078565987348, '511260.SH': 0.23370653860304244}"
2018-03-21,1358253.9701509653,3376.1588009653497,0.0,-2.2574635136662913e-05,0.0024856609111108294,"{'511880.SH': 0.7638402199808674, '511260.SH': 0.2336741191080217}"
2018-03-22,1359139.0795709651,3376.1588009653497,0.0,0.0006516523709489963,0.0024840421791352584,"{'511880.SH': 0.763509000931363, '511260.SH': 0.2340069568895018}"
2018-03-23,1361582.7786809653,3376.1588009653497,0.0,0.0017979757529829055,0.0024795839473204903,"{'511880.SH': 0.7625233192841897, '511260.SH': 0.2349970967684898}"
2018-03-26,1360469.9437009653,3376.1588009653497,0.0,-0.0008173098231148979,0.0024816121933432717,"{'511880.SH': 0.7630111857349249, '511260.SH': 0.23450720207173192}"
2018-03-27,1360073.2867509653,3376.1588009653497,0.0,-0.0002915587748457682,0.0024823359401687428,"{'511880.SH': 0.7632714634296622, '511260.SH': 0.23424620063016902}"
2018-03-28,1360490.7670209655,3376.1588009653497,0.0,0.00030695424582405373,0.0024815742104285243,"{'511880.SH': 0.7630900799814112, '511260.SH': 0.23442834580816022}"
2018-03-29,1359145.3831609653,3376.1588009653497,0.0,-0.000988895987104832,0.00248403065837844,"{'511880.SH': 0.7636490085748825, '511260.SH': 0.23386696076673907}"
2018-03-30,1360592.4486409654,3376.1588009653497,0.0,0.001064687779488871,0.0024813887540957934,"{'511880.SH': 0.7633500324637397, '511260.SH': 0.2341685787821645}"
2018-04-02,1381591.5987647003,11431.336844700352,20000.0,0.0007343493084450703,0.008274034711068932,"{'511880.SH': 0.7606440737332387, '511260.SH': 0.2310818915556923}"
2018-04-03,1382281.1570847002,11431.336844700352,0.0,0.000499104308839371,0.008269907164769294,"{'511880.SH': 0.7607380125601793, '511260.SH': 0.2309920802750514}"
2018-04-04,1382992.6494047004,11431.336844700352,0.0,0.0005147233009388241,0.00826565264075763,"{'511880.SH': 0.7606320344600558, '511260.SH': 0.23110231289918648}"
2018-04-09,1384476.9684447001,11431.336844700352,0.0,0.001073266036980547,0.008256790907502158,"{'511880.SH': 0.7600866288026173, '511260.SH': 0.23165658028988048}"
2018-04-10,1384496.6344447003,11431.336844700352,0.0,1.4204642221127273e-05,0.008256673624407386,"{'511880.SH': 0.7602633848381827, '511260.SH': 0.23147994153740992}"
2018-04-11,1384453.1020447004,11431.336844700352,0.0,-3.144276332411877e-05,0.0082569332452052,"{'511880.SH': 0.7600247084180586, '511260.SH': 0.2317183583367363}"
2018-04-12,1384586.7154047003,11431.336844700352,0.0,9.650984912568106e-05,0.008256136446722365,"{'511880.SH': 0.7599438640088717, '511260.SH': 0.23179999954440592}"
2018-04-13,1384816.7947647003,11431.336844700352,0.0,0.0001661718673451329,0.008254764737051515,"{'511880.SH': 0.7599976126075414, '511260.SH': 0.23174762265540702}"
2018-04-16,1385168.7947647003,11431.336844700352,0.0,0.00025418524770270956,0.008252667030838073,"{'511880.SH': 0.7598044815172015, '511260.SH': 0.23194285145196047}"
2018-04-17,1386167.1413247003,11431.336844700352,0.0,0.0007207400020656785,0.008246723287478821,"{'511880.SH': 0.7592872267006502, '511260.SH': 0.23246605001187096}"
2018-04-18,1387185.4745247003,11431.336844700352,0.0,0.0007346395464451483,0.008240669365873471,"{'511880.SH': 0.7587672715796291, '511260.SH': 0.23299205905449744}"
2018-04-19,1388977.6348447003,11431.336844700352,0.0,0.001291939940918141,0.008230036652806489,"{'511880.SH': 0.7576985198308612, '511260.SH': 0.23407144351633222}"
2018-04-20,1389325.2741247003,11431.336844700352,0.0,0.0002502842891627388,0.008227977319351869,"{'511880.SH': 0.7577107801074331, '511260.SH': 0.23406124257321506}"
2018-04-23,1389133.4344447004,11431.336844700352,0.0,-0.00013808118485492127,0.008229113605108768,"{'511880.SH': 0.7577256953870416, '511260.SH': 0.2340451910078496}"
2018-04-24,1389494.9810047003,11431.336844700352,0.0,0.00026026769713771714,0.00822697238995042,"{'511880.SH': 0.7575584356547159, '511260.SH': 0.23421459195533367}"
2018-04-25,1389600.8332447005,11431.336844700352,0.0,7.618036872902856e-05,0.008226345703901404,"{'511880.SH': 0.7578071854930762, '511260.SH': 0.2339664688030223}"
2018-04-26,1389922.8190847002,11431.336844700352,0.0,0.0002317110297407332,0.008224440010437544,"{'511880.SH': 0.7578632912392013, '511260.SH': 0.23391226875036117}"
2018-04-27,1390764.1369247003,11431.336844700352,0.0,0.0006052982427859899,0.008219464782847845,"{'511880.SH': 0.7580097675017039, '511260.SH': 0.23377076771544825}"
2018-05-02,1409571.1336643202,19446.24653432035,20000.0,-0.0008578041586678742,0.013795860364824513,"{'511880.SH': 0.7567079529765764, '511260.SH': 0.22949618665859908}"
2018-05-03,1409684.4570143202,19446.24653432035,0.0,8.039562338746364e-05,0.013794751327192089,"{'511880.SH': 0.7566843808005213, '511260.SH': 0.2295208678722867}"
2018-05-04,1410274.3111243201,19446.24653432035,0.0,0.0004184298883802562,0.013788981605158164,"{'511880.SH': 0.7566137000250142, '511260.SH': 0.22959731836982772}"
2018-05-07,1410475.7765043203,19446.24653432035,0.0,0.0001428554561413442,0.013787012055262182,"{'511880.SH': 0.7566098955735814, '511260.SH': 0.22960309237115642}"
2018-05-08,1409598.7597543201,19446.24653432035,0.0,-0.0006217878850593994,0.013795589985982713,"{'511880.SH': 0.7568943331121784, '511260.SH': 0.229310076901839}"
2018-05-09,1408848.56909432,19446.24653432035,0.0,-0.0005322015607696073,0.013802935930027876,"{'511880.SH': 0.7573122803722492, '511260.SH': 0.228884783697723}"
2018-05-10,1408315.0737643202,19446.24653432035,0.0,-0.0003786747147301872,0.013808164732869043,"{'511880.SH': 0.7576066230535515, '511260.SH': 0.2285852122135795}"
2018-05-11,1408939.7091943203,19446.24653432035,0.0,0.0004435338665589317,0.013802043059344517,"{'511880.SH': 0.7574869639172083, '511260.SH': 0.22871099302344727}"
2018-05-14,1407295.8811743201,19446.24653432035,0.0,-0.0011667128190603338,0.013818164889456936,"{'511880.SH': 0.7583269793623507, '511260.SH': 0.2278548557481924}"
2018-05-15,1408193.00259432,19446.24653432035,0.0,0.000637478892677068,0.013809361712843657,"{'511880.SH': 0.7580378215865348, '511260.SH': 0.2281528167006217}"
2018-05-16,1408646.3633043203,19446.24653432035,0.0,0.0003219450097855514,0.013804917288612086,"{'511880.SH': 0.7578907982736605, '511260.SH': 0.22830428443772752}"
2018-05-17,1409081.91467432,19446.24653432035,0.0,0.0003091985194765279,0.013800650148018503,"{'511880.SH': 0.7577385367172071, '511260.SH': 0.22846081313477443}"
2018-05-18,1409407.5594443202,19446.24653432035,0.0,0.00023110421516925328,0.013797461496508024,"{'511880.SH': 0.7577945114265536, '511260.SH': 0.22840802707693844}"
2018-05-21,1409748.5687843203,19446.24653432035,0.0,0.00024195225697143385,0.013794123977078826,"{'511880.SH': 0.757626108584051, '511260.SH': 0.22857976743887018}"
2018-05-22,1410672.1948743202,19446.24653432035,0.0,0.0006551707946023111,0.013785092387145873,"{'511880.SH': 0.757331116486053, '511260.SH': 0.22888379112680113}"
2018-05-23,1410892.7929443202,19446.24653432035,0.0,0.00015637798122170032,0.013782937039276365,"{'511880.SH': 0.7573690586228475, '511260.SH': 0.22884800433787617}"
2018-05-24,1411743.9256343201,19446.24653432035,0.0,0.0006032582307147205,0.013774627381933184,"{'511880.SH': 0.7569645313825892, '511260.SH': 0.22926084123547774}"
2018-05-25,1411587.5443143202,19446.24653432035,0.0,-0.00011077173215368052,0.013776153390306644,"{'511880.SH': 0.7570781579112851, '511260.SH': 0.22914568869840843}"
2018-05-28,1413190.6770043203,19446.24653432035,0.0,0.0011356948397973632,0.013760525632353079,"{'511880.SH': 0.7562713566265147, '511260.SH': 0.2299681177411323}"
2018-05-29,1413420.1723343201,19446.24653432035,0.0,0.0001623951627578446,0.013758291352389639,"{'511880.SH': 0.7561411296648783, '511260.SH': 0.23010057898273206}"
2018-05-30,1413940.8676643202,19446.24653432035,0.0,0.00036839387196518913,0.013753224748672467,"{'511880.SH': 0.7558552451315985, '511260.SH': 0.23039153011972902}"
2018-05-31,1414153.67507432,19446.24653432035,0.0,0.00015050658402104844,0.013751155109290626,"{'511880.SH': 0.7559123505327809, '511260.SH': 0.23033649435792852}"
2018-06-01,1434248.11120229,5218.597202290355,20000.0,6.677925435871757e-05,0.0036385595780326677,"{'511880.SH': 0.76235506636535, '511260.SH': 0.2340063740566173}"
2018-06-04,1434344.25164229,5218.597202290355,0.0,6.703194464696693e-05,0.0036383156946564158,"{'511880.SH': 0.7625136386803456, '511260.SH': 0.23384804562499809}"
2018-06-05,1433742.9996722902,5218.597202290355,0.0,-0.00041918247262573427,0.003639841452396397,"{'511880.SH': 0.7629158103788579, '511260.SH': 0.23344434816874574}"
2018-06-06,1433989.0069722903,5218.597202290355,0.0,0.00017158395894978362,0.0036392170211324336,"{'511880.SH': 0.7628598297832966, '511260.SH': 0.23350095319557093}"
2018-06-07,1433461.1957322904,5218.597202290355,0.0,-0.000368072026656896,0.003640557008328649,"{'511880.SH': 0.7632306349046954, '511260.SH': 0.2331288080869758}"
2018-06-08,1433208.31398229,5218.597202290355,0.0,-0.0001764133907170562,0.0036411993646548444,"{'511880.SH': 0.7635526574216637, '511260.SH': 0.23280614321368145}"
2018-06-11,1434236.54712229,5218.597202290355,0.0,0.000717434534790673,0.0036385889153090953,"{'511880.SH': 0.7631400497470906, '511260.SH': 0.23322136133760044}"
2018-06-12,1434230.8507722903,5218.597202290355,0.0,-3.971694913951218e-06,0.003638603366731581,"{'511880.SH': 0.7631805249347433, '511260.SH': 0.23318087169852514}"
2018-06-13,1433428.9507722904,5218.597202290355,0.0,-0.0005591150124598654,0.0036406389025969684,"{'511880.SH': 0.7636074693344748, '511260.SH': 0.2327518917629283}"
2018-06-14,1433831.0246422903,5218.597202290355,0.0,0.0002804979415151898,0.0036396179972408406,"{'511880.SH': 0.7635356667729547, '511260.SH': 0.23282471522980447}"
2018-06-15,1434483.2465422903,5218.597202290355,0.0,0.00045488058829157296,0.003637963158419156,"{'511880.SH': 0.7634131329031977, '511260.SH': 0.23294890393838316}"
2018-06-19,1434015.55019229,5218.597202290355,0.0,-0.0003260382100158665,0.0036391496602603667,"{'511880.SH': 0.7636995657705022, '511260.SH': 0.23266128456923743}"
2018-06-20,1435030.8350122902,5218.597202290355,0.0,0.0007080012625135801,0.003636574960597039,"{'511880.SH': 0.7634137267863079, '511260.SH': 0.23294969825309503}"
2018-06-21,1436138.9830422902,5218.597202290355,0.0,0.000772211999187089,0.003633768920634252,"{'511880.SH': 0.7629069322517905, '511260.SH': 0.2334592988275752}"
2018-06-22,1436813.0866922901,5218.597202290355,0.0,0.00046938608168134444,0.0036320640803071814,"{'511880.SH': 0.762586379285015, '511260.SH': 0.23378155663467787}"
2018-06-25,1437684.5383722903,5218.597202290355,0.0,0.0006065170814990584,0.003629862506693379,"{'511880.SH': 0.7622436716268169, '511260.SH': 0.2341264658664897}"
2018-06-26,1437483.42713229,5218.597202290355,0.0,-0.00013988551356891588,0.0036303703429132425,"{'511880.SH': 0.7624399761717299, '511260.SH': 0.23392965348535696}"
2018-06-27,1436453.7642122903,5218.597202290355,0.0,-0.0007162955068316101,0.003632972624880887,"{'511880.SH': 0.7629565909564714, '511260.SH': 0.23341043641864773}"
2018-06-28,1437569.3529722902,5218.597202290355,0.0,0.0007766269877900189,0.0036301533498196005,"{'511880.SH': 0.7624541755176992, '511260.SH': 0.23391567113248118}"
2018-06-29,1439074.90801229,5218.597202290355,0.0,0.0010472921093420684,0.0036263554963226327,"{'511880.SH': 0.7620147531615739, '511260.SH': 0.23435889134210358}"
2018-07-02,1460255.7866214754,13159.228901475357,20000.0,0.0008205817519371106,0.00901159168279774,"{'511880.SH': 0.7595859354793448, '511260.SH': 0.23140247283785736}"
2018-07-03,1462227.3122214754,13159.228901475357,0.0,0.001350123463343067,0.008999441325906653,"{'511880.SH': 0.7590073540849703, '511260.SH': 0.2319932045891229}"
2018-07-04,1462325.5294614753,13159.228901475357,0.0,6.716961116715048e-05,0.008998836877532633,"{'511880.SH': 0.7596915175030231, '511260.SH': 0.23130964561944423}"
2018-07-05,1463118.2189414753,13159.228901475357,0.0,0.0005420745682336303,0.00899396147974679,"{'511880.SH': 0.7598217120447656, '511260.SH': 0.23118432647548762}"
2018-07-06,1463585.1456214753,13159.228901475357,0.0,0.00031913120481674717,0.008991092141678998,"{'511880.SH': 0.7598983359780833, '511260.SH': 0.23111057188023762}"
2018-07-09,1462773.1229814754,13159.228901475357,0.0,-0.0005548174921213844,0.008996083326068882,"{'511880.SH': 0.760216247215039, '511260.SH': 0.23078766945889204}"
2018-07-10,1462789.2890214752,13159.228901475357,0.0,1.1051638661996321e-05,0.008995983905705347,"{'511880.SH': 0.7600519558519119, '511260.SH': 0.23095206024238277}"
2018-07-11,1461932.0251414755,13159.228901475357,0.0,-0.0005860474139601779,0.009001259070305885,"{'511880.SH': 0.7604010837182542, '511260.SH': 0.23059765721143982}"
2018-07-12,1461072.5348614752,13159.228901475357,0.0,-0.0005879139831532765,0.009006554149430362,"{'511880.SH': 0.7597112939127547, '511260.SH': 0.23128215193781484}"
2018-07-13,1461553.6203014755,13159.228901475357,0.0,0.0003292686903089148,0.009003589549291388,"{'511880.SH': 0.7597881295459707, '511260.SH': 0.23120828090473777}"
2018-07-16,1462813.4841814754,13159.228901475357,0.0,0.0008620031879089662,0.008995835110748019,"{'511880.SH': 0.7592302554562851, '511260.SH': 0.23177390943296688}"
2018-07-17,1463514.3769014752,13159.228901475357,0.0,0.0004791401826542696,0.008991526908902545,"{'511880.SH': 0.759029884183217, '511260.SH': 0.23197858890788037}"
2018-07-18,1463034.4944214753,13159.228901475357,0.0,-0.00032789734598703824,0.008994476173768468,"{'511880.SH': 0.7592936938641833, '511260.SH': 0.23171182996204814}"
2018-07-19,1464113.3933414754,13159.228901475357,0.0,0.0007374391541101755,0.008987848182607417,"{'511880.SH': 0.7588602559698516, '511260.SH': 0.23215189584754098}"
2018-07-20,1464576.9984614754,13159.228901475357,0.0,0.0003166456383147942,0.008985003120559045,"{'511880.SH': 0.7587090134061183, '511260.SH': 0.23230598347332265}"
2018-07-23,1463695.5860614753,13159.228901475357,0.0,-0.0006018204580066078,0.008990413735470996,"{'511880.SH': 0.7592400822566431, '511260.SH': 0.2317695040078859}"
2018-07-24,1462984.0572214753,13159.228901475357,0.0,-0.0004861180472058857,0.008994786263404397,"{'511880.SH': 0.7595425410379438, '511260.SH': 0.2314626726986518}"
2018-07-25,1462792.4561414754,13159.228901475357,0.0,-0.00013096593845585147,0.008995964428328068,"{'511880.SH': 0.759768224517362, '511260.SH': 0.23123581105430985}"
2018-07-26,1463325.0488614752,13159.228901475357,0.0,0.000364093154680889,0.008992690251365381,"{'511880.SH': 0.7596549521412798, '511260.SH': 0.23135235760735484}"
2018-07-27,1463718.5065414752,13159.228901475357,0.0,0.00026887920787399544,0.008990272953894967,"{'511880.SH': 0.7595842866447327, '511260.SH': 0.23142544040137242}"
2018-07-30,1463763.1229814754,13159.228901475357,0.0,3.0481571286378184e-05,0.008989998924601882,"{'511880.SH': 0.7597020833637118, '511260.SH': 0.23130791771168624}"
2018-07-31,1464285.2806614754,13159.228901475357,0.0,0.0003567228001593037,0.008986793130591884,"{'511880.SH': 0.7595646602809302, '511260.SH': 0.23144854658847797}"
2018-08-01,1484429.49296207,21063.725362070356,20000.0,9.848647835175584e-05,0.014189778269656471,"{'511880.SH': 0.7575047335904231, '511260.SH': 0.2283054881399204}"
2018-08-02,1486349.6933620702,10787.789962070357,0.0,0.0012935612025388732,0.007257908425081825,"{'511880.SH': 0.7566738220640457, '511260.SH': 0.23606826951087256}"
2018-08-03,1487008.0202720703,10787.789962070357,0.0,0.00044291522576433984,0.007254695210114986,"{'511880.SH': 0.7565529001680599, '511260.SH': 0.23619240462182514}"
2018-08-06,1488374.5274320703,10787.789962070357,0.0,0.0009189642163127676,0.007248034525747226,"{'511880.SH': 0.755887793518656, '511260.SH': 0.23686417195559675}"
2018-08-07,1486926.9042220702,10787.789962070357,0.0,-0.0009726202533831829,0.00725509097416884,"{'511880.SH': 0.756631083253286, '511260.SH': 0.23611382577254528}"
2018-08-08,1485583.31854207,10787.789962070357,0.0,-0.00090359901094339,0.007261652596272647,"{'511880.SH': 0.7573745036960962, '511260.SH': 0.23536384370763128}"
2018-08-09,1485668.0257020702,10787.789962070357,0.0,5.7019460937057787e-05,0.007261238564363972,"{'511880.SH': 0.7573608748887757, '511260.SH': 0.23537788654686045}"
2018-08-10,1486126.0454520704,10787.789962070357,0.0,0.0003082921231907232,0.007259000671634671,"{'511880.SH': 0.7573121128818127, '511260.SH': 0.23542888644655277}"
2018-08-13,1484351.14372207,10787.789962070357,0.0,-0.0011943143957621194,0.007267680567159832,"{'511880.SH': 0.7583137982684492, '511260.SH': 0.23441852116439096}"
2018-08-14,1485064.07409207,10787.789962070357,0.0,0.0004802976526245839,0.0072641915929895036,"{'511880.SH': 0.7579719311560246, '511260.SH': 0.23476387725098602}"
2018-08-15,1486431.2563120702,10787.789962070357,0.0,0.0009206217050505838,0.007257510171600903,"{'511880.SH': 0.7574076914550804, '511260.SH': 0.2353347983733188}"
2018-08-16,1485578.04742207,10787.789962070357,0.0,-0.0005739982164509883,0.007261678362029148,"{'511880.SH': 0.757909191922859, '511260.SH': 0.23482912971511194}"
2018-08-17,1485808.5600120702,10787.789962070357,0.0,0.00015516693343720078,0.007260551764476791,"{'511880.SH': 0.7579467505832995, '511260.SH': 0.23479269765222377}"
2018-08-20,1482659.3002610255,5182.185961025476,0.0,-0.0021195595689791347,0.0034951967455457505,{'511880.SH': 0.9965048032544542}
2018-08-21,1480907.9949285456,7869.3354985454935,0.0,-0.001181192019077959,0.005313858474324188,"{'511880.SH': 0.7606179879421541, '511260.SH': 0.2340681535835217}"
2018-08-22,1480377.2003585454,7869.3354985454935,0.0,-0.000358425082326419,0.005315763777393729,"{'511880.SH': 0.761016762881204, '511260.SH': 0.23366747334140217}"
2018-08-23,1482391.2487485455,7869.3354985454935,0.0,0.0013604967636033916,0.005308541523831102,"{'511880.SH': 0.7602864049564944, '511260.SH': 0.23440505351967456}"
2018-08-24,1481783.1326985455,7869.3354985454935,0.0,-0.0004102264166180314,0.005310720121516213,"{'511880.SH': 0.7606354616463953, '511260.SH': 0.23405381823208848}"
2018-08-27,1482318.3968985453,7869.3354985454935,0.0,0.0003612297833524014,0.005308802423966742,"{'511880.SH': 0.7602126936815767, '511260.SH': 0.23447850389445643}"
2018-08-28,1482452.4487485455,7869.3354985454935,0.0,9.043391101437592e-05,0.005308322371613753,"{'511880.SH': 0.760255018096145, '511260.SH': 0.23443665953224122}"
2018-08-29,1483117.8684985454,7869.3354985454935,0.0,0.00044886414438560784,0.005305940725070033,"{'511880.SH': 0.7600989489400826, '511260.SH': 0.23459511033484745}"
2018-08-30,1483880.6275085453,7869.3354985454935,0.0,0.0005142942622438085,0.005303213312891758,"{'511880.SH': 0.7598487850758782, '511260.SH': 0.2348480016112301}"
2018-08-31,1484474.3544185455,7869.3354985454935,0.0,0.00040011770420989023,0.005301092252030072,"{'511880.SH': 0.7597593151831615, '511260.SH': 0.23493959256480834}"
2018-09-03,1503731.8107422204,15735.098762220496,20000.0,-0.0005002064697950948,0.01046403264851721,"{'511880.SH': 0.7580279301382712, '511260.SH': 0.2315080372132116}"
2018-09-04,1504501.9965726705,10920.811692670512,0.0,0.0005121829736847161,0.007258755201088903,"{'511880.SH': 0.4755630677193592, '511260.SH': 0.5171781770795519}"
2018-09-05,1503830.6864126704,10920.811692670512,0.0,-0.00044620091002167683,0.00726199551009408,"{'511880.SH': 0.47573831361735947, '511260.SH': 0.5169996908725465}"
2018-09-06,1503097.8705026703,10920.811692670512,0.0,-0.00048729947900461035,0.007265536002002546,"{'511880.SH': 0.4760490137416695, '511260.SH': 0.5166854502563281}"
2018-09-07,1502792.6328026704,10920.811692670512,0.0,-0.00020307240532368986,0.0072670117315543886,"{'511880.SH': 0.4760993669337135, '511260.SH': 0.5166336213347321}"
2018-09-10,1502713.9836026705,10920.811692670512,0.0,-5.2335364363109704e-05,0.007267392073166507,"{'511880.SH': 0.47630965021967336, '511260.SH': 0.5164229577071601}"
2018-09-11,1500907.7632826702,10920.811692670512,0.0,-0.001201972124908246,0.007276137787964632,"{'511880.SH': 0.47680861482440096, '511260.SH': 0.5159152473876345}"
2018-09-12,1500207.2213026704,10920.811692670512,0.0,-0.00046674552370062905,0.007279535478563872,"{'511880.SH': 0.4771519557067778, '511260.SH': 0.5155685088146583}"
2018-09-13,1500055.2213026704,10920.811692670512,0.0,-0.00010131933631674084,0.007280273111003684,"{'511880.SH': 0.47720030532500346, '511260.SH': 0.515519421563993}"
2018-09-14,1501941.8604726703,10920.811692670512,0.0,0.0012577131449611478,0.007271128117591493,"{'511880.SH': 0.4766982448672672, '511260.SH': 0.5160306270151414}"
2018-09-17,1502972.8807926704,10920.811692670512,0.0,0.000686458209291585,0.007266140215990363,"{'511880.SH': 0.4764453692087483, '511260.SH': 0.5162884905752613}"
2018-09-18,1503603.6807926702,10920.811692670512,0.0,0.0004197015182783037,0.007263091885298708,"{'511880.SH': 0.4762454882542548, '511260.SH': 0.5164914198604467}"
2018-09-19,1503482.0807926704,10920.811692670512,0.0,-8.087237451814833e-05,0.0072636793162927545,"{'511880.SH': 0.4762840064728032, '511260.SH': 0.5164523142109041}"
2018-09-20,1502053.8822626704,10920.811692670512,0.0,-0.000949927204484502,0.007270585843578109,"{'511880.SH': 0.47678786961436176, '511260.SH': 0.5159415445420602}"
2018-09-21,1500850.5721026706,10920.811692670512,0.0,-0.0008011098497926472,0.007276415051346923,"{'511880.SH': 0.47713301625140897, '511260.SH': 0.5155905686972441}"
2018-09-25,1502352.1214326704,10920.811692670512,0.0,0.0010004655745949886,0.007269142524494342,"{'511880.SH': 0.47679056029615485, '511260.SH': 0.5159402971793507}"
2018-09-26,1502683.9765126705,10920.811692670512,0.0,0.00022089034605521363,0.007267537195688217,"{'511880.SH': 0.47670380200793994, '511260.SH': 0.5160286607963718}"
2018-09-27,1503659.2519126702,10920.811692670512,0.0,0.0006490222929393941,0.007262823461352115,"{'511880.SH': 0.4764872355945251, '511260.SH': 0.5162499409441229}"
2018-09-28,1506056.7912126705,10920.811692670512,0.0,0.0015944698221692644,0.007251261543648112,"{'511880.SH': 0.4761448463989151, '511260.SH': 0.5166038920574368}"
2018-10-08,1526658.8595526703,10490.601692670512,20000.0,0.0003997646991220627,0.006871608301375454,"{'511880.SH': 0.4699109125598662, '511260.SH': 0.5232174791387584}"
2018-10-09,1527696.5334826703,10490.601692670512,0.0,0.0006797025566693815,0.006866940824140788,"{'511880.SH': 0.4696327549781264, '511260.SH': 0.523500304197733}"
2018-10-10,1527247.7523326704,10490.601692670512,0.0,-0.0002937632835867676,0.006868958671995095,"{'511880.SH': 0.4697935548074151, '511260.SH': 0.5233374865205899}"
2018-10-11,1528510.2421726703,10490.601692670512,0.0,0.0008266437701882623,0.006863285180057974,"{'511880.SH': 0.4693690762975952, '511260.SH': 0.5237676385223468}"
2018-10-12,1530063.2639626705,10490.601692670512,0.0,0.001016036233942863,0.006856318911612308,"{'511880.SH': 0.469015549338428, '511260.SH': 0.5241281317499598}"
2018-10-15,1530077.4654326704,10490.601692670512,0.0,9.28162275015687e-06,0.006856255274437372,"{'511880.SH': 0.46906125993892145, '511260.SH': 0.5240824847866411}"
2018-10-16,1530314.8103526705,10490.601692670512,0.0,0.00015511954483482526,0.006855191900190059,"{'511880.SH': 0.4689703084652288, '511260.SH': 0.5241744996345812}"
2018-10-17,1530963.3205126703,10490.601692670512,0.0,0.00042377565427242914,0.006852288067331063,"{'511880.SH': 0.4688080434086794, '511260.SH': 0.5243396685239895}"
2018-10-18,1530888.3770626704,10490.601692670512,0.0,-4.895182594888414e-05,0.0068526235157647004,"{'511880.SH': 0.46889922617827406, '511260.SH': 0.5242481503059613}"
2018-10-19,1532288.1959126703,10490.601692670512,0.0,0.0009143833547720082,0.0068463633151086434,"{'511880.SH': 0.4684935876520407, '511260.SH': 0.5246600490328508}"
2018-10-22,1531249.4118226706,10490.601692670512,0.0,-0.0006779299695518493,0.006851007818630527,"{'511880.SH': 0.4687340968677677, '511260.SH': 0.5244148953136017}"
2018-10-23,1531030.9973826706,10490.601692670512,0.0,-0.00014263805642211747,0.006851985172478163,"{'511880.SH': 0.4689283214496243, '511260.SH': 0.5242196933778974}"
2018-10-24,1531881.7452426704,10490.601692670512,0.0,0.0005556699122710729,0.0068481798449844845,"{'511880.SH': 0.46874972286862016, '511260.SH': 0.5244020972863954}"
2018-10-25,1533340.6191726704,10490.601692670512,0.0,0.000952341089337061,0.006841664247002615,"{'511880.SH': 0.46834461208460987, '511260.SH': 0.5248137236683874}"
2018-10-26,1533561.2394926704,10490.601692670512,0.0,0.00014388213371607783,0.006840679995368813,"{'511880.SH': 0.4683498899839224, '511260.SH': 0.5248094300207088}"
2018-10-29,1533752.3322726702,10490.601692670512,0.0,0.00012460720516327406,0.0068398277035548755,"{'511880.SH': 0.4683551023623111, '511260.SH': 0.5248050699341341}"
2018-10-30,1535627.9511226704,10490.601692670512,0.0,0.001222895516136635,0.006831473525212288,"{'511880.SH': 0.4678057265790248, '511260.SH': 0.525362799895763}"
2018-10-31,1535457.4612826705,10490.601692670512,0.0,-0.0001110228814702463,0.006832232059302386,"{'511880.SH': 0.46789395193654293, '511260.SH': 0.5252738160041547}"
2018-11-01,1555954.9213396907,6125.059049690517,20000.0,0.00032398165990521477,0.003936527315596514,"{'511880.SH': 0.4773634840593457, '511260.SH': 0.5186999886250576}"
2018-11-02,1555847.8291699304,12762.477929930552,0.0,-6.882729588852943e-05,0.00820290885178632,"{'511880.SH': 0.7591458040405814, '511260.SH': 0.23265128710763233}"
2018-11-05,1555769.6942899302,12762.477929930552,0.0,-5.0220129845235384e-05,0.008203320823623244,"{'511880.SH': 0.7594194183730006, '511260.SH': 0.23237726080337623}"
2018-11-06,1556483.6322999303,12762.477929930552,0.0,0.0004588969772456597,0.008199558071209615,"{'511880.SH': 0.7591519948231021, '511260.SH': 0.23264844710568833}"
2018-11-07,1556944.9790299302,12762.477929930552,0.0,0.0002964032004102446,0.008197128416112904,"{'511880.SH': 0.75894910675407, '511260.SH': 0.23285376482981718}"
2018-11-08,1558157.5192199303,12762.477929930552,0.0,0.0007787945022665888,0.008190749505428634,"{'511880.SH': 0.7584246308304079, '511260.SH': 0.23338461966416352}"
2018-11-09,1558130.0485099303,12762.477929930552,0.0,-1.7630252180045325e-05,0.0081908939129539,"{'511880.SH': 0.758577611483928, '511260.SH': 0.23323149460311815}"
2018-11-12,1558250.6506899307,12762.477929930552,0.0,7.740187034821489e-05,0.008190259971513467,"{'511880.SH': 0.758504206134414, '511260.SH': 0.2333055338940724}"
2018-11-13,1558287.5485099303,12762.477929930552,0.0,2.3679001823762036e-05,0.008190066038924793,"{'511880.SH': 0.7585009401571738, '511260.SH': 0.23330899380390138}"
2018-11-14,1559458.4463299303,12762.477929930552,0.0,0.0007514003568338534,0.008183916641040418,"{'511880.SH': 0.7579461133970672, '511260.SH': 0.23386996996189227}"
2018-11-15,1560696.7310699304,12762.477929930552,0.0,0.0007940479227992459,0.008177423374995652,"{'511880.SH': 0.7574474461348963, '511260.SH': 0.23437513049010805}"
2018-11-16,1561603.7603599303,12762.477929930552,0.0,0.000581169468701459,0.008172673666582975,"{'511880.SH': 0.757146795136738, '511260.SH': 0.2346805311966791}"
2018-11-19,1562282.3407399305,12762.477929930552,0.0,0.00043454069286030794,0.0081691238498452,"{'511880.SH': 0.7569498367688836, '511260.SH': 0.23488103938127108}"
2018-11-20,1562045.2276599305,12762.477929930552,0.0,-0.0001517735135428966,0.00817036389468042,"{'511880.SH': 0.7571526923722879, '511260.SH': 0.23467694373303158}"
2018-11-21,1562333.0525899306,12762.477929930552,0.0,0.00018426158532647285,0.008168858687828294,"{'511880.SH': 0.7571817498829406, '511260.SH': 0.23464939142923102}"
2018-11-22,1562297.6329699303,12762.477929930552,0.0,-2.2670979111349965e-05,0.008169043888051638,"{'511880.SH': 0.7573308248510754, '511260.SH': 0.2345001312608731}"
2018-11-23,1562676.1002699304,12762.477929930552,0.0,0.00024225044704229148,0.008167065412804363,"{'511880.SH': 0.7573671998538684, '511260.SH': 0.23446573473332738}"
2018-11-26,1562116.6915499307,12762.477929930552,0.0,-0.00035798123482089217,0.008169990115954547,"{'511880.SH': 0.7576970529939233, '511260.SH': 0.23413295689012203}"
2018-11-27,1562171.0893699303,12762.477929930552,0.0,3.482314752401017e-05,0.008169705621090475,"{'511880.SH': 0.7576853262067438, '511260.SH': 0.23414496817216585}"
2018-11-28,1561972.0709799305,12762.477929930552,0.0,-0.0001273985873596617,0.008170746562660232,"{'511880.SH': 0.7575693029566365, '511260.SH': 0.23425995048070325}"
2018-11-29,1562833.9578999304,12762.477929930552,0.0,0.0005517940659842679,0.008166240479622177,"{'511880.SH': 0.7572394200854552, '511260.SH': 0.23459433943492272}"
2018-11-30,1562405.2937299302,12762.477929930552,0.0,-0.00027428644472016206,0.00816848098322983,"{'511880.SH': 0.7575424382839995, '511260.SH': 0.23428908073277074}"
2018-12-03,1582907.3515306504,8347.337900650553,20000.0,0.0003213364693110954,0.005273421651986636,"{'511880.SH': 0.7631403773959978, '511260.SH': 0.2315862009520156}"
2018-12-04,1583989.2908106504,8347.337900650553,0.0,0.0006835139649543631,0.005269819656658519,"{'511880.SH': 0.7627961627768575, '511260.SH': 0.23193401756648405}"
2018-12-05,1584958.9006306503,8347.337900650553,0.0,0.0006121315501468327,0.005266595807203059,"{'511880.SH': 0.7623737512999287, '511260.SH': 0.23235965289286828}"
2018-12-06,1585621.9699706503,8347.337900650553,0.0,0.00041835112553134657,0.00526439344228124,"{'511880.SH': 0.7622170699945402, '511260.SH': 0.23251853656317864}"
2018-12-07,1586302.9785906505,8347.337900650553,0.0,0.0004294898991672458,0.005262133409133946,"{'511880.SH': 0.7622286896064752, '511260.SH': 0.2325091769843909}"
2018-12-10,1586625.9988306502,8347.337900650553,0.0,0.00020363086015673382,0.0052610620945342974,"{'511880.SH': 0.7620145905973187, '511260.SH': 0.23272434730814706}"
2018-12-11,1587098.3890106503,8347.337900650553,0.0,0.0002977325345407955,0.005259496171408777,"{'511880.SH': 0.7617436067486847, '511260.SH': 0.23299689707990656}"
2018-12-12,1587230.2589506505,8347.337900650553,0.0,8.308869879347647e-05,0.00525905920302272,"{'511880.SH': 0.7616950434458605, '511260.SH': 0.23304589735111692}"
2018-12-13,1585783.2445206502,8347.337900650553,0.0,-0.0009116600580415524,0.005263858052160075,"{'511880.SH': 0.762250081022507, '511260.SH': 0.23248606092533292}"
2018-12-14,1584804.8138606504,8347.337900650553,0.0,-0.0006170015122688444,0.005267107865678481,"{'511880.SH': 0.7628828896694072, '511260.SH': 0.23185000246491438}"
2018-12-17,1584716.4034406503,8347.337900650553,0.0,-5.578631464697725e-05,0.005267401714607905,"{'511880.SH': 0.7630286800304995, '511260.SH': 0.2317039182548927}"
2018-12-18,1584329.3629606504,8347.337900650553,0.0,-0.00024423327679301554,0.005268688503665556,"{'511880.SH': 0.7633330880139957, '511260.SH': 0.23139822348233877}"
2018-12-19,1584815.8629606504,8347.337900650553,0.0,0.000307069988964237,0.005267071144187437,"{'511880.SH': 0.7630987632851751, '511260.SH': 0.23163416557063748}"
2018-12-20,1585795.6982306505,8347.337900650553,0.0,0.0006182644261079062,0.0052638167135678855,"{'511880.SH': 0.7625609412859657, '511260.SH': 0.2321752420004665}"
2018-12-21,1586894.0074506504,8347.337900650553,0.0,0.0006925918775195772,0.0052601735600858275,"{'511880.SH': 0.7622246122746263, '511260.SH': 0.23251521416528792}"
2018-12-24,1586432.2270906502,8347.337900650553,0.0,-0.0002909963474763133,0.0052617046969341335,"{'511880.SH': 0.762534868198234, '511260.SH': 0.23220342710483194}"
2018-12-25,1586558.1172706503,8347.337900650553,0.0,7.93542754933263e-05,0.005261287191300906,"{'511880.SH': 0.7624301727130793, '511260.SH': 0.23230854009561985}"
2018-12-26,1587094.3629606504,8347.337900650553,0.0,0.00033799309597459803,0.005259509513397164,"{'511880.SH': 0.7620032263261113, '511260.SH': 0.2327372641604916}"
2018-12-27,1587778.4323006503,8347.337900650553,0.0,0.00043101995443040053,0.005257243536527621,"{'511880.SH': 0.7618368342787474, '511260.SH': 0.23290592218472506}"
2018-12-28,1590458.0972606505,8347.337900650553,0.0,0.0016876819243081265,0.005248385930460989,"{'511880.SH': 0.7611906037921824, '511260.SH': 0.2335610102773567}"
2019-01-02,1610407.1304867307,16110.074486730555,20000.0,-3.204534216116883e-05,0.0100037277417304,"{'511880.SH': 0.7594458772859224, '511260.SH': 0.23055039497234717}"
2019-01-03,1611796.2384867307,16110.074486730555,0.0,0.0008625818736782698,0.009995106144344797,"{'511880.SH': 0.7592688422880167, '511260.SH': 0.23073605156763846}"
2019-01-04,1612314.9504867306,16110.074486730555,0.0,0.00032182231699895425,0.009991890530982917,"{'511880.SH': 0.7596458592846621, '511260.SH': 0.23036225018435488}"
2019-01-07,1612631.4784867307,16110.074486730555,0.0,0.00019631896355276623,0.009989929318413162,"{'511880.SH': 0.7599361170538406, '511260.SH': 0.23007395362774627}"
2019-01-08,1612330.3944867305,16110.074486730555,0.0,-0.00018670353643523985,0.009991794821841735,"{'511880.SH': 0.7597067723764732, '511260.SH': 0.230301432801685}"
2019-01-09,1611816.3544867306,16110.074486730555,0.0,-0.00031881802995059605,0.009994981402121753,"{'511880.SH': 0.7594564210696358, '511260.SH': 0.2305485975282423}"
2019-01-10,1611870.6384867304,16110.074486730555,0.0,3.3678774786327637e-05,0.009994644794730641,"{'511880.SH': 0.7594232655973012, '511260.SH': 0.23058208960796808}"
2019-01-11,1612066.0264867304,16110.074486730555,0.0,0.00012121816437038468,0.009993433409077034,"{'511880.SH': 0.7594676222215379, '511260.SH': 0.23053894436938507}"
2019-01-14,1612048.1864867306,16110.074486730555,0.0,-1.1066544239990428e-05,0.009993544003073857,"{'511880.SH': 0.7595518063690826, '511260.SH': 0.23045464962784348}"
2019-01-15,1611930.8344867306,16110.074486730555,0.0,-7.279683137495496e-05,0.009994271554374917,"{'511880.SH': 0.7596298388261149, '511260.SH': 0.2303758896195102}"
2019-01-16,1612934.9944867308,16110.074486730555,0.0,0.0006229547686020798,0.009988049451340172,"{'511880.SH': 0.7592326561119042, '511260.SH': 0.2307792944367556}"
2019-01-17,1613601.7104867306,16110.074486730555,0.0,0.00041335577830392545,0.009983922539268426,"{'511880.SH': 0.758926523219046, '511260.SH': 0.23108955424168562}"
2019-01-18,1613365.1544867307,16110.074486730555,0.0,-0.00014660123279652826,0.009985386409225968,"{'511880.SH': 0.7591059448594735, '511260.SH': 0.23090866873130053}"
2019-01-21,1612367.5319903307,12806.101590330712,0.0,-0.0006183488552642391,0.007942420903578148,"{'511880.SH': 0.349439640293736, '511260.SH': 0.23074763825139538, '512890.SH': 0.4118703005512905}"
2019-01-22,1610520.783670331,12806.101590330712,0.0,-0.0011453643684576909,0.007951528300768633,"{'511880.SH': 0.34988569399011654, '511260.SH': 0.23105352242145993, '512890.SH': 0.41110925528765485}"
2019-01-23,1612259.6127903308,12806.101590330712,0.0,0.0010796688485057437,0.007942952542343505,"{'511880.SH': 0.34956759242054747, '511260.SH': 0.2305915852823313, '512890.SH': 0.41189786975477766}"
2019-01-24,1614409.7708703307,12806.101590330712,0.0,0.001333630181481027,0.00793237368938056,"{'511880.SH': 0.34911246168694626, '511260.SH': 0.2303755259109322, '512890.SH': 0.41257963871274095}"
2019-01-25,1617302.0387103306,12806.101590330712,0.0,0.0017915326654895924,0.007918187996932568,"{'511880.SH': 0.34855414982937855, '511260.SH': 0.22963892402940286, '512890.SH': 0.413888738144286}"
2019-01-28,1617966.9967903306,12806.101590330712,0.0,0.0004111526876762195,0.007914933750648211,"{'511880.SH': 0.3484213190493485, '511260.SH': 0.22953589333820426, '512890.SH': 0.41412785386179907}"
2019-01-29,1621013.5001503308,12806.101590330712,0.0,0.0018829205824617556,0.007900058567768306,"{'511880.SH': 0.34785663321601357, '511260.SH': 0.22925996604317925, '512890.SH': 0.4149833421730388}"
2019-01-30,1620625.6839903304,12806.101590330712,0.0,-0.00023924301676969684,0.007901949053898322,"{'511880.SH': 0.34791907099219105, '511260.SH': 0.22950487806919098, '512890.SH': 0.4146741018847197}"
2019-01-31,1622343.6518303305,12806.101590330712,0.0,0.0010600645522105268,0.007893581348121188,"{'511880.SH': 0.34761645573904576, '511260.SH': 0.229438750279604, '512890.SH': 0.41505121263322914}"
2019-02-01,1649230.3694027308,5492.236282730717,20000.0,0.0042449191110840445,0.0033301813892256493,"{'511880.SH': 0.34972078117193384, '511260.SH': 0.2323760264848816, '512890.SH': 0.41457301095395893}"
2019-02-11,1657835.7542027307,5492.236282730717,0.0,0.005217818541090935,0.003312895302690577,"{'511880.SH': 0.3478708409189466, '511260.SH': 0.2315715528675064, '512890.SH': 0.41724471091085646}"
2019-02-12,1660148.0618027307,5492.236282730717,0.0,0.0013947748407150407,0.0033082809955919095,"{'511880.SH': 0.3474036074190424, '511260.SH': 0.23142032258424677, '512890.SH': 0.4178677890011189}"
2019-02-13,1667731.0524427306,5492.236282730717,0.0,0.004567659243456701,0.0032932386038421616,"{'511880.SH': 0.34584810021687024, '511260.SH': 0.23049543836037692, '512890.SH': 0.4203632228189107}"
2019-02-14,1666667.0091627305,5492.236282730717,0.0,-0.0006380185093043389,0.0032953410924536184,"{'511880.SH': 0.3461067926038715, '511260.SH': 0.23036611266030788, '512890.SH': 0.420231753643367}"
2019-02-15,1654540.8489227307,5492.236282730717,0.0,-0.007275694648861908,0.0033194927077845825,"{'511880.SH': 0.34868852770581726, '511260.SH': 0.2323329763966149, '512890.SH': 0.41565900318978327}"
2019-02-18,1668193.1565227306,5492.236282730717,0.0,0.008251417672092476,0.003292326347974609,"{'511880.SH': 0.3458521083029863, '511260.SH': 0.23020931269164288, '512890.SH': 0.4206462526573963}"
2019-02-19,1666654.7869227307,5492.236282730717,0.0,-0.0009221771435667936,0.003295365258495698,"{'511880.SH': 0.346240238331223, '511260.SH': 0.230229561040939, '512890.SH': 0.42023483536934225}"
2019-02-20,1668296.7190827306,5492.236282730717,0.0,0.0009851663181139614,0.003292121970814928,"{'511880.SH': 0.34592700219257655, '511260.SH': 0.2297612862361517, '512890.SH': 0.42101958960045693}"
2019-02-21,1662733.5682027307,5492.236282730717,0.0,-0.0033346291558126184,0.0033031367067830014,"{'511880.SH': 0.34710511831660523, '511260.SH': 0.23036980026453457, '512890.SH': 0.4192219447120772}"
2019-02-22,1668147.1927627306,5492.236282730717,0.0,0.0032558581023005573,0.0032924170640089953,"{'511880.SH': 0.34598898645396253, '511260.SH': 0.22926178316831347, '512890.SH': 0.42145681331371504}"
2019-02-25,1696956.4114827306,5492.236282730717,0.0,0.017270189851944062,0.0032365217194540827,"{'511880.SH': 0.34006776561560065, '511260.SH': 0.22511503384239262, '512890.SH': 0.4315806788225527}"
2019-02-26,1689230.9097227308,5492.236282730717,0.0,-0.004552563464638282,0.0032513235763796254,"{'511880.SH': 0.3416638128737136, '511260.SH': 0.22547539108345904, '512890.SH': 0.42960947246644776}"
2019-02-27,1691547.8196427308,5492.236282730717,0.0,0.001371576796673768,0.0032468702444904715,"{'511880.SH': 0.34135197164095227, '511260.SH': 0.2255922035243421, '512890.SH': 0.42980895459021523}"
2019-02-28,1689228.2617227307,5492.236282730717,0.0,-0.0013712635806476525,0.0032513286730885935,"{'511880.SH': 0.3420042385810067, '511260.SH': 0.22592328618205512, '512890.SH': 0.42882114656384956}"
2019-03-01,1717992.964783531,896.4661435307171,20000.0,0.005188584195164658,0.0005218101365413175,"{'511880.SH': 0.3507584204315577, '511260.SH': 0.22203583356819154, '512890.SH': 0.42668393586370945}"
2019-03-04,1722134.8844175308,9394.911937530851,0.0,0.0024109060507833124,0.0054553868123451005,"{'511880.SH': 0.24266779348201084, '511260.SH': 0.5782948879389543, '512890.SH': 0.17358193176668976}"
2019-03-05,1724304.750017531,9394.911937530851,0.0,0.001259985858037993,0.005448521751990379,"{'511880.SH': 0.24233833263856147, '511260.SH': 0.5769838539213471, '512890.SH': 0.175229291688101}"
2019-03-06,1726437.7447375308,9394.911937530851,0.0,0.0012370172499833743,0.005441790163687109,"{'511880.SH': 0.24207020153138276, '511260.SH': 0.5762328835965315, '512890.SH': 0.17625512470839863}"
2019-03-07,1728400.360097531,9394.911937530851,0.0,0.001136800539713878,0.005435610958216134,"{'511880.SH': 0.24184098650408348, '511260.SH': 0.5774439898541107, '512890.SH': 0.1752794126835896}"
2019-03-08,1717745.694497531,9394.911937530851,0.0,-0.006164466200064167,0.005469326436169015,"{'511880.SH': 0.24336523380562655, '511260.SH': 0.5813540404722787, '512890.SH': 0.16981139928592573}"
2019-03-11,1719609.7151375308,9394.911937530851,0.0,0.0010851551809856197,0.005463397801738673,"{'511880.SH': 0.24311592306081156, '511260.SH': 0.5807019995348978, '512890.SH': 0.1707186796025521}"
2019-03-12,1725242.8220175307,9394.911937530851,0.0,0.003275805451907088,0.0054455592091925175,"{'511880.SH': 0.24232693783423365, '511260.SH': 0.579269067081993, '512890.SH': 0.17295843587458085}"
2019-03-13,1725139.3664975308,9394.911937530851,0.0,-5.996577332745279e-05,0.005445885775944524,"{'511880.SH': 0.24244258909304686, '511260.SH': 0.5796089402504695, '512890.SH': 0.17250258488053924}"
2019-03-14,1721503.6664975309,9394.911937530851,0.0,-0.0021074819058714,0.005457387120554429,"{'511880.SH': 0.24295461154081713, '511260.SH': 0.580745669879428, '512890.SH': 0.17084233145920044}"
2019-03-15,1727230.080257531,9394.911937530851,0.0,0.003326402302500364,0.005439293840997758,"{'511880.SH': 0.24215874486023115, '511260.SH': 0.5790216436312202, '512890.SH': 0.1733803176675508}"
2019-03-18,1736163.4733775307,9394.911937530851,0.0,0.005172092138800544,0.005411306067425781,"{'511880.SH': 0.24090793744573258, '511260.SH': 0.5757878306558649, '512890.SH': 0.17789292583097668}"
2019-03-19,1736163.9474575308,9394.911937530851,0.0,2.730618442470245e-07,0.00541130458980497,"{'511880.SH': 0.24092461782341665, '511260.SH': 0.5760800421323491, '512890.SH': 0.17758403545442925}"
2019-03-20,1737832.828417531,9394.911937530851,0.0,0.000961246178648123,0.005406107989159032,"{'511880.SH': 0.24071476245556003, '511260.SH': 0.5760028143279504, '512890.SH': 0.17787631522733044}"
2019-03-21,1737334.883457531,9394.911937530851,0.0,-0.0002865321404093013,0.005407657456824736,"{'511880.SH': 0.24082200588026556, '511260.SH': 0.5761516731926419, '512890.SH': 0.17761866347026775}"
2019-03-22,1740666.3056975307,9394.911937530851,0.0,0.0019175475446449042,0.005397307862385526,"{'511880.SH': 0.2404112105750825, '511260.SH': 0.575988629594476, '512890.SH': 0.17820285196805602}"
2019-03-25,1740786.248577531,9394.911937530851,0.0,6.890630306766177e-05,0.005396935979479287,"{'511880.SH': 0.24045906669014971, '511260.SH': 0.5771855107547113, '512890.SH': 0.1769584865756597}"
2019-03-26,1738780.629537531,9394.911937530851,0.0,-0.0011521340093528787,0.005403161145192678,"{'511880.SH': 0.24075792569149054, '511260.SH': 0.5791433277398748, '512890.SH': 0.174695585423442}"
2019-03-27,1741887.962337531,9394.911937530851,0.0,0.0017870758088824878,0.005393522511587557,"{'511880.SH': 0.24031651831283837, '511260.SH': 0.5779051361312175, '512890.SH': 0.17638482304435643}"
2019-03-28,1739256.2935375308,9394.911937530851,0.0,-0.0015108140459668684,0.005401683450816918,"{'511880.SH': 0.24063238014723842, '511260.SH': 0.5782391035391692, '512890.SH': 0.17572683286277546}"
2019-03-29,1746335.9020175308,9394.911937530851,0.0,0.0040704803002900025,0.005379785141379141,"{'511880.SH': 0.23969729397214096, '511260.SH': 0.5753028376953763, '512890.SH': 0.1796200831911037}"
2019-04-01,1771382.4261775308,8070.655137530855,20000.0,0.0028897786240149603,0.004556133683084198,"{'511880.SH': 0.23632918835226396, '511260.SH': 0.578704623491202, '512890.SH': 0.18041005447344982}"
2019-04-02,1768655.890483331,13404.787523330866,0.0,-0.001539213471866363,0.00757908171705897,"{'511880.SH': 0.341211880845336, '511260.SH': 0.45131305885729217, '512890.SH': 0.19989597858031283}"
2019-04-03,1769623.7656833308,13404.787523330866,0.0,0.0005472377104036585,0.007574936426192648,"{'511880.SH': 0.34112673544870575, '511260.SH': 0.44933279910657, '512890.SH': 0.20196552901853165}"
2019-04-04,1773097.2444033308,13404.787523330866,0.0,0.0019628345795066338,0.007560097205972334,"{'511880.SH': 0.3406542753289642, '511260.SH': 0.44720474441142866, '512890.SH': 0.20458088305363487}"
2019-04-08,1771499.532003331,13404.787523330866,0.0,-0.000901085603196794,0.0075669156447203964,"{'511880.SH': 0.34101219535567123, '511260.SH': 0.44665549479722483, '512890.SH': 0.20476539420238354}"
2019-04-09,1772570.987763331,13404.787523330866,0.0,0.0006048298295560084,0.007562341714869947,"{'511880.SH': 0.3407689195016033, '511260.SH': 0.4465251352210886, '512890.SH': 0.20514360356243802}"
2019-04-10,1772811.998403331,13404.787523330866,0.0,0.00013596670692672674,0.007561313627955915,"{'511880.SH': 0.34062467504950605, '511260.SH': 0.4456944677222551, '512890.SH': 0.20611954360028287}"
2019-04-11,1769410.713443331,13404.787523330866,0.0,-0.0019185818705330648,0.007575848513567951,"{'511880.SH': 0.34129974535125995, '511260.SH': 0.4474582944393125, '512890.SH': 0.20366611169585958}"
2019-04-12,1766918.0293633307,13404.787523330866,0.0,-0.001408765110927468,0.007586536161024391,"{'511880.SH': 0.3418252753115149, '511260.SH': 0.4474740688932203, '512890.SH': 0.2031141196342405}"
2019-04-15,1762499.245283331,13404.787523330866,0.0,-0.002500842714017626,0.007605556461487152,"{'511880.SH': 0.3427264206645915, '511260.SH': 0.44621295702942215, '512890.SH': 0.20345506584449907}"
2019-04-16,1763563.486003331,13404.787523330866,0.0,0.0006038247805484342,0.007600966809371527,"{'511880.SH': 0.34246189789782217, '511260.SH': 0.44492302444875975, '512890.SH': 0.20501411084404655}"
2019-04-17,1767513.3311233309,13404.787523330866,0.0,0.0022396954526151536,0.007583981001609502,"{'511880.SH': 0.34175756016283804, '511260.SH': 0.4450956528288306, '512890.SH': 0.20556280600672186}"
2019-04-18,1763308.989523331,13404.787523330866,0.0,-0.0023786760337065616,0.007602063848693095,"{'511880.SH': 0.3426063756207072, '511260.SH': 0.44575709910744493, '512890.SH': 0.20403446142315476}"
2019-04-19,1766584.605443331,13404.787523330866,0.0,0.0018576528217471022,0.007587968038455133,"{'511880.SH': 0.34201516081273337, '511260.SH': 0.4453975753980611, '512890.SH': 0.20499929575075035}"
2019-04-22,1756584.8939233308,13404.787523330866,0.0,-0.005660476995660635,0.007631164067107104,"{'511880.SH': 0.34403711912279317, '511260.SH': 0.4470620820642648, '512890.SH': 0.20126963474583495}"
2019-04-23,1751819.566483331,13404.787523330866,0.0,-0.0027128364000424954,0.007651922480943711,"{'511880.SH': 0.34500372670985974, '511260.SH': 0.4475589352925865, '512890.SH': 0.19978541551661008}"
2019-04-24,1752955.609843331,13404.787523330866,0.0,0.0006484933618366995,0.0076469634758913885,"{'511880.SH': 0.3447937979296684, '511260.SH': 0.4468880989348119, '512890.SH': 0.20067113965962832}"
2019-04-25,1744044.9381633308,13404.787523330866,0.0,-0.005083227224901954,0.007686033329764752,"{'511880.SH': 0.3465485535461575, '511260.SH': 0.4495110663980959, '512890.SH': 0.19625434672598188}"
2019-04-26,1740852.325763331,13404.787523330866,0.0,-0.0018305792070713034,0.007700129025851241,"{'511880.SH': 0.34723567834792896, '511260.SH': 0.4508351962914853, '512890.SH': 0.19422899633473448}"
2019-04-29,1739647.924883331,13404.787523330866,0.0,-0.0006918455185289663,0.0077054600138300134,"{'511880.SH': 0.3474519922762745, '511260.SH': 0.45047908188236246, '512890.SH': 0.194363465827533}"
2019-04-30,1746121.9602433308,13404.787523330866,0.0,0.003721462985353252,0.007676890749064769,"{'511880.SH': 0.34634887281053534, '511260.SH': 0.4501231975173551, '512890.SH': 0.19585103892304487}"
2019-05-06,1755948.347923331,8532.357523330862,20000.0,-0.005826404198354007,0.004859116461723739,"{'511880.SH': 0.34450272476147614, '511260.SH': 0.44886001398169467, '512890.SH': 0.20177814479510545}"
2019-05-07,1755875.367548131,7430.225548130809,0.0,-4.1561800656841896e-05,0.004231636074778033,"{'511880.SH': 0.17579661273512268, '511260.SH': 0.35324557281426633, '512890.SH': 0.4667261783758329}"
2019-05-08,1747526.637548131,7430.225548130809,0.0,-0.0047547395187039765,0.00425185252601116,"{'511880.SH': 0.17664521121870333, '511260.SH': 0.3552167884953932, '512890.SH': 0.4638861477598923}"
2019-05-09,1737296.8775481307,7430.225548130809,0.0,-0.0058538506825585035,0.004276888794399482,"{'511880.SH': 0.17770293378740445, '511260.SH': 0.35777707773079215, '512890.SH': 0.460243099687404}"
2019-05-10,1762738.047548131,7430.225548130809,0.0,0.014644111970031126,0.004215161497458929,"{'511880.SH': 0.1751468531750575, '511260.SH': 0.3532158399065811, '512890.SH': 0.4674221454209024}"
2019-05-13,1757872.9575481308,7430.225548130809,0.0,-0.002759961984576953,0.004226827380344048,"{'511880.SH': 0.1756576495895867, '511260.SH': 0.3555997020807942, '512890.SH': 0.464515820949275}"
2019-05-14,1751906.1355481306,7430.225548130809,0.0,-0.003394341994044092,0.00424122354352396,"{'511880.SH': 0.1762681251774839, '511260.SH': 0.3563427214122277, '512890.SH': 0.46314792986676445}"
2019-05-15,1762960.5055481307,7430.225548130809,0.0,0.006309909975023453,0.004214629610106122,"{'511880.SH': 0.17517152484592, '511260.SH': 0.35408824987030174, '512890.SH': 0.46652559567367224}"
2019-05-16,1768518.0055481307,7430.225548130809,0.0,0.0031523678395009025,0.004201385298210691,"{'511880.SH': 0.17462105504788733, '511260.SH': 0.35319572548338435, '512890.SH': 0.4679818341705177}"
2019-05-17,1752360.325548131,7430.225548130809,0.0,-0.009136282440614374,0.004240124271135085,"{'511880.SH': 0.176283436400772, '511260.SH': 0.35686986910319857, '512890.SH': 0.46260657022489426}"
2019-05-20,1743565.4175481307,7430.225548130809,0.0,-0.005018892445678547,0.004261512343241747,"{'511880.SH': 0.1771691436931547, '511260.SH': 0.3587106016816458, '512890.SH': 0.45985874228195783}"
2019-05-21,1752643.319548131,7430.225548130809,0.0,0.005206516433874819,0.004239439631131839,"{'511880.SH': 0.17627414006841555, '511260.SH': 0.35611204689435383, '512890.SH': 0.46337437340609877}"
2019-05-22,1748444.6275481307,7430.225548130809,0.0,-0.0023956340421180666,0.004249620165867262,"{'511880.SH': 0.1767009358673529, '511260.SH': 0.35667363448307604, '512890.SH': 0.4623758094837038}"
2019-05-23,1739723.989548131,7430.225548130809,0.0,-0.004987654663235697,0.004270922050146993,"{'511880.SH': 0.17759194323706967, '511260.SH': 0.3585361262748417, '512890.SH': 0.45960100843794166}"
2019-05-24,1741577.8075481309,7430.225548130809,0.0,0.0010655816733788903,0.004266375878199439,"{'511880.SH': 0.17743271685061365, '511260.SH': 0.3579173421356158, '512890.SH': 0.4603835651355711}"
2019-05-27,1751465.1935481308,7430.225548130809,0.0,0.005677257689634896,0.004242291297310114,"{'511880.SH': 0.1764467653359093, '511260.SH': 0.35478181484222804, '512890.SH': 0.46452912852455264}"
2019-05-28,1751340.941548131,7430.225548130809,0.0,-7.09417466344675e-05,0.004242592274216305,"{'511880.SH': 0.1764802093456375, '511260.SH': 0.3555582383916346, '512890.SH': 0.4637189599885117}"
2019-05-29,1752385.2415481308,7430.225548130809,0.0,0.0005962859516530639,0.004240063983628757,"{'511880.SH': 0.17637503938742852, '511260.SH': 0.3559422809615509, '512890.SH': 0.4634426156673919}"
2019-05-30,1755274.4055481306,7430.225548130809,0.0,0.001648703681986774,0.004233084880999291,"{'511880.SH': 0.17611256623061583, '511260.SH': 0.35571270111753434, '512890.SH': 0.4639416477708506}"
2019-05-31,1755863.223548131,7430.225548130809,0.0,0.00033545638114440557,0.004231665341857497,"{'511880.SH': 0.1760830763202809, '511260.SH': 0.35589919056293184, '512890.SH': 0.4637860677749297}"
2019-06-03,1777777.970348131,12960.59434813081,20000.0,0.001090487444762811,0.0072903335311286475,"{'511880.SH': 0.17392451766035302, '511260.SH': 0.35216579935311054, '512890.SH': 0.4666193494554078}"
2019-06-04,1769636.163994371,17618.97743437087,0.0,-0.004579765577905959,0.00995627112106583,"{'511880.SH': 0.2516334123478144, '511260.SH': 0.20428018332538433, '512890.SH': 0.5341301332057354}"
2019-06-05,1774475.9572743708,17618.97743437087,0.0,0.00273490866567494,0.00992911589595948,"{'511880.SH': 0.2509545299920597, '511260.SH': 0.20400851221227678, '512890.SH': 0.5351078418997041}"
2019-06-06,1769462.5102343708,17618.97743437087,0.0,-0.002825311337382508,0.009957248222250938,"{'511880.SH': 0.25171775622474457, '511260.SH': 0.20463072707431393, '512890.SH': 0.5336942684786905}"
2019-06-10,1776099.885594371,17618.97743437087,0.0,0.003751068655939438,0.009920037480591745,"{'511880.SH': 0.2508043110486037, '511260.SH': 0.20368415252666716, '512890.SH': 0.5355914989441374}"
2019-06-11,1794291.885594371,17618.97743437087,0.0,0.010242667176295628,0.009819460019758417,"{'511880.SH': 0.24826145162688545, '511260.SH': 0.201164260340192, '512890.SH': 0.5407548280131641}"
2019-06-12,1789089.258714371,17618.97743437087,0.0,-0.0028995432246948782,0.009848014764244779,"{'511880.SH': 0.24901288692557363, '511260.SH': 0.2017093324115776, '512890.SH': 0.5394297658986039}"
2019-06-13,1785263.440794371,17618.97743437087,0.0,-0.0021384164604224543,0.009869119050873034,"{'511880.SH': 0.2495662282546669, '511260.SH': 0.20239870023844792, '512890.SH': 0.5381659524560122}"
2019-06-14,1778145.191514371,17618.97743437087,0.0,-0.003987226264395294,0.00990862698864626,"{'511880.SH': 0.2506196997897955, '511260.SH': 0.20352443755832364, '512890.SH': 0.5359472356632347}"
2019-06-17,1778416.378074371,17618.97743437087,0.0,0.0001525109205335884,0.009907116045258367,"{'511880.SH': 0.25059632048741903, '511260.SH': 0.20363105314634913, '512890.SH': 0.5358655103209734}"
2019-06-18,1779823.9646343708,17618.97743437087,0.0,0.0007914831292341606,0.009899280931409606,"{'511880.SH': 0.25041295996458746, '511260.SH': 0.20327515933539153, '512890.SH': 0.5364125997686114}"
2019-06-19,1788217.391514371,17618.97743437087,0.0,0.004715874741985759,0.009852816283958659,"{'511880.SH': 0.24920807514493892, '511260.SH': 0.2022126625744172, '512890.SH': 0.5387264459966852}"
2019-06-20,1803940.3892743709,17618.97743437087,0.0,0.008792553877738918,0.009766939938330249,"{'511880.SH': 0.2470384356875885, '511260.SH': 0.20054254683300235, '512890.SH': 0.5426520775410789}"
2019-06-21,1806647.7287943708,17618.97743437087,0.0,0.0015007921193499474,0.00975230375770518,"{'511880.SH': 0.24673396161047384, '511260.SH': 0.20024014324110398, '512890.SH': 0.543273591390717}"
2019-06-24,1805731.101914371,17618.97743437087,0.0,-0.0005073633699534952,0.00975725423109336,"{'511880.SH': 0.24688843427870516, '511260.SH': 0.20028341961689825, '512890.SH': 0.5430708918733033}"
2019-06-25,1798277.0660743709,17618.97743437087,0.0,-0.004127987734218852,0.009797699012440281,"{'511880.SH': 0.24795093984786418, '511260.SH': 0.20125352584852052, '512890.SH': 0.540997835291175}"
2019-06-26,1795534.6526343708,17618.97743437087,0.0,-0.001525022751909244,0.009812663547607212,"{'511880.SH': 0.2483443438675878, '511260.SH': 0.20146244433059157, '512890.SH': 0.5403805482542134}"
2019-06-27,1800558.261594371,17618.97743437087,0.0,0.002797834590732906,0.009785285936134883,"{'511880.SH': 0.2476416862874336, '511260.SH': 0.20082104962258582, '512890.SH': 0.5417519781538457}"
2019-06-28,1797491.412314371,17618.97743437087,0.0,-0.0017032768921814156,0.009801981424592984,"{'511880.SH': 0.24811803373556196, '511260.SH': 0.20132635823503386, '512890.SH': 0.5407536266048112}"
2019-07-01,1836928.2792630908,111.73062309087072,20000.0,0.01081332951888414,6.082470630573177e-05,"{'511880.SH': 0.2562669723985334, '511260.SH': 0.1971244082241811, '512890.SH': 0.5465477946709798}"
2019-07-02,1839477.8251346909,6479.8451346908405,0.0,0.001387939801668736,0.0035226546610945806,"{'511880.SH': 0.33681568298037734, '511260.SH': 0.45779323267370153, '512890.SH': 0.20186842968482654}"
2019-07-03,1840538.777134691,6479.8451346908405,0.0,0.0005767680292216859,0.003520624077683664,"{'511880.SH': 0.3366845837199395, '511260.SH': 0.45839208088483474, '512890.SH': 0.20140271131754203}"
2019-07-04,1842455.1731346908,6479.8451346908405,0.0,0.0010412146833349567,0.0035169621650366946,"{'511880.SH': 0.3363741691178141, '511260.SH': 0.45909013816650657, '512890.SH': 0.20101873055064262}"
2019-07-05,1842756.7251346908,6479.8451346908405,0.0,0.00016366856811322883,0.0035163866430698906,"{'511880.SH': 0.3363821016334603, '511260.SH': 0.4582433418813212, '512890.SH': 0.20185816984214863}"
2019-07-08,1834812.4811346908,6479.8451346908405,0.0,-0.004311064988472224,0.0035316116504088488,"{'511880.SH': 0.3378618482127565, '511260.SH': 0.4599044908818969, '512890.SH': 0.19870204925493778}"
2019-07-09,1835231.057134691,6479.8451346908405,0.0,0.00022813012463340776,0.003530806167157879,"{'511880.SH': 0.33777480475283, '511260.SH': 0.46021284171086996, '512890.SH': 0.19848154736914217}"
2019-07-10,1832308.6051346909,6479.8451346908405,0.0,-0.0015924163819256432,0.0035364376484028543,"{'511880.SH': 0.3383335417749837, '511260.SH': 0.46073559750484444, '512890.SH': 0.19739442307176894}"
2019-07-11,1832735.9371346908,6479.8451346908405,0.0,0.0002332205387249875,0.0035356130708177553,"{'511880.SH': 0.33826798473174613, '511260.SH': 0.4608480048252188, '512890.SH': 0.1973483973722173}"
2019-07-12,1835750.1331346908,6479.8451346908405,0.0,0.0016446428200194152,0.003529807797767109,"{'511880.SH': 0.33775249518367206, '511260.SH': 0.46011713944842536, '512890.SH': 0.19860055757013542}"
2019-07-15,1836972.3571346907,6479.8451346908405,0.0,0.0006657899558002445,0.0035274592508284133,"{'511880.SH': 0.3375377476921591, '511260.SH': 0.4601163412814636, '512890.SH': 0.1988184517755489}"
2019-07-16,1836488.945134691,6479.8451346908405,0.0,-0.0002631569267345091,0.0035283877705104285,"{'511880.SH': 0.3376631814979534, '511260.SH': 0.4601127070427462, '512890.SH': 0.19869572368879002}"
2019-07-17,1837986.125134691,6479.8451346908405,0.0,0.000815240409677509,0.0035255136293349254,"{'511880.SH': 0.337421361085929, '511260.SH': 0.45981957559014025, '512890.SH': 0.19923354969459578}"
2019-07-18,1835746.205134691,6479.8451346908405,0.0,-0.0012186816697736802,0.0035298153506003876,"{'511880.SH': 0.3378663446314969, '511260.SH': 0.4607033900625427, '512890.SH': 0.19790044995536}"
2019-07-19,1839521.9011346907,6479.8451346908405,0.0,0.002056763614403101,0.0035225702562681166,"{'511880.SH': 0.3372127048975975, '511260.SH': 0.459847963472582, '512890.SH': 0.19941676137355235}"
2019-07-22,1838355.009134691,6479.8451346908405,0.0,-0.0006343452607332489,0.0035248062003763285,"{'511880.SH': 0.3374300724928975, '511260.SH': 0.46037620361388615, '512890.SH': 0.19866891769283995}"
2019-07-23,1839437.2291346907,6479.8451346908405,0.0,0.0005886893416244821,0.0035227324053558997,"{'511880.SH': 0.3372813565874453, '511260.SH': 0.4602943153424686, '512890.SH': 0.1989015956647302}"
2019-07-24,1840768.9611346908,6479.8451346908405,0.0,0.000723988825988231,0.0035201838315964,"{'511880.SH': 0.33705061802951725, '511260.SH': 0.4597982244758578, '512890.SH': 0.19963097366302862}"
2019-07-25,1841241.993134691,6479.8451346908405,0.0,0.00025697521524303824,0.0035192794639986387,"{'511880.SH': 0.33697729593038467, '511260.SH': 0.45922529637751236, '512890.SH': 0.2002781282281043}"
2019-07-26,1843508.2451346908,6479.8451346908405,0.0,0.0012308278914177073,0.003514953161610302,"{'511880.SH': 0.336625996459625, '511260.SH': 0.4587807525310018, '512890.SH': 0.20107829784776288}"
2019-07-29,1842439.3771346908,6479.8451346908405,0.0,-0.0005798010412054744,0.0035169923174178525,"{'511880.SH': 0.33683454647237027, '511260.SH': 0.4588025041641321, '512890.SH': 0.20084595704607974}"
2019-07-30,1844197.101134691,6479.8451346908405,0.0,0.0009540199920898829,0.0035136402343892334,"{'511880.SH': 0.3365234418914062, '511260.SH': 0.4582624056181488, '512890.SH': 0.20170051225605565}"
2019-07-31,1842654.9051346907,6479.8451346908405,0.0,-0.0008362425030661313,0.0035165809488441296,"{'511880.SH': 0.33684818479596407, '511260.SH': 0.4593361988951109, '512890.SH': 0.2002990353600809}"
2019-08-01,1859721.0190186107,11302.42805861084,20000.0,-0.0015922059566902957,0.006077485785784805,"{'511880.SH': 0.34046901900056636, '511260.SH': 0.4552526918509423, '512890.SH': 0.19820080336270657}"
2019-08-02,1853158.255536611,15067.372336610919,0.0,-0.003528896761871847,0.008130645233128201,"{'511880.SH': 0.17421112429845687, '511260.SH': 0.35366116090836586, '512890.SH': 0.4639970695600491}"
2019-08-05,1841835.364816611,15067.372336610919,0.0,-0.0061100506047829795,0.008180629292081791,"{'511880.SH': 0.1752959024717974, '511260.SH': 0.35715016258551285, '512890.SH': 0.459373305650608}"
2019-08-06,1831206.7740966112,15067.372336610919,0.0,-0.005770651885087519,0.008228110855500795,"{'511880.SH': 0.1763272211131329, '511260.SH': 0.36008920965536545, '512890.SH': 0.4553554583760008}"
2019-08-07,1829110.735696611,15067.372336610919,0.0,-0.0011446213664397797,0.008237539719470598,"{'511880.SH': 0.17654664480279028, '511260.SH': 0.3601750222897785, '512890.SH': 0.45504079318796065}"
2019-08-08,1839035.4403366111,15067.372336610919,0.0,0.005425972548469105,0.008193084269138954,"{'511880.SH': 0.17560078556228959, '511260.SH': 0.35862930400040655, '512890.SH': 0.4575768261681649}"
2019-08-09,1835418.963536611,15067.372336610919,0.0,-0.001966507398757922,0.008209227776299136,"{'511880.SH': 0.17598139586485595, '511260.SH': 0.36066533753387126, '512890.SH': 0.4551440388249736}"
2019-08-12,1842603.448976611,15067.372336610919,0.0,0.0039143572027589,0.008177219219349337,"{'511880.SH': 0.17531074134231706, '511260.SH': 0.35899091601472216, '512890.SH': 0.4575211234236114}"
2019-08-13,1839474.6059366108,15067.372336610919,0.0,-0.001698055564662071,0.008191128210187505,"{'511880.SH': 0.17561929507339571, '511260.SH': 0.35996963364593365, '512890.SH': 0.45621994307048314}"
2019-08-14,1841380.134416611,15067.372336610919,0.0,0.0010359090980927022,0.008182651726817173,"{'511880.SH': 0.17544273235159638, '511260.SH': 0.3597958876698216, '512890.SH': 0.4565787282517648}"
2019-08-15,1842644.9105766108,15067.372336610919,0.0,0.0006868631502863209,0.008177035222644145,"{'511880.SH': 0.17532403361367452, '511260.SH': 0.35940326657552496, '512890.SH': 0.4570956645881564}"
2019-08-16,1842627.952976611,15067.372336610919,0.0,-9.202858294865557e-06,0.008177110475433113,"{'511880.SH': 0.17535150279145978, '511260.SH': 0.3589563476075171, '512890.SH': 0.45751503912559005}"
2019-08-19,1853991.9721766112,15067.372336610919,0.0,0.006167289051293601,0.008126988985244431,"{'511880.SH': 0.1742681223482786, '511260.SH': 0.35629221157009133, '512890.SH': 0.46131267709638557}"
2019-08-20,1854246.086096611,15067.372336610919,0.0,0.00013706311775529834,0.008125875227451266,"{'511880.SH': 0.1742647948311021, '511260.SH': 0.35594730653545603, '512890.SH': 0.46166202340599055}"
2019-08-21,1853178.1046566109,15067.372336610919,0.0,-0.0005759653198181836,0.008130558146974689,"{'511880.SH': 0.17439264553575357, '511260.SH': 0.3559615227173393, '512890.SH': 0.4615152735999325}"
2019-08-22,1852972.218576611,15067.372336610919,0.0,-0.00011109891676497341,0.008131461543543892,"{'511880.SH': 0.17443259159507823, '511260.SH': 0.35586939371737614, '512890.SH': 0.46156655314400175}"
2019-08-23,1854594.3040166108,15067.372336610919,0.0,0.0008753965244259199,0.008124349516214177,"{'511880.SH': 0.17429544077641296, '511260.SH': 0.3551798895172818, '512890.SH': 0.4624003201900911}"
2019-08-26,1849165.289456611,15067.372336610919,0.0,-0.0029273327046469566,0.008148202014455161,"{'511880.SH': 0.17482261805541283, '511260.SH': 0.356994587646617, '512890.SH': 0.460034592283515}"
2019-08-27,1859819.965616611,15067.372336610919,0.0,0.005761884143483442,0.00810152198340092,"{'511880.SH': 0.17382278890248334, '511260.SH': 0.35450662547404543, '512890.SH': 0.4635690636400702}"
2019-08-28,1858605.251056611,15067.372336610919,0.0,-0.0006531355628270896,0.008106816833776386,"{'511880.SH': 0.1739517729954764, '511260.SH': 0.35489257314054, '512890.SH': 0.46304883703020716}"
2019-08-29,1852384.245776611,15067.372336610919,0.0,-0.003347136395134731,0.008134042583748023,"{'511880.SH': 0.17456511745727507, '511260.SH': 0.35641374164419387, '512890.SH': 0.46088709831478303}"
2019-08-30,1849697.940496611,15067.372336610919,0.0,-0.0014501879327275535,0.008145855605248498,"{'511880.SH': 0.17484782843687907, '511260.SH': 0.35669061718415684, '512890.SH': 0.46031569877371553}"
2019-09-02,1876095.0880166108,11884.58673661092,20000.0,0.003458482263478224,0.0063347464702203276,"{'511880.SH': 0.17239952460082145, '511260.SH': 0.3513174807662864, '512890.SH': 0.46994824816267194}"
2019-09-03,1874488.732543611,11872.107983610971,0.0,-0.0008562228445990749,0.006333517922778317,"{'511880.SH': 0.3384846830735688, '511260.SH': 0.455379050927499, '512890.SH': 0.19980274807615386}"
2019-09-04,1876902.3023836112,11872.107983610971,0.0,0.0012875883424090517,0.006325373445668291,"{'511880.SH': 0.3380460952039057, '511260.SH': 0.45483555479464693, '512890.SH': 0.20079297655577896}"
2019-09-05,1881559.5627036109,11872.107983610971,0.0,0.0024813546843034384,0.006309716800329166,"{'511880.SH': 0.3372159815171087, '511260.SH': 0.45404563157832606, '512890.SH': 0.2024286701042361}"
2019-09-06,1884332.526223611,11872.107983610971,0.0,0.0014737580329455824,0.006300431488811506,"{'511880.SH': 0.3367924765974609, '511260.SH': 0.45442138692796, '512890.SH': 0.20248570498576746}"
2019-09-09,1885003.8262236111,11872.107983610971,0.0,0.0003562534694157016,0.006298187737578962,"{'511880.SH': 0.3366725358385115, '511260.SH': 0.45355128096094427, '512890.SH': 0.2034779954629652}"
2019-09-10,1883272.927823611,11872.107983610971,0.0,-0.0009182466241820508,0.006303976342574454,"{'511880.SH': 0.33701504995002285, '511260.SH': 0.45354865318809534, '512890.SH': 0.20313232051930727}"
2019-09-11,1883443.710383611,11872.107983610971,0.0,9.068391388034058e-05,0.006303404725163204,"{'511880.SH': 0.33703741656856245, '511260.SH': 0.4535452773505055, '512890.SH': 0.20311390135576882}"
2019-09-12,1884936.515183611,11872.107983610971,0.0,0.0007925932650760803,0.006298412645719537,"{'511880.SH': 0.33686965162227067, '511260.SH': 0.45263704805299015, '512890.SH': 0.20419488767901955}"
2019-09-16,1884828.256463611,11872.107983610971,0.0,-5.743361600141217e-05,0.006298774407110114,"{'511880.SH': 0.3369154437823763, '511260.SH': 0.4520469157219734, '512890.SH': 0.2047388660885402}"
2019-09-17,1880491.080303611,11872.107983610971,0.0,-0.002301098864114892,0.006313301939030832,"{'511880.SH': 0.3377720208156737, '511260.SH': 0.45337098853048086, '512890.SH': 0.20254368871481457}"
2019-09-18,1880878.080303611,11872.107983610971,0.0,0.00020579730691272502,0.006312002945823356,"{'511880.SH': 0.3377025225459961, '511260.SH': 0.4529500922582283, '512890.SH': 0.2030353822499522}"
2019-09-19,1881159.0088636111,11872.107983610971,0.0,0.00014936032427725898,0.006311060323806858,"{'511880.SH': 0.3376222838619422, '511260.SH': 0.45270606896460613, '512890.SH': 0.20336058684964473}"
2019-09-20,1881691.2311036112,11872.107983610971,0.0,0.00028292251611494734,0.006309275287767581,"{'511880.SH': 0.33757314304294783, '511260.SH': 0.4526368013632423, '512890.SH': 0.20348078030604222}"
2019-09-23,1878120.0914236112,11872.107983610971,0.0,-0.0018978351075726874,0.006321272019731144,"{'511880.SH': 0.3382216538445654, '511260.SH': 0.45354794077854954, '512890.SH': 0.2019091333571539}"
2019-09-24,1879630.3025436113,11872.107983610971,0.0,0.0008041078559866133,0.006316193119224047,"{'511880.SH': 0.3379731076373518, '511260.SH': 0.453074255531822, '512890.SH': 0.20263644371160203}"
2019-09-25,1875652.315263611,11872.107983610971,0.0,-0.002116366859279184,0.006329588851301805,"{'511880.SH': 0.3387463668556839, '511260.SH': 0.45399725368628424, '512890.SH': 0.20092679060673005}"
2019-09-26,1873623.235903611,11872.107983610971,0.0,-0.0010817992990960201,0.006336443611559552,"{'511880.SH': 0.3391265200730506, '511260.SH': 0.453392647850201, '512890.SH': 0.20114438846518878}"
2019-09-27,1872285.250223611,11872.107983610971,0.0,-0.0007141167201391019,0.0063409718055478246,"{'511880.SH': 0.3394587134434207, '511260.SH': 0.4532693935919455, '512890.SH': 0.200930921159086}"
2019-09-30,1871159.063023611,11872.107983610971,0.0,-0.0006015040709558273,0.006344788221492405,"{'511880.SH': 0.3399293879442754, '511260.SH': 0.4535675329646151, '512890.SH': 0.20015829086961706}"
2019-10-08,1894390.2957647708,4393.137684770975,20000.0,0.0017268616041323792,0.002319024593080199,"{'511880.SH': 0.342344320243778, '511260.SH': 0.45413661689640866, '512890.SH': 0.20120003826673324}"
2019-10-09,1897953.892030571,10201.337710571039,0.0,0.0018811309758961503,0.005374913349268404,"{'511880.SH': 0.24307901064256668, '511260.SH': 0.5788076331109867, '512890.SH': 0.17273844289717824}"
2019-10-10,1900199.531470571,10201.337710571039,0.0,0.0011831896704284084,0.005368561322966009,"{'511880.SH': 0.24280839254966716, '511260.SH': 0.5782255925248431, '512890.SH': 0.17359745360252385}"
2019-10-11,1901052.1701105712,10201.337710571039,0.0,0.00044871005695923394,0.00536615347593417,"{'511880.SH': 0.24273990985379423, '511260.SH': 0.5773116683779205, '512890.SH': 0.1745822682923511}"
2019-10-14,1904752.129870571,10201.337710571039,0.0,0.0019462694491885202,0.005355729782680031,"{'511880.SH': 0.24227550919780702, '511260.SH': 0.5758528801721472, '512890.SH': 0.17651588084736583}"
2019-10-15,1902732.727870571,10201.337710571039,0.0,-0.0010601914907096832,0.0053614139080835534,"{'511880.SH': 0.2425920274554706, '511260.SH': 0.5764050746251754, '512890.SH': 0.1756414840112705}"
2019-10-16,1902143.687230571,10201.337710571039,0.0,-0.0003095761329859892,0.005363074187851546,"{'511880.SH': 0.2426861612079906, '511260.SH': 0.5764066128970085, '512890.SH': 0.17554415170714946}"
2019-10-17,1901174.047390571,10201.337710571039,0.0,-0.0005097616160699703,0.005365809471559291,"{'511880.SH': 0.24280518152116734, '511260.SH': 0.5768025297342583, '512890.SH': 0.1750264792730151}"
2019-10-18,1896688.403950571,10201.337710571039,0.0,-0.002359407044376982,0.00537849954126513,"{'511880.SH': 0.24348188415034727, '511260.SH': 0.5776772809481224, '512890.SH': 0.17346233536026515}"
2019-10-21,1896091.884430571,10201.337710571039,0.0,-0.0003145058085226582,0.005380191642787752,"{'511880.SH': 0.24354418185734766, '511260.SH': 0.5769498878101743, '512890.SH': 0.17412573868969025}"
2019-10-22,1895631.684430571,10201.337710571039,0.0,-0.00024270975672580075,0.005381497784805923,"{'511880.SH': 0.2436033067566682, '511260.SH': 0.5763904501987756, '512890.SH': 0.17462474525975039}"
2019-10-23,1894091.684830571,10201.337710571039,0.0,-0.000812393890990748,0.005385873235319948,"{'511880.SH': 0.2437894378704825, '511260.SH': 0.5769721755036139, '512890.SH': 0.17385251339058364}"
2019-10-24,1895062.044190571,10201.337710571039,0.0,0.0005123085475593481,0.005383115419278153,"{'511880.SH': 0.24368368724161993, '511260.SH': 0.5768651234144322, '512890.SH': 0.1740680739246697}"
2019-10-25,1895985.883630571,10201.337710571039,0.0,0.0004874982551796858,0.005380492438602327,"{'511880.SH': 0.24358163734619143, '511260.SH': 0.5762935312090643, '512890.SH': 0.1747443390061419}"
2019-10-28,1895112.683230571,10201.337710571039,0.0,-0.0004605521631457776,0.005382971577806639,"{'511880.SH': 0.24370579628684194, '511260.SH': 0.575477231327944, '512890.SH': 0.17543400080740737}"
2019-10-29,1890390.4019505712,10201.337710571039,0.0,-0.0024918208409379083,0.0053964184858561175,"{'511880.SH': 0.24435284043093555, '511260.SH': 0.5754471662983209, '512890.SH': 0.1748035747848874}"
2019-10-30,1887774.960910571,10201.337710571039,0.0,-0.0013835454503480227,0.0054038950202255085,"{'511880.SH': 0.24472250811991, '511260.SH': 0.5754393518791147, '512890.SH': 0.17443424498074983}"
2019-10-31,1886767.4800305709,10201.337710571039,0.0,-0.000533686959972246,0.005406780548499674,"{'511880.SH': 0.24487953455319986, '511260.SH': 0.5765629371470691, '512890.SH': 0.17315074775123143}"
2019-11-01,1910895.012890571,8737.61121057104,20000.0,0.0021876213702460845,0.004572522902424575,"{'511880.SH': 0.241806534928908, '511260.SH': 0.5809353169647793, '512890.SH': 0.17268562520388805}"
2019-11-04,1911957.5324105714,8737.61121057104,0.0,0.0005560323894471253,0.0045699818444998475,"{'511880.SH': 0.2416863415461942, '511260.SH': 0.5802480343803823, '512890.SH': 0.17349564222892355}"
2019-11-05,1916145.892570571,8737.61121057104,0.0,0.002190613593137325,0.004559992662588575,"{'511880.SH': 0.24115333970739475, '511260.SH': 0.5796635863201072, '512890.SH': 0.17462308130990953}"
2019-11-06,1914963.531210571,8737.61121057104,0.0,-0.0006170518458872287,0.004562808151781061,"{'511880.SH': 0.24134236107767437, '511260.SH': 0.5805700118462197, '512890.SH': 0.17352481892432484}"
2019-11-07,1916513.4905705713,8737.61121057104,0.0,0.0008093936697688431,0.004559118030507439,"{'511880.SH': 0.24116604533913172, '511260.SH': 0.5799865252548138, '512890.SH': 0.17428831137554693}"
2019-11-08,1912609.928410571,8737.61121057104,0.0,-0.0020368039041760433,0.00456842301233489,"{'511880.SH': 0.24172206278579764, '511260.SH': 0.5802730517676977, '512890.SH': 0.17343646243416969}"
2019-11-11,1909518.826810571,8737.61121057104,0.0,-0.0016161693788596665,0.004575818309770366,"{'511880.SH': 0.24216069991431002, '511260.SH': 0.5821164915439033, '512890.SH': 0.1711469902320163}"
2019-11-12,1910229.186570571,8737.61121057104,0.0,0.00037200982259322224,0.004574116693430723,"{'511880.SH': 0.24207774575478477, '511260.SH': 0.5822647920047938, '512890.SH': 0.1710833455469907}"
2019-11-13,1910311.3268105714,8737.61121057104,0.0,4.3000201534804106e-05,0.004573920013948319,"{'511880.SH': 0.2420602386167253, '511260.SH': 0.5830454881192492, '512890.SH': 0.1703203532500771}"
2019-11-14,1911242.5865705712,8737.61121057104,0.0,0.00048749109473922303,0.004571691355124799,"{'511880.SH': 0.2419493886381782, '511260.SH': 0.5833926095173002, '512890.SH': 0.17008631048939676}"
2019-11-15,1910714.245930571,8737.61121057104,0.0,-0.00027643829397294706,0.00457295549514029,"{'511880.SH': 0.24203521573408746, '511260.SH': 0.5837117729013501, '512890.SH': 0.1696800558694221}"
2019-11-18,1916323.284970571,8737.61121057104,0.0,0.0029355718951413756,0.004559570547985709,"{'511880.SH': 0.24135508731090896, '511260.SH': 0.5830940993952175, '512890.SH': 0.17099124274588778}"
2019-11-19,1921435.364250571,8737.61121057104,0.0,0.0026676497228277363,0.004547439572071696,"{'511880.SH': 0.24073412077559692, '511260.SH': 0.5820785964539725, '512890.SH': 0.1726398431983588}"
2019-11-20,1920428.883370571,8737.61121057104,0.0,-0.000523817193503362,0.004549822847506615,"{'511880.SH': 0.24088617712730712, '511260.SH': 0.5827356637314515, '512890.SH': 0.17182833629373473}"
2019-11-21,1919495.863450571,8737.61121057104,0.0,-0.00048583934978241317,0.004552034404942099,"{'511880.SH': 0.24100091125406709, '511260.SH': 0.5829864087273228, '512890.SH': 0.171460645613668}"
2019-11-22,1918924.522010571,8737.61121057104,0.0,-0.0002976518214385937,0.00455338972968886,"{'511880.SH': 0.2411150649715086, '511260.SH': 0.5829702977727841, '512890.SH': 0.1713612475260184}"
2019-11-25,1922339.1216105712,8737.61121057104,0.0,0.0017794340323622482,0.0045453016652184175,"{'511880.SH': 0.24069853502868835, '511260.SH': 0.581296394292689, '512890.SH': 0.1734597690134042}"
2019-11-26,1922819.321210571,8737.61121057104,0.0,0.0002497996293169269,0.004544166534102645,"{'511880.SH': 0.24065017700606203, '511260.SH': 0.5813892068112707, '512890.SH': 0.1734164496485645}"
2019-11-27,1922633.9184105713,8737.61121057104,0.0,-9.642237206308746e-05,0.004544604735671347,"{'511880.SH': 0.24075566480313837, '511260.SH': 0.5818671923383295, '512890.SH': 0.17283253812286065}"
2019-11-28,1921748.6395305712,8737.61121057104,0.0,-0.00046045108823000724,0.004546698267836625,"{'511880.SH': 0.24083364431732043, '511260.SH': 0.582308412755454, '512890.SH': 0.1723112446593889}"
2019-11-29,1921553.497690571,8737.61121057104,0.0,-0.00010154389392347252,0.004547160004169742,"{'511880.SH': 0.24091220308795444, '511260.SH': 0.5823621363365236, '512890.SH': 0.17217850057135228}"
2019-12-02,1943104.313120571,17403.446960571044,20000.0,0.0008070633640249181,0.008956517075823683,"{'511880.SH': 0.23824956953367332, '511260.SH': 0.5819324739102856, '512890.SH': 0.17086143948021748}"
2019-12-03,1945682.1355239311,8319.16080393118,0.0,0.0013266515780721022,0.004275703955975833,"{'511880.SH': 0.2508074498965342, '511260.SH': 0.20475410280349976, '512890.SH': 0.5401627433439902}"
2019-12-04,1943532.485203931,8319.16080393118,0.0,-0.00110483119557514,0.004280433112008553,"{'511880.SH': 0.251102015590335, '511260.SH': 0.20526803798606919, '512890.SH': 0.5393495133115873}"
2019-12-05,1947374.656723931,8319.16080393118,0.0,0.0019769011062331643,0.004271987814572111,"{'511880.SH': 0.25060169815549954, '511260.SH': 0.2049637436852934, '512890.SH': 0.5401625703446351}"
2019-12-06,1949149.691843931,8319.16080393118,0.0,0.0009115016023604205,0.004268097436919327,"{'511880.SH': 0.2504052577810327, '511260.SH': 0.2047182428674904, '512890.SH': 0.5406084019145576}"
2019-12-09,1956524.448163931,8319.16080393118,0.0,0.0037835761670121926,0.004252009634603934,"{'511880.SH': 0.24950523251478343, '511260.SH': 0.20393524873887428, '512890.SH': 0.5423075091117385}"
2019-12-10,1955175.012403931,8319.16080393118,0.0,-0.0006897106556814636,0.004254944315037346,"{'511880.SH': 0.24967987443732048, '511260.SH': 0.2038508049005581, '512890.SH': 0.5422143763470841}"
2019-12-11,1955292.9051239311,8319.16080393118,0.0,6.0297783703422425e-05,0.004254687766794659,"{'511880.SH': 0.2496721299610392, '511260.SH': 0.20389149827899136, '512890.SH': 0.5421816839931748}"
2019-12-12,1958260.911763931,8319.16080393118,0.0,0.0015179345417875023,0.004248239217744268,"{'511880.SH': 0.2493204802419387, '511260.SH': 0.2036712766945534, '512890.SH': 0.5427600038457637}"
2019-12-13,1965315.240243931,8319.16080393118,0.0,0.003602343506742267,0.00423299053178798,"{'511880.SH': 0.24843041433871957, '511260.SH': 0.20280466555102358, '512890.SH': 0.544531929578469}"
2019-12-16,1971699.4608039309,8319.16080393118,0.0,0.0032484460656843073,0.004219284413933534,"{'511880.SH': 0.24767192450358985, '511260.SH': 0.20209545517526756, '512890.SH': 0.5460133359072092}"
2019-12-17,1980107.432323931,8319.16080393118,0.0,0.004264327138666424,0.004201368404626152,"{'511880.SH': 0.24661544295446777, '511260.SH': 0.20087293926935326, '512890.SH': 0.5483102493715529}"
2019-12-18,1977403.8462439312,8319.16080393118,0.0,-0.001365373431696515,0.004207112684509734,"{'511880.SH': 0.2469719002355758, '511260.SH': 0.20114758083207138, '512890.SH': 0.5476734062478431}"
2019-12-19,1980332.774083931,8319.16080393118,0.0,0.0014811986158331791,0.004200890331565353,"{'511880.SH': 0.2466451192809976, '511260.SH': 0.2009061331543351, '512890.SH': 0.5482478572331021}"
2019-12-20,1981070.794643931,8319.16080393118,0.0,0.0003726750219248398,0.004199325347899255,"{'511880.SH': 0.24659892779238424, '511260.SH': 0.20115813179287526, '512890.SH': 0.5480436150668413}"
2019-12-23,1970848.350963931,8319.16080393118,0.0,-0.005160059755379587,0.0042211065097232485,"{'511880.SH': 0.247921505437504, '511260.SH': 0.20299938338955537, '512890.SH': 0.5448580046632174}"
2019-12-24,1973976.571523931,8319.16080393118,0.0,0.0015872456947132463,0.004214417194176067,"{'511880.SH': 0.24757447366394705, '511260.SH': 0.20282763522917835, '512890.SH': 0.5453834739126985}"
2019-12-25,1971633.456963931,8319.16080393118,0.0,-0.0011870022136033498,0.004219425661776731,"{'511880.SH': 0.24788319270691953, '511260.SH': 0.2032563398559387, '512890.SH': 0.5446410417753652}"
2019-12-26,1980329.978803931,8319.16080393118,0.0,0.00441082078886601,0.004200896261215892,"{'511880.SH': 0.24677297381275695, '511260.SH': 0.20262345381568764, '512890.SH': 0.5464026761103395}"
2019-12-27,1983117.192723931,8319.16080393118,0.0,0.001407449238173708,0.004194992022889131,"{'511880.SH': 0.24644536072459733, '511260.SH': 0.20234240390444763, '512890.SH': 0.547017243348066}"
2019-12-30,1999450.972163931,8319.16080393118,0.0,0.008236416637366961,0.004160722578222392,"{'511880.SH': 0.24438684326986207, '511260.SH': 0.20067648848911254, '512890.SH': 0.5507759456628031}"
2019-12-31,2006234.2811639311,8319.16080393118,0.0,0.0033925858120236185,0.0041466546963322545,"{'511880.SH': 0.24370499744244434, '511260.SH': 0.2000459287173382, '512890.SH': 0.5521024191438852}"
2020-01-02,2040464.2095684912,3232.072648491183,20000.0,0.007092854776813207,0.0015839888949459634,"{'511880.SH': 0.25193494426874175, '511260.SH': 0.19647426214095684, '512890.SH': 0.5500068046953555}"
2020-01-03,2038051.6006235313,21369.247023531236,0.0,-0.0011823823881087492,0.01048513541904112,"{'511880.SH': 0.3384798762646378, '511260.SH': 0.4519274682339785, '512890.SH': 0.1991075200823425}"
2020-01-06,2038945.8534235312,21369.247023531236,0.0,0.0004387782918382488,0.010480536787012168,"{'511880.SH': 0.3383449370377666, '511260.SH': 0.4523170629820691, '512890.SH': 0.19885746319315212}"
2020-01-07,2039794.7118235312,21369.247023531236,0.0,0.0004163221885342683,0.010476175322774322,"{'511880.SH': 0.33824465805345694, '511260.SH': 0.45185380404091274, '512890.SH': 0.199425362582856}"
2020-01-08,2034602.5702235312,21369.247023531236,0.0,-0.002545423600671226,0.010502909676941728,"{'511880.SH': 0.33914845744257055, '511260.SH': 0.4530236093718957, '512890.SH': 0.197325023508592}"
2020-01-09,2038465.3112235311,21369.247023531236,0.0,0.0018985236018724816,0.010483007439898474,"{'511880.SH': 0.33852269175275146, '511260.SH': 0.4522527290134041, '512890.SH': 0.19874157179394608}"
2020-01-10,2041135.1752235312,21369.247023531236,0.0,0.0013097421797172437,0.01046929536217072,"{'511880.SH': 0.3381473880701769, '511260.SH': 0.453389374321401, '512890.SH': 0.19799394224625136}"
2020-01-13,2042151.9808235313,21369.247023531236,0.0,0.0004981569140263264,0.010464082607071065,"{'511880.SH': 0.33800600556753935, '511260.SH': 0.45298464986281434, '512890.SH': 0.19854526196257524}"
2020-01-14,2041822.1038235312,21369.247023531236,0.0,-0.0001615340107385954,0.01046577318538918,"{'511880.SH': 0.33811121718548404, '511260.SH': 0.4526831687585083, '512890.SH': 0.19873984087061847}"
2020-01-15,2039860.6094235312,21369.247023531236,0.0,-0.0009606588136776839,0.01047583689042862,"{'511880.SH': 0.3384633534323277, '511260.SH': 0.4532684712517171, '512890.SH': 0.19779233842552657}"
2020-01-16,2036990.4858235312,21369.247023531236,0.0,-0.0014070194731644614,0.010490597365206593,"{'511880.SH': 0.33894701207741107, '511260.SH': 0.45379446120794525, '512890.SH': 0.19676792934943702}"
2020-01-17,2037304.2492235312,21369.247023531236,0.0,0.00015403282547654662,0.010488981717716244,"{'511880.SH': 0.33901990950209737, '511260.SH': 0.4540792080282453, '512890.SH': 0.19641190075194104}"
2020-01-20,2037848.6790235313,21369.247023531236,0.0,0.0002672304837176842,0.01048617949089854,"{'511880.SH': 0.338892155786031, '511260.SH': 0.45442505595839033, '512890.SH': 0.19619660876468015}"
2020-01-21,2033777.6374235312,21369.247023531236,0.0,-0.0019977153563486283,0.010507169825410527,"{'511880.SH': 0.3396111638217232, '511260.SH': 0.45639207695089024, '512890.SH': 0.19348958940197605}"
2020-01-22,2035421.0834235314,21369.247023531236,0.0,0.0008080755583890209,0.01049868609378294,"{'511880.SH': 0.3394384788615443, '511260.SH': 0.4565664606543872, '512890.SH': 0.19349637439028544}"
2020-01-23,2028578.8332235313,21369.247023531236,0.0,-0.003361589528438791,0.010534097405312193,"{'511880.SH': 0.3408855869313911, '511260.SH': 0.4595017382286208, '512890.SH': 0.18907857743467593}"
2020-02-03,2020774.9223735312,11435.787773531236,20000.0,-0.013706103206163278,0.005659110100247662,"{'511880.SH': 0.34207250245766124, '511260.SH': 0.4666266834370881, '512890.SH': 0.185641704005003}"
2020-02-04,2052381.7820491316,1707.8699691313086,0.0,0.01564095997315529,0.0008321404838363666,"{'511880.SH': 0.2510950041495073, '511260.SH': 0.19982953638894757, '512890.SH': 0.5482433189777086}"
2020-02-05,2059897.2620891314,1707.8699691313086,0.0,0.003661833341989773,0.0008291044415483132,"{'511880.SH': 0.25025616646394394, '511260.SH': 0.19915075744309108, '512890.SH': 0.5497639716514167}"
2020-02-06,2073420.1756491316,1707.8699691313086,0.0,0.006564848552828018,0.0008236969955193094,"{'511880.SH': 0.24864627620332472, '511260.SH': 0.19785545873332971, '512890.SH': 0.5526745680678261}"
2020-02-07,2067895.1769691315,1707.8699691313086,0.0,-0.002664678749096483,0.0008258977476965231,"{'511880.SH': 0.24936772073514904, '511260.SH': 0.19866142373914555, '512890.SH': 0.5511449577780088}"
2020-02-10,2085157.5027691312,1707.8699691313086,0.0,0.008347776034421939,0.0008190604147951524,"{'511880.SH': 0.24729097543721223, '511260.SH': 0.19735746554084824, '512890.SH': 0.5545324986071445}"
2020-02-11,2091626.1543691317,1707.8699691313086,0.0,0.0031022364456450013,0.0008165273538790826,"{'511880.SH': 0.2465016433854596, '511260.SH': 0.19689216408953014, '512890.SH': 0.555789665171131}"
2020-02-12,2097862.463409131,1707.8699691313086,0.0,0.0029815600780151996,0.0008141000656239089,"{'511880.SH': 0.2457835546578643, '511260.SH': 0.19630157228266634, '512890.SH': 0.5571007729938455}"
2020-02-13,2092308.6421291316,1707.8699691313086,0.0,-0.002647371492111139,0.0008162610117565549,"{'511880.SH': 0.2464555954016725, '511260.SH': 0.1966245761817245, '512890.SH': 0.5561035674048463}"
2020-02-14,2099609.3692491315,1707.8699691313086,0.0,0.003489316524817543,0.000813422722409589,"{'511880.SH': 0.24564264516710801, '511260.SH': 0.1959197296529068, '512890.SH': 0.5576242024575755}"
2020-02-17,2121692.7905291314,1707.8699691313086,0.0,0.010517871373329601,0.0008049562956309904,"{'511880.SH': 0.24306653765429717, '511260.SH': 0.1935648751003102, '512890.SH': 0.5625636309497615}"
2020-02-18,2114774.552489131,1707.8699691313086,0.0,-0.003260716193636548,0.0008075896161702495,"{'511880.SH': 0.24390783495710286, '511260.SH': 0.19382018736586182, '512890.SH': 0.5614643880608651}"
2020-02-19,2111647.0750891315,1707.8699691313086,0.0,-0.0014788703582226947,0.0008087857053760844,"{'511880.SH': 0.24430555238413817, '511260.SH': 0.1940616899643152, '512890.SH': 0.5608239719461705}"
2020-02-20,2125562.1357291313,1707.8699691313086,0.0,0.0065896715432016695,0.0008034909638364715,"{'511880.SH': 0.24269653523115772, '511260.SH': 0.19252318862916953, '512890.SH': 0.5639767851758363}"
2020-02-21,2127430.284129131,1707.8699691313086,0.0,0.0008788961605015189,0.0008027853988317316,"{'511880.SH': 0.24250755383563238, '511260.SH': 0.19272109787035152, '512890.SH': 0.5639685628951844}"
2020-02-24,2113877.1460891315,1707.8699691313086,0.0,-0.006370661422424817,0.0008079324630057268,"{'511880.SH': 0.24410854579447835, '511260.SH': 0.19436105866422776, '512890.SH': 0.560722463078288}"
2020-02-25,2102530.1854491313,1707.8699691313086,0.0,-0.005367842999293049,0.0008122927228112459,"{'511880.SH': 0.2454357226599185, '511260.SH': 0.1954240670805061, '512890.SH': 0.5583279175367641}"
2020-02-26,2110242.8216091315,1707.8699691313086,0.0,0.003668264176836411,0.0008093239089087388,"{'511880.SH': 0.24459708918541, '511260.SH': 0.19486937512074062, '512890.SH': 0.5597242117849405}"
2020-02-27,2118295.9306491315,1707.8699691313086,0.0,0.0038162001820525315,0.0008062471085463249,"{'511880.SH': 0.24368175060498676, '511260.SH': 0.1944918526439076, '512890.SH': 0.5610201496425592}"
2020-02-28,2091892.0771691315,1707.8699691313086,0.0,-0.012464667045793187,0.0008164235563445014,"{'511880.SH': 0.24688759656229797, '511260.SH': 0.19756755356102682, '512890.SH': 0.5547284263203307}"
2020-03-02,2153290.2583993115,9107.31319931131,20000.0,0.019789826483879835,0.0042294870205196585,"{'511880.SH': 0.24566123546819327, '511260.SH': 0.19195136298403837, '512890.SH': 0.5581579145272486}"
2020-03-03,2159181.837015231,18807.866535231326,0.0,0.0027360819531592195,0.00871064502896643,"{'511880.SH': 0.3383342514078617, '511260.SH': 0.4552505875831272, '512890.SH': 0.19770451598004465}"
2020-03-04,2166476.3648552313,18807.866535231326,0.0,0.0033783758805991937,0.008681316279436128,"{'511880.SH': 0.33720178542950147, '511260.SH': 0.45453013749623883, '512890.SH': 0.1995867607948236}"
2020-03-05,2173555.5648552314,18807.866535231326,0.0,0.00326761007636156,0.00865304151379448,"{'511880.SH': 0.3361035301476901, '511260.SH': 0.45393640537812324, '512890.SH': 0.20130702296039205}"
2020-03-06,2170838.6350152316,18807.866535231326,0.0,-0.001249993275502459,0.008663871294652613,"{'511880.SH': 0.3366011442277804, '511260.SH': 0.4562273694714536, '512890.SH': 0.19850761500611325}"
2020-03-09,2172232.202055231,18807.866535231326,0.0,0.0006419487001574353,0.008658313101811348,"{'511880.SH': 0.3364253300492314, '511260.SH': 0.4616184213875788, '512890.SH': 0.1932979354613784}"
2020-03-10,2169547.7236552313,18807.866535231326,0.0,-0.0012358155806087012,0.00866902641972956,"{'511880.SH': 0.33677464162392834, '511260.SH': 0.4586445318306011, '512890.SH': 0.19591180012574097}"
2020-03-11,2166154.921655231,18807.866535231326,0.0,-0.0015638291626440814,0.008682604529901125,"{'511880.SH': 0.3373859587852323, '511260.SH': 0.4594116469008447, '512890.SH': 0.1945197897840219}"
2020-03-12,2162064.3608552315,18807.866535231326,0.0,-0.0018883971589963577,0.008699031756756603,"{'511880.SH': 0.3380578800303994, '511260.SH': 0.46107859601629575, '512890.SH': 0.19216449219654816}"
2020-03-13,2146778.2165352316,18807.866535231326,0.0,-0.007070161553356047,0.008760973253020086,"{'511880.SH': 0.3404785572958158, '511260.SH': 0.4606560623649641, '512890.SH': 0.19010440708619997}"
2020-03-16,2137069.7670952315,18807.866535231326,0.0,-0.00452233461529572,0.008800773294732224,"{'511880.SH': 0.3420864923627094, '511260.SH': 0.46279406279950774, '512890.SH': 0.18631867154305057}"
2020-03-17,2133099.078455231,18807.866535231326,0.0,-0.0018580060890559524,0.00881715562356897,"{'511880.SH': 0.3427505169846448, '511260.SH': 0.461939349162154, '512890.SH': 0.18649297822963223}"
2020-03-18,2127056.9980552313,18807.866535231326,0.0,-0.00283253621973123,0.008842201479521876,"{'511880.SH': 0.3437412030747164, '511260.SH': 0.4635080305329927, '512890.SH': 0.18390856491276897}"
2020-03-19,2117410.0537352315,18807.866535231326,0.0,-0.004535348290534702,0.008882486650166405,"{'511880.SH': 0.34532101418435507, '511260.SH': 0.46435219208746886, '512890.SH': 0.18144430707800951}"
2020-03-20,2125012.0682152314,18807.866535231326,0.0,0.003590241987653453,0.008850710457860032,"{'511880.SH': 0.34415061101004907, '511260.SH': 0.4625667847738741, '512890.SH': 0.18443189375821675}"
2020-03-23,2118890.4991752314,18807.866535231326,0.0,-0.002880722011683212,0.008876280554635647,"{'511880.SH': 0.3451894436851274, '511260.SH': 0.46635349980786345, '512890.SH': 0.17958077595237346}"
2020-03-24,2130015.3960552313,18807.866535231326,0.0,0.005250340630783112,0.008829920464454539,"{'511880.SH': 0.34334903441281805, '511260.SH': 0.46468621862221265, '512890.SH': 0.18313482650051474}"
2020-03-25,2138565.8599752313,18807.866535231326,0.0,0.004014273293909243,0.008794616470427128,"{'511880.SH': 0.3419796449235706, '511260.SH': 0.4628653335050736, '512890.SH': 0.18636040510092866}"
2020-03-26,2137097.1878152313,18807.866535231326,0.0,-0.0006867556372648354,0.008800660373550317,"{'511880.SH': 0.34222146070374776, '511260.SH': 0.46386697135353117, '512890.SH': 0.18511090756917073}"
2020-03-27,2140386.2105352315,18807.866535231326,0.0,0.0015390141069637764,0.008787136845984526,"{'511880.SH': 0.3417498862586508, '511260.SH': 0.4632610671473389, '512890.SH': 0.18620190974802575}"
2020-03-30,2137674.0826952313,18807.866535231326,0.0,-0.0012671207778534033,0.008798285336143437,"{'511880.SH': 0.3421766779516523, '511260.SH': 0.4639640850907962, '512890.SH': 0.18506095162140804}"
2020-03-31,2137242.7218952314,18807.866535231326,0.0,-0.00020178978801854708,0.008800061098607075,"{'511880.SH': 0.34227972698922127, '511260.SH': 0.4645106472135485, '512890.SH': 0.1844095646986231}"
2020-04-01,2156583.1200952316,2307.625535231331,20000.0,-0.00030862278450760616,0.0010700378361161566,"{'511880.SH': 0.33924381942101695, '511260.SH': 0.460977363096536, '512890.SH': 0.19870877964633082}"
2020-04-02,2168335.3470192314,7900.801939231344,0.0,0.0054494662480160105,0.003643717725716376,"{'511880.SH': 0.25014767472459104, '511260.SH': 0.20312296278592817, '512890.SH': 0.5430856447637644}"
2020-04-03,2165199.0653392314,7900.801939231344,0.0,-0.0014464006613696956,0.0036489956354167786,"{'511880.SH': 0.2505746802153719, '511260.SH': 0.20341898675768819, '512890.SH': 0.5423573373915231}"
2020-04-07,2184492.850659231,7900.801939231344,0.0,0.008910859804466487,0.003616767130570859,"{'511880.SH': 0.24836403037724325, '511260.SH': 0.20244360143661852, '512890.SH': 0.5455756010555675}"
2020-04-08,2182098.1332192314,7900.801939231344,0.0,-0.0010962349633129032,0.0036207363083049595,"{'511880.SH': 0.248656338145305, '511260.SH': 0.2030518212058269, '512890.SH': 0.5446711043405631}"
2020-04-09,2184959.7304592314,7900.801939231344,0.0,0.0013113971349116849,0.0036159943037351837,"{'511880.SH': 0.24834793106505026, '511260.SH': 0.20257705157200778, '512890.SH': 0.5454590230592067}"
2020-04-10,2179163.6368592316,7900.801939231344,0.0,-0.0026527233061551803,0.0036256120493174857,"{'511880.SH': 0.24905790723556365, '511260.SH': 0.20291541787899434, '512890.SH': 0.5444010628361244}"
2020-04-13,2179525.9634592314,7900.801939231344,0.0,0.00016626865182178818,0.0036250093239043584,"{'511880.SH': 0.2490288579350308, '511260.SH': 0.20303557168809908, '512890.SH': 0.5443105610529657}"
2020-04-14,2189229.1340992316,7900.801939231344,0.0,0.004451963776838763,0.0036089424428759785,"{'511880.SH': 0.24793002418329663, '511260.SH': 0.2020679759416853, '512890.SH': 0.5463930574321421}"
2020-04-15,2183221.0487792315,7900.801939231344,0.0,-0.00274438395982346,0.003618874022696488,"{'511880.SH': 0.24860984513844583, '511260.SH': 0.20287950239746402, '512890.SH': 0.5448917784413937}"
2020-04-16,2182245.290059231,7900.801939231344,0.0,-0.000446935375850277,0.0036204921487157375,"{'511880.SH': 0.24873087850965978, '511260.SH': 0.203515297763775, '512890.SH': 0.5441333315778496}"
2020-04-17,2188419.5900592315,7900.801939231344,0.0,0.0028293336354652254,0.0036102774692386578,"{'511880.SH': 0.24802912137398148, '511260.SH': 0.20276468096686612, '512890.SH': 0.5455959201899137}"
2020-04-20,2191493.7432592316,7900.801939231344,0.0,0.0014047366482936585,0.003605213094280214,"{'511880.SH': 0.24770576826410168, '511260.SH': 0.2018627255317109, '512890.SH': 0.5468262931099072}"
2020-04-21,2180620.4670992317,7900.801939231344,0.0,-0.004961582114229035,0.0036231898482276368,"{'511880.SH': 0.24897054455432394, '511260.SH': 0.20286748963173384, '512890.SH': 0.5445387759657144}"
2020-04-22,2181760.3790192315,7900.801939231344,0.0,0.000522746593090595,0.0036212968276484138,"{'511880.SH': 0.24885527407188013, '511260.SH': 0.2032691601995999, '512890.SH': 0.5442542689008715}"
2020-04-23,2183900.5496592317,7900.801939231344,0.0,0.0009809375312619384,0.0036177480428145675,"{'511880.SH': 0.24861633365343516, '511260.SH': 0.20404500565263015, '512890.SH': 0.54372091265112}"
2020-04-24,2176284.1588192317,7900.801939231344,0.0,-0.0034875172503566754,0.003630409157376772,"{'511880.SH': 0.24951859097969248, '511260.SH': 0.20524654291576916, '512890.SH': 0.5416044569471615}"
2020-04-27,2186037.1000992316,7900.801939231344,0.0,0.0044814649964146636,0.003614212191948938,"{'511880.SH': 0.24841522503682548, '511260.SH': 0.2042808879957842, '512890.SH': 0.5436896747754413}"
2020-04-28,2187659.0413792315,7900.801939231344,0.0,0.0007419550564471411,0.0036115325970770126,"{'511880.SH': 0.2482408954814176, '511260.SH': 0.20436118770964354, '512890.SH': 0.5437863842118619}"
2020-04-29,2208812.132219231,7900.801939231344,0.0,0.009669281382469697,0.0035769460987581923,"{'511880.SH': 0.24583187603847603, '511260.SH': 0.20260713596785976, '512890.SH': 0.5479840418949061}"
2020-04-30,2219958.4973392314,7900.801939231344,0.0,0.0050463165053340475,0.0035589863273124173,"{'511880.SH': 0.24463637318036385, '511260.SH': 0.2011541659608613, '512890.SH': 0.5506504745314624}"
2020-05-06,2236975.2265847917,2632.0249847913437,20000.0,-0.0013438407781115602,0.0011765999701345276,"{'511880.SH': 0.2540849334606861, '511260.SH': 0.1992543747033333, '512890.SH': 0.545484091865846}"
2020-05-07,2228092.9405511916,8774.198951191385,0.0,-0.003970668037822089,0.00393798606489943,"{'511880.SH': 0.3401709272560689, '511260.SH': 0.4543883612635768, '512890.SH': 0.2015027254154548}"
2020-05-08,2228100.756551191,8774.198951191385,0.0,3.5079326616838102e-06,0.00393797225075795,"{'511880.SH': 0.34022032234007, '511260.SH': 0.4532563426634235, '512890.SH': 0.20258536274574862}"
2020-05-11,2226089.4861511914,8774.198951191385,0.0,-0.0009026837741005211,0.003941530206120141,"{'511880.SH': 0.3405580916294353, '511260.SH': 0.45146693619114553, '512890.SH': 0.20403344197329895}"
2020-05-12,2225754.4733511913,8774.198951191385,0.0,-0.0001504938602353567,0.003942123471498892,"{'511880.SH': 0.3406532407226417, '511260.SH': 0.45278646502398173, '512890.SH': 0.20261817078187772}"
2020-05-13,2224728.059751191,8774.198951191385,0.0,-0.00046115311113115176,0.0039439422327296365,"{'511880.SH': 0.3408306725293884, '511260.SH': 0.4519712400770701, '512890.SH': 0.20325414516081192}"
2020-05-14,2219059.2885511913,8774.198951191385,0.0,-0.002548073763511516,0.003954017360626718,"{'511880.SH': 0.34170812538094447, '511260.SH': 0.4529212920021602, '512890.SH': 0.20141656525626858}"
2020-05-15,2219743.1325511914,8774.198951191385,0.0,0.0003081684223256165,0.0039527992327233995,"{'511880.SH': 0.34163670673390906, '511260.SH': 0.45359969143942364, '512890.SH': 0.20081080259394393}"
2020-05-18,2217356.646951191,8774.198951191385,0.0,-0.001075117911168988,0.003957053531850947,"{'511880.SH': 0.34200779069200093, '511260.SH': 0.45210106429129016, '512890.SH': 0.2019340914848581}"
2020-05-19,2219894.3901511915,8774.198951191385,0.0,0.001144490311691504,0.0039525298996741,"{'511880.SH': 0.34162696863626424, '511260.SH': 0.4521735828755508, '512890.SH': 0.20224691858851088}"
2020-05-20,2219744.962151191,8774.198951191385,0.0,-6.73131121297077e-05,0.003952795974672768,"{'511880.SH': 0.34166689242759185, '511260.SH': 0.4530259634086317, '512890.SH': 0.2013543481891038}"
2020-05-21,2220220.019751191,8774.198951191385,0.0,0.00021401449630475966,0.003951950200041285,"{'511880.SH': 0.34160732452317716, '511260.SH': 0.45312946061658455, '512890.SH': 0.20131126466019705}"
2020-05-22,2216929.178151191,8774.198951191385,0.0,-0.0014822141818038315,0.003957816531833747,"{'511880.SH': 0.3421516964437145, '511260.SH': 0.45590973765020765, '512890.SH': 0.19798074937424412}"
2020-05-25,2215370.5645511914,8774.198951191385,0.0,-0.0007030506952412363,0.003960601035145078,"{'511880.SH': 0.34241276729867437, '511260.SH': 0.4547802142546339, '512890.SH': 0.19884641741154666}"
2020-05-26,2213268.4645511913,8774.198951191385,0.0,-0.0009488706014408876,0.003964362702366803,"{'511880.SH': 0.3427379812931206, '511260.SH': 0.4535353103689347, '512890.SH': 0.19976234563557796}"
2020-05-27,2214085.3221511915,8774.198951191385,0.0,0.0003690729855341246,0.003962900102994418,"{'511880.SH': 0.34262510826048376, '511260.SH': 0.4533599450561083, '512890.SH': 0.2000520465804135}"
2020-05-28,2218974.293351191,8774.198951191385,0.0,0.002208122311767813,0.00395416881461038,"{'511880.SH': 0.3418634441475887, '511260.SH': 0.45366460666819314, '512890.SH': 0.2005177803696079}"
2020-05-29,2214951.0381511915,8774.198951191385,0.0,-0.0018131148306019806,0.003961351199218907,"{'511880.SH': 0.34254208157724997, '511260.SH': 0.4529778233100219, '512890.SH': 0.20051874391350916}"
2020-06-01,2238783.0813511913,16712.170951191387,20000.0,0.0017300803196076409,0.007464846009603106,"{'511880.SH': 0.33888897799875106, '511260.SH': 0.45185663963006867, '512890.SH': 0.20178953636157718}"
2020-06-02,2236294.3238455513,12341.607485551387,0.0,-0.0011116563843862615,0.005518776018859919,"{'511880.SH': 0.2431575801815411, '511260.SH': 0.581287886008058, '512890.SH': 0.17003575779154095}"
2020-06-03,2234459.8064055513,12341.607485551387,0.0,-0.0008203381014917355,0.005523306998036644,"{'511880.SH': 0.24337649635094769, '511260.SH': 0.5807735705425647, '512890.SH': 0.17032662610845092}"
2020-06-04,2231173.9330055513,12341.607485551387,0.0,-0.0014705448675247368,0.005531441230548242,"{'511880.SH': 0.24374698784124188, '511260.SH': 0.5796896337246612, '512890.SH': 0.1710319372035486}"
2020-06-05,2228810.6540855514,12341.607485551387,0.0,-0.0010592087353836765,0.005537306393851105,"{'511880.SH': 0.24405134891244154, '511260.SH': 0.5798046584312482, '512890.SH': 0.17060668626245915}"
2020-06-08,2235582.995365551,12341.607485551387,0.0,0.0030385449152379174,0.0055205320093845815,"{'511880.SH': 0.2433216700107586, '511260.SH': 0.5800096004881165, '512890.SH': 0.1711481974917404}"
2020-06-09,2237051.7660055514,12341.607485551387,0.0,0.0006569966952894024,0.005516907419441791,"{'511880.SH': 0.24316672809557596, '511260.SH': 0.5795250783645848, '512890.SH': 0.1717912861203974}"
2020-06-10,2236676.839405551,12341.607485551387,0.0,-0.00016759853558057092,0.005517832200038096,"{'511880.SH': 0.24319545065105033, '511260.SH': 0.5794666342342344, '512890.SH': 0.17182008291467724}"
2020-06-11,2238714.507285551,12341.607485551387,0.0,0.0009110247149255457,0.005512809893975998,"{'511880.SH': 0.2429957451160664, '511260.SH': 0.5814885264572752, '512890.SH': 0.17000291853268248}"
2020-06-12,2240567.9017655514,12341.607485551387,0.0,0.0008278833562602728,0.0055082497057225045,"{'511880.SH': 0.24282838911120433, '511260.SH': 0.5814993595924198, '512890.SH': 0.17016400159065326}"
2020-06-15,2240733.3549655513,12341.607485551387,0.0,7.384431414436676e-05,0.0055078429828350215,"{'511880.SH': 0.24283449267811935, '511260.SH': 0.5830146621886136, '512890.SH': 0.16864300215043196}"
2020-06-16,2235105.8430455513,12341.607485551387,0.0,-0.0025114598787621123,0.005521710537311618,"{'511880.SH': 0.24343144073151232, '511260.SH': 0.5801645609019925, '512890.SH': 0.17088228782918358}"
2020-06-17,2235727.8136855513,12341.607485551387,0.0,0.00027827346160602673,0.0055201744192673,"{'511880.SH': 0.24336853657648638, '511260.SH': 0.5795206339827866, '512890.SH': 0.17159065502145981}"
2020-06-18,2235366.6815655516,12341.607485551387,0.0,-0.00016152776638955757,0.0055210662247626744,"{'511880.SH': 0.243429535998496, '511260.SH': 0.5786749935335238, '512890.SH': 0.17237440424321746}"
2020-06-19,2236940.3311255514,12341.607485551387,0.0,0.0007039782658375682,0.005517182248371156,"{'511880.SH': 0.24321736081634612, '511260.SH': 0.5784079181714123, '512890.SH': 0.17285753876387033}"
2020-06-22,2234543.725605551,12341.607485551387,0.0,-0.0010713765971550604,0.00552309956799206,"{'511880.SH': 0.2435119581168818, '511260.SH': 0.5791320998425779, '512890.SH': 0.17183284247254835}"
2020-06-23,2226827.8815655513,12341.607485551387,0.0,-0.003452984137917836,0.005542236823833341,"{'511880.SH': 0.24436296966851218, '511260.SH': 0.5782737007472184, '512890.SH': 0.17182109276043608}"
2020-06-24,2234633.138405551,12341.607485551387,0.0,0.0035051010922821924,0.005522878576103697,"{'511880.SH': 0.24359861203365374, '511260.SH': 0.5789012870913695, '512890.SH': 0.17197722229887313}"
2020-06-29,2233063.3439255515,12341.607485551387,0.0,-0.0007024842033442891,0.005526761038428853,"{'511880.SH': 0.24373609370310173, '511260.SH': 0.579547196240729, '512890.SH': 0.17118994901774037}"
2020-06-30,2235613.470525551,12341.607485551387,0.0,0.0011419857868952832,0.005520456755277157,"{'511880.SH': 0.24347011243944774, '511260.SH': 0.5783516770884577, '512890.SH': 0.17265775371681735}"
2020-07-01,2267390.6416055514,10030.45748555139,20000.0,0.005267981802431931,0.00442378887056214,"{'511880.SH': 0.24010303920743986, '511260.SH': 0.5806140220583227, '512890.SH': 0.1748591498636753}"
2020-07-02,2280282.329685551,10030.45748555139,0.0,0.005685693432549099,0.0043987787630379,"{'511880.SH': 0.23873143474960348, '511260.SH': 0.5781077118559197, '512890.SH': 0.17876207463143898}"
2020-07-03,2284756.4654455516,10030.45748555139,0.0,0.0019620972814438087,0.004390164832554853,"{'511880.SH': 0.23830636489908003, '511260.SH': 0.5763765284906173, '512890.SH': 0.18092694177774776}"
2020-07-06,2300022.8324455516,10030.45748555139,0.0,0.006681835561420657,0.004361025179426709,"{'511880.SH': 0.2366660744759742, '511260.SH': 0.5673434983306371, '512890.SH': 0.19162940201396192}"
2020-07-07,2293738.5131255514,10030.45748555139,0.0,-0.002732285624016284,0.004372973391759218,"{'511880.SH': 0.23742952935725084, '511260.SH': 0.5664851475286177, '512890.SH': 0.19171234972237233}"
2020-07-08,2290633.7608055514,10030.45748555139,0.0,-0.0013535772723148876,0.004378900572051273,"{'511880.SH': 0.2378077685925809, '511260.SH': 0.5653984596579693, '512890.SH': 0.1924148711773985}"
2020-07-09,2292153.8727255515,10030.45748555139,0.0,0.0006636206738983574,0.004375996570258342,"{'511880.SH': 0.23766415585016296, '511260.SH': 0.5640505270541245, '512890.SH': 0.19390932052545415}"
2020-07-10,2285836.1240455513,10030.45748555139,0.0,-0.0027562498116620038,0.004388091245928488,"{'511880.SH': 0.23844118168688924, '511260.SH': 0.5670136132533059, '512890.SH': 0.1901571138138764}"
2020-07-13,2294696.3295655516,10030.45748555139,0.0,0.003876133300544371,0.004371148093242659,"{'511880.SH': 0.23748766451514572, '511260.SH': 0.5638575280437944, '512890.SH': 0.19428365934781716}"
2020-07-14,2297740.0396055514,10030.45748555139,0.0,0.0013264108199344538,0.004365357835376929,"{'511880.SH': 0.23728323166340265, '511260.SH': 0.5653548171720084, '512890.SH': 0.19299659332921196}"
2020-07-15,2297889.8377255513,10030.45748555139,0.0,6.519367614177263e-05,0.004365073260204469,"{'511880.SH': 0.23736385064476018, '511260.SH': 0.5673463447187704, '512890.SH': 0.19092473137626498}"
2020-07-16,2295099.7753655515,10030.45748555139,0.0,-0.0012141845593266476,0.004370379707764029,"{'511880.SH': 0.2375984363438603, '511260.SH': 0.569377947759096, '512890.SH': 0.18865323618927962}"
2020-07-17,2289757.7130055516,10030.45748555139,0.0,-0.002327594825000112,0.004380575913591024,"{'511880.SH': 0.2380986653842874, '511260.SH': 0.5691654591215871, '512890.SH': 0.1883552995805344}"
2020-07-20,2305824.6561655514,10030.45748555139,0.0,0.00701687478493529,0.004350052142399865,"{'511880.SH': 0.2363531837612857, '511260.SH': 0.5646314851039239, '512890.SH': 0.19466527899239053}"
2020-07-21,2305566.0946855512,10030.45748555139,0.0,-0.00011213405985088798,0.004350539986111052,"{'511880.SH': 0.23640538367404182, '511260.SH': 0.5649967715098891, '512890.SH': 0.19424730482995797}"
2020-07-22,2313899.9002055516,10030.45748555139,0.0,0.0036146461119506146,0.004334870961643738,"{'511880.SH': 0.23552135624863813, '511260.SH': 0.5664500006606014, '512890.SH': 0.1936937721291167}"
2020-07-23,2311481.2506455514,10030.45748555139,0.0,-0.0010452697455863857,0.004339406812298425,"{'511880.SH': 0.23580740402189038, '511260.SH': 0.5677114619179857, '512890.SH': 0.19214172724782547}"
2020-07-24,2300230.4157655514,10030.45748555139,0.0,-0.004867370166579454,0.0043606316205557615,"{'511880.SH': 0.23699823919533977, '511260.SH': 0.5714372747142965, '512890.SH': 0.1872038544698079}"
2020-07-27,2297812.7864055512,10030.45748555139,0.0,-0.001051037906215857,0.004365219631857801,"{'511880.SH': 0.23725228275572058, '511260.SH': 0.5723055454213583, '512890.SH': 0.1860769521910634}"
2020-07-28,2297042.2010855516,10030.45748555139,0.0,-0.00033535600661571685,0.004366684025574771,"{'511880.SH': 0.2373295289665843, '511260.SH': 0.5709872458504088, '512890.SH': 0.18731654115743201}"
2020-07-29,2300719.6359655517,10030.45748555139,0.0,0.0016009435430754948,0.004359704384989903,"{'511880.SH': 0.23691273372005123, '511260.SH': 0.5692129451706947, '512890.SH': 0.18951461672426412}"
2020-07-30,2301943.957045552,10030.45748555139,0.0,0.0005321470121180116,0.0043573856152540995,"{'511880.SH': 0.23683117822716476, '511260.SH': 0.5677824588212321, '512890.SH': 0.19102897733634888}"
2020-07-31,2300623.4396055513,10030.45748555139,0.0,-0.0005736531664721767,0.004359886678052424,"{'511880.SH': 0.23698584163494343, '511260.SH': 0.5660464800894476, '512890.SH': 0.19260779159755664}"
2020-08-03,2333423.7734455513,7945.820685551393,20000.0,0.00556385439687368,0.003405219735898436,"{'511880.SH': 0.23365920882639984, '511260.SH': 0.5679654142046586, '512890.SH': 0.19497015723304315}"
2020-08-04,2334646.2358810315,18480.066921031404,0.0,0.0005238921662631402,0.007915574804016307,"{'511880.SH': 0.23902223830901467, '511260.SH': 0.5819703555589293, '512890.SH': 0.1710918313280396}"
2020-08-05,2334025.3147610314,18480.066921031404,0.0,-0.00026595940338081103,0.007917680585621019,"{'511880.SH': 0.23908110349571457, '511260.SH': 0.5828787680219697, '512890.SH': 0.17012244789669467}"
2020-08-06,2333733.7154010315,18480.066921031404,0.0,-0.00012493410339453614,0.007918669897544745,"{'511880.SH': 0.23915584061572806, '511260.SH': 0.5831624195248571, '512890.SH': 0.16976306996186996}"
2020-08-07,2332960.2365210312,18480.066921031404,0.0,-0.00033143407703106753,0.007921295284736334,"{'511880.SH': 0.23923985538317957, '511260.SH': 0.582638734566253, '512890.SH': 0.1702001147658311}"
2020-08-10,2337850.2998810317,18480.066921031404,0.0,0.0020960765997850572,0.007904726372758691,"{'511880.SH': 0.2387535818646746, '511260.SH': 0.5819777254639602, '512890.SH': 0.1713639662986064}"
2020-08-11,2334828.4632410314,18480.066921031404,0.0,-0.0012925706321547104,0.00791495701374943,"{'511880.SH': 0.23907674808158916, '511260.SH': 0.5820566355926362, '512890.SH': 0.17095165931202516}"
2020-08-12,2330313.9526810315,18480.066921031404,0.0,-0.0019335512784237618,0.00793029063734955,"{'511880.SH': 0.23953754605373764, '511260.SH': 0.5822658352274495, '512890.SH': 0.17026632808146328}"
2020-08-13,2337414.1794010317,18480.066921031404,0.0,0.003046897055150488,0.007906201256025138,"{'511880.SH': 0.23883820736599476, '511260.SH': 0.5819863300172977, '512890.SH': 0.1712692613606823}"
2020-08-14,2340224.105481032,18480.066921031404,0.0,0.0012021515505309388,0.007896708215999184,"{'511880.SH': 0.2385349493890702, '511260.SH': 0.5814925146753344, '512890.SH': 0.17207582771959612}"
2020-08-17,2352308.847721032,18480.066921031404,0.0,0.0051639252034436645,0.007856139698209823,"{'511880.SH': 0.23731887134669505, '511260.SH': 0.5789757587824691, '512890.SH': 0.17584923017262585}"
2020-08-18,2353053.6533210315,18480.066921031404,0.0,0.0003166274703771954,0.007853653015922172,"{'511880.SH': 0.23726717221769603, '511260.SH': 0.5789597691821673, '512890.SH': 0.1759194055842144}"
2020-08-19,2348828.8483610316,18480.066921031404,0.0,-0.0017954562804112228,0.00786777926962471,"{'511880.SH': 0.2377150560925746, '511260.SH': 0.5790637751018203, '512890.SH': 0.1753533895359803}"
2020-08-20,2341034.849001032,18480.066921031404,0.0,-0.0033182491629555333,0.007893973440385662,"{'511880.SH': 0.2385512041045886, '511260.SH': 0.5796413498838103, '512890.SH': 0.17391347257121526}"
2020-08-21,2340941.8334810315,18480.066921031404,0.0,-3.9732650729207286e-05,0.007894287101337816,"{'511880.SH': 0.23857951469451816, '511260.SH': 0.5798587904174848, '512890.SH': 0.1736674077866592}"
2020-08-24,2343379.822921031,18480.066921031404,0.0,0.0010414566501100175,0.007886074097026208,"{'511880.SH': 0.23832895143043165, '511260.SH': 0.5791610419809164, '512890.SH': 0.17462393249162572}"
2020-08-25,2337858.9074010313,18480.066921031404,0.0,-0.00235596272785088,0.00790469726916731,"{'511880.SH': 0.23891062831542784, '511260.SH': 0.5789082889970312, '512890.SH': 0.17427638541837362}"
2020-08-26,2330538.9552410315,18480.066921031404,0.0,-0.0031310495842271635,0.007929525005137767,"{'511880.SH': 0.2396941218526966, '511260.SH': 0.5799665768127913, '512890.SH': 0.17240977632937435}"
2020-08-27,2330748.8130010315,18480.066921031404,0.0,9.004687929725641e-05,0.007928811040447037,"{'511880.SH': 0.23966308293889613, '511260.SH': 0.5802679346894519, '512890.SH': 0.1721401713312049}"
2020-08-28,2333097.5285210316,18480.066921031404,0.0,0.001007708555679221,0.007920829153141344,"{'511880.SH': 0.23940292026886217, '511260.SH': 0.5780442024019926, '512890.SH': 0.1746320481760037}"
2020-08-31,2331486.9869210315,18480.066921031404,0.0,-0.0006903018756446722,0.007926300693376905,"{'511880.SH': 0.2396037477943346, '511260.SH': 0.5788602756828133, '512890.SH': 0.17360967582947515}"
2020-09-01,2354373.1541975713,3398.5279975714107,20000.0,0.0012379083789575418,0.0014434959010266634,"{'511880.SH': 0.24270074825702384, '511260.SH': 0.5846407556703273, '512890.SH': 0.17121500017162225}"
2020-09-02,2350471.2932475717,14403.722647571412,0.0,-0.0016572822974315615,0.006128014704519214,"{'511880.SH': 0.24314679878960074, '511260.SH': 0.5801086802962208, '512890.SH': 0.1706165062096592}"
2020-09-03,2352423.042647572,14403.722647571412,0.0,0.0008303651295835657,0.0061229304365938006,"{'511880.SH': 0.24292829548074393, '511260.SH': 0.5812298108001664, '512890.SH': 0.16971896328249567}"
2020-09-04,2350692.0574475713,14403.722647571412,0.0,-0.0007358307449889523,0.006127439194741341,"{'511880.SH': 0.2431215662593213, '511260.SH': 0.5817896885587713, '512890.SH': 0.16896130598716605}"
2020-09-07,2343060.4450475713,14403.722647571412,0.0,-0.0032465385569416805,0.006147396955983768,"{'511880.SH': 0.24396635759364468, '511260.SH': 0.5823986329009513, '512890.SH': 0.16748761254942035}"
2020-09-08,2349440.3018475715,14403.722647571412,0.0,0.002722873331537423,0.00613070382603231,"{'511880.SH': 0.24329427683286797, '511260.SH': 0.582659112012123, '512890.SH': 0.16791590732897674}"
2020-09-09,2346790.4808475715,14403.722647571412,0.0,-0.001127852024125131,0.006137626160120325,"{'511880.SH': 0.24358099407048373, '511260.SH': 0.5848281775475399, '512890.SH': 0.16545320222185603}"
2020-09-10,2346162.9462475716,14403.722647571412,0.0,-0.0002674012039511897,0.00613926780772349,"{'511880.SH': 0.24367737309737242, '511260.SH': 0.5853175723350171, '512890.SH': 0.16486578675988683}"
2020-09-11,2339260.6474475716,14403.722647571412,0.0,-0.0029419520119178255,0.006157382531650627,"{'511880.SH': 0.24443010462467715, '511260.SH': 0.5840602677135497, '512890.SH': 0.16535224513012253}"
2020-09-14,2334536.2412475715,14403.722647571412,0.0,-0.002019615131453989,0.006169843240417673,"{'511880.SH': 0.24495131345418983, '511260.SH': 0.5831919744678825, '512890.SH': 0.16568686883751}"
2020-09-15,2341175.5128475716,14403.722647571412,0.0,0.0028439359743894776,0.006152346361273942,"{'511880.SH': 0.2442614776473755, '511260.SH': 0.5837361583958178, '512890.SH': 0.16585001759553267}"
2020-09-16,2342547.1844475716,14403.722647571412,0.0,0.0005858901190760601,0.006148743872994026,"{'511880.SH': 0.2441232627443791, '511260.SH': 0.5835955019716688, '512890.SH': 0.16613249141095798}"
2020-09-17,2343067.6918475716,14403.722647571412,0.0,0.00022219718922023013,0.0061473779428940405,"{'511880.SH': 0.244076247216337, '511260.SH': 0.5831747860952933, '512890.SH': 0.16660158874547565}"
2020-09-18,2352236.9992475715,14403.722647571412,0.0,0.003913377079076019,0.006123414712113977,"{'511880.SH': 0.24313199596084045, '511260.SH': 0.5810122026127342, '512890.SH': 0.16973238671431132}"
2020-09-21,2355571.064647571,14403.722647571412,0.0,0.001417401988433209,0.006114747656626706,"{'511880.SH': 0.2428189709851001, '511260.SH': 0.5828324267539798, '512890.SH': 0.16823385460429335}"
2020-09-22,2352021.5954475715,14403.722647571412,0.0,-0.0015068402109663648,0.006123975509174905,"{'511880.SH': 0.24324771248162338, '511260.SH': 0.5846609583269249, '512890.SH': 0.16596735368227677}"
2020-09-23,2348435.8818475716,14403.722647571412,0.0,-0.0015245240974574026,0.0061333259123258045,"{'511880.SH': 0.24363831417439452, '511260.SH': 0.5842600220026182, '512890.SH': 0.16596833791066146}"
2020-09-24,2342482.9386475715,14403.722647571412,0.0,-0.0025348544731469413,0.006148912510708563,"{'511880.SH': 0.24424784768350447, '511260.SH': 0.5854907104646125, '512890.SH': 0.1641125293411744}"
2020-09-25,2338602.2398475716,14403.722647571412,0.0,-0.0016566604332411972,0.006159116074613114,"{'511880.SH': 0.24468689349981007, '511260.SH': 0.5856563278111248, '512890.SH': 0.163497662614452}"
2020-09-28,2341848.362829971,14066.392389971386,0.0,0.0013880611790617614,0.00600653424586939,"{'511880.SH': 0.09231732244983815, '511260.SH': 0.5855911175832041, '512890.SH': 0.1706159998835969, '511360.SH': 0.14546902583749138}"
2020-09-29,2339202.3281099717,14066.392389971386,0.0,-0.0011298915685564737,0.006013328655215877,"{'511880.SH': 0.09243631178099385, '511260.SH': 0.585241038600591, '512890.SH': 0.1706771984630268, '511360.SH': 0.14563212250017246}"
2020-09-30,2334422.931069971,14066.392389971386,0.0,-0.0020431738557058488,0.006025640085502469,"{'511880.SH': 0.09268210819914831, '511260.SH': 0.5852971977848713, '512890.SH': 0.1699701004128403, '511360.SH': 0.14602495351763767}"
2020-10-09,2358753.6019070116,9413.586227011388,20000.0,0.0018551354938307618,0.0039909154645914125,"{'511880.SH': 0.09712460661206081, '511260.SH': 0.5831469632470013, '512890.SH': 0.1712188164433469, '511360.SH': 0.14451869823299948}"
2020-10-12,2373446.6984554115,7669.795735411462,0.0,0.006229178213663644,0.0032315011499532732,"{'511880.SH': 0.042895887565647245, '511260.SH': 0.3513978218018399, '512890.SH': 0.471473827799981, '511360.SH': 0.13100096168257858}"
2020-10-13,2376465.2965354114,7669.795735411462,0.0,0.0012718204634485364,0.0032273964810649934,"{'511880.SH': 0.04284097939423999, '511260.SH': 0.35110178180023216, '512890.SH': 0.47193788254979807, '511360.SH': 0.13089195977466483}"
2020-10-14,2371540.134935411,7669.795735411462,0.0,-0.0020724736048872705,0.0032340990660148995,"{'511880.SH': 0.042938400113887734, '511260.SH': 0.3515104752898072, '512890.SH': 0.4711427749167865, '511360.SH': 0.13117425061350368}"
2020-10-15,2370274.6368554113,7669.795735411462,0.0,-0.0005336186646633934,0.003235825763037655,"{'511880.SH': 0.042961747780880376, '511260.SH': 0.35142881210807664, '512890.SH': 0.47103908662720373, '511360.SH': 0.1313345277208016}"
2020-10-16,2377908.386775411,7669.795735411462,0.0,0.0032206183204690486,0.0032254378587781396,"{'511880.SH': 0.04283478354610817, '511260.SH': 0.3510069625229983, '512890.SH': 0.4720055685248766, '511360.SH': 0.130927247547239}"
2020-10-19,2375445.905975411,7669.795735411462,0.0,-0.0010355658837384318,0.0032287814747194053,"{'511880.SH': 0.04288340558871664, '511260.SH': 0.3521322872037897, '512890.SH': 0.47072256926046563, '511360.SH': 0.13103295647230873}"
2020-10-20,2374092.7155754115,7669.795735411462,0.0,-0.0005696574258313714,0.003230621822430606,"{'511880.SH': 0.04290995847451944, '511260.SH': 0.35167994683713916, '512890.SH': 0.4709908727086029, '511360.SH': 0.1311886001573079}"
2020-10-21,2376826.6213354114,7669.795735411462,0.0,0.0011515581266325903,0.0032269058527719685,"{'511880.SH': 0.042861866610515234, '511260.SH': 0.35136816143988614, '512890.SH': 0.4715118847711061, '511360.SH': 0.13103118132572056}"
2020-10-22,2372774.6232554116,7669.795735411462,0.0,-0.0017047932918738962,0.003232416454660416,"{'511880.SH': 0.04293548427293416, '511260.SH': 0.3523813816134183, '512890.SH': 0.47018793486140065, '511360.SH': 0.1312627827975864}"
2020-10-23,2368118.925175411,7669.795735411462,0.0,-0.0019621324479662805,0.003238771353023728,"{'511880.SH': 0.04302031809169117, '511260.SH': 0.35288160198208823, '512890.SH': 0.46933453729215624, '511360.SH': 0.13152477128104073}"
2020-10-26,2362857.0386154116,7669.795735411462,0.0,-0.0022219688817400884,0.003245983828080354,"{'511880.SH': 0.04311908897361907, '511260.SH': 0.35320748837561794, '512890.SH': 0.4685979650503169, '511360.SH': 0.13182947377236567}"
2020-10-27,2360645.6501354114,7669.795735411462,0.0,-0.0009358960122682891,0.003249024577225941,"{'511880.SH': 0.043162028318038906, '511260.SH': 0.35438508102730804, '512890.SH': 0.46725352444858825, '511360.SH': 0.13195034162883887}"
2020-10-28,2357999.5616554115,7669.795735411462,0.0,-0.0011209172710220372,0.003252670551824426,"{'511880.SH': 0.043213013088291105, '511260.SH': 0.35472797094702563, '512890.SH': 0.46670661771769306, '511360.SH': 0.1320997276951657}"
2020-10-29,2369476.3808554113,7669.795735411462,0.0,0.004867184619806508,0.0032369158846152195,"{'511880.SH': 0.04300793455607712, '511260.SH': 0.35320866954489805, '512890.SH': 0.46906565897008684, '511360.SH': 0.13148082104432282}"
2020-10-30,2351713.0250154114,7669.795735411462,0.0,-0.007496743155374741,0.003261365504135523,"{'511880.SH': 0.04334258823069283, '511260.SH': 0.35582164622085055, '512890.SH': 0.4650899103613343, '511360.SH': 0.13248448968298682}"
2020-11-02,2386276.3874954116,10474.802535411462,20000.0,0.006192661402597999,0.004389601552570198,"{'511880.SH': 0.0427269806189607, '511260.SH': 0.35139399794342235, '512890.SH': 0.470914771603405, '511360.SH': 0.13057464828164175}"
2020-11-03,2390738.5125016915,5081.482421691646,0.0,0.0018699112264037865,0.0021254864951225196,"{'511880.SH': 0.11193688840523526, '511260.SH': 0.5904705983603471, '512890.SH': 0.17354695958189048, '511360.SH': 0.12192006715740468}"
2020-11-04,2394005.183661692,5081.482421691646,0.0,0.0013663858020933617,0.0021225862234430875,"{'511880.SH': 0.11181600736158985, '511260.SH': 0.5896541952515192, '512890.SH': 0.17461716576595118, '511360.SH': 0.12179004539749676}"
2020-11-05,2398498.1733816913,5081.482421691646,0.0,0.0018767669137320642,0.002118610086130339,"{'511880.SH': 0.11159887213197542, '511260.SH': 0.5884749113692088, '512890.SH': 0.17624691346084592, '511360.SH': 0.12156069295183962}"
2020-11-06,2400190.054421691,5081.482421691646,0.0,0.0007053918401007664,0.0021171166892931708,"{'511880.SH': 0.11154869653207924, '511260.SH': 0.5880014365529259, '512890.SH': 0.17690486601999758, '511360.SH': 0.1214278842057042}"
2020-11-09,2404056.8239816916,5081.482421691646,0.0,0.0016110264072117797,0.0021137114443391144,"{'511880.SH': 0.11135724367638275, '511260.SH': 0.5859428886822051, '512890.SH': 0.17935358087163236, '511360.SH': 0.12123257532544063}"
2020-11-10,2403380.7749816915,5081.482421691646,0.0,-0.0002812117389473512,0.0021143060120094185,"{'511880.SH': 0.11141592516152161, '511260.SH': 0.5859159791318241, '512890.SH': 0.17927383978649086, '511360.SH': 0.12127994990815404}"
2020-11-11,2405602.2058216915,5081.482421691646,0.0,0.0009242941705802643,0.002112353575912998,"{'511880.SH': 0.11133599842560675, '511260.SH': 0.5851408003341079, '512890.SH': 0.18014886208169784, '511360.SH': 0.12126198558267452}"
2020-11-12,2407817.3864616915,5081.482421691646,0.0,0.0009208424545998906,0.0021104102205852615,"{'511880.SH': 0.11125104650633016, '511260.SH': 0.5848576424100861, '512890.SH': 0.18063288455572407, '511360.SH': 0.12114801630727447}"
2020-11-13,2396091.2860616916,5081.482421691646,0.0,-0.004870012346422814,0.002120738242007368,"{'511880.SH': 0.11178451555585008, '511260.SH': 0.5859783423810048, '512890.SH': 0.17838276967424158, '511360.SH': 0.12173363414689622}"
2020-11-16,2411598.8054216914,5081.482421691646,0.0,0.006472006909840511,0.002107101069326952,"{'511880.SH': 0.11104824832303394, '511260.SH': 0.5827835031433619, '512890.SH': 0.1832041046822232, '511360.SH': 0.12085704278205414}"
2020-11-17,2412255.9560216917,5081.482421691646,0.0,0.00027249582249044835,0.0021065270495059987,"{'511880.SH': 0.111034350617473, '511260.SH': 0.5827786211868135, '512890.SH': 0.18315419592896098, '511360.SH': 0.12092630521724655}"
2020-11-18,2412109.2860616916,5081.482421691646,0.0,-6.080198895719313e-05,0.0021066551383284557,"{'511880.SH': 0.11104219248594593, '511260.SH': 0.5817155997483744, '512890.SH': 0.1842030966704036, '511360.SH': 0.12093245595694767}"
2020-11-19,2407507.3959416915,5081.482421691646,0.0,-0.0019078282010653869,0.0021106819568892893,"{'511880.SH': 0.11125116955881072, '511260.SH': 0.5822214304981301, '512890.SH': 0.1832555117976823, '511360.SH': 0.12116120618848754}"
2020-11-20,2408483.0564216916,5081.482421691646,0.0,0.0004052575213868703,0.0021098269336556003,"{'511880.SH': 0.11121920633229473, '511260.SH': 0.5816667035562969, '512890.SH': 0.1839607710000951, '511360.SH': 0.12104349217765766}"
2020-11-23,2417341.5267816912,5081.482421691646,0.0,0.003678028930442556,0.002102095366084592,"{'511880.SH': 0.11082142981949991, '511260.SH': 0.5802499913479018, '512890.SH': 0.18626375090633315, '511360.SH': 0.12056273256018073}"
2020-11-24,2413762.3971416918,5081.482421691646,0.0,-0.001480605698593429,0.002105212355494887,"{'511880.SH': 0.11099556237898953, '511260.SH': 0.5808876638646604, '512890.SH': 0.18524362651828674, '511360.SH': 0.1207679348825684}"
2020-11-25,2408315.1477416917,5081.482421691646,0.0,-0.002256746317056968,0.002109974031619831,"{'511880.SH': 0.11126299876960295, '511260.SH': 0.5823822523041466, '512890.SH': 0.18319404767839817, '511360.SH': 0.12105072721623242}"
2020-11-26,2409286.7777816914,5081.482421691646,0.0,0.0004034480457886236,0.0021091231100227644,"{'511880.SH': 0.11121921965915513, '511260.SH': 0.5820889455473013, '512890.SH': 0.18350978558354988, '511360.SH': 0.12107292609997101}"
2020-11-27,2411574.5382616916,5081.482421691646,0.0,0.0009495592227117822,0.002107122272635402,"{'511880.SH': 0.11112679769507462, '511260.SH': 0.5813562789606231, '512890.SH': 0.18450344077721267, '511360.SH': 0.12090636029445416}"
2020-11-30,2417238.7489416916,5081.482421691646,0.0,0.002348760359728752,0.002102184744438838,"{'511880.SH': 0.11088489568411493, '511260.SH': 0.5807988973429556, '512890.SH': 0.1854949992822641, '511360.SH': 0.12071902294622655}"
2020-12-01,2433864.0506016915,3133.9141216916432,20000.0,-0.001396096410202552,0.0012876290772760655,"{'511880.SH': 0.11012637966107346, '511260.SH': 0.5854599806623273, '512890.SH': 0.18319942721935126, '511360.SH': 0.11992658337997195}"
2020-12-02,2433967.9895893317,24265.077589331646,0.0,4.2705338292980954e-05,0.009969349512039287,"{'511880.SH': 0.07866451523559478, '511260.SH': 0.5761180122326068, '512890.SH': 0.16978990757792475, '511360.SH': 0.1654582154418343}"
2020-12-03,2428352.8113893317,24265.077589331646,0.0,-0.0023070057716524373,0.009992402041221055,"{'511880.SH': 0.07885647130922553, '511260.SH': 0.5773289587182757, '512890.SH': 0.16803736182245296, '511360.SH': 0.16578480610882482}"
2020-12-04,2432722.3335893317,24265.077589331646,0.0,0.001799377001359126,0.00997445423766469,"{'511880.SH': 0.07873568362296057, '511260.SH': 0.5782493055524637, '512890.SH': 0.16749761959014675, '511360.SH': 0.16554293699676423}"
2020-12-07,2425547.8051893315,24265.077589331646,0.0,-0.0029491768546452413,0.010003957678103805,"{'511880.SH': 0.07897322295202006, '511260.SH': 0.5791734127006185, '512890.SH': 0.1657261090216372, '511360.SH': 0.16612329764762052}"
2020-12-08,2428947.6409893315,24265.077589331646,0.0,0.0014016775067167142,0.009989954982911145,"{'511880.SH': 0.07886500316737019, '511260.SH': 0.580143917563429, '512890.SH': 0.16513670086219934, '511360.SH': 0.1658644234240904}"
2020-12-09,2423401.3195893317,24265.077589331646,0.0,-0.00228342567225559,0.010012818509747941,"{'511880.SH': 0.07904627287751985, '511260.SH': 0.5809223543043075, '512890.SH': 0.16372335724701018, '511360.SH': 0.16629519706141455}"
2020-12-10,2421588.755389332,24265.077589331646,0.0,-0.0007479422352988374,0.010020313125145156,"{'511880.SH': 0.07910776649159028, '511260.SH': 0.581203888095243, '512890.SH': 0.16324836292710743, '511360.SH': 0.16641966936091407}"
2020-12-11,2419800.8059893316,24265.077589331646,0.0,-0.0007383373399059145,0.010027716963012957,"{'511880.SH': 0.07918252110907212, '511260.SH': 0.580728792436891, '512890.SH': 0.16348858096948007, '511360.SH': 0.1665723885215439}"
2020-12-14,2414504.9133893317,24265.077589331646,0.0,-0.0021885655161746342,0.010049711414863034,"{'511880.SH': 0.079363199775399, '511260.SH': 0.5811808425894588, '512890.SH': 0.16240886395610704, '511360.SH': 0.1669973822641721}"
2020-12-15,2413847.977989332,24265.077589331646,0.0,-0.0002720787174036454,0.010052446471605797,"{'511880.SH': 0.07939335954355903, '511260.SH': 0.5814980946601284, '512890.SH': 0.16197349773686864, '511360.SH': 0.16708260158783805}"
2020-12-16,2412733.8923893315,24265.077589331646,0.0,-0.0004615392560588516,0.010057088212617566,"{'511880.SH': 0.07943313409097424, '511260.SH': 0.581793128710893, '512890.SH': 0.16156850170242326, '511360.SH': 0.16714814728309207}"
2020-12-17,2412879.4915893315,24265.077589331646,0.0,6.0346149427958906e-05,0.01005648134269174,"{'511880.SH': 0.0794065408852212, '511260.SH': 0.5812752791380231, '512890.SH': 0.16215845066604487, '511360.SH': 0.16710324796801912}"
2020-12-18,2416284.5351893315,24265.077589331646,0.0,0.0014111950521644712,0.010042309684952034,"{'511880.SH': 0.07931485502181689, '511260.SH': 0.5804614396913732, '512890.SH': 0.16324741323111275, '511360.SH': 0.16693398237074514}"
2020-12-21,2415624.6853893315,24265.077589331646,0.0,-0.000273084477589558,0.010045052832957282,"{'511880.SH': 0.07934196440334425, '511260.SH': 0.5805352166178825, '512890.SH': 0.16293259560582987, '511360.SH': 0.16714517053998607}"
2020-12-22,2410056.4075893317,24265.077589331646,0.0,-0.002305108833205338,0.010068261270947962,"{'511880.SH': 0.07954632488944928, '511260.SH': 0.5829758986451946, '512890.SH': 0.15982671558517136, '511360.SH': 0.16758279960923675}"
2020-12-23,2411264.7149893316,24265.077589331646,0.0,0.0005013606304793417,0.01006321597064427,"{'511880.SH': 0.0795134753178057, '511260.SH': 0.5830341195061282, '512890.SH': 0.15962660491289235, '511360.SH': 0.16776258429252955}"
2020-12-24,2408003.7297893316,24265.077589331646,0.0,-0.0013523961843461274,0.01007684385582514,"{'511880.SH': 0.07963519733284492, '511260.SH': 0.5838715208813249, '512890.SH': 0.158640950291809, '511360.SH': 0.16777548763819605}"
2020-12-25,2413144.0441893316,24265.077589331646,0.0,0.0021346787533629286,0.010055378852232264,"{'511880.SH': 0.07946867782790097, '511260.SH': 0.5833438759653067, '512890.SH': 0.15974214259120117, '511360.SH': 0.16738992476335895}"
2020-12-28,2411316.9515893315,24265.077589331646,0.0,-0.0007571419552843128,0.010062997970191436,"{'511880.SH': 0.07953590417617687, '511260.SH': 0.5839132840135214, '512890.SH': 0.15890304248367285, '511360.SH': 0.1675847713564375}"
2020-12-29,2412415.4519893317,24265.077589331646,0.0,0.00045556035231131276,0.010058415754766502,"{'511880.SH': 0.07951058937291546, '511260.SH': 0.5846502097459775, '512890.SH': 0.1582308717535474, '511360.SH': 0.16754991337279307}"
2020-12-30,2414401.7803893317,24265.077589331646,0.0,0.0008233774155119722,0.010050140695894785,"{'511880.SH': 0.07944050752359505, '511260.SH': 0.5844873092217653, '512890.SH': 0.15858015145195084, '511360.SH': 0.16744189110679397}"
2020-12-31,2414238.9915893315,24265.077589331646,0.0,-6.742407221638214e-05,0.010050818362997925,"{'511880.SH': 0.07948621270244255, '511260.SH': 0.5837632499971375, '512890.SH': 0.1591902050041011, '511360.SH': 0.167509513933321}"
2021-01-04,2430795.2957393317,17764.93413933165,20000.0,-0.0014264105011959627,0.007308280615183767,"{'511880.SH': 0.07895192241666255, '511260.SH': 0.5794343943600588, '512890.SH': 0.16795984454784044, '511360.SH': 0.16634555806025428}"
2021-01-05,2431826.8048330913,21566.164033091627,0.0,0.00042435045664590554,0.008868297688893936,"{'511880.SH': 0.06840690318462778, '511260.SH': 0.40334656976828664, '512890.SH': 0.4570183196398644, '511360.SH': 0.06235990971832733}"
2021-01-06,2444894.2009130917,21566.164033091627,0.0,0.00537348961448636,0.008820898681438786,"{'511880.SH': 0.06806913641410194, '511260.SH': 0.4020280303470439, '512890.SH': 0.45905593770922265, '511360.SH': 0.06202599684819269}"
2021-01-07,2446539.3402730916,21566.164033091627,0.0,0.0006728877508832554,0.008814967197986825,"{'511880.SH': 0.06803829944603275, '511260.SH': 0.4017067634360203, '512890.SH': 0.4594360619905389, '511360.SH': 0.06200390792942134}"
2021-01-08,2448409.0749930916,21566.164033091627,0.0,0.0007642365234934445,0.008808235622616485,"{'511880.SH': 0.06798227169635436, '511260.SH': 0.40147269916599765, '512890.SH': 0.45977349598051803, '511360.SH': 0.06196329753451354}"
2021-01-11,2438013.909713092,21566.164033091627,0.0,-0.0042456815677458515,0.008845792038827849,"{'511880.SH': 0.0682680459766477, '511260.SH': 0.40305672419877225, '512890.SH': 0.4575865607474264, '511360.SH': 0.06224287703832584}"
2021-01-12,2440282.4446730916,21566.164033091627,0.0,0.000930484830690137,0.008837568815105213,"{'511880.SH': 0.06821615301268966, '511260.SH': 0.4028972146835693, '512890.SH': 0.45785175500439895, '511360.SH': 0.06219730848423688}"
2021-01-13,2440792.5488330917,21566.164033091627,0.0,0.0002090348849221879,0.008835721841006974,"{'511880.SH': 0.0681896480221439, '511260.SH': 0.4037173091466135, '512890.SH': 0.4570656365422591, '511360.SH': 0.062191684447976535}"
2021-01-14,2439620.4879530915,21566.164033091627,0.0,-0.0004801968444883009,0.00883996676515298,"{'511880.SH': 0.06822172741287463, '511260.SH': 0.4044621304307446, '512890.SH': 0.4562490786974412, '511360.SH': 0.062227096693786656}"
2021-01-15,2449551.2446730915,21566.164033091627,0.0,0.004070615396549737,0.00880412854394878,"{'511880.SH': 0.06795803149740436, '511260.SH': 0.40341462631122854, '512890.SH': 0.45783920725841826, '511360.SH': 0.06198400638900008}"
2021-01-18,2453127.7143530915,21566.164033091627,0.0,0.0014600509737354717,0.008791292808323593,"{'511880.SH': 0.06786640147021589, '511260.SH': 0.40190133364499264, '512890.SH': 0.4595760723763637, '511360.SH': 0.06186489970010425}"
2021-01-19,2463166.131713092,21566.164033091627,0.0,0.004092089173044711,0.00875546466615823,"{'511880.SH': 0.06758779504824382, '511260.SH': 0.3998804170447765, '512890.SH': 0.46215015111802243, '511360.SH': 0.061626172122799}"
2021-01-20,2453305.6796330917,21566.164033091627,0.0,-0.0040031616028848305,0.008790655079034827,"{'511880.SH': 0.06786554035325122, '511260.SH': 0.40226760496783887, '512890.SH': 0.4591992793040303, '511360.SH': 0.06187692029584473}"
2021-01-21,2454198.8405130915,21566.164033091627,0.0,0.00036406424499602075,0.008787455880544243,"{'511880.SH': 0.06784151867873554, '511260.SH': 0.4021429656423698, '512890.SH': 0.45937549207068257, '511360.SH': 0.06185256772766789}"
2021-01-22,2437712.740753092,21566.164033091627,0.0,-0.006717507761739849,0.008846884898517251,"{'511880.SH': 0.06831599717879466, '511260.SH': 0.40568775125426787, '512890.SH': 0.4548778785384841, '511360.SH': 0.062271488129936034}"
2021-01-25,2427217.1842730916,21566.164033091627,0.0,-0.004305493549152883,0.008885139810655349,"{'511880.SH': 0.06861414022572364, '511260.SH': 0.40725865258573457, '512890.SH': 0.4526790627222163, '511360.SH': 0.06256300465567013}"
2021-01-26,2419900.5669130916,21566.164033091627,0.0,-0.0030144057183705275,0.008912004207099372,"{'511880.SH': 0.06882365546632864, '511260.SH': 0.4068423361939557, '512890.SH': 0.4526549623471945, '511360.SH': 0.06276704178542183}"
2021-01-27,2419928.8495530915,21566.164033091627,0.0,1.1687521539682777e-05,0.008911900049075588,"{'511880.SH': 0.06882491010045953, '511260.SH': 0.4065176131858902, '512890.SH': 0.4529978640497833, '511360.SH': 0.06274771261479134}"
2021-01-28,2406006.3060330916,21566.164033091627,0.0,-0.005753286309459482,0.008963469455177318,"{'511880.SH': 0.06922040959842331, '511260.SH': 0.4087330933148744, '512890.SH': 0.4500158612573097, '511360.SH': 0.06306716637421524}"
2021-01-29,2402458.8324330915,21566.164033091627,0.0,-0.0014744240657660335,0.008976704924949945,"{'511880.SH': 0.06934336029029113, '511260.SH': 0.4085438579632082, '512890.SH': 0.44997890719532546, '511360.SH': 0.06315716962622532}"
2021-02-01,2438259.634353092,13860.31803309163,20000.0,0.006576929313705682,0.005684512772065386,"{'511880.SH': 0.06833132697298007, '511260.SH': 0.40376073414396496, '512890.SH': 0.4600009712655471, '511360.SH': 0.06222245484544234}"
2021-02-02,2433479.6728499318,21969.332529931715,0.0,-0.0019603988992042964,0.009027949883880754,"{'511880.SH': 0.08427620851248721, '511260.SH': 0.2002663122430173, '512890.SH': 0.5318161127207446, '511360.SH': 0.17461341663987015}"
2021-02-03,2431265.8443699316,21969.332529931715,0.0,-0.0009097378148252844,0.009036170429821968,"{'511880.SH': 0.08437144474143665, '511260.SH': 0.20028940937398643, '512890.SH': 0.5314770093909112, '511360.SH': 0.1748259660638437}"
2021-02-04,2424368.876849932,21969.332529931715,0.0,-0.0028367804927506013,0.009061876985682659,"{'511880.SH': 0.084613998421948, '511260.SH': 0.20084286869441612, '512890.SH': 0.5300990341328948, '511360.SH': 0.17538222176505827}"
2021-02-05,2441998.6133299316,21969.332529931715,0.0,0.007271886984008047,0.008996455776022793,"{'511880.SH': 0.08402657547794314, '511260.SH': 0.19882713992942005, '512890.SH': 0.5340595579706813, '511360.SH': 0.17409027084593276}"
2021-02-08,2442075.180849932,21969.332529931715,0.0,3.135444859903025e-05,0.008996173705956742,"{'511880.SH': 0.08402142977784471, '511260.SH': 0.1984191165774664, '512890.SH': 0.5344526696945306, '511360.SH': 0.17411061024420132}"
2021-02-09,2446534.9523699316,21969.332529931715,0.0,0.001826222040570924,0.00897977464358327,"{'511880.SH': 0.08388664941867861, '511260.SH': 0.1982048936314063, '512890.SH': 0.5351148565164844, '511360.SH': 0.17381382578984744}"
2021-02-10,2456242.360369932,21969.332529931715,0.0,0.003967819053881438,0.008944285337796608,"{'511880.SH': 0.0835967293590177, '511260.SH': 0.19789089539470114, '512890.SH': 0.5362599478178613, '511360.SH': 0.17330814209062326}"
2021-02-18,2482604.883729932,21969.332529931715,0.0,0.010732867320157213,0.008849306900953325,"{'511880.SH': 0.0827057308013965, '511260.SH': 0.19561759633307405, '512890.SH': 0.541450920687961, '511360.SH': 0.17137644527661508}"
2021-02-19,2506205.690289932,21969.332529931715,0.0,0.009506469077971591,0.00876597344545578,"{'511880.SH': 0.08193994553425621, '511260.SH': 0.19393523918771885, '512890.SH': 0.5455375850821851, '511360.SH': 0.16982125675038404}"
2021-02-22,2520818.122769932,21969.332529931715,0.0,0.00583050008090491,0.008715159706084356,"{'511880.SH': 0.08146739678876191, '511260.SH': 0.19262952595184826, '512890.SH': 0.5483310705816254, '511360.SH': 0.16885684697168}"
2021-02-23,2506736.082609932,21969.332529931715,0.0,-0.00558629757252227,0.008764118680997308,"{'511880.SH': 0.08194462572467147, '511260.SH': 0.19401005290259635, '512890.SH': 0.5454221565185615, '511360.SH': 0.16985904617317332}"
2021-02-24,2504956.482609932,21969.332529931715,0.0,-0.0007099271488314463,0.008770344987008202,"{'511880.SH': 0.08200284176832413, '511260.SH': 0.19421814445778468, '512890.SH': 0.5450105059619877, '511360.SH': 0.16999816282489522}"
2021-02-25,2537007.2800499317,21969.332529931715,0.0,0.012794951793576148,0.00865954650689821,"{'511880.SH': 0.08097412614281375, '511260.SH': 0.1917229027385475, '512890.SH': 0.5507498583025351, '511360.SH': 0.16789356630920538}"
2021-02-26,2510587.277489932,21969.332529931715,0.0,-0.010413845781112596,0.008750674683533211,"{'511880.SH': 0.08183358005598113, '511260.SH': 0.19356347590746076, '512890.SH': 0.5461801755687018, '511360.SH': 0.16967209378432307}"
2021-03-01,2545939.6930599315,9724.518179931714,20000.0,0.006115069453131783,0.0038196184326125746,"{'511880.SH': 0.08070689004932495, '511260.SH': 0.1992537377781707, '512890.SH': 0.5448861981222679, '511360.SH': 0.17133355561762384}"
2021-03-02,2549280.408573972,31670.467373971827,0.0,0.0013121738598707022,0.012423296890940214,"{'511880.SH': 0.07557483302033918, '511260.SH': 0.5770959895396345, '512890.SH': 0.1676904582807865, '511360.SH': 0.16721542226829958}"
2021-03-03,2556954.438173972,31670.467373971827,0.0,0.003010272849620632,0.01238601161645611,"{'511880.SH': 0.07535850773219359, '511260.SH': 0.5746357768694936, '512890.SH': 0.17094555674294742, '511360.SH': 0.16667414703890918}"
2021-03-04,2557170.511773972,31670.467373971827,0.0,8.450428242823271e-05,0.012384965033873024,"{'511880.SH': 0.0753326551800263, '511260.SH': 0.5745404122389872, '512890.SH': 0.17105234007119766, '511360.SH': 0.1666896274759157}"
2021-03-05,2552523.888973972,31670.467373971827,0.0,-0.001817095410183045,0.012407510664553381,"{'511880.SH': 0.07548705907604722, '511260.SH': 0.5762793078466657, '512890.SH': 0.16881330743321943, '511360.SH': 0.1670128149795142}"
2021-03-08,2551821.487373972,31670.467373971827,0.0,-0.00027517924632713964,0.012410925893787056,"{'511880.SH': 0.0755123432236232, '511260.SH': 0.5771102748709541, '512890.SH': 0.16788791932341565, '511360.SH': 0.1670785366882199}"
2021-03-09,2548957.3037739717,31670.467373971827,0.0,-0.0011224075093699826,0.012424871663044616,"{'511880.SH': 0.0755979459187863, '511260.SH': 0.5779309436917225, '512890.SH': 0.1667387677976138, '511360.SH': 0.16730747092883286}"
2021-03-10,2546884.5677739717,31670.467373971827,0.0,-0.0008131701527253066,0.012434983420411728,"{'511880.SH': 0.07566699442858413, '511260.SH': 0.5789287110442981, '512890.SH': 0.1655355744561627, '511360.SH': 0.16743373665054329}"
2021-03-11,2554280.0825739717,31670.467373971827,0.0,0.00290374950383554,0.012398979888711813,"{'511880.SH': 0.07545316448061, '511260.SH': 0.5765704043371485, '512890.SH': 0.1685758750332855, '511360.SH': 0.1670015762602442}"
2021-03-12,2563436.494173972,31670.467373971827,0.0,0.00358473280297944,0.012354691620389508,"{'511880.SH': 0.07519785539376725, '511260.SH': 0.5743345323147615, '512890.SH': 0.1717226079134243, '511360.SH': 0.1663903127576574}"
2021-03-15,2564739.1025739717,31670.467373971827,0.0,0.0005081492765512952,0.012348416781335518,"{'511880.SH': 0.0751828265910094, '511260.SH': 0.573648718703374, '512890.SH': 0.1724814814715608, '511360.SH': 0.1663385564527204}"
2021-03-16,2566058.005773972,31670.467373971827,0.0,0.0005142445867793999,0.012342069938679898,"{'511880.SH': 0.07513522218366513, '511260.SH': 0.5730066104084459, '512890.SH': 0.17323848447686135, '511360.SH': 0.1662776129923477}"
2021-03-17,2562673.407373972,31670.467373971827,0.0,-0.001318987486792711,0.012358370474693167,"{'511880.SH': 0.07522996861217521, '511260.SH': 0.5735194721929388, '512890.SH': 0.17237857884226887, '511360.SH': 0.1665136098779241}"
2021-03-18,2561318.790973972,31670.467373971827,0.0,-0.0005285950196002309,0.01236490650268831,"{'511880.SH': 0.07526900762192515, '511260.SH': 0.5729036952256957, '512890.SH': 0.1728328396918002, '511360.SH': 0.16662955095789053}"
2021-03-19,2557754.369773972,31670.467373971827,0.0,-0.0013916351266235472,0.012382137920761538,"{'511880.SH': 0.07538663785648797, '511260.SH': 0.5743364637980527, '512890.SH': 0.17101329399298565, '511360.SH': 0.16688146643171212}"
2021-03-22,2564013.650173972,31670.467373971827,0.0,0.002447178069156397,0.012351910596038731,"{'511880.SH': 0.07521082533508175, '511260.SH': 0.5734116118688535, '512890.SH': 0.17253028273464324, '511360.SH': 0.1664953694653827}"
2021-03-23,2558349.7813739716,31670.467373971827,0.0,-0.0022089854317335345,0.012379256192623934,"{'511880.SH': 0.07538332537798074, '511260.SH': 0.574837033898543, '512890.SH': 0.17048880617323298, '511360.SH': 0.16691157835761936}"
2021-03-24,2555803.4797739717,31670.467373971827,0.0,-0.0009952906434210762,0.012391589425636387,"{'511880.SH': 0.075462927383234, '511260.SH': 0.5760758257243664, '512890.SH': 0.16896056501112122, '511360.SH': 0.16710909245564193}"
2021-03-25,2555890.812573972,31670.467373971827,0.0,3.4170389347831787e-05,0.012391166014669192,"{'511880.SH': 0.0754618484683089, '511260.SH': 0.5762903065943747, '512890.SH': 0.16871221488751292, '511360.SH': 0.1671444640351341}"
2021-03-26,2558122.643773972,31670.467373971827,0.0,0.0008732106978202037,0.012380355355929578,"{'511880.SH': 0.07540200500920274, '511260.SH': 0.5753455971245623, '512890.SH': 0.16989803090863914, '511360.SH': 0.1669740116016661}"
2021-03-29,2565168.0585739715,31670.467373971827,0.0,0.002754134879790371,0.012346351837695217,"{'511880.SH': 0.07520013768892693, '511260.SH': 0.5736616729969957, '512890.SH': 0.17221093897667575, '511360.SH': 0.16658089849970653}"
2021-03-30,2565047.358573972,31670.467373971827,0.0,-4.705344727662375e-05,0.012346932803446913,"{'511880.SH': 0.07520367628114383, '511260.SH': 0.5741397698086711, '512890.SH': 0.1717356206026932, '511360.SH': 0.16657400050404494}"
2021-03-31,2567267.0521739717,31670.467373971827,0.0,0.0008653616443299317,0.01233625747938967,"{'511880.SH': 0.07515656956552758, '511260.SH': 0.5747053851490077, '512890.SH': 0.171345633726534, '511360.SH': 0.16645615407954115}"
2021-04-01,2588309.6946378117,6426.224237811828,20000.0,0.00040612933623607184,0.0024827879952406796,"{'511880.SH': 0.07952157766375859, '511260.SH': 0.5779843513700316, '512890.SH': 0.1710305381605215, '511360.SH': 0.16898074481044775}"
2021-04-02,2583671.876832212,12867.829952211847,0.0,-0.0017918326447596833,0.0049804427828462625,"{'511880.SH': 0.17927676924978214, '511260.SH': 0.39890332407985224, '512890.SH': 0.20815212830329746, '511360.SH': 0.2086873355842218}"
2021-04-06,2583570.1717122123,12867.829952211847,0.0,-3.936456518016662e-05,0.004980638843528657,"{'511880.SH': 0.17929806855333202, '511260.SH': 0.39881823659433974, '512890.SH': 0.20816032244387822, '511360.SH': 0.20874273356492118}"
2021-04-07,2588109.565952212,12867.829952211847,0.0,0.0017570237842587932,0.004971903091543785,"{'511880.SH': 0.17899958413451267, '511260.SH': 0.3982444999853732, '512890.SH': 0.20940944971183928, '511360.SH': 0.208374563076731}"
2021-04-08,2586589.465952212,12867.829952211847,0.0,-0.0005873398947238151,0.004974825004738338,"{'511880.SH': 0.17910477951685863, '511260.SH': 0.3981046136445623, '512890.SH': 0.20923884795949257, '511360.SH': 0.20857693387434814}"
2021-04-09,2587359.053152212,12867.829952211847,0.0,0.0002975297047058678,0.0049733452867837605,"{'511880.SH': 0.17908705892036117, '511260.SH': 0.39825218643103466, '512890.SH': 0.20917661170398094, '511360.SH': 0.20851079765783945}"
2021-04-12,2589588.845472212,12867.829952211847,0.0,0.0008618024302746718,0.004969062936269096,"{'511880.SH': 0.17895416731125738, '511260.SH': 0.39871012798239186, '512890.SH': 0.2089964980140735, '511360.SH': 0.20837014375600815}"
2021-04-13,2589337.742272212,12867.829952211847,0.0,-9.696643559409246e-05,0.004969544815316362,"{'511880.SH': 0.1789804028860749, '511260.SH': 0.3997508641308728, '512890.SH': 0.20784333816867623, '511360.SH': 0.20845584999905964}"
2021-04-14,2592696.839072212,12867.829952211847,0.0,0.0012972802833561836,0.004963106275401082,"{'511880.SH': 0.1787573857982752, '511260.SH': 0.3994840370039701, '512890.SH': 0.20859947520649427, '511360.SH': 0.2081959957158592}"
2021-04-15,2592101.931392212,12867.829952211847,0.0,-0.00022945516461270188,0.004964245347134387,"{'511880.SH': 0.17881970451333487, '511260.SH': 0.39901960932704533, '512890.SH': 0.20894039445011742, '511360.SH': 0.20825604636236797}"
2021-04-16,2603420.228832212,12867.829952211847,0.0,0.0043664553862359234,0.004942663427787772,"{'511880.SH': 0.17804935743620767, '511260.SH': 0.3985637387727597, '512890.SH': 0.2110956171860564, '511360.SH': 0.20734862317718844}"
2021-04-19,2601531.929472212,12867.829952211847,0.0,-0.0007253148527799347,0.004946251017116064,"{'511880.SH': 0.17817682507323274, '511260.SH': 0.39864569342817957, '512890.SH': 0.21066487548787702, '511360.SH': 0.2075663549935945}"
2021-04-20,2600505.020512212,12867.829952211847,0.0,-0.00039473240684329003,0.0049482042336827774,"{'511880.SH': 0.17827194598866297, '511260.SH': 0.3991035171297514, '512890.SH': 0.2100178218046379, '511360.SH': 0.2076585108432649}"
2021-04-21,2602822.7179522123,12867.829952211847,0.0,0.0008912489773020837,0.004943798078701148,"{'511880.SH': 0.17812027104356631, '511260.SH': 0.3987695715275589, '512890.SH': 0.21056040283495875, '511360.SH': 0.20760595651521474}"
2021-04-22,2602094.013472212,12867.829952211847,0.0,-0.00027996700465782176,0.0049451825666518194,"{'511880.SH': 0.17818252573484558, '511260.SH': 0.3986417841282496, '512890.SH': 0.21061936930890707, '511360.SH': 0.20761113826134595}"
2021-04-23,2600718.604512212,12867.829952211847,0.0,-0.0005285777350392262,0.004947797862439379,"{'511880.SH': 0.1783015178018359, '511260.SH': 0.39987890200641535, '512890.SH': 0.2091243547288763, '511360.SH': 0.20774742760043305}"
2021-04-26,2597780.903872212,12867.829952211847,0.0,-0.0011295726630721203,0.00495339307985183,"{'511880.SH': 0.1785049205761699, '511260.SH': 0.3998764477988092, '512890.SH': 0.20862983448378616, '511360.SH': 0.20803540406138288}"
2021-04-27,2595002.000032212,12867.829952211847,0.0,-0.001069722175514376,0.004958697508538381,"{'511880.SH': 0.17870671008124211, '511260.SH': 0.3999426975343822, '512890.SH': 0.20812145809263188, '511360.SH': 0.20827043678320528}"
2021-04-28,2596467.997472212,12867.829952211847,0.0,0.0005649311407012192,0.004955897767559355,"{'511880.SH': 0.17861289566114258, '511260.SH': 0.3986674208993705, '512890.SH': 0.20961298214723123, '511360.SH': 0.20815080352469628}"
2021-04-29,2604018.8814722123,12867.829952211847,0.0,0.002908136748595025,0.004941527130915759,"{'511880.SH': 0.17813912749270902, '511260.SH': 0.3980292567671462, '512890.SH': 0.21133879017377344, '511360.SH': 0.20755129843545544}"
2021-04-30,2601795.067392212,12867.829952211847,0.0,-0.000853993070412451,0.004945750767799448,"{'511880.SH': 0.1783302779127211, '511260.SH': 0.39912367158141704, '512890.SH': 0.20976771262274307, '511360.SH': 0.2078325871153193}"
2021-05-06,2627741.866962212,5449.427602211852,20000.0,0.0022856525652348303,0.0020738062861979803,"{'511880.SH': 0.1765641614929112, '511260.SH': 0.3993532291713076, '512890.SH': 0.21233135834800151, '511360.SH': 0.20967744470158156}"
2021-05-07,2631634.4541622116,5449.427602211852,0.0,0.0014813430683355833,0.002070738811613064,"{'511880.SH': 0.17633795067017918, '511260.SH': 0.3986839427263893, '512890.SH': 0.21347645723039757, '511360.SH': 0.20943091056142094}"
2021-05-10,2637188.647762212,5449.427602211852,0.0,0.002110549051071997,0.00206637762028741,"{'511880.SH': 0.17598400499479436, '511260.SH': 0.3978514016774291, '512890.SH': 0.21506538809093947, '511360.SH': 0.2090328276165496}"
2021-05-11,2635612.840722212,5449.427602211852,0.0,-0.0005975329225450521,0.0020676130871780836,"{'511880.SH': 0.1761084200033008, '511260.SH': 0.3988881765016436, '512890.SH': 0.21373700692914993, '511360.SH': 0.20919878347872753}"
2021-05-12,2641284.238162212,5449.427602211852,0.0,0.002151832527286457,0.0020631734833671395,"{'511880.SH': 0.17573724321429635, '511260.SH': 0.3979605014912621, '512890.SH': 0.21545882558855825, '511360.SH': 0.20878025622251614}"
2021-05-13,2639140.236882212,5449.427602211852,0.0,-0.0008117268293289515,0.0020648495771674546,"{'511880.SH': 0.17588349523569366, '511260.SH': 0.39801310491969927, '512890.SH': 0.21505185365613086, '511360.SH': 0.20898669661130864}"
2021-05-14,2638467.845842212,5449.427602211852,0.0,-0.00025477654828776064,0.0020653757864812516,"{'511880.SH': 0.17590391293620322, '511260.SH': 0.39831048222023646, '512890.SH': 0.21467004075586993, '511360.SH': 0.2090501883012091}"
2021-05-17,2641434.032402212,5449.427602211852,0.0,0.0011242079620845669,0.002063056481958004,"{'511880.SH': 0.1757429483778659, '511260.SH': 0.39775999972427717, '512890.SH': 0.21559198261790485, '511360.SH': 0.20884201279799416}"
2021-05-18,2642712.420882212,5449.427602211852,0.0,0.00048397516815423813,0.0020620584968502474,"{'511880.SH': 0.1756892613858472, '511260.SH': 0.39738973930785026, '512890.SH': 0.21606891294262787, '511360.SH': 0.2087900278668244}"
2021-05-19,2644347.615762212,5449.427602211852,0.0,0.0006187562699138116,0.0020607833742165168,"{'511880.SH': 0.1755945343162305, '511260.SH': 0.39801847295958687, '512890.SH': 0.21564487081840522, '511360.SH': 0.20868133853156087}"
2021-05-20,2638736.217042212,5449.427602211852,0.0,-0.0021220351993633813,0.002065165728585093,"{'511880.SH': 0.17596445845597464, '511260.SH': 0.39962365059058536, '512890.SH': 0.2131929657715388, '511360.SH': 0.20915375945331605}"
2021-05-21,2644154.005522212,5449.427602211852,0.0,0.002053175472792379,0.002060934268893164,"{'511880.SH': 0.1756352228161087, '511260.SH': 0.39993888320856225, '512890.SH': 0.21362749628815253, '511360.SH': 0.2087374634182833}"
2021-05-24,2649097.197842212,5449.427602211852,0.0,0.001869479731390955,0.0020570885834806717,"{'511880.SH': 0.17532832340705407, '511260.SH': 0.39954743859988934, '512890.SH': 0.21467841967566556, '511360.SH': 0.20838872973391037}"
2021-05-25,2657032.810002212,5449.427602211852,0.0,0.00299559116459136,0.002050944791384535,"{'511880.SH': 0.1747717907930589, '511260.SH': 0.3981454034055075, '512890.SH': 0.21721673809497277, '511360.SH': 0.2078151229150762}"
2021-05-26,2661866.994642212,5449.427602211852,0.0,0.0018193921512004163,0.0020472200952115277,"{'511880.SH': 0.17449585872431336, '511260.SH': 0.3980367922712129, '512890.SH': 0.21797633058596502, '511360.SH': 0.20744379832329712}"
2021-05-27,2663415.796562212,5449.427602211852,0.0,0.0005818479747927707,0.0020460296170224973,"{'511880.SH': 0.174389207107472, '511260.SH': 0.39694418023825273, '512890.SH': 0.21929133286431549, '511360.SH': 0.20732925017293732}"
2021-05-28,2666303.383762212,5449.427602211852,0.0,0.0010841668821395256,0.0020438137818070017,"{'511880.SH': 0.17423484476267348, '511260.SH': 0.3965424964161892, '512890.SH': 0.22006197928312277, '511360.SH': 0.20711686575620755}"
2021-05-31,2668963.183762212,5449.427602211852,0.0,0.0009975608988077589,0.0020417769849227574,"{'511880.SH': 0.17406120810746623, '511260.SH': 0.3958409042236254, '512890.SH': 0.22113755768186869, '511360.SH': 0.20691855300211695}"
2021-06-01,2690124.670599532,1291.9895595318485,20000.0,0.00043518278722864956,0.0004802712579279497,"{'511880.SH': 0.17750830891178668, '511260.SH': 0.3972864200980745, '512890.SH': 0.21939801022993627, '511360.SH': 0.2053269895022746}"
2021-06-02,2692758.9152495316,14669.163009531852,0.0,0.0009792277208522382,0.005447633253188021,"{'511880.SH': 0.1773522128310343, '511260.SH': 0.3974551876660753, '512890.SH': 0.21080386988428104, '511360.SH': 0.2089410963654214}"
2021-06-03,2692167.650849532,14669.163009531852,0.0,-0.0002195756911810287,0.005448829683731954,"{'511880.SH': 0.17739994301220174, '511260.SH': 0.39784948001362924, '512890.SH': 0.2103025046829239, '511360.SH': 0.20899924260751312}"
2021-06-04,2689366.1203695317,14669.163009531852,0.0,-0.0010406225923991208,0.005454505765662074,"{'511880.SH': 0.17762165357179527, '511260.SH': 0.39758216328429125, '512890.SH': 0.21011040323597052, '511360.SH': 0.20923127414228093}"
2021-06-07,2681864.837329532,14669.163009531852,0.0,-0.0027892383202064996,0.005469762236093403,"{'511880.SH': 0.17813256942348274, '511260.SH': 0.3980636850673714, '512890.SH': 0.20849902359612946, '511360.SH': 0.209834959676923}"
2021-06-08,2683683.835649532,14669.163009531852,0.0,0.0006782587603524348,0.00546605483651597,"{'511880.SH': 0.1780312070644354, '511260.SH': 0.3977655586026357, '512890.SH': 0.20904444575313355, '511360.SH': 0.20969273374327937}"
2021-06-09,2684479.945809532,14669.163009531852,0.0,0.0002966482673647519,0.005464433821690636,"{'511880.SH': 0.17796608372722664, '511260.SH': 0.39769006345773134, '512890.SH': 0.20925706704454436, '511360.SH': 0.209622351948807}"
2021-06-10,2684532.900049532,14669.163009531852,0.0,1.9726070251468997e-05,0.005464326032011451,"{'511880.SH': 0.17796609496988655, '511260.SH': 0.3976963739130563, '512890.SH': 0.20925293930636327, '511360.SH': 0.20962026577868245}"
2021-06-11,2682176.5882095317,14669.163009531852,0.0,-0.0008777362497426333,0.005469126482579639,"{'511880.SH': 0.17815416304076362, '511260.SH': 0.3976667698497845, '512890.SH': 0.20888706674380664, '511360.SH': 0.2098228738830657}"
2021-06-15,2674277.7950095315,14669.163009531852,0.0,-0.0029449191506338845,0.00548528018925557,"{'511880.SH': 0.17870687663481746, '511260.SH': 0.3981734814487381, '512890.SH': 0.20716090192044742, '511360.SH': 0.21047345980674154}"
2021-06-16,2675325.101809532,14669.163009531852,0.0,0.0003916222921771517,0.00548313287219185,"{'511880.SH': 0.17866342242918548, '511260.SH': 0.3984792350204239, '512890.SH': 0.20694202720466823, '511360.SH': 0.21043218247353052}"
2021-06-17,2673542.8628495317,14669.163009531852,0.0,-0.0006661765924428353,0.005486788041953094,"{'511880.SH': 0.17881258104478936, '511260.SH': 0.3981798888630399, '512890.SH': 0.2069421095460994, '511360.SH': 0.21057863250411835}"
2021-06-18,2672647.117089532,14669.163009531852,0.0,-0.0003350407328218674,0.005488626955550468,"{'511880.SH': 0.1788760480285976, '511260.SH': 0.39893182799272, '512890.SH': 0.20604605691442368, '511360.SH': 0.21065744010870832}"
2021-06-21,2672789.3628495317,14669.163009531852,0.0,5.322279888364534e-05,0.005488334851008487,"{'511880.SH': 0.17886299103283032, '511260.SH': 0.3993584435931814, '512890.SH': 0.2056213660675735, '511360.SH': 0.2106688644554064}"
2021-06-22,2675236.617089532,14669.163009531852,0.0,0.0009156180707750039,0.0054833142294122995,"{'511880.SH': 0.17870290464254676, '511260.SH': 0.3987836041062592, '512890.SH': 0.20653552529537186, '511360.SH': 0.2104946517264099}"
2021-06-23,2681713.2798095318,14669.163009531852,0.0,0.00242096817852544,0.005470071360713748,"{'511880.SH': 0.17828189180386841, '511260.SH': 0.3977283880533845, '512890.SH': 0.2085108069568551, '511360.SH': 0.21000884182517826}"
2021-06-24,2682331.778129532,14669.163009531852,0.0,0.00023063551374291613,0.005468810058896251,"{'511880.SH': 0.17826016864081964, '511260.SH': 0.39783147211719316, '512890.SH': 0.20846272804847535, '511360.SH': 0.20997682113461555}"
2021-06-25,2683569.776449532,14669.163009531852,0.0,0.0004615381028154619,0.005466287159091399,"{'511880.SH': 0.1781973092843086, '511260.SH': 0.39805504942497966, '512890.SH': 0.208366558942171, '511360.SH': 0.20991479518944942}"
2021-06-28,2675444.313729532,14669.163009531852,0.0,-0.003027855951914127,0.005482888555838878,"{'511880.SH': 0.17872790260150423, '511260.SH': 0.399118379896861, '512890.SH': 0.20610617726941974, '511360.SH': 0.21056465167637609}"
2021-06-29,2675528.4103695317,14669.163009531852,0.0,3.1432775321915685e-05,0.005482716218851817,"{'511880.SH': 0.17876115443451487, '511260.SH': 0.3996206864618296, '512890.SH': 0.205548630270027, '511360.SH': 0.2105868126147767}"
2021-06-30,2680830.290049532,14669.163009531852,0.0,0.001981619652944744,0.005471873047682112,"{'511880.SH': 0.1784323046540786, '511260.SH': 0.39944341272726175, '512890.SH': 0.2061045796337191, '511360.SH': 0.2105478299372584}"
2021-07-01,2706186.7278395323,7795.632959531853,20000.0,0.0019980518012951975,0.002880670753180232,"{'511880.SH': 0.1768163260714851, '511260.SH': 0.40018879290883047, '512890.SH': 0.21189483863066313, '511360.SH': 0.20821937163584098}"
2021-07-02,2691681.949370012,28608.167610011995,0.0,-0.005359858697222997,0.010628361057556497,"{'511880.SH': 0.03843581214497281, '511260.SH': 0.3983483264993305, '512890.SH': 0.44599808691401055, '511360.SH': 0.10658941338412958}"
2021-07-05,2686894.626010012,28608.167610011995,0.0,-0.001778562047838106,0.010647297937580302,"{'511880.SH': 0.038507337577895207, '511260.SH': 0.3990403976475127, '512890.SH': 0.4449995874142422, '511360.SH': 0.10680537942276962}"
2021-07-06,2691329.014330012,28608.167610011995,0.0,0.0016503767126085922,0.010629754837735365,"{'511880.SH': 0.03844540974703458, '511260.SH': 0.3985205800885716, '512890.SH': 0.44575820853276565, '511360.SH': 0.10664604679389288}"
2021-07-07,2689390.458490012,28608.167610011995,0.0,-0.00072029686065056,0.010637416935759623,"{'511880.SH': 0.03847388189890995, '511260.SH': 0.39926705198578283, '512890.SH': 0.44488519553675043, '511360.SH': 0.10673645364279709}"
2021-07-08,2674490.457210012,28608.167610011995,0.0,-0.005540289336925186,0.010696679635886832,"{'511880.SH': 0.03869166529311505, '511260.SH': 0.40280569971590896, '512890.SH': 0.44045810551475023, '511360.SH': 0.10734784984033902}"
2021-07-09,2685433.744250012,28608.167610011995,0.0,0.0040917278319310135,0.010653090090666782,"{'511880.SH': 0.038538942493591015, '511260.SH': 0.40189299114561283, '512890.SH': 0.4419524415901979, '511360.SH': 0.10696253467993141}"
2021-07-12,2680983.810490012,28608.167610011995,0.0,-0.0016570633215315933,0.010670772235951394,"{'511880.SH': 0.03860405365934812, '511260.SH': 0.402680536814835, '512890.SH': 0.4408888988344764, '511360.SH': 0.10715573845538902}"
2021-07-13,2691358.009210012,28608.167610011995,0.0,0.003869549185417709,0.010629640319910202,"{'511880.SH': 0.03845866705425113, '511260.SH': 0.40286502066600144, '512890.SH': 0.4412779704282465, '511360.SH': 0.10676870153159074}"
2021-07-14,2702954.783290012,28608.167610011995,0.0,0.004308893146253601,0.010584034844708129,"{'511880.SH': 0.0383034952415967, '511260.SH': 0.40183247115882803, '512890.SH': 0.44294969616276386, '511360.SH': 0.10633030259210331}"
2021-07-15,2697155.141690012,28608.167610011995,0.0,-0.0021456672660059573,0.010606793494306148,"{'511880.SH': 0.03837827957317288, '511260.SH': 0.4011326539125521, '512890.SH': 0.4433067202989318, '511360.SH': 0.10657555272103703}"
2021-07-16,2704956.827450012,28608.167610011995,0.0,0.0028925609948826647,0.010576201187277796,"{'511880.SH': 0.0382759010381704, '511260.SH': 0.400165351629814, '512890.SH': 0.4446998886610621, '511360.SH': 0.10628265748367582}"
2021-07-19,2707791.237850012,28608.167610011995,0.0,0.0010478579070971605,0.010565130431815305,"{'511880.SH': 0.038237722610481105, '511260.SH': 0.39958859637167254, '512890.SH': 0.4454206007984755, '511360.SH': 0.10618794978755557}"
2021-07-20,2705801.459930012,28608.167610011995,0.0,-0.0007348343152109305,0.010572899761371247,"{'511880.SH': 0.038266219400546184, '511260.SH': 0.4006057044658545, '512890.SH': 0.4442643031285426, '511360.SH': 0.10629087324368547}"
2021-07-21,2703388.092410012,28608.167610011995,0.0,-0.0008919233564396167,0.010582338396152522,"{'511880.SH': 0.03830264884672557, '511260.SH': 0.401240947626208, '512890.SH': 0.44347276788188605, '511360.SH': 0.10640129724902782}"
2021-07-22,2710367.514490012,28608.167610011995,0.0,0.002581731457497849,0.010555087993443192,"{'511880.SH': 0.03820439343609968, '511260.SH': 0.4001025669775442, '512890.SH': 0.44499721663279423, '511360.SH': 0.10614073496011867}"
2021-07-23,2705312.413210012,28608.167610011995,0.0,-0.0018650980920390525,0.010574811053362493,"{'511880.SH': 0.03827918176633927, '511260.SH': 0.40103630719406214, '512890.SH': 0.44375096722213836, '511360.SH': 0.10635873276409773}"
2021-07-26,2680367.922330012,28608.167610011995,0.0,-0.009220558320065408,0.010673224138999265,"{'511880.SH': 0.038640760418430384, '511260.SH': 0.40532849649072794, '512890.SH': 0.437994347798144, '511360.SH': 0.10736317115369837}"
2021-07-27,2648838.498970012,28608.167610011995,0.0,-0.011763095318866434,0.010800268729534148,"{'511880.SH': 0.039103792624683026, '511260.SH': 0.4103540100397437, '512890.SH': 0.43108177431127226, '511360.SH': 0.1086601542947668}"
2021-07-28,2647653.831450012,28608.167610011995,0.0,-0.0004472403736432984,0.010805101207035237,"{'511880.SH': 0.039123605438733014, '511260.SH': 0.41069549466158367, '512890.SH': 0.430668082985579, '511360.SH': 0.10870771570706905}"
2021-07-29,2647533.553530012,28608.167610011995,0.0,-4.5428113967016515e-05,0.010805592084703941,"{'511880.SH': 0.039125768880959255, '511260.SH': 0.4103660928305905, '512890.SH': 0.4309909494739347, '511360.SH': 0.1087115967298117}"
2021-07-30,2649512.348410012,28608.167610011995,0.0,0.0007474106899842958,0.01079752190140949,"{'511880.SH': 0.0391104351191966, '511260.SH': 0.4107767229894701, '512890.SH': 0.4306690628125431, '511360.SH': 0.10864625717738068}"
2021-08-02,2668814.743380012,59.60546001199691,20000.0,-0.00026329563265437006,2.233405677926806e-05,"{'511880.SH': 0.038823353391991756, '511260.SH': 0.40882736529631075, '512890.SH': 0.44445599041383194, '511360.SH': 0.10787095684108626}"
2021-08-03,2658550.578135852,30566.073335852037,0.0,-0.003845963931974117,0.01149726982335038,"{'511880.SH': 0.116943949593015, '511260.SH': 0.20350957564981592, '512890.SH': 0.540388741073854, '511360.SH': 0.12766046385996463}"
2021-08-04,2669005.080695852,30566.073335852037,0.0,0.003932406870863714,0.011452234975844622,"{'511880.SH': 0.11647898672375244, '511260.SH': 0.20240778255062525, '512890.SH': 0.5424832685678185, '511360.SH': 0.12717772718195916}"
2021-08-05,2669335.9742958522,30566.073335852037,0.0,0.00012397638445627024,0.011450815345159054,"{'511880.SH': 0.11648177822277334, '511260.SH': 0.20247953243973926, '512890.SH': 0.5424160217905658, '511360.SH': 0.12717185220176255}"
2021-08-06,2678804.961495852,30566.073335852037,0.0,0.0035473193675059633,0.011410339227826373,"{'511880.SH': 0.11610437961348442, '511260.SH': 0.2017918839817846, '512890.SH': 0.5439316489791622, '511360.SH': 0.1267617481977423}"
2021-08-09,2698646.262775852,30566.073335852037,0.0,0.007406773380365994,0.011326446803150664,"{'511880.SH': 0.1152473348322764, '511260.SH': 0.19970042292451523, '512890.SH': 0.5478838113740613, '511360.SH': 0.1258419840659966}"
2021-08-10,2699119.764055852,30566.073335852037,0.0,0.0001754588167153237,0.01132445982682951,"{'511880.SH': 0.11522370917423452, '511260.SH': 0.1994668807103957, '512890.SH': 0.5481662650555078, '511360.SH': 0.12581868523303244}"
2021-08-11,2735392.1602158523,30566.073335852037,0.0,0.013438601963143615,0.011174292951632954,"{'511880.SH': 0.11370588517569502, '511260.SH': 0.1962497033542858, '512890.SH': 0.5547186330607392, '511360.SH': 0.124151485457647}"
2021-08-12,2754712.516215852,30566.073335852037,0.0,0.007063102790524578,0.011095921318802677,"{'511880.SH': 0.11293622875296164, '511260.SH': 0.19516675400253375, '512890.SH': 0.5575047817002989, '511360.SH': 0.12329631422540292}"
2021-08-13,2753182.5824558516,30566.073335852037,0.0,-0.0005553878130637457,0.011102087282779102,"{'511880.SH': 0.1130001007207043, '511260.SH': 0.19543909053791506, '512890.SH': 0.5570723168791489, '511360.SH': 0.12338640457945266}"
2021-08-16,2766461.8174958522,30566.073335852037,0.0,0.00482323080373237,0.01104879638769779,"{'511880.SH': 0.11245325787348101, '511260.SH': 0.19449077395437675, '512890.SH': 0.5591999102305771, '511360.SH': 0.1228072615538672}"
2021-08-17,2743235.2486958522,30566.073335852037,0.0,-0.008395766987676745,0.011142344919336867,"{'511880.SH': 0.11341097177425985, '511260.SH': 0.19622487727069934, '512890.SH': 0.5553675357314986, '511360.SH': 0.12385427030420533}"
2021-08-18,2750595.447415852,30566.073335852037,0.0,0.0026830359239145007,0.011112529603205901,"{'511880.SH': 0.11311084455269317, '511260.SH': 0.19613382277166164, '512890.SH': 0.5561103511012757, '511360.SH': 0.1235324519711636}"
2021-08-19,2734525.746135852,30566.073335852037,0.0,-0.005842262734455317,0.011177833442981783,"{'511880.SH': 0.11377891513351396, '511260.SH': 0.1973706412392238, '512890.SH': 0.5533997264931291, '511360.SH': 0.1242728836911515}"
2021-08-20,2737586.870935852,30566.073335852037,0.0,0.0011194353552259617,0.011165334572708166,"{'511880.SH': 0.11367409045675977, '511260.SH': 0.19710187308705998, '512890.SH': 0.5539006692714123, '511360.SH': 0.12415803261205971}"
2021-08-23,2750641.841015852,30566.073335852037,0.0,0.004768787510855077,0.011112342174131817,"{'511880.SH': 0.11312565781558863, '511260.SH': 0.1960826713087477, '512890.SH': 0.5561009714863799, '511360.SH': 0.12357835721515188}"
2021-08-24,2756365.673495852,30566.073335852037,0.0,0.002080907951973021,0.0110892664314331,"{'511880.SH': 0.11289296741434995, '511260.SH': 0.19589033675462822, '512890.SH': 0.556799707222268, '511360.SH': 0.12332772217732074}"
2021-08-25,2766690.533335852,30566.073335852037,0.0,0.0037458236906953157,0.011047883009523994,"{'511880.SH': 0.1124894006937422, '511260.SH': 0.19518138855555478, '512890.SH': 0.558415038250487, '511360.SH': 0.12286628949069206}"
2021-08-26,2784325.030775852,30566.073335852037,0.0,0.0063738597532041474,0.010977911342245414,"{'511880.SH': 0.11178355759466506, '511260.SH': 0.19328519265943578, '512890.SH': 0.5618509989705069, '511360.SH': 0.12210233943314681}"
2021-08-27,2793033.294455852,30566.073335852037,0.0,0.003127603129571943,0.010943683842410845,"{'511880.SH': 0.11144271775701885, '511260.SH': 0.19285419943586501, '512890.SH': 0.5630259414098282, '511360.SH': 0.12173345755487709}"
2021-08-30,2802357.1581358523,30566.073335852037,0.0,0.003338257262635702,0.010907272560569975,"{'511880.SH': 0.11107959022863051, '511260.SH': 0.19225279634177236, '512890.SH': 0.5644342639937405, '511360.SH': 0.12132607687528656}"
2021-08-31,2855989.951735852,30566.073335852037,0.0,0.019138457581786783,0.010702444284607577,"{'511880.SH': 0.10900972470536013, '511260.SH': 0.18878728886013524, '512890.SH': 0.5724389888018796, '511360.SH': 0.11906155334801748}"
2021-09-01,2865231.944695852,4674.3389358520435,20000.0,-0.003766822440485429,0.0016313998398996036,"{'511880.SH': 0.10867308887031576, '511260.SH': 0.20470258998953744, '512890.SH': 0.5663131052980924, '511360.SH': 0.11867981600215483}"
2021-09-02,2872750.714775852,1970.0453358522082,0.0,0.00262414011330514,0.0006857696791160391,"{'511880.SH': 0.1083961333081756, '511260.SH': 0.5922059269708482, '512890.SH': 0.1767394565036653, '511360.SH': 0.12197271353819503}"
2021-09-03,2872389.369495852,1970.0453358522082,0.0,-0.00012578372294591578,0.0006858559486306625,"{'511880.SH': 0.10843965914505165, '511260.SH': 0.5925380514476444, '512890.SH': 0.17632470213775153, '511360.SH': 0.12201173132092186}"
2021-09-06,2875602.039575852,1970.0453358522082,0.0,0.0011184660805800828,0.0006850896990401313,"{'511880.SH': 0.10830997820753369, '511260.SH': 0.5916804817160862, '512890.SH': 0.17743720896625167, '511360.SH': 0.12188724141108837}"
2021-09-07,2885094.969495852,1970.0453358522082,0.0,0.0033011973803580563,0.0006828355241964386,"{'511880.SH': 0.10796210435125776, '511260.SH': 0.5894156060648336, '512890.SH': 0.18044265630915082, '511360.SH': 0.12149679775056152}"
2021-09-08,2893851.968215852,1970.0453358522082,0.0,0.0030352549266445816,0.0006807692160794255,"{'511880.SH': 0.1076385821739331, '511260.SH': 0.5870694211934478, '512890.SH': 0.18347503805709406, '511360.SH': 0.12113618935944565}"
2021-09-09,2909564.831895852,1970.0453358522082,0.0,0.0054297399634051224,0.0006770927783618214,"{'511880.SH': 0.10706466587205113, '511260.SH': 0.5836802745836835, '512890.SH': 0.18809245767636135, '511360.SH': 0.12048550908954218}"
2021-09-10,2904892.893015852,1970.0453358522082,0.0,-0.0016057174010298825,0.0006781817465933872,"{'511880.SH': 0.10725058002277946, '511260.SH': 0.5845986280881209, '512890.SH': 0.18677459719925008, '511360.SH': 0.1206980129432561}"
2021-09-13,2916482.293015852,1970.0453358522082,0.0,0.003989613533725844,0.000675486815253399,"{'511880.SH': 0.10682439198279288, '511260.SH': 0.5815093079979766, '512890.SH': 0.1907665962287315, '511360.SH': 0.12022421697524573}"
2021-09-14,2903863.3528558523,1970.0453358522082,0.0,-0.004326767280644406,0.0006784221901883691,"{'511880.SH': 0.10730549948693398, '511260.SH': 0.5834501814053173, '512890.SH': 0.1878133829760387, '511360.SH': 0.1207525139415216}"
2021-09-15,2899185.085335852,1970.0453358522082,0.0,-0.0016110494715253498,0.0006795169255722047,"{'511880.SH': 0.10748076815658093, '511260.SH': 0.5837535549421279, '512890.SH': 0.18714231207392815, '511360.SH': 0.12094384790179093}"
2021-09-16,2898372.015255852,1970.0453358522082,0.0,-0.00028044780035341166,0.0006797075480589414,"{'511880.SH': 0.10751938270163396, '511260.SH': 0.5846015594552407, '512890.SH': 0.1862204013698204, '511360.SH': 0.12097894892524598}"
2021-09-17,2889794.003735852,1970.0453358522082,0.0,-0.0029595964475398473,0.000681725179478324,"{'511880.SH': 0.10786718984018381, '511260.SH': 0.5871204652672837, '512890.SH': 0.18297255766896936, '511360.SH': 0.1213580620440849}"
2021-09-22,2907231.672535852,1970.0453358522082,0.0,0.006034225545992866,0.0006776361699904786,"{'511880.SH': 0.10721492550613236, '511260.SH': 0.5840927009847919, '512890.SH': 0.1873799068530484, '511360.SH': 0.12063483048603688}"
2021-09-23,2907016.869975852,1970.0453358522082,0.0,-7.388560121623922e-05,0.0006776862412458491,"{'511880.SH': 0.10722917636270525, '511260.SH': 0.5841460424734672, '512890.SH': 0.1872858068431239, '511360.SH': 0.12066128807945779}"
2021-09-24,2886977.196055852,1970.0453358522082,0.0,-0.006893552674899439,0.000682390334964771,"{'511880.SH': 0.10799155294539031, '511260.SH': 0.5880726741864971, '512890.SH': 0.1817380479197417, '511360.SH': 0.12151533461340619}"
2021-09-27,2877006.0610158523,1970.0453358522082,0.0,-0.0034538322829921198,0.0006847553651508811,"{'511880.SH': 0.10837009344704406, '511260.SH': 0.5904606260718753, '512890.SH': 0.17855040591003105, '511360.SH': 0.12193411920589871}"
2021-09-28,2889579.385815852,1970.0453358522082,0.0,0.0043702809564329925,0.0006817758132974706,"{'511880.SH': 0.10791976922688126, '511260.SH': 0.5875482114573044, '512890.SH': 0.18244316200060148, '511360.SH': 0.12140708150191547}"
2021-09-29,2878987.444375852,1970.0453358522082,0.0,-0.0036655651310334436,0.0006842841012386918,"{'511880.SH': 0.10833704733561919, '511260.SH': 0.5908099402527102, '512890.SH': 0.17831852688447453, '511360.SH': 0.12185020142595744}"
2021-09-30,2886346.081175852,1970.0453358522082,0.0,0.002555980858608864,0.0006825395432309498,"{'511880.SH': 0.10813520869016822, '511260.SH': 0.5893139464783287, '512890.SH': 0.18025572310720475, '511360.SH': 0.12161258218106735}"
2021-10-08,2897947.3710682523,8961.409068252206,20000.0,-0.002909807026390432,0.003092329818587705,"{'511880.SH': 0.11217007087336237, '511260.SH': 0.5857903483506769, '512890.SH': 0.17780157263865803, '511360.SH': 0.1211456783187149}"
2021-10-11,2901477.0296332925,25654.783953292237,0.0,0.001217985737173466,0.008841973826184195,"{'511880.SH': 0.07618734989879912, '511260.SH': 0.5767586587481969, '512890.SH': 0.17091563880575544, '511360.SH': 0.16729637872106431}"
2021-10-12,2894984.392673292,25654.783953292237,0.0,-0.0022377006240924535,0.00886180389028006,"{'511880.SH': 0.0763672195537635, '511260.SH': 0.5769174452984637, '512890.SH': 0.17016247177246646, '511360.SH': 0.16769105948502638}"
2021-10-13,2885983.127633292,25654.783953292237,0.0,-0.0031092620266902626,0.008889443499391124,"{'511880.SH': 0.07661518931378015, '511260.SH': 0.5785903541887143, '512890.SH': 0.16768767473594615, '511360.SH': 0.16821733826216834}"
2021-10-14,2883085.0537132923,25654.783953292237,0.0,-0.0010041894882374391,0.008898379158204144,"{'511880.SH': 0.07671028278376744, '511260.SH': 0.5794859218073359, '512890.SH': 0.1665075747181682, '511360.SH': 0.1683978415325242}"
2021-10-15,2885650.8852332924,25654.783953292237,0.0,0.0008899603973511194,0.008890466994664935,"{'511880.SH': 0.07664659034529013, '511260.SH': 0.578894768091445, '512890.SH': 0.16729237846142708, '511360.SH': 0.16827579610717272}"
2021-10-18,2888990.3625932923,25654.783953292237,0.0,0.0011572700554627335,0.008880190216440636,"{'511880.SH': 0.07654521160863129, '511260.SH': 0.5761637081079907, '512890.SH': 0.17030846013565112, '511360.SH': 0.16810242993128618}"
2021-10-19,2887967.9029932925,25654.783953292237,0.0,-0.0003539158915994989,0.008883334169573636,"{'511880.SH': 0.07656855147552295, '511260.SH': 0.5760239226605642, '512890.SH': 0.170368756345954, '511360.SH': 0.16815543534838515}"
2021-10-20,2879930.9098732923,25654.783953292237,0.0,-0.0027829232837629503,0.00890812479748723,"{'511880.SH': 0.0767927887303832, '511260.SH': 0.5781535919114311, '512890.SH': 0.16752078959464559, '511360.SH': 0.16862470496605284}"
2021-10-21,2889642.253713292,25654.783953292237,0.0,0.003372075283718079,0.008878186882935055,"{'511880.SH': 0.07653621117832102, '511260.SH': 0.5768623426854801, '512890.SH': 0.1696489935285393, '511360.SH': 0.16807426572472461}"
2021-10-22,2890503.1763532925,25654.783953292237,0.0,0.00029793398781263747,0.008875542557147004,"{'511880.SH': 0.07652618900736469, '511260.SH': 0.5769430781612019, '512890.SH': 0.1695984643817192, '511360.SH': 0.16805672589256715}"
2021-10-25,2932153.596998912,51721.68299891214,0.0,0.014409401444825942,0.017639486230138078,"{'511880.SH': 0.2440918220425223, '511260.SH': 0.5725831353849854, '511360.SH': 0.1656855563423543}"
2021-10-26,2930198.4065783825,2743.8392983822196,0.0,-0.000666810368505466,0.0009364005154812107,"{'511880.SH': 0.07994339346922781, '511260.SH': 0.581294562230333, '511360.SH': 0.169344983222291, '512890.SH': 0.16848066056266695}"
2021-10-27,2922429.6570183826,2743.8392983822196,0.0,-0.00265127082949701,0.0009388897665313285,"{'511880.SH': 0.08016692518752604, '511260.SH': 0.583120245822663, '511360.SH': 0.16981650826330852, '512890.SH': 0.165957430959971}"
2021-10-28,2908494.588718382,2743.8392983822196,0.0,-0.004768316071024903,0.0009433881393574408,"{'511880.SH': 0.08053678571333268, '511260.SH': 0.5860267736482406, '511360.SH': 0.17064497968301245, '512890.SH': 0.16184807281605681}"
2021-10-29,2908097.5694383825,2743.8392983822196,0.0,-0.0001365033586583353,0.00094351693258769,"{'511880.SH': 0.08056359645637542, '511260.SH': 0.586772850379137, '511360.SH': 0.1707029383116158, '512890.SH': 0.161017097920284}"
2021-11-01,2934869.845249822,147.40960982222168,20000.0,0.0023287649914536246,5.02269666441286e-05,"{'511880.SH': 0.07983181882467986, '511260.SH': 0.5821766858811279, '511360.SH': 0.16915721179374507, '512890.SH': 0.16878405653380313}"
2021-11-02,2905008.423069422,22403.308349422412,0.0,-0.010174700669854708,0.007711959859225176,"{'511880.SH': 0.07169668106501827, '511260.SH': 0.4074391628611518, '511360.SH': 0.0640928262105595, '512890.SH': 0.44905937000404533}"
2021-11-03,2935071.0085094227,22403.308349422412,0.0,0.010348536410863973,0.007632969793395201,"{'511880.SH': 0.0709665036232909, '511260.SH': 0.4039362238810359, '511360.SH': 0.06344616517287308, '512890.SH': 0.4540181375294048}"
2021-11-04,2929123.951289422,22403.308349422412,0.0,-0.0020262055680284607,0.007648467160141964,"{'511880.SH': 0.07111547341255468, '511260.SH': 0.4045101947558128, '511360.SH': 0.06358174085395611, '512890.SH': 0.45314412381753455}"
2021-11-05,2903637.6728694225,22403.308349422412,0.0,-0.008700990072058934,0.007715600523698639,"{'511880.SH': 0.07174531165044859, '511260.SH': 0.4083232254072348, '511360.SH': 0.06415221903906496, '512890.SH': 0.44806364337955296}"
2021-11-08,2906273.614929422,22403.308349422412,0.0,0.0009078068123404837,0.00770860260174315,"{'511880.SH': 0.07168586672974336, '511260.SH': 0.40824349569330315, '511360.SH': 0.06410146623600825, '512890.SH': 0.4482605687392022}"
2021-11-09,2903772.767749422,22403.308349422412,0.0,-0.0008604995645120628,0.007715241563748861,"{'511880.SH': 0.07175464518233961, '511260.SH': 0.40832196415939265, '511360.SH': 0.06416535139022228, '512890.SH': 0.4480427977042966}"
2021-11-10,2899114.9525894225,22403.308349422412,0.0,-0.001604056354454264,0.007727637129190857,"{'511880.SH': 0.07188050506720026, '511260.SH': 0.4085623093151445, '511360.SH': 0.06427651302117598, '512890.SH': 0.44755303546728836}"
2021-11-11,2923312.3751694225,22403.308349422412,0.0,0.008346486074443993,0.007663672394272957,"{'511880.SH': 0.0712806266240786, '511260.SH': 0.4044652258318697, '511360.SH': 0.06374508642416297, '512890.SH': 0.4528453887256157}"
2021-11-12,2917134.229169422,22403.308349422412,0.0,-0.0021134060295703305,0.007679903147892228,"{'511880.SH': 0.07143649577597037, '511260.SH': 0.40558665013398143, '511360.SH': 0.0638967511800344, '512890.SH': 0.4514001997621217}"
2021-11-15,2915571.069849422,22403.308349422412,0.0,-0.0005358544369913343,0.007684020664459211,"{'511880.SH': 0.0714846115175522, '511260.SH': 0.4064541290914932, '511360.SH': 0.06393780001721158, '512890.SH': 0.4504394387092838}"
2021-11-16,2908269.8558694227,22403.308349422412,0.0,-0.002504214030487173,0.007703311404960726,"{'511880.SH': 0.07167250823692435, '511260.SH': 0.4079632767246448, '511360.SH': 0.06410512409078543, '512890.SH': 0.4485557795426846}"
2021-11-17,2905252.2762094224,22403.308349422412,0.0,-0.0010375858532901683,0.007711312553776824,"{'511880.SH': 0.07175187711821744, '511260.SH': 0.407943850420571, '511360.SH': 0.06417480558461504, '512890.SH': 0.4484181543228197}"
2021-11-18,2904088.272729422,22403.308349422412,0.0,-0.0004006548723951564,0.0077144033670734635,"{'511880.SH': 0.07178978695577162, '511260.SH': 0.4089018268318457, '511360.SH': 0.06420362691825521, '512890.SH': 0.44739035592705406}"
2021-11-19,2921910.5259494223,22403.308349422412,0.0,0.006136952993942568,0.007667349205411709,"{'511880.SH': 0.07135470206509978, '511260.SH': 0.4058930584859836, '511360.SH': 0.06382248817814348, '512890.SH': 0.4512624020653614}"
2021-11-22,2922692.4467494227,22403.308349422412,0.0,0.0002676060040360806,0.0076652979256640755,"{'511880.SH': 0.07133910927641164, '511260.SH': 0.4060417309114649, '511360.SH': 0.06381218804168959, '512890.SH': 0.45114167384476966}"
2021-11-23,2935052.333169422,22403.308349422412,0.0,0.0042289384344034175,0.00763301836094696,"{'511880.SH': 0.07104286981310318, '511260.SH': 0.4043564016176924, '511360.SH': 0.06354407991035785, '512890.SH': 0.45342363029789967}"
2021-11-24,2952920.3417694224,22403.308349422412,0.0,0.006087798979960812,0.007586831257357285,"{'511880.SH': 0.07061645336326602, '511260.SH': 0.40201081052144905, '511360.SH': 0.06316811102605935, '512890.SH': 0.4566177938318682}"
2021-11-25,2950235.6174894227,22403.308349422412,0.0,-0.0009091759916527442,0.0075937352991782645,"{'511880.SH': 0.07068625761404893, '511260.SH': 0.40264546769009335, '511360.SH': 0.06322986506370751, '512890.SH': 0.4558446743329719}"
2021-11-26,2933894.1033094227,22403.308349422412,0.0,-0.005539053926108539,0.00763603169049338,"{'511880.SH': 0.07109042451284514, '511260.SH': 0.4058676482756526, '511360.SH': 0.06359616040317659, '512890.SH': 0.4518097351178321}"
2021-11-29,2921021.096089422,22403.308349422412,0.0,-0.0043876863876852745,0.0076696838579547785,"{'511880.SH': 0.07139602373950663, '511260.SH': 0.40745885115085256, '511360.SH': 0.0638764301462231, '512890.SH': 0.4495990111054631}"
2021-11-30,2917913.025549422,22403.308349422412,0.0,-0.001064035636086591,0.007677853367546495,"{'511880.SH': 0.07148188034861878, '511260.SH': 0.4074163244725763, '511360.SH': 0.06394693685733356, '512890.SH': 0.449477004953925}"
2021-12-01,2954921.611635532,6982.458995532419,20000.0,0.005829024353084522,0.002362992970113907,"{'511880.SH': 0.07059906557877621, '511260.SH': 0.40197208458012584, '511360.SH': 0.06315944195105083, '512890.SH': 0.46190641491993323}"
2021-12-02,2965128.7960198126,8364.541039812433,0.0,0.003454299546927997,0.002820970559875991,"{'511880.SH': 0.109934535874988, '511260.SH': 0.3153535864125587, '511360.SH': 0.06994299886007861, '512890.SH': 0.5019479082924987}"
2021-12-03,2990192.875999812,8364.541039812433,0.0,0.008452948153093276,0.0027973249173820045,"{'511880.SH': 0.10902587208224643, '511260.SH': 0.31258565542782024, '511360.SH': 0.06937010708068218, '512890.SH': 0.5062210404918692}"
2021-12-06,2985633.5706198122,8364.541039812433,0.0,-0.0015247529403852322,0.0028015966601273074,"{'511880.SH': 0.1092062707254168, '511260.SH': 0.31347266094871307, '511360.SH': 0.06948541912225756, '512890.SH': 0.5050340525434853}"
2021-12-07,3006270.4416798125,8364.541039812433,0.0,0.0069120575488827996,0.002782364794545424,"{'511880.SH': 0.10847361151506539, '511260.SH': 0.3110163300802542, '511360.SH': 0.06902306496552392, '512890.SH': 0.5087046286446111}"
2021-12-08,3008408.8381398125,8364.541039812433,0.0,0.0007113120730433131,0.0027803870716536236,"{'511880.SH': 0.10838695255317098, '511260.SH': 0.31086256899120884, '511360.SH': 0.0689786565473306, '512890.SH': 0.5089914348366359}"
2021-12-09,3011169.635059812,8364.541039812433,0.0,0.0009176933949266441,0.0027778378681898087,"{'511880.SH': 0.108285456323527, '511260.SH': 0.3101982661901565, '511360.SH': 0.06891807010264231, '512890.SH': 0.5098203695154845}"
2021-12-10,3006782.5876798127,8364.541039812433,0.0,-0.0014569246876429132,0.0027818908736820048,"{'511880.SH': 0.10846469556405754, '511260.SH': 0.3111088257038999, '511360.SH': 0.06902660699527154, '512890.SH': 0.508617980863089}"
2021-12-13,2995749.521379812,8364.541039812433,0.0,-0.0036693927739265275,0.002792136318512974,"{'511880.SH': 0.10887375652480275, '511260.SH': 0.3118057745928527, '511360.SH': 0.06929284258197557, '512890.SH': 0.5072354899818561}"
2021-12-14,2978736.5187798124,8364.541039812433,0.0,-0.005679047089412137,0.00280808355726569,"{'511880.SH': 0.10950952658734055, '511260.SH': 0.3143997107819481, '511360.SH': 0.06969867884959677, '512890.SH': 0.503584000223849}"
2021-12-15,2991818.591999812,8364.541039812433,0.0,0.004391819530704444,0.0027958048867599786,"{'511880.SH': 0.10903495381447931, '511260.SH': 0.31283003003681403, '511360.SH': 0.06939324481609914, '512890.SH': 0.5059459664458476}"
2021-12-16,3012741.9350598124,8364.541039812433,0.0,0.006993519966735251,0.002776388160722558,"{'511880.SH': 0.10828195213259227, '511260.SH': 0.3104826832708555, '511360.SH': 0.06890467370743411, '512890.SH': 0.5095543027283955}"
2021-12-17,3015728.6455198126,8364.541039812433,0.0,0.0009913595403718833,0.002773638487746188,"{'511880.SH': 0.10819801260459802, '511260.SH': 0.3104921264686937, '511360.SH': 0.0688397480020011, '512890.SH': 0.509696474436961}"
2021-12-20,3007621.5456798123,8364.541039812433,0.0,-0.0026882723192102054,0.002781114881899743,"{'511880.SH': 0.10849497220443799, '511260.SH': 0.3112078716634001, '511360.SH': 0.0690399363238588, '512890.SH': 0.5084761049264035}"
2021-12-21,3034878.0821198123,8364.541039812433,0.0,0.009062488755991138,0.0027561374175432904,"{'511880.SH': 0.1075132012459928, '511260.SH': 0.30841021440512967, '511360.SH': 0.06841263285771865, '512890.SH': 0.5129078140736156}"
2021-12-22,3030012.8587398124,8364.541039812433,0.0,-0.0016031034026254831,0.002760562885297873,"{'511880.SH': 0.10770269870594729, '511260.SH': 0.30921551943171277, '511360.SH': 0.06852116135452624, '512890.SH': 0.5118000576225158}"
2021-12-23,3039602.1045798124,8364.541039812433,0.0,0.0031647541733497153,0.0027518539440440112,"{'511880.SH': 0.1073671246339377, '511260.SH': 0.30882361167787253, '511360.SH': 0.06830499284336458, '512890.SH': 0.5127524169007812}"
2021-12-24,3027973.7418198125,8364.541039812433,0.0,-0.0038256200515452976,0.0027624219207348024,"{'511880.SH': 0.10779843480539138, '511260.SH': 0.3100095905837812, '511360.SH': 0.06857324987078968, '512890.SH': 0.5108563028193029}"
2021-12-27,3037322.8996598125,8364.541039812433,0.0,0.0030875954143450013,0.0027539189332649754,"{'511880.SH': 0.1074687245259829, '511260.SH': 0.3095407143261923, '511360.SH': 0.06838390479433824, '512890.SH': 0.5118527374202215}"
2021-12-28,3025346.9848998124,8364.541039812433,0.0,-0.003942917877233776,0.0027648203930199546,"{'511880.SH': 0.1079046997350655, '511260.SH': 0.31065894414459183, '511360.SH': 0.06866121507278247, '512890.SH': 0.5100103206545402}"
2021-12-29,3019434.2335198126,8364.541039812433,0.0,-0.0019544043739484485,0.0027702345515443557,"{'511880.SH': 0.1081202333787668, '511260.SH': 0.31122436434210676, '511360.SH': 0.06881421615127774, '512890.SH': 0.5090709515763043}"
2021-12-30,3023202.0459798123,8364.541039812433,0.0,0.0012478537926647881,0.0027667820121170584,"{'511880.SH': 0.1079907657624614, '511260.SH': 0.31140449287929817, '511360.SH': 0.06875623819996185, '512890.SH': 0.5090817211461616}"
2021-12-31,3034822.084239812,8364.541039812433,0.0,0.0038436194747393237,0.0027561882731941614,"{'511880.SH': 0.10763441099112155, '511260.SH': 0.310126746766361, '511360.SH': 0.06849363627590314, '512890.SH': 0.5109890176934202}"
2022-01-04,3083367.621179812,5112.921039812434,20000.0,0.009406000136957138,0.0016582262214507003,"{'511880.SH': 0.10593237334282561, '511260.SH': 0.31321159804826293, '511360.SH': 0.06739708835642637, '512890.SH': 0.5118007140310344}"
2022-01-05,3084464.319024382,7854.501984382252,0.0,0.0003556818321099886,0.002546471987351968,"{'511880.SH': 0.1355384574953468, '511260.SH': 0.3922003547062064, '511360.SH': 0.26281082099092107, '512890.SH': 0.20690389482017385}"
2022-01-06,3087937.4315443817,7854.501984382252,0.0,0.001126001846926128,0.0025436078801810277,"{'511880.SH': 0.13540629798022852, '511260.SH': 0.3912910888857282, '511360.SH': 0.2625606956014345, '512890.SH': 0.20819830965242783}"
2022-01-07,3094008.769484382,7854.501984382252,0.0,0.0019661466835370067,0.002538616587596553,"{'511880.SH': 0.13516758585971778, '511260.SH': 0.3905972122378305, '511360.SH': 0.262128668799849, '512890.SH': 0.20956791651500617}"
2022-01-10,3098403.783164382,7854.501984382252,0.0,0.0014204916687201585,0.0025350156190296455,"{'511880.SH': 0.13498528831928258, '511260.SH': 0.390432520955846, '511360.SH': 0.2617618802323064, '512890.SH': 0.21028529487353545}"
2022-01-11,3100948.507424382,7854.501984382252,0.0,0.0008213016888978242,0.0025329353149775857,"{'511880.SH': 0.13489202255326396, '511260.SH': 0.3900416911484281, '511360.SH': 0.26166026235435197, '512890.SH': 0.21087308862897836}"
2022-01-12,3096624.684324382,7854.501984382252,0.0,-0.0013943550141667371,0.002536472057509268,"{'511880.SH': 0.13508576680847145, '511260.SH': 0.3904284578367561, '511360.SH': 0.26205080780625706, '512890.SH': 0.20989849549100623}"
2022-01-13,3104328.303684382,7854.501984382252,0.0,0.0024877471909969806,0.002530177615254196,"{'511880.SH': 0.1347586128385641, '511260.SH': 0.38989510180462467, '511360.SH': 0.2614130725274303, '512890.SH': 0.21140303521412682}"
2022-01-14,3086431.2841843823,7854.501984382252,0.0,-0.005765182593206464,0.002544849135190734,"{'511880.SH': 0.13556167413931797, '511260.SH': 0.3926714993495376, '511360.SH': 0.2629592319643929, '512890.SH': 0.2062627454115608}"
2022-01-17,3089193.856444382,7854.501984382252,0.0,0.0008950700681904511,0.0025425733538854928,"{'511880.SH': 0.1354553153493667, '511260.SH': 0.39241124265191457, '511360.SH': 0.26274932481389696, '512890.SH': 0.2068415438309363}"
2022-01-18,3097738.1063843817,7854.501984382252,0.0,0.0027658510074319853,0.002535560371677085,"{'511880.SH': 0.1350911360574758, '511260.SH': 0.3922588541283299, '511360.SH': 0.26206740922573846, '512890.SH': 0.20804704021677886}"
2022-01-19,3112807.303684382,7854.501984382252,0.0,0.004864580794917028,0.0025232856447893527,"{'511880.SH': 0.13442508166333544, '511260.SH': 0.3913856147015544, '511360.SH': 0.26083882514634626, '512890.SH': 0.21082719284397464}"
2022-01-20,3106768.1511643818,7854.501984382252,0.0,-0.00194009841625975,0.002528190583336086,"{'511880.SH': 0.13467966569799597, '511260.SH': 0.39170454336732735, '511360.SH': 0.261368457667389, '512890.SH': 0.20971914268395173}"
2022-01-21,3103897.9398043817,7854.501984382252,0.0,-0.0009238575974600538,0.0025305284312528878,"{'511880.SH': 0.1348405315241703, '511260.SH': 0.39304849053022906, '511360.SH': 0.26169307617478943, '512890.SH': 0.2078873733395585}"
2022-01-24,3108018.661224382,7854.501984382252,0.0,0.0013275956555001134,0.0025271733668703346,"{'511880.SH': 0.13466309878432997, '511260.SH': 0.39355130497129737, '511360.SH': 0.26139379732036555, '512890.SH': 0.20786462555713683}"
2022-01-25,3090607.949984382,7854.501984382252,0.0,-0.00560186830832643,0.0025414100110698105,"{'511880.SH': 0.13543927886489623, '511260.SH': 0.39569431639046293, '511360.SH': 0.2628840063664839, '512890.SH': 0.20344098836708724}"
2022-01-26,3090053.582504382,7854.501984382252,0.0,-0.00017937166051840148,0.002541865949786039,"{'511880.SH': 0.13547709152043685, '511260.SH': 0.3940185396439718, '511360.SH': 0.2629589352756306, '512890.SH': 0.20500356761017485}"
2022-01-27,3082075.593724382,7854.501984382252,0.0,-0.0025818286210862462,0.0025484455995743007,"{'511880.SH': 0.13585487418043, '511260.SH': 0.3947786363441182, '511360.SH': 0.2635788692704748, '512890.SH': 0.20323917460540272}"
2022-01-28,3078481.009204382,7854.501984382252,0.0,-0.0011662869422538469,0.0025514212889077422,"{'511880.SH': 0.1360989652842727, '511260.SH': 0.39539162215412876, '511360.SH': 0.264013322664626, '512890.SH': 0.20194466860806484}"
2022-02-07,3114835.094339182,8422.260319182253,20000.0,0.005312387858136036,0.002703918526694605,"{'511880.SH': 0.13454403437332182, '511260.SH': 0.39077022157997354, '511360.SH': 0.26095448888360606, '512890.SH': 0.21102733663640405}"
2022-02-08,3131748.4293066817,8876.973206682256,0.0,0.005429929500357034,0.002834510308558684,"{'511880.SH': 0.17982073535346926, '511260.SH': 0.39283279860137366, '511360.SH': 0.2097070741232538, '512890.SH': 0.21480488161334468}"
2022-02-09,3135011.875586682,8876.973206682256,0.0,0.00104205249995859,0.0028315596747208595,"{'511880.SH': 0.17959416896774447, '511260.SH': 0.39244396794183123, '511360.SH': 0.20951490012364987, '512890.SH': 0.21561540329205361}"
2022-02-10,3144222.681606682,8876.973206682256,0.0,0.0029380450172222794,0.002823264795655684,"{'511880.SH': 0.1790537813346978, '511260.SH': 0.3913744745875269, '511360.SH': 0.20892919062091278, '512890.SH': 0.21781928866120692}"
2022-02-11,3142317.165066682,8876.973206682256,0.0,-0.0006060374003238334,0.002824976837274121,"{'511880.SH': 0.17919093297129068, '511260.SH': 0.3901549193154039, '511360.SH': 0.20910400366477855, '512890.SH': 0.21872516721125282}"
2022-02-14,3126265.0911266822,8876.973206682256,0.0,-0.005108355744115056,0.002839481921055857,"{'511880.SH': 0.18011459396012638, '511260.SH': 0.39139915021058486, '511360.SH': 0.21020587853065423, '512890.SH': 0.21544089537757866}"
2022-02-15,3121672.5418866817,8876.973206682256,0.0,-0.0014690210542399607,0.0028436593164628265,"{'511880.SH': 0.1804029440767791, '511260.SH': 0.39227769202848445, '511360.SH': 0.21053531117738147, '512890.SH': 0.21394039340089221}"
2022-02-16,3130306.086086682,8876.973206682256,0.0,0.0027656790019310318,0.0028358163587062207,"{'511880.SH': 0.17991255407999254, '511260.SH': 0.3913534224161096, '511360.SH': 0.20995866919251815, '512890.SH': 0.21593953795267348}"
2022-02-17,3127972.732806682,8876.973206682256,0.0,-0.0007454073869552769,0.002837931774014246,"{'511880.SH': 0.1800539381603387, '511260.SH': 0.3919105454925215, '511360.SH': 0.21013341743878383, '512890.SH': 0.2150641671343417}"
2022-02-18,3144211.578706682,8876.973206682256,0.0,0.005191492153906685,0.0028232747652222716,"{'511880.SH': 0.1791472184361379, '511260.SH': 0.3898363609818466, '511360.SH': 0.20908421190612508, '512890.SH': 0.21910893391066813}"
2022-02-21,3141980.690206682,8876.973206682256,0.0,-0.000709522385550776,0.0028252793641765895,"{'511880.SH': 0.1792762036239461, '511260.SH': 0.3893913173347733, '511360.SH': 0.20924269269037213, '512890.SH': 0.21926450698673197}"
2022-02-22,3134290.537466682,8876.973206682256,0.0,-0.002447549332167953,0.0028322113411531876,"{'511880.SH': 0.17972322899436632, '511260.SH': 0.3896901022415136, '511360.SH': 0.2097621111192181, '512890.SH': 0.2179923463037488}"
2022-02-23,3132325.438366682,8876.973206682256,0.0,-0.0006269677544279428,0.002833988160346155,"{'511880.SH': 0.17983598035513493, '511260.SH': 0.3906050070703963, '511360.SH': 0.20988968513527656, '512890.SH': 0.21683533927884613}"
2022-02-24,3118711.6336066816,8876.973206682256,0.0,-0.004346229351921638,0.0028463590897682147,"{'511880.SH': 0.18063539505526693, '511260.SH': 0.39261645315503485, '511360.SH': 0.21079781564790567, '512890.SH': 0.2131039770520244}"
2022-02-25,3117104.849146682,8876.973206682256,0.0,-0.0005152077680684597,0.00284782631200627,"{'511880.SH': 0.18074651006822381, '511260.SH': 0.39306136921746676, '511360.SH': 0.21091051851527348, '512890.SH': 0.21243377588702975}"
2022-02-28,3119135.517966682,8876.973206682256,0.0,0.0006514599021447687,0.0028459722751863702,"{'511880.SH': 0.18063963196036378, '511260.SH': 0.3931656681590516, '511360.SH': 0.21079340612574926, '512890.SH': 0.2125553214796491}"
2022-03-01,3143670.175146682,5506.894006682254,20000.0,0.001453818583347699,0.0017517403861953505,"{'511880.SH': 0.17925125684462337, '511260.SH': 0.39660184769282475, '511360.SH': 0.20917833721831755, '512890.SH': 0.21321681785803906}"
2022-03-02,3147842.467633682,10853.50785368227,0.0,0.001327204272250082,0.0034479196355213875,"{'511880.SH': 0.11241400582730154, '511260.SH': 0.5884456160198034, '511360.SH': 0.12269969160507149, '512890.SH': 0.17299276691230228}"
2022-03-03,3150105.3784136823,10853.50785368227,0.0,0.00071887675551352,0.0034454427867895124,"{'511880.SH': 0.1123489115396581, '511260.SH': 0.5868518915805075, '511360.SH': 0.12261977095969848, '512890.SH': 0.17473398313334634}"
2022-03-04,3144875.439973682,10853.50785368227,0.0,-0.0016602423766006735,0.0034511725697387546,"{'511880.SH': 0.11254807249312297, '511260.SH': 0.5875952594216146, '511360.SH': 0.1228342767061174, '512890.SH': 0.1735712188094063}"
2022-03-07,3144887.2582936822,10853.50785368227,0.0,3.757961237527141e-06,0.003451159600414752,"{'511880.SH': 0.11255661266282002, '511260.SH': 0.5884171507642619, '511360.SH': 0.12283499161416538, '512890.SH': 0.17274008535833787}"
2022-03-08,3129704.196373682,10853.50785368227,0.0,-0.00482785571405131,0.00346790213153626,"{'511880.SH': 0.11310941091818538, '511260.SH': 0.5918356444504194, '511360.SH': 0.12343326262194626, '512890.SH': 0.16815377987791275}"
2022-03-09,3117297.407173682,10853.50785368227,0.0,-0.003964205056303904,0.0034817043214117557,"{'511880.SH': 0.11357088745696144, '511260.SH': 0.5923039283165603, '511360.SH': 0.12391502944540132, '512890.SH': 0.1667284504596652}"
2022-03-10,3125893.146533682,10853.50785368227,0.0,0.00275743319845545,0.0034721301544545042,"{'511880.SH': 0.11325858447611692, '511260.SH': 0.5917942211336773, '511360.SH': 0.12353403712094518, '512890.SH': 0.1679410271148062}"
2022-03-11,3131710.983873682,10853.50785368227,0.0,0.0018611760118709686,0.003465679914133496,"{'511880.SH': 0.11306505846909982, '511260.SH': 0.5920808815207037, '511360.SH': 0.12334235246772705, '512890.SH': 0.16804602762833595}"
2022-03-14,3131678.065993682,10853.50785368227,0.0,-1.0511148752057053e-05,0.0034657163427935078,"{'511880.SH': 0.11308424877562573, '511260.SH': 0.5949810806650645, '511360.SH': 0.12334010452553947, '512890.SH': 0.1651288496909769}"
2022-03-15,3096954.363093682,10853.50785368227,0.0,-0.011087890315756965,0.0035045746824761827,"{'511880.SH': 0.11434762220591611, '511260.SH': 0.5999116816639377, '511360.SH': 0.12474332996437307, '512890.SH': 0.15749279148329692}"
2022-03-16,3105542.906813682,10853.50785368227,0.0,0.0027732225641905472,0.003494882595203966,"{'511880.SH': 0.11402004194600039, '511260.SH': 0.5976535683753648, '511360.SH': 0.12441025984613126, '512890.SH': 0.16042124723729967}"
2022-03-17,3110751.966013682,10853.50785368227,0.0,0.0016773425311791268,0.003489030296295417,"{'511880.SH': 0.11384043837921418, '511260.SH': 0.5962336503404277, '511360.SH': 0.12418527874308218, '512890.SH': 0.16225160224098048}"
2022-03-18,3128613.4061736823,10853.50785368227,0.0,0.0057418400294027006,0.0034691112146566522,"{'511880.SH': 0.11319840006475362, '511260.SH': 0.5937343349403518, '511360.SH': 0.12347274969726796, '512890.SH': 0.16612540408296997}"
2022-03-21,3123896.364993682,10853.50785368227,0.0,-0.001507709827840098,0.0034743495255817234,"{'511880.SH': 0.11340429358344495, '511260.SH': 0.5939030246938912, '511360.SH': 0.12367814256884972, '512890.SH': 0.1655401896282324}"
2022-03-22,3130892.286033682,10853.50785368227,0.0,0.0022394856367182747,0.003466586155677637,"{'511880.SH': 0.11314189059782592, '511260.SH': 0.5922814107249842, '511360.SH': 0.12343723919342856, '512890.SH': 0.16767287332808373}"
2022-03-23,3132217.1694536824,10853.50785368227,0.0,0.0004231648038197644,0.0034651198389207875,"{'511880.SH': 0.11310078271545548, '511260.SH': 0.5922339351468238, '511360.SH': 0.12338975208012476, '512890.SH': 0.16781041021867515}"
2022-03-24,3131509.454613682,10853.50785368227,0.0,-0.00022594692568012054,0.003465902949036828,"{'511880.SH': 0.11314884678951462, '511260.SH': 0.5925150241096427, '511360.SH': 0.12343890561482807, '512890.SH': 0.16743132053697782}"
2022-03-25,3134599.695613682,10853.50785368227,0.0,0.0009868215455799412,0.003462486093158828,"{'511880.SH': 0.11304404354911636, '511260.SH': 0.5928946533749189, '511360.SH': 0.12333255839365258, '512890.SH': 0.16726625858915348}"
2022-03-28,3148216.3265136825,10853.50785368227,0.0,0.004343977611895644,0.0034475101860936552,"{'511880.SH': 0.11254951065970213, '511260.SH': 0.5904918872136854, '511360.SH': 0.12282027659395012, '512890.SH': 0.17069081534656874}"
2022-03-29,3146372.956333682,10853.50785368227,0.0,-0.0005855284354114865,0.003449529983988085,"{'511880.SH': 0.11263448784309213, '511260.SH': 0.591050083956664, '511360.SH': 0.12290516902058853, '512890.SH': 0.16996072919566727}"
2022-03-30,3152745.9196936823,10853.50785368227,0.0,0.0020254952125657866,0.0034425571010609016,"{'511880.SH': 0.11238892683569843, '511260.SH': 0.5902436629529607, '511360.SH': 0.12265086050371295, '512890.SH': 0.17127399260656698}"
2022-03-31,3160333.660493682,10853.50785368227,0.0,0.0024067086258372505,0.0034342917614549663,"{'511880.SH': 0.11217148981181402, '511260.SH': 0.5880467063435612, '511360.SH': 0.1223856533995149, '512890.SH': 0.17396185868365494}"
2022-04-01,3191882.391990872,5929.566490872272,20000.0,0.00365427601571211,0.0018577020587446597,"{'511880.SH': 0.11106609265728037, '511260.SH': 0.5904912739671487, '511360.SH': 0.12118989752586917, '512890.SH': 0.17539503379095708}"
2022-04-06,3203269.5771586723,12165.34333867245,0.0,0.0035675453445191962,0.003797789429094261,"{'511880.SH': 0.13118550214956962, '511260.SH': 0.39140065167793264, '511360.SH': 0.2643973538909078, '512890.SH': 0.20921870285249572}"
2022-04-07,3191125.5718986723,12165.34333867245,0.0,-0.003791128085689155,0.0038122421272924873,"{'511880.SH': 0.13170043940011547, '511260.SH': 0.39312150892689285, '511360.SH': 0.2654593750430133, '512890.SH': 0.20590643450268586}"
2022-04-08,3204946.2148186723,12165.34333867245,0.0,0.004330961790318,0.003795802651047214,"{'511880.SH': 0.13115075131573814, '511260.SH': 0.39221750249282106, '511360.SH': 0.2644485876490604, '512890.SH': 0.2083873558913332}"
2022-04-11,3199023.2573586726,12165.34333867245,0.0,-0.0018480676626065895,0.003802830539193069,"{'511880.SH': 0.13140271332290268, '511260.SH': 0.3926794521141415, '511360.SH': 0.2650293642128846, '512890.SH': 0.20708563981087805}"
2022-04-12,3193690.4751186725,12165.34333867245,0.0,-0.0016670032728687278,0.003809180455479301,"{'511880.SH': 0.13161558994986225, '511260.SH': 0.39354286515611603, '511360.SH': 0.26553277676932313, '512890.SH': 0.2054995876692192}"
2022-04-13,3191184.5295586726,12165.34333867245,0.0,-0.0007846551127991264,0.0038121716954910363,"{'511880.SH': 0.1317254869175911, '511260.SH': 0.39354342826852495, '511360.SH': 0.2657412920327985, '512890.SH': 0.20517762108559434}"
2022-04-14,3202743.0276986724,12165.34333867245,0.0,0.003622008703331847,0.003798413807620977,"{'511880.SH': 0.13125922509682908, '511260.SH': 0.39258753797162194, '511360.SH': 0.2647873065886783, '512890.SH': 0.2075675165352497}"
2022-04-15,3198341.5445786724,12165.34333867245,0.0,-0.0013742854428013818,0.0038036410962091383,"{'511880.SH': 0.13146336316479582, '511260.SH': 0.3926293307006477, '511360.SH': 0.26521501477470955, '512890.SH': 0.20688865026363776}"
2022-04-18,3185749.7896586726,12165.34333867245,0.0,-0.003936963812180561,0.0038186750818167262,"{'511880.SH': 0.13198166452521337, '511260.SH': 0.39356320577026044, '511360.SH': 0.26631922028343036, '512890.SH': 0.20431723433927904}"
2022-04-19,3191766.4406786724,12165.34333867245,0.0,0.0018886138012252918,0.0038114766743664696,"{'511880.SH': 0.1317472640355811, '511260.SH': 0.3924894328212901, '511360.SH': 0.26584510983816795, '512890.SH': 0.20610671663059438}"
2022-04-20,3176296.3346386724,12165.34333867245,0.0,-0.004846879095799506,0.003830040417200667,"{'511880.SH': 0.13238762246905883, '511260.SH': 0.3938283674474287, '511360.SH': 0.26721385871465037, '512890.SH': 0.20274011095166142}"
2022-04-21,3166179.0341586727,12165.34333867245,0.0,-0.0031852508122957035,0.003842279039632724,"{'511880.SH': 0.13281593348423573, '511260.SH': 0.39574243480294824, '511360.SH': 0.26810865426173447, '512890.SH': 0.19949069841144876}"
2022-04-22,3175918.6562986723,12165.34333867245,0.0,0.0030761438424431464,0.003830495883307783,"{'511880.SH': 0.13241651487702674, '511260.SH': 0.39446142536283685, '511360.SH': 0.2672558373989343, '512890.SH': 0.2020357264778942}"
2022-04-25,3151909.6385586727,12165.34333867245,0.0,-0.007559708020979494,0.0038596738909797883,"{'511880.SH': 0.13343046985075274, '511260.SH': 0.39787692028299104, '511360.SH': 0.2693327212223624, '512890.SH': 0.195500214752914}"
2022-04-26,3153285.7985586724,12165.34333867245,0.0,0.00043661150153684325,0.0038579894484138027,"{'511880.SH': 0.13338548132625724, '511260.SH': 0.39804939361148917, '511360.SH': 0.2692922412513761, '512890.SH': 0.1954148943624637}"
2022-04-27,3155689.681678673,12165.34333867245,0.0,0.0007623422910474353,0.0038550505803222964,"{'511880.SH': 0.13329313666109416, '511260.SH': 0.39747491880531477, '511360.SH': 0.2691333070329695, '512890.SH': 0.19624358692029922}"
2022-04-28,3167327.6229386725,12165.34333867245,0.0,0.003687923222478906,0.0038408856887956998,"{'511880.SH': 0.1328350111156614, '511260.SH': 0.39551784631540665, '511360.SH': 0.26814441103254466, '512890.SH': 0.19966184584759156}"
2022-04-29,3179146.6930786725,12165.34333867245,0.0,0.0037315590766180406,0.003826606480650184,"{'511880.SH': 0.13237926545391573, '511260.SH': 0.3944715110914091, '511360.SH': 0.2672494483660414, '512890.SH': 0.20207316860798355}"
2022-05-05,3198704.4162585526,2978.116778552456,20000.0,-0.0001391180913680179,0.0009310384427567356,"{'511880.SH': 0.1356679586567097, '511260.SH': 0.39195925501190726, '511360.SH': 0.26559515648954846, '512890.SH': 0.2058465913990778}"
2022-05-06,3166456.9054453922,29509.348545392626,0.0,-0.010081428796374858,0.009319358963845382,"{'511880.SH': 0.10800527283724246, '511260.SH': 0.3181051977267691, '511360.SH': 0.06957915631856988, '512890.SH': 0.4949910141535732}"
2022-05-09,3175330.7000453924,29509.348545392626,0.0,0.0028024365607943746,0.009293315038011877,"{'511880.SH': 0.1077109206279241, '511260.SH': 0.3175601835694107, '511360.SH': 0.06939330760000843, '512890.SH': 0.49604227316464494}"
2022-05-10,3192537.238245392,29509.348545392626,0.0,0.005418817699760714,0.009243227672298309,"{'511880.SH': 0.10713784005475999, '511260.SH': 0.3163820261514401, '511360.SH': 0.06902522462701553, '512890.SH': 0.49821168149448614}"
2022-05-11,3193488.788145392,29509.348545392626,0.0,0.00029805444039965323,0.009240473508137814,"{'511880.SH': 0.10710379171195886, '511260.SH': 0.3159780625333009, '511360.SH': 0.0690092605986524, '512890.SH': 0.4986684116479501}"
2022-05-12,3190544.8673453922,29509.348545392626,0.0,-0.0009218509897164218,0.009248999707672217,"{'511880.SH': 0.10721006073316897, '511260.SH': 0.3165364669641146, '511360.SH': 0.06908741583797252, '512890.SH': 0.4979170567570718}"
2022-05-13,3220013.5448453925,29509.348545392626,0.0,0.009236252340973694,0.009164355408576241,"{'511880.SH': 0.10625313938436477, '511260.SH': 0.31375178580141916, '511360.SH': 0.06846753808005661, '512890.SH': 0.5023631813255832}"
2022-05-16,3233072.654145392,29509.348545392626,0.0,0.004055606946407053,0.009127338511108382,"{'511880.SH': 0.10583025579746624, '511260.SH': 0.31231157107012303, '511360.SH': 0.06821241697653554, '512890.SH': 0.5045184176447668}"
2022-05-17,3217957.387945392,29509.348545392626,0.0,-0.004675201524042327,0.009170211096000191,"{'511880.SH': 0.10632419443517072, '511260.SH': 0.3138774316228268, '511360.SH': 0.06854456831102795, '512890.SH': 0.5020835945349744}"
2022-05-18,3210652.702345392,29509.348545392626,0.0,-0.002269975863373297,0.00919107461353137,"{'511880.SH': 0.10657243766977531, '511260.SH': 0.31470672591336, '511360.SH': 0.06871163606043229, '512890.SH': 0.5008181257429011}"
2022-05-19,3220196.139845392,29509.348545392626,0.0,0.002972429093009099,0.0091638357615103,"{'511880.SH': 0.10626291944329487, '511260.SH': 0.31372598317831174, '511360.SH': 0.06851256582482351, '512890.SH': 0.5023346957920597}"
2022-05-20,3226143.0405453923,29509.348545392626,0.0,0.0018467510802884224,0.009146943633473844,"{'511880.SH': 0.10606809174281104, '511260.SH': 0.313184997472769, '511360.SH': 0.06839408458550505, '512890.SH': 0.5032058825654411}"
2022-05-23,3215719.469145392,29509.348545392626,0.0,-0.0032309700062890245,0.009176592929990568,"{'511880.SH': 0.10642034645234388, '511260.SH': 0.31454516157431256, '511360.SH': 0.06862688182767668, '512890.SH': 0.5012310172156764}"
2022-05-24,3187691.3396453923,29509.348545392626,0.0,-0.008715974689001316,0.009257279140669664,"{'511880.SH': 0.10736989643359704, '511260.SH': 0.31758871613730943, '511360.SH': 0.06924017305406774, '512890.SH': 0.4965439352343562}"
2022-05-25,3213983.792345392,29509.348545392626,0.0,0.008248117492744678,0.009181548648650246,"{'511880.SH': 0.10649365308411547, '511260.SH': 0.31535722190445886, '511360.SH': 0.0686685167876797, '512890.SH': 0.5002990595750958}"
2022-05-26,3233492.7594453925,29509.348545392626,0.0,0.006070026596420419,0.00912615265928539,"{'511880.SH': 0.1058595285237968, '511260.SH': 0.31410616183789003, '511360.SH': 0.06824836683347052, '512890.SH': 0.5026597901455573}"
2022-05-27,3241479.6330453926,29509.348545392626,0.0,0.0024700453021486712,0.00910366619137705,"{'511880.SH': 0.10560916240537309, '511260.SH': 0.31338527925459114, '511360.SH': 0.06809575409629265, '512890.SH': 0.5038061380523661}"
2022-05-30,3242138.8109453926,29509.348545392626,0.0,0.00020335710065233492,0.009101815272612538,"{'511880.SH': 0.10558141121051635, '511260.SH': 0.31293959301642277, '511360.SH': 0.06807737511264675, '512890.SH': 0.5042998053878016}"
2022-05-31,3236656.711145392,29509.348545392626,0.0,-0.0016908899093071028,0.009117231507369164,"{'511880.SH': 0.10576443334914509, '511260.SH': 0.3129568225483949, '511360.SH': 0.06820176487665948, '512890.SH': 0.5039597477184314}"
2022-06-01,3259249.3465422424,7845.320642242628,20000.0,0.0008010226688306421,0.0024070943361746092,"{'511880.SH': 0.10908068459910088, '511260.SH': 0.31458010449177254, '511360.SH': 0.07096296582689285, '512890.SH': 0.5029691507460591}"
2022-06-02,3253506.712415313,29906.483575312857,0.0,-0.0017619499204692968,0.009192076801683042,"{'511880.SH': 0.1780678151943662, '511260.SH': 0.39812581146894316, '511360.SH': 0.20681979767623268, '512890.SH': 0.20779449885877482}"
2022-06-06,3252020.674855313,29906.483575312857,0.0,-0.00045674949872687165,0.00919627719668278,"{'511880.SH': 0.17818096683096288, '511260.SH': 0.398084492515595, '511360.SH': 0.20689659361711632, '512890.SH': 0.207641669839643}"
2022-06-07,3253004.372415313,29906.483575312857,0.0,0.00030248810150745875,0.009193496273448808,"{'511880.SH': 0.17814826715702078, '511260.SH': 0.3979877835327762, '511360.SH': 0.20684386584467063, '512890.SH': 0.20782658719208352}"
2022-06-08,3257123.508215313,29906.483575312857,0.0,0.0012662558448826022,0.009181869677302971,"{'511880.SH': 0.17793002277569434, '511260.SH': 0.39753850191253015, '511360.SH': 0.2065488761181872, '512890.SH': 0.2088007295162853}"
2022-06-09,3261551.8828953127,29906.483575312857,0.0,0.0013595967941744114,0.00916940298639817,"{'511880.SH': 0.17770076172619417, '511260.SH': 0.3975990714116209, '511360.SH': 0.20627235872843974, '512890.SH': 0.20925840514734703}"
2022-06-10,3262851.824015313,29906.483575312857,0.0,0.00039856521271897094,0.009165749837364512,"{'511880.SH': 0.17760708706865272, '511260.SH': 0.3973091853140543, '511360.SH': 0.20624902272510973, '512890.SH': 0.20966895505481872}"
2022-06-13,3252704.342175313,29906.483575312857,0.0,-0.0031100038822824416,0.009194344283782116,"{'511880.SH': 0.1782211892066136, '511260.SH': 0.3988056901392006, '511360.SH': 0.2069239405724394, '512890.SH': 0.20685483579796432}"
2022-06-14,3259743.1753353127,29906.483575312857,0.0,0.0021639941474953517,0.009174490739515555,"{'511880.SH': 0.17785749024242137, '511260.SH': 0.39736750115804986, '511360.SH': 0.2064731985920231, '512890.SH': 0.20912731926799016}"
2022-06-15,3264588.310695313,29906.483575312857,0.0,0.0014863549363828277,0.00916087442858704,"{'511880.SH': 0.17758824661003597, '511260.SH': 0.3967979655370699, '511360.SH': 0.2061549990224212, '512890.SH': 0.21029791440188583}"
2022-06-16,3253370.220415313,29906.483575312857,0.0,-0.00343629554858349,0.00919246244637203,"{'511880.SH': 0.17820589134365064, '511260.SH': 0.3979227423538467, '511360.SH': 0.2068756871801949, '512890.SH': 0.2078032166759357}"
2022-06-17,3251648.001735313,29906.483575312857,0.0,-0.0005293644938386688,0.009197331186940471,"{'511880.SH': 0.17831970179138687, '511260.SH': 0.39826881609229503, '511360.SH': 0.20704430480811986, '512890.SH': 0.20716984612125772}"
2022-06-20,3248604.899055313,29906.483575312857,0.0,-0.0009358647302463163,0.009205946707772803,"{'511880.SH': 0.17850264898899498, '511260.SH': 0.3984353407754808, '511360.SH': 0.2072362817022696, '512890.SH': 0.20661978182548177}"
2022-06-21,3251395.0477353125,29906.483575312857,0.0,0.0008588759688230585,0.009198046726479317,"{'511880.SH': 0.17835653296080456, '511260.SH': 0.39815770799728034, '511360.SH': 0.2071017486690892, '512890.SH': 0.20718596364634662}"
2022-06-22,3243511.8485753126,29906.483575312857,0.0,-0.0024245590105977932,0.009220402135558421,"{'511880.SH': 0.17881657446534616, '511260.SH': 0.39936959088618, '511360.SH': 0.2076366702023356, '512890.SH': 0.20495676231057988}"
2022-06-23,3245600.441255313,29906.483575312857,0.0,0.000643929412780686,0.009214468668159849,"{'511880.SH': 0.17867673501292256, '511260.SH': 0.3990380280756563, '511360.SH': 0.20750108098319126, '512890.SH': 0.20556968726007}"
2022-06-24,3243129.4225753127,29906.483575312857,0.0,-0.0007613440793853288,0.009221489394513475,"{'511880.SH': 0.17883234876869353, '511260.SH': 0.3992606619355261, '511360.SH': 0.20770456933078413, '512890.SH': 0.20498093057048272}"
2022-06-27,3248054.7781753126,29906.483575312857,0.0,0.0015187046084916833,0.009207505912850914,"{'511880.SH': 0.1785788453746001, '511260.SH': 0.3976730961186649, '511360.SH': 0.20738960578073168, '512890.SH': 0.20715094681315246}"
2022-06-28,3251607.056415313,29906.483575312857,0.0,0.0010936632792861722,0.009197447002800771,"{'511880.SH': 0.17840494436604096, '511260.SH': 0.39730292670240624, '511360.SH': 0.20717878523202343, '512890.SH': 0.2079158966967286}"
2022-06-29,3256245.2377753127,29906.483575312857,0.0,0.0014264273879123213,0.009184346199841249,"{'511880.SH': 0.17816845895684721, '511260.SH': 0.39664917894280605, '511360.SH': 0.20689350795343453, '512890.SH': 0.20910450794707097}"
2022-06-30,3260532.5024553128,29906.483575312857,0.0,0.001316628314803836,0.009172269729803971,"{'511880.SH': 0.17793770789375887, '511260.SH': 0.39662693103845975, '511360.SH': 0.20669212758729016, '512890.SH': 0.20957096375068723}"
2022-07-01,3280831.028724813,23606.919364812853,20000.0,9.155751990674865e-05,0.00719540846758827,"{'511880.SH': 0.17687355944860925, '511260.SH': 0.39787480323464414, '511360.SH': 0.20856545003659027, '512890.SH': 0.20949077881256806}"
2022-07-04,3276793.367029273,21261.004729272914,0.0,-0.0012306826106522895,0.006488356862290664,"{'511880.SH': 0.08050171324630964, '511260.SH': 0.5769538656366278, '511360.SH': 0.16706906377081585, '512890.SH': 0.1689870004839561}"
2022-07-05,3278900.489729273,21261.004729272914,0.0,0.0006430441178262303,0.006484187243824639,"{'511880.SH': 0.08046908432460088, '511260.SH': 0.5765830972674918, '511360.SH': 0.1669870743912719, '512890.SH': 0.1694765567728107}"
2022-07-06,3269599.3735292726,21261.004729272914,0.0,-0.002836657052916025,0.006502632983539922,"{'511880.SH': 0.08070438297006774, '511260.SH': 0.5789570169744384, '511360.SH': 0.16747642063832735, '512890.SH': 0.16635954643362674}"
2022-07-07,3273028.0353292725,21261.004729272914,0.0,0.0010486489041312552,0.006495821147811836,"{'511880.SH': 0.08061505650178631, '511260.SH': 0.5789604853810438, '511360.SH': 0.16734387670617626, '512890.SH': 0.16658476026318184}"
2022-07-08,3272295.415329273,21261.004729272914,0.0,-0.00022383554069560496,0.006497275468979483,"{'511880.SH': 0.0806394858984477, '511260.SH': 0.5788391815503015, '511360.SH': 0.1674020008810479, '512890.SH': 0.16662205620122345}"
2022-07-11,3271067.280829273,21261.004729272914,0.0,-0.00037531284438641066,0.0064997148954646,"{'511880.SH': 0.08067534762938232, '511260.SH': 0.5796668295735262, '511360.SH': 0.16747280106727713, '512890.SH': 0.16568530683434965}"
2022-07-12,3275987.0571292727,21261.004729272914,0.0,0.0015040278531819329,0.006489953824147218,"{'511880.SH': 0.08055817541332429, '511260.SH': 0.5788749366005713, '511360.SH': 0.16724351789109645, '512890.SH': 0.1668334162708607}"
2022-07-13,3277918.5371292727,21261.004729272914,0.0,0.0005895871889349813,0.006486129685179066,"{'511880.SH': 0.080509114857723, '511260.SH': 0.5791183272243522, '511360.SH': 0.16715131684750345, '512890.SH': 0.16673511138524233}"
2022-07-14,3268960.6745292726,21261.004729272914,0.0,-0.0027327898782515403,0.00650390348679691,"{'511880.SH': 0.08072893383399336, '511260.SH': 0.5807545238436914, '511360.SH': 0.16762049304215124, '512890.SH': 0.16439214579336714}"
2022-07-15,3263685.133729273,21261.004729272914,0.0,-0.0016138281629096696,0.006514416635828737,"{'511880.SH': 0.08087462153507328, '511260.SH': 0.5824431040711059, '511360.SH': 0.16791374705126771, '512890.SH': 0.16225411070672438}"
2022-07-18,3272780.658129273,21261.004729272914,0.0,0.002786887836084606,0.0064963121425392865,"{'511880.SH': 0.08065384685782193, '511260.SH': 0.5803669107130779, '511360.SH': 0.16748363463908886, '512890.SH': 0.164999295647472}"
2022-07-19,3272531.469029273,21261.004729272914,0.0,-7.613987187959914e-05,0.006496806808577319,"{'511880.SH': 0.08066397603757884, '511260.SH': 0.5800962398577378, '511360.SH': 0.16753134543962914, '512890.SH': 0.16521163185647694}"
2022-07-20,3275937.0026292726,21261.004729272914,0.0,0.0010406419715836002,0.006490052987041203,"{'511880.SH': 0.08057932426299254, '511260.SH': 0.5797241822647222, '511360.SH': 0.1673682978518644, '512890.SH': 0.16583814263337976}"
2022-07-21,3269655.8809292726,21261.004729272914,0.0,-0.0019173511868386672,0.00650252060263611,"{'511880.SH': 0.08073970766763712, '511260.SH': 0.5815026012644564, '511360.SH': 0.16769777003082142, '512890.SH': 0.1635574004344489}"
2022-07-22,3268655.258229273,21261.004729272914,0.0,-0.00030603303113208025,0.00650451119791404,"{'511880.SH': 0.08077720014530819, '511260.SH': 0.5819219678218452, '511360.SH': 0.16778887850568502, '512890.SH': 0.16300744232924755}"
2022-07-25,3270084.6391292727,21261.004729272914,0.0,0.00043729937453673706,0.006501668022554332,"{'511880.SH': 0.08075146950028564, '511260.SH': 0.581879312000517, '511360.SH': 0.1677314383355069, '512890.SH': 0.16313611214113619}"
2022-07-26,3277990.8472292726,21261.004729272914,0.0,0.00241773806261647,0.006485986605863715,"{'511880.SH': 0.08055351961192687, '511260.SH': 0.5810849049838037, '511360.SH': 0.1673379901178333, '512890.SH': 0.16453759868057252}"
2022-07-27,3277152.494529273,21261.004729272914,0.0,-0.0002557519953749754,0.006487645834231105,"{'511880.SH': 0.08057651587492866, '511260.SH': 0.58156271433251, '511360.SH': 0.1673919052945371, '512890.SH': 0.16398121866379317}"
2022-07-28,3278178.5663292725,21261.004729272914,0.0,0.0003130985822943355,0.006485615197307522,"{'511880.SH': 0.08055527624771716, '511260.SH': 0.5812971933782679, '511360.SH': 0.16733316654383304, '512890.SH': 0.1643287486328745}"
2022-07-29,3280460.1800292726,21261.004729272914,0.0,0.0006960004325069491,0.0064811043458796675,"{'511880.SH': 0.08051038741693956, '511260.SH': 0.5829247407547975, '511360.SH': 0.1672643378939304, '512890.SH': 0.162819429588453}"
2022-08-01,3302604.9154387726,5614.009138772919,20000.0,0.0006537910207100595,0.0016998730646009049,"{'511880.SH': 0.07997449793806455, '511260.SH': 0.5796303369655932, '511360.SH': 0.169374755480155, '512890.SH': 0.1693205365515865}"
2022-08-02,3276816.862495973,10991.71583597298,0.0,-0.007808397796008726,0.003354388205754202,"{'511880.SH': 0.12090582770567848, '511260.SH': 0.2070605494513912, '511360.SH': 0.1288323448379834, '512890.SH': 0.5398468897991927}"
2022-08-03,3252737.7272359733,10991.71583597298,0.0,-0.007348331100096361,0.003379219831939304,"{'511880.SH': 0.12181410037528521, '511260.SH': 0.208588105434662, '511360.SH': 0.1298438532143481, '512890.SH': 0.5363747211437653}"
2022-08-04,3264783.195535973,10991.71583597298,0.0,0.003703178463833723,0.003366752147892164,"{'511880.SH': 0.1213766569681652, '511260.SH': 0.20809786111646075, '511360.SH': 0.12938071985225819, '512890.SH': 0.5377780099152236}"
2022-08-05,3273230.310175973,10991.71583597298,0.0,0.0025873432121157336,0.0033580636846119306,"{'511880.SH': 0.12106820860359663, '511260.SH': 0.20743544928358462, '511360.SH': 0.12904927547774384, '512890.SH': 0.539089002950463}"
2022-08-08,3290243.994455973,10991.71583597298,0.0,0.005197826815640516,0.0033406993081649588,"{'511880.SH': 0.1204481204639436, '511260.SH': 0.20614106465746967, '511360.SH': 0.12839898825492804, '512890.SH': 0.5416711273154936}"
2022-08-09,3298642.539095973,10991.71583597298,0.0,0.0025525598266120664,0.0033321936844315884,"{'511880.SH': 0.12014857333059722, '511260.SH': 0.20547106634529466, '511360.SH': 0.12807813971737175, '512890.SH': 0.5429700269223047}"
2022-08-10,3293130.008115973,10991.71583597298,0.0,-0.0016711513644370735,0.003337771606005143,"{'511880.SH': 0.12035445124340871, '511260.SH': 0.20615426610150756, '511360.SH': 0.12828646271444813, '512890.SH': 0.5418670483346305}"
2022-08-11,3309877.257395973,10991.71583597298,0.0,0.005085511121251329,0.003320883217470321,"{'511880.SH': 0.11974075295825565, '511260.SH': 0.2048631859338099, '511360.SH': 0.12761198290848558, '512890.SH': 0.5444631949819785}"
2022-08-12,3324903.328015973,10991.71583597298,0.0,0.00453976671987566,0.0033058753147364216,"{'511880.SH': 0.11921727668290744, '511260.SH': 0.2037882107099701, '511360.SH': 0.1270364754490603, '512890.SH': 0.5466521618433257}"
2022-08-15,3328081.7330159727,10991.71583597298,0.0,0.0009559390714364291,0.003302718117446014,"{'511880.SH': 0.11911165554241436, '511260.SH': 0.20453557172201006, '511360.SH': 0.12691995987046054, '512890.SH': 0.546130094747669}"
2022-08-16,3333627.705335973,10991.71583597298,0.0,0.0016664171029761032,0.003297223567700462,"{'511880.SH': 0.11891701924766883, '511260.SH': 0.20451845864752535, '511360.SH': 0.12672080908249628, '512890.SH': 0.546546489454609}"
2022-08-17,3338101.7326559727,10991.71583597298,0.0,0.0013420896739124721,0.0032928043290122804,"{'511880.SH': 0.11875763585089509, '511260.SH': 0.2042494670938381, '511360.SH': 0.1265629491956353, '512890.SH': 0.5471371435306193}"
2022-08-18,3325856.8706959733,10991.71583597298,0.0,-0.0036682111393462336,0.003304927500885761,"{'511880.SH': 0.11920428491471342, '511260.SH': 0.20530651995770108, '511360.SH': 0.12701689111221423, '512890.SH': 0.5451673765144854}"
2022-08-19,3344714.4049759726,10991.71583597298,0.0,0.005669977696921569,0.003286294285580996,"{'511880.SH': 0.11854976748092441, '511260.SH': 0.20446086487462375, '511360.SH': 0.12632707873993662, '512890.SH': 0.5473759946189343}"
2022-08-22,3352987.6296159727,10991.71583597298,0.0,0.0024735219926974583,0.003278185621350441,"{'511880.SH': 0.11825492032769984, '511260.SH': 0.20377957674668096, '511360.SH': 0.1260273065929557, '512890.SH': 0.5486600107113131}"
2022-08-23,3357533.476935973,10991.71583597298,0.0,0.0013557602419549397,0.0032737472050476265,"{'511880.SH': 0.11810414035301722, '511260.SH': 0.20351725595408876, '511360.SH': 0.12587216267629764, '512890.SH': 0.5492326938115487}"
2022-08-24,3342212.096315973,10991.71583597298,0.0,-0.004563284543623314,0.0032887547286687287,"{'511880.SH': 0.11865843895339281, '511260.SH': 0.20445704231434783, '511360.SH': 0.12647072891212427, '512890.SH': 0.5471250350914663}"
2022-08-25,3376770.4098759727,10991.71583597298,0.0,0.0103399522723564,0.0032550971791939806,"{'511880.SH': 0.11743595710274105, '511260.SH': 0.2021603535743709, '511360.SH': 0.12515864234178808, '512890.SH': 0.551989949801906}"
2022-08-26,3376085.329875973,10991.71583597298,0.0,-0.00020288024261172488,0.0032557577081076864,"{'511880.SH': 0.11746906438960455, '511260.SH': 0.20197851457298643, '511360.SH': 0.12519470294772658, '512890.SH': 0.5521019603815747}"
2022-08-29,3389775.7418359728,10991.71583597298,0.0,0.004055114318008757,0.00324260855970951,"{'511880.SH': 0.11699694764621708, '511260.SH': 0.20132084007137901, '511360.SH': 0.12465839400075787, '512890.SH': 0.5537812097219366}"
2022-08-30,3395167.319155973,10991.71583597298,0.0,0.001590541006432522,0.003237459248018882,"{'511880.SH': 0.11682268581054836, '511260.SH': 0.20126136233246675, '511360.SH': 0.1244757504631792, '512890.SH': 0.5542027421457868}"
2022-08-31,3384255.105855973,10991.71583597298,0.0,-0.0032140428657025932,0.003247898131838045,"{'511880.SH': 0.11720746740209868, '511260.SH': 0.20192883769829, '511360.SH': 0.12488893029034773, '512890.SH': 0.5527268664774254}"
2022-09-01,3420278.7223759727,7001.5267359729805,20000.0,0.004734754331100266,0.002047063208670086,"{'511880.SH': 0.11597757440201846, '511260.SH': 0.20697307367635748, '511360.SH': 0.12357706324775318, '512890.SH': 0.5514252254652009}"
2022-09-02,3421585.966226843,21943.528846843183,0.0,0.00038220389534870947,0.0064132624646696884,"{'511880.SH': 0.1352648193172172, '511260.SH': 0.3898673636047879, '511360.SH': 0.2625853942786584, '512890.SH': 0.20586916033466685}"
2022-09-05,3433301.019526843,21943.528846843183,0.0,0.00342386642207293,0.006391379235913112,"{'511880.SH': 0.13481125303827476, '511260.SH': 0.3882881205050064, '511360.SH': 0.2617389197419816, '512890.SH': 0.20877032747882415}"
2022-09-06,3441545.709946843,21943.528846843183,0.0,0.0024013887431100223,0.006376067818428631,"{'511880.SH': 0.1344909486926876, '511260.SH': 0.3870676470023045, '511360.SH': 0.2611588151807179, '512890.SH': 0.21090652130586143}"
2022-09-07,3443193.523886843,21943.528846843183,0.0,0.0004788005387339478,0.006373016414735895,"{'511880.SH': 0.1344279117014311, '511260.SH': 0.38685339373441946, '511360.SH': 0.2610609870645019, '512890.SH': 0.21128469108491163}"
2022-09-08,3443180.584606843,21943.528846843183,0.0,-3.757929930570114e-06,0.006373040364175029,"{'511880.SH': 0.13443504954964597, '511260.SH': 0.38660984147945826, '511360.SH': 0.26105703082158743, '512890.SH': 0.21152503778513332}"
2022-09-09,3452785.377526843,21943.528846843183,0.0,0.0027895118144367625,0.006355312145859719,"{'511880.SH': 0.13406769879556502, '511260.SH': 0.3856276178259645, '511360.SH': 0.26038499405485, '512890.SH': 0.2135643771777608}"
2022-09-13,3447199.868926843,21943.528846843183,0.0,-0.0016176819550830501,0.006365609677768548,"{'511880.SH': 0.1342968539982341, '511260.SH': 0.3858338508274718, '511360.SH': 0.26078963627945023, '512890.SH': 0.21271404921707526}"
2022-09-14,3438261.532446843,21943.528846843183,0.0,-0.0025929266708816234,0.0063821581458426875,"{'511880.SH': 0.13465528018472744, '511260.SH': 0.38640428817366007, '511360.SH': 0.2614502973426434, '512890.SH': 0.21110797615312638}"
2022-09-15,3445816.053926843,21943.528846843183,0.0,0.0021971922172610014,0.0063681660609353746,"{'511880.SH': 0.1343799481032399, '511260.SH': 0.38559257929216456, '511360.SH': 0.2608598328908603, '512890.SH': 0.21279947365279983}"
2022-09-16,3420349.551266843,21943.528846843183,0.0,-0.007390557784121565,0.006415580781419153,"{'511880.SH': 0.1354031870305377, '511260.SH': 0.38773010773381533, '511360.SH': 0.2628194827827024, '512890.SH': 0.2076316416715254}"
2022-09-19,3420601.995546843,21943.528846843183,0.0,7.380657333877494e-05,0.00641510730433142,"{'511880.SH': 0.1353945294141011, '511260.SH': 0.3880324871844107, '511360.SH': 0.2627826918098664, '512890.SH': 0.20737518428729043}"
2022-09-20,3419397.046946843,21943.528846843183,0.0,-0.0003522621461276021,0.006417367900120406,"{'511880.SH': 0.1354435763502605, '511260.SH': 0.38904894100783866, '511360.SH': 0.2628479488225902, '512890.SH': 0.20624216591919023}"
2022-09-21,3427774.493426843,21943.528846843183,0.0,0.002449977690505367,0.006401683917341253,"{'511880.SH': 0.13511921609433755, '511260.SH': 0.38834745475604326, '511360.SH': 0.2622278687596471, '512890.SH': 0.20790377647263086}"
2022-09-22,3424410.700546843,21943.528846843183,0.0,-0.0009813343574527345,0.006407972280701911,"{'511880.SH': 0.13525194347338024, '511260.SH': 0.3886803063042213, '511360.SH': 0.2625152409015792, '512890.SH': 0.2071445370401174}"
2022-09-23,3415112.4272868433,21943.528846843183,0.0,-0.002715291497750183,0.006425419166734827,"{'511880.SH': 0.1356402533921887, '511260.SH': 0.3888707409422147, '511360.SH': 0.2632872326005207, '512890.SH': 0.20577635389834104}"
2022-09-26,3397188.299706843,21943.528846843183,0.0,-0.005248473648125307,0.0064593207414310174,"{'511880.SH': 0.13635188032996948, '511260.SH': 0.3890469951618672, '511360.SH': 0.2646788816732921, '512890.SH': 0.20346292209344014}"
2022-09-27,3402786.519746843,21943.528846843183,0.0,0.0016478980692600231,0.006448693951119718,"{'511880.SH': 0.1361127908883505, '511260.SH': 0.38849501499093464, '511360.SH': 0.2641185377879255, '512890.SH': 0.2048249623816697}"
2022-09-28,3398823.948646843,21943.528846843183,0.0,-0.0011645076989121872,0.006456212260002302,"{'511880.SH': 0.13629029393664893, '511260.SH': 0.3890491887720294, '511360.SH': 0.2643539393553209, '512890.SH': 0.20385036567599843}"
2022-09-29,3388615.685386843,21943.528846843183,0.0,-0.003003469262967906,0.0064756617109083935,"{'511880.SH': 0.13668334815818012, '511260.SH': 0.38922867697504315, '511360.SH': 0.2650951253852353, '512890.SH': 0.2025171877706331}"
2022-09-30,3393313.255046843,21943.528846843183,0.0,0.0013862798547081834,0.006466697059048933,"{'511880.SH': 0.13660181146276199, '511260.SH': 0.38894172179272635, '511360.SH': 0.26502371941714103, '512890.SH': 0.2029660502683217}"
2022-10-10,3423341.7652737927,14149.772813793184,20000.0,0.00295537413530389,0.004133321702591243,"{'511880.SH': 0.13539824513049428, '511260.SH': 0.39018435540080243, '511360.SH': 0.26273129055464495, '512890.SH': 0.20755278721146714}"
2022-10-11,3417438.345274173,17322.239014173418,0.0,-0.0017244611857055725,0.005068778793954714,"{'511880.SH': 0.04263144372493766, '511260.SH': 0.3981181992299694, '511360.SH': 0.1053118633428122, '512890.SH': 0.44886971490832606}"
2022-10-12,3429398.329914173,17322.239014173418,0.0,0.0034996928785968606,0.005051101490040948,"{'511880.SH': 0.04248360426058942, '511260.SH': 0.39645718263180774, '511360.SH': 0.10496739234401185, '512890.SH': 0.45104071927355005}"
2022-10-13,3431961.073434173,17322.239014173418,0.0,0.0007472866297406622,0.0050473296880491755,"{'511880.SH': 0.04245439018170572, '511260.SH': 0.3963571179549659, '511360.SH': 0.10490387049750012, '512890.SH': 0.45123729167777915}"
2022-10-14,3436082.239454173,17322.239014173418,0.0,0.001200819569866507,0.005041276025141087,"{'511880.SH': 0.042403889035887904, '511260.SH': 0.39655191728369366, '511360.SH': 0.10477409296734076, '512890.SH': 0.4512288246879366}"
2022-10-17,3428965.2593741734,17322.239014173418,0.0,-0.0020712484696321365,0.005051739432710068,"{'511880.SH': 0.042493574877044284, '511260.SH': 0.3974281734918251, '511360.SH': 0.10499651433205527, '512890.SH': 0.45002999786636527}"
2022-10-18,3425428.046834173,17322.239014173418,0.0,-0.0010315684973273287,0.005056956029242204,"{'511880.SH': 0.0425403886777524, '511260.SH': 0.3978618675874864, '511360.SH': 0.10511486304106589, '512890.SH': 0.4494259246644531}"
2022-10-19,3417410.300734173,17322.239014173418,0.0,-0.0023406552379373613,0.0050688203902387804,"{'511880.SH': 0.04264145483751067, '511260.SH': 0.3991122165538573, '511360.SH': 0.10537540661202906, '512890.SH': 0.44780210160636413}"
2022-10-20,3404294.4951141733,17322.239014173418,0.0,-0.003837937053441376,0.0050883491539977545,"{'511880.SH': 0.04280784894172691, '511260.SH': 0.40002032784015307, '511360.SH': 0.10578238766265209, '512890.SH': 0.4463010864014701}"
2022-10-21,3411185.206174173,17322.239014173418,0.0,0.0020241230803883514,0.00507807051426599,"{'511880.SH': 0.042725163012611415, '511260.SH': 0.39961664864537333, '511360.SH': 0.10557069705514326, '512890.SH': 0.447009420772606}"
2022-10-24,3379075.269814173,17322.239014173418,0.0,-0.009413131923145523,0.0051263252905064845,"{'511880.SH': 0.043133711255865397, '511260.SH': 0.4036569448999016, '511360.SH': 0.1065769097294494, '512890.SH': 0.4415061088242771}"
2022-10-25,3367711.167194173,17322.239014173418,0.0,-0.0033630806396997004,0.005143623711829639,"{'511880.SH': 0.04327542662199958, '511260.SH': 0.4049208890844811, '511360.SH': 0.106925440491387, '512890.SH': 0.43973462009030273}"
2022-10-26,3356783.490574173,17322.239014173418,0.0,-0.003244837837178438,0.005160368270046059,"{'511880.SH': 0.043417588417378326, '511260.SH': 0.40624925731112393, '511360.SH': 0.10727859005836671, '512890.SH': 0.437894195943085}"
2022-10-27,3365106.9661341733,17322.239014173418,0.0,0.0024795985750563077,0.005147604277813838,"{'511880.SH': 0.04331360918593412, '511260.SH': 0.40608456543949106, '511360.SH': 0.1070112194423605, '512890.SH': 0.4384430016544005}"
2022-10-28,3340804.4843541733,17322.239014173418,0.0,-0.007221904689680203,0.005185050216287069,"{'511880.SH': 0.04363771486261711, '511260.SH': 0.40941396193809604, '511360.SH': 0.10780187876502487, '512890.SH': 0.43396139421797497}"
2022-10-31,3307391.709454173,17322.239014173418,0.0,-0.010001415843543193,0.005237431951183111,"{'511880.SH': 0.04407899692778135, '511260.SH': 0.4145082652536036, '511360.SH': 0.1088991663643736, '512890.SH': 0.4272761395030583}"
2022-11-01,3340370.4231106536,23.471910653432133,20000.0,0.003924153773313455,7.026738858373193e-06,"{'511880.SH': 0.04364123660999466, '511260.SH': 0.4098118551550392, '511360.SH': 0.10782199408429771, '512890.SH': 0.43871788741180995}"
2022-11-02,3364096.739340483,8258.669540483563,0.0,0.007102899745991209,0.002454944129253144,"{'511880.SH': 0.11819957504490627, '511260.SH': 0.20296940097324956, '511360.SH': 0.12597140713708496, '512890.SH': 0.5504046727155061}"
2022-11-03,3351227.0975404833,8258.669540483563,0.0,-0.0038255861222715737,0.0024643717957952556,"{'511880.SH': 0.11865933534968268, '511260.SH': 0.20410093977277446, '511360.SH': 0.12644801073344178, '512890.SH': 0.5483273423483058}"
2022-11-04,3373630.215540483,8258.669540483563,0.0,0.006685049191814452,0.002448006750247954,"{'511880.SH': 0.11787832233897892, '511260.SH': 0.20244652091799606, '511360.SH': 0.1256023846502436, '512890.SH': 0.5516247653425336}"
2022-11-07,3390449.9701404837,8258.669540483563,0.0,0.004985654480601065,0.002435862382048765,"{'511880.SH': 0.11729238257526105, '511260.SH': 0.20157837632734085, '511360.SH': 0.12497220243083057, '512890.SH': 0.5537211762845187}"
2022-11-08,3386275.7845404833,8258.669540483563,0.0,-0.001231159768397161,0.002438865014535212,"{'511880.SH': 0.11744621534243067, '511260.SH': 0.20193795293397634, '511360.SH': 0.12515578380675546, '512890.SH': 0.5530211829023024}"
2022-11-09,3389274.527340483,8258.669540483563,0.0,0.0008855577604429676,0.002436707169591254,"{'511880.SH': 0.11734923264303768, '511260.SH': 0.2019476423283667, '511360.SH': 0.12504386899946884, '512890.SH': 0.5532225488595356}"
2022-11-10,3389072.6373404833,8258.669540483563,0.0,-5.956731990020003e-05,0.0024368523263533274,"{'511880.SH': 0.11737239580446227, '511260.SH': 0.2019075343681558, '511360.SH': 0.12502771269385163, '512890.SH': 0.553255504807177}"
2022-11-11,3441247.4917404833,8258.669540483563,0.0,0.015395023944055453,0.002399905720325441,"{'511880.SH': 0.11558829057041187, '511260.SH': 0.19837753652955872, '511360.SH': 0.12312162987896835, '512890.SH': 0.5605126373007355}"
2022-11-14,3423244.154940483,8258.669540483563,0.0,-0.005231630925474184,0.0024125271720874812,"{'511880.SH': 0.11618703691525477, '511260.SH': 0.19836017218345497, '511360.SH': 0.12368267667643508, '512890.SH': 0.5593575870527677}"
2022-11-15,3436188.356740483,8258.669540483563,0.0,0.0037812674802404356,0.002403439125880053,"{'511880.SH': 0.1157482182895478, '511260.SH': 0.19739729886152685, '511360.SH': 0.1231131579763833, '512890.SH': 0.561337885746662}"
2022-11-16,3427115.2283404833,8258.669540483563,0.0,-0.002640463053255493,0.002409802119341832,"{'511880.SH': 0.11607978824588175, '511260.SH': 0.19733611359413863, '511360.SH': 0.1233994108230739, '512890.SH': 0.5607748852175639}"
2022-11-17,3424264.0927404836,8258.669540483563,0.0,-0.0008319345601286443,0.0024118085862571545,"{'511880.SH': 0.11617415281822689, '511260.SH': 0.19808635713524875, '511360.SH': 0.12345309489890391, '512890.SH': 0.5598745865613632}"
2022-11-18,3417390.884340483,8258.669540483563,0.0,-0.00200720745066707,0.002416659322855714,"{'511880.SH': 0.11641926354490771, '511260.SH': 0.1984280472881482, '511360.SH': 0.12379034600299807, '512890.SH': 0.5589456838410902}"
2022-11-21,3404810.1725404835,8258.669540483563,0.0,-0.0036813792234444698,0.002425588835198232,"{'511880.SH': 0.11685747951790378, '511260.SH': 0.1995127967716159, '511360.SH': 0.12431823759624507, '512890.SH': 0.556885897279037}"
2022-11-22,3425056.1677404833,8258.669540483563,0.0,0.005946291914680657,0.0024112508338605797,"{'511880.SH': 0.11617586267570651, '511260.SH': 0.19805053312381105, '511360.SH': 0.12361724283176215, '512890.SH': 0.5597451105348598}"
2022-11-23,3445235.6151404832,8258.669540483563,0.0,0.005891712839650287,0.0023971276461295975,"{'511880.SH': 0.11548971520305605, '511260.SH': 0.19726441843725329, '511360.SH': 0.12294659852537489, '512890.SH': 0.5619021401881862}"
2022-11-24,3451707.0707404832,8258.669540483563,0.0,0.0018783782367628454,0.00239263337566819,"{'511880.SH': 0.1152845307683174, '511260.SH': 0.19738668028218237, '511360.SH': 0.12273115629974929, '512890.SH': 0.5622049992740827}"
2022-11-25,3497516.646740483,8258.669540483563,0.0,0.013271571156289408,0.002361295277373517,"{'511880.SH': 0.11378351847756875, '511260.SH': 0.19446889570457787, '511360.SH': 0.12115910881937336, '512890.SH': 0.5682271817211065}"
2022-11-28,3474740.8565404834,8258.669540483563,0.0,-0.006511989076942837,0.002376772795858523,"{'511880.SH': 0.11452820553536536, '511260.SH': 0.19524161024066744, '511360.SH': 0.12196477881286928, '512890.SH': 0.5658886326152394}"
2022-11-29,3527985.3937404836,8258.669540483563,0.0,0.015323311693814068,0.0023409024184557225,"{'511880.SH': 0.11279752056401876, '511260.SH': 0.19159543608068638, '511360.SH': 0.11999369406435256, '512890.SH': 0.5732724468724866}"
2022-11-30,3529346.8637404833,8258.669540483563,0.0,0.00038590579269848213,0.0023399993991326867,"{'511880.SH': 0.11277397500629077, '511260.SH': 0.19176378126878432, '511360.SH': 0.12007094127066804, '512890.SH': 0.5730513030551242}"
2022-12-01,3535910.3091404834,4501.196740483567,20000.0,-0.0038070938104847185,0.0012729951686975135,"{'511880.SH': 0.11255246180063337, '511260.SH': 0.198329125653209, '511360.SH': 0.1198299625713628, '512890.SH': 0.5680154548060973}"
2022-12-02,3526476.9325453336,27076.530205333605,0.0,-0.0026678777939486142,0.007678068146553949,"{'511880.SH': 0.0790068043345746, '511260.SH': 0.5768263167205193, '511360.SH': 0.16825676485333774, '512890.SH': 0.16823204594501437}"
2022-12-05,3535165.2806453337,27076.530205333605,0.0,0.0024637473223818596,0.007659197818437181,"{'511880.SH': 0.07881728119629432, '511260.SH': 0.5748862467977753, '511360.SH': 0.1678606664443349, '512890.SH': 0.1707766077431582}"
2022-12-06,3527364.6434453335,27076.530205333605,0.0,-0.0022065834496360903,0.0076761358527670555,"{'511880.SH': 0.07899857504605012, '511260.SH': 0.5748971555204135, '511360.SH': 0.16826204829798405, '512890.SH': 0.1701660852827852}"
2022-12-07,3524269.444245334,27076.530205333605,0.0,-0.0008774820617855061,0.007682877439903467,"{'511880.SH': 0.07907184379872886, '511260.SH': 0.5755185101729146, '511360.SH': 0.16840029100756965, '512890.SH': 0.16932647758088343}"
2022-12-08,3532677.0864453334,27076.530205333605,0.0,0.0023856411471967487,0.007664592472724043,"{'511880.SH': 0.07888443146112961, '511260.SH': 0.5755428674195249, '511360.SH': 0.16799791927690075, '512890.SH': 0.16991018936972072}"
2022-12-09,3527317.589585333,27076.530205333605,0.0,-0.001517120509135772,0.0076762382512079634,"{'511880.SH': 0.07901128291449462, '511260.SH': 0.5757386593132771, '511360.SH': 0.16819602571418732, '512890.SH': 0.16937779380683304}"
2022-12-12,3515721.2253053337,27076.530205333605,0.0,-0.0032875872346279644,0.007701557794299251,"{'511880.SH': 0.0792742346844622, '511260.SH': 0.5777349709585117, '511360.SH': 0.16872373034880855, '512890.SH': 0.16656550621391827}"
2022-12-13,3514564.1273253337,27076.530205333605,0.0,-0.00032912108379690164,0.007704093373860128,"{'511880.SH': 0.07930189360696231, '511260.SH': 0.5770104702978661, '511360.SH': 0.1687681255801693, '512890.SH': 0.16721541714114216}"
2022-12-14,3516749.7684653336,27076.530205333605,0.0,0.000621881138263225,0.007699305321103205,"{'511880.SH': 0.0792565042583716, '511260.SH': 0.578086282461652, '511360.SH': 0.1686393514028168, '512890.SH': 0.1663185565560564}"
2022-12-15,3512580.9985853336,27076.530205333605,0.0,-0.00118540418126456,0.007708442941597214,"{'511880.SH': 0.0793700716402788, '511260.SH': 0.5789330127387802, '511360.SH': 0.16886181421549656, '512890.SH': 0.16512665846384725}"
2022-12-16,3517218.6671253336,27076.530205333605,0.0,0.0013203022341314874,0.007698278886784025,"{'511880.SH': 0.07927554650103422, '511260.SH': 0.5782474427904332, '511360.SH': 0.16868055590211578, '512890.SH': 0.16609817591963275}"
2022-12-19,3512534.0640453333,27076.530205333605,0.0,-0.001331905554745938,0.007708545941943114,"{'511880.SH': 0.07938283527387915, '511260.SH': 0.5800507163348336, '511360.SH': 0.16891987072053127, '512890.SH': 0.16393803172881288}"
2022-12-20,3506009.2628253335,27076.530205333605,0.0,-0.0018575766386974557,0.007722891805343909,"{'511880.SH': 0.07953291437550082, '511260.SH': 0.5807936737620208, '511360.SH': 0.16929812658899715, '512890.SH': 0.16265239346813723}"
2022-12-21,3506815.1198253334,27076.530205333605,0.0,0.0002298502198909702,0.007721117104879549,"{'511880.SH': 0.07950994904855084, '511260.SH': 0.5809186485147432, '511360.SH': 0.16923526896095956, '512890.SH': 0.16261501637086684}"
2022-12-22,3504142.498965333,27076.530205333605,0.0,-0.0007621219735510776,0.007727006025961696,"{'511880.SH': 0.07957137361917498, '511260.SH': 0.5813812368080168, '511360.SH': 0.16937713011820976, '512890.SH': 0.16194325342863689}"
2022-12-23,3500542.442765333,27076.530205333605,0.0,-0.0010273715184422327,0.007734952696058124,"{'511880.SH': 0.07966181872078902, '511260.SH': 0.5819058712485817, '511360.SH': 0.16958331735896498, '512890.SH': 0.16111403997560617}"
2022-12-26,3499338.4402653337,27076.530205333605,0.0,-0.00034394740806176216,0.007737614028347757,"{'511880.SH': 0.07968531188393907, '511260.SH': 0.5816907209025652, '511360.SH': 0.16971687938677013, '512890.SH': 0.1611694737983778}"
2022-12-27,3505871.9701653337,27076.530205333605,0.0,0.0018670757377512448,0.0077231942397647515,"{'511880.SH': 0.07954697258578106, '511260.SH': 0.5804652358437463, '511360.SH': 0.16940698492534836, '512890.SH': 0.16285761240535948}"
2022-12-28,3505713.7918253336,27076.530205333605,0.0,-4.5118116504538897e-05,0.007723542711464635,"{'511880.SH': 0.07955368865260046, '511260.SH': 0.5806084925547205, '511360.SH': 0.1694481738312986, '512890.SH': 0.16266610224991584}"
2022-12-29,3505203.5914653335,27076.530205333605,0.0,-0.0001455339455234128,0.0077246669127182975,"{'511880.SH': 0.07953555827079759, '511260.SH': 0.5813711092165399, '511360.SH': 0.16947443550680127, '512890.SH': 0.161894230093143}"
2022-12-30,3511594.1344053335,27076.530205333605,0.0,0.0018231588474804106,0.00771060924724971,"{'511880.SH': 0.0795017007645381, '511260.SH': 0.5811019787301137, '511360.SH': 0.16929200165117383, '512890.SH': 0.16239370960692473}"
2023-01-03,3534337.825335373,19579.04841537361,20000.0,0.0007813234744749042,0.005539665245077628,"{'511880.SH': 0.07895855412562872, '511260.SH': 0.5773964179008148, '511360.SH': 0.16816298536589455, '512890.SH': 0.16994237736258438}"
2023-01-04,3545430.9842811534,868.2428811537684,0.0,0.0031386809903288793,0.0002448906451721009,"{'511880.SH': 0.11994493337633588, '511260.SH': 0.20549769639578, '511360.SH': 0.12876722238398441, '512890.SH': 0.5455452571987276}"
2023-01-05,3543121.891601153,868.2428811537684,0.0,-0.0006512868788696169,0.00024505024318014797,"{'511880.SH': 0.12001590973429258, '511260.SH': 0.20563506486386973, '511360.SH': 0.12886327763160024, '512890.SH': 0.5452406975270574}"
2023-01-06,3544695.204121154,868.2428811537684,0.0,0.00044404696426902923,0.00024494147766056923,"{'511880.SH': 0.119985408772388, '511260.SH': 0.20528566155814643, '511360.SH': 0.12882549096720372, '512890.SH': 0.5456584972246012}"
2023-01-09,3542817.4882411533,868.2428811537684,0.0,-0.000529725624312416,0.000245071298207013,"{'511880.SH': 0.12005379762623793, '511260.SH': 0.20549432828994899, '511360.SH': 0.12891925748812683, '512890.SH': 0.5452875452974792}"
2023-01-10,3528448.7115211533,868.2428811537684,0.0,-0.004055748501776035,0.0002460692933749515,"{'511880.SH': 0.12056194985943461, '511260.SH': 0.20617037669406374, '511360.SH': 0.12949056011728877, '512890.SH': 0.543531044035838}"
2023-01-11,3536914.451841153,868.2428811537684,0.0,0.002399281104003892,0.00024548031708875555,"{'511880.SH': 0.12026617447265979, '511260.SH': 0.20544234526841584, '511360.SH': 0.12917089350639416, '512890.SH': 0.5448751064354415}"
2023-01-12,3532376.2956011533,868.2428811537684,0.0,-0.0012830834055479468,0.00024579569346419464,"{'511880.SH': 0.12041707675643057, '511260.SH': 0.20576154383809941, '511360.SH': 0.129324670355443, '512890.SH': 0.5442509133565628}"
2023-01-13,3553437.9225211535,868.2428811537684,0.0,0.0059624527959345475,0.00024433883469610545,"{'511880.SH': 0.11972008638275781, '511260.SH': 0.20450935568459302, '511360.SH': 0.12857750999511944, '512890.SH': 0.5469487091028336}"
2023-01-16,3554405.1000011535,868.2428811537684,0.0,0.00027218077284252296,0.0002442723484595176,"{'511880.SH': 0.11967675432377192, '511260.SH': 0.2040761476511961, '511360.SH': 0.1285449427246916, '512890.SH': 0.5474578829518808}"
2023-01-17,3549920.7496811533,868.2428811537684,0.0,-0.0012616317481647377,0.00024458091951257003,"{'511880.SH': 0.11984707794905361, '511260.SH': 0.20438377393781734, '511360.SH': 0.12869278843507514, '512890.SH': 0.5468317787585414}"
2023-01-18,3558927.2204011534,868.2428811537684,0.0,0.002537090643730311,0.0002439619658914807,"{'511880.SH': 0.1195724292086066, '511260.SH': 0.2037362820581283, '511360.SH': 0.12837073413052363, '512890.SH': 0.5480765926368499}"
2023-01-19,3565889.7309211534,868.2428811537684,0.0,0.001956350913862037,0.0002434856225712512,"{'511880.SH': 0.11934372511571358, '511260.SH': 0.20327518647435916, '511360.SH': 0.1281634976081949, '512890.SH': 0.5489741051791611}"
2023-01-20,3585795.7246811534,868.2428811537684,0.0,0.005582335759680923,0.00024213394956595636,"{'511880.SH': 0.11873688226840051, '511260.SH': 0.20238489744546997, '511360.SH': 0.1274915904588096, '512890.SH': 0.5511444958777539}"
2023-01-30,3574650.257921153,868.2428811537684,0.0,-0.0031082269085451752,0.00024288890339126414,"{'511880.SH': 0.11909877619400674, '511260.SH': 0.20315243383343545, '511360.SH': 0.127914360009562, '512890.SH': 0.5495915410596046}"
2023-01-31,3584648.932001153,868.2428811537684,0.0,0.0027971055511915033,0.00024221141250478504,"{'511880.SH': 0.11876775851584648, '511260.SH': 0.20271851268691163, '511360.SH': 0.127603151292321, '512890.SH': 0.5506683660924162}"
2023-02-01,3616483.0278411536,8948.28588115377,20000.0,0.003301326312419084,0.002474306062621125,"{'511880.SH': 0.11773757412437724, '511260.SH': 0.20424522783974852, '511360.SH': 0.12648824741563042, '512890.SH': 0.5490546445576227}"
2023-02-02,3617275.4274150035,14092.176455003675,0.0,0.00021910778171774226,0.003895798574861163,"{'511880.SH': 0.11407196707021992, '511260.SH': 0.5898632666533757, '511360.SH': 0.12058318719503952, '512890.SH': 0.17158578050650367}"
2023-02-03,3615773.2560750037,14092.176455003675,0.0,-0.00041527701446653076,0.0038974170825913524,"{'511880.SH': 0.1141694325291057, '511260.SH': 0.5906231803700528, '511360.SH': 0.12066503320332919, '512890.SH': 0.17064493681492093}"
2023-02-06,3613712.0489750034,14092.176455003675,0.0,-0.0005700598334082985,0.003899640110783258,"{'511880.SH': 0.1142322756560218, '511260.SH': 0.5909848297419705, '511360.SH': 0.12074860810333987, '512890.SH': 0.17013464638788453}"
2023-02-07,3615332.5240150033,14092.176455003675,0.0,0.00044842395244515387,0.0038978922025555826,"{'511880.SH': 0.11412757913669788, '511260.SH': 0.59059615839396, '511360.SH': 0.1207126307472648, '512890.SH': 0.1706657395195218}"
2023-02-08,3612128.821495003,14092.176455003675,0.0,-0.0008861432520299584,0.003901349356962066,"{'511880.SH': 0.11423449822291196, '511260.SH': 0.5908375103622954, '511360.SH': 0.12081742417463882, '512890.SH': 0.17020921788319182}"
2023-02-09,3617452.1269750036,14092.176455003675,0.0,0.00147373079507096,0.003895608279075659,"{'511880.SH': 0.11406070744190697, '511260.SH': 0.5900323833130712, '511360.SH': 0.12063623364794164, '512890.SH': 0.17137506731800453}"
2023-02-10,3622105.573555004,14092.176455003675,0.0,0.001286387882039941,0.0038906034539386894,"{'511880.SH': 0.11394029908270781, '511260.SH': 0.5897042912262768, '511360.SH': 0.12050162291973623, '512890.SH': 0.1719631833173405}"
2023-02-13,3624817.4358350034,14092.176455003675,0.0,0.0007486977463602162,0.0038876927471403642,"{'511880.SH': 0.11385392084579056, '511260.SH': 0.5893964421156709, '511360.SH': 0.12042165094569722, '512890.SH': 0.17244029334570107}"
2023-02-14,3627518.9026950034,14092.176455003675,0.0,0.0007452697709113831,0.0038847975249788865,"{'511880.SH': 0.11377593835648202, '511260.SH': 0.5890561999311682, '511360.SH': 0.1203658786383204, '512890.SH': 0.17291718554905047}"
2023-02-15,3625282.4557950036,14092.176455003675,0.0,-0.000616522466178826,0.0038871940674518675,"{'511880.SH': 0.11385407252342923, '511260.SH': 0.5891974007668282, '511360.SH': 0.12044126363231158, '512890.SH': 0.1726200690099791}"
2023-02-16,3623332.7636350035,14092.176455003675,0.0,-0.0005378042080234069,0.003889285741689954,"{'511880.SH': 0.1139142009926578, '511260.SH': 0.5895687863504193, '511360.SH': 0.12052078251899408, '512890.SH': 0.17210694439623883}"
2023-02-17,3621871.900155003,14092.176455003675,0.0,-0.0004031822565848664,0.003890854465173266,"{'511880.SH': 0.11398400656365898, '511260.SH': 0.5899845049485462, '511360.SH': 0.12057052597064827, '512890.SH': 0.17157010805197334}"
2023-02-20,3634549.4335950036,14092.176455003675,0.0,0.00350027107238593,0.003877282923915229,"{'511880.SH': 0.11358415894529862, '511260.SH': 0.5877887036707319, '511360.SH': 0.1201533526999104, '512890.SH': 0.17459650176014385}"
2023-02-21,3640823.925015004,14092.176455003675,0.0,0.001726346424677505,0.0038706009258455422,"{'511880.SH': 0.1133929321556792, '511260.SH': 0.5866773961037398, '511360.SH': 0.11995416669269449, '512890.SH': 0.1761049041220409}"
2023-02-22,3642754.3511950034,14092.176455003675,0.0,0.0005302168464496049,0.0038685497555937982,"{'511880.SH': 0.11333848929027018, '511260.SH': 0.5864844274495613, '511360.SH': 0.1198951007653659, '512890.SH': 0.1764134327392088}"
2023-02-23,3640001.282695004,14092.176455003675,0.0,-0.0007557656197971774,0.003871475683813505,"{'511880.SH': 0.11343438570831872, '511260.SH': 0.5869624305236876, '511360.SH': 0.11998916101387436, '512890.SH': 0.17574254707030573}"
2023-02-24,3640508.532535004,14092.176455003675,0.0,0.00013935430254141679,0.003870936252191898,"{'511880.SH': 0.11343553514278965, '511260.SH': 0.5868019758526578, '511360.SH': 0.11997244233784816, '512890.SH': 0.17591911041451241}"
2023-02-27,3637073.2847550036,14092.176455003675,0.0,-0.0009436175603764196,0.003874592385606257,"{'511880.SH': 0.11353928184260294, '511260.SH': 0.5872380985427054, '511360.SH': 0.12006772088712976, '512890.SH': 0.17528030634195566}"
2023-02-28,3639770.5026550037,14092.176455003675,0.0,0.000741590198719777,0.003871721155145425,"{'511880.SH': 0.11345627516866055, '511260.SH': 0.5867193270680824, '511360.SH': 0.11999789538417469, '512890.SH': 0.17595478122393687}"
2023-03-01,3663850.7757350034,10210.441555003676,20000.0,0.0011210248220385743,0.002786806062797512,"{'511880.SH': 0.11272407318421625, '511260.SH': 0.5894793571571513, '511360.SH': 0.11921257898730288, '512890.SH': 0.1757971846085321}"
2023-03-02,3669751.488869134,5866.64566913365,0.0,0.0016105222333862024,0.0015986493055260011,"{'511880.SH': 0.17790621619481597, '511260.SH': 0.39984410509829105, '511360.SH': 0.20902995811206412, '512890.SH': 0.21162107128930274}"
2023-03-03,3675907.873929134,5866.64566913365,0.0,0.001677602714699633,0.0015959718987360971,"{'511880.SH': 0.17763480153871455, '511260.SH': 0.3991142189403748, '511360.SH': 0.2087229675807679, '512890.SH': 0.21293204004140653}"
2023-03-06,3678159.0165291335,5866.64566913365,0.0,0.0006124045207893669,0.0015949951165161057,"{'511880.SH': 0.17754376722848447, '511260.SH': 0.3994016553928845, '511360.SH': 0.20865786295564337, '512890.SH': 0.2128017193064715}"
2023-03-07,3677397.938529134,5866.64566913365,0.0,-0.0002069181883055382,0.0015953252183200386,"{'511880.SH': 0.17760527384241523, '511260.SH': 0.3999425475797873, '511360.SH': 0.20872454187185568, '512890.SH': 0.21213231148762163}"
2023-03-08,3677124.3297291338,5866.64566913365,0.0,-7.440282628468076e-05,0.0015954439238571522,"{'511880.SH': 0.17761141378325626, '511260.SH': 0.400390432299702, '511360.SH': 0.20873028246410638, '512890.SH': 0.21167242752907808}"
2023-03-09,3676401.9477491337,5866.64566913365,0.0,-0.00019645296574821725,0.00159575741513397,"{'511880.SH': 0.17767285080455303, '511260.SH': 0.40046241431826773, '511360.SH': 0.20879283900661752, '512890.SH': 0.21147613845542773}"
2023-03-10,3661452.1730291336,5866.64566913365,0.0,-0.004066414644664507,0.0016022729212055093,"{'511880.SH': 0.17841960921738412, '511260.SH': 0.4022453197255736, '511360.SH': 0.20969253829275428, '512890.SH': 0.20804025984308244}"
2023-03-13,3672367.8724691337,5866.64566913365,0.0,0.0029812486751588096,0.0015975103456041246,"{'511880.SH': 0.17786802342348673, '511260.SH': 0.4011836643722253, '511360.SH': 0.2090712114534907, '512890.SH': 0.21027959040519312}"
2023-03-14,3669383.301729134,5866.64566913365,0.0,-0.0008127101760078137,0.0015988097145286223,"{'511880.SH': 0.17801801388047492, '511260.SH': 0.4016407060296779, '511360.SH': 0.2092451883231133, '512890.SH': 0.2094972820522051}"
2023-03-15,3681079.7696091337,5866.64566913365,0.0,0.0031875841028894403,0.0015937295674949704,"{'511880.SH': 0.17746297118939214, '511260.SH': 0.40019743993660417, '511360.SH': 0.2085881447990273, '512890.SH': 0.2121577145074814}"
2023-03-16,3676432.3527091336,5866.64566913365,0.0,-0.0012625145856303144,0.0015957442178449349,"{'511880.SH': 0.17768907317949603, '511260.SH': 0.4010947730109547, '511360.SH': 0.20885965695361464, '512890.SH': 0.21076075263808972}"
2023-03-17,3689878.133369134,5866.64566913365,0.0,0.003657290375570721,0.0015899293844094968,"{'511880.SH': 0.17705744528301526, '511260.SH': 0.3998865400610748, '511360.SH': 0.20815516725445277, '512890.SH': 0.2133109180170476}"
2023-03-20,3685274.096429134,5866.64566913365,0.0,-0.001247747696153878,0.0015919156935485933,"{'511880.SH': 0.17729452869546258, '511260.SH': 0.4005096124139494, '511360.SH': 0.2084503838518683, '512890.SH': 0.21215355934517108}"
2023-03-21,3681507.421709134,5866.64566913365,0.0,-0.0010220880785094533,0.0015935444363195305,"{'511880.SH': 0.17748299167536588, '511260.SH': 0.40034473142953964, '511360.SH': 0.20868321369384402, '512890.SH': 0.21189551876493082}"
2023-03-22,3686579.7064891336,5866.64566913365,0.0,0.001377773884167599,0.0015913519132129857,"{'511880.SH': 0.17726173268672993, '511260.SH': 0.39996072712183633, '511360.SH': 0.20839609100209874, '512890.SH': 0.21279009727612197}"
2023-03-23,3686448.2618691335,5866.64566913365,0.0,-3.565489707679781e-05,0.0015914086547247769,"{'511880.SH': 0.17729098997543488, '511260.SH': 0.3998949111122322, '511360.SH': 0.20842500570194517, '512890.SH': 0.21279768455566297}"
2023-03-24,3680039.2833091337,5866.64566913365,0.0,-0.0017385239408596043,0.001594180175125276,"{'511880.SH': 0.17761742582602005, '511260.SH': 0.40046433924879465, '511360.SH': 0.20881929263238436, '512890.SH': 0.21150476211767563}"
2023-03-27,3674342.3578891335,5866.64566913365,0.0,-0.0015480610345217638,0.0015966518897014182,"{'511880.SH': 0.17789104457743132, '511260.SH': 0.40121245012315776, '511360.SH': 0.2091332611807715, '512890.SH': 0.21016659222893797}"
2023-03-28,3676966.3083091336,5866.64566913365,0.0,0.000714127907642137,0.001595512489705528,"{'511880.SH': 0.17776940503449548, '511260.SH': 0.40089937638777745, '511360.SH': 0.20900555935564186, '512890.SH': 0.2107301467323796}"
2023-03-29,3673546.966129134,5866.64566913365,0.0,-0.0009299356842821238,0.0015969975947566048,"{'511880.SH': 0.17792956132223933, '511260.SH': 0.4015236537330144, '511360.SH': 0.2092138217059026, '512890.SH': 0.20973596564408697}"
2023-03-30,3673724.849369134,5866.64566913365,0.0,4.8422748270215976e-05,0.0015969202674884846,"{'511880.SH': 0.17791740493908847, '511260.SH': 0.40109574353480437, '511360.SH': 0.20918801257856035, '512890.SH': 0.21020191868005825}"
2023-03-31,3678328.520109134,5866.64566913365,0.0,0.0012531343333430645,0.0015949216164519177,"{'511880.SH': 0.1776894247772649, '511260.SH': 0.40077431690529425, '511360.SH': 0.20905147427592613, '512890.SH': 0.21088986242506275}"
2023-04-03,3706687.2061011833,24956.65500118365,20000.0,0.00227241420834301,0.00673287321360841,"{'511880.SH': 0.1763984141806627, '511260.SH': 0.3977811231476625, '511360.SH': 0.20744043326190778, '512890.SH': 0.21164715619615862}"
2023-04-04,3719608.701993103,11766.165473103756,0.0,0.0034859957621056203,0.0031632804458165214,"{'511880.SH': 0.11841332416605811, '511260.SH': 0.20633052062405435, '511360.SH': 0.12637135722048634, '512890.SH': 0.5457215175435848}"
2023-04-06,3706447.0654131034,11766.165473103756,0.0,-0.003538446550290897,0.0031745132914214043,"{'511880.SH': 0.11885626617762045, '511260.SH': 0.207099463840433, '511360.SH': 0.1268533427571281, '512890.SH': 0.5440164139333971}"
2023-04-07,3700317.178593104,11766.165473103756,0.0,-0.001653844426162454,0.003179772139851364,"{'511880.SH': 0.11906855093095482, '511260.SH': 0.207584367211475, '511360.SH': 0.12707418778051352, '512890.SH': 0.5430931219372053}"
2023-04-10,3698567.704893104,11766.165473103756,0.0,-0.0004727902002890083,0.003181276216070735,"{'511880.SH': 0.11911658151266237, '511260.SH': 0.20780368545996739, '511360.SH': 0.12715689897411045, '512890.SH': 0.5427415578371889}"
2023-04-11,3725687.355693103,11766.165473103756,0.0,0.007332473801715311,0.0031581193883926566,"{'511880.SH': 0.11825422294406063, '511260.SH': 0.2063065218893034, '511360.SH': 0.1262419401030233, '512890.SH': 0.5460391956752202}"
2023-04-12,3767064.953573103,11766.165473103756,0.0,0.011106030627280772,0.0031234304738874804,"{'511880.SH': 0.11696694185271879, '511260.SH': 0.20425280941072801, '511360.SH': 0.12486230149916956, '512890.SH': 0.5507945167634963}"
2023-04-13,3769582.0272731036,11766.165473103756,0.0,0.0006681790016955791,0.0031213448567971184,"{'511880.SH': 0.11689697349251368, '511260.SH': 0.2041673571318312, '511360.SH': 0.12479059922202862, '512890.SH': 0.5510237252968293}"
2023-04-14,3760279.788433104,11766.165473103756,0.0,-0.0024677109485077287,0.0031290664884292235,"{'511880.SH': 0.1171978042366993, '511260.SH': 0.20457030946639757, '511360.SH': 0.125109839285665, '512890.SH': 0.5499929805228089}"
2023-04-17,3782860.1393931033,11766.165473103756,0.0,0.0060049656489546965,0.0031103887110643853,"{'511880.SH': 0.11650750005013615, '511260.SH': 0.20333566974627929, '511360.SH': 0.12438746944408322, '512890.SH': 0.5526589720484371}"
2023-04-18,3789913.360493103,11766.165473103756,0.0,0.0018645207171554823,0.0031046001198224934,"{'511880.SH': 0.11631494569117135, '511260.SH': 0.20300453514850214, '511360.SH': 0.1241641048857049, '512890.SH': 0.5534118141547992}"
2023-04-19,3795160.9624331035,11766.165473103756,0.0,0.001384623193422474,0.0031003073623418562,"{'511880.SH': 0.1161552702200494, '511260.SH': 0.20291945654559956, '511360.SH': 0.12399242210225349, '512890.SH': 0.5538325437697558}"
2023-04-20,3810221.496493103,11766.165473103756,0.0,0.003968351858874453,0.0030880528819474773,"{'511880.SH': 0.11569269825014697, '511260.SH': 0.20196453164422823, '511360.SH': 0.12347691608821715, '512890.SH': 0.5557778011354603}"
2023-04-21,3782265.5020731036,11766.165473103756,0.0,-0.007337104797117355,0.003110877717773801,"{'511880.SH': 0.1165628777457196, '511260.SH': 0.2037415933856633, '511360.SH': 0.12443378174854089, '512890.SH': 0.5521508694023024}"
2023-04-24,3787504.743173104,11766.165473103756,0.0,0.0013852124069895222,0.0031065744522992393,"{'511880.SH': 0.11640048020920739, '511260.SH': 0.20363380439065767, '511360.SH': 0.12428372554475928, '512890.SH': 0.5525754154030763}"
2023-04-25,3801138.348993104,11766.165473103756,0.0,0.0035996273917739963,0.0030954320503015983,"{'511880.SH': 0.11598644187123215, '511260.SH': 0.2029286832467774, '511360.SH': 0.12384374278949825, '512890.SH': 0.5541457000421905}"
2023-04-26,3805972.711773103,11766.165473103756,0.0,0.0012718197382317609,0.003091500219301942,"{'511880.SH': 0.11584256819713222, '511260.SH': 0.2027516376071179, '511360.SH': 0.1236899041718786, '512890.SH': 0.5546243898045694}"
2023-04-27,3811174.3416931033,11766.165473103756,0.0,0.0013667018431082756,0.0030872808269056173,"{'511880.SH': 0.11570744927509544, '511260.SH': 0.20262772855910083, '511360.SH': 0.1235291691722642, '512890.SH': 0.5550483721666339}"
2023-04-28,3856946.145713103,11766.165473103756,0.0,0.012009895091722678,0.0030506429254091474,"{'511880.SH': 0.11435815642130279, '511260.SH': 0.20036411471779048, '511360.SH': 0.12209628607944505, '512890.SH': 0.5601307998560526}"
2023-05-04,3943783.885653104,7588.882873103761,20000.0,0.017329186723099577,0.0019242643849504487,"{'511880.SH': 0.11186788473500203, '511260.SH': 0.20243563621838484, '511360.SH': 0.11942682805551395, '512890.SH': 0.5643453866061486}"
2023-05-05,3939521.750269354,21791.027229353815,0.0,-0.0010807223487208084,0.005531388988489253,"{'511880.SH': 0.1765111818744131, '511260.SH': 0.3998315277463067, '511360.SH': 0.2092934250061257, '512890.SH': 0.20883247638466523}"
2023-05-08,3960550.020549353,21791.027229353815,0.0,0.005337772352332237,0.005502020455818221,"{'511880.SH': 0.17556180813076927, '511260.SH': 0.3972819411031582, '511360.SH': 0.20823080019719276, '512890.SH': 0.21342343011306167}"
2023-05-09,3951262.3178693536,21791.027229353815,0.0,-0.002345053750567594,0.005514953317780286,"{'511880.SH': 0.17597622464482263, '511260.SH': 0.39859084851882376, '511360.SH': 0.2087436453585696, '512890.SH': 0.21117432816000373}"
2023-05-10,3932798.5295093535,21791.027229353815,0.0,-0.004672883467265354,0.005540845040966899,"{'511880.SH': 0.17683399358033297, '511260.SH': 0.40099765807142634, '511360.SH': 0.20977652269996303, '512890.SH': 0.20685098060731086}"
2023-05-11,3941246.2451493535,21791.027229353815,0.0,0.0021480163747553682,0.005528968725608781,"{'511880.SH': 0.17650750576069066, '511260.SH': 0.4007186817986175, '511360.SH': 0.20935228318085783, '512890.SH': 0.20789256053422525}"
2023-05-12,3925725.9728693534,21791.027229353815,0.0,-0.003937909817003038,0.005550827383253786,"{'511880.SH': 0.1772352149101863, '511260.SH': 0.40189891268615724, '511360.SH': 0.2102211427143503, '512890.SH': 0.20509390230605246}"
2023-05-15,3922404.828869354,21791.027229353815,0.0,-0.0008459948613204205,0.00555552733082759,"{'511880.SH': 0.1773606453468833, '511260.SH': 0.40222263352015386, '511360.SH': 0.21044625325885605, '512890.SH': 0.20441494054327913}"
2023-05-16,3911751.5836693537,21791.027229353815,0.0,-0.0027159983899650575,0.005570657226886862,"{'511880.SH': 0.1778313166163466, '511260.SH': 0.4031718186257165, '511360.SH': 0.21101938155942288, '512890.SH': 0.20240682597162718}"
2023-05-17,3910811.8038693536,21791.027229353815,0.0,-0.00024024526606536423,0.00557199587251777,"{'511880.SH': 0.17787228504111327, '511260.SH': 0.40323213672408176, '511360.SH': 0.21108190355343856, '512890.SH': 0.20224167880884866}"
2023-05-18,3919104.9671493536,21791.027229353815,0.0,0.0021205733479159328,0.0055602050498800475,"{'511880.SH': 0.17748884702773293, '511260.SH': 0.4023490090766706, '511360.SH': 0.21065488342878005, '512890.SH': 0.2039470554169364}"
2023-05-19,3908390.5296693537,21791.027229353815,0.0,-0.002733899084053637,0.005575447761408151,"{'511880.SH': 0.1779913084527027, '511260.SH': 0.40388773537774997, '511360.SH': 0.21124813237889212, '512890.SH': 0.20129737602924705}"
2023-05-22,3907206.387429354,21791.027229353815,0.0,-0.000302974390867794,0.005577137491242346,"{'511880.SH': 0.17805408461612238, '511260.SH': 0.4040966469239393, '511360.SH': 0.21134171531268528, '512890.SH': 0.20093041565601066}"
2023-05-23,3899836.384749354,21791.027229353815,0.0,-0.0018862588635479849,0.005587677297070591,"{'511880.SH': 0.17839234536110246, '511260.SH': 0.40571035394903876, '511360.SH': 0.21178652602706136, '512890.SH': 0.1985230973657268}"
2023-05-24,3888539.787029354,21791.027229353815,0.0,-0.002896685041499758,0.005603910059513895,"{'511880.SH': 0.17891591824793848, '511260.SH': 0.40675191373271663, '511360.SH': 0.2124235690619062, '512890.SH': 0.19630468889792477}"
2023-05-25,3882203.435509354,21791.027229353815,0.0,-0.001629493811825089,0.005613056500346635,"{'511880.SH': 0.1792168263713659, '511260.SH': 0.4070708880284778, '511360.SH': 0.2127663100920487, '512890.SH': 0.19533291900776095}"
2023-05-26,3892336.9374693534,21791.027229353815,0.0,0.002610244962258257,0.005598443192207686,"{'511880.SH': 0.17878039141504276, '511260.SH': 0.40530304168006553, '511360.SH': 0.21227173116651732, '512890.SH': 0.1980463925461667}"
2023-05-29,3895488.504509354,21791.027229353815,0.0,0.0008096850531262856,0.005593913883747539,"{'511880.SH': 0.17864461229815676, '511260.SH': 0.4053322190970949, '511360.SH': 0.21211383348802176, '512890.SH': 0.19831542123297902}"
2023-05-30,3901426.745749354,21791.027229353815,0.0,0.0015243893630094707,0.005585399560070011,"{'511880.SH': 0.1783727028472851, '511260.SH': 0.40473526812220334, '511360.SH': 0.21179295520549168, '512890.SH': 0.19951367426494987}"
2023-05-31,3895368.0519893537,21791.027229353815,0.0,-0.0015529431038532326,0.0055940868586795535,"{'511880.SH': 0.17866785605651983, '511260.SH': 0.40549493113836244, '511360.SH': 0.21213620612254752, '512890.SH': 0.19810691982389064}"
2023-06-01,3921137.9565405934,69.43934059381718,20000.0,0.0014812219215827316,1.770897667040507e-05,"{'511880.SH': 0.17750420439021208, '511260.SH': 0.40332730384096793, '511360.SH': 0.21075381921249287, '512890.SH': 0.20839696357965679}"
2023-06-02,3911502.4833399733,20645.80595997395,0.0,-0.002457315531208981,0.005278229030381391,"{'511880.SH': 0.11978610850833912, '511260.SH': 0.20514403440051618, '511360.SH': 0.12899127691954643, '512890.SH': 0.5408003511412169}"
2023-06-05,3939270.625619974,20645.80595997395,0.0,0.007099098721852215,0.005241022494290971,"{'511880.SH': 0.11894880571355892, '511260.SH': 0.203776707997477, '511360.SH': 0.12809394122816456, '512890.SH': 0.5439395225665085}"
2023-06-06,3921988.4607999735,20645.80595997395,0.0,-0.00438714839940213,0.005264116956571258,"{'511880.SH': 0.11948361247967981, '511260.SH': 0.204900143902026, '511360.SH': 0.12867036837152424, '512890.SH': 0.5416817582901987}"
2023-06-07,3945625.4044999736,20645.80595997395,0.0,0.00602677543196517,0.005232581363762376,"{'511880.SH': 0.11877606783591539, '511260.SH': 0.20385498306115374, '511360.SH': 0.12791622322392296, '512890.SH': 0.5442201445152456}"
2023-06-08,3956954.3451999733,20645.80595997395,0.0,0.002871266158992025,0.005217600244748482,"{'511880.SH': 0.11844187708875746, '511260.SH': 0.20322963821291182, '511360.SH': 0.12756543441354523, '512890.SH': 0.5455454500400371}"
2023-06-09,3964654.7365199737,20645.80595997395,0.0,0.0019460399712070142,0.0052074663071660235,"{'511880.SH': 0.11820480116040463, '511260.SH': 0.20305631978098587, '511360.SH': 0.1273188546155908, '512890.SH': 0.5462125581358527}"
2023-06-12,3944801.462559974,20645.80595997395,0.0,-0.005007566933161622,0.005233674281436684,"{'511880.SH': 0.11882089769248402, '511260.SH': 0.20421377543224142, '511360.SH': 0.1279763011627926, '512890.SH': 0.5437553514310453}"
2023-06-13,3941780.7098799734,20645.80595997395,0.0,-0.0007657553133333383,0.005237685066606004,"{'511880.SH': 0.11891431241345558, '511260.SH': 0.20474030886019895, '511360.SH': 0.1280934524679265, '512890.SH': 0.543014241191813}"
2023-06-14,3928025.1836999734,20645.80595997395,0.0,-0.0034896731179190343,0.005256026882324311,"{'511880.SH': 0.11933665146679574, '511260.SH': 0.20599328216063786, '511360.SH': 0.1285647561771266, '512890.SH': 0.5408492833131155}"
2023-06-15,3930212.4986799737,20645.80595997395,0.0,0.0005568485123457201,0.00525310170045721,"{'511880.SH': 0.11926432551864104, '511260.SH': 0.20528584657215931, '511360.SH': 0.1284872256066578, '512890.SH': 0.5417095006020846}"
2023-06-16,3927160.0494799735,20645.80595997395,0.0,-0.000776662636187031,0.005257184759431393,"{'511880.SH': 0.11937122187369882, '511260.SH': 0.20468745604255242, '511360.SH': 0.12855358417766838, '512890.SH': 0.542130553146649}"
2023-06-19,3893626.058479974,20645.80595997395,0.0,-0.008538992701466297,0.005302462447571,"{'511880.SH': 0.12041601560038755, '511260.SH': 0.20660967127234917, '511360.SH': 0.1296631706325418, '512890.SH': 0.5380086800471505}"
2023-06-20,3879775.062739974,20645.80595997395,0.0,-0.0035573513049189653,0.0053213925101610075,"{'511880.SH': 0.12084949934413866, '511260.SH': 0.20730985353361603, '511360.SH': 0.13011880633190057, '512890.SH': 0.5364004482801837}"
2023-06-21,3867399.339099974,20645.80595997395,0.0,-0.0031898044190376007,0.005338421029150475,"{'511880.SH': 0.1212626477329697, '511260.SH': 0.20821899405593902, '511360.SH': 0.13060324412155128, '512890.SH': 0.5345766930603895}"
2023-06-26,3825096.700139974,20645.80595997395,0.0,-0.010938265033123007,0.005397459875777375,"{'511880.SH': 0.12260857804793222, '511260.SH': 0.21079608261158314, '511360.SH': 0.13204392976039464, '512890.SH': 0.5291539497043126}"
2023-06-27,3864889.4676599735,20645.80595997395,0.0,0.010403074912731958,0.005341887816645403,"{'511880.SH': 0.1213558210201483, '511260.SH': 0.2082893202344031, '511360.SH': 0.13067954574799096, '512890.SH': 0.5343334251808123}"
2023-06-28,3874016.827119974,20645.80595997395,0.0,0.0023616094422298506,0.005329302086517388,"{'511880.SH': 0.12106390496725516, '511260.SH': 0.2078275433301483, '511360.SH': 0.13034860779771248, '512890.SH': 0.5354306418183666}"
2023-06-29,3867345.401399974,20645.80595997395,0.0,-0.0017220951838146092,0.005338495483878993,"{'511880.SH': 0.1212607350329345, '511260.SH': 0.20825773661396904, '511360.SH': 0.1305588840906791, '512890.SH': 0.5345841487785384}"
2023-06-30,3880780.402699974,20645.80595997395,0.0,0.00347395950078222,0.005320013970800835,"{'511880.SH': 0.12088762759511115, '511260.SH': 0.20792962143351254, '511360.SH': 0.13018925256592526, '512890.SH': 0.5356734844346501}"
2023-07-03,3925999.659581734,130.44192173395277,20000.0,0.006498501400443724,3.322514850850744e-05,"{'511880.SH': 0.11951419031706914, '511260.SH': 0.20543552469027132, '511360.SH': 0.12869214055251027, '512890.SH': 0.5463249192916408}"
2023-07-04,3923975.3990848735,13895.709564873954,0.0,-0.0005156038391190831,0.003541232589815581,"{'511880.SH': 0.11958649988209323, '511260.SH': 0.2055650502263898, '511360.SH': 0.12879925295094044, '512890.SH': 0.542507964350761}"
2023-07-05,3919739.791244874,13895.709564873954,0.0,-0.001079417531768323,0.0035450591888551873,"{'511880.SH': 0.11972520519045915, '511260.SH': 0.2058141210806719, '511360.SH': 0.1290007824318895, '512890.SH': 0.5419148321081242}"
2023-07-06,3913172.676184874,13895.709564873954,0.0,-0.0016753956664847802,0.0035510085331633,"{'511880.SH': 0.11995581006602718, '511260.SH': 0.2062320441189427, '511360.SH': 0.12920886499006942, '512890.SH': 0.5410522722917974}"
2023-07-07,3918073.864324874,13895.709564873954,0.0,0.0012524845044092903,0.003546566513561207,"{'511880.SH': 0.11981642706495815, '511260.SH': 0.20602965333301496, '511360.SH': 0.1290520336035386, '512890.SH': 0.5415553194849271}"
2023-07-10,3922847.080364874,13895.709564873954,0.0,0.001218255756600728,0.0035422511457116187,"{'511880.SH': 0.11965879443772241, '511260.SH': 0.20581597586131323, '511360.SH': 0.128908185723356, '512890.SH': 0.5420747928318967}"
2023-07-11,3925893.5137848738,13895.709564873954,0.0,0.0007765873503577936,0.003539502412911191,"{'511880.SH': 0.11956712443976952, '511260.SH': 0.20581597467247972, '511360.SH': 0.1288344928929001, '512890.SH': 0.5422429055819394}"
2023-07-12,3928343.393104874,13895.709564873954,0.0,0.000624031016480231,0.0035372950310973445,"{'511880.SH': 0.11949492270047789, '511260.SH': 0.2057229012663418, '511360.SH': 0.12875175344593334, '512890.SH': 0.5424931275561496}"
2023-07-13,3953444.0394248734,13895.709564873954,0.0,0.006389626315269847,0.003514836539053536,"{'511880.SH': 0.11874094309130301, '511260.SH': 0.20432994420670125, '511360.SH': 0.12793430106919595, '512890.SH': 0.5454799750937462}"
2023-07-14,3962529.932104874,13895.709564873954,0.0,0.002298222155010521,0.003506777186031912,"{'511880.SH': 0.1184850901682915, '511260.SH': 0.20377981083692892, '511360.SH': 0.12766586213047973, '512890.SH': 0.546562459678268}"
2023-07-17,3947197.132564874,13895.709564873954,0.0,-0.0038694469954086985,0.0035203991840773797,"{'511880.SH': 0.1189559359795372, '511260.SH': 0.20476702147247416, '511360.SH': 0.128170112363063, '512890.SH': 0.5445865310008483}"
2023-07-18,3943892.9378248737,13895.709564873954,0.0,-0.0008370989917731997,0.0035233485756176945,"{'511880.SH': 0.11907562327465321, '511260.SH': 0.20523143319564965, '511360.SH': 0.12829894420994767, '512890.SH': 0.5438706507441318}"
2023-07-19,3959910.1455648737,13895.709564873954,0.0,0.004061268394581097,0.0035090971901060035,"{'511880.SH': 0.11858107571605433, '511260.SH': 0.20436130372967382, '511360.SH': 0.12779186430954073, '512890.SH': 0.5457566590546251}"
2023-07-20,3946157.1335448734,13895.709564873954,0.0,-0.003473061638886832,0.0035213269757434357,"{'511880.SH': 0.1190049463332299, '511260.SH': 0.20508858938239669, '511360.SH': 0.12824081324541745, '512890.SH': 0.5441443240632126}"
2023-07-21,3944930.213224874,13895.709564873954,0.0,-0.0003109152216900224,0.003522422150407215,"{'511880.SH': 0.11905137980022068, '511260.SH': 0.20539998332127932, '511360.SH': 0.12829856870554202, '512890.SH': 0.5437276460225507}"
2023-07-24,3950166.317764874,13895.709564873954,0.0,0.0013272996623481248,0.00351775303798767,"{'511880.SH': 0.11889945304018369, '511260.SH': 0.20526639507644737, '511360.SH': 0.12813921219560379, '512890.SH': 0.5441771866497774}"
2023-07-25,3986288.5056048734,13895.709564873954,0.0,0.009144472646012147,0.0034858765353626706,"{'511880.SH': 0.11782203268519637, '511260.SH': 0.20264142920519185, '511360.SH': 0.1269474096740554, '512890.SH': 0.5491032519001937}"
2023-07-26,3982510.0600648737,13895.709564873954,0.0,-0.0009478605310897503,0.0034891837949676385,"{'511880.SH': 0.11793965037525826, '511260.SH': 0.2030292423132834, '511360.SH': 0.12707847371809425, '512890.SH': 0.5484634497983965}"
2023-07-27,3988073.0400048736,13895.709564873954,0.0,0.0013968527024661448,0.00348431671774421,"{'511880.SH': 0.11778795029276243, '511260.SH': 0.20296779719937397, '511360.SH': 0.12690238993200123, '512890.SH': 0.5488575458581182}"
2023-07-28,4024719.3813248733,13895.709564873954,0.0,0.009188984492609631,0.003452590913381819,"{'511880.SH': 0.11670391038427678, '511260.SH': 0.20105247678997953, '511360.SH': 0.1257422324518455, '512890.SH': 0.5530487894605164}"
2023-07-31,4037650.8195448737,13895.709564873954,0.0,0.0032130036891524494,0.003441533254339286,"{'511880.SH': 0.11634049701032581, '511260.SH': 0.20016500587118632, '511360.SH': 0.12534068016734687, '512890.SH': 0.5547122836968017}"
2023-08-01,4058490.2869448736,9382.258964873956,20000.0,0.00020790985588359234,0.0023117608523184805,"{'511880.SH': 0.11576600851093322, '511260.SH': 0.2053241331340702, '511360.SH': 0.12473414107418711, '512890.SH': 0.5518639564284911}"
2023-08-02,4051132.759487624,41207.408487623965,0.0,-0.0018128729988382553,0.01017182376734446,"{'511880.SH': 0.17895426228680095, '511260.SH': 0.39661205776016445, '511360.SH': 0.20742968692694286, '512890.SH': 0.20683216925874723}"
2023-08-03,4053997.0734876236,41207.408487623965,0.0,0.0007070402699815848,0.01016463695968422,"{'511880.SH': 0.17886318624699757, '511260.SH': 0.3965354120537225, '511360.SH': 0.20731968592097355, '512890.SH': 0.2071170788186222}"
2023-08-04,4055148.052327624,41207.408487623965,0.0,0.00028391210430989133,0.010161751915314467,"{'511880.SH': 0.17883716591401252, '511260.SH': 0.396426093266131, '511360.SH': 0.20730123515896803, '512890.SH': 0.20727375374557397}"
2023-08-07,4047938.030007624,41207.408487623965,0.0,-0.0017779923758545202,0.010179851613871261,"{'511880.SH': 0.17914330801122325, '511260.SH': 0.397271348543093, '511360.SH': 0.2077051559997366, '512890.SH': 0.2057003358320759}"
2023-08-08,4052000.2794076237,41207.408487623965,0.0,0.001003535471612027,0.010169646013363114,"{'511880.SH': 0.17897255654336208, '511260.SH': 0.39699269226979644, '511360.SH': 0.2075084753259008, '512890.SH': 0.20635662984757755}"
2023-08-09,4046462.7876076237,41207.408487623965,0.0,-0.0013666069640078105,0.01018356294139724,"{'511880.SH': 0.17921747639467495, '511260.SH': 0.39766546350754045, '511360.SH': 0.20780593919588472, '512890.SH': 0.20512755796050264}"
2023-08-10,4046389.795367624,41207.408487623965,0.0,-1.803852990400756e-05,0.010183746641215562,"{'511880.SH': 0.1792313379472899, '511260.SH': 0.3976208376765702, '511360.SH': 0.20783281950808588, '512890.SH': 0.2051312582268384}"
2023-08-11,4038115.340767624,41207.408487623965,0.0,-0.0020448980494842672,0.010204614036554652,"{'511880.SH': 0.17962522490556582, '511260.SH': 0.3984907473430685, '511360.SH': 0.20829152439219592, '512890.SH': 0.20338788932261515}"
2023-08-14,4038029.065567624,41207.408487623965,0.0,-2.136521439322081e-05,0.010204832064979567,"{'511880.SH': 0.17964681385423065, '511260.SH': 0.39886585109896777, '511360.SH': 0.20832301757633606, '512890.SH': 0.20295948540548586}"
2023-08-15,4047844.245487624,41207.408487623965,0.0,0.0024306858025600064,0.010180087470895242,"{'511880.SH': 0.17923245742687957, '511260.SH': 0.398966660290916, '511360.SH': 0.2078583435955904, '512890.SH': 0.20376245121571876}"
2023-08-16,4046190.991967624,41207.408487623965,0.0,-0.0004084281458810457,0.010184247004016288,"{'511880.SH': 0.1793287208439828, '511260.SH': 0.39976424820554857, '511360.SH': 0.20795676765392118, '512890.SH': 0.20276601629253113}"
2023-08-17,4045045.433527624,41207.408487623965,0.0,-0.00028312020917309333,0.010187131186728747,"{'511880.SH': 0.17933697797984102, '511260.SH': 0.39984507629856136, '511360.SH': 0.2080233742309717, '512890.SH': 0.20260744030389716}"
2023-08-18,4044488.134047624,41207.408487623965,0.0,-0.0001377733548751925,0.010188534895362545,"{'511880.SH': 0.17939181797867937, '511260.SH': 0.40014309508688584, '511360.SH': 0.20807325231482326, '512890.SH': 0.2022032997242489}"
2023-08-21,4042237.125727624,41207.408487623965,0.0,-0.0005565619790178777,0.010194208604277864,"{'511880.SH': 0.17951476869615376, '511260.SH': 0.40127010107256544, '511360.SH': 0.20821806683310187, '512890.SH': 0.200802854793901}"
2023-08-22,4051637.502327624,41207.408487623965,0.0,0.0023255381383167073,0.010170556587046777,"{'511880.SH': 0.1790805773278502, '511260.SH': 0.39987350770379754, '511360.SH': 0.20773497123483312, '512890.SH': 0.20314038714647237}"
2023-08-23,4048917.095847624,41207.408487623965,0.0,-0.0006714338285290777,0.010177390030999725,"{'511880.SH': 0.1792132912536443, '511260.SH': 0.40010335150141246, '511360.SH': 0.20787647167762, '512890.SH': 0.20262949553632348}"
2023-08-24,4045166.094007624,41207.408487623965,0.0,-0.0009264210037411846,0.010186827321792118,"{'511880.SH': 0.17939010405406414, '511260.SH': 0.40038692166417317, '511360.SH': 0.20808272897543315, '512890.SH': 0.20195341798453734}"
2023-08-25,4043643.906407624,41207.408487623965,0.0,-0.0003762979231569652,0.010190662046755906,"{'511880.SH': 0.1794664968322374, '511260.SH': 0.4003529829703077, '511360.SH': 0.20817649117571488, '512890.SH': 0.20181336697498406}"
2023-08-28,4051913.6437276243,41207.408487623965,0.0,0.0020451200727382712,0.010169863454867348,"{'511880.SH': 0.17910375344830115, '511260.SH': 0.39925137656974863, '511360.SH': 0.20770156375439597, '512890.SH': 0.2037734427726868}"
2023-08-29,4049826.739087624,41207.408487623965,0.0,-0.000515041736694144,0.010175104058132493,"{'511880.SH': 0.17919781683388655, '511260.SH': 0.3987454782729312, '511360.SH': 0.20778740776193805, '512890.SH': 0.2040941930731117}"
2023-08-30,4042926.604127624,41207.408487623965,0.0,-0.0017038099169532916,0.010192470089749658,"{'511880.SH': 0.17951961361331925, '511260.SH': 0.3996560804122365, '511360.SH': 0.2081343250557405, '512890.SH': 0.20249751082895406}"
2023-08-31,4039906.946727624,41207.408487623965,0.0,-0.000746898891737735,0.010200088524564282,"{'511880.SH': 0.179671539718991, '511260.SH': 0.40023043137409503, '511360.SH': 0.20833044203697204, '512890.SH': 0.20156749834537765}"
2023-09-01,4063368.2022519438,11486.168931943965,20000.0,0.0008567661507954405,0.0028267605494324286,"{'511880.SH': 0.17870823405999955, '511260.SH': 0.3975230202138218, '511360.SH': 0.20983749381300415, '512890.SH': 0.21110449136374215}"
2023-09-04,4101654.501552564,7437.016432564473,0.0,0.009422306174321493,0.0018131747639274353,"{'511880.SH': 0.11801858327578994, '511260.SH': 0.20382155534639837, '511360.SH': 0.12631312554577448, '512890.SH': 0.5500335610681099}"
2023-09-05,4080858.1302925646,7437.016432564473,0.0,-0.005070239644057728,0.0018224148439169824,"{'511880.SH': 0.11861064726729392, '511260.SH': 0.2049768880203711, '511360.SH': 0.12695800330673504, '512890.SH': 0.5476320465616829}"
2023-09-06,4070446.157732564,7437.016432564473,0.0,-0.0025514174292685654,0.0018270764786893169,"{'511880.SH': 0.11891639460712959, '511260.SH': 0.20526231465137942, '511360.SH': 0.12728039628181698, '512890.SH': 0.5467138179809847}"
2023-09-07,4067330.5043925643,7437.016432564473,0.0,-0.0007654328835872137,0.0018284760543881974,"{'511880.SH': 0.11901688591994444, '511260.SH': 0.2052373169818587, '511360.SH': 0.1273649140242086, '512890.SH': 0.5465524070196}"
2023-09-08,4053103.603672564,7437.016432564473,0.0,-0.0034978472255047244,0.0018348942340940177,"{'511880.SH': 0.11944408214024776, '511260.SH': 0.2061053655877597, '511360.SH': 0.12647374706521616, '512890.SH': 0.5461419109726824}"
2023-09-11,4072387.2343525644,7437.016432564473,0.0,0.004757744327711588,0.0018262056146894938,"{'511880.SH': 0.11888200895929003, '511260.SH': 0.20510770512048176, '511360.SH': 0.12715136606657257, '512890.SH': 0.5470327142389662}"
2023-09-12,4067863.8267125636,7437.016432564473,0.0,-0.0011107508642212993,0.0018282363297727898,"{'511880.SH': 0.11901655354851425, '511260.SH': 0.20538760282818974, '511360.SH': 0.12728685670347215, '512890.SH': 0.5464807505900511}"
2023-09-13,4071104.3382925643,7437.016432564473,0.0,0.000796612600137081,0.0018267810929364645,"{'511880.SH': 0.11893120928535755, '511260.SH': 0.2054145338733156, '511360.SH': 0.12720204567814866, '512890.SH': 0.5466254300702418}"
2023-09-14,4086112.075772564,7437.016432564473,0.0,0.0036864045312809957,0.00182007157284308,"{'511880.SH': 0.11849205205866932, '511260.SH': 0.2048747524483212, '511360.SH': 0.12673015091053097, '512890.SH': 0.5480829730096355}"
2023-09-15,4087701.3232725644,7437.016432564473,0.0,0.0003889387932904942,0.0018193639516231794,"{'511880.SH': 0.11845884313591087, '511260.SH': 0.20456553301466412, '511360.SH': 0.1267090619001822, '512890.SH': 0.5484471979976197}"
2023-09-18,4086552.0378325647,7437.016432564473,0.0,-0.0002811569019136595,0.0018198756222149897,"{'511880.SH': 0.11849683545369316, '511260.SH': 0.20432188120204495, '511360.SH': 0.12675996664286796, '512890.SH': 0.5486014410791789}"
2023-09-19,4098406.586052564,7437.016432564473,0.0,0.0029008680448094903,0.00181461167319847,"{'511880.SH': 0.11815758396641157, '511260.SH': 0.20374083987705427, '511360.SH': 0.12639331631050532, '512890.SH': 0.5498936481728305}"
2023-09-20,4112342.595372564,7437.016432564473,0.0,0.0034003481663889,0.0018084622718284745,"{'511880.SH': 0.11776181668933305, '511260.SH': 0.20300079106720662, '511360.SH': 0.1259556537392706, '512890.SH': 0.5514732762323613}"
2023-09-21,4093733.9570525642,7437.016432564473,0.0,-0.004525070051541791,0.0018166828891633762,"{'511880.SH': 0.11829595213575377, '511260.SH': 0.20397671386569738, '511360.SH': 0.1265422730042221, '512890.SH': 0.5493683781051634}"
2023-09-22,4104463.262552564,7437.016432564473,0.0,0.002620909324484888,0.0018119339745142208,"{'511880.SH': 0.11799254091479346, '511260.SH': 0.20317345939195633, '511360.SH': 0.1262149925244618, '512890.SH': 0.5508070731942742}"
2023-09-25,4103620.0139925648,7437.016432564473,0.0,-0.0002054467310482755,0.0018123063069206357,"{'511880.SH': 0.11804124144738068, '511260.SH': 0.20295836289912125, '511360.SH': 0.12626783138623685, '512890.SH': 0.5509202579603405}"
2023-09-26,4098209.4277125644,7437.016432564473,0.0,-0.0013184910546178985,0.0018146989712810944,"{'511880.SH': 0.11819824927550636, '511260.SH': 0.20307532220590338, '511360.SH': 0.12641579429706404, '512890.SH': 0.5504959352502451}"
2023-09-27,4091050.788092565,7437.016432564473,0.0,-0.001746772522553841,0.001817874384305053,"{'511880.SH': 0.11841558865268208, '511260.SH': 0.20340906116885185, '511360.SH': 0.12662878728072113, '512890.SH': 0.5497286885134398}"
2023-09-28,4091499.4317925638,7437.016432564473,0.0,0.00010966466153505827,0.0018176750495859594,"{'511880.SH': 0.1184831921698719, '511260.SH': 0.20390695731674188, '511360.SH': 0.12670054307520243, '512890.SH': 0.5490916323885979}"
2023-10-09,4104922.9988025646,4351.379382564473,20000.0,-0.0016073405605039337,0.0010600392221324984,"{'511880.SH': 0.11812018520723562, '511260.SH': 0.2062810922999063, '511360.SH': 0.12896731562429553, '512890.SH': 0.54557136764643}"
2023-10-10,4095920.1713986048,55397.82035860451,0.0,-0.0021931781440446274,0.013525122082564468,"{'511880.SH': 0.07893465346752634, '511260.SH': 0.5753455881429738, '511360.SH': 0.1662441823829516, '512890.SH': 0.16595045392398378}"
2023-10-11,4091836.3707586043,55397.82035860451,0.0,-0.0009970410723619816,0.013538620643409075,"{'511880.SH': 0.07900253319759906, '511260.SH': 0.574920350386314, '511360.SH': 0.16642241729567284, '512890.SH': 0.16611607847700507}"
2023-10-12,4101084.9130786043,55397.82035860451,0.0,0.00226024246377321,0.013508089086850545,"{'511880.SH': 0.07882514781614909, '511260.SH': 0.5737502270426412, '511360.SH': 0.16605018292313223, '512890.SH': 0.1678663531312269}"
2023-10-13,4103460.1603786047,55397.82035860451,0.0,0.000579175352459993,0.0135002700631784,"{'511880.SH': 0.07879349512928337, '511260.SH': 0.5741246430872218, '511360.SH': 0.16598937808065758, '512890.SH': 0.16759221363965887}"
2023-10-16,4108379.4458986046,55397.82035860451,0.0,0.0011988140076266696,0.01348410512906936,"{'511880.SH': 0.07869914948649065, '511260.SH': 0.5739045360948365, '511360.SH': 0.16581362772615058, '512890.SH': 0.1680985815634529}"
2023-10-17,4110703.842358604,55397.82035860451,0.0,0.0005657696643186494,0.01347648054519511,"{'511880.SH': 0.07865929902030448, '511260.SH': 0.5732437291439475, '511360.SH': 0.16573366171013185, '512890.SH': 0.16888682958042112}"
2023-10-18,4106608.7614186043,55397.82035860451,0.0,-0.0009961994580592881,0.013489919195386817,"{'511880.SH': 0.07875402855963304, '511260.SH': 0.5736891281520965, '511360.SH': 0.16589586190934327, '512890.SH': 0.16817106218354042}"
2023-10-19,4088448.177178605,55397.82035860451,0.0,-0.004422282543839362,0.013549840418139766,"{'511880.SH': 0.07911241943714872, '511260.SH': 0.5753686235111686, '511360.SH': 0.16660348143878254, '512890.SH': 0.1653656351947603}"
2023-10-20,4094199.809038604,55397.82035860451,0.0,0.001406800725053614,0.013530805271473297,"{'511880.SH': 0.07899894603237481, '511260.SH': 0.5754138317331415, '511360.SH': 0.1663909754712161, '512890.SH': 0.1656654414917942}"
2023-10-23,4082970.635098605,55397.82035860451,0.0,-0.00274270296120116,0.013568018315484808,"{'511880.SH': 0.0792185533394581, '511260.SH': 0.5776076809680619, '511360.SH': 0.16686402153944133, '512890.SH': 0.16274172583755375}"
2023-10-24,4083646.0169986044,55397.82035860451,0.0,0.00016541434175243452,0.013565774341851689,"{'511880.SH': 0.07920545162181487, '511260.SH': 0.5768069000582047, '511360.SH': 0.16681791153403805, '512890.SH': 0.16360396244409064}"
2023-10-25,4093741.8480586046,55397.82035860451,0.0,0.0024722591081536294,0.013532318943090194,"{'511880.SH': 0.07900077970802476, '511260.SH': 0.5759378308424903, '511360.SH': 0.16637727176739395, '512890.SH': 0.16515179873900082}"
2023-10-26,4096632.451438605,55397.82035860451,0.0,0.0007061029950803377,0.013522770474356465,"{'511880.SH': 0.07894425872802681, '511260.SH': 0.5756814232069616, '511360.SH': 0.16628448074729826, '512890.SH': 0.16556706684335676}"
2023-10-27,4099862.0375986043,55397.82035860451,0.0,0.0007883514565396599,0.013512118176311233,"{'511880.SH': 0.07889295050265964, '511260.SH': 0.5752747722656204, '511360.SH': 0.16617500631778623, '512890.SH': 0.1661451527376224}"
2023-10-30,4089240.6815986047,55397.82035860451,0.0,-0.002590661808274164,0.013547214427336635,"{'511880.SH': 0.07910409879653839, '511260.SH': 0.5769990528113417, '511360.SH': 0.16661433088688965, '512890.SH': 0.16373530307789366}"
2023-10-31,4092505.1534386044,55397.82035860451,0.0,0.0007983075818183138,0.01353640821003198,"{'511880.SH': 0.07904800570579248, '511260.SH': 0.5772894379900609, '511360.SH': 0.16652145188562525, '512890.SH': 0.16360469620848936}"
2023-11-01,4115859.1705947043,12580.17943470452,20000.0,0.0008195511136452893,0.003056513576699175,"{'511880.SH': 0.07861882569544891, '511260.SH': 0.5805870174257498, '511360.SH': 0.16823121766334687, '512890.SH': 0.1695064256387552}"
2023-11-02,4121730.315493785,10549.518373784958,0.0,0.001426468850301399,0.0025594877797144575,"{'511880.SH': 0.11777301035326117, '511260.SH': 0.20640586231515243, '511360.SH': 0.12863995444022142, '512890.SH': 0.5446216851116505}"
2023-11-03,4107156.448533785,10549.518373784958,0.0,-0.0035358613602680666,0.0025685698867280874,"{'511880.SH': 0.1181804456300363, '511260.SH': 0.20711811460303142, '511360.SH': 0.12912386139790788, '512890.SH': 0.5430090084822963}"
2023-11-06,4102194.047573785,10549.518373784958,0.0,-0.001208232757184513,0.0025716770712064193,"{'511880.SH': 0.11831874825303954, '511260.SH': 0.20734679786858645, '511360.SH': 0.12928006180342963, '512890.SH': 0.542482715003738}"
2023-11-07,4107648.9922137847,10549.518373784958,0.0,0.0013297627017976321,0.002568261892333546,"{'511880.SH': 0.11818023496169627, '511260.SH': 0.20717894874005544, '511360.SH': 0.1291286575375412, '512890.SH': 0.5429438968683735}"
2023-11-08,4107752.949493785,10549.518373784958,0.0,2.5308218934316784e-05,0.0025681968958442395,"{'511880.SH': 0.11817957075043284, '511260.SH': 0.20718714354642026, '511360.SH': 0.12913493253419003, '512890.SH': 0.5429301562731126}"
2023-11-09,4112713.0290937847,10549.518373784958,0.0,0.0012074921887916812,0.0025650995581642834,"{'511880.SH': 0.11804285154001426, '511260.SH': 0.20694901248374734, '511360.SH': 0.12898753116185463, '512890.SH': 0.5434555052562194}"
2023-11-10,4100856.364053785,10549.518373784958,0.0,-0.0028829303080775137,0.002572515942342475,"{'511880.SH': 0.11840045867883797, '511260.SH': 0.20757596083139368, '511360.SH': 0.1293831709520078, '512890.SH': 0.5420678935954181}"
2023-11-13,4108574.558213785,10549.518373784958,0.0,0.0018820932690191139,0.0025676833228435786,"{'511880.SH': 0.11818268894969247, '511260.SH': 0.20727838522425254, '511360.SH': 0.1291496582285923, '512890.SH': 0.542821584274619}"
2023-11-14,4110550.287333785,10549.518373784958,0.0,0.0004808794612356504,0.0025664491701493483,"{'511880.SH': 0.11812937222937085, '511260.SH': 0.20705957609195566, '511360.SH': 0.12909354293392944, '512890.SH': 0.5431510595745946}"
2023-11-15,4127260.0397337847,10549.518373784958,0.0,0.00406508891315327,0.002556058564816144,"{'511880.SH': 0.1176511100064634, '511260.SH': 0.20616108309349057, '511360.SH': 0.12856376746114248, '512890.SH': 0.5450679808740875}"
2023-11-16,4125649.119333785,10549.518373784958,0.0,-0.00039031230998076705,0.0025570566154904874,"{'511880.SH': 0.11772021413164359, '511260.SH': 0.2064054832024858, '511360.SH': 0.12862465630273756, '512890.SH': 0.5446925897476426}"
2023-11-17,4121340.4620537846,10549.518373784958,0.0,-0.0010443586343319433,0.0025597298915042374,"{'511880.SH': 0.11785256067826926, '511260.SH': 0.20670498053816996, '511360.SH': 0.12879836181635815, '512890.SH': 0.5440843670756984}"
2023-11-20,4131181.671733785,10549.518373784958,0.0,0.002387866222315571,0.002553632159526286,"{'511880.SH': 0.1175914792331371, '511260.SH': 0.20620756182878794, '511360.SH': 0.1285093327249374, '512890.SH': 0.5451379940536113}"
2023-11-21,4138653.3726937845,10549.518373784958,0.0,0.0018086110836330604,0.0025490219701386693,"{'511880.SH': 0.11737803130002376, '511260.SH': 0.2058803004914139, '511360.SH': 0.12827969684604007, '512890.SH': 0.5459129493923836}"
2023-11-22,4128463.6930937846,10549.518373784958,0.0,-0.002462076110850475,0.0025553133460837992,"{'511880.SH': 0.11767352565863147, '511260.SH': 0.20627646584965487, '511360.SH': 0.1285856288110369, '512890.SH': 0.544909066334593}"
2023-11-23,4141905.8454937846,10549.518373784958,0.0,0.0032559696292076,0.002547020325259779,"{'511880.SH': 0.11729739632989661, '511260.SH': 0.205328810389366, '511360.SH': 0.12817068272509496, '512890.SH': 0.5466560902303826}"
2023-11-24,4142203.5328537845,10549.518373784958,0.0,7.18720731722744e-05,0.0025468372787845204,"{'511880.SH': 0.11731665405277743, '511260.SH': 0.2053440380835155, '511360.SH': 0.12817566683745601, '512890.SH': 0.5466168037474666}"
2023-11-27,4124944.951333785,10549.518373784958,0.0,-0.0041665218483625255,0.0025574931297868138,"{'511880.SH': 0.1177982337928855, '511260.SH': 0.2061396236875971, '511360.SH': 0.12871907534870652, '512890.SH': 0.5447855740410241}"
2023-11-28,4125568.072693785,10549.518373784958,0.0,0.00015106173957524227,0.002557106848777958,"{'511880.SH': 0.11777928337581105, '511260.SH': 0.20626068580281068, '511360.SH': 0.12869963375814833, '512890.SH': 0.544703290214452}"
2023-11-29,4108148.8202937846,10549.518373784958,0.0,-0.004222267598805285,0.0025679494184026506,"{'511880.SH': 0.1182786876462892, '511260.SH': 0.20707312154752103, '511360.SH': 0.12920240313057654, '512890.SH': 0.5428778382572106}"
2023-11-30,4113638.235813785,10549.518373784958,0.0,0.0013362260619389499,0.002564522636419434,"{'511880.SH': 0.11813014474858592, '511260.SH': 0.20687059756280482, '511360.SH': 0.1291014594760395, '512890.SH': 0.5433332755761502}"
2023-12-01,4161626.710859785,3239.562219784959,20000.0,0.006803825091455273,0.0007784365213081956,"{'511880.SH': 0.11680241242482198, '511260.SH': 0.2046675156561627, '511360.SH': 0.12762454129151588, '512890.SH': 0.5501270941061912}"
2023-12-04,4148330.964668235,8856.797388235107,0.0,-0.0031948435348261306,0.0021350267043949408,"{'511880.SH': 0.11392522333082371, '511260.SH': 0.5888693599439857, '511360.SH': 0.12282132364545986, '512890.SH': 0.17224906637533588}"
2023-12-05,4139204.081648235,8856.797388235107,0.0,-0.002200133764093115,0.0021397344063084516,"{'511880.SH': 0.11417979398392089, '511260.SH': 0.5901917257066545, '511360.SH': 0.12309214282498368, '512890.SH': 0.17039660307813242}"
2023-12-06,4135979.572368235,8856.797388235107,0.0,-0.0007790167424449601,0.002141402594782102,"{'511880.SH': 0.11426993458997718, '511260.SH': 0.5904364267934978, '511360.SH': 0.1231812902084228, '512890.SH': 0.16997094581332006}"
2023-12-07,4136185.646308235,8856.797388235107,0.0,4.982469966163805e-05,0.002141295905356731,"{'511880.SH': 0.11427547373795424, '511260.SH': 0.5906272128235968, '511360.SH': 0.12317969829394639, '512890.SH': 0.1697763192391459}"
2023-12-08,4136296.3727482352,8856.797388235107,0.0,2.6770181386526204e-05,0.002141238584011445,"{'511880.SH': 0.11425556660148091, '511260.SH': 0.590841172818627, '511360.SH': 0.12317640083935337, '512890.SH': 0.16958562115652723}"
2023-12-11,4147871.0480882353,8856.797388235107,0.0,0.002798318664073207,0.0021352634364844173,"{'511880.SH': 0.11396137681711857, '511260.SH': 0.5902807902209202, '511360.SH': 0.12283947453835148, '512890.SH': 0.1707830949871253}"
2023-12-12,4150692.799588235,8856.797388235107,0.0,0.000680289109108223,0.0021338118275372573,"{'511880.SH': 0.11390405036645972, '511260.SH': 0.589598054629043, '511360.SH': 0.12276955308534329, '512890.SH': 0.17159453009161663}"
2023-12-13,4149265.085928235,8856.797388235107,0.0,-0.00034396996572272354,0.0021345460472679697,"{'511880.SH': 0.11395779941936882, '511260.SH': 0.5905262617010772, '511360.SH': 0.12284124765337195, '512890.SH': 0.17054014517891392}"
2023-12-14,4148307.446768235,8856.797388235107,0.0,-0.00023079729546515715,0.0021350388084506733,"{'511880.SH': 0.11398522659364929, '511260.SH': 0.5906196277493231, '511360.SH': 0.12286620664943113, '512890.SH': 0.1703939001991458}"
2023-12-15,4146214.042768235,8856.797388235107,0.0,-0.0005046405134776499,0.002136116779519138,"{'511880.SH': 0.11405062081268748, '511260.SH': 0.5912950886546987, '511360.SH': 0.12296678240460521, '512890.SH': 0.16955139134848954}"
2023-12-18,4147145.803608235,8856.797388235107,0.0,0.0002247256968379574,0.002135636847040494,"{'511880.SH': 0.11402611673034668, '511260.SH': 0.591568060584097, '511360.SH': 0.12294255474606038, '512890.SH': 0.16932763109245547}"
2023-12-19,4146702.556248235,8856.797388235107,0.0,-0.00010688010043302665,0.0021358651285199415,"{'511880.SH': 0.11404166630843604, '511260.SH': 0.5916885927356884, '511360.SH': 0.12297383115449904, '512890.SH': 0.16916004467285659}"
2023-12-20,4143570.668268235,8856.797388235107,0.0,-0.0007552719148570253,0.0021374795067599798,"{'511880.SH': 0.11413683372695033, '511260.SH': 0.5919160058696572, '511360.SH': 0.12307925719851288, '512890.SH': 0.1687304236981196}"
2023-12-21,4143091.714548235,8856.797388235107,0.0,-0.00011558961059066064,0.0021377266057458874,"{'511880.SH': 0.11414554284168603, '511260.SH': 0.5922472803061172, '511360.SH': 0.12309121668951717, '512890.SH': 0.1683782335569338}"
2023-12-22,4145804.471708235,8856.797388235107,0.0,0.0006547663790483771,0.002136327810121194,"{'511880.SH': 0.11409214499329821, '511260.SH': 0.5922991344037539, '511360.SH': 0.12301860916992435, '512890.SH': 0.16845378362290234}"
2023-12-25,4147166.237448235,8856.797388235107,0.0,0.0003284683948057143,0.0021356263243705233,"{'511880.SH': 0.11406812474222759, '511260.SH': 0.5925916298721015, '511360.SH': 0.12299181436089386, '512890.SH': 0.1682128047004066}"
2023-12-26,4147582.306488235,8856.797388235107,0.0,0.00010032610611143689,0.0021354120867909123,"{'511880.SH': 0.1140555617329114, '511260.SH': 0.5928090676232549, '511360.SH': 0.12298967502152136, '512890.SH': 0.16801028353552136}"
2023-12-27,4155123.939608235,8856.797388235107,0.0,0.001818320303903942,0.002131536271110644,"{'511880.SH': 0.1138519029457887, '511260.SH': 0.5922000969800201, '511360.SH': 0.12281395390774172, '512890.SH': 0.16900250989533883}"
2023-12-28,4153697.635088235,8856.797388235107,0.0,-0.00034326401347595237,0.0021322682020514876,"{'511880.SH': 0.11387310166835299, '511260.SH': 0.5924034477650969, '511360.SH': 0.12290138687217077, '512890.SH': 0.1686897954923278}"
2023-12-29,4161895.207728235,8856.797388235107,0.0,0.0019735602733215174,0.002128068330934641,"{'511880.SH': 0.11370840491640316, '511260.SH': 0.5923117899322586, '511360.SH': 0.12275417195784433, '512890.SH': 0.16909756486255934}"
2024-01-02,4195248.068547175,9791.827547175108,20000.0,0.0032083606512112173,0.0023340282593982678,"{'511880.SH': 0.11283596482625423, '511260.SH': 0.588678895657116, '511360.SH': 0.12177713728783643, '512890.SH': 0.17437397396939502}"
2024-01-03,4221010.449354655,18191.100554655233,0.0,0.006140848022939682,0.004309655418511567,"{'511880.SH': 0.11855807018352935, '511260.SH': 0.2033721333552361, '511360.SH': 0.12618194301827207, '512890.SH': 0.5475781980244508}"
2024-01-04,4249963.496674655,18191.100554655233,0.0,0.006859269283360003,0.004280295717572326,"{'511880.SH': 0.11775862178383134, '511260.SH': 0.2023892912663872, '511360.SH': 0.12532578230771899, '512890.SH': 0.5502460089244902}"
2024-01-05,4255157.387494655,18191.100554655233,0.0,0.0012221024543068726,0.004275071142636574,"{'511880.SH': 0.11763602964982661, '511260.SH': 0.2027227717910313, '511360.SH': 0.12521080925603467, '512890.SH': 0.5501553181604708}"
2024-01-08,4226714.131074655,18191.100554655233,0.0,-0.006684419359808236,0.004303839812802786,"{'511880.SH': 0.11842764972438086, '511260.SH': 0.20378170211880522, '511360.SH': 0.1260626774076453, '512890.SH': 0.5474241309363659}"
2024-01-09,4245155.625414656,18191.100554655233,0.0,0.00436308057940793,0.004285143386911375,"{'511880.SH': 0.11791789502442675, '511260.SH': 0.20314350664488665, '511360.SH': 0.1255312047477524, '512890.SH': 0.5491222501960227}"
2024-01-10,4232635.943914655,18191.100554655233,0.0,-0.0029491690304705998,0.0042978183797755965,"{'511880.SH': 0.11827613138326983, '511260.SH': 0.20367754548780606, '511360.SH': 0.1259221929460482, '512890.SH': 0.5478263118031004}"
2024-01-11,4212319.432754654,18191.100554655233,0.0,-0.004799966599822958,0.004318547262394849,"{'511880.SH': 0.11884421767905319, '511260.SH': 0.20453050006148016, '511360.SH': 0.12653302023000787, '512890.SH': 0.545773714767064}"
2024-01-12,4221507.561034655,18191.100554655233,0.0,0.0021812515472010574,0.004309147926812371,"{'511880.SH': 0.11861160302583418, '511260.SH': 0.20386795180560258, '511360.SH': 0.1262831565009303, '512890.SH': 0.5469281407408205}"
2024-01-15,4239007.348874656,18191.100554655233,0.0,0.004145388249810811,0.0042913585793816775,"{'511880.SH': 0.11813255464936614, '511260.SH': 0.20305725589942877, '511360.SH': 0.12576644863367142, '512890.SH': 0.5487523822381518}"
2024-01-16,4253652.635494655,18191.100554655233,0.0,0.003454885876498226,0.004276583471546167,"{'511880.SH': 0.11772465020331094, '511260.SH': 0.20229811264311953, '511360.SH': 0.12535071518316274, '512890.SH': 0.5503499384988606}"
2024-01-17,4222545.845434655,18191.100554655233,0.0,-0.007312959643302475,0.004308088347773214,"{'511880.SH': 0.11859664328841675, '511260.SH': 0.20402861959011315, '511360.SH': 0.12627299253043747, '512890.SH': 0.5467936562432594}"
2024-01-18,4208427.848414655,18191.100554655233,0.0,-0.0033434798665986643,0.004322540675494283,"{'511880.SH': 0.11900518904908026, '511260.SH': 0.20486391380685784, '511360.SH': 0.12670475037391238, '512890.SH': 0.5451036060946554}"
2024-01-19,4194243.9409946552,18191.100554655233,0.0,-0.0033703577513732874,0.004337158451098878,"{'511880.SH': 0.11942789609924559, '511260.SH': 0.20566529084510854, '511360.SH': 0.12715893674832862, '512890.SH': 0.5434107178562183}"
2024-01-22,4135795.778914655,18191.100554655233,0.0,-0.01393532729670921,0.004398452323830427,"{'511880.SH': 0.12113502106515359, '511260.SH': 0.2087569953046795, '511360.SH': 0.12896427399033003, '512890.SH': 0.5367452573160064}"
2024-01-23,4150191.474634655,18191.100554655233,0.0,0.0034807559390124254,0.004383195490096421,"{'511880.SH': 0.12070520655775262, '511260.SH': 0.20793146660202388, '511360.SH': 0.12852284123757332, '512890.SH': 0.5384572901125537}"
2024-01-24,4202208.173254655,18191.100554655233,0.0,0.01253356596627353,0.004328938454414084,"{'511880.SH': 0.1192110667882522, '511260.SH': 0.2053789494516076, '511360.SH': 0.12693542966170307, '512890.SH': 0.5441456156440232}"
2024-01-25,4271453.285714655,18191.100554655233,0.0,0.01647826799745844,0.004258761442034988,"{'511880.SH': 0.11726564707500846, '511260.SH': 0.20206567701128275, '511360.SH': 0.12488110353072795, '512890.SH': 0.5515288109409459}"
2024-01-26,4311871.376834655,18191.100554655233,0.0,0.009462374610340163,0.004218841186308605,"{'511880.SH': 0.11619889679265191, '511260.SH': 0.20031719977558166, '511360.SH': 0.12373323630809656, '512890.SH': 0.5555318259373612}"
2024-01-29,4312458.066434654,18191.100554655233,0.0,0.0001360637989229474,0.004218267232844032,"{'511880.SH': 0.11619236152115582, '511260.SH': 0.2004019486534978, '511360.SH': 0.12373117414244085, '512890.SH': 0.5554562484500616}"
2024-01-30,4297725.049994655,18191.100554655233,0.0,-0.003416384858248578,0.0042327278602147566,"{'511880.SH': 0.11660580050383243, '511260.SH': 0.20164926558088628, '511360.SH': 0.12417813931597689, '512890.SH': 0.5533340667390897}"
2024-01-31,4284420.756874655,18191.100554655233,0.0,-0.0030956594396415182,0.004245871632814384,"{'511880.SH': 0.1169748935596108, '511260.SH': 0.20260559110753917, '511360.SH': 0.12458318878778037, '512890.SH': 0.5515904549122551}"
2024-02-01,4279871.304076555,1150.9935565552369,20000.0,-0.0057299350813546646,0.00026893181471576526,"{'511880.SH': 0.12027367689998007, '511260.SH': 0.20578165496731635, '511360.SH': 0.12727485508294537, '512890.SH': 0.5464008812350424}"
2024-02-02,4284757.576600955,12759.417640955236,0.0,0.0011416867885130078,0.002977862204068293,"{'511880.SH': 0.12015089647344725, '511260.SH': 0.2055028748437417, '511360.SH': 0.12715305131269503, '512890.SH': 0.5442153151660477}"
2024-02-05,4291177.987240955,12759.417640955236,0.0,0.0014984303137852706,0.0029734067612420334,"{'511880.SH': 0.11997950262860778, '511260.SH': 0.20551349830329946, '511360.SH': 0.12698611001925847, '512890.SH': 0.5445474822875922}"
2024-02-06,4320757.498100955,12759.417640955236,0.0,0.006893098106848239,0.002953051090361635,"{'511880.SH': 0.11914862855095862, '511260.SH': 0.20357518337620162, '511360.SH': 0.1261028882642627, '512890.SH': 0.5482202487182154}"
2024-02-07,4348522.013720955,12759.417640955236,0.0,0.006425844457182084,0.0029341964006840164,"{'511880.SH': 0.11840913693786385, '511260.SH': 0.20238807512599508, '511360.SH': 0.12532648984652736, '512890.SH': 0.5509421016889298}"
2024-02-08,4347966.121500955,12759.417640955236,0.0,-0.0001278347489666043,0.002934571540900272,"{'511880.SH': 0.11853762632862475, '511260.SH': 0.20269247169197532, '511360.SH': 0.12538851149369065, '512890.SH': 0.5504468189448091}"
2024-02-19,4404574.784360955,12759.417640955236,0.0,0.013019573124101846,0.0028968557160748624,"{'511880.SH': 0.11695937065914577, '511260.SH': 0.20012397181442984, '511360.SH': 0.1238030971652842, '512890.SH': 0.5562167046450653}"
2024-02-20,4425070.617120954,12759.417640955236,0.0,0.004653305656830531,0.0028834381968025602,"{'511880.SH': 0.11642576491472921, '511260.SH': 0.1993330900951563, '511360.SH': 0.12327034915318504, '512890.SH': 0.5580873576401271}"
2024-02-21,4437968.900820955,12759.417640955236,0.0,0.0029148198562292116,0.00287505792088695,"{'511880.SH': 0.11608392071082343, '511260.SH': 0.19888782903294389, '511360.SH': 0.12291658914038155, '512890.SH': 0.5592366031949642}"
2024-02-22,4467390.146460955,12759.417640955236,0.0,0.006629439344326693,0.0028561234238883714,"{'511880.SH': 0.11532286514266786, '511260.SH': 0.19754195874275943, '511360.SH': 0.12211827982657437, '512890.SH': 0.5621607728641098}"
2024-02-23,4473753.761300955,12759.417640955236,0.0,0.0014244591655021566,0.0028520607797700593,"{'511880.SH': 0.11517718669660525, '511260.SH': 0.19754417590989717, '511360.SH': 0.12196580972336037, '512890.SH': 0.5624607668903672}"
2024-02-26,4410698.535380955,12759.417640955236,0.0,-0.014094478436753266,0.002892833762861827,"{'511880.SH': 0.11683190421344278, '511260.SH': 0.20052855412926282, '511360.SH': 0.12374457143733558, '512890.SH': 0.5560021364570971}"
2024-02-27,4429210.962120955,12759.417640955236,0.0,0.00419716437011064,0.0028807428117728017,"{'511880.SH': 0.11634590919400137, '511260.SH': 0.19998595857710935, '511360.SH': 0.12322172158145574, '512890.SH': 0.5575656678356607}"
2024-02-28,4410606.932160955,12759.417640955236,0.0,-0.004200303421784013,0.0028928938436832826,"{'511880.SH': 0.1168354946441631, '511260.SH': 0.20108661089993365, '511360.SH': 0.12372900337610163, '512890.SH': 0.5554559972361183}"
2024-02-29,4431803.426920955,12759.417640955236,0.0,0.00480579999216002,0.0028790576683632345,"{'511880.SH': 0.11627321691883126, '511260.SH': 0.20044390836557835, '511360.SH': 0.12316430748807566, '512890.SH': 0.5572395095591515}"
2024-03-01,4448772.1043209545,7408.74864095524,20000.0,-0.0006839930177378051,0.0016653468568909953,"{'511880.SH': 0.11586203462734479, '511260.SH': 0.20463030666727156, '511360.SH': 0.12272824662555694, '512890.SH': 0.5551140652229357}"
2024-03-04,4454065.156525554,12272.104745555145,0.0,0.0011897782310446026,0.0027552593674063236,"{'511880.SH': 0.17665125177777263, '511260.SH': 0.4007583044412429, '511360.SH': 0.20841679844758554, '512890.SH': 0.2114183859659928}"
2024-03-05,4462958.325105554,12272.104745555145,0.0,0.001996640881414047,0.0027497690660745516,"{'511880.SH': 0.1763150471680439, '511260.SH': 0.4000450306597415, '511360.SH': 0.2080110169924214, '512890.SH': 0.21287913611371884}"
2024-03-06,4468752.075705554,12272.104745555145,0.0,0.0012981861308021259,0.0027462039821525676,"{'511880.SH': 0.1760987284298498, '511260.SH': 0.40080108935495445, '511360.SH': 0.2077508405640115, '512890.SH': 0.2126031376690319}"
2024-03-07,4473600.798565554,12272.104745555145,0.0,0.001085028387759479,0.002743227502438339,"{'511880.SH': 0.17591311809769386, '511260.SH': 0.4007890244866976, '511360.SH': 0.20755606988842812, '512890.SH': 0.21299856002474216}"
2024-03-08,4479022.887485554,12272.104745555145,0.0,0.0012120189449489338,0.002739906683630387,"{'511880.SH': 0.17571766060830118, '511260.SH': 0.40021255640564785, '511360.SH': 0.20733897176429536, '512890.SH': 0.21399090453812536}"
2024-03-11,4470731.956345554,12272.104745555145,0.0,-0.0018510579981997344,0.0027449878152808233,"{'511880.SH': 0.17604703276448594, '511260.SH': 0.4005542084575796, '511360.SH': 0.20772728248264924, '512890.SH': 0.21292648848000453}"
2024-03-12,4440524.339845554,12272.104745555145,0.0,-0.00675674963181927,0.0027636611819544677,"{'511880.SH': 0.1772534534125256, '511260.SH': 0.4017390432910108, '511360.SH': 0.20912316405235565, '512890.SH': 0.20912067806215373}"
2024-03-13,4437855.975205555,12272.104745555145,0.0,-0.0006009120625813935,0.0027653228978407125,"{'511880.SH': 0.17736885955690368, '511260.SH': 0.4018217377857567, '511360.SH': 0.20921825881404235, '512890.SH': 0.20882582094545665}"
2024-03-14,4440244.612865554,12272.104745555145,0.0,0.0005382413655028451,0.002763835287361618,"{'511880.SH': 0.17728932615988643, '511260.SH': 0.4014722060210011, '511360.SH': 0.2091305954877844, '512890.SH': 0.20934403704396665}"
2024-03-15,4443515.521685555,12272.104745555145,0.0,0.0007366505913937171,0.002761800805165181,"{'511880.SH': 0.17718527336241746, '511260.SH': 0.4016399608126076, '511360.SH': 0.20901299780937801, '512890.SH': 0.20939996721043183}"
2024-03-18,4446132.672505555,12272.104745555145,0.0,0.0005889820362341425,0.002760175111607584,"{'511880.SH': 0.17708978777646145, '511260.SH': 0.40174286994306246, '511360.SH': 0.20892055375318752, '512890.SH': 0.209486613415681}"
2024-03-19,4446452.992625554,12272.104745555145,0.0,7.204466074073324e-05,0.0027599762700535554,"{'511880.SH': 0.17708231709766953, '511260.SH': 0.4026145116048812, '511360.SH': 0.20891123813534174, '512890.SH': 0.20863195689205416}"
2024-03-20,4450233.238345555,12272.104745555145,0.0,0.0008501710748478608,0.002757631811252548,"{'511880.SH': 0.1769424592884353, '511260.SH': 0.40183210726833923, '511360.SH': 0.20875478884908363, '512890.SH': 0.20971301278288923}"
2024-03-21,4455956.3840655545,12272.104745555145,0.0,0.0012860327568195995,0.002754089961347028,"{'511880.SH': 0.1767257487564346, '511260.SH': 0.4013160017442603, '511360.SH': 0.20850383619606175, '512890.SH': 0.21070032334189642}"
2024-03-22,4451568.797765554,12272.104745555145,0.0,-0.0009846564736788466,0.002756804466711842,"{'511880.SH': 0.17692809815616828, '511260.SH': 0.4016925450860291, '511360.SH': 0.20876280749978957, '512890.SH': 0.20985974479130146}"
2024-03-25,4451202.385805555,12272.104745555145,0.0,-8.231074855746812e-05,0.0027570314000301753,"{'511880.SH': 0.176974349248206, '511260.SH': 0.4011712668231855, '511360.SH': 0.20880099789751513, '512890.SH': 0.21029635463106328}"
2024-03-26,4452346.050225555,12272.104745555145,0.0,0.0002569338171742874,0.0027563232073871354,"{'511880.SH': 0.17692361045478347, '511260.SH': 0.40112838935992484, '511360.SH': 0.20873972721705172, '512890.SH': 0.2104519497608528}"
2024-03-27,4447922.497105555,12272.104745555145,0.0,-0.0009935330879718984,0.0027590644291893814,"{'511880.SH': 0.1770837096447969, '511260.SH': 0.40179994169479977, '511360.SH': 0.20895496731447294, '512890.SH': 0.2094023169167411}"
2024-03-28,4449964.990145555,12272.104745555145,0.0,0.00045920158036238945,0.0027577980439692706,"{'511880.SH': 0.1769901037747801, '511260.SH': 0.4016883961915243, '511360.SH': 0.20883804750329119, '512890.SH': 0.20972565448643526}"
2024-03-29,4466816.636445555,12272.104745555145,0.0,0.003786916602112278,0.0027473938924255027,"{'511880.SH': 0.1764188679629955, '511260.SH': 0.4006180565817841, '511360.SH': 0.20814722780737377, '512890.SH': 0.2120684537554211}"
2024-04-01,4484547.0467324555,7735.416332455146,20000.0,-0.0005081000403243108,0.0017249047120804206,"{'511880.SH': 0.17873504832199827, '511260.SH': 0.3985562379822284, '511360.SH': 0.2097538034940184, '512890.SH': 0.21123000548967444}"
2024-04-02,4490922.443726495,12035.123526495183,0.0,0.0014216367734807278,0.002679877837415654,"{'511880.SH': 0.11196346392095978, '511260.SH': 0.5901803990631145, '511360.SH': 0.12178344356937383, '512890.SH': 0.17339281560913627}"
2024-04-03,4504494.568726495,12035.123526495183,0.0,0.0030221241114860575,0.0026718033161926397,"{'511880.SH': 0.1116594073599247, '511260.SH': 0.5896410039963509, '511360.SH': 0.12146756792620345, '512890.SH': 0.1745602174013284}"
2024-04-08,4508029.911026495,12035.123526495183,0.0,0.0007848477217720085,0.002669708001949513,"{'511880.SH': 0.11158625542159664, '511260.SH': 0.5894196694438001, '511360.SH': 0.12139449178485802, '512890.SH': 0.17492987534779583}"
2024-04-09,4505647.620526494,12035.123526495183,0.0,-0.0005284549009253459,0.0026711195681762734,"{'511880.SH': 0.11163305117527718, '511260.SH': 0.5903807230466833, '511360.SH': 0.12147532299386607, '512890.SH': 0.17383978321599727}"
2024-04-10,4504471.506926495,12035.123526495183,0.0,-0.00026103097691032584,0.00267181699517665,"{'511880.SH': 0.11166219846802725, '511260.SH': 0.5900848070440184, '511360.SH': 0.12152702024160743, '512890.SH': 0.17405415725117027}"
2024-04-11,4513929.856126495,12035.123526495183,0.0,0.0020997689041779566,0.0026662185523686436,"{'511880.SH': 0.11140607706109375, '511260.SH': 0.58876038944047, '511360.SH': 0.1212856684640201, '512890.SH': 0.17588164648204754}"
2024-04-12,4516832.776126495,12035.123526495183,0.0,0.0006431025940865087,0.0026645050022897146,"{'511880.SH': 0.11135218449050557, '511260.SH': 0.5894693764340138, '511360.SH': 0.12125089130921202, '512890.SH': 0.17526304276397903}"
2024-04-15,4536869.463326495,12035.123526495183,0.0,0.004436003764829,0.002652737448978941,"{'511880.SH': 0.11086040730632424, '511260.SH': 0.5874004137747475, '511360.SH': 0.12073854106403226, '512890.SH': 0.178347900405917}"
2024-04-16,4535646.980126495,12035.123526495183,0.0,-0.00026945522895960305,0.0026534524356125124,"{'511880.SH': 0.1108991040096273, '511260.SH': 0.5876094219144168, '511360.SH': 0.12077769773535645, '512890.SH': 0.17806032390498705}"
2024-04-17,4552567.397126495,12035.123526495183,0.0,0.0037305409953947155,0.002643590413201033,"{'511880.SH': 0.11048473200363346, '511260.SH': 0.585632054932963, '511360.SH': 0.1203299044723135, '512890.SH': 0.180909718177889}"
2024-04-18,4557259.4867264945,12035.123526495183,0.0,0.0010306469274812269,0.0026408686100821703,"{'511880.SH': 0.11037975341652725, '511260.SH': 0.5860334500984019, '511360.SH': 0.12022247177185623, '512890.SH': 0.18072345610313253}"
2024-04-19,4559552.943926495,12035.123526495183,0.0,0.000503253590601993,0.002639540251972827,"{'511880.SH': 0.11033738811392348, '511260.SH': 0.58587160470596, '511360.SH': 0.12018502838747479, '512890.SH': 0.18096643854066893}"
2024-04-22,4544751.037926495,12035.123526495183,0.0,-0.0032463502852217996,0.0026481370323832103,"{'511880.SH': 0.11070114807202715, '511260.SH': 0.5881844302784082, '511360.SH': 0.12059516471336891, '512890.SH': 0.1778711199038125}"
2024-04-23,4538884.347726495,12035.123526495183,0.0,-0.0012908716343407178,0.0026515598557878034,"{'511880.SH': 0.11085084158445675, '511260.SH': 0.590312265026554, '511360.SH': 0.12076756268851963, '512890.SH': 0.17541777084468194}"
2024-04-24,4524690.988526494,12035.123526495183,0.0,-0.003127059011122424,0.0026598774495348526,"{'511880.SH': 0.11119856606248635, '511260.SH': 0.589521871607118, '511360.SH': 0.1211563400440136, '512890.SH': 0.1754633448368473}"
2024-04-25,4532827.455726494,12035.123526495183,0.0,0.0017982370996454389,0.002655102944915927,"{'511880.SH': 0.11100778582787539, '511260.SH': 0.5887495445317533, '511360.SH': 0.12092783265056946, '512890.SH': 0.17665973404488602}"
2024-04-26,4516660.632526495,12035.123526495183,0.0,-0.0035666090002114403,0.002664606554635713,"{'511880.SH': 0.11140512434704122, '511260.SH': 0.5894872155826912, '511360.SH': 0.12134185952630018, '512890.SH': 0.17510119398933183}"
2024-04-29,4501137.660326495,12035.123526495183,0.0,-0.003436825004786037,0.002673795923322683,"{'511880.SH': 0.11180043010804022, '511260.SH': 0.5886599122160164, '511360.SH': 0.12166812955466819, '512890.SH': 0.17519773219795254}"
2024-04-30,4514662.663026495,12035.123526495183,0.0,0.003004796502717788,0.0026657857795353407,"{'511880.SH': 0.11150203704534142, '511260.SH': 0.5890583191917197, '511360.SH': 0.12142656958393944, '512890.SH': 0.1753472883994642}"
2024-05-06,4541969.606838845,5691.983238845183,20000.0,0.001618491647712883,0.001253197121855409,"{'511880.SH': 0.11382825239991617, '511260.SH': 0.5887437018454886, '511360.SH': 0.12070864568853396, '512890.SH': 0.1754662029442059}"
2024-05-07,4547620.892702745,9074.461902745214,0.0,0.0012442368296325945,0.001995430603572602,"{'511880.SH': 0.1795215144934386, '511260.SH': 0.3986042466531713, '511360.SH': 0.2098045599031787, '512890.SH': 0.21007424834663882}"
2024-05-08,4554199.339202745,9074.461902745214,0.0,0.001446568800524961,0.001992548245447197,"{'511880.SH': 0.1792728787631255, '511260.SH': 0.39842133926391626, '511360.SH': 0.20954161838841645, '512890.SH': 0.21077161533909464}"
2024-05-09,4558958.378002745,9074.461902745214,0.0,0.0010449781499537458,0.0019904682496181695,"{'511880.SH': 0.1790804039666774, '511260.SH': 0.397441663153282, '511360.SH': 0.2093362388664969, '512890.SH': 0.2121512257639255}"
2024-05-10,4561297.214502745,9074.461902745214,0.0,0.0005130199282550318,0.001989447623341176,"{'511880.SH': 0.17902589890516957, '511260.SH': 0.39669307105155555, '511360.SH': 0.20924988114462312, '512890.SH': 0.21304170127531055}"
2024-05-13,4570634.701102745,9074.461902745214,0.0,0.0020471120738001503,0.001985383321173281,"{'511880.SH': 0.1786583880359079, '511260.SH': 0.3967059541123544, '511360.SH': 0.20884714321398185, '512890.SH': 0.21380313131658274}"
2024-05-14,4568036.602702745,9074.461902745214,0.0,-0.0005684327385369059,0.0019865125199251196,"{'511880.SH': 0.17876887359370836, '511260.SH': 0.3971274220803454, '511360.SH': 0.20899068528372813, '512890.SH': 0.21312650652229306}"
2024-05-15,4565112.562502746,9074.461902745214,0.0,-0.0006401087500633729,0.00198778491844466,"{'511880.SH': 0.17889048097256172, '511260.SH': 0.3971049509031487, '511360.SH': 0.2091531341072876, '512890.SH': 0.21286364909855726}"
2024-05-16,4565767.838702745,9074.461902745214,0.0,0.00014353998746519103,0.001987499632772285,"{'511880.SH': 0.17886835749231567, '511260.SH': 0.3967867101439686, '511360.SH': 0.20912502206228875, '512890.SH': 0.21323241066865478}"
2024-05-17,4569903.567402745,9074.461902745214,0.0,0.0009058123071747914,0.001985700960403982,"{'511880.SH': 0.17872244697368697, '511260.SH': 0.3958993824082489, '511360.SH': 0.20895670683543852, '512890.SH': 0.2144357628222217}"
2024-05-20,4583995.106602745,9074.461902745214,0.0,0.003083552856676386,0.001979596769131459,"{'511880.SH': 0.17818895592263256, '511260.SH': 0.39537315329797185, '511360.SH': 0.20829537942234683, '512890.SH': 0.21616291458791725}"
2024-05-21,4584791.288802745,9074.461902745214,0.0,0.00017368740181522568,0.0019792529978207326,"{'511880.SH': 0.17816331617863174, '511260.SH': 0.39505052376614863, '511360.SH': 0.2082838759383023, '512890.SH': 0.21652303111909663}"
2024-05-22,4585361.142702745,9074.461902745214,0.0,0.00012429222272181129,0.0019790070226391072,"{'511880.SH': 0.1781517814142118, '511260.SH': 0.3952987220831222, '511360.SH': 0.20827316982868893, '512890.SH': 0.21629731965133797}"
2024-05-23,4576794.377502745,9074.461902745214,0.0,-0.0018682858194568608,0.0019827112940338275,"{'511880.SH': 0.17852066503494782, '511260.SH': 0.39648541103787255, '511360.SH': 0.20869912895697423, '512890.SH': 0.2143120836761716}"
2024-05-24,4576339.609502745,9074.461902745214,0.0,-9.936386966291622e-05,0.001982908323478035,"{'511880.SH': 0.17857737356358447, '511260.SH': 0.3963541508662398, '511360.SH': 0.2087521865764248, '512890.SH': 0.21433338067027294}"
2024-05-27,4593369.421402745,9074.461902745214,0.0,0.0037212736276472924,0.0019755567362953383,"{'511880.SH': 0.17790118430109852, '511260.SH': 0.3948166658553174, '511360.SH': 0.2079971829716742, '512890.SH': 0.2173094101356146}"
2024-05-28,4591115.992902745,9074.461902745214,0.0,-0.0004905829018455599,0.001976526386345526,"{'511880.SH': 0.17798320566572318, '511260.SH': 0.3955176917348832, '511360.SH': 0.20809927291685368, '512890.SH': 0.21642330329619452}"
2024-05-29,4594387.615102745,9074.461902745214,0.0,0.0007125984630005355,0.001975118919639148,"{'511880.SH': 0.17784411513605553, '511260.SH': 0.39556366424676553, '511360.SH': 0.20795108729167033, '512890.SH': 0.21666601440586958}"
2024-05-30,4586508.1722027445,9074.461902745214,0.0,-0.001715014831160211,0.0019785120972295265,"{'511880.SH': 0.17817792213973524, '511260.SH': 0.3962648995187835, '511360.SH': 0.2083292047294236, '512890.SH': 0.21524946151482824}"
2024-05-31,4585693.948402745,9074.461902745214,0.0,-0.000177525858328198,0.0019788633966525315,"{'511880.SH': 0.17821309428743098, '511260.SH': 0.39573761799609286, '511360.SH': 0.20838516716381483, '512890.SH': 0.21568525715600892}"
2024-06-03,4594308.686002745,16286.070902745214,20000.0,-0.002482778512500783,0.0035448360168665173,"{'511880.SH': 0.177901865516816, '511260.SH': 0.3980293500023885, '511360.SH': 0.2080209374941919, '512890.SH': 0.2125030109697371}"
2024-06-04,4599074.190502745,16286.070902745214,0.0,0.0010372625841443828,0.003541162901084862,"{'511880.SH': 0.17771576324813632, '511260.SH': 0.3976449007447053, '511360.SH': 0.2078243055904078, '512890.SH': 0.21327386751566574}"
2024-06-05,4586622.224902745,16286.070902745214,0.0,-0.002707493961657259,0.0035507766073083432,"{'511880.SH': 0.17821237239945828, '511260.SH': 0.3991640493214635, '511360.SH': 0.20839989716403293, '512890.SH': 0.2106729045077369}"
2024-06-06,4592737.865502745,16286.070902745214,0.0,0.0013333647944222538,0.0035460484311709037,"{'511880.SH': 0.17798918639361902, '511260.SH': 0.3987477303583342, '511360.SH': 0.20813375986033153, '512890.SH': 0.21158327495654436}"
2024-06-07,4602696.294402746,16286.070902745214,0.0,0.0021682989954208143,0.0035383761736681183,"{'511880.SH': 0.1776305047531038, '511260.SH': 0.3982018979242314, '511360.SH': 0.20772124399401906, '512890.SH': 0.2129079771549776}"
2024-06-11,4584730.752402745,16286.070902745214,0.0,-0.003903264706352161,0.0035522415125926604,"{'511880.SH': 0.1783265605229984, '511260.SH': 0.39981841878922514, '511360.SH': 0.2085371097308034, '512890.SH': 0.20976566944438044}"
2024-06-12,4594070.567502745,16286.070902745214,0.0,0.0020371567283652414,0.0035450197517531887,"{'511880.SH': 0.17796754881900523, '511260.SH': 0.3988561719016096, '511360.SH': 0.2081093631349468, '512890.SH': 0.21152189639268515}"
2024-06-13,4585510.476402746,16286.070902745214,0.0,-0.0018632911650403594,0.0035516374865032165,"{'511880.SH': 0.17830330869539357, '511260.SH': 0.39990012222991206, '511360.SH': 0.20851493087201084, '512890.SH': 0.20973000071618025}"
2024-06-14,4589348.252702746,16286.070902745214,0.0,0.0008369354556596598,0.0035486674808681315,"{'511880.SH': 0.17816303644389392, '511260.SH': 0.3997744775458064, '511360.SH': 0.20836331159589971, '512890.SH': 0.2101505069335317}"
2024-06-17,4577837.875302745,16286.070902745214,0.0,-0.002508063621718404,0.003557590143287495,"{'511880.SH': 0.1786322526648937, '511260.SH': 0.40100144435075674, '511360.SH': 0.20891762138622075, '512890.SH': 0.20789109145484141}"
2024-06-18,4582330.345602745,16286.070902745214,0.0,0.0009813519880721433,0.003554102317912,"{'511880.SH': 0.17846419928776033, '511260.SH': 0.4009734264931777, '511360.SH': 0.20872419224812405, '512890.SH': 0.2082840796530259}"
2024-06-19,4586311.304002745,16286.070902745214,0.0,0.0008687628563968097,0.0035510173259567872,"{'511880.SH': 0.17831812796620194, '511260.SH': 0.40069709145040194, '511360.SH': 0.2085354300230963, '512890.SH': 0.20889833323434304}"
2024-06-20,4586876.451902745,16286.070902745214,0.0,0.00012322493231264886,0.0035505798060005223,"{'511880.SH': 0.17830499351268356, '511260.SH': 0.4009532454786499, '511360.SH': 0.2085173232872328, '512890.SH': 0.20867385791543322}"
2024-06-21,4585652.411902745,16286.070902745214,0.0,-0.0002668569805258647,0.0035515275559203498,"{'511880.SH': 0.17837026501984846, '511260.SH': 0.4007453105756621, '511360.SH': 0.20860333799331315, '512890.SH': 0.20872955885525585}"
2024-06-24,4574635.004502744,16286.070902745214,0.0,-0.002402582317709845,0.0035600809434446854,"{'511880.SH': 0.17881224998166062, '511260.SH': 0.4020699352384577, '511360.SH': 0.20911524068224185, '512890.SH': 0.20644249315419527}"
2024-06-25,4582141.297102746,16286.070902745214,0.0,0.0016408506017666635,0.0035542489519131103,"{'511880.SH': 0.17851932643744875, '511260.SH': 0.4018481929320374, '511360.SH': 0.20878027061384805, '512890.SH': 0.2072979610647526}"
2024-06-26,4587570.925602744,16286.070902745214,0.0,0.0011849544018713853,0.003550042313646725,"{'511880.SH': 0.17831334038558164, '511260.SH': 0.40154402621207896, '511360.SH': 0.20854644331723324, '512890.SH': 0.20804614777145952}"
2024-06-27,4589170.097502746,16286.070902745214,0.0,0.0003485879403142267,0.0035488052429365133,"{'511880.SH': 0.1782671011573919, '511260.SH': 0.40191824683153327, '511360.SH': 0.2084908337829218, '512890.SH': 0.20777501298521645}"
2024-06-28,4603469.112802745,16286.070902745214,0.0,0.0031158172384544436,0.0035377821602955674,"{'511880.SH': 0.17772746551608234, '511260.SH': 0.4011233603945598, '511360.SH': 0.20790748814588839, '512890.SH': 0.2097039037831739}"
2024-07-01,4635296.468470115,2754.4482101152134,20000.0,0.0025692266804782093,0.0005942334495433734,"{'511880.SH': 0.17947381086814806, '511260.SH': 0.3971042656107655, '511360.SH': 0.20887604635126095, '512890.SH': 0.2139516437202821}"
2024-07-02,4641427.388620186,6993.115720185451,0.0,0.001322659767670542,0.00150667351542138,"{'511880.SH': 0.12048491769387495, '511260.SH': 0.20554991387759722, '511360.SH': 0.12801044813428197, '512890.SH': 0.5444480467788244}"
2024-07-03,4614213.336720185,6993.115720185451,0.0,-0.005863293685628546,0.0015155596869641502,"{'511880.SH': 0.1211895204215848, '511260.SH': 0.2069402366815414, '511360.SH': 0.12878065157307544, '512890.SH': 0.5415740316368343}"
2024-07-04,4605362.869820186,6993.115720185451,0.0,-0.00191808792835102,0.001518472250256904,"{'511880.SH': 0.12143324404789742, '511260.SH': 0.20742469746738934, '511360.SH': 0.12904103689514557, '512890.SH': 0.5405825493393107}"
2024-07-05,4587306.0965201855,6993.115720185451,0.0,-0.003920814452717747,0.001524449333235088,"{'511880.SH': 0.1219184802872112, '511260.SH': 0.20785401713726787, '511360.SH': 0.1295631003239255, '512890.SH': 0.5391399529183603}"
2024-07-08,4572889.765320186,6993.115720185451,0.0,-0.003142657345437616,0.001529255258506282,"{'511880.SH': 0.12230647006660114, '511260.SH': 0.2079008348746918, '511360.SH': 0.12998218424326735, '512890.SH': 0.5382812555569334}"
2024-07-09,4605606.0559201855,6993.115720185451,0.0,0.007154401763216134,0.0015183920715920304,"{'511880.SH': 0.12143164285210675, '511260.SH': 0.2069349372109034, '511360.SH': 0.12905298299145285, '512890.SH': 0.5410620448739449}"
2024-07-10,4556514.466820185,6993.115720185451,0.0,-0.010659094265541125,0.0015347511285453408,"{'511880.SH': 0.12274723330140408, '511260.SH': 0.20915632045937044, '511360.SH': 0.13045405744422442, '512890.SH': 0.5361076376664557}"
2024-07-11,4561844.865320185,6993.115720185451,0.0,0.0011698412325507057,0.0015329578112899332,"{'511880.SH': 0.12260502053717771, '511260.SH': 0.20904980948602805, '511360.SH': 0.13030517642521328, '512890.SH': 0.5365070357402911}"
2024-07-12,4565528.964220185,6993.115720185451,0.0,0.0008075896942498773,0.001531720809349834,"{'511880.SH': 0.12252064481109767, '511260.SH': 0.20914207477010105, '511360.SH': 0.13021895264693534, '512890.SH': 0.5365866069625161}"
2024-07-15,4589823.052220185,6993.115720185451,0.0,0.0053211989652002245,0.0015236133595178025,"{'511880.SH': 0.12188420713286419, '511260.SH': 0.20820759082155477, '511360.SH': 0.12954028798831288, '512890.SH': 0.5388443006977504}"
2024-07-16,4580306.994320185,6993.115720185451,0.0,-0.00207329515576804,0.0015267788226547418,"{'511880.SH': 0.12213622475386718, '511260.SH': 0.20859654193153204, '511360.SH': 0.12982003187501487, '512890.SH': 0.5379204226169313}"
2024-07-17,4567346.372520185,6993.115720185451,0.0,-0.0028296404184418034,0.001531111317122806,"{'511880.SH': 0.12248765809966551, '511260.SH': 0.20941853802785412, '511360.SH': 0.13018960059118487, '512890.SH': 0.5363730919641727}"
2024-07-18,4576170.430420185,6993.115720185451,0.0,0.0019319878941284063,0.0015281589325647866,"{'511880.SH': 0.12225268016266413, '511260.SH': 0.2088918265905203, '511360.SH': 0.12994328096853677, '512890.SH': 0.5373840533457139}"
2024-07-19,4557821.957520185,6993.115720185451,0.0,-0.004009569394100465,0.0015343108584237586,"{'511880.SH': 0.12276549411430622, '511260.SH': 0.20978147213986814, '511360.SH': 0.13047824279725964, '512890.SH': 0.5354404800901422}"
2024-07-22,4536390.904120185,6993.115720185451,0.0,-0.004702038298060152,0.001541559329429468,"{'511880.SH': 0.12334058508754482, '511260.SH': 0.21120155212590047, '511360.SH': 0.13110417787405104, '512890.SH': 0.5328121255830742}"
2024-07-23,4528861.219920184,6993.115720185451,0.0,-0.001659840247268396,0.0015441223258125575,"{'511880.SH': 0.12355298953273323, '511260.SH': 0.2119350435774483, '511360.SH': 0.13133645989940107, '512890.SH': 0.5316313846646049}"
2024-07-24,4529762.637220184,6993.115720185451,0.0,0.00019903840197943445,0.0015438150473325845,"{'511880.SH': 0.1235320711072394, '511260.SH': 0.21207747004367014, '511360.SH': 0.13132105314132933, '512890.SH': 0.5315255906604286}"
2024-07-25,4518254.366920185,6993.115720185451,0.0,-0.0025405901416197807,0.0015477472387089677,"{'511880.SH': 0.12384916672618244, '511260.SH': 0.2126454869460811, '511360.SH': 0.13166748741627654, '512890.SH': 0.530290111672751}"
2024-07-26,4501193.259420185,6993.115720185451,0.0,-0.0037760396193960988,0.001553613745766219,"{'511880.SH': 0.12433213511300992, '511260.SH': 0.2137917979829108, '511360.SH': 0.132180949741456, '512890.SH': 0.5281415034168571}"
2024-07-29,4513662.903420185,6993.115720185451,0.0,0.002770297403672295,0.0015493216639830335,"{'511880.SH': 0.12399478560437353, '511260.SH': 0.21335855614522617, '511360.SH': 0.1318229590315974, '512890.SH': 0.5292743775548199}"
2024-07-30,4495461.622220185,6993.115720185451,0.0,-0.0040324857193496655,0.0015555945768994785,"{'511880.SH': 0.12450174585709915, '511260.SH': 0.21432775562749726, '511360.SH': 0.13236149032146183, '512890.SH': 0.5272534136170424}"
2024-07-31,4522282.5143201845,6993.115720185451,0.0,0.0059662153420305675,0.0015463686087813329,"{'511880.SH': 0.123755998000521, '511260.SH': 0.2133069742868573, '511360.SH': 0.13157289446553855, '512890.SH': 0.5298177646383019}"
2024-08-01,4546432.016359544,185.95755954545893,20000.0,0.0009175680701549727,4.0901867415222095e-05,"{'511880.SH': 0.12311691240204702, '511260.SH': 0.21251900314868583, '511360.SH': 0.13090014276217773, '512890.SH': 0.5334230398196743}"
2024-08-02,4542118.486132355,13032.75831235548,0.0,-0.0009487726225021476,0.0028693127121509686,"{'511880.SH': 0.12024716608946795, '511260.SH': 0.20412358304406045, '511360.SH': 0.12862724778839585, '512890.SH': 0.5441326903659247}"
2024-08-05,4520639.842732355,13032.75831235548,0.0,-0.004728772150171201,0.0028829455045634093,"{'511880.SH': 0.1208304432564237, '511260.SH': 0.20566511209573599, '511360.SH': 0.1292477658752946, '512890.SH': 0.5413737332679823}"
2024-08-06,4503076.852692355,13032.75831235548,0.0,-0.0038850673026374904,0.0028941896260471977,"{'511880.SH': 0.12130170855809681, '511260.SH': 0.20578138688571646, '511360.SH': 0.12975656847842806, '512890.SH': 0.5402661464517114}"
2024-08-07,4517632.914392356,13032.75831235548,0.0,0.003232470192308101,0.0028848643879044455,"{'511880.SH': 0.12091684879037463, '511260.SH': 0.20565112695194773, '511360.SH': 0.12934787112480509, '512890.SH': 0.541199288744968}"
2024-08-08,4514577.694392356,13032.75831235548,0.0,-0.0006762877944921364,0.002886816706808196,"{'511880.SH': 0.1209926936640129, '511260.SH': 0.2051171920576811, '511360.SH': 0.12943775465994103, '512890.SH': 0.5415655429115567}"
2024-08-09,4517653.455072355,13032.75831235548,0.0,0.0006812953255450616,0.0028848512711222877,"{'511880.SH': 0.120929457169098, '511260.SH': 0.20456263615403825, '511360.SH': 0.1293566684146295, '512890.SH': 0.542266386991112}"
2024-08-12,4518720.116092355,13032.75831235548,0.0,0.00023610952690544806,0.002884170291039356,"{'511880.SH': 0.12090569496755126, '511260.SH': 0.20318036444221219, '511360.SH': 0.1292874276323202, '512890.SH': 0.543742342666877}"
2024-08-13,4528742.569112356,13032.75831235548,0.0,0.002217984907785686,0.0028777874020138733,"{'511880.SH': 0.12064050796932047, '511260.SH': 0.20334684207508394, '511360.SH': 0.12899545317156372, '512890.SH': 0.544139409382018}"
2024-08-14,4524627.232092355,13032.75831235548,0.0,-0.0009087151581695929,0.0028804048695805265,"{'511880.SH': 0.120752624243775, '511260.SH': 0.20419713108006624, '511360.SH': 0.12913737862329902, '512890.SH': 0.5430324611832791}"
2024-08-15,4552613.724172355,13032.75831235548,0.0,0.006185369676753982,0.002862698024028994,"{'511880.SH': 0.12001387710514114, '511260.SH': 0.2026954527462705, '511360.SH': 0.12836564562837827, '512890.SH': 0.546062326496181}"
2024-08-16,4563252.8775323555,13032.75831235548,0.0,0.002336933024541743,0.0028560236879537414,"{'511880.SH': 0.11975183025480388, '511260.SH': 0.20240491263317043, '511360.SH': 0.1280803005412351, '512890.SH': 0.5469069328828368}"
2024-08-19,4600880.306632355,13032.75831235548,0.0,0.008245747082144428,0.0028326662385822626,"{'511880.SH': 0.1187736371259759, '511260.SH': 0.20105358938952209, '511360.SH': 0.12702936417569832, '512890.SH': 0.5503107430702214}"
2024-08-20,4578851.299572355,13032.75831235548,0.0,-0.00478799829420562,0.002846294290791379,"{'511880.SH': 0.11935332253551036, '511260.SH': 0.20193868276228102, '511360.SH': 0.1276520816595616, '512890.SH': 0.5482096187518556}"
2024-08-21,4551290.459832355,13032.75831235548,0.0,-0.006019160251518496,0.0028635303387856146,"{'511880.SH': 0.12007370499050278, '511260.SH': 0.20294158506289273, '511360.SH': 0.12843091539833976, '512890.SH': 0.5456902642094792}"
2024-08-22,4560505.956852355,13032.75831235548,0.0,0.0020248096888852984,0.002857743951144983,"{'511880.SH': 0.11984647431032723, '511260.SH': 0.2029440611977176, '511360.SH': 0.12817487917578535, '512890.SH': 0.5461768413650248}"
2024-08-23,4558588.724512355,13032.75831235548,0.0,-0.000420399043031372,0.0028589458492440834,"{'511880.SH': 0.11990162066187915, '511260.SH': 0.20311663454549714, '511360.SH': 0.1282462260428064, '512890.SH': 0.5458765729005732}"
2024-08-26,4561047.580852355,13032.75831235548,0.0,0.0005393898174621548,0.002857404594301548,"{'511880.SH': 0.11983935144519023, '511260.SH': 0.20302114450359535, '511360.SH': 0.1281701165438738, '512890.SH': 0.5461119829130391}"
2024-08-27,4573600.386892355,13032.75831235548,0.0,0.0027521760774209536,0.0028495620976652283,"{'511880.SH': 0.11951516393224085, '511260.SH': 0.20205409782814726, '511360.SH': 0.12779863795602678, '512890.SH': 0.5477825381859199}"
2024-08-28,4560233.912852355,13032.75831235548,0.0,-0.0029225277482280987,0.0028579144318945015,"{'511880.SH': 0.11987021421409666, '511260.SH': 0.20288921964998233, '511360.SH': 0.12817322777076678, '512890.SH': 0.5462094239332596}"
2024-08-29,4503529.189032355,13032.75831235548,0.0,-0.01243460859763923,0.0028938989324405256,"{'511880.SH': 0.12137592120668562, '511260.SH': 0.2051994693962581, '511360.SH': 0.1297823718836789, '512890.SH': 0.5407483385809368}"
2024-08-30,4491458.579332355,13032.75831235548,0.0,-0.0026802556824536694,0.0029016761664743588,"{'511880.SH': 0.12171173937025602, '511260.SH': 0.20572564205575988, '511360.SH': 0.1301488569191911, '512890.SH': 0.5395120854883186}"
2024-09-02,4520841.514778536,6.545818535480066,20000.0,0.002089062000784514,1.4479203736919163e-06,"{'511880.SH': 0.12095654187664825, '511260.SH': 0.2047654616897908, '511360.SH': 0.12933696040628476, '512890.SH': 0.5449395881069024}"
2024-09-03,4499288.527164335,42403.683964335476,0.0,-0.0047674725034585475,0.009424530947131832,"{'511880.SH': 0.04253464378747321, '511260.SH': 0.397505936594645, '511360.SH': 0.10544693836272202, '512890.SH': 0.4450879503080279}"
2024-09-04,4496420.299524335,42403.683964335476,0.0,-0.0006374847095675928,0.00943054277395315,"{'511880.SH': 0.042563879497707575, '511260.SH': 0.3980032516509447, '511360.SH': 0.10552567784870887, '512890.SH': 0.44447664822868577}"
2024-09-05,4492432.112364335,42403.683964335476,0.0,-0.0008869693877198159,0.009438914802436206,"{'511880.SH': 0.042604613005330076, '511260.SH': 0.3987926706937193, '511360.SH': 0.10563658796175769, '512890.SH': 0.4435272135367567}"
2024-09-06,4476436.970604335,42403.683964335476,0.0,-0.003560463766603683,0.009472641800340334,"{'511880.SH': 0.04276191749308993, '511260.SH': 0.40022375200742094, '511360.SH': 0.10602653474553991, '512890.SH': 0.4415151539536089}"
2024-09-09,4445604.353684335,42403.683964335476,0.0,-0.006887758528148602,0.009538339580127736,"{'511880.SH': 0.04305551582460752, '511260.SH': 0.4033076849301894, '511360.SH': 0.10676478657095131, '512890.SH': 0.4373336730941241}"
2024-09-10,4449671.478804335,42403.683964335476,0.0,0.0009148643910763532,0.009529621268968313,"{'511880.SH': 0.04301701200004858, '511260.SH': 0.4034008821887975, '511360.SH': 0.10666623418399802, '512890.SH': 0.4373862503581876}"
2024-09-11,4405806.979644336,42403.683964335476,0.0,-0.009857918583190739,0.009624498794488397,"{'511880.SH': 0.04344658004410633, '511260.SH': 0.407967554707787, '511360.SH': 0.10772723412370525, '512890.SH': 0.431234132329913}"
2024-09-12,4414433.299844335,42403.683964335476,0.0,0.00195794328708776,0.009605691395502736,"{'511880.SH': 0.043361251875014134, '511260.SH': 0.4068413719295138, '511360.SH': 0.10752061878854013, '512890.SH': 0.4326710660114293}"
2024-09-13,4412025.657884335,42403.683964335476,0.0,-0.0005454022739644904,0.009610933220336028,"{'511880.SH': 0.04339563140523771, '511260.SH': 0.4078520932407448, '511360.SH': 0.10760268339591916, '512890.SH': 0.4315386587377624}"
2024-09-18,4447125.795204335,42403.683964335476,0.0,0.007955560561456743,0.009535076343030932,"{'511880.SH': 0.04305014254520393, '511260.SH': 0.40529534872696, '511360.SH': 0.10674566492180555, '512890.SH': 0.4353737674629997}"
2024-09-19,4446166.586604335,42403.683964335476,0.0,-0.00021569180728686632,0.009537133424575614,"{'511880.SH': 0.043059855511670526, '511260.SH': 0.4051424446009631, '511360.SH': 0.10679287218579743, '512890.SH': 0.43546769427699333}"
2024-09-20,4445139.778364335,42403.683964335476,0.0,-0.0002309423679925926,0.009539336461527118,"{'511880.SH': 0.04308086511296746, '511260.SH': 0.4058801724934472, '511360.SH': 0.10683688785479527, '512890.SH': 0.43466273807726297}"
2024-09-23,4468188.435284335,42403.683964335476,0.0,0.005185136591695949,0.009490128847181688,"{'511880.SH': 0.04285906052836683, '511260.SH': 0.4039857821898536, '511360.SH': 0.10628963099444085, '512890.SH': 0.4373753974401571}"
2024-09-24,4550241.317764335,42403.683964335476,0.0,0.018363791874139945,0.009318996730742542,"{'511880.SH': 0.042080378957588475, '511260.SH': 0.39528877138404894, '511360.SH': 0.1043616078439808, '512890.SH': 0.4489502450836392}"
2024-09-25,4588254.522884335,42403.683964335476,0.0,0.008354107500100127,0.009241789825050738,"{'511880.SH': 0.04173999198274813, '511260.SH': 0.39325895958921414, '511360.SH': 0.10351010338054266, '512890.SH': 0.45224915522244424}"
2024-09-26,4645667.312204335,42403.683964335476,0.0,0.012512991385645211,0.009127576538453254,"{'511880.SH': 0.04122049030435979, '511260.SH': 0.3873372928088944, '511360.SH': 0.1022244099900178, '512890.SH': 0.46009023035827484}"
2024-09-27,4630616.718804335,42403.683964335476,0.0,-0.0032397053832204925,0.009157243308896546,"{'511880.SH': 0.04138265000897759, '511260.SH': 0.3853920996641674, '511360.SH': 0.10248237520347712, '512890.SH': 0.4615856318144814}"
2024-09-30,4755003.450204335,42403.683964335476,0.0,0.026861806742691785,0.008917697833113723,"{'511880.SH': 0.04029176289909253, '511260.SH': 0.3738815163054409, '511360.SH': 0.09988562678741902, '512890.SH': 0.4770233961749339}"
2024-10-08,4807819.898604335,10908.349164335472,20000.0,0.0069014562751978925,0.002268876412675538,"{'511880.SH': 0.03985149694472111, '511260.SH': 0.38108085132969755, '511360.SH': 0.09873645644209822, '512890.SH': 0.47806231887080763}"
2024-10-09,4721621.237539335,148063.17785933535,0.0,-0.01792884568950326,0.03135854623029827,"{'511880.SH': 0.07827346794818399, '511260.SH': 0.5680375585140646, '511360.SH': 0.1660694199199767, '512890.SH': 0.1562610073874765}"
2024-10-10,4767077.240499334,148063.17785933535,0.0,0.009627202325887652,0.031059529852263578,"{'511880.SH': 0.07757301003187965, '511260.SH': 0.5650755933037573, '511360.SH': 0.1644724766234065, '512890.SH': 0.16181939018869307}"
2024-10-11,4751872.023899335,148063.17785933535,0.0,-0.003189630843574598,0.03115891528952337,"{'511880.SH': 0.07789338865575499, '511260.SH': 0.5664892460195231, '511360.SH': 0.1650674925702958, '512890.SH': 0.15939095746490267}"
2024-10-14,4774198.642719335,148063.17785933535,0.0,0.0046984890812944435,0.03101320010744255,"{'511880.SH': 0.07754134364822723, '511260.SH': 0.5638831983050065, '511360.SH': 0.16437139690379934, '512890.SH': 0.16319086103552435}"
2024-10-15,4760903.422939336,148063.17785933535,0.0,-0.002784806576968557,0.031099807054670848,"{'511880.SH': 0.07767437090158173, '511260.SH': 0.5662194252904402, '511360.SH': 0.16488857896540507, '512890.SH': 0.16011781778790207}"
2024-10-16,4774020.367219335,148063.17785933535,0.0,0.002755137652403983,0.031014358228550223,"{'511880.SH': 0.077428100168601, '511260.SH': 0.5646507540080112, '511360.SH': 0.16444297250815054, '512890.SH': 0.16246381508668706}"
2024-10-17,4769855.845479336,148063.17785933535,0.0,-0.0008723301158485297,0.03104143660854306,"{'511880.SH': 0.07749952570376929, '511260.SH': 0.5660204600436276, '511360.SH': 0.16459398888209045, '512890.SH': 0.1608445887619695}"
2024-10-18,4772647.538299335,148063.17785933535,0.0,0.0005852782370028287,0.03102327935829419,"{'511880.SH': 0.07741674310432317, '511260.SH': 0.5654347148714055, '511360.SH': 0.1644947366634475, '512890.SH': 0.16163052600252967}"
2024-10-21,4766298.459299335,148063.17785933535,0.0,-0.001330305443477675,0.031064604771120694,"{'511880.SH': 0.07756272561545494, '511260.SH': 0.5662354598743994, '511360.SH': 0.1647600347955217, '512890.SH': 0.16037717494350337}"
2024-10-22,4767499.413279335,148063.17785933535,0.0,0.00025196785099690366,0.031056779461140986,"{'511880.SH': 0.07754854305177405, '511260.SH': 0.5657341860362743, '511360.SH': 0.1647364020250134, '512890.SH': 0.16092408942579733}"
2024-10-23,4761767.503659335,148063.17785933535,0.0,-0.0012022884793723154,0.03109416361583202,"{'511880.SH': 0.0776434230810044, '511260.SH': 0.5653509538067937, '511360.SH': 0.16494066528792656, '512890.SH': 0.1609707942084434}"
2024-10-24,4756761.336739334,148063.17785933535,0.0,-0.0010513253568456005,0.03112688810257395,"{'511880.SH': 0.07773740701346091, '511260.SH': 0.565759727992734, '511360.SH': 0.16511873192662574, '512890.SH': 0.16025724496460553}"
2024-10-25,4753716.078999335,148063.17785933535,0.0,-0.0006401956130275277,0.031146828165325113,"{'511880.SH': 0.0777864387049885, '511260.SH': 0.565779814213506, '511360.SH': 0.16522152079501798, '512890.SH': 0.16006539812116244}"
2024-10-28,4754004.975239336,148063.17785933535,0.0,6.077271658622152e-05,0.03114493540299277,"{'511880.SH': 0.07778631543846522, '511260.SH': 0.5655071069555736, '511360.SH': 0.16521148044454012, '512890.SH': 0.1603501617584282}"
2024-10-29,4746780.042619335,148063.17785933535,0.0,-0.0015197570590754772,0.031192340182173713,"{'511880.SH': 0.07790548013173566, '511260.SH': 0.5671880676641474, '511360.SH': 0.16547939718027335, '512890.SH': 0.15823471484166984}"
2024-10-30,4741794.593679335,148063.17785933535,0.0,-0.001050280167869233,0.03122513532254201,"{'511880.SH': 0.0779920043337519, '511260.SH': 0.5677453012385918, '511360.SH': 0.1656698501970422, '512890.SH': 0.1573677089080722}"
2024-10-31,4740451.907919335,148063.17785933535,0.0,-0.0002831598318893125,0.031233979530935225,"{'511880.SH': 0.07802102014411863, '511260.SH': 0.5680364767547855, '511360.SH': 0.16573924074357876, '512890.SH': 0.1569692828265819}"
2024-11-01,4774857.889904515,1829.9531445153625,20000.0,0.0030389469748892672,0.0003832476665712782,"{'511880.SH': 0.0774710505588256, '511260.SH': 0.5812702417527871, '511360.SH': 0.16920604102338146, '512890.SH': 0.17166941899843471}"
2024-11-04,4782547.811657215,16361.732257215597,0.0,0.0016105027479369483,0.0034211330239782897,"{'511880.SH': 0.17761569858841675, '511260.SH': 0.39972309222718944, '511360.SH': 0.20830110627891463, '512890.SH': 0.21093896988150104}"
2024-11-05,4795457.0908972155,16361.732257215597,0.0,0.0026992472942006795,0.0034119233989755846,"{'511880.SH': 0.1771253336438634, '511260.SH': 0.398817539965137, '511360.SH': 0.20775350109818214, '512890.SH': 0.21289170189384182}"
2024-11-06,4794084.001657215,16361.732257215597,0.0,-0.00028633125351218425,0.003412900619087961,"{'511880.SH': 0.1771987782246501, '511260.SH': 0.39918758189019227, '511360.SH': 0.2078299002803416, '512890.SH': 0.2123708389857282}"
2024-11-07,4812076.359577215,16361.732257215597,0.0,0.0037530335125084413,0.0034001397805443643,"{'511880.SH': 0.17651534388257878, '511260.SH': 0.39777997208842614, '511360.SH': 0.20705656468168354, '512890.SH': 0.2152479795667672}"
2024-11-08,4800992.912977215,16361.732257215597,0.0,-0.002303256592747438,0.0034079892542622564,"{'511880.SH': 0.1769629702438247, '511260.SH': 0.39923958121641506, '511360.SH': 0.20754956694615914, '512890.SH': 0.212839892339339}"
2024-11-11,4792484.108777216,16361.732257215597,0.0,-0.0017723009290431246,0.0034140399604559632,"{'511880.SH': 0.1772824020519868, '511260.SH': 0.40007026762770004, '511360.SH': 0.2079556191276104, '512890.SH': 0.21127767123224678}"
2024-11-12,4787516.785577215,16361.732257215597,0.0,-0.0010364819344738097,0.0034175822226893597,"{'511880.SH': 0.17748033944439856, '511260.SH': 0.40132705242689776, '511360.SH': 0.208220262120671, '512890.SH': 0.20955476378534338}"
2024-11-13,4793832.762337215,16361.732257215597,0.0,0.0013192594497062338,0.003413079485325745,"{'511880.SH': 0.1772447580306787, '511260.SH': 0.4007617485311134, '511360.SH': 0.20794405007862435, '512890.SH': 0.21063636387425777}"
2024-11-14,4786138.320897216,16361.732257215597,0.0,-0.0016050708945148928,0.00341856652695913,"{'511880.SH': 0.17753670617708167, '511260.SH': 0.4013267212970818, '511360.SH': 0.2082971559027388, '512890.SH': 0.2094208500961385}"
2024-11-15,4785349.039137215,16361.732257215597,0.0,-0.0001649099351254124,0.0034191303755275438,"{'511880.SH': 0.17757299011008132, '511260.SH': 0.4015851266612062, '511360.SH': 0.20835596146603474, '512890.SH': 0.20906679138715023}"
2024-11-18,4799901.240057215,16361.732257215597,0.0,0.003040990490136508,0.003408764355539233,"{'511880.SH': 0.1770398647181063, '511260.SH': 0.399713640770061, '511360.SH': 0.20772427392445997, '512890.SH': 0.2121134562318336}"
2024-11-19,4801769.985737216,16361.732257215597,0.0,0.00038933002712737697,0.003407437737712374,"{'511880.SH': 0.17697445340450468, '511260.SH': 0.39973139190366946, '511360.SH': 0.20766217518994887, '512890.SH': 0.21222454176416466}"
2024-11-20,4804760.086697215,16361.732257215597,0.0,0.0006227080782463812,0.003405317219171005,"{'511880.SH': 0.17688523831878022, '511260.SH': 0.3996801433055647, '511360.SH': 0.2075498010318955, '512890.SH': 0.21247950012458874}"
2024-11-21,4806121.774417215,16361.732257215597,0.0,0.0002834038943526629,0.003404352412439571,"{'511880.SH': 0.17684383665103073, '511260.SH': 0.4000256111349007, '511360.SH': 0.20750036033386363, '512890.SH': 0.21222583946776544}"
2024-11-22,4780469.693297215,16361.732257215597,0.0,-0.005337376438638186,0.003422620224986822,"{'511880.SH': 0.17782782708400843, '511260.SH': 0.4024134286840665, '511360.SH': 0.20861192811205997, '512890.SH': 0.20772419589487842}"
2024-11-25,4785632.711137215,16361.732257215597,0.0,0.0010800231297856122,0.003418927703987451,"{'511880.SH': 0.17761847331531, '511260.SH': 0.4024796126784862, '511360.SH': 0.2084000298808983, '512890.SH': 0.20808295642131816}"
2024-11-26,4790128.578697215,16361.732257215597,0.0,0.000939451025887772,0.003415718803453402,"{'511880.SH': 0.17746050926073323, '511260.SH': 0.4026321983458204, '511360.SH': 0.20821570519747096, '512890.SH': 0.20827586839252207}"
2024-11-27,4799489.969457215,16361.732257215597,0.0,0.0019543088679565557,0.0034090564541936074,"{'511880.SH': 0.17710913738947395, '511260.SH': 0.4014666167159237, '511360.SH': 0.20782083228581097, '512890.SH': 0.2101943571545979}"
2024-11-28,4800741.673497215,16361.732257215597,0.0,0.0002607993865944014,0.003408167606172507,"{'511880.SH': 0.1770856415151981, '511260.SH': 0.4019367279544414, '511360.SH': 0.2078172640506229, '512890.SH': 0.20975219887356517}"
2024-11-29,4804843.636257215,16361.732257215597,0.0,0.0008544435503883285,0.003405258005432357,"{'511880.SH': 0.1769362042886861, '511260.SH': 0.4020341859667107, '511360.SH': 0.20766419795030883, '512890.SH': 0.20996015378886201}"
2024-12-02,4830386.565564046,7987.645964045598,20000.0,0.001153612838720397,0.0016536245817239015,"{'511880.SH': 0.1788604345994231, '511260.SH': 0.4008029116762684, '511360.SH': 0.20890458482015262, '512890.SH': 0.20977844432243184}"
2024-12-03,4860397.728048416,7796.135428416077,0.0,0.006212993945105882,0.0016040118246755993,"{'511880.SH': 0.11850986212012778, '511260.SH': 0.20479188241240265, '511360.SH': 0.12779859483833017, '512890.SH': 0.5472956488044639}"
2024-12-04,4867560.018408416,7796.135428416077,0.0,0.0014736017010845703,0.0016016516281118687,"{'511880.SH': 0.11834947136170355, '511260.SH': 0.20493275814319956, '511360.SH': 0.12763125624553387, '512890.SH': 0.5474848626214511}"
2024-12-05,4868514.270008415,7796.135428416077,0.0,0.0001960431091532211,0.001601337696890966,"{'511880.SH': 0.11832394333292243, '511260.SH': 0.20508977577635285, '511360.SH': 0.1276073901697583, '512890.SH': 0.5473775530240755}"
2024-12-06,4901308.943928415,7796.135428416077,0.0,0.006736074313682394,0.0015906231412067342,"{'511880.SH': 0.11753339513796901, '511260.SH': 0.2034742170732598, '511360.SH': 0.1267729920942268, '512890.SH': 0.5506287725533379}"
2024-12-09,4912269.863248415,7796.135428416077,0.0,0.0022363249175667566,0.0015870739282350017,"{'511880.SH': 0.11727922452107069, '511260.SH': 0.20327364493360361, '511360.SH': 0.12648897908656656, '512890.SH': 0.5513710775305243}"
2024-12-10,4917992.340648416,7796.135428416077,0.0,0.0011649354696112724,0.0015852272407948056,"{'511880.SH': 0.11713929947358255, '511260.SH': 0.2042098544357609, '511360.SH': 0.1263361056634101, '512890.SH': 0.5507295131864516}"
2024-12-11,4927017.961588416,7796.135428416077,0.0,0.0018352246841462083,0.0015823233219760151,"{'511880.SH': 0.11693047459771505, '511260.SH': 0.20417218038224677, '511360.SH': 0.12612058751246524, '512890.SH': 0.5511944341855969}"
2024-12-12,4931619.253568416,7796.135428416077,0.0,0.0009338898327289069,0.0015808469850495772,"{'511880.SH': 0.1168328820565561, '511260.SH': 0.20439990359568327, '511360.SH': 0.12601540549796592, '512890.SH': 0.551170961864745}"
2024-12-13,4889433.291148417,7796.135428416077,0.0,-0.008554180736778272,0.0015944865108457062,"{'511880.SH': 0.11785948257914532, '511260.SH': 0.2068905412476552, '511360.SH': 0.12713473381983628, '512890.SH': 0.5465207558425175}"
2024-12-16,4936953.887588415,7796.135428416077,0.0,0.009719039735346824,0.0015791387981191585,"{'511880.SH': 0.11672962472847875, '511260.SH': 0.2056860410531461, '511360.SH': 0.12592007423096813, '512890.SH': 0.550085121189288}"
2024-12-17,4915463.961948415,7796.135428416077,0.0,-0.004352871452582563,0.0015860426378399909,"{'511880.SH': 0.11724110953944734, '511260.SH': 0.2061458506957179, '511360.SH': 0.12647628073618744, '512890.SH': 0.5485507163908074}"
2024-12-18,4932654.635988416,7796.135428416077,0.0,0.0034972637726728983,0.0015805151594307535,"{'511880.SH': 0.11683366574974487, '511260.SH': 0.20499255971067637, '511360.SH': 0.12602868959534022, '512890.SH': 0.5505645697848077}"
2024-12-19,4897909.010468416,7796.135428416077,0.0,-0.007044001269924216,0.0015917272884721243,"{'511880.SH': 0.11766363890555094, '511260.SH': 0.20624158142606927, '511360.SH': 0.12695131711737004, '512890.SH': 0.5475517352625376}"
2024-12-20,4885842.902608415,7796.135428416077,0.0,-0.0024635222569899806,0.0015956582280314288,"{'511880.SH': 0.11796583531007436, '511260.SH': 0.20772260185815086, '511360.SH': 0.1272797370680915, '512890.SH': 0.5454361675356519}"
2024-12-23,4899299.000908416,7796.135428416077,0.0,0.0027540996647306137,0.0015912756961701127,"{'511880.SH': 0.11764415429495734, '511260.SH': 0.20742610316528362, '511360.SH': 0.12693015876040525, '512890.SH': 0.5464083080831837}"
2024-12-24,4919001.850728417,7796.135428416077,0.0,0.004021565088464296,0.0015849019099802956,"{'511880.SH': 0.11717293570740359, '511260.SH': 0.20617444977171928, '511360.SH': 0.12641946859766154, '512890.SH': 0.5486482440132352}"
2024-12-25,4934926.919988416,7796.135428416077,0.0,0.0032374594975281834,0.0015797874122185334,"{'511880.SH': 0.1168028658469684, '511260.SH': 0.20528115541017533, '511360.SH': 0.12602512865610174, '512890.SH': 0.550311062674536}"
2024-12-26,4927462.644248417,7796.135428416077,0.0,-0.0015125402789180065,0.0015821805239895873,"{'511880.SH': 0.11698095405610547, '511260.SH': 0.2055281943501109, '511360.SH': 0.12623762875728062, '512890.SH': 0.5496710423125133}"
2024-12-27,4940859.331368417,7796.135428416077,0.0,0.0027187800470973578,0.0015778905865463824,"{'511880.SH': 0.11668214570284687, '511260.SH': 0.2056919519136619, '511360.SH': 0.12590781446670038, '512890.SH': 0.5501401973302443}"
2024-12-30,4958818.847408416,7796.135428416077,0.0,0.0036348972588591266,0.0015721758887180368,"{'511880.SH': 0.11627214107676652, '511260.SH': 0.20463996189946357, '511360.SH': 0.12546310303816569, '512890.SH': 0.5520526180968862}"
2024-12-31,4944180.016148416,7796.135428416077,0.0,-0.002952080265575696,0.0015768308198635076,"{'511880.SH': 0.11665754509669259, '511260.SH': 0.2056266148642355, '511360.SH': 0.12587874995798243, '512890.SH': 0.550260259261226}"
2025-01-02,4913546.199701816,2939.500121816076,20000.0,-0.010241094839027465,0.0005982441198974506,"{'511880.SH': 0.12015331648572428, '511260.SH': 0.20796792346472953, '511360.SH': 0.12891959783311732, '512890.SH': 0.5423609180965314}"
2025-01-03,4879991.290379755,69943.22561975608,0.0,-0.0068290615287380785,0.014332653781091723,"{'511880.SH': 0.11817546288184509, '511260.SH': 0.20429415559928554, '511360.SH': 0.1275528506018217, '512890.SH': 0.5356448771359561}"
2025-01-06,4883108.660239755,69943.22561975608,0.0,0.0006388064392954806,0.014323503834608904,"{'511880.SH': 0.11810237996458683, '511260.SH': 0.20429080518372494, '511360.SH': 0.12748747638342214, '512890.SH': 0.5357958346336573}"
2025-01-07,4891535.239679755,69943.22561975608,0.0,0.0017256588018637053,0.014298828934601566,"{'511880.SH': 0.11790835092455751, '511260.SH': 0.2036747260692792, '511360.SH': 0.127277014167184, '512890.SH': 0.5368410799043779}"
2025-01-08,4901234.1791197555,69943.22561975608,0.0,0.0019828006882836036,0.014270533311329686,"{'511880.SH': 0.11771382303214432, '511260.SH': 0.2032508269537348, '511360.SH': 0.12702172090700023, '512890.SH': 0.537743095795791}"
2025-01-09,4873347.134659756,69943.22561975608,0.0,-0.005689800454506733,0.01435219443374196,"{'511880.SH': 0.11837323467011258, '511260.SH': 0.20413977755135995, '511360.SH': 0.12774743575566475, '512890.SH': 0.5353873575891208}"
2025-01-10,4838543.465419755,69943.22561975608,0.0,-0.007141635569621774,0.0144554298457022,"{'511880.SH': 0.11923541241763967, '511260.SH': 0.2053803395798968, '511360.SH': 0.12865475001907345, '512890.SH': 0.532274068137688}"
2025-01-13,4808935.926299755,69943.22561975608,0.0,-0.006119101612210298,0.014544428682703206,"{'511880.SH': 0.11995034578134744, '511260.SH': 0.20653552370456135, '511360.SH': 0.1294247229613024, '512890.SH': 0.5295449788700857}"
2025-01-14,4848292.448059755,69943.22561975608,0.0,0.008184039538718269,0.014426362759479732,"{'511880.SH': 0.11896712794848532, '511260.SH': 0.20506824013841873, '511360.SH': 0.12834869320827128, '512890.SH': 0.5331895759453451}"
2025-01-15,4859939.213899756,69943.22561975608,0.0,0.002402240781630427,0.014391790214106734,"{'511880.SH': 0.11870455333063339, '511260.SH': 0.20494781028356807, '511360.SH': 0.12806300091572248, '512890.SH': 0.5338928452559694}"
2025-01-16,4880008.1578397555,69943.22561975608,0.0,0.004129463982306847,0.014332604241120369,"{'511880.SH': 0.11820575567548915, '511260.SH': 0.20385215922269492, '511360.SH': 0.1274732295274222, '512890.SH': 0.5361362513332734}"
2025-01-17,4871955.821859756,69943.22561975608,0.0,-0.0016500660899642083,0.014356293073498536,"{'511880.SH': 0.1184105875122212, '511260.SH': 0.20405722801084503, '511360.SH': 0.12763564012832712, '512890.SH': 0.5355402512751083}"
2025-01-20,4873476.392519755,69943.22561975608,0.0,0.00031210682436344506,0.014351813774477529,"{'511880.SH': 0.11836654788877418, '511260.SH': 0.20378085785422717, '511360.SH': 0.12763373614669224, '512890.SH': 0.535867044335829}"
2025-01-21,4852963.498179756,69943.22561975608,0.0,-0.004209088684923978,0.014412477169051509,"{'511880.SH': 0.11888230525871353, '511260.SH': 0.20481520216931645, '511360.SH': 0.12822169386466534, '512890.SH': 0.5336683215382532}"
2025-01-22,4817326.783879755,69943.22561975608,0.0,-0.007343289170291034,0.014519095082734983,"{'511880.SH': 0.11977251606238597, '511260.SH': 0.2064212673567343, '511360.SH': 0.12916557832077757, '512890.SH': 0.5301215431773673}"
2025-01-23,4857702.675499756,69943.22561975608,0.0,0.008381389395278438,0.014398416348641672,"{'511880.SH': 0.11876988233756898, '511260.SH': 0.20460336220510827, '511360.SH': 0.12808968386192685, '512890.SH': 0.5341386552467542}"
2025-01-24,4866214.5805397555,69943.22561975608,0.0,0.0017522490791646028,0.014373230868088446,"{'511880.SH': 0.11856450028062762, '511260.SH': 0.2040264529168945, '511360.SH': 0.1278529727168321, '512890.SH': 0.5351828432175575}"
2025-01-27,4906773.012439756,69943.22561975608,0.0,0.008334698609920643,0.014254424535725316,"{'511880.SH': 0.11766080365574857, '511260.SH': 0.20309726932008465, '511360.SH': 0.12687034807230005, '512890.SH': 0.5381171544161415}"
2025-02-05,4879240.645191976,82974.88763197607,20000.0,-0.009687093152113357,0.01700569692411869,"{'511880.SH': 0.11833654496401298, '511260.SH': 0.20433905037712521, '511360.SH': 0.12763100762690457, '512890.SH': 0.5326877001078385}"
2025-02-06,4882044.487908777,16735.166068776103,0.0,0.0005746473520553685,0.0034279011816102088,"{'511880.SH': 0.0844699709356081, '511260.SH': 0.20154359560567472, '511360.SH': 0.17768244475207018, '512890.SH': 0.5328760875250367}"
2025-02-07,4884311.640188776,16735.166068776103,0.0,0.0004643858296691228,0.003426310051774112,"{'511880.SH': 0.08443413327820763, '511260.SH': 0.20137044325901898, '511360.SH': 0.17764628138397506, '512890.SH': 0.5331228320270242}"
2025-02-10,4883419.356188776,16735.166068776103,0.0,-0.00018268367494367332,0.0034269360970541193,"{'511880.SH': 0.08445040368637508, '511260.SH': 0.20121409371790505, '511360.SH': 0.17768832383815794, '512890.SH': 0.5332202426605077}"
2025-02-11,4907979.882988776,16735.166068776103,0.0,0.005029370817575707,0.0034097870137530014,"{'511880.SH': 0.08403534444579615, '511260.SH': 0.20026292353127148, '511360.SH': 0.17682297415439194, '512890.SH': 0.5354689708547874}"
2025-02-12,4912760.427548775,16735.166068776103,0.0,0.000974035076339419,0.003406468993466902,"{'511880.SH': 0.08395189508676795, '511260.SH': 0.20006511909036942, '511360.SH': 0.1766461468655412, '512890.SH': 0.5359303699638545}"
2025-02-13,4919760.904388776,16735.166068776103,0.0,0.0014249579117973088,0.003401621825533665,"{'511880.SH': 0.08383829377400283, '511260.SH': 0.19973068185558096, '511360.SH': 0.17639003538278938, '512890.SH': 0.5366393671620932}"
2025-02-14,4918360.7083887765,16735.166068776103,0.0,-0.0002846065138553122,0.003402590224875645,"{'511880.SH': 0.08387806191123107, '511260.SH': 0.19947426757997944, '511360.SH': 0.17645293858170583, '512890.SH': 0.5367921417022079}"
2025-02-17,4913192.916108776,16735.166068776103,0.0,-0.0010507143713933687,0.0034061691357379614,"{'511880.SH': 0.08397131296174529, '511260.SH': 0.1991374685883266, '511360.SH': 0.17661948448123752, '512890.SH': 0.5368655648329527}"
2025-02-18,4916865.416668776,16735.166068776103,0.0,0.0007474773782969457,0.00340362500304398,"{'511880.SH': 0.08389938488076164, '511260.SH': 0.19880129252393725, '511360.SH': 0.17644949098236506, '512890.SH': 0.5374462066098921}"
2025-02-19,4915457.212388776,16735.166068776103,0.0,-0.00028640285235914664,0.0034046000902209616,"{'511880.SH': 0.08392258342933022, '511260.SH': 0.1990603839524603, '511360.SH': 0.17650321475962422, '512890.SH': 0.5371092177683642}"
2025-02-20,4904709.851268777,16735.166068776103,0.0,-0.0021864418009605036,0.0034120603616230143,"{'511880.SH': 0.08411654766760054, '511260.SH': 0.19929839473524308, '511360.SH': 0.1768549876147333, '512890.SH': 0.5363180096207999}"
2025-02-21,4883435.797028776,16735.166068776103,0.0,-0.004337474567327804,0.00342692455974506,"{'511880.SH': 0.0844804619425959, '511260.SH': 0.19975821133832172, '511360.SH': 0.17763341959523427, '512890.SH': 0.5347009825641029}"
2025-02-24,4871958.840188776,16735.166068776103,0.0,-0.002350180757364151,0.0034349974245939355,"{'511880.SH': 0.08469045686437131, '511260.SH': 0.19934651171280585, '511360.SH': 0.178053474681323, '512890.SH': 0.5344745593169058}"
2025-02-25,4853482.513948777,16735.166068776103,0.0,-0.003792381431384051,0.0034480738357827996,"{'511880.SH': 0.08501709830294339, '511260.SH': 0.20026411905401134, '511360.SH': 0.1787393273812783, '512890.SH': 0.532531381425984}"
2025-02-26,4875281.904188776,16735.166068776103,0.0,0.004491494545895369,0.00343265607972279,"{'511880.SH': 0.08463610763625347, '511260.SH': 0.19988407217287896, '511360.SH': 0.17793691053119656, '512890.SH': 0.5341102535799481}"
2025-02-27,4897597.830988776,16735.166068776103,0.0,0.004577361317470885,0.0034170151666776285,"{'511880.SH': 0.0842580265347528, '511260.SH': 0.19862341367535397, '511360.SH': 0.17709747307383347, '512890.SH': 0.5366040715493822}"
2025-02-28,4887355.233588777,16735.166068776103,0.0,-0.0020913512610591933,0.0034241763221470396,"{'511880.SH': 0.08444218852022259, '511260.SH': 0.19934462576083234, '511360.SH': 0.17752926859848636, '512890.SH': 0.5352597407983115}"
2025-03-03,4906317.392298176,19871.317158176105,20000.0,-0.00021235233393057662,0.004050149138204887,"{'511880.SH': 0.08412338277338184, '511260.SH': 0.20159551878006368, '511360.SH': 0.1768542739126703, '512890.SH': 0.5333766753956791}"
2025-03-04,4902002.145741176,5233.422621176112,0.0,-0.0008795286183022055,0.0010676092065204157,"{'511880.SH': 0.04210081755661817, '511260.SH': 0.5056390075539701, '511360.SH': 0.10440831823067574, '512890.SH': 0.34678424745221564}"
2025-03-05,4913554.479501177,5233.422621176112,0.0,0.0023566562022085957,0.0010650991340402129,"{'511880.SH': 0.0420060220887087, '511260.SH': 0.50453585288255, '511360.SH': 0.10418999161111824, '512890.SH': 0.34820303428358274}"
2025-03-06,4900985.826781176,5233.422621176112,0.0,-0.002557955299454906,0.0010678305969746644,"{'511880.SH': 0.04210996793180783, '511260.SH': 0.5045639361956903, '511360.SH': 0.10444217104300033, '512890.SH': 0.3478160942325268}"
2025-03-07,4890964.433421176,5233.422621176112,0.0,-0.002044770932663975,0.0010700185397822227,"{'511880.SH': 0.04220003657962122, '511260.SH': 0.5041797039352242, '511360.SH': 0.10466275250379, '512890.SH': 0.34788748844158235}"
2025-03-10,4876184.893341176,5233.422621176112,0.0,-0.0030218048569332634,0.0010732617272824854,"{'511880.SH': 0.04233089772331521, '511260.SH': 0.504600738860425, '511360.SH': 0.10498281160319865, '512890.SH': 0.3470122900857786}"
2025-03-11,4874583.937741175,5233.422621176112,0.0,-0.0003283213485582026,0.0010736142177502884,"{'511880.SH': 0.04234775575444418, '511260.SH': 0.5028218061900451, '511360.SH': 0.10502200937321972, '512890.SH': 0.3487348144645409}"
2025-03-12,4887059.6271011755,5233.422621176112,0.0,0.0025593341953571436,0.0010708734945966655,"{'511880.SH': 0.04224091370918038, '511260.SH': 0.5034441950239507, '511360.SH': 0.1047576741566532, '512890.SH': 0.3484863436156192}"
2025-03-13,4892477.193501176,5233.422621176112,0.0,0.0011085533661094882,0.0010696876887086617,"{'511880.SH': 0.04220086958693564, '511260.SH': 0.5023705380302677, '511360.SH': 0.10465577656246194, '512890.SH': 0.34970312813162596}"
2025-03-14,4902865.6666211765,5233.422621176112,0.0,0.0021233564734444155,0.001067421173050972,"{'511880.SH': 0.042106414908624275, '511260.SH': 0.5005334567306663, '511360.SH': 0.10445185220685933, '512890.SH': 0.3518408549807991}"
2025-03-17,4901749.2133411765,5233.422621176112,0.0,-0.00022771443394842272,0.0010676642956216965,"{'511880.SH': 0.042116845031180246, '511260.SH': 0.4991466502082148, '511360.SH': 0.10446813529469687, '512890.SH': 0.3532007051702864}"
2025-03-18,4898409.4339811765,5233.422621176112,0.0,-0.0006813443965900667,0.0010683922386868863,"{'511880.SH': 0.0421421995817578, '511260.SH': 0.4994234624466062, '511360.SH': 0.10456471777282803, '512890.SH': 0.3528012279601209}"
2025-03-19,4910041.450061176,5233.422621176112,0.0,0.0023746516571903076,0.0010658611896465573,"{'511880.SH': 0.04204865072929835, '511260.SH': 0.49866892670926305, '511360.SH': 0.1043348014900398, '512890.SH': 0.3538817598817523}"
2025-03-20,4915638.329021176,5233.422621176112,0.0,0.0011398842590077951,0.001064647614589297,"{'511880.SH': 0.04200872932023035, '511260.SH': 0.5001635871957186, '511360.SH': 0.1042412736052601, '512890.SH': 0.3525217622642015}"
2025-03-21,4912802.569661176,5233.422621176112,0.0,-0.0005768852731208307,0.0010652621486348572,"{'511880.SH': 0.042046382501840764, '511260.SH': 0.5004448408293278, '511360.SH': 0.10435668698881961, '512890.SH': 0.35208682753137693}"
2025-03-24,4917836.5720611755,5233.422621176112,0.0,0.0010246702017067122,0.0010641717235802058,"{'511880.SH': 0.04200669074153817, '511260.SH': 0.4993855659930315, '511360.SH': 0.10422273950945439, '512890.SH': 0.35332083203239584}"
2025-03-25,4934770.379821176,5233.422621176112,0.0,0.0034433449570494545,0.0010605199874296398,"{'511880.SH': 0.041867965092123906, '511260.SH': 0.49885859128651244, '511360.SH': 0.10388001072880239, '512890.SH': 0.35433291290513164}"
2025-03-26,4932047.886781177,5233.422621176112,0.0,-0.0005516959920023323,0.0010611053950231662,"{'511880.SH': 0.041884817167665386, '511260.SH': 0.4995421083812586, '511360.SH': 0.10393735254962336, '512890.SH': 0.3535746165064294}"
2025-03-27,4937746.155821176,5233.422621176112,0.0,0.0011553555786172343,0.00105988085576379,"{'511880.SH': 0.041831062894250655, '511260.SH': 0.4991657574568244, '511360.SH': 0.10382392772370905, '512890.SH': 0.3541193710694521}"
2025-03-28,4929816.916781176,5233.422621176112,0.0,-0.001605841772698735,0.001061585594256342,"{'511880.SH': 0.04189751008742546, '511260.SH': 0.4993041610979688, '511360.SH': 0.10400211785851969, '512890.SH': 0.35373462536182976}"
2025-03-31,4929538.722781176,5233.422621176112,0.0,-5.6430898894621606e-05,0.0010616455038664327,"{'511880.SH': 0.04190279691797633, '511260.SH': 0.49926551720268364, '511360.SH': 0.1040154523242521, '512890.SH': 0.3537545880512216}"
2025-04-01,4954701.436271176,11771.595071176114,20000.0,0.001047301538811496,0.0023758434736352585,"{'511880.SH': 0.041698713970440004, '511260.SH': 0.49951861516455304, '511360.SH': 0.1034992736890178, '512890.SH': 0.3529075537023539}"
2025-04-02,4961881.374480556,11599.015660556077,0.0,0.0014491162185512607,0.0023376245389926,"{'511880.SH': 0.11382062814009203, '511260.SH': 0.5890977996840974, '511360.SH': 0.12134183680742072, '512890.SH': 0.17340211082939735}"
2025-04-03,4982892.018960556,11599.015660556077,0.0,0.004234410880530115,0.0023277678136351954,"{'511880.SH': 0.11334634157250255, '511260.SH': 0.59016743465644, '511360.SH': 0.12087137303160726, '512890.SH': 0.17328708292581507}"
2025-04-07,4955204.485340556,11599.015660556077,0.0,-0.005556518887956052,0.002340774370638089,"{'511880.SH': 0.11396945487733733, '511260.SH': 0.5973187602562843, '511360.SH': 0.12156418605570433, '512890.SH': 0.16480682444003603}"
2025-04-08,4964903.297820556,11599.015660556077,0.0,0.0019572981314277538,0.002336201727362484,"{'511880.SH': 0.11375588238504558, '511260.SH': 0.5943817881197045, '511360.SH': 0.12133106404397327, '512890.SH': 0.16819506372391416}"
2025-04-09,4964814.934960556,11599.015660556077,0.0,-1.779749870223224e-05,0.0023362433066497026,"{'511880.SH': 0.11376357205638468, '511260.SH': 0.5948250717674459, '511360.SH': 0.1213408370486998, '512890.SH': 0.16773427582081987}"
2025-04-10,4969021.958660556,11599.015660556077,0.0,0.0008473676773681493,0.002334265325662335,"{'511880.SH': 0.1136706502605707, '511260.SH': 0.5943869688183362, '511360.SH': 0.12124353746313467, '512890.SH': 0.16836457813229605}"
2025-04-11,4966356.8462005565,11599.015660556077,0.0,-0.0005363454784808042,0.002335517970165544,"{'511880.SH': 0.11373957834547214, '511260.SH': 0.5946054404566539, '511360.SH': 0.12132817247334524, '512890.SH': 0.16799129075436317}"
2025-04-14,4972585.059560556,11599.015660556077,0.0,0.0012540809194498959,0.0023325927101548907,"{'511880.SH': 0.11360503706495131, '511260.SH': 0.5938606910951402, '511360.SH': 0.12118598129184228, '512890.SH': 0.16901569783791148}"
2025-04-15,4983145.212180556,11599.015660556077,0.0,0.0021236746065702583,0.002327649539933938,"{'511880.SH': 0.11337444781240494, '511260.SH': 0.5930071820457575, '511360.SH': 0.1209389199670314, '512890.SH': 0.1703518006348722}"
2025-04-16,4994792.634380557,11599.015660556077,0.0,0.002337363593485131,0.0023222216635615267,"{'511880.SH': 0.11311569952094094, '511260.SH': 0.5924150443468746, '511360.SH': 0.12065581979355575, '512890.SH': 0.1714912146750671}"
2025-04-17,4994767.463200555,11599.015660556077,0.0,-5.0394844879342315e-06,0.0023222333664205544,"{'511880.SH': 0.11311176469424257, '511260.SH': 0.5922703152439465, '511360.SH': 0.12064994105128034, '512890.SH': 0.17164574564411017}"
2025-04-18,4995530.3284605555,11599.015660556077,0.0,0.000152732888091478,0.0023218787391749217,"{'511880.SH': 0.11310237377221866, '511260.SH': 0.5918453908998913, '511360.SH': 0.12064989307866614, '512890.SH': 0.17208046351004905}"
2025-04-21,4987880.975140556,11599.015660556077,0.0,-0.001531239491515013,0.0023254395440398864,"{'511880.SH': 0.11327244287020682, '511260.SH': 0.5921396109330318, '511360.SH': 0.12084141602497141, '512890.SH': 0.17142109062775013}"
2025-04-22,4996178.608480556,11599.015660556077,0.0,0.00166355881011504,0.002321577463397287,"{'511880.SH': 0.11308994995513862, '511260.SH': 0.5917295060232245, '511360.SH': 0.12064720804353243, '512890.SH': 0.1722117585147073}"
2025-04-23,4989340.860380556,11599.015660556077,0.0,-0.00136859560792979,0.0023247591185163834,"{'511880.SH': 0.11324493647782245, '511260.SH': 0.5919359054924812, '511360.SH': 0.12081579849287401, '512890.SH': 0.17167860041830588}"
2025-04-24,4995335.532980556,11599.015660556077,0.0,0.0012014959025152816,0.002321969281938368,"{'511880.SH': 0.11311691906766645, '511260.SH': 0.5908693381080812, '511360.SH': 0.12068270409861706, '512890.SH': 0.17300906944369693}"
2025-04-25,4996342.9545605555,11599.015660556077,0.0,0.00020167245490299024,0.0023215010991126505,"{'511880.SH': 0.11310086628144635, '511260.SH': 0.5910889678428312, '511360.SH': 0.12066809774330771, '512890.SH': 0.17282056703330226}"
2025-04-28,5002116.952260556,11599.015660556077,0.0,0.00115564478910124,0.0023188213652850023,"{'511880.SH': 0.11296806360047808, '511260.SH': 0.5907971021478157, '511360.SH': 0.12052772971002615, '512890.SH': 0.17338828317639515}"
2025-04-29,5006790.813800557,11599.015660556077,0.0,0.0009343767018259452,0.0023166567352054983,"{'511880.SH': 0.1128648544377772, '511260.SH': 0.5916151703073717, '511360.SH': 0.12043678724062234, '512890.SH': 0.17276653127902322}"
2025-04-30,4994281.310640556,11599.015660556077,0.0,-0.002498507252493898,0.0023224594169022512,"{'511880.SH': 0.11317571262871147, '511260.SH': 0.5932882061903648, '511360.SH': 0.12078062137085212, '512890.SH': 0.17043300039316928}"
2025-05-06,5013239.0389392655,8844.241379266077,20000.0,-0.00020869303038051346,0.0017641770740573744,"{'511880.SH': 0.11274773494933835, '511260.SH': 0.5908455545392726, '511360.SH': 0.1225455230098081, '512890.SH': 0.17209701042752376}"
2025-05-07,5026729.817755546,12076.207195546805,0.0,0.002691030431921204,0.0024023983053338,"{'511880.SH': 0.11793379144946702, '511260.SH': 0.2062043590126386, '511360.SH': 0.12888991918990536, '512890.SH': 0.5445695320426552}"
2025-05-08,5042375.413275546,12076.207195546805,0.0,0.003112479899901599,0.002394944089992311,"{'511880.SH': 0.11757371385699383, '511260.SH': 0.20572732392531848, '511360.SH': 0.1285107011853878, '512890.SH': 0.5457933169423077}"
2025-05-09,5062894.871835547,12076.207195546805,0.0,0.004069403183661446,0.00238523759652323,"{'511880.SH': 0.11711118129242076, '511260.SH': 0.20504063905708522, '511360.SH': 0.12801277063946354, '512890.SH': 0.5474501714145072}"
2025-05-12,5064370.054355546,12076.207195546805,0.0,0.00029137135124135405,0.0023845428090628605,"{'511880.SH': 0.11707823331157652, '511260.SH': 0.2047738196200924, '511360.SH': 0.12798922532182203, '512890.SH': 0.5477741789374463}"
2025-05-13,5090075.764075546,12076.207195546805,0.0,0.00507579608995834,0.002372500480401017,"{'511880.SH': 0.11649392344706941, '511260.SH': 0.2034858512932397, '511360.SH': 0.1273485562975167, '512890.SH': 0.5502991684817733}"
2025-05-14,5108957.2266355455,12076.207195546805,0.0,0.003709465916649002,0.0023637322960128743,"{'511880.SH': 0.11606569976912838, '511260.SH': 0.20257167051710537, '511360.SH': 0.12689947698523746, '512890.SH': 0.552099420432516}"
2025-05-15,5099071.389755546,12076.207195546805,0.0,-0.0019350009094731835,0.002368314987667931,"{'511880.SH': 0.11630576335751823, '511260.SH': 0.20292565467486148, '511360.SH': 0.1271511909604942, '512890.SH': 0.5512490760194582}"
2025-05-16,5078745.324795546,12076.207195546805,0.0,-0.003986228747618004,0.002377793416139242,"{'511880.SH': 0.11677588673416606, '511260.SH': 0.20358666045961346, '511360.SH': 0.12766121522860588, '512890.SH': 0.5495984441614755}"
2025-05-19,5084336.687435546,12076.207195546805,0.0,0.0011009338492917742,0.0023751785017285787,"{'511880.SH': 0.11665674837500994, '511260.SH': 0.2034763753070424, '511360.SH': 0.12753451233912214, '512890.SH': 0.549957185477097}"
2025-05-20,5097194.403235546,12076.207195546805,0.0,0.0025288875600575356,0.0023691870939592163,"{'511880.SH': 0.11635900848190431, '511260.SH': 0.20308387675834236, '511360.SH': 0.12721621910052833, '512890.SH': 0.5509717085652659}"
2025-05-21,5117192.265795546,12076.207195546805,0.0,0.003923307799934994,0.002359928368583465,"{'511880.SH': 0.11590658611061412, '511260.SH': 0.2023555782575265, '511360.SH': 0.1267315289938943, '512890.SH': 0.5526463782693818}"
2025-05-22,5126702.194275547,12076.207195546805,0.0,0.001858427040853483,0.002355550749374724,"{'511880.SH': 0.11570078782074056, '511260.SH': 0.20192239782445243, '511360.SH': 0.12648965659134326, '512890.SH': 0.553531607014089}"
2025-05-23,5104729.444795546,12076.207195546805,0.0,-0.004285942238762219,0.002365689959897665,"{'511880.SH': 0.11620805490578928, '511260.SH': 0.20278112898918965, '511360.SH': 0.12704775189627615, '512890.SH': 0.5515973742488474}"
2025-05-26,5097510.096435547,12076.207195546805,0.0,-0.0014142470111436767,0.0023690403681576105,"{'511880.SH': 0.11637147720703893, '511260.SH': 0.20310559084992502, '511360.SH': 0.12721630516307492, '512890.SH': 0.5509375864118035}"
2025-05-27,5102116.762675546,12076.207195546805,0.0,0.0009037090957839666,0.002366901377853621,"{'511880.SH': 0.11626524989383566, '511260.SH': 0.2028596459359036, '511360.SH': 0.12710826313193113, '512890.SH': 0.5513999396604761}"
2025-05-28,5114123.475275546,12076.207195546805,0.0,0.0023532806398778305,0.0023613444716244648,"{'511880.SH': 0.11599805543764999, '511260.SH': 0.20232245173631655, '511360.SH': 0.12681891689466013, '512890.SH': 0.5524992314597489}"
2025-05-29,5108231.9086355455,12076.207195546805,0.0,-0.0011520188490723449,0.002364067922431593,"{'511880.SH': 0.11613415134835955, '511260.SH': 0.20235197197147223, '511360.SH': 0.1269719957121617, '512890.SH': 0.552177813045575}"
2025-05-30,5126498.779875546,12076.207195546805,0.0,0.0035759674906536976,0.0023556442152981405,"{'511880.SH': 0.11574680769053167, '511260.SH': 0.20180291548320922, '511360.SH': 0.12654106201030804, '512890.SH': 0.553553570600653}"
2025-06-03,5171162.991775546,4824.7882955468085,20000.0,0.00481112216330204,0.0009330180277087325,"{'511880.SH': 0.1147425194184934, '511260.SH': 0.20535782795648788, '511360.SH': 0.12545932143926508, '512890.SH': 0.553507313158045}"
2025-06-04,5171492.411022907,4138.1977829069365,0.0,6.370312594761174e-05,0.0008001941130352374,"{'511880.SH': 0.11473749201202718, '511260.SH': 0.5899288943163232, '511360.SH': 0.12112975331159685, '512890.SH': 0.17340366624701747}"
2025-06-05,5165374.392082906,4138.1977829069365,0.0,-0.001183027732373776,0.0008011418861040648,"{'511880.SH': 0.11487567470607388, '511260.SH': 0.5907707299353145, '511360.SH': 0.12127430703960976, '512890.SH': 0.1722781464328979}"
2025-06-06,5170234.326662906,4138.1977829069365,0.0,0.0009408678270155235,0.0008003888260085706,"{'511880.SH': 0.11478138631736566, '511260.SH': 0.5906876568921742, '511360.SH': 0.12117114243144167, '512890.SH': 0.17255942553300999}"
2025-06-09,5174570.973122907,4138.1977829069365,0.0,0.0008387717434075181,0.0007997180451096396,"{'511880.SH': 0.11468519161924816, '511260.SH': 0.5908765800838456, '511360.SH': 0.12107608597005882, '512890.SH': 0.17256242428173782}"
2025-06-10,5175832.471122907,4138.1977829069365,0.0,0.00024378794040158525,0.0007995231310122267,"{'511880.SH': 0.1146629387467876, '511260.SH': 0.5909662681443784, '511360.SH': 0.1210509040807635, '512890.SH': 0.17252036589705844}"
2025-06-11,5181407.856962907,4138.1977829069365,0.0,0.0010771959624094052,0.000798662814652956,"{'511880.SH': 0.11453955719823751, '511260.SH': 0.590810236234587, '511360.SH': 0.12092713357007703, '512890.SH': 0.17292441018244556}"
2025-06-12,5183526.695142906,4138.1977829069365,0.0,0.00040893097754346464,0.0007983363501888649,"{'511880.SH': 0.11449615200325267, '511260.SH': 0.5905298419449173, '511360.SH': 0.1208798636239541, '512890.SH': 0.1732958060776872}"
2025-06-13,5178211.964322907,4138.1977829069365,0.0,-0.0010253117486554997,0.0007991557339518911,"{'511880.SH': 0.11462961711294392, '511260.SH': 0.5911099856647596, '511360.SH': 0.1210201521910743, '512890.SH': 0.17244108929727034}"
2025-06-16,5183528.343482907,4138.1977829069365,0.0,0.0010266824140512387,0.0007983360963212957,"{'511880.SH': 0.11451091146174175, '511260.SH': 0.5906463314412657, '511360.SH': 0.12089603036277224, '512890.SH': 0.17314839063789902}"
2025-06-17,5184205.103702907,4138.1977829069365,0.0,0.00013055976067954944,0.00079823187935816,"{'511880.SH': 0.11449710089132621, '511260.SH': 0.5911352538523372, '511360.SH': 0.1208856492873655, '512890.SH': 0.17268376408961286}"
2025-06-18,5189522.623322906,4138.1977829069365,0.0,0.001025715517350978,0.0007974139594861627,"{'511880.SH': 0.11439569538283925, '511260.SH': 0.5904950074266831, '511360.SH': 0.12077473122155441, '512890.SH': 0.1735371520094371}"
2025-06-19,5188738.025202907,4138.1977829069365,0.0,-0.00015118888131893105,0.000797534537840752,"{'511880.SH': 0.11442777436750273, '511260.SH': 0.5906965402979936, '511360.SH': 0.1208091826866682, '512890.SH': 0.17326896810999484}"
2025-06-20,5193381.356302907,4138.1977829069365,0.0,0.0008948864015578817,0.0007968214731399698,"{'511880.SH': 0.11432887401565375, '511260.SH': 0.5903150548109276, '511360.SH': 0.12070979521640124, '512890.SH': 0.17384945448387745}"
2025-06-23,5198762.330382907,4138.1977829069365,0.0,0.0010361214998142465,0.0007959967238206375,"{'511880.SH': 0.1142037291703371, '511260.SH': 0.5895704795133901, '511360.SH': 0.12058485465594024, '512890.SH': 0.1748449399365119}"
2025-06-24,5198204.576842907,4138.1977829069365,0.0,-0.00010728583161812022,0.000796082132154222,"{'511880.SH': 0.1142159829270495, '511260.SH': 0.5893794972303159, '511360.SH': 0.12059779309046326, '512890.SH': 0.17501064462001703}"
2025-06-25,5203042.741842907,4138.1977829069365,0.0,0.0009307377053902055,0.0007953418774801753,"{'511880.SH': 0.11410864278037978, '511260.SH': 0.5883019132984894, '511360.SH': 0.1204781184976332, '512890.SH': 0.17631598354601755}"
2025-06-26,5206937.170942907,4138.1977829069365,0.0,0.0007484906992367701,0.0007947470167299068,"{'511880.SH': 0.1140323616181599, '511260.SH': 0.5878662060840072, '511360.SH': 0.12038908468075181, '512890.SH': 0.1769176006003512}"
2025-06-27,5196329.327462906,4138.1977829069365,0.0,-0.002037252060423933,0.0007963694219756854,"{'511880.SH': 0.11428558464556621, '511260.SH': 0.5896396103701093, '511360.SH': 0.12064562511208067, '512890.SH': 0.1746328104502683}"
2025-06-30,5191887.514942907,4138.1977829069365,0.0,-0.0008547981161478591,0.0007970507394462383,"{'511880.SH': 0.11443903857507472, '511260.SH': 0.5895055297694863, '511360.SH': 0.12077041310994104, '512890.SH': 0.17448796780605175}"
2025-07-01,5222220.108552907,10464.464332906935,20000.0,0.0019901420399153213,0.0020038344067053637,"{'511880.SH': 0.11372914569940959, '511260.SH': 0.589094280986267, '511360.SH': 0.12008930818003773, '512890.SH': 0.17508343072758037}"
2025-07-02,5227069.8749146275,8123.658914627071,0.0,0.0009286790408886691,0.0015541515818668394,"{'511880.SH': 0.1796820885267657, '511260.SH': 0.39803868128584785, '511360.SH': 0.20999317519510444, '512890.SH': 0.21073190341041512}"
2025-07-03,5228505.637034628,8123.658914627071,0.0,0.00027467819530979654,0.001553724807540696,"{'511880.SH': 0.1796470223053485, '511260.SH': 0.39799915013197074, '511360.SH': 0.20995050521215114, '512890.SH': 0.2108495975429889}"
2025-07-04,5238365.141434628,8123.658914627071,0.0,0.0018857212910248222,0.0015508004301514288,"{'511880.SH': 0.17934807800410463, '511260.SH': 0.39730517896467504, '511360.SH': 0.20959088768281528, '512890.SH': 0.2122050549182535}"
2025-07-07,5244904.311474627,8123.658914627071,0.0,0.0012483226853117202,0.0015488669444081945,"{'511880.SH': 0.17911202130890289, '511260.SH': 0.396853303013795, '511360.SH': 0.20932023442222358, '512890.SH': 0.21316557431067035}"
2025-07-08,5241125.039514627,8123.658914627071,0.0,-0.0007205607072242604,0.0015499838018326292,"{'511880.SH': 0.17922337469876318, '511260.SH': 0.39693355611921455, '511360.SH': 0.20949921853070028, '512890.SH': 0.21279386684948928}"
2025-07-09,5248082.971674628,8123.658914627071,0.0,0.0013275646178143585,0.0015479288262919492,"{'511880.SH': 0.17898753725310532, '511260.SH': 0.39630592946519955, '511360.SH': 0.2092476063978059, '512890.SH': 0.2139109980575972}"
2025-07-10,5251999.026514627,8123.658914627071,0.0,0.0007461876767451692,0.001546774642115301,"{'511880.SH': 0.17886473688541604, '511260.SH': 0.39551263995159364, '511360.SH': 0.20910091461475283, '512890.SH': 0.21497493390612216}"
2025-07-11,5241138.4959946275,8123.658914627071,0.0,-0.0020678850976876273,0.001549979822291534,"{'511880.SH': 0.17924427540274696, '511260.SH': 0.39618140249238865, '511360.SH': 0.20953046763394012, '512890.SH': 0.21349387464863265}"
2025-07-14,5246923.276154628,8123.658914627071,0.0,0.0011037258726174226,0.0015482709555800383,"{'511880.SH': 0.1790573256273231, '511260.SH': 0.3954462245387811, '511360.SH': 0.2092901196003, '512890.SH': 0.21465805927801562}"
2025-07-15,5240593.734434628,8123.658914627071,0.0,-0.0012063339574195364,0.0015501409432386534,"{'511880.SH': 0.1792878314963227, '511260.SH': 0.39659674176674653, '511360.SH': 0.20957468860510473, '512890.SH': 0.21299059718858723}"
2025-07-16,5235397.560114627,8123.658914627071,0.0,-0.0009915239729152425,0.0015516794706320655,"{'511880.SH': 0.1794764682549585, '511260.SH': 0.3970223036805042, '511360.SH': 0.2097995400326296, '512890.SH': 0.21215000856127567}"
2025-07-17,5233652.8982746275,8123.658914627071,0.0,-0.00033324342993368283,0.0015521967299943005,"{'511880.SH': 0.17954164539833667, '511260.SH': 0.39715174857798363, '511360.SH': 0.20988445763419442, '512890.SH': 0.21186995165949093}"
2025-07-18,5237098.113674628,8123.658914627071,0.0,0.0006582812171467278,0.0015511756202190143,"{'511880.SH': 0.1794288785895336, '511260.SH': 0.39665539100286956, '511360.SH': 0.2097576131200679, '512890.SH': 0.21260694166730984}"
2025-07-21,5235124.113674628,8123.658914627071,0.0,-0.0003769262971884402,0.0015517605195657775,"{'511880.SH': 0.17949653555403813, '511260.SH': 0.3964391206273109, '511360.SH': 0.20982547426730813, '512890.SH': 0.2126871090317769}"
2025-07-22,5234031.709394627,8123.658914627071,0.0,-0.00020866826770105096,0.001552084390326833,"{'511880.SH': 0.1795322161142742, '511260.SH': 0.3961414288488927, '511360.SH': 0.2098673949621616, '512890.SH': 0.21290687568434466}"
2025-07-23,5235873.062954627,8123.658914627071,0.0,0.0003518040513004195,0.0015515385527782167,"{'511880.SH': 0.17947976933377074, '511260.SH': 0.39581341546705084, '511360.SH': 0.20979733213397025, '512890.SH': 0.21335794451242995}"
2025-07-24,5222374.242274627,8123.658914627071,0.0,-0.0025781413181132917,0.0015555489778704135,"{'511880.SH': 0.1799561948648603, '511260.SH': 0.3958323751037093, '511360.SH': 0.21032835814569684, '512890.SH': 0.21232752290786308}"
2025-07-25,5211633.469594628,8123.658914627071,0.0,-0.0020566838341561366,0.001558754843758985,"{'511880.SH': 0.18034855242287567, '511260.SH': 0.39613775835248516, '511360.SH': 0.21077499145108575, '512890.SH': 0.21117994292979442}"
2025-07-28,5215179.407754628,8123.658914627071,0.0,0.0006803890144400082,0.001557695005189606,"{'511880.SH': 0.18023129547611985, '511260.SH': 0.39688559839807236, '511360.SH': 0.21064107561986398, '512890.SH': 0.2106843355007541}"
2025-07-29,5202976.357194628,8123.658914627071,0.0,-0.0023399100214760438,0.0015613484200045903,"{'511880.SH': 0.1806450439660996, '511260.SH': 0.3968932891929252, '511360.SH': 0.2111332292488654, '512890.SH': 0.2097670891721051}"
2025-07-30,5211125.761394627,8123.658914627071,0.0,0.0015662966041987136,0.001558906709718895,"{'511880.SH': 0.18037328466785005, '511260.SH': 0.3969318137212693, '511360.SH': 0.2108162132909243, '512890.SH': 0.21031978161023734}"
2025-07-31,5202750.646914627,8123.658914627071,0.0,-0.0016071603072881357,0.0015614161557876353,"{'511880.SH': 0.18070847023152128, '511260.SH': 0.3983391364775524, '511360.SH': 0.21120266462349851, '512890.SH': 0.20818831251164002}"
2025-08-01,5224024.7519540265,721.9236940270748,20000.0,0.0002448906599348266,0.00013819300794029393,"{'511880.SH': 0.18001542210309113, '511260.SH': 0.39931522131852987, '511360.SH': 0.21037821453447658, '512890.SH': 0.21015294903596227}"
2025-08-04,5240328.465485547,7551.373545547405,0.0,0.0031209104676277466,0.0014410114929404004,"{'511880.SH': 0.07124019527760835, '511260.SH': 0.4032853119645404, '511360.SH': 0.06420513565437838, '512890.SH': 0.45982834561053254}"
2025-08-05,5266932.172345547,7551.373545547405,0.0,0.005076725063175136,0.0014337328255709277,"{'511880.SH': 0.07087261855391712, '511260.SH': 0.40129537097470214, '511360.SH': 0.06388196942550749, '512890.SH': 0.4625163082203024}"
2025-08-06,5270201.9117655475,7551.373545547405,0.0,0.0006208053024052695,0.0014328433088472794,"{'511880.SH': 0.07082935064910018, '511260.SH': 0.40127580221903275, '511360.SH': 0.06384745890831994, '512890.SH': 0.4626145449146999}"
2025-08-07,5281034.222065547,7551.373545547405,0.0,0.0020553881011307062,0.0014299043005621484,"{'511880.SH': 0.07068967908600056, '511260.SH': 0.4005671826857827, '511360.SH': 0.06372558590774892, '512890.SH': 0.4635876480199058}"
2025-08-08,5283921.574685547,7551.373545547405,0.0,0.0005467399942109541,0.001429122941893171,"{'511880.SH': 0.07065385561143901, '511260.SH': 0.4005037679095265, '511360.SH': 0.06369473794092582, '512890.SH': 0.4637185155962156}"
2025-08-11,5265489.603145547,7551.373545547405,0.0,-0.003488312852390596,0.0014341256207278988,"{'511880.SH': 0.07089695996683582, '511260.SH': 0.4011138866817394, '511360.SH': 0.06391200540951819, '512890.SH': 0.4626430223211787}"
2025-08-12,5267918.717185547,7551.373545547405,0.0,0.00046132728826364655,0.0014334643245182462,"{'511880.SH': 0.07087130034524602, '511260.SH': 0.40061115467011255, '511360.SH': 0.06388367362277708, '512890.SH': 0.4632004070373461}"
2025-08-13,5260868.690305547,7551.373545547405,0.0,-0.0013382945444849748,0.0014353852928248676,"{'511880.SH': 0.07096838654954452, '511260.SH': 0.4013424634396969, '511360.SH': 0.06397612634206468, '512890.SH': 0.4622776383758691}"
2025-08-14,5260663.656125546,7551.373545547405,0.0,-3.897344565517713e-05,0.0014354412369159057,"{'511880.SH': 0.07097608172786958, '511260.SH': 0.4009220390937051, '511360.SH': 0.06398489278212219, '512890.SH': 0.46268154515938736}"
2025-08-15,5252199.446845546,7551.373545547405,0.0,-0.0016089622590002017,0.0014377545296918866,"{'511880.SH': 0.07109540073240501, '511260.SH': 0.40149141732736104, '511360.SH': 0.06409429105023468, '512890.SH': 0.46188113636030753}"
2025-08-18,5248686.016885547,7551.373545547405,0.0,-0.0006689445051653031,0.0014387169514910746,"{'511880.SH': 0.07114299144561358, '511260.SH': 0.40033381559501646, '511360.SH': 0.06412061969744204, '512890.SH': 0.4629638563104369}"
2025-08-19,5247521.799465547,7551.373545547405,0.0,-0.00022181121451236852,0.0014390361458463121,"{'511880.SH': 0.071161598992887, '511260.SH': 0.40059395279007676, '511360.SH': 0.06412569835046177, '512890.SH': 0.4626797137207282}"
2025-08-20,5267928.637485546,7551.373545547405,0.0,0.0038888524526143886,0.001433461625089853,"{'511880.SH': 0.07089437243748628, '511260.SH': 0.3986537488485031, '511360.SH': 0.06389209557718188, '512890.SH': 0.46512632151173905}"
2025-08-21,5282807.105825547,7551.373545547405,0.0,0.0028243488786330317,0.0014294244317988112,"{'511880.SH': 0.07071434003108883, '511260.SH': 0.39762193809492585, '511360.SH': 0.06372805087445825, '512890.SH': 0.46650624656772827}"
2025-08-22,5271815.977925547,7551.373545547405,0.0,-0.002080546891041979,0.0014324046167709483,"{'511880.SH': 0.0708533391082027, '511260.SH': 0.3983009856171528, '511360.SH': 0.06385977837801426, '512890.SH': 0.46555349227985926}"
2025-08-25,5295462.601725548,7551.373545547405,0.0,0.004485479747209364,0.0014260082854870432,"{'511880.SH': 0.07053274980703148, '511260.SH': 0.39715170480378725, '511360.SH': 0.06358141399965458, '512890.SH': 0.4673081231040397}"
2025-08-26,5290845.109865547,7551.373545547405,0.0,-0.0008719713851809141,0.001427252809095994,"{'511880.SH': 0.070596406480229, '511260.SH': 0.39776490452835817, '511360.SH': 0.06364654285042139, '512890.SH': 0.4665648933318955}"
2025-08-27,5253728.375285547,7551.373545547405,0.0,-0.00701527521771339,0.001437336117540903,"{'511880.SH': 0.07110009427917895, '511260.SH': 0.4008405744588082, '511360.SH': 0.06410247655441374, '512890.SH': 0.4625195185900582}"
2025-08-28,5249203.372085547,7551.373545547405,0.0,-0.0008612937092992157,0.0014385751532707694,"{'511880.SH': 0.0711769106883655, '511260.SH': 0.4003091233184849, '511360.SH': 0.06415716369285902, '512890.SH': 0.46291822714701986}"
2025-08-29,5243923.8770255465,7551.373545547405,0.0,-0.001005770720958532,0.0014400234867312162,"{'511880.SH': 0.07126623085382737, '511260.SH': 0.40084220314660374, '511360.SH': 0.06422862114296081, '512890.SH': 0.462222921369877}"
2025-09-01,5259609.190165547,415.8125455474037,20000.0,-0.0008227973863051963,7.905768860638788e-05,"{'511880.SH': 0.07106637685151569, '511260.SH': 0.4051229327046128, '511360.SH': 0.0640450626312404, '512890.SH': 0.4596865701240248}"
2025-09-02,5266277.575167907,10306.775167907595,0.0,0.0012678480018684102,0.0019571272157220044,"{'511880.SH': 0.07887984977448811, '511260.SH': 0.5798849294233476, '511360.SH': 0.16844144413935824, '512890.SH': 0.1708366494470841}"
2025-09-03,5258991.887327908,10306.775167907595,0.0,-0.0013834606581228925,0.0019598385752871857,"{'511880.SH': 0.07896330036192493, '511260.SH': 0.5811760248888606, '511360.SH': 0.16868080784409248, '512890.SH': 0.1692200283298348}"
2025-09-04,5267478.666367908,10306.775167907595,0.0,0.0016137653797203555,0.0019566809513088053,"{'511880.SH': 0.07882123085773901, '511260.SH': 0.581435672355903, '511360.SH': 0.1684120347110372, '512890.SH': 0.16937438112401187}"
2025-09-05,5254856.039967908,10306.775167907595,0.0,-0.002396331755569192,0.0019613810710541447,"{'511880.SH': 0.07899646742797072, '511260.SH': 0.5811667297394985, '511360.SH': 0.1688075550030515, '512890.SH': 0.16906786675842517}"
2025-09-08,5251858.167967908,10306.775167907595,0.0,-0.0005704955525324129,0.0019625006689576265,"{'511880.SH': 0.07904783006747353, '511260.SH': 0.5809243895062177, '511360.SH': 0.16890090547575132, '512890.SH': 0.16916437428159975}"
2025-09-09,5254883.882047907,10306.775167907595,0.0,0.0005761225804714609,0.0019613706790207685,"{'511880.SH': 0.07900466486391813, '511260.SH': 0.5803073042998591, '511360.SH': 0.1688036538790855, '512890.SH': 0.16992300627811652}"
2025-09-10,5245879.863007908,10306.775167907595,0.0,-0.0017134572793815472,0.0019647371722305985,"{'511880.SH': 0.07914340679581326, '511260.SH': 0.5800080404920653, '511360.SH': 0.1690979060072049, '512890.SH': 0.169785909532686}"
2025-09-11,5250637.5217279075,10306.775167907595,0.0,0.0009069324582799965,0.0019629569029011524,"{'511880.SH': 0.07907404582431876, '511260.SH': 0.5797910229762298, '511360.SH': 0.16896875785629126, '512890.SH': 0.17020321644025896}"
2025-09-12,5249795.744287907,10306.775167907595,0.0,-0.00016031909201819072,0.0019632716528299194,"{'511880.SH': 0.0790937812107816, '511260.SH': 0.5808440268019637, '511360.SH': 0.1690108993222081, '512890.SH': 0.16908802101221676}"
2025-09-15,5244519.931487908,10306.775167907595,0.0,-0.001004955822469844,0.001965246638882253,"{'511880.SH': 0.07917648620360812, '511260.SH': 0.5818487754577496, '511360.SH': 0.1691809186714778, '512890.SH': 0.1678285730282822}"
2025-09-16,5242912.292767908,10306.775167907595,0.0,-0.00030653686915116385,0.0019658492441547797,"{'511880.SH': 0.07919448367899302, '511260.SH': 0.5823018447612143, '511360.SH': 0.16922978117026397, '512890.SH': 0.16730804114537393}"
2025-09-17,5250871.791167908,10306.775167907595,0.0,0.0015181444883178852,0.001962869324907882,"{'511880.SH': 0.07908227595624442, '511260.SH': 0.5821861819482856, '511360.SH': 0.1690003365712769, '512890.SH': 0.1677683361992851}"
2025-09-18,5233969.182207908,10306.775167907595,0.0,-0.0032190100296166646,0.001969208225937579,"{'511880.SH': 0.07935732472631533, '511260.SH': 0.5839459296760133, '511360.SH': 0.16956874775208514, '512890.SH': 0.16515878961964855}"
2025-09-19,5234300.2122879075,10306.775167907595,0.0,6.32464709813263e-05,0.0019690836883432244,"{'511880.SH': 0.07935545137913327, '511260.SH': 0.5831051671119013, '511360.SH': 0.16956255163133957, '512890.SH': 0.16600774618928277}"
2025-09-22,5227730.799167908,10306.775167907595,0.0,-0.0012550699909373852,0.0019715581317898225,"{'511880.SH': 0.07945202382381882, '511260.SH': 0.5838766603065788, '511360.SH': 0.16977412076024798, '512890.SH': 0.16492563697756457}"
2025-09-23,5228974.807177907,10306.775167907595,0.0,0.00023796328804781552,0.0019710890849501325,"{'511880.SH': 0.07944335463803784, '511260.SH': 0.582961769497446, '511360.SH': 0.169733730363678, '512890.SH': 0.165890056415888}"
2025-09-24,5223921.505927907,10306.775167907595,0.0,-0.000966403824142148,0.0019729957956320476,"{'511880.SH': 0.0795060208176359, '511260.SH': 0.5825816083849096, '511360.SH': 0.16988884672040241, '512890.SH': 0.16605052828141997}"
2025-09-25,5216910.387987907,10306.775167907595,0.0,-0.0013421177810662988,0.0019756473470656606,"{'511880.SH': 0.07961523758513192, '511260.SH': 0.5831815810954375, '511360.SH': 0.1701035352348201, '512890.SH': 0.16512399873754485}"
2025-09-26,5221595.487237907,10306.775167907595,0.0,0.0008980601355137452,0.0019738746888950643,"{'511880.SH': 0.07955562643933187, '511260.SH': 0.583498360835622, '511360.SH': 0.16999629752429282, '512890.SH': 0.16497584051185826}"
2025-09-29,5218702.208627908,10306.775167907595,0.0,-0.000554098573332773,0.0019749690164094333,"{'511880.SH': 0.07960209864306886, '511260.SH': 0.5835387831605493, '511360.SH': 0.1701041685291713, '512890.SH': 0.16477998065080116}"
2025-09-30,5219269.904187907,10306.775167907595,0.0,0.00010878098372080203,0.001974754200704874,"{'511880.SH': 0.07963444842476883, '511260.SH': 0.5846074791134519, '511360.SH': 0.1701704292562724, '512890.SH': 0.16361288900480206}"
2025-10-09,5244377.884386508,20.156626507599867,20000.0,0.0009786771507067638,3.843473325522539e-06,"{'511880.SH': 0.07922807569550373, '511260.SH': 0.5823719860258088, '511360.SH': 0.16934517679286032, '512890.SH': 0.16905091801250155}"
2025-10-10,5259253.587244928,18272.42404492828,0.0,0.0028365047649803188,0.003474337896397259,"{'511880.SH': 0.07112048707960135, '511260.SH': 0.4024290968842065, '511360.SH': 0.06414009030066765, '512890.SH': 0.4588359878391272}"
2025-10-13,5273933.740564928,18272.42404492828,0.0,0.0027912997683936513,0.0034646669722799726,"{'511880.SH': 0.07092041386927532, '511260.SH': 0.4017033155014698, '511360.SH': 0.06396553627612774, '512890.SH': 0.4599460673808471}"
2025-10-14,5321678.182984929,18272.42404492828,0.0,0.009052909036905366,0.003433583057192549,"{'511880.SH': 0.07029179501985294, '511260.SH': 0.3987863133147317, '511360.SH': 0.06338827497659592, '512890.SH': 0.4641000336316268}"
2025-10-15,5331047.817884929,18272.42404492828,0.0,0.001760654172955789,0.003427548329922464,"{'511880.SH': 0.07016408375575256, '511260.SH': 0.3978785159127576, '511360.SH': 0.06327742903905077, '512890.SH': 0.4652524229625165}"
2025-10-16,5349624.361284928,18272.42404492828,0.0,0.0034845951555111387,0.0034156461857705873,"{'511880.SH': 0.06993221114877347, '511260.SH': 0.3968061670277972, '511360.SH': 0.06307115737729257, '512890.SH': 0.46677481826036615}"
2025-10-17,5342626.570304928,18272.42404492828,0.0,-0.001308090158748887,0.003420120011098846,"{'511880.SH': 0.0700390626737446, '511260.SH': 0.3979511786163735, '511360.SH': 0.06316724471737475, '512890.SH': 0.4654223939814082}"
2025-10-20,5343017.297184928,18272.42404492828,0.0,7.313385557794483e-05,0.0034198699028272768,"{'511880.SH': 0.07004780714395022, '511260.SH': 0.39719362772007655, '511360.SH': 0.06316487131303386, '512890.SH': 0.46617382392011203}"
2025-10-21,5349058.125804928,18272.42404492828,0.0,0.001130602482455556,0.003416007755978281,"{'511880.SH': 0.06994584676413451, '511260.SH': 0.39672149990717614, '511360.SH': 0.06309241590999072, '512890.SH': 0.46682422966272025}"
2025-10-22,5368238.822904929,18272.42404492828,0.0,0.003585808314078509,0.0034038023731292337,"{'511880.SH': 0.06970076092805505, '511260.SH': 0.3953480454529298, '511360.SH': 0.06287313421301141, '512890.SH': 0.46867425703287446}"
2025-10-23,5381351.191604928,18272.42404492828,0.0,0.0024425829648362374,0.0033955085617593255,"{'511880.SH': 0.06952748398649176, '511260.SH': 0.394091910126295, '511360.SH': 0.0627232804516766, '512890.SH': 0.47026181687377727}"
2025-10-24,5361514.644464929,18272.42404492828,0.0,-0.003686164763032962,0.0034080712739994468,"{'511880.SH': 0.06979094028705075, '511260.SH': 0.3953618756797309, '511360.SH': 0.06295982057019785, '512890.SH': 0.46847929218902096}"
2025-10-27,5365955.838964928,18272.42404492828,0.0,0.0008283469867202964,0.003405250544971492,"{'511880.SH': 0.06973041561075838, '511260.SH': 0.3954751369570245, '511360.SH': 0.06290659299669392, '512890.SH': 0.46848260389055174}"
2025-10-28,5372088.423484928,18272.42404492828,0.0,0.0011428689881247678,0.0034013632324158163,"{'511880.SH': 0.06965219298405873, '511260.SH': 0.39615883587028056, '511360.SH': 0.0628398070523582, '512890.SH': 0.46794780086088666}"
2025-10-29,5349044.377584929,18272.42404492828,0.0,-0.004289587974624309,0.0034160165358691984,"{'511880.SH': 0.06995433695933267, '511260.SH': 0.39786551499893774, '511360.SH': 0.06311557283292321, '512890.SH': 0.4656485586729371}"
2025-10-30,5357786.543244928,18272.42404492828,0.0,0.001634341583822696,0.0034104427075330327,"{'511880.SH': 0.06986024496849562, '511260.SH': 0.3976457222780041, '511360.SH': 0.0630198678642216, '512890.SH': 0.4660637221817457}"
2025-10-31,5354859.340964928,18272.42404492828,0.0,-0.0005463454462720785,0.0034123070059270035,"{'511880.SH': 0.0698880569162743, '511260.SH': 0.3981043915405363, '511360.SH': 0.06306047993020694, '512890.SH': 0.4655347646070554}"
2025-11-03,5408730.366045059,10928.078965058281,20000.0,0.006325287542291891,0.0020204517928389632,"{'511880.SH': 0.06919334074211868, '511260.SH': 0.39924839756044345, '511360.SH': 0.06243239672657531, '512890.SH': 0.4671054131780235}"
2025-11-04,5420656.545901419,12951.931821418228,0.0,0.0022049869468867556,0.002389365884324702,"{'511880.SH': 0.17646457846942074, '511260.SH': 0.39851131925215433, '511360.SH': 0.2097508466681367, '512890.SH': 0.2128838897259635}"
2025-11-05,5420823.460741418,12951.931821418228,0.0,3.0792365940612854e-05,0.0023892923123614808,"{'511880.SH': 0.17646787675855496, '511260.SH': 0.39849316027431564, '511360.SH': 0.20977233592559588, '512890.SH': 0.21287733472917209}"
2025-11-06,5417757.044861418,12951.931821418228,0.0,-0.0005656734446727318,0.002390644636548025,"{'511880.SH': 0.1765817353709834, '511260.SH': 0.39830629411607327, '511360.SH': 0.20989852268820003, '512890.SH': 0.21282280318819527}"
2025-11-07,5418299.138461418,12951.931821418228,0.0,0.00010005867659090839,0.0023904054557416076,"{'511880.SH': 0.17656756298465717, '511260.SH': 0.3981898611992559, '511360.SH': 0.2098756585674431, '512890.SH': 0.21297651179290217}"
2025-11-10,5426848.270721418,12951.931821418228,0.0,0.0015778258160967784,0.0023866397539241435,"{'511880.SH': 0.17627894237640615, '511260.SH': 0.3974067113273656, '511360.SH': 0.2095394496534974, '512890.SH': 0.21438825688880675}"
2025-11-11,5430358.248421418,12951.931821418228,0.0,0.0006467801428937658,0.0023850971204677517,"{'511880.SH': 0.17617546221340144, '511260.SH': 0.396929421049999, '511360.SH': 0.20938727207003976, '512890.SH': 0.21512274754609217}"
2025-11-12,5442633.751841418,12951.931821418228,0.0,0.002260532889072131,0.002379717690361982,"{'511880.SH': 0.17577984939301047, '511260.SH': 0.39633620242225176, '511360.SH': 0.20895027147752412, '512890.SH': 0.21655395901685165}"
2025-11-13,5437528.182601418,12951.931821418228,0.0,-0.0009380695951243245,0.0023819521272295777,"{'511880.SH': 0.17595708503385854, '511260.SH': 0.39643244494021423, '511360.SH': 0.20916875495730572, '512890.SH': 0.2160597629413919}"
2025-11-14,5435142.956401418,12951.931821418228,0.0,-0.0004386600160772858,0.0023829974529305923,"{'511880.SH': 0.17604998022600868, '511260.SH': 0.3968237115529345, '511360.SH': 0.2092865650682231, '512890.SH': 0.21545674569990314}"
2025-11-17,5426440.162681418,12951.931821418228,0.0,-0.0016012078780284211,0.0023868192467118568,"{'511880.SH': 0.17633058036471264, '511260.SH': 0.39778952849880134, '511360.SH': 0.20961290752314132, '512890.SH': 0.21388016436663293}"
2025-11-18,5420459.487321418,12951.931821418228,0.0,-0.0011021360561809246,0.002389452748740785,"{'511880.SH': 0.17653561404493867, '511260.SH': 0.3983167600809657, '511360.SH': 0.20986654409295197, '512890.SH': 0.21289162903240286}"
2025-11-19,5421616.362581418,12951.931821418228,0.0,0.00021342752633901618,0.0023889428825707927,"{'511880.SH': 0.17650667513190893, '511260.SH': 0.39806986328564486, '511360.SH': 0.20983852857090005, '512890.SH': 0.2131959901289755}"
2025-11-20,5431005.025181418,12951.931821418228,0.0,0.001731709138403481,0.0023848130799668295,"{'511880.SH': 0.17623640736145843, '511260.SH': 0.39748750353032286, '511360.SH': 0.2094925146864496, '512890.SH': 0.2143987613418023}"
2025-11-21,5412548.044001418,12951.931821418228,0.0,-0.003398446713715475,0.0023929453773204852,"{'511880.SH': 0.17683737977361214, '511260.SH': 0.39876333714063084, '511360.SH': 0.21020502557218537, '512890.SH': 0.21180131213625114}"
2025-11-24,5406128.346961418,12951.931821418228,0.0,-0.0011860766847353599,0.00239578696438053,"{'511880.SH': 0.17703511366649954, '511260.SH': 0.3992781924597184, '511360.SH': 0.21046585041576338, '512890.SH': 0.2108250564936382}"
2025-11-25,5410998.361721418,12951.931821418228,0.0,0.0009008322495223098,0.0023936307046483357,"{'511880.SH': 0.17688627554777248, '511260.SH': 0.3985648970505145, '511360.SH': 0.21029322574734574, '512890.SH': 0.21186197094971895}"
2025-11-26,5400494.276161417,12951.931821418228,0.0,-0.0019412472260772473,0.0023982863714141823,"{'511880.SH': 0.17723558227346803, '511260.SH': 0.3984358215132539, '511360.SH': 0.21070973170419258, '512890.SH': 0.2112205781376714}"
2025-11-27,5402600.421221418,12951.931821418228,0.0,0.0003899911660489863,0.0023973514255363083,"{'511880.SH': 0.17716473664058388, '511260.SH': 0.39832480646671237, '511360.SH': 0.21062384986501373, '512890.SH': 0.21148925560215373}"
2025-11-28,5402143.897721418,12951.931821418228,0.0,-8.450069677690131e-05,0.0023975540205216027,"{'511880.SH': 0.17719372777236658, '511260.SH': 0.3984205084369991, '511360.SH': 0.21065660625589747, '512890.SH': 0.2113316035142152}"
2025-12-01,5430769.843340718,5438.680670718226,20000.0,0.0015967633929445668,0.0010014566677663955,"{'511880.SH': 0.17881952209608176, '511260.SH': 0.3991836445523974, '511360.SH': 0.2095555202722298, '512890.SH': 0.21143985641152466}"
2025-12-02,5425647.848108343,30018.630508343456,0.0,-0.0009431434916462589,0.005532727399329737,"{'511880.SH': 0.1125269802043755, '511260.SH': 0.587696971979433, '511360.SH': 0.12253570792136749, '512890.SH': 0.17170761249549432}"
2025-12-03,5423435.851108343,30018.630508343456,0.0,-0.00040769269623175397,0.005534983971868828,"{'511880.SH': 0.11258511938980839, '511260.SH': 0.5882199515290755, '511360.SH': 0.12259330030871934, '512890.SH': 0.17106664480052794}"
2025-12-04,5409514.872868343,30018.630508343456,0.0,-0.0025668190096053145,0.005549227835365275,"{'511880.SH': 0.11285922526288962, '511260.SH': 0.5878941733334615, '511360.SH': 0.12290333156020534, '512890.SH': 0.17079404200807824}"
2025-12-05,5411266.722468344,30018.630508343456,0.0,0.0003238459716206066,0.005547431322078777,"{'511880.SH': 0.1128249192864604, '511260.SH': 0.5887303246377054, '511360.SH': 0.12287117492089018, '512890.SH': 0.17002614983286518}"
2025-12-08,5408828.829288344,30018.630508343456,0.0,-0.00045052171793291684,0.005549931686836741,"{'511880.SH': 0.11287465617216214, '511260.SH': 0.5889694602517387, '511360.SH': 0.12293091924069717, '512890.SH': 0.1696750326485651}"
2025-12-09,5406727.902148344,30018.630508343456,0.0,-0.00038842551803897063,0.005552088259595173,"{'511880.SH': 0.1129229827447767, '511260.SH': 0.5900813938856257, '511360.SH': 0.12298632593213782, '512890.SH': 0.1684572091778645}"
2025-12-10,5402754.267868344,30018.630508343456,0.0,-0.0007349425293662337,0.005556171726497438,"{'511880.SH': 0.1130116224665724, '511260.SH': 0.5904847646788701, '511360.SH': 0.12308005639915293, '512890.SH': 0.16786738472890703}"
2025-12-11,5403656.567548344,30018.630508343456,0.0,0.00016700735129981936,0.005555243959917868,"{'511880.SH': 0.1130050407102481, '511260.SH': 0.5909679262146096, '511360.SH': 0.12306059641049731, '512890.SH': 0.1674111927047271}"
2025-12-12,5402187.343108344,30018.630508343456,0.0,-0.0002718944887843966,0.005556754810926485,"{'511880.SH': 0.11302795220142628, '511260.SH': 0.5907217453595073, '511360.SH': 0.12309406500837515, '512890.SH': 0.16759948261976473}"
2025-12-15,5396536.019068344,30018.630508343456,0.0,-0.0010461177447335102,0.005562573918208715,"{'511880.SH': 0.11315190978849776, '511260.SH': 0.5901446416751263, '511360.SH': 0.12322297074462989, '512890.SH': 0.16791790387353733}"
2025-12-16,5392536.647588343,30018.630508343456,0.0,-0.000741099747295082,0.005566699397725637,"{'511880.SH': 0.11325038198361081, '511260.SH': 0.5906699852442344, '511360.SH': 0.12332858234675627, '512890.SH': 0.1671843510276729}"
2025-12-17,5397635.439228344,30018.630508343456,0.0,0.0009455274897911536,0.005561440902469504,"{'511880.SH': 0.11313557287731567, '511260.SH': 0.5907776287677327, '511360.SH': 0.12321317500743958, '512890.SH': 0.16731218244504253}"
2025-12-18,5406187.688428344,30018.630508343456,0.0,0.001584443650611389,0.005552643052440952,"{'511880.SH': 0.11296664932799341, '511260.SH': 0.5899742183881219, '511360.SH': 0.12303244695401329, '512890.SH': 0.1684740422774303}"
2025-12-19,5408226.788188344,30018.630508343456,0.0,0.00037717886938404277,0.005550549502455156,"{'511880.SH': 0.11292852166145713, '511260.SH': 0.5901188935845445, '511360.SH': 0.12299151386416218, '512890.SH': 0.16841052138738102}"
2025-12-22,5398960.6890683435,30018.630508343456,0.0,-0.0017133340525286034,0.00556007576960586,"{'511880.SH': 0.11312233801528035, '511260.SH': 0.5905538112318045, '511360.SH': 0.12320697228762126, '512890.SH': 0.16755680269568798}"
2025-12-23,5406625.475008343,30018.630508343456,0.0,0.001419678042020145,0.005552193442490509,"{'511880.SH': 0.11296866772504852, '511260.SH': 0.5911199308206322, '511360.SH': 0.1230399448001294, '512890.SH': 0.16731926321169935}"
2025-12-24,5407919.855728343,30018.630508343456,0.0,0.00023940639609354442,0.005550864530018173,"{'511880.SH': 0.11294274506546641, '511260.SH': 0.5906287916187728, '511360.SH': 0.12302795118075828, '512890.SH': 0.16784964760498433}"
2025-12-25,5409731.1315883435,30018.630508343456,0.0,0.0003349302334947346,0.005549006000142881,"{'511880.SH': 0.1129060457059474, '511260.SH': 0.5906145459214165, '511360.SH': 0.12299439358729139, '512890.SH': 0.16793600878520182}"
2025-12-26,5406011.602608344,30018.630508343456,0.0,-0.0006875626328785023,0.005552823914373358,"{'511880.SH': 0.1129937792411088, '511260.SH': 0.5907431594225842, '511360.SH': 0.1230866577642837, '512890.SH': 0.16762357965765}"
2025-12-29,5397192.419468343,30018.630508343456,0.0,-0.0016313659289494131,0.0055618974042990444,"{'511880.SH': 0.11318736271036578, '511260.SH': 0.5899149291389599, '511360.SH': 0.12329543738326654, '512890.SH': 0.1680403733631086}"
2025-12-30,5395165.7894883435,30018.630508343456,0.0,-0.0003754970774599853,0.00556398666503079,"{'511880.SH': 0.1132265234166109, '511260.SH': 0.5898940646236976, '511360.SH': 0.12335487470962692, '512890.SH': 0.16796055058503365}"
2025-12-31,5396714.367068344,30018.630508343456,0.0,0.0002870305826407904,0.00556239008896268,"{'511880.SH': 0.11323370711056593, '511260.SH': 0.5897909017943939, '511360.SH': 0.12335774227044047, '512890.SH': 0.16805525873563695}"
2026-01-05,5412134.896719223,25461.779979223462,20000.0,-0.0008485663753238226,0.0047045723111332855,"{'511880.SH': 0.11288851058948328, '511260.SH': 0.5877369050073444, '511360.SH': 0.1229975439827872, '512890.SH': 0.17167246810925188}"
2026-01-06,5409358.562038182,14071.641718183411,0.0,-0.000512983274441936,0.0026013512613002644,"{'511880.SH': 0.07186998529702121, '511260.SH': 0.40404005786898556, '511360.SH': 0.06465383945046226, '512890.SH': 0.45683476612223073}"
2026-01-07,5400519.918398183,14071.641718183411,0.0,-0.0016339541072443176,0.002605608706347873,"{'511880.SH': 0.07199912223920274, '511260.SH': 0.40460132841581986, '511360.SH': 0.06477056011002559, '512890.SH': 0.4560233805286039}"
2026-01-08,5385036.520538184,14071.641718183411,0.0,-0.002867019859930764,0.0026131005174273325,"{'511880.SH': 0.07220902507103856, '511260.SH': 0.406390656221824, '511360.SH': 0.06497060858651965, '512890.SH': 0.4538166096031905}"
2026-01-09,5389226.630558183,14071.641718183411,0.0,0.0007781024332924602,0.002611068838410671,"{'511880.SH': 0.0721572089685386, '511260.SH': 0.4064572794135997, '511360.SH': 0.06492009410332827, '512890.SH': 0.4538543486761227}"
2026-01-12,5393669.343278183,14071.641718183411,0.0,0.0008243692508322908,0.002608918126529221,"{'511880.SH': 0.07209633289156266, '511260.SH': 0.40616192567498527, '511360.SH': 0.06487179278723423, '512890.SH': 0.45426103051968864}"
2026-01-13,5399796.661758183,14071.641718183411,0.0,0.0011360204139387875,0.0026059577053780506,"{'511880.SH': 0.07202315844859428, '511260.SH': 0.4060434865941972, '511360.SH': 0.06480219940098002, '512890.SH': 0.45452519785085044}"
2026-01-14,5379739.960038183,14071.641718183411,0.0,-0.003714343886695337,0.002615673215194501,"{'511880.SH': 0.07229456382818167, '511260.SH': 0.40773371836813305, '511360.SH': 0.0650489805454307, '512890.SH': 0.45230706404306004}"
2026-01-15,5375193.809298183,14071.641718183411,0.0,-0.0008450502763647227,0.0026178854600259873,"{'511880.SH': 0.07236944353654666, '511260.SH': 0.40839213463944224, '511360.SH': 0.06510572686600342, '512890.SH': 0.45151480949798173}"
2026-01-16,5355657.395938183,14071.641718183411,0.0,-0.0036345505023847036,0.0026274350052442807,"{'511880.SH': 0.07264867013619757, '511260.SH': 0.41014158578289944, '511360.SH': 0.06535074485261935, '512890.SH': 0.4492315642230394}"
2026-01-19,5358286.084198182,14071.641718183411,0.0,0.000490824574027604,0.002626146028238636,"{'511880.SH': 0.07260867866449854, '511260.SH': 0.4100442119205698, '511360.SH': 0.06531694920734571, '512890.SH': 0.44940401417934733}"
2026-01-20,5396258.356158183,14071.641718183411,0.0,0.007086645125571556,0.0026076664217021643,"{'511880.SH': 0.07209558721665396, '511260.SH': 0.4079502988524941, '511360.SH': 0.06486364753098928, '512890.SH': 0.4524827999781604}"
2026-01-21,5379286.369538183,14071.641718183411,0.0,-0.0031451397431020434,0.0026158937731719004,"{'511880.SH': 0.07231438487506958, '511260.SH': 0.4096115794239014, '511360.SH': 0.0650694489853029, '512890.SH': 0.4503886929425542}"
2026-01-22,5380223.057398182,14071.641718183411,0.0,0.00017412864749188905,0.0026154383504293417,"{'511880.SH': 0.07230685077732245, '511260.SH': 0.4093151944716885, '511360.SH': 0.06506100142421918, '512890.SH': 0.4507015149763405}"
2026-01-23,5371898.832718183,14071.641718183411,0.0,-0.0015471895107680433,0.0026194911997371242,"{'511880.SH': 0.07242323672040198, '511260.SH': 0.40995251021242224, '511360.SH': 0.06517220649571503, '512890.SH': 0.44983255537172356}"
2026-01-26,5389732.291398183,14071.641718183411,0.0,0.0033197681556069725,0.0026108238697942826,"{'511880.SH': 0.07218865068696519, '511260.SH': 0.40876912659950787, '511360.SH': 0.06496289260206836, '512890.SH': 0.4514685062416642}"
2026-01-27,5372147.675118183,14071.641718183411,0.0,-0.003262614046353529,0.0026193698627009258,"{'511880.SH': 0.07242856198502402, '511260.SH': 0.40995788957933854, '511360.SH': 0.06518245982363033, '512890.SH': 0.4498117187493062}"
2026-01-28,5381938.150598182,14071.641718183411,0.0,0.0018224509213224938,0.002614604873640066,"{'511880.SH': 0.072295360576887, '511260.SH': 0.409470567132969, '511360.SH': 0.0650615800854347, '512890.SH': 0.4505578873310693}"
2026-01-29,5418702.948138184,14071.641718183411,0.0,0.006831144563769431,0.0025968653112860333,"{'511880.SH': 0.0718041341413052, '511260.SH': 0.4068735877019285, '511360.SH': 0.06462072258829245, '512890.SH': 0.45410469025718775}"
2026-01-30,5417697.243438183,14071.641718183411,0.0,-0.00018559878805424201,0.00259734737581114,"{'511880.SH': 0.07182320137052521, '511260.SH': 0.4071394071330904, '511360.SH': 0.06463958472839233, '512890.SH': 0.4538004593921809}"
2026-02-02,5408280.230417683,17376.537337683414,20000.0,-0.005429800097473181,0.003212950623370605,"{'511880.SH': 0.07196334992610806, '511260.SH': 0.4078695071297443, '511360.SH': 0.06475614891962662, '512890.SH': 0.45219804340115055}"
2026-02-03,5396805.128367203,36611.05656720366,0.0,-0.0021217654340358605,0.006783838900308837,"{'511880.SH': 0.11846150590829717, '511260.SH': 0.20560723405918396, '511360.SH': 0.127694327219204, '512890.SH': 0.541453093913006}"
2026-02-04,5437214.161647202,36611.05656720366,0.0,0.0074875842871549025,0.006733421836765089,"{'511880.SH': 0.11759050032458251, '511260.SH': 0.20400649411682542, '511360.SH': 0.12676326138884242, '512890.SH': 0.5449063223329846}"
2026-02-05,5476939.613687203,36611.05656720366,0.0,0.007306214333107297,0.006684582841795519,"{'511880.SH': 0.11675623994866284, '511260.SH': 0.2028033755683902, '511360.SH': 0.1258427057106062, '512890.SH': 0.5479130959305453}"
2026-02-06,5470285.729327203,36611.05656720366,0.0,-0.001214890948107561,0.006692713759159798,"{'511880.SH': 0.11689942559520554, '511260.SH': 0.20321711546440988, '511360.SH': 0.1260046977627941, '512890.SH': 0.5471860474184307}"
2026-02-09,5478316.208727203,36611.05656720366,0.0,0.0014680182713213696,0.006682903135251778,"{'511880.SH': 0.11671641366399989, '511260.SH': 0.20300638901206947, '511360.SH': 0.12581887823524188, '512890.SH': 0.547775415953437}"
2026-02-10,5491375.585847203,36611.05656720366,0.0,0.0023838304731653714,0.006667010113378604,"{'511880.SH': 0.11644581837163606, '511260.SH': 0.20257008322412573, '511360.SH': 0.12553076897100454, '512890.SH': 0.5487863193198551}"
2026-02-11,5497325.1568872025,36611.05656720366,0.0,0.0010834391031881996,0.006659794631455683,"{'511880.SH': 0.11633140566167931, '511260.SH': 0.20248263793628088, '511360.SH': 0.1254093364181452, '512890.SH': 0.549116825352439}"
2026-02-12,5470429.012167203,36611.05656720366,0.0,-0.0048925875680290165,0.006692538461933092,"{'511880.SH': 0.11691620239243698, '511260.SH': 0.2036346897551061, '511360.SH': 0.12604934612373764, '512890.SH': 0.5467072232667862}"
2026-02-13,5445062.326607203,36611.05656720366,0.0,-0.004637055979262339,0.006723716712718671,"{'511880.SH': 0.11749956478434877, '511260.SH': 0.20450775508640565, '511360.SH': 0.12668137821478423, '512890.SH': 0.5445875852017428}"
2026-02-24,5457496.030727202,36611.05656720366,0.0,0.0022834824239277296,0.006708398203328661,"{'511880.SH': 0.11721666118642321, '511260.SH': 0.20402523523807903, '511360.SH': 0.1263748789035949, '512890.SH': 0.5456748264685743}"
2026-02-25,5448094.823807203,36611.05656720366,0.0,-0.0017226227682196615,0.0067199741838596255,"{'511880.SH': 0.11741892970815845, '511260.SH': 0.2040508937513567, '511360.SH': 0.12659295080294414, '512890.SH': 0.5452172515536812}"
2026-02-26,5444078.325327203,36611.05656720366,0.0,-0.0007372299142902605,0.006724932004905209,"{'511880.SH': 0.11750673094909073, '511260.SH': 0.20392923108307298, '511360.SH': 0.12668634776825108, '512890.SH': 0.5451527581946801}"
2026-02-27,5455613.039247203,36611.05656720366,0.0,0.0021187634032262537,0.006710713590540041,"{'511880.SH': 0.117265309272792, '511260.SH': 0.20372442562263599, '511360.SH': 0.1264363867154297, '512890.SH': 0.5458631647986023}"
2026-03-02,5505339.130271323,883.2948513236697,20000.0,0.005448716910505524,0.00016044331337679787,"{'511880.SH': 0.11874775165536097, '511260.SH': 0.20463105005203902, '511360.SH': 0.1273731523902399, '512890.SH': 0.5490876025889834}"
2026-03-03,5517551.889090284,1074.4671702838968,0.0,0.0022183481398645455,0.00019473621487972115,"{'511880.SH': 0.1764985806342029, '511260.SH': 0.40107610509212, '511360.SH': 0.2091095875838207, '512890.SH': 0.21312099047497665}"
2026-03-04,5502267.370730284,1074.4671702838968,0.0,-0.002770163048257279,0.00019527716446489024,"{'511880.SH': 0.1770206487931401, '511260.SH': 0.4022229522201978, '511360.SH': 0.20970714839087407, '512890.SH': 0.21085397343132317}"
2026-03-05,5504192.629690284,1074.4671702838968,0.0,0.00034990283646374465,0.0001952088603309576,"{'511880.SH': 0.17693755108545328, '511260.SH': 0.402079289482376, '511360.SH': 0.2096504751260735, '512890.SH': 0.21113747544576622}"
2026-03-06,5510734.125250284,1074.4671702838968,0.0,0.0011884568728053324,0.00019497713841077342,"{'511880.SH': 0.17671341524860293, '511260.SH': 0.4017326601434347, '511360.SH': 0.20940161034308474, '512890.SH': 0.21195733712646686}"
2026-03-09,5504550.006390284,1074.4671702838968,0.0,-0.0011221951049432688,0.00019519618661589737,"{'511880.SH': 0.1769154746290723, '511260.SH': 0.40122079515238934, '511360.SH': 0.2096516879055084, '512890.SH': 0.212016846126414}"
2026-03-10,5503245.536110285,1074.4671702838968,0.0,-0.00023698036687558321,0.0001952424552445709,"{'511880.SH': 0.17695917531026986, '511260.SH': 0.401414025477298, '511360.SH': 0.20972177098530076, '512890.SH': 0.21170978577188668}"
2026-03-11,5514101.944170284,1074.4671702838968,0.0,0.001972728272573665,0.0001948580532537785,"{'511880.SH': 0.17662310266672934, '511260.SH': 0.40060589774467603, '511360.SH': 0.20932181009462233, '512890.SH': 0.21325433144071845}"
2026-03-12,5521036.560930284,1074.4671702838968,0.0,0.0012576148990737224,0.00019461330466227726,"{'511880.SH': 0.1764065364993511, '511260.SH': 0.40027759526150064, '511360.SH': 0.20906628443074626, '512890.SH': 0.21405497050373962}"
2026-03-13,5523933.679590283,1074.4671702838968,0.0,0.0005247417994840298,0.00019451123648602374,"{'511880.SH': 0.176331603545292, '511260.SH': 0.40002026481315295, '511360.SH': 0.2089769477619111, '512890.SH': 0.21447667264315792}"
2026-03-16,5519877.790950284,1074.4671702838968,0.0,-0.0007342391989578756,0.00019465415919994852,"{'511880.SH': 0.17645940832184862, '511260.SH': 0.3995700852102189, '511360.SH': 0.20914158677437966, '512890.SH': 0.21463426553435277}"
2026-03-17,5526220.1342902845,1074.4671702838968,0.0,0.0011490006808481112,0.00019443075812648338,"{'511880.SH': 0.17629556306575178, '511260.SH': 0.39930694259312105, '511360.SH': 0.2089255534421952, '512890.SH': 0.21527751014080543}"
2026-03-18,5523270.118610284,1074.4671702838968,0.0,-0.0005338216010787322,0.0001945346049007367,"{'511880.SH': 0.1763703763677422, '511260.SH': 0.40007721114244427, '511360.SH': 0.2090334485198955, '512890.SH': 0.2143244293650172}"
2026-03-19,5521387.898510284,1074.4671702838968,0.0,-0.00034078001973114613,0.00019460092100643698,"{'511880.SH': 0.17645161374422955, '511260.SH': 0.4003617836805897, '511360.SH': 0.20912872292699133, '512890.SH': 0.213863278727183}"
2026-03-20,5514186.209370283,1074.4671702838968,0.0,-0.0013043258818934422,0.00019485507552466212,"{'511880.SH': 0.17667677949367913, '511260.SH': 0.40045139459520906, '511360.SH': 0.20942589824725538, '512890.SH': 0.21325107258833167}"
2026-03-23,5474520.446530284,1074.4671702838968,0.0,-0.007193402858357345,0.00019626690242154218,"{'511880.SH': 0.17794624806222484, '511260.SH': 0.4029463529646893, '511360.SH': 0.2109395720189337, '512890.SH': 0.20797156005173056}"
2026-03-24,5496066.039210284,1074.4671702838968,0.0,0.003935612788450671,0.00019549749996058713,"{'511880.SH': 0.17725573616651477, '511260.SH': 0.40168531176477956, '511360.SH': 0.2101293528427003, '512890.SH': 0.21073410172604476}"
2026-03-25,5507244.726970284,1074.4671702838968,0.0,0.0020339434934457667,0.00019510067620964367,"{'511880.SH': 0.17689946775544058, '511260.SH': 0.4011165251440114, '511360.SH': 0.2096972728203642, '512890.SH': 0.2120916336039741}"
2026-03-26,5506045.003720284,1074.4671702838968,0.0,-0.0002178445501295201,0.00019514318708944598,"{'511880.SH': 0.17696094930965053, '511260.SH': 0.40148768322023365, '511360.SH': 0.20975407923830178, '512890.SH': 0.21160214504472447}"
2026-03-27,5504064.160970285,1074.4671702838968,0.0,-0.0003597578204793672,0.00019521341664274574,"{'511880.SH': 0.1770211053332342, '511260.SH': 0.4016052815253391, '511360.SH': 0.2098573647070965, '512890.SH': 0.21132103501768743}"
2026-03-30,5516511.089820284,1074.4671702838968,0.0,0.0022614069324013997,0.00019477295573041268,"{'511880.SH': 0.17662169181495144, '511260.SH': 0.40117315794648334, '511360.SH': 0.20938386258870545, '512890.SH': 0.21262651469412933}"
2026-03-31,5522212.457270284,1074.4671702838968,0.0,0.0010335096507865238,0.00019457186383137144,"{'511880.SH': 0.17646748703357676, '511260.SH': 0.4008453369420332, '511360.SH': 0.20919539205325036, '512890.SH': 0.21329721210730826}"
2026-04-01,5538734.899668165,7146.762558163897,20000.0,-0.0006297399147584537,0.0012903239977403633,"{'511880.SH': 0.17845451578107074, '511260.SH': 0.3991893455638156, '511360.SH': 0.20858239668939835, '512890.SH': 0.21248341796797485}"
2026-04-02,5542395.477456909,8004.563576908782,0.0,0.0006609050360875113,0.0014442425859840704,"{'511880.SH': 0.11304717432172294, '511260.SH': 0.5900013649513924, '511360.SH': 0.12262639913813045, '512890.SH': 0.1728808190027702}"
2026-04-03,5532569.577716908,8004.563576908782,0.0,-0.0017728615325207642,0.0014468075754795978,"{'511880.SH': 0.11329309878442749, '511260.SH': 0.5910755790891435, '511360.SH': 0.12287129704395447, '512890.SH': 0.17131321750699494}"
2026-04-07,5527399.914276909,8004.563576908782,0.0,-0.0009344054995387152,0.0014481607448437958,"{'511880.SH': 0.11338211182824928, '511260.SH': 0.5918615149683755, '511360.SH': 0.12298947254460284, '512890.SH': 0.17031873991392854}"
2026-04-08,5534905.689976909,8004.563576908782,0.0,0.001357921593589273,0.0014461969228137248,"{'511880.SH': 0.1131978921763008, '511260.SH': 0.5910061941296866, '511360.SH': 0.12282052090445574, '512890.SH': 0.17152919586674306}"
2026-04-09,5531231.003316909,8004.563576908782,0.0,-0.00066391134119137,0.001447157707228046,"{'511880.SH': 0.11328664420709214, '511260.SH': 0.5917240864714031, '511360.SH': 0.12290862551072687, '512890.SH': 0.17063348610354986}"
2026-04-10,5530152.079456909,8004.563576908782,0.0,-0.0001950603508248383,0.001447440045391098,"{'511880.SH': 0.11331665122336766, '511260.SH': 0.5919098702293665, '511360.SH': 0.12294779424344003, '512890.SH': 0.17037824425843476}"
2026-04-13,5528533.1595569085,8004.563576908782,0.0,-0.00029274419161340326,0.0014478638991378173,"{'511880.SH': 0.11335661140363446, '511260.SH': 0.5924877687380149, '511360.SH': 0.12300116149696763, '512890.SH': 0.16970659446224529}"
2026-04-14,5537738.334256909,8004.563576908782,0.0,0.001665030204998974,0.0014454571692909157,"{'511880.SH': 0.11317607710406564, '511260.SH': 0.5924380081133312, '511360.SH': 0.12279561780544987, '512890.SH': 0.1701448398078623}"
2026-04-15,5544571.008696908,8004.563576908782,0.0,0.0012338384422629911,0.0014436759064593574,"{'511880.SH': 0.11303773453652612, '511260.SH': 0.5917912468526864, '511360.SH': 0.12264104814121815, '512890.SH': 0.17108629456311014}"
2026-04-16,5544934.591896909,8004.563576908782,0.0,6.557463137024655e-05,0.0014435812441514191,"{'511880.SH': 0.11302243871655962, '511260.SH': 0.5918269792028977, '511360.SH': 0.12263192445835117, '512890.SH': 0.17107507637804004}"
2026-04-17,5545857.559396909,8004.563576908782,0.0,0.00016645236922152584,0.0014433409966229367,"{'511880.SH': 0.11301714199961521, '511260.SH': 0.5925877012530745, '511360.SH': 0.12262449814415244, '512890.SH': 0.1703273176065349}"
2026-04-20,5550864.113476909,8004.563576908782,0.0,0.0009027556200964515,0.0014420391876418938,"{'511880.SH': 0.11291633222983011, '511260.SH': 0.5921013997298733, '511360.SH': 0.1225041698190778, '512890.SH': 0.17103605903357688}"
2026-04-21,5558046.556136909,8004.563576908782,0.0,0.0012939323523633028,0.0014401756977135349,"{'511880.SH': 0.11277378578412905, '511260.SH': 0.5916030734520181, '511360.SH': 0.1223631348048117, '512890.SH': 0.17181983026132758}"
2026-04-22,5558239.280136908,8004.563576908782,0.0,3.467477252172557e-05,0.0014401257616803457,"{'511880.SH': 0.11277212266481636, '511260.SH': 0.5923305132734237, '511360.SH': 0.12236105099513596, '512890.SH': 0.1710961873049437}"
2026-04-23,5560825.662516909,8004.563576908782,0.0,0.0004653240441163664,0.0014394559482171939,"{'511880.SH': 0.11272191759672773, '511260.SH': 0.5916484236822622, '511360.SH': 0.122312771749825, '512890.SH': 0.17187743102296793}"
2026-04-24,5558425.006716909,8004.563576908782,0.0,-0.0004317085169890378,0.001440077642000371,"{'511880.SH': 0.1127829605405213, '511260.SH': 0.5914359520416986, '511360.SH': 0.12238934575494352, '512890.SH': 0.17195166402083614}"
2026-04-27,5544206.3598969085,8004.563576908782,0.0,-0.002558035199326847,0.001443770858676628,"{'511880.SH': 0.11307107679730315, '511260.SH': 0.5916854625268669, '511360.SH': 0.12270214271256843, '512890.SH': 0.1710975471045848}"
2026-04-28,5551372.097436909,8004.563576908782,0.0,0.0012924730926020533,0.0014419072323767527,"{'511880.SH': 0.11293637376414854, '511260.SH': 0.5917625576416939, '511360.SH': 0.12255132389956534, '512890.SH': 0.17130783746221542}"
2026-04-29,5555832.101376909,8004.563576908782,0.0,0.0008034056917314292,0.001440749725846647,"{'511880.SH': 0.11286032568273645, '511260.SH': 0.5916157055007835, '511360.SH': 0.1224821030555177, '512890.SH': 0.17160111603511574}"
2026-04-30,5550224.454716909,8004.563576908782,0.0,-0.00100932615631244,0.0014422053814609301,"{'511880.SH': 0.11297772924608379, '511260.SH': 0.5922178223272686, '511360.SH': 0.12259396093823476, '512890.SH': 0.1707682821069518}"
2026-05-06,5563053.21424571,18276.159405708786,20000.0,-0.001292063146221878,0.003285274956368872,"{'511880.SH': 0.11271495010946427, '511260.SH': 0.5902927431991594, '511360.SH': 0.12230909426816558, '512890.SH': 0.1713979374668419}"
2026-05-07,5550603.888774664,12970.764894664491,0.0,-0.0022378584190361206,0.002336820489189669,"{'511880.SH': 0.12050494032779178, '511260.SH': 0.2063445485483637, '511360.SH': 0.12872280463842084, '512890.SH': 0.542090885996234}"
2026-05-08,5548989.058194664,12970.764894664491,0.0,-0.0002909288092536322,0.0023375005354370738,"{'511880.SH': 0.12055441462658806, '511260.SH': 0.20653905516491902, '511360.SH': 0.1287807008638241, '512890.SH': 0.5417883288092318}"
2026-05-11,5552095.2947046645,12970.764894664491,0.0,0.0005597842196882752,0.0023361927715893883,"{'511880.SH': 0.12049296695574563, '511260.SH': 0.20650443736862922, '511360.SH': 0.12872113356584883, '512890.SH': 0.541945269338187}"
2026-05-12,5548121.660694663,12970.764894664491,0.0,-0.0007156998932981162,0.0023378659820232676,"{'511880.SH': 0.12058406818646342, '511260.SH': 0.2068464154869148, '511360.SH': 0.12881900284618383, '512890.SH': 0.5414126474984148}"
2026-05-13,5551127.468454665,12970.764894664491,0.0,0.0005417703402748053,0.00233660008140208,"{'511880.SH': 0.1205187746888907, '511260.SH': 0.20681688918586505, '511360.SH': 0.12874811541644512, '512890.SH': 0.541579620627397}"
2026-05-14,5548343.327634664,12970.764894664491,0.0,-0.0005015451069754207,0.0023377725798007,"{'511880.SH': 0.12058645432910287, '511260.SH': 0.2068595450435639, '511360.SH': 0.12882521102109137, '512890.SH': 0.5413910170264411}"
2026-05-15,5525910.8422146635,12970.764894664491,0.0,-0.0040430961271396,0.002347262788891848,"{'511880.SH': 0.12109767499104442, '511260.SH': 0.20776680280999002, '511360.SH': 0.12935957897458802, '512890.SH': 0.5394286804354858}"
2026-05-18,5508686.567694664,12970.764894664491,0.0,-0.0031170018865336324,0.0023546020880423116,"{'511880.SH': 0.12147027059483431, '511260.SH': 0.2085426438921104, '511360.SH': 0.12976291012671412, '512890.SH': 0.5378695732982988}"
2026-05-19,5533050.831294664,12970.764894664491,0.0,0.004422880717680044,0.002344233821475574,"{'511880.SH': 0.12094622322553564, '511260.SH': 0.20785419540974984, '511360.SH': 0.12919948176813154, '512890.SH': 0.5396558657751075}"
2026-05-20,5520470.135484664,12970.764894664491,0.0,-0.0022737358093376514,0.0023495761368747515,"{'511880.SH': 0.1212411565634235, '511260.SH': 0.20832941378624636, '511360.SH': 0.12950761120949936, '512890.SH': 0.5385722423039561}"
2026-05-21,5511831.583494664,12970.764894664491,0.0,-0.0015648217956062416,0.002353258567171358,"{'511880.SH': 0.12143842613848758, '511260.SH': 0.20846364470582923, '511360.SH': 0.1297185861304342, '512890.SH': 0.5380260844580776}"
2026-05-22,5496164.167584664,12970.764894664491,0.0,-0.0028425062835585324,0.002359966787594084,"{'511880.SH': 0.12178459962817133, '511260.SH': 0.20898539030626698, '511360.SH': 0.1300986794057558, '512890.SH': 0.5367713638722118}"
2026-05-25,5488918.497984664,12970.764894664491,0.0,-0.001318313896577994,0.002363082071527733,"{'511880.SH': 0.12193565296437564, '511260.SH': 0.2093446733581306, '511360.SH': 0.13027271224058862, '512890.SH': 0.5360838793653775}"
2026-05-26,5499716.727504663,12970.764894664491,0.0,0.0019672781667217087,0.0023584423593666793,"{'511880.SH': 0.12169866506991517, '511260.SH': 0.20903230617326835, '511360.SH': 0.13002151482162747, '512890.SH': 0.5368890715758224}"
2026-05-27,5486005.6382646635,12970.764894664491,0.0,-0.0024930537188267987,0.0023643367779635407,"{'511880.SH': 0.12200039614463679, '511260.SH': 0.2098514673809491, '511360.SH': 0.1303464755873264, '512890.SH': 0.5354373241091243}"
2026-05-28,5472340.592124663,12970.764894664491,0.0,-0.0024908917418325904,0.0023702407911764365,"{'511880.SH': 0.12230261018533355, '511260.SH': 0.21066986225402273, '511360.SH': 0.1306834777479268, '512890.SH': 0.5339738090215406}"
2026-05-29,5531524.884714664,12970.764894664491,0.0,0.010815169778572331,0.0023448805103465733,"{'511880.SH': 0.12101089886618648, '511260.SH': 0.20846639066679046, '511360.SH': 0.1292966252355372, '512890.SH': 0.5388812047211394}"
2026-06-01,5588382.174527184,29.307437184499577,20000.0,0.006663133689295719,5.244350917531726e-06,"{'511880.SH': 0.11977732635592923, '511260.SH': 0.20647133694782124, '511360.SH': 0.12798113616138135, '512890.SH': 0.5457649561839507}"
2026-06-02,5591419.734797183,29.307437184499577,0.0,0.0005435491301659656,5.241501903731189e-06,"{'511880.SH': 0.1197182137041409, '511260.SH': 0.20643347087980118, '511360.SH': 0.1279127366434319, '512890.SH': 0.5459303372707224}"
2026-06-03,5567750.688437184,29.307437184499577,0.0,-0.004233101337876466,5.263784034971922e-06,"{'511880.SH': 0.1202427010301205, '511260.SH': 0.20721662726314377, '511360.SH': 0.1284587690834191, '512890.SH': 0.5440766388392817}"
2026-06-04,5529596.743727184,29.307437184499577,0.0,-0.0068526675932593095,5.3001038851062974e-06,"{'511880.SH': 0.12108562130494378, '511260.SH': 0.20873074246495996, '511360.SH': 0.12935310351725163, '512890.SH': 0.5408252326089595}"
2026-06-05,5531827.664687185,29.307437184499577,0.0,0.0004034509320289814,5.2979664156180585e-06,"{'511880.SH': 0.12105003512575373, '511260.SH': 0.20855153845708937, '511360.SH': 0.1293191587595224, '512890.SH': 0.5410739696912189}"
2026-06-08,5545861.895327184,29.307437184499577,0.0,0.002536997081378445,5.284559503581102e-06,"{'511880.SH': 0.1207353006038924, '511260.SH': 0.20776083110198398, '511360.SH': 0.12899985854368148, '512890.SH': 0.5424987251909386}"
2026-06-09,5542009.074377184,29.307437184499577,0.0,-0.0006947199592630682,5.288233344835e-06,"{'511880.SH': 0.12081683215851584, '511260.SH': 0.20767731919120774, '511360.SH': 0.12909067639525648, '512890.SH': 0.5424098840216751}"
2026-06-10,5561873.021207184,29.307437184499577,0.0,0.0035842501452836295,5.269346688202261e-06,"{'511880.SH': 0.12038893407434685, '511260.SH': 0.20678774460772734, '511360.SH': 0.12863076831709455, '512890.SH': 0.544187283654143}"
2026-06-11,5534833.559747184,29.307437184499577,0.0,-0.004861574753127207,5.295089159977967e-06,"{'511880.SH': 0.12098429444924208, '511260.SH': 0.20758044944760357, '511360.SH': 0.12925006547670723, '512890.SH': 0.5421798955372872}"
2026-06-12,5561132.451257183,29.307437184499577,0.0,0.004751523460662321,5.270048401360079e-06,"{'511880.SH': 0.12040496613754072, '511260.SH': 0.20670703637711982, '511360.SH': 0.12862297495509165, '512890.SH': 0.5442597524818465}"
2026-06-15,5533517.956967184,29.307437184499577,0.0,-0.004965624273839397,5.296348075928613e-06,"{'511880.SH': 0.12100824332139615, '511260.SH': 0.20787495385312646, '511360.SH': 0.12926940972502965, '512890.SH': 0.5418420967523718}"
2026-06-16,5493665.1981171835,29.307437184499577,0.0,-0.007202065514185674,5.334769434901852e-06,"{'511880.SH': 0.12188971252006693, '511260.SH': 0.2096406769554714, '511360.SH': 0.130212904172822, '512890.SH': 0.5382513715822049}"
2026-06-17,5481918.809747184,29.307437184499577,0.0,-0.0021381696820595986,5.346200518765287e-06,"{'511880.SH': 0.12215332218517155, '511260.SH': 0.2102955853523789, '511360.SH': 0.13049651496626083, '512890.SH': 0.53704923129567}"
2026-06-18,5417564.057057184,29.307437184499577,0.0,-0.01173945746434124,5.4097075504483e-06,"{'511880.SH': 0.12361543683966653, '511260.SH': 0.2128140124708138, '511360.SH': 0.13205364855226273, '512890.SH': 0.5315114924297065}"
2026-06-22,5414984.735207184,29.307437184499577,0.0,-0.0004761036183116296,5.412284358614768e-06,"{'511880.SH': 0.12368416012060549, '511260.SH': 0.21287937026952578, '511360.SH': 0.13214330879782654, '512890.SH': 0.5312877485276836}"
2026-06-23,5424096.2197071845,29.307437184499577,0.0,0.00168264269347973,5.403192715869947e-06,"{'511880.SH': 0.12349235902680217, '511260.SH': 0.21224979121261792, '511360.SH': 0.1319526923950176, '512890.SH': 0.5322997541728464}"
2026-06-24,5375889.4401771845,29.307437184499577,0.0,-0.008887522930520975,5.4516443298606285e-06,"{'511880.SH': 0.12458735076551816, '511260.SH': 0.2143502222698279, '511360.SH': 0.13311133124352623, '512890.SH': 0.5279456440767979}"
2026-06-25,5343148.498547184,29.307437184499577,0.0,-0.0060903301666339615,5.485050095925341e-06,"{'511880.SH': 0.1253520251181702, '511260.SH': 0.21581809131891871, '511360.SH': 0.1339269908359409, '512890.SH': 0.5248974076768742}"
2026-06-26,5330865.778817183,29.307437184499577,0.0,-0.002298779405689455,5.497688068035045e-06,"{'511880.SH': 0.1256620888752962, '511260.SH': 0.2164004383798164, '511360.SH': 0.1342473867647799, '512890.SH': 0.5236845882920396}"
2026-06-29,5352974.635517184,29.307437184499577,0.0,0.004147329461539284,5.4749815158928e-06,"{'511880.SH': 0.12513436823622884, '511260.SH': 0.21578484576331258, '511360.SH': 0.13369409510210684, '512890.SH': 0.525381215916836}"
2026-06-30,5295275.239757184,29.307437184499577,0.0,-0.010778940624370237,5.534639061716361e-06,"{'511880.SH': 0.12650291337655128, '511260.SH': 0.21794864492689173, '511360.SH': 0.13516634501379018, '512890.SH': 0.5203765620437051}"
2026-07-01,5344931.915793113,151.3853031145045,20000.0,0.005600591979292302,2.8323149012842203e-05,"{'511880.SH': 0.12534135726228238, '511260.SH': 0.21561478463827968, '511360.SH': 0.13391648598648034, '512890.SH': 0.5250990489639448}"
2026-07-02,5364502.304751064,6901.1334310646635,0.0,0.003661485172547163,0.0012864443035009389,"{'511880.SH': 0.04163506865533251, '511260.SH': 0.3989076910536069, '511360.SH': 0.10590544429384185, '512890.SH': 0.4522653516937178}"
2026-07-03,5370756.920651064,6901.1334310646635,0.0,0.0011659265938726016,0.0012849461506122457,"{'511880.SH': 0.04159857148271693, '511260.SH': 0.3983396561691076, '511360.SH': 0.10579141979323149, '512890.SH': 0.45298540640433177}"
2026-07-06,5421628.946831065,6901.1334310646635,0.0,0.009472040334648879,0.0012728892918978467,"{'511880.SH': 0.04120374016568802, '511260.SH': 0.39492706868689315, '511360.SH': 0.10480429508775549, '512890.SH': 0.4577920067677655}"
2026-07-07,5404151.236331064,6901.1334310646635,0.0,-0.0032237009709447095,0.001277005977306793,"{'511880.SH': 0.04134316154921034, '511260.SH': 0.3962542637710915, '511360.SH': 0.10515712369030862, '512890.SH': 0.4559684450120828}"
2026-07-08,5440836.115551065,6901.1334310646635,0.0,0.006788277680568111,0.001268395754714934,"{'511880.SH': 0.041066445534239306, '511260.SH': 0.3937547063394714, '511360.SH': 0.10445269585967668, '512890.SH': 0.45945775651189763}"
2026-07-09,5407821.792531065,6901.1334310646635,0.0,-0.006067876759904278,0.0012761392101707316,"{'511880.SH': 0.04131222566330835, '511260.SH': 0.39624957261342497, '511360.SH': 0.10509037128126396, '512890.SH': 0.45607169123183194}"
2026-07-10,5425584.9530910645,6901.1334310646635,0.0,0.003284716331542814,0.0012719611785145764,"{'511880.SH': 0.04118392843018665, '511260.SH': 0.3949171463178888, '511360.SH': 0.10475736808363645, '512890.SH': 0.45786959598977345}"
2026-07-13,5454355.864831064,6901.1334310646635,0.0,0.005302822089922055,0.0012652517734609548,"{'511880.SH': 0.040964246751971016, '511260.SH': 0.3927787038490849, '511360.SH': 0.10421762240803224, '512890.SH': 0.4607741752174509}"
2026-07-14,5482970.959571064,6901.1334310646635,0.0,0.005246283053239376,0.0012586485469192677,"{'511880.SH': 0.0407451936053072, '511260.SH': 0.390656428643125, '511360.SH': 0.10367828029577442, '512890.SH': 0.4636614489088741}"
2026-07-15,5512630.151071064,6901.1334310646635,0.0,0.00540932857727916,0.0012518767343250522,"{'511880.SH': 0.04052637808770712, '511260.SH': 0.3886727081706554, '511360.SH': 0.10311865378626087, '512890.SH': 0.4664303832210515}"
2026-07-16,5487909.8797110645,6901.1334310646635,0.0,-0.004484297092776424,0.001257515808810622,"{'511880.SH': 0.04070933363281876, '511260.SH': 0.39038876177624054, '511360.SH': 0.1035867957857081, '512890.SH': 0.4640575929964219}"
2026-07-17,5499841.260351065,6901.1334310646635,0.0,0.0021741210955579238,0.001254787748296603,"{'511880.SH': 0.040631515736826135, '511260.SH': 0.3896688858076608, '511360.SH': 0.10336480147132687, '512890.SH': 0.4650800092358896}"
2026-07-20,5557833.704031064,6901.1334310646635,0.0,0.01054438499854049,0.0012416948398544763,"{'511880.SH': 0.04020315708221685, '511260.SH': 0.3856029399522353, '511360.SH': 0.1022835569167333, '512890.SH': 0.47066865120896006}"
2026-07-21,5531335.5854310645,6901.1334310646635,0.0,-0.0047677062703010975,0.0012476432363354517,"{'511880.SH': 0.04039575216309838, '511260.SH': 0.3875018616851759, '511360.SH': 0.10277355102035415, '512890.SH': 0.468081191895036}"
2026-07-22,5551071.073111064,6901.1334310646635,0.0,0.0035679425656220953,0.0012432075432240802,"{'511880.SH': 0.040257734987845434, '511260.SH': 0.386444570784021, '511360.SH': 0.10242077474993712, '512890.SH': 0.4696337119349724}"
2026-07-23,5564302.958191064,6901.1334310646635,0.0,0.002383663423820126,0.0012402512017980053,"{'511880.SH': 0.040162401350024836, '511260.SH': 0.3854856554714481, '511360.SH': 0.10218800167287288, '512890.SH': 0.47092369030385617}"
2026-07-24,5538829.638091064,6901.1334310646635,0.0,-0.004577989424982998,0.001245955171396662,"{'511880.SH': 0.040351519819813136, '511260.SH': 0.38749073494878156, '511360.SH': 0.10265796876828433, '512890.SH': 0.4682538212917244}"
2026-07-27,5550044.455291064,6901.1334310646635,0.0,0.002024762979325967,0.0012434375051690902,"{'511880.SH': 0.04026238106741094, '511260.SH': 0.38673063180490075, '511360.SH': 0.10244512536434842, '512890.SH': 0.4693184242581707}"
2026-07-28,5569880.262371064,6901.1334310646635,0.0,0.0035739906661629295,0.00123900929750452,"{'511880.SH': 0.04012657066075911, '511260.SH': 0.3852906635279177, '511360.SH': 0.10209016589486569, '512890.SH': 0.47125359061895294}"
2026-07-29,5594587.241431064,6901.1334310646635,0.0,0.004435818706358008,0.0012335375485715712,"{'511880.SH': 0.03995095012278826, '511260.SH': 0.38360899956062366, '511360.SH': 0.10164556837879227, '512890.SH': 0.4735609443892243}"
2026-07-30,5641034.016131064,6901.1334310646635,0.0,0.008302091413649793,0.0012233809282713465,"{'511880.SH': 0.039631058107557744, '511260.SH': 0.38075728899311356, '511360.SH': 0.10081307759779108, '512890.SH': 0.47757519437326623}"
2026-07-31,5636223.997231064,6901.1334310646635,0.0,-0.0008526839026754551,0.0012244249757381923,"{'511880.SH': 0.03966960730266266, '511260.SH': 0.38140058670061255, '511360.SH': 0.10091064519071902, '512890.SH': 0.4767947358302675}"
2026-08-03,5653964.115439399,1551.9618493996659,20000.0,-0.00040095670306494746,0.0002744909266688996,"{'511880.SH': 0.03954278187749427, '511260.SH': 0.38267557111685924, '511360.SH': 0.1026031980669754, '512890.SH': 0.47490395801200225}"
2026-08-04,5623296.468448729,59993.47868872987,0.0,-0.005424096503712339,0.0106687383504217,"{'511880.SH': 0.17888808269742604, '511260.SH': 0.3973825553281645, '511360.SH': 0.2083428299705486, '512890.SH': 0.20471779365343912}"
2026-08-05,5611728.158048729,59993.47868872987,0.0,-0.002057211542181303,0.0106907314465479,"{'511880.SH': 0.1792497296215725, '511260.SH': 0.39822231944625053, '511360.SH': 0.20879067321169154, '512890.SH': 0.20304654627393756}"
